Time,V1,V2,V3,V4,V5,V6,V7,V8,V9,V10,V11,V12,V13,V14,V15,V16,V17,V18,V19,V20,V21,V22,V23,V24,V25,V26,V27,V28,Amount,score_lightgbm,anomaly_vote_count,GERCEK_ETIKET_Class
170173.0,-2.14256887185063,0.800386869669493,-0.180269783583723,-1.80842184775278,-1.5745487006272,0.0943040012320942,-2.66608455636951,-3.32082193053205,-2.12099589874505,1.11413163531397,-1.20917030937136,0.30119072078104,2.07141110639132,-0.12472377861515,-0.10798590321744,-0.721524461165325,1.35676276189631,0.154345013685854,0.669686780524971,-1.40047284426375,3.83427722469187,-0.798771372306065,0.271571204995636,-0.0827282913320004,-0.673694619282414,-0.052284036172469,0.215604702742306,-0.076928800751256,10.2,1.0,1.0,0
169966.0,-3.11383160738512,0.58586417180689,-5.39973021073242,1.81709247345531,-0.840618465991056,-2.94354779071974,-2.20800192003372,1.05873267723056,-1.63233334974982,-5.24598383776964,1.93351953683592,-5.03046479695456,-1.12745457501155,-6.41662797597451,0.141237234328704,-2.54949823633632,-4.61471706851594,-1.47813794126038,-0.0354803664667244,0.306270740368093,0.583275998701341,-0.269208637986581,-0.456107772584008,-0.183659129549716,-0.328167759255761,0.606115810329683,0.884875539542905,-0.253700318894381,245.0,1.0,8.0,1
169568.0,-0.45460916627728,0.481460593084561,0.912672986221267,-0.677461409745544,0.439780050417419,0.050484000003437,0.253841803034776,-0.0261349493360024,0.687676645440611,-0.674290894582875,-1.35128459087013,0.582207924967075,1.2471263946665,-0.610033229430608,-0.0658344669808458,0.0667130923291375,-0.833013615681309,0.40401680212424,-0.263143759814134,-0.109855069619707,0.396984294354426,1.29557126283304,-0.161877403342565,0.540986573463189,-0.63728094995658,-0.335444045900253,-0.0174190975124758,0.290651562945168,15.09,1.0,1.0,0
169347.0,1.37855899734127,1.28938093711056,-5.00424678441137,1.4118498419441,0.442580635567782,-1.3265359338336,-1.41316995590712,0.248525467627175,-1.12739593417081,-3.23215317539514,2.8584658156696,-3.09691489835154,-0.792532436177748,-5.21014084572584,-0.613803263850514,-2.15529688535221,-3.26711568106648,-0.68850546268346,0.737657217477667,0.226137945500703,0.370611857232494,0.0282344454140697,-0.145640429197154,-0.0810494069107769,0.521874501959455,0.739467256056059,0.389151843520624,0.186636547522687,0.76,1.0,8.0,1
164848.0,-1.58179815674488,-1.47793947054003,0.125034939068701,3.42709573915759,-6.79026639350999,5.31780026049799,5.83950564208075,-0.357979421677225,-0.0166884869713781,-0.617251620049223,-0.661458686586114,-0.187253976809961,-0.812959752121961,-1.27856844147634,-3.70492845204654,1.77977297966114,-1.14115425791244,0.800564994559482,-2.00897628788164,-0.129766069719989,0.186897666977084,1.10962342719827,1.22662225047093,0.0876677140761244,-0.880460806985199,-0.185940351544704,0.727431379858477,-0.242988898303741,1573.76,1.0,6.0,0
163385.0,1.81728060792024,1.43378037683888,-3.19215101095833,4.34309466601789,2.02893331000977,-0.722842895584706,1.04963749840901,-0.341760820277053,-1.46152133557497,-0.4515723186087,-0.37511047866093,-0.659532848610308,0.89321332864649,-4.3983555319316,-0.933250057723151,1.88265223016317,2.70994119355564,1.21013112468384,-1.77111087288351,0.0667766022098778,-0.252240557791816,-0.693007572359431,-0.145729140597982,-1.14706465715619,0.322430051687271,0.0604149724153855,-0.012133708064324,0.0472778644134619,83.44,1.0,3.0,0
163181.0,-5.23880773573245,0.623013013517624,-5.78450659224569,1.67888930740175,-0.364431871608896,-0.477294697773818,-4.27613150437269,-0.695172912010584,-2.97164438627248,-5.52913123107677,1.77950450310136,-4.83615901427864,-1.20899187512247,-2.90118981074214,0.281878305641659,-5.53954431982868,-7.2909602133188,-4.89776603568321,-0.30860899195249,-0.203269802188999,-0.326139919163346,1.50923868732044,-0.215966267193936,-0.245726907285863,0.893041276540073,0.865758089249014,0.854657016693772,-0.964482422283343,39.98,1.0,8.0,1
162400.0,-1.24482804420945,3.26877523480004,-3.09974833169651,3.56750387068298,3.48537315628027,-2.33679154933827,1.82791068654943,0.097760927541064,-2.92913693635593,-3.03057994953189,0.968956865767257,-2.26839661104076,-0.814967363467021,-7.35581225601327,-0.532874105596811,3.39966090812535,5.68121249806944,3.12113242423982,-3.43838094366241,-0.0257101126368282,-0.166197950329805,-0.821612061262587,-0.556405252283026,-0.810008518959776,0.540336183727042,0.0627331108545686,0.0051799752868177,0.151319716082814,0.77,1.0,8.0,0
161587.0,1.49593063798101,-2.19027314612053,-1.83283918946365,-0.681645628057607,-0.0897131493996311,1.62717134128181,-0.647330990192055,0.36621917212517,0.397070625860482,0.380270481057457,-1.20689861058224,-0.895519229756946,-1.3002184931373,-0.175053744338169,-0.159887442918707,-0.838090139369717,1.7889445621286,-2.99571167144098,-0.456162765926007,0.312815479082915,0.684853795826783,1.74837182919281,-0.359832071420369,-1.96892472144827,0.108432100172743,0.440528532226689,-0.0067026207925759,-0.0462864377464661,300.0,1.0,1.0,0
161154.0,-3.38760102859385,3.97788074139497,-6.97858506511079,1.65776584508859,-1.10049973277578,-3.59948697320315,-3.68665071042962,1.94225222492139,-3.06508926692316,-7.50955747436829,2.98962640655731,-5.99363242425938,-0.164740077677312,-8.38844296921614,0.0421289980360236,-4.13750050093113,-6.1039030730781,-1.9729278028075,0.434072536887008,-0.0043005898337158,1.043587159264,0.26218867442789,-0.479223920984096,-0.326638199739289,-0.156938590387884,0.113806571374194,0.354124259953911,0.287592125204715,0.38,1.0,8.0,1
160870.0,-0.644277679025173,5.00235242592827,-8.25273876012125,7.75691471173633,-0.21626731754316,-2.75149611755953,-3.3588573150418,1.40626809118347,-4.40385171690245,-5.94563397292191,4.47590467269415,-7.60726146360792,-0.160723119948911,-13.0107493697978,1.09438181918719,-2.86403911817187,-2.87134152887014,-0.180613560248759,0.647708880496559,0.816557858909547,0.587727519791778,-0.605759173274255,0.0337455457845425,-0.756169511485339,-0.0081716252537439,0.532772006004636,0.663969504849476,0.192066835389178,0.77,1.0,8.0,1
160665.0,-0.417339782403896,4.70005527392636,-7.52176682774885,7.67188445074794,0.260821237608046,-2.64669254023638,-2.85443216153232,0.95878310270126,-4.5885358926682,-6.12071508667922,4.54849458373201,-7.83625279832226,-0.242674770748528,-13.2025053438681,1.0924415991984,-3.04086255242532,-3.00895800089691,-0.159966953690891,0.78808629554402,0.832034789370246,0.622200356085823,-0.437708334187294,-0.0903582898025547,-0.742802157670925,-0.312360714129117,0.502574976363589,0.8213902873783,0.37237881708533,0.77,1.0,8.0,1
160537.0,0.567539266873172,3.30938527728796,-6.63126848884588,6.39457369583463,-0.0541723256891658,-2.39653528063935,-2.79248887303506,0.514811021472804,-3.54178025732386,-5.33475387061743,3.61873721262172,-7.10148829773798,-0.442125291870087,-11.0816168429851,-0.813721638541621,-3.30289861059986,-5.84890261106356,-1.85063546419134,-1.01863859540215,0.555411780502512,0.614220932245907,-0.365047253101859,-0.180408542452136,-0.52327142948781,0.645054313073713,0.246465837556682,0.902675054512292,0.47357149999817,4.69,1.0,8.0,1
160517.0,-1.70232928972774,-0.51426683996888,-4.30961397441914,2.92797284072548,-14.3691365880695,11.1068393817022,15.4581321539182,-2.66437100418166,-1.54855052337691,-0.823099796789833,0.023240434150851,-2.31688503511138,-0.907937930007797,-0.627411912650346,-0.183706603949306,3.46933801742906,-2.42141455922166,1.12971873362693,-1.67634771726157,-3.03372455719238,-1.07178612820087,0.822321843852891,0.0257514255567052,0.103125650488233,-0.324874459109785,0.0185197050562043,2.09969085321368,-1.58573817417772,3320.87,1.0,6.0,0
160243.0,-2.78386548658584,1.59682357624614,-2.08484398883683,2.51298558446866,-1.44674856585353,-0.828495614406621,-0.732262192061793,-0.203328860039345,-0.347045718430565,-2.16206139007752,1.96612345703981,-3.12745594474482,0.506574101009247,-5.92613104122097,0.931090795564338,-2.49930719432672,-3.71275186652084,-1.1421334371849,0.626240855695279,-0.515000920121256,0.203563419764299,0.29326788153054,0.199568287904264,0.146867632313486,0.163601884592709,-0.624084665941504,-1.33309975919931,0.42863399433625,156.0,1.0,8.0,1
13331.0,0.240089947978329,4.27254380365396,-8.59386797144666,5.16417197749557,3.81297830151556,1.5711250920538,-0.660037950616548,2.08199061981304,-1.14553712582156,-1.25992674657547,2.4598104008501,-4.05055896494554,1.38637181115659,-4.85576159606745,0.202411082766383,2.66380431439149,7.57352262462532,4.071328561655,-0.722134973930187,0.12141496084781,-0.1439085093098,-0.392725683849223,0.428115621147096,0.253856447669015,-0.743801344787636,0.439610451157869,-0.232264041991536,-0.168224928453322,1.0,1.0,7.0,0
13323.0,-5.45436177939673,8.28742055534983,-12.7528112729386,8.59434189301081,-3.10600228114338,-3.17994875686414,-9.25279393795831,4.24506220985367,-6.32980084623466,-13.1366983691039,11.228470279576,-17.1313009454468,-0.169401056814124,-18.0499976898594,-1.36623566099065,-9.7235653091894,-14.7449024646768,-5.24730110631125,-0.574675143795817,1.30586191483437,1.84616479291417,-0.267171794223081,-0.310803969751621,-1.20168545799806,1.35217609502433,0.608424596360403,1.57471478384204,0.808725205090233,1.0,1.0,8.0,1
13126.0,-2.88004235163471,5.22544230971559,-11.0633302799459,6.68995065770063,-5.7599239886738,-2.24403079081521,-11.1999752166959,4.01472180864313,-3.42930426351801,-11.5619497720699,10.446846814514,-15.4790524832016,0.734441608104148,-13.8837785491112,0.821439545395249,-11.911483017197,-18.1030037037729,-6.83783453880068,3.12692935212663,1.19144396640797,2.00288287701632,0.351102064721284,0.79525514045211,-0.778379381413672,-1.64681511254223,0.487538823287331,1.42771309550336,0.583172486219188,1.0,1.0,8.0,1
12597.0,-2.58961719821269,7.01671438495857,-13.7054072869097,10.3432280604117,-2.95446103475574,-3.05511578527804,-9.3012886151434,3.34957336071614,-5.65421202641103,-11.853866972601,11.6692047358121,-17.2286622386187,0.0555715664836118,-18.4937733551053,-0.304172113519045,-10.6294973901353,-14.4412111342765,-5.10548646597228,1.2702262705049,1.48885519236896,1.88773772551451,0.333998184533223,0.28765904061745,-1.18640640906644,-0.690272670076388,0.631703772210546,1.93422076005943,0.789687172212655,1.0,1.0,8.0,1
11641.0,-0.504072071626221,3.92313931091592,-5.85040335646373,3.44528984259088,5.05879578306738,1.71352275252602,0.875244901318754,1.26681117175711,-1.78606376469451,-2.68448303039318,2.53574551419757,-4.62363740184102,0.914330257885892,-5.42977154131222,-0.751462025060727,3.16236893354964,6.62779776882387,3.83271179149416,-2.45888753436047,-0.0062009647045201,-0.288041576444819,-0.883718722825093,-0.436483793070779,0.256158176944393,1.05915434597913,0.40618021324847,-0.263792863924635,-0.0810231419144701,1.0,1.0,7.0,0
11131.0,-1.42662331260887,4.14198623236944,-9.80410344235714,6.66627300324451,-4.74952679326515,-2.07312900595144,-10.0899311630826,2.79134529885187,-3.2495156171301,-11.4204509744097,10.8530116481991,-15.969207520809,0.546690084634152,-14.690729133641,0.91233739988339,-12.2271892780267,-18.5873662058916,-6.92076186060174,3.16699890688552,1.41067765264616,1.86567876848945,0.407809281593599,0.605809354312964,-0.769348118123441,-1.7463368287861,0.502039516709683,1.9772583297728,0.711606531209485,1.0,1.0,8.0,1
11080.0,-2.12548982597957,5.97355569173344,-11.0347272274446,9.00714687170235,-1.68945053397167,-2.85441528535313,-7.81044074525876,2.03086994595841,-5.90282812214984,-12.8409338181318,12.0189131816199,-17.7691434633638,-0.431035658230095,-19.2143254902614,-0.962464574748091,-10.2666091836641,-15.5033921000669,-5.49492764246329,-0.410480977392724,1.49377464554928,1.6465182926595,-0.278484510810644,-0.664841293974353,-1.16455536944202,1.70179641354046,0.69080561470369,2.11974873337031,1.10893340333617,1.0,1.0,8.0,1
10734.0,-1.15355279755832,1.09635918614786,2.17140722905726,2.5169239171312,1.42689383755271,2.23015889083773,0.550503413112667,-0.0528357515917178,0.50292344453283,1.77014048761343,3.37428989033018,-2.39523926438921,1.08402270343924,1.29040932873552,1.1464079837011,-1.33836133031082,1.33551787953989,-1.34423647533755,-0.583670832844816,0.222156025356588,-0.369662299129265,-0.0149521372681145,0.241196566028474,-1.12787313739763,-0.797110564778376,-0.073570430286972,-0.347096439001809,-0.38577947944367,6.05,1.0,3.0,0
8886.0,-2.53585211738111,5.79364414692454,-7.61846283574893,6.39582974649419,-0.0652101046678037,-3.13637196409103,-3.10455736262141,1.82323263760971,-3.87865758023391,-7.29780335001461,7.07166913682445,-10.001046368327,-0.207934540884304,-10.8606980453666,-1.69082504118249,-2.36085672411086,-2.76009701528795,0.29810341564323,-1.38555780172735,0.408704184487524,0.716719907055995,-0.448059938458541,-0.402406878680357,-0.288835222564699,1.01175223958707,0.425964621387216,0.413139555823146,0.308204656968305,1.0,1.0,8.0,1
8878.0,-2.6618021745564,5.8563932148043,-7.65361621324071,6.37974188053221,-0.0607121191362683,-3.13154973153662,-3.10356974550479,1.77849156945338,-3.83115371623455,-7.19160424618226,7.10298858788516,-9.92869994299538,-0.0674983775194601,-10.924186865147,-1.69791397714032,-2.37942098527078,-2.77511389701838,0.273798971252603,-1.38218756352589,0.399096860264863,0.734774950378595,-0.43590118187623,-0.384765904180568,-0.286015663843443,1.00793382365812,0.413195532462339,0.28028415690056,0.303936550639395,1.0,1.0,8.0,1
8757.0,-1.86375555343732,3.44264397684973,-4.46825973145511,2.80533625940251,-2.1184124774924,-2.33228488731467,-4.2612371974404,1.70168184397858,-1.43939587542941,-6.99990663386522,6.31620967716699,-8.67081800476226,0.316023991908777,-7.41771206475053,-0.436537471366146,-3.65280196004741,-6.29314531907376,-1.24324829133852,0.364810482193887,0.36092400372093,0.66792657242141,-0.516242362128804,-0.012217811746839,0.070613703103445,0.0585044669560628,0.304882839588584,0.418012467185258,0.208858278145839,1.0,1.0,8.0,1
8570.0,1.2842302574401,-0.863518176495322,1.0799883152108,0.030660590273464,-1.68298065767028,-0.599787508253224,-1.07656711246722,-0.0274894185622341,1.60302504258139,0.0486900547541877,-0.000963271649466,-3.60300795309454,-0.323300544606518,0.957481321172965,-1.73310241477105,0.338629415250669,1.8519009971424,-1.26681312551238,0.726386722389243,-0.083347313036148,-0.0645615828212584,0.154127219003777,-0.0621947232568922,0.672858721767242,0.499257425979774,-0.147079768626363,-0.0043595958702181,0.0128983100691143,37.1,1.0,1.0,0
20011.0,-14.7246270119253,7.87515679273047,-21.8723173644566,11.9061699078901,-8.34873369160876,-2.26284641969245,-15.8334427819606,0.0778736741759969,-6.35683349086288,-13.2616517082667,10.0637897462894,-14.3947668016721,0.654888723464231,-14.2483158270781,-0.305360761401071,-8.16163244506225,-12.2809648581754,-4.81858639342974,0.719787682108791,0.996468755724792,-2.36234492751884,1.09955729576975,1.03719942301307,-1.03635934178889,-0.254776514154375,0.642343201018144,2.16112922373151,-1.40128201963858,1.0,1.0,8.0,1
19762.0,-14.1791651073631,7.42136996239257,-21.405835744128,11.927511869244,-7.97428068736155,-2.20271027666529,-15.4716122801735,-0.356594909586509,-6.38012489838839,-13.3482776536659,10.1875873241664,-14.5639797552132,0.59375935763569,-14.4915983463022,-0.281392503951236,-8.2641288443605,-12.4398049728466,-4.83707902601307,0.753149847889189,1.00276434172175,-2.36683606243662,1.13095519799655,0.991153238179024,-1.03313210707298,-0.327179344936207,0.634692903522304,2.17190494464567,-1.39528768393339,1.0,1.0,8.0,1
18690.0,-15.3988450085358,7.47232389650112,-19.0269123426632,11.165525840514,-6.89385628014845,-2.12093657486019,-14.9133299850456,-0.721214094320184,-7.1750966153358,-14.166794659606,10.2777688628065,-14.9854337328686,0.345179234077653,-14.6663889726541,-0.346352541965346,-8.33324249555463,-12.6025964553952,-4.87668342078337,0.604625910708604,1.11150221461014,-2.44488368228,0.727495341024629,-0.345078151264077,-0.981748551471828,0.995271346300177,0.816761717958274,2.26294237384391,-1.17806316323334,1.0,1.0,8.0,1
18675.0,-12.3396031574122,4.48826730168204,-16.5870729373632,10.1072738734101,-10.4201989827431,0.130669811857349,-15.6003233044816,-1.15769598093331,-5.3046309683427,-12.9389293107706,8.80568196718575,-13.5561301301468,1.16546376028499,-9.80988150207055,0.369987279150665,-9.50521044515487,-17.5420303090874,-6.79263778723153,2.06937744931751,-0.0855014634055812,-2.0896096332232,1.74531450014405,1.37681580939778,-0.554271418366818,-1.61074085196174,0.153725444536768,1.2124772080589,-1.86929047595671,188.78,1.0,9.0,1
18399.0,-14.4744374924863,6.50318451651946,-17.7126323688621,11.2703523334822,-4.15014206409808,-3.3720982088695,-16.5358068114174,-1.4439469925952,-6.81527289964437,-13.6705451263516,10.5452629545898,-15.0226996343749,0.171633085144947,-15.0663743633461,-0.259575939555838,-8.6687392723375,-12.8041408991277,-5.11662049533788,0.579200358016368,1.10124987016838,-2.47596222945688,0.342390706034285,-3.56450803816097,-0.81814019000188,0.153407682695978,0.755079460824454,2.70656616161759,-0.992916047059418,1.0,1.0,9.0,1
17838.0,-5.18787810836635,6.96770866359565,-13.510931139095,8.61789514115238,-11.2144223939458,0.6722478387604,-9.46253281088355,5.32870420774381,-4.89700552817542,-11.7868116556041,9.36907905765884,-15.0941631493865,1.25637700700759,-11.8521613037824,0.274429814172421,-10.6882417917386,-18.3888105354245,-6.89884013301839,2.38280793552097,-0.623737291574186,2.08608300107406,0.760190240866359,0.716805785858217,-0.646743429628277,-1.61704292571624,0.172346889503238,0.626646780979254,-0.169726031129409,766.36,1.0,8.0,1
17520.0,-5.26805322089363,9.06761342731767,-15.9607281345144,10.2966027898053,-4.70824109122294,-3.39537485177836,-11.1610570028797,5.49996263444947,-5.66737554592835,-11.6271935556579,11.0270590938161,-16.3880541668327,0.363921486512734,-17.230202160711,-0.437487559248993,-10.1223919213552,-13.6392089915234,-4.98645725844229,1.12678437819631,1.45587819528,2.00410994522741,0.191058399384387,0.622927669875126,-1.20926355739155,-0.374798862642666,0.64879803679546,1.58469734677224,0.720055870245492,1.0,1.0,8.0,1
17044.0,-1.68695459672537,4.08124898223913,-7.77053807976854,5.56523954204705,-3.70160222851629,-3.1249158825629,-7.84860608810054,1.74821666624462,-3.27051148197076,-11.208722820105,10.0021902173471,-15.1449882216973,-0.213781565242229,-13.7803774903028,-0.459419511202153,-10.0531122447564,-17.0984442134069,-5.36665995636776,1.66171938384487,1.29963772793112,1.39314209766654,-0.543607593004903,-0.31785513959719,-0.0155273696765162,1.17895464688145,-0.205648592661351,1.91196712494943,0.950716341513942,1.0,1.0,8.0,0
15842.0,-1.14080516166824,1.36498753703423,1.70556919570186,-0.332467669480629,0.338780472201947,-0.155694945029087,0.982181156765825,-0.556155298240558,1.93249894557291,1.2661548492324,2.76886025251985,-2.51811416986601,0.508535637907998,1.10027101099701,-0.157598718190839,-0.3484430009677,0.14753269593973,0.0324340374391764,-0.442052826105854,0.515616858362218,-0.302927711142454,0.0742077751116805,-0.0738706878623471,0.157594455517176,-0.491954311053393,0.184607242821287,-0.123495508595207,-0.31160278085985,9.99,1.0,1.0,0
14073.0,-4.15301449873357,8.20479650456012,-15.0317142097481,10.330099825448,-3.99442609736294,-3.25001318447365,-10.4156978119079,4.62080391044331,-5.71124797098224,-11.7971810675777,11.2779207278067,-16.7283393320915,0.2413676825577,-17.7216383537133,-0.387299923381284,-10.3220166783853,-13.9590853730538,-5.03071003831832,1.19726633504633,1.41262488019492,1.97698839609887,0.25651048717528,0.485908106513804,-1.19882131436036,-0.526567394687845,0.634873502483478,1.62720907623952,0.723235068518316,1.0,1.0,8.0,1
26217.0,-17.9506309618309,11.0670686608049,-20.7426595223452,6.07553050760549,-13.3897649672385,-4.53288835377002,-15.1881457975285,12.1010620553144,-4.02687989330881,-9.01741297442937,6.07064975176212,-8.56786450085983,-0.0019002661806679,-9.30123300164911,0.0197959820179134,-7.35212004645984,-13.923225303931,-4.98830380644959,1.34765631107896,1.71290938237055,1.7971341252338,-1.27567465936041,-0.705045810296498,0.102039840024336,1.17747721389029,-0.23873007615266,1.55446335204436,0.547947820129286,1.0,1.0,7.0,0
25394.0,-0.818540373551823,1.09784584775003,1.19111097205268,2.36267040131454,1.36626964823545,-0.139986088419025,0.739743199440967,-0.0716426944421232,-1.73176133349133,0.625954190722287,-0.651779394332684,-0.375940705461985,0.277157677510869,0.422269426994435,0.841667833957087,-0.372951166781779,0.0436497295664602,-0.577477395667373,0.0661857963126691,-0.0164720184677686,0.0866184817004698,0.240595447407072,-0.342196597613718,-0.248369830941316,0.154185594224336,0.230851357519355,-0.0105243717973778,0.105320450477025,3.96,1.0,1.0,0
25254.0,-17.2751911945397,10.8196653713117,-20.3638859739149,6.04661174671427,-13.4650333517322,-4.16664724489873,-14.4094479851747,11.5807967244857,-4.07385571204177,-9.15336803834587,6.21088301172371,-8.77857203246194,-0.0613674966661798,-9.57466229922106,0.0492885399107771,-7.41848727872681,-14.1027718764864,-5.01642333521081,1.39031436050276,1.54497046707519,1.7298040916597,-1.20809608165502,-0.726839224163999,0.112539673508366,1.11919347248491,-0.233188990129274,1.68406299250578,0.503739738280361,99.99,1.0,8.0,1
25231.0,-16.5986647432584,10.5417508026636,-19.8189818085279,6.0172946473619,-13.0259010501237,-4.12877900260013,-14.1188648469369,11.1611439952369,-4.09955143059712,-9.22282550730978,6.32936467621872,-8.95219071159749,-0.138363691274054,-9.82505442102721,0.0572235922374037,-7.54168742379503,-14.2595985921417,-5.03505152375192,1.43226792970939,1.53491982113512,1.72585282658181,-1.15160577552799,-0.680051901875725,0.108175914514646,1.06687834149611,-0.233720431391328,1.70752055210726,0.51142316911239,99.99,1.0,8.0,1
25198.0,-15.9036352020113,10.3939171427504,-19.1336024646827,6.18596883540498,-12.5380209157442,-4.02703044708406,-13.8978265981985,10.6622517826007,-2.84495398482036,-9.66878891236125,7.39441941053863,-11.6356300484755,1.42327692545531,-8.64045910049478,-0.674719538892936,-7.69556878829619,-13.6841395944616,-4.77740603940726,1.26834277321029,1.50156541071894,1.57754822493456,-1.28013712313136,-0.601294526869194,0.0404039214626868,0.99550197117886,-0.273742711729157,1.688135896398,0.527830799573719,99.99,1.0,7.0,1
22873.0,1.00173368372317,-0.0111167468374136,0.688955045374373,0.909830921808102,0.204111137457226,1.20195068490457,-0.393614311850759,0.3311151570927,1.63339714601288,-0.776133048928927,1.6184342372458,-1.28989504237444,1.96261723468992,1.41057767286887,0.0652481753253782,-1.69439124183431,2.05921022207262,-2.54844932791951,-1.66580011336333,-0.253627114573854,-0.228335551264282,-0.0823704121987199,0.175902291987671,-0.638599891616008,0.0847922670837967,0.33557555528507,0.023599568128925,-0.0016680772643155,19.31,1.0,1.0,0
21662.0,-18.0185611876771,10.5586001882538,-24.6677412485732,11.7861803616399,-10.564656569212,-2.64568119936245,-18.02346767268,2.69365540308048,-6.21946362785238,-12.7447607871859,9.31813768535999,-13.3778574339457,1.02192386777466,-12.7843458873548,-0.451145843251939,-7.55136493140559,-11.3259968724596,-4.70125277749548,0.516317073274611,1.00770320533757,-2.31947946208034,0.908838783150801,1.35290370698024,-1.05922233762791,0.185750941504222,0.687037383632165,2.07808058379956,-1.42951702264525,1.0,1.0,8.0,1
21419.0,-17.4677100117887,10.1148157246654,-24.2021422329158,11.8054692105913,-10.1980458075926,-2.5799380080012,-17.6567879964837,2.25690247596699,-6.24214930949065,-12.8306571996417,9.44266526535108,-13.5474858999444,0.960728558325579,-13.0287170264518,-0.426674498701321,-7.65266166506753,-11.4853277896478,-4.72136957553102,0.550519004149565,1.00151850195952,-2.32802441621057,0.940830319350178,1.29681706144136,-1.05510390359967,0.11179202805362,0.679694612203418,2.09354057112569,-1.42549145377361,1.0,1.0,8.0,1
20871.0,0.829120641812851,-0.898553996479039,0.955751568325818,-0.334532047406505,-1.32356737638303,-0.409278268933837,-0.53776554279951,-0.0449630520711588,3.06225334200955,-1.54461023620929,0.988708256449946,-1.60730682235832,1.5935621103946,1.33106583584757,0.775235212406161,-0.816105763526132,0.982190551333843,0.0751857788164904,-0.278100905471617,0.171608952002208,0.142816226207524,0.548190098128912,-0.206544356726312,0.390979872635401,0.390262587850425,-0.464065808857227,0.0413275066258652,0.0569605664644514,185.86,1.0,2.0,0
20823.0,-5.37389915115034,5.53730585200481,-10.4518125335075,5.83100774657091,-5.20951179789955,-3.6582378731192,-9.52690553730044,3.99678797842864,-3.22494836618762,-10.7522066985195,9.28633660854299,-14.3679714993334,0.213304031873938,-12.6126594432727,-0.525823872740531,-9.66398303771943,-16.1787981817088,-5.07583921017045,1.92256672918654,1.46126992461152,1.55085414061927,-0.446762140895266,-0.0807661456448245,-0.0195813560548869,0.104115519788895,-0.304290343847496,1.95487567115366,0.686026942465869,1.0,1.0,6.0,0
20451.0,-15.8191787207718,8.7759971528627,-22.8046864614815,11.8648680803607,-9.09236053189517,-2.38689320657655,-16.5603681078199,0.948348594786058,-6.31065843275059,-13.0888909176936,9.81570317447819,-14.0560611837648,0.777191846436601,-13.7610179615936,-0.353635939812489,-7.95744722625995,-11.9629542349435,-4.7805077876172,0.652498045264831,0.992278949261366,-2.35063374523783,1.03636187430048,1.13605073696052,-1.0434137405139,-0.10892334328198,0.657436778462222,2.13642447085514,-1.41194537483904,1.0,1.0,8.0,1
20332.0,-15.2713618637585,8.32658106147414,-22.3385905133352,11.8853128922128,-8.72133435613386,-2.32430694897567,-16.1964186599881,0.512881820424485,-6.33368515594745,-13.175198078736,9.93981974172569,-14.2254557039818,0.716033665192873,-14.0047761755606,-0.329447848153274,-8.0594194070953,-12.1220088158237,-4.79971013254961,0.686227163597458,0.993121017282391,-2.3568962794623,1.06801917704623,1.08561716724338,-1.03979707801119,-0.182006136246673,0.649920860777984,2.14924707788821,-1.40681133211222,1.0,1.0,8.0,1
160034.0,-2.3493399641893,1.51260401518904,-2.64749719609623,1.75379247237301,0.406327950335496,-2.18849400496996,-0.686934747748875,-0.547984409288573,-0.0995281132954432,-1.67234597814111,2.17297610055437,-3.10347667138871,0.217560544573622,-6.03440257566619,0.164400705894815,-2.38382603356602,-4.16647877527802,-1.77239694698232,-0.526280794204029,-0.0934214753719124,-0.0885194213942628,-0.595178282040403,0.258148130014773,0.0619011334336728,-0.35418019381022,-1.15267106612603,-0.736072755373029,0.733702732493917,4.9,1.0,8.0,1
159120.0,0.427754445743423,1.84686948923967,-0.622671917797506,4.41282621107413,0.652327112680748,0.453223800736728,0.219872427538366,0.332779965233625,-2.02314068183941,1.91943143820942,-1.06224427294457,-0.0175525620215137,1.48000657262806,0.468715173096432,0.717916303533399,-0.0514939742340187,0.0253535274444225,0.0987695399304639,0.680529135980765,0.151867163702474,0.378333289276787,1.17721363908978,0.164066500541284,0.641201743856971,-0.97728203308196,0.359600090159752,0.123379568312389,0.0640415544843908,1.51,1.0,1.0,0
158279.0,-3.02223466842528,2.12915356446283,-1.9382845121694,1.12343198727173,-0.211481777436567,-1.3162759305136,-0.233643804117471,1.38702468051558,-0.34572287781669,0.370365745451063,-1.82119705775941,-0.0847793306146719,-1.13368929390335,1.63780867235071,-0.198481345220647,-0.658011986129741,0.82591644981436,-0.136369083817874,0.807685633273274,-0.711255649195304,-0.0103655002736705,0.55839770374358,0.52169968953623,-0.101656010428029,0.395941993098445,-0.31801935240687,0.279052258335422,-0.0099496925109331,0.49,1.0,2.0,0
155662.0,-1.92861326665902,4.60150558710842,-7.12405297794577,5.71608803673092,1.0265785454506,-3.18907306708797,-2.26189690158112,1.18509635557546,-4.4419416151592,-6.64615382952148,3.8278680907164,-6.51864882248249,0.25113654845891,-12.4567059527055,-0.649166482109423,-1.28314500024635,-2.71855972503703,-0.0854660890712058,-2.09738547120766,0.328795983029392,0.602290585417557,-0.541287465014078,-0.354639278954951,-0.701492058320209,-0.0309729820836431,0.03406987758686,0.57339303199888,0.294686316081238,0.77,1.0,8.0,1
155554.0,-1.04006722316026,3.10670266443901,-5.40902719870311,3.10990342442989,-0.887237039790953,-2.49752183582566,-2.07334746311485,0.639818099305764,-3.01333057190308,-5.9548382969224,3.58639450927204,-5.51714762692598,0.683652475018798,-8.5604228759795,1.85609491585409,-4.87824808848093,-4.33599801203682,-1.3771910852015,3.0573817418767,1.05439010295385,0.773960867519738,0.214868420362258,-0.184233022038014,-0.284091370881042,0.493466608549931,0.732328821135949,0.675066703315442,0.337076231470716,94.82,1.0,8.0,1
155535.0,0.711155481810016,2.61710490740972,-4.72236322125,5.84296995871769,-0.600179298610849,-1.64631317703679,-2.78519836554505,0.540367735499417,-3.04402909749745,-3.92650993997042,2.75783745850663,-5.43735368941346,0.546878907367748,-8.39657296658687,-0.810715738936796,-3.01429397773507,-6.64248226272335,-2.58402822440731,-0.820354414754465,0.46103194379752,0.360500881641394,-0.865525509838014,0.139978107568553,-0.336237870703344,0.128449337645535,-0.155645815012462,0.799459945626899,0.392170236404553,3.9,1.0,8.0,1
155359.0,-1.067713272294,5.26231210944906,-8.4385670664835,7.31648729995658,0.0082535729164869,-2.12593631959976,-3.3070357352934,1.86983752340028,-4.52258362448849,-5.17281182346005,5.59112619350265,-5.64041745782421,0.784510038605689,-12.0438056158463,0.353814874886981,-1.92055816814255,-1.87992827944447,0.679751299229409,0.797641375455208,0.821404548671474,0.547789786518153,-0.491959821843257,0.0559141341245579,-1.14536853471475,0.0689513455242996,0.535054734945035,0.539263072143882,0.124255055772618,0.77,1.0,8.0,1
155054.0,-0.512348993642627,4.82706041999945,-7.97393924909553,7.3340585164719,0.367703644775346,-2.0551290853684,-2.93585569967936,1.43100813095171,-4.54472224374179,-5.25809597551632,5.71631869503674,-5.81040712597652,0.723292646283101,-12.2891333850899,0.378773196301938,-2.02073438121173,-2.03970261739192,0.658182927257658,0.832574035012694,0.804101330337598,0.535619750720892,-0.459495920284509,-0.0093636678425974,-1.1404357941897,-0.0064452687432379,0.527970329614587,0.55888099608345,0.126516761960086,0.77,1.0,8.0,1
155008.0,-0.341244239286333,0.0090092409187118,1.54707987105401,0.655261872362378,-2.58417965349627,0.254001245741546,1.07189053453189,-0.407203687260513,-1.36213476714786,0.474946205205789,0.0982299907754275,0.364090222983309,1.71663781214711,-0.322666315465281,1.97739211710952,-2.55181801973666,0.788626101082554,1.72926575366961,1.26255578722853,-0.0659124252097368,-0.0041891455894664,0.768378386804783,0.199554045719883,0.979372154873721,-0.485978989713087,0.148716209595721,0.261729237953952,0.0993087984144303,329.18,1.0,1.0,0
28233.0,-0.459787094484698,2.86944349416116,-5.41261708597782,3.89374083824177,-1.92008009416007,-2.7599951997341,-4.2601128572553,0.878554280566093,-2.63649903376291,-7.13953938935267,4.48889168270901,-8.42916513384123,-1.632688170236,-10.4093697486512,1.08564178512853,-5.57408316936953,-9.33237115997335,-2.9855591718401,0.643650464836688,0.743403189929735,0.7840978327993,-0.552382780016928,-0.281806254557004,-0.0579078531954065,1.07777180353324,-0.198859220440924,1.1639687365286,0.610417713725045,1.0,1.0,8.0,0
27784.0,0.288028928428076,0.965681439446855,-1.45949519977085,1.92186300234526,-1.91241402974899,-1.13028190025527,-2.81426265960526,0.648663224885543,-0.695262639845074,-3.46568908576121,2.35161910622909,-3.82670531942496,-0.767569849115369,-4.8528669146236,1.66486300420352,-2.61736133003734,-4.83555830647772,-1.92175160139324,-0.385884175181753,0.330916894188196,0.603127128021142,0.380690182113136,-0.0641251755885565,0.271380100640141,0.33721953478356,0.626155869423677,0.565124825956713,0.305925255390835,23.36,1.0,8.0,1
27545.0,-0.733120945490608,1.29899830830284,1.55189800754094,1.99967640222444,1.08970009329409,0.673579342109129,0.897607456802745,0.257419297298559,-2.11873589831564,0.43899090872832,1.50227757676964,0.226289620559246,-0.406901193893309,0.767219257409699,0.268818346726147,-0.437916321108616,0.154161694651371,-0.618206516439461,-0.428165545899709,-0.0045834764013263,0.16041596937365,0.392689638328047,-0.307652446659801,-0.275859231183059,0.376159970222503,0.243578268085017,0.0408116286788429,0.0495643379914125,11.41,1.0,1.0,0
27491.0,0.868511385575233,-2.07971383286519,-0.176809211299718,-1.16155529950367,-1.61515565150543,-0.5821842589375,-0.429843854159928,-0.323170851815637,-1.89157130184678,1.26759914378865,-0.906991255214055,-0.898388300343287,0.924103737447612,-0.312380947414931,0.62211318616921,-0.210201071133212,0.308700749259898,0.173712035619991,-0.157843967375572,0.432661178971047,-0.0305186136108136,-0.488951484009833,-0.348843236983239,-0.137672983085569,0.337400334694607,-0.212404817190715,-0.0364389051652695,0.0783264723622158,370.34,1.0,1.0,0
27219.0,-25.2663550194138,14.3232538097233,-26.8236729135114,6.34924780743689,-18.664250613469,-4.64740304866878,-17.9712120192706,16.6331030618556,-3.76835097141465,-8.303239351259,4.78325736701241,-6.6992520739678,0.846767864669643,-6.57627643636006,-0.0623303798952992,-5.96165987257541,-12.2184817176797,-4.79184198325342,0.894853521838799,1.65828884445902,1.78070097046593,-1.86131814726914,-1.18816729293127,0.156667050663465,1.76819198236914,-0.219916008250323,1.41185477685432,0.414656383638367,99.99,1.0,9.0,1
27119.0,-2.52988928865786,-2.31607014494659,0.0274501025567191,3.22721388466043,1.68535935557588,0.603068391190124,0.89192926005465,0.314940042470365,-1.66259057237334,0.837536933018621,0.0508311101816915,-0.347871966798283,-0.112015129639887,0.795802539631519,0.770005258830053,0.0843583817790384,-0.362175615630224,0.740236566703829,1.13917175653776,1.93491340775385,0.512114800060149,0.0492291461515005,1.41465160043387,-1.3864968879312,-0.0692796807156603,0.242891542333691,0.158620880120921,0.287483986951705,526.19,1.0,1.0,0
26899.0,-21.8854339051741,12.9305051249875,-24.098871851647,6.20331419234722,-16.4660991227874,-4.45984212550286,-16.519835984614,14.5355647151916,-3.89702188761405,-8.6507583293562,5.3754339072439,-7.56721354069937,0.461807829323489,-7.82789139878016,-0.0228148529460228,-6.57804150255676,-13.0024594617382,-4.88446723880536,1.10435473489394,1.6119982189969,1.76223176917351,-1.57905510076487,-0.951042744820554,0.13456529188962,1.50711039768212,-0.222670856855594,1.52765527810284,0.453698638993223,99.99,1.0,8.0,1
26833.0,-20.5327510764355,12.3739891389716,-23.0090029136283,6.14482097803751,-15.5872960035928,-4.38449066917613,-15.9390026942523,13.696416119399,-3.94845491908543,-8.78972336330438,5.61234710799626,-7.91442236630349,0.307819968365149,-8.32860088836825,-0.0069792945896379,-6.82452417207669,-13.3160791903173,-4.9216120866876,1.18820420779718,1.59275393136331,1.75460760918813,-1.46611525253641,-0.85677863566488,0.125776576475404,1.40258698975375,-0.223754856770293,1.57424873519633,0.469200693158523,99.99,1.0,8.0,1
154946.0,-1.77896914237444,0.499463296866469,0.397721653335723,-2.15259838235697,0.0016818431848108,0.284207238995891,-0.539482920823385,0.986575289541498,0.422720255421532,-1.68520941418472,0.136975599706736,1.20161103229064,0.646241546194184,0.60651747427542,0.972213967582987,-0.201065855090617,-0.127622080190151,0.798642740957161,2.54976651561119,-0.285563803011926,-0.188967851473157,-0.512880020291459,0.188084616058541,-0.19917256101379,0.472560616412451,-0.246400344638902,-0.309526391569278,-0.151422406456077,11.34,1.0,1.0,0
154599.0,0.667713641374798,3.04150237620527,-5.84511195572955,5.9675870384467,0.213863332794167,-1.46292281110712,-2.68876058357809,0.677763512400754,-3.44759589638668,-4.70757080611204,4.90581986504193,-5.20837397192841,0.532498380473016,-10.5440113995705,-1.3074187011067,-2.1335934878907,-5.13308149079721,-1.06215078075411,-0.819371096333784,0.558424597641949,0.32976014592914,-0.941383471890008,-0.0060746623400234,-0.958925352213278,0.239297864946551,-0.0673556786513241,0.821047585911653,0.426175251596766,6.74,1.0,8.0,1
154493.0,-7.38154698606367,-7.44901515872674,-4.6962865237175,3.72843914957409,6.19830434711234,-6.40626663445964,-5.83145156036761,1.45717491941563,-0.6462025802667,-4.02912871953916,2.52894302060173,-3.308721722205,-1.99200968898389,-5.75721608217278,-0.877323474271716,-1.54755182348258,-1.90901678581052,0.500567470429737,0.136722438174659,2.93275812573212,1.17657484784395,-0.978692051214679,-0.278330343454922,-0.635873793806618,0.123539440325404,0.404729308452323,0.704914653621431,-1.22999168169143,35.0,1.0,9.0,1
154278.0,-1.60021129907252,-3.48813018118561,-6.45930280667571,3.24681566349703,-1.61460769860713,-1.26037454854632,0.288223321921388,-0.0489639910109505,-0.734974617920653,-4.44148408070017,2.94437484242405,-3.80546898374331,-2.10222683492697,-6.1061832734711,-0.641736399701777,-1.55596289626148,-2.08406707082134,0.394247352869229,0.0833797227600835,3.18935489592753,1.19117480721903,-0.96714144500067,-1.46342052446637,-0.624230851495284,-0.176461532068143,0.400348351070197,0.152946864261687,0.477774924576796,1504.93,1.0,9.0,1
153875.0,-0.613695895305449,3.69877241384725,-5.53494116176501,5.62048638535855,1.64926285038792,-2.33514498091385,-0.907188472777421,0.706362095310651,-3.74764612466131,-4.23098383571181,4.43631907416962,-4.50380121641622,-0.954361345864011,-9.86137210765166,-0.505329037399437,0.269281953090911,0.591319064375358,1.79599192045908,-1.08520791024384,0.354772932978025,0.319260753518317,-0.471378905146116,-0.075890410682347,-0.667909264857987,-0.642848415713801,0.0706001067101182,0.488409527815439,0.292344974289491,0.0,1.0,8.0,1
153230.0,-2.43419690818594,2.00796096000744,-2.83662715405975,-2.44684523650326,-1.39622118232327,-0.988997542806783,-0.765159793441879,1.73147640332216,-1.29850427159276,0.120658099351979,-2.39741259321278,0.0092026813972578,1.42245388174868,0.98238888995187,-0.713872426272641,1.91013407061861,0.145387285267395,-0.849213098447896,-0.0929475654896374,-0.163071578635234,0.579338400093561,1.41780124769757,-0.101136218926079,-0.927986994555053,-0.299202657070906,-0.134528355363758,0.118317697645236,0.0826685014698584,90.0,1.0,1.0,0
152307.0,-5.22296817637504,4.64182734988813,-8.85820420925725,7.72350199432307,-1.50703495625849,-2.15948357376289,-4.20516409588397,0.979334284202064,-1.50563737438727,-2.23906626105695,4.23139330449617,-8.49348798082106,-1.09281084673483,-13.2375585139603,1.1840864824863,-4.18641517783122,-5.49253578625626,-1.21610811302066,1.04610451099676,-0.176673248133323,0.561892173950775,0.624206816460912,0.536428910734314,-0.628333712411096,-0.222651230551295,0.382208361920644,-2.6930356893785,0.407935125898827,1.0,1.0,9.0,1
152182.0,-0.575840329965201,-0.114767189334693,1.4246555330867,-0.630398247437442,1.20836629960687,-0.306716179265968,1.21988964409678,-1.25668994204402,1.12211442560751,1.22964625372919,1.15301884511736,0.440207189089697,0.451189826202615,-1.03365970964669,0.474964271546259,0.0309732792308762,-1.6592423739006,0.489798471520012,0.574545299840469,-0.0511436243514286,-0.225438356468613,0.315262849968779,0.15199494411375,-0.364616832559952,-1.52800756780478,-0.943919807055631,-1.21647190911403,-0.632041155117507,8.29,1.0,1.0,0
152098.0,-4.1243162505368,3.74859690056241,-7.92650660758866,7.76324179132026,-0.769374580551456,-2.03117088274041,-3.4745494647169,0.107121410006842,-1.55135158957203,-2.4112720149303,4.48003526995735,-8.83250972518326,-1.21516414034012,-13.7256846134361,1.23274441510587,-4.3896876778022,-5.81091981744958,-1.25542240180062,1.11403305037529,-0.181978583306058,0.547096801357099,0.68785388119585,0.429938703679497,-0.620601279432049,-0.369688286259497,0.367348753696039,-2.66476709501523,0.417100621604896,1.0,1.0,9.0,1
152036.0,-4.32060921481281,3.19993870654465,-5.79973605389345,6.50233023566696,0.378479252807864,-1.94824637096657,-2.16785950480668,-0.728206711605414,-1.97723831745674,-3.47341070390428,4.56919375212135,-9.32115263136084,-1.59251765115386,-14.2668362798028,0.467776602458787,-4.06620855488173,-6.62696817708246,-1.43715841938037,-0.215409738450978,-0.263686068021973,0.47666042483552,0.434278328284482,-0.13693991841301,-0.620071695417129,0.642530576414265,0.28071734804164,-2.64910674899003,0.533640939848599,1.0,1.0,9.0,1
151916.0,-5.48803217118325,3.32956068110382,-5.99629608663308,3.6017196361428,-2.02392603601173,-1.73739347660971,-4.39685932040737,0.228394067739377,-1.67588392283112,-3.99178463209724,3.73703768128326,-6.15018666957144,0.28873807103962,-8.76069451926062,2.3446511946564,-5.14563785073948,-6.29347862779442,-2.13718660093444,2.99524475453849,-0.551121114938378,1.71963125994928,0.343209160294469,0.133583641611928,0.833339534034596,-0.839775663207077,0.502009639296227,-1.93747284570186,1.52121837279368,0.01,1.0,9.0,1
30571.0,1.00639198903804,0.0375094660108091,0.454301820807769,1.0421445807606,-0.0709001293764755,0.225859057879194,-0.0134772770980965,0.125633485191204,-0.278183526724261,0.0932194292950585,1.37446833660057,1.20657964906312,0.519329832845588,0.40695934902063,0.535406514637349,0.30949717145909,-0.624242396393589,-0.253152847342649,-0.299915963019389,0.0373265453111767,-0.171566344733455,-0.659697519542078,0.0531841116089136,-0.339518456312659,0.212097011232555,-0.653328599886131,0.0298303509169915,0.030443257387271,80.1,1.0,1.0,0
30105.0,1.26234141012076,0.138694959946548,-0.0260425438145681,-0.110318711386698,-0.101145760885903,-0.799156988169633,0.244306856401734,-0.171252057523744,-0.355242890350589,0.019570026547009,1.30838062718249,1.02389212018272,0.326130260816427,0.538764849832374,0.139610681322398,0.395893428590196,-0.591685999564936,-0.4450118756458,0.689238708320544,-0.0122575067822077,-0.404398471461776,-1.25837693545107,0.142480871864153,0.0149427500001435,0.121887709571572,0.623699703698881,-0.104901865481291,-0.0074994160502394,16.98,1.0,1.0,0
29753.0,0.269614090485094,3.54975512877325,-5.81035344453706,5.80936957402456,1.53880793351049,-2.26921913566818,-0.824203333436328,0.351069915343584,-3.75905945636624,-4.59238980599474,5.47939151009669,-5.65785754091816,-2.6480760898503,-10.3848897408947,-0.225946407826958,-0.701882908954806,0.409735840500415,0.939603694029483,-1.95429995537505,0.310524633435283,0.371121111209288,-0.322289520392532,-0.549855883222537,-0.520628958812409,1.37821038664663,0.564714292689441,0.553254713878568,0.40240000915925,0.68,1.0,8.0,1
29552.0,-0.723827844399411,0.782229332891391,-0.39917186070583,-0.361971904725171,2.7530587050085,3.45060692442588,0.447517953103154,0.608942111887765,-0.244461597437349,0.673561744409808,-0.158014380063327,-0.38641706011418,-0.0525864478779782,0.131510119721651,1.28502514615079,-0.100075660988241,-0.818682747984087,0.500164855217683,0.764660040068975,0.378533552339539,-0.0379701638423834,0.195877510451051,-0.104012820990712,1.00296293467435,0.0143222627691231,-0.331493788753462,0.252839236038164,0.0810626305245309,35.06,1.0,1.0,0
29531.0,-1.06067628419757,2.60857946990866,-2.97167900258071,4.36008935234848,3.73885304346426,-2.72839507263672,1.98761635466291,-0.357344707416169,-2.75753451251209,-2.33593332652232,2.11151686706104,-2.59194964968951,-1.9505893546741,-7.31157981735935,0.0777527657738322,2.29060783198994,6.50927165018434,2.56997142628646,-3.28615008214787,-0.0890615369649179,-0.0631678773494982,-0.207385284031508,-0.183260817119722,-0.103679373403096,0.896178353364318,0.407386872028391,-0.130918311231478,0.192177382137495,0.68,1.0,8.0,1
29526.0,1.10280432542075,2.82916799881581,-3.93287026485548,4.70769143992869,2.93796685530025,-1.80090371765217,1.672734122106,-0.300240348680253,-2.78301108805298,-1.88484243991678,3.79256535985687,-1.46047112296734,-1.31277627644381,-7.07736060637589,-0.299466316598551,2.4932276042067,6.24498710234308,2.97174936407353,-2.67995024218857,-0.0308799718381793,-0.106994395673876,-0.250050303584088,-0.52162653336055,-0.448949514169716,1.29164648168516,0.516326673768638,0.0091462814112417,0.15331763551135,0.68,1.0,7.0,1
29203.0,1.07618180076538,0.06560943156272,0.347175992829424,0.502648829905778,-0.414768182890549,-0.917182325867482,0.290017217350415,-0.167024316220655,-0.436438548588296,0.0456154876560691,1.79209567531643,1.30655399753491,0.400238639877587,0.547415675157806,0.180832563331051,0.344402105340736,-0.527977665522961,-0.506433719226487,0.286539356751054,0.0762987177374548,-0.389045726869528,-1.36441360353817,0.209929328475321,0.510613415931841,0.0035314632828956,-0.0623406280642249,-0.0656494470237779,0.0220871655049498,75.9,1.0,1.0,0
29088.0,-0.828067721570864,-0.372288745286428,1.55071971117332,0.1784999310488,0.661674767757152,-0.371291336830408,0.298699683678874,-0.0590249252164924,-1.96301624408621,0.864866522403267,1.26944824830022,0.004641830509122,-0.53621823944731,0.509065703834328,0.473166733094318,-2.04446014205505,0.148004469810075,1.06948180352674,-0.0720996348038825,-0.0797454109938985,-0.547250246153437,-1.31606860420749,0.298766564742683,-0.101464442342347,-0.359381263451662,-0.690741577004925,-0.061752588620319,-0.0926992469700392,59.19,1.0,1.0,0
28837.0,1.19756620000228,0.0115442517551489,-0.210326812400018,-0.0733325982367061,-0.0941187026869048,-0.855321233531084,0.350781064718626,-0.193666432255972,-0.356718849157284,0.0289284173835633,1.22384300862639,0.781333565586215,-0.105465877119107,0.67612923929874,0.124496564685718,0.331431484304897,-0.534036388701838,-0.374318350615573,0.67773101285555,0.0355606708862076,-0.324658509688137,-1.12152131410802,0.0548993589272818,0.0192937366933561,0.201773257813995,0.702969999965023,-0.121372794221877,-0.0057366715422552,54.99,1.0,1.0,0
28804.0,-0.983121163780806,-0.412226770210831,1.77641566438493,0.688179448701936,-0.167560258945003,0.33361809946808,0.0190657066650526,0.323320223240362,-1.62789514776782,0.563694402701892,0.589353370461454,-0.385585372493887,-1.58959967537207,0.443315013203605,-0.330967919729253,-2.4405775760784,0.784576044066735,1.42046304751893,0.348046306068879,-0.127315733791379,-0.274644292635505,-0.534977376690805,0.0833977930135943,-0.0548963941726143,0.315256377197397,-0.144879380573517,0.0666072317428036,0.0807713968959884,103.83,1.0,1.0,0
28658.0,-28.5242675938406,15.8769229879536,-29.4687320925264,6.44759140152748,-20.7860000418837,-4.86561341755669,-19.5010840750712,18.7488719520883,-3.64298981925263,-7.93964241937325,4.18467368942509,-5.83507521523889,1.21595964527928,-5.33014378246253,-0.118631138153322,-5.36777527618834,-11.4317569116986,-4.69692444373293,0.69268841200477,1.7068890619925,1.80576978392608,-2.11937616760819,-1.31744962200248,0.169845630469178,2.05168733506275,-0.210502000459411,1.30173396497076,0.380246181418509,99.99,1.0,9.0,1
28626.0,-1.38187395755832,3.28009492841412,-6.10660717219277,4.02283030291531,-2.35314685079858,-2.71348735735253,-4.12417291074956,1.37418884016017,-2.75617971062784,-7.08370730199549,4.25657527548516,-8.40206629858745,-1.50159415264172,-10.253083825184,1.05299677338525,-5.63653087696569,-9.05927122409866,-2.7445439726864,1.04198474693949,0.96448866261158,0.942153663155382,-0.221643614835679,0.26916151834678,-0.0882730091358505,-0.176547940847216,-0.30639523916147,1.22612489209215,0.472882748229068,89.99,1.0,6.0,0
28625.0,-27.84818067198,15.5981926625554,-28.923755945104,6.41844174657532,-20.346228155413,-4.82820246578157,-19.2108964179086,18.329405525597,-3.66873493861418,-8.00915938639777,4.30309581759563,-6.00866000668561,1.1389688287939,-5.58044712038062,-0.11073711578577,-5.49107326163426,-11.5885435992809,-4.71542017123115,0.734573493016404,1.69785626318366,1.8021491336386,-2.06293427611466,-1.26984343615924,0.165409188492223,1.99949911253199,-0.211058522431997,1.32480949279508,0.388090177732107,99.99,1.0,9.0,1
34515.0,-0.0199037765744722,2.26243990211816,-2.25244286221062,1.05073949652339,1.52485495475619,-1.07411756096333,1.24579242576215,-0.497732874517492,0.598422468269422,0.831601625267298,2.01644591017428,-0.287068728954867,0.0256229948678217,-4.21734026846246,0.559761623905285,0.968424341624903,1.9821437508713,2.11890848125693,0.0763623802038987,0.844289036511997,-0.42792665005058,-0.182799119505591,-0.0872990973814685,-0.855191682498057,-0.249414572158634,-0.461243371621051,-0.10728873849902,-0.71623315232236,0.89,1.0,1.0,0
34349.0,-2.31228665432674,-0.936528031031071,-0.989403657650226,1.58737627341188,-4.63914243484018,1.75692436144284,3.96361658136262,-0.445976022468679,-0.76446158802602,-0.227226423454168,1.55600358196222,0.200455503705784,-0.341655585171071,0.761224480994417,1.37986130802848,0.458353041626372,0.0050146524004649,0.381798668348705,1.73803714859981,-0.69760875841143,-0.448323428353537,-0.396590132393201,-0.328183295386912,0.672999770705248,-0.945785106958799,0.235625693800769,1.03185292757301,-0.790649981921148,1075.38,1.0,4.0,0
34256.0,0.539275913891047,1.5548897630737,-2.06618033324968,3.24161746276725,0.184735711234243,0.0283295594064726,-1.51552137985061,0.537035374444064,-1.99984603560986,-2.13317644293659,2.75617194535395,-2.24286436771513,0.615204246860345,-4.65280380668112,0.222163815521883,-0.775666019840941,-3.21861825150599,-0.370992501046414,-0.686196723569762,0.302734578907132,0.371773459120687,0.111954592156869,-0.305225078771695,-1.05383526243402,0.77117490696746,0.240878213732036,0.418434531995645,0.232169715166482,19.02,1.0,5.0,1
34110.0,0.157527519460014,-3.32743523441841,0.114933493891151,-0.95452656820579,-2.39772960121228,0.0221137402348522,-0.561325255188219,-0.0978536030170383,-1.82396466385166,1.25517730808743,0.900268422184107,-0.290867223467154,0.617342805136692,-0.21119405176165,0.284606666783932,0.331149096614501,0.0072341087952238,0.969864706072848,-0.192887978654713,1.07883253752452,0.242647471299472,-0.485237345981986,-0.542654828116041,-0.0037637595008292,-0.0731889205480463,-0.330597172508394,-0.0726706307406455,0.137182791304899,689.81,1.0,1.0,0
33892.0,-2.17899643907439,-0.931413182048649,0.404612753333871,1.53729786123733,-1.39509793303265,0.822308256723887,2.40129508197945,-0.139266687179096,-0.68272059468505,0.177457752806432,1.63199969348746,0.33670505465302,-0.315684414747594,0.489929139960725,0.997402847160627,-0.248021993780341,-0.0963888217923611,0.35071580308168,0.414761788846528,0.482327782549054,0.179018269128548,0.798336892618405,0.787642265327625,0.226322982033078,0.0074728522653269,-0.170997386445721,0.731633945012834,0.282095877259528,628.0,1.0,1.0,0
32915.0,1.23847943084427,0.045367847415927,-0.0564298537243,-0.0942452258888945,-0.178019718728439,-0.807635220075808,0.207775117256537,-0.129755108345135,-0.242298608698571,0.0361222618572432,1.18280625493154,0.621504993870971,-0.43095428558068,0.692491077026116,0.224874301389541,0.432282556477142,-0.546797125745974,-0.350236053189639,0.689069336578081,-0.0360137472408632,-0.405666743062617,-1.3270931762369,0.142229722761223,0.0130586267091012,0.0915598666558594,0.624051070895102,-0.112216544657288,-0.0068636958031367,28.98,1.0,1.0,0
32613.0,0.450493322147354,-1.47894152105952,0.835323145895721,0.346118124128967,-0.851199783269153,1.55336597336083,-0.615444213040511,0.568312715757864,1.16217252088098,-0.770644788899925,0.427563521864857,0.964769166444357,-0.305617161639747,-0.311059792088942,0.819516055695982,-1.43536763983519,1.48776204177575,-2.60810190783511,-1.29850440658173,0.342463564688075,0.0778356593083684,-0.0223217397979347,-0.001183300412273,-0.552911771382497,-0.333766177825648,1.02135042249568,-0.0169643614208239,0.0520742835653532,293.68,1.0,1.0,0
32296.0,-0.46975517987182,-0.106665929047756,-0.546603502826313,-1.83389738532624,2.36001040791859,3.09238023870785,-0.185920343812062,0.636847034069901,-1.91188656127239,0.64061954531773,-0.0843732127785305,-1.1694011978278,0.107707137803489,0.148650135585196,0.995434332853813,0.58233039883199,0.27995132614346,-0.795963253119289,2.14975480271775,0.321309291096129,0.268046864428462,0.577311125661693,-0.412270983161236,1.07340097365123,0.420966375505155,0.0890213388561037,0.0138663752446231,0.068672906412742,49.0,1.0,1.0,0
31640.0,1.19649827104632,-1.56320188705767,-0.306119925074321,-1.15659420019317,-1.29708164286231,-0.702640159546483,-0.444549089511902,-0.326336247138682,-1.7859172098076,1.30403710366967,-1.17815766447998,-0.987372276250831,0.3337036895821,-0.321942125644726,-0.315223313369758,-0.806130690682927,0.707793229059266,-0.108361015606584,0.179465658108331,0.0449664882547247,-0.127827473895342,-0.283964206750788,-0.314066175187196,-0.0986979815095116,0.670548725321248,-0.0527288099049857,-0.0210905589371109,0.0371663384335091,204.93,1.0,1.0,0
31558.0,1.17577763635299,0.112115026590913,-0.278847883881451,0.230324986620778,0.36373813164841,-0.0512257973908583,0.279505726866878,-0.0059279765151839,-0.417047740865374,0.0517582198615653,1.10756896985127,0.862868376858389,0.11177322017014,0.661281248543795,0.360750103796863,0.133634131716989,-0.474624892583824,-0.610141625372654,0.287267271246368,-0.0234726639116899,-0.327155112743116,-1.05594065839677,0.0466644487404952,-0.664845251687349,0.263726482018105,0.188839706458249,-0.0586858902454836,-0.00455007252456,42.9,1.0,1.0,0
31445.0,-1.7307697982105,-1.20352740914197,1.39332543759379,0.649265672562215,0.454163423015841,-1.26236449660167,-0.0370146645326355,-0.23758540311007,-1.61550507687234,0.688858280404405,-0.582747722567357,-0.166299498486059,0.712601925225897,0.100408302693363,1.08586614354926,-1.67457356739287,0.0274987127941917,1.25223252362557,-0.165855535118946,-0.377073570759408,-0.448882807294066,-0.870156703578931,0.088654237593583,0.35573831052511,-0.228680791271466,-0.509577973883883,0.155654060652575,0.202013309217258,173.25,1.0,1.0,0
30918.0,-0.132490694267169,0.0302811963610786,0.973220048892043,-0.968765206503948,0.0213064642833288,0.15128518054315,-0.0373285053011842,0.0172286383651099,-1.78704273682269,0.673282254958904,0.122826951698605,0.119405095404969,1.12313272316298,0.0427572795458001,0.507291013528839,-1.24606412844354,-0.399812725164395,2.13749442697619,1.00109189245416,-0.128875328188114,-0.172728571605693,-0.0376822499702604,-0.171677970343626,-0.772315070303082,-0.431777432616769,1.22817705947416,0.087088491339365,0.12434084532055,24.85,1.0,1.0,0
36919.0,-0.576527823127984,0.881969618231763,2.11784588451718,2.81949225251178,0.374618867281356,0.454698556052653,0.140285849585466,0.274542315263385,-1.7903772610663,0.772517961873899,1.58449703873969,0.468000929651286,0.298074919070005,0.384287398411495,0.83592742877429,-0.200030752001223,0.0961003544060604,0.257889669417168,0.527609837547475,0.247278586355745,0.321985792031038,0.848390453523988,-0.214398588703839,0.255135745881358,0.263638942734449,0.442353367640091,0.0200082569677781,0.0010358466911306,18.96,1.0,1.0,0
36791.0,1.09767016582658,-1.0994623496908,0.634346209751076,-1.35293841780243,-1.32271035126449,-0.11933078001702,-0.769122412662666,0.0556992179842688,0.470596418429237,-0.389938228496413,0.181565704822181,1.09551426624019,0.899593112878742,-0.253811002827897,1.37475013951636,-2.86574895369918,0.828195655587306,0.46662508114942,-1.09225425912861,-0.383608025079055,-0.0915664959310403,0.393625681894281,-0.0772878871686358,0.121093868743086,0.441846265672193,-0.467735266941456,0.126554020409702,0.0443849604914914,89.7,1.0,1.0,0
36170.0,-5.68501341827133,5.77651621042963,-7.06497672861513,5.90271545151069,-4.71556383098609,-1.75563332378958,-6.95867914257843,3.87779518702774,-5.54152882782373,-7.50211219093686,3.67670318691664,-7.64298306727846,1.68986512270453,-8.29965953059956,0.646996364810759,-6.79279505972775,-12.075932061394,-4.88217964265137,2.62662452479163,0.299488632233821,1.12864107441301,-0.962959729230981,-0.110045083655872,-0.177733240766768,-0.0891754157062679,-0.049446723229275,0.303444581632884,0.219380438614266,111.7,1.0,8.0,1
35926.0,-3.89658259167336,4.51835470349753,-4.45402724041253,5.54745334718879,-4.12145857265685,-1.16340665785105,-6.80505305303552,2.92835625399971,-4.91712959933528,-6.60046062150676,3.36784560815482,-7.88897751950988,1.68260346667335,-7.62865191597326,0.779245995683184,-7.53340432942796,-14.0646239413114,-4.96010863308331,2.52578492424474,0.757286726552078,1.69104203001122,0.920020577187708,-0.151103893232396,0.0110068782298363,0.0803032669086078,0.412191351423526,0.635788870982512,0.501049550484962,4.56,1.0,8.0,1
35906.0,-3.51902954497457,4.14086717613266,-3.62820236883577,5.50567203744754,-4.05746250583351,-0.905945282755562,-6.65203112089008,2.63452416520597,-4.67940204045465,-6.54624181523522,3.53820204012168,-8.04228514248667,1.69750938374612,-8.05104890186539,1.07045739646232,-7.39595692479141,-14.3296261567476,-4.86801023649552,2.46384303909831,0.898723234092648,1.58255593340505,0.778710245469243,-0.13570727840987,-0.0042778002749602,0.0327061591060809,0.362014053476722,0.900925137512513,0.554897499272323,9.13,1.0,8.0,1
35866.0,-2.04448868873478,3.36830621710984,-3.93711139061868,5.62311973109633,-3.0792320390481,-1.25347411822809,-5.77887959312275,1.70742815771205,-4.46710312294842,-6.0677981503786,3.83978771072745,-8.27784094846266,1.49391490811495,-8.41668121212274,0.792297928201949,-7.86265882647354,-14.5708366290177,-5.18538553288232,2.41438956859515,1.11202761894884,1.48359421639379,0.834310712862216,-0.148485620188757,0.0016688545232818,-0.0389957310939217,0.389526401954901,1.30023645611458,0.549940374167289,7.61,1.0,8.0,1
35605.0,-1.24679099043678,-0.927193415258738,2.21252481480021,1.02854040351608,-0.213726207363483,0.266949950926848,-0.591084191385999,0.381436131202997,-1.85215358714969,0.846613105426846,1.14393251622781,-0.122419206179872,-0.262412353519665,0.383542009874951,1.527007001022,-1.85855445513702,0.381530427671719,2.12426398755933,0.380983375668752,0.24703864031095,0.0439363503776065,0.117788774218969,0.274043824247687,-0.0467286325676787,0.0575907053856877,-0.0035579714490759,0.0859086691463471,0.113899888932241,138.0,1.0,1.0,0
34939.0,-0.453378973158312,1.01648466467674,1.76140048376793,3.24834854691596,-0.691842949479966,1.68322827256293,-2.15702824264952,-2.65981103204594,0.177893862352065,1.05744428267687,-0.0839996775198845,0.357284729778027,-1.37627578510502,-0.0282120198530197,-1.25837492910585,-0.235220606815456,0.549818093143406,0.688227979264192,1.32161948510198,-0.645180428975276,3.11962117927502,-0.631228496252507,-0.363001218573267,0.0208823089515607,0.65640823740651,0.516406365892072,0.354309998975826,0.263543599713678,0.0,1.0,1.0,0
34822.0,-0.40301832768734,-0.0464062059482588,0.708997602830079,-2.81469528059224,-0.356957313564579,-0.296305372165189,-0.162917951824756,-0.0317718898466251,-1.89316182857535,1.32270775203223,-2.00779113199658,-1.70713028308391,0.401618445939621,-0.587580973835668,0.0043617324721908,0.148569707761001,-0.28022576839824,0.51315696256597,-0.355656570117121,-0.0994449964061584,-0.277103250752469,-0.255062882019219,-0.219750695728561,-1.05157572313402,-0.0714715408702408,-0.318396752959647,0.505580120418951,0.254396273284597,15.0,1.0,1.0,0
34687.0,-0.860826892469905,3.13178963278262,-5.05296813449749,5.42094070941518,-2.49414141557203,-1.81128662834635,-5.47911745062699,1.18947198655298,-3.90820579292615,-7.06074618169306,4.72997415443333,-8.62905440849263,1.17879796289388,-11.1820634139742,0.445243112696547,-6.53298227788478,-13.3892507167674,-4.48041256680694,0.432054206519352,1.0857595200589,1.19269353963797,0.09035581053399,-0.341880850908644,-0.215924151333767,1.05303194615504,0.271139003495332,1.37329957704625,0.691195095871691,19.02,1.0,8.0,1
34590.0,-0.408636802449335,0.320179672761047,1.71422512607832,-0.924410561352188,-0.380742264517686,-0.955697425924828,0.196048715068441,-0.190535834924378,-1.74860323442801,0.279260608492137,-0.299159058781796,-0.916349749910139,0.324515986190518,-0.157746352390157,0.867093169385585,0.594822934811628,0.588348926031333,-1.14821353431533,1.41363982297966,0.290650951348591,0.279774656650685,0.698070235655328,-0.367754796082346,0.444122401652111,0.471402374315149,0.0162744177150034,0.0499222580406062,0.0668532379002809,6.0,1.0,1.0,0
34576.0,-1.22925393916338,-0.144376879137214,1.72225061937127,-0.327517785639516,1.19387448389886,-0.957073738482845,0.0238933104931264,0.210099907090522,-0.69042058475824,-0.509961827820407,1.62778805091516,1.0842366509416,0.221027078520114,0.3583090206554,-0.109170540606968,0.272626852784558,-0.582239399548227,-0.454365252300444,-0.827966904639309,0.106740638526176,0.0288046700042886,-0.274919582993881,0.221818793460286,0.207250200556834,-0.529561069041386,-0.112093599348092,0.0555363076396099,0.146156245043447,1.98,1.0,1.0,0
34574.0,-0.46333531785126,0.123013046424222,2.00690355794039,-0.114406707355626,-0.761118227887175,0.309732599752982,0.0261220324341086,0.266126607983155,-1.63419200727812,0.469566749116085,1.21169757844637,0.206297934414189,-0.114964970160469,0.169892608316143,0.41926272050372,-1.29337509839817,-0.218169065149247,1.75667451501509,-1.38069355267428,-0.377140424605104,-0.0306533270815934,0.254604939027947,0.0510996309985681,0.158624799143641,-0.177068000896848,-0.331376958065566,0.109268038162454,0.0696822922537563,70.0,1.0,1.0,0
34525.0,1.10231282355023,-0.121488520118983,-0.121161574437343,-0.0459152627977252,-0.171491167347564,-0.759222356382242,0.358012629638762,-0.194838376829651,-0.375573806461937,-0.0212426064911508,1.31997715136794,1.06268312957851,0.410153202918284,0.543554132353629,0.143423207528432,0.404449530326619,-0.593994478376901,-0.435400810000431,0.662896553116372,0.161771602622365,-0.353496385132401,-1.29781916320636,0.0690324653442898,0.0338017419672236,0.0942288649846378,0.614049814754425,-0.120229625804207,0.0072195642073317,99.98,1.0,1.0,0
151643.0,1.89317502746169,0.381554649908853,-0.460462425091713,3.15425178384998,1.14269695981568,2.40336704150486,-0.665283907435921,0.603286357341736,-0.921143494822205,1.47884119346887,0.44421548092018,0.897854496928091,1.22079846602873,-0.211279495483345,-1.02258152697484,1.62740636631545,-1.44273902651738,0.216057878536439,-1.18605068328557,-0.0687287954628891,-0.174704705095598,-0.643321945299986,0.555934373227514,3.05404888647216,-0.454114075187543,-0.544978185788141,-0.0083822221477938,-0.003828760810422,0.76,1.0,2.0,0
151065.0,-0.870538735987413,-0.329764830755088,2.69936815492073,-1.36507975027372,-0.974408345565992,1.56892115611316,-1.06550703149899,0.638856270638125,0.734446086472246,-0.22921380053281,-2.93076478868239,-0.649022776808892,-0.468707969020249,-1.58760807844784,-1.74724956538236,-1.43413580855606,0.0871995931887937,1.74436571690593,-0.270900761667383,-0.345584363891377,-0.387791645969706,-0.20163369362489,-0.420658296024872,0.0628328293313381,0.447345236924131,0.880942594259667,0.189329485432924,0.133445466108563,10.0,1.0,1.0,0
151029.0,-3.81821371829341,2.55133767783118,-4.75915831591909,1.63696695878653,-1.16790008391088,-1.67841338780471,-3.14473247208576,1.24510555037845,-1.69254135414833,-4.75993137385013,3.64225693939881,-4.165202322571,0.703069875094878,-7.62431631397779,-1.49801239964762,-4.07999232998846,-6.71717654755023,-1.88754964911755,1.35674828969143,0.164453445972909,0.837685440079622,0.761712127064149,-0.417694265920243,-0.469712471536136,-0.225934235750846,0.586415248500604,-0.348107405939032,0.0877768724326224,10.7,1.0,8.0,1
150949.0,-2.42353450165791,1.65909255408015,-3.07142054904521,2.58803264715889,1.13579116985916,-1.89238797008871,-2.58841817664644,-2.22659241059214,-1.67017275749754,-3.50892466189359,1.43932206570096,-1.95992749618623,0.767484552459954,-4.97811801438515,1.05856598037874,-0.99747745136418,-0.817261404200648,0.307797600356998,0.0284845308917937,0.35389820280921,-0.934126824870286,0.922037918088262,-0.180255030944776,-0.281719118183751,0.299285024105003,-0.263801330349534,0.150155943031014,0.292112166465648,9.29,1.0,6.0,1
150536.0,-3.4299983010959,-5.3273376823914,0.618323352167619,0.0259848319295366,4.84608088359256,-3.61873959544908,-3.42857415379221,0.696728190786621,1.37288466032964,-0.125100652236509,-0.377026715352833,0.213044296349038,-1.6855499164284,0.381329129645394,-1.31826268794331,0.943364916848642,-1.26777105933363,0.912040054457014,-1.34940356562939,0.874548251485055,0.844070987442504,0.954202899597272,1.21826042419719,-0.424230296177397,-1.86150863420274,0.0351273183761541,0.129128853524099,0.439945543994259,11.5,1.0,4.0,0
150138.0,-2.15085504470997,2.18791662800118,-3.43051589218087,0.119476214172018,-0.173210022248717,0.290699943542092,-2.80898761953492,-2.67935050574045,-0.556684932588288,-4.48548270396242,1.90399926160786,-2.64421945060054,-0.982272877372442,-4.69115085524464,-0.6930797524851,-2.55325078310516,-3.48343626722796,-0.0648523857005649,1.49032876283779,0.53214542192165,-0.0732053058243562,0.561496277430611,-0.0750342624995709,-0.437619179374193,0.353840756362622,-0.521338535540234,0.144464860203719,0.02658811547881,50.0,1.0,6.0,1
150125.0,-6.44677870569967,-4.1489333004524,-2.46793574610359,3.5790533745268,1.280263259384,-1.64903695218512,-4.06631875854726,0.984977299639753,-0.289895258588366,-1.44562508512313,-0.18633788995922,-2.13539897664876,0.657513654383741,-2.10282841486048,1.65257237764781,-2.62773667845887,-3.5415734670082,-1.83011676584842,3.78520019322752,-0.981120730410548,-0.342282111720086,-1.34077233702578,-2.17476508326124,0.271926118089424,-1.40330652598455,0.183720581045337,0.151709666116912,0.434945381512349,1.0,1.0,7.0,0
149657.0,-11.4487904982427,-21.7490596244345,-8.47893335553161,9.47756534909652,-6.34922666274515,3.14800458717863,9.07353997652088,-1.57285008789719,-1.32555254840689,-1.70330184174966,-0.181498091968967,0.197960321835175,-0.5270151344777,1.85756861982418,-2.03262281154393,1.19074028020514,-0.166193105764434,1.37291650765668,-2.98859670492362,13.6576465399411,4.26857984426337,-3.20921384074231,-6.02292768379425,1.09759415823155,-2.28640289306602,-0.596096223171343,-1.34759405922883,1.13768416048231,6900.47,1.0,7.0,0
149640.0,0.754315925858731,2.37982185248504,-5.13727449343089,3.81839172249665,0.0432026520139663,-1.28545137361934,-1.76668362059541,0.756710661816359,-1.76572209782095,-3.26300672553831,3.59279683214404,-2.77234880583364,-0.0745336542111445,-6.28109364908023,0.165978009089423,-2.67917124597012,-1.38555652893852,0.249056748544312,2.3534526931986,0.369662961829814,0.397057600980957,0.141165218358707,0.171984534755456,0.394273775761011,-0.4446418368392,-0.2631890643687,0.304702950350999,-0.0443622747894533,2.0,1.0,8.0,1
149133.0,-4.42715181962555,-0.963508050191945,-3.98852539974823,5.99392742892569,-3.23660883753092,2.61549639787543,3.10986823714173,-0.375601865831545,-2.81423732462824,-0.518420253742239,-0.285979886934994,-3.80016769120705,0.449094635444423,-2.21590888014364,0.697778384098233,-2.08530545436939,-4.28197552503753,-1.40126877416582,2.12208855423365,-1.51875764244005,-0.10860214596152,1.18165559226474,0.0453569284898187,0.220713071402673,0.348226106236775,0.796389758636528,1.17507464539793,0.442739845314515,1059.28,1.0,8.0,0
149096.0,1.18489112271901,3.15208420536211,-6.13477982463031,5.53125220648323,1.73386651414214,-1.81686146600342,-0.916696277644188,0.265568287019436,-3.15801423516395,-3.89016924226376,4.7365938426554,-4.16211519175474,-0.456696779485289,-10.2667581077355,-0.583018263021109,0.513470571003558,0.113665405648114,1.48862035938935,-1.80557671393198,0.336441865694103,0.124235616370838,-0.823864650327076,-0.0798873559390688,0.0288277898864561,0.389711468856018,0.0601710709421762,0.485186935489591,0.326551571745814,0.0,1.0,8.0,1
39346.0,0.735322998789854,-2.39543543766059,-0.484692239145402,-1.04768844791564,-1.66955859317789,-0.434989735669075,-0.374119250458814,-0.153330229297018,-1.83923965061554,1.42192820623777,0.398411154007053,-1.08697376797498,-1.34353945074889,0.250705637900101,-0.825711799471324,-0.555162941725621,0.614881110480932,0.572481874491458,0.350430788409655,0.375501665241427,0.0435060668945789,-0.382924859600374,-0.471826163016325,-0.019402305148546,0.487135206220939,-0.0974647072335924,-0.0748125081735308,0.0617694844260944,414.8,1.0,1.0,0
39229.0,-0.75193965406799,1.70941446886288,1.43213909546046,2.54723292880954,0.185650011648016,0.783063516068732,0.0770876434046153,0.723100740522784,-1.9622834196409,0.729148101935822,1.12020598099185,0.761737406625732,0.843058443206816,0.648342814770243,0.743242983502931,0.107672170255457,0.0155829202270101,0.0020919875192032,0.897144706079729,0.192132054619098,-0.0879835807132444,-0.266772635948745,0.021146087351852,-0.321036059710666,-0.424462580680572,-0.0079400033212122,0.272551050541535,0.123926781076188,3.02,1.0,1.0,0
39118.0,1.063740063714,0.265681538440268,0.423807479299686,1.06748677732087,-0.259392516179742,-0.777640803130121,0.358940976354518,-0.152753562838474,-0.509201089479086,0.0897825073015084,1.75167278785359,1.49610171382844,0.63680662183475,0.531122538909974,0.0739560806172334,0.220911542471388,-0.613918557898578,-0.350923976113099,0.0975795304609275,0.0298092725575571,-0.362066865349869,-1.22733522956646,0.174790868198353,0.473968041167388,0.203242455944504,-0.891144083243092,0.0025825848871584,0.0332714957707844,64.95,1.0,1.0,0
38889.0,-2.52864170725517,-3.23150610452529,2.90917394875714,-0.83066534308808,1.31133999707334,-0.558912305456418,-2.63850845130015,0.823070203185989,0.341606024884214,-0.169766483768119,-0.771142713828108,-0.287554976099286,-1.10275288304781,-1.20279142731611,-2.85174641056667,0.936988588268968,0.398608146987989,-0.415528340396347,1.27422124795694,0.743964258755659,0.355279418227351,0.443416601796691,0.0507095478371186,-0.474397354797809,0.686828989544175,-0.0923525371557793,-0.0074339930713975,0.101026502664365,31.5,1.0,1.0,0
38806.0,-0.789206790851878,0.676912115495993,1.95156065909974,1.5363741753352,-0.537134774219789,1.57092080279273,-0.617529205914925,1.14703441192671,0.307826265284702,-0.65158319465448,0.352503526533333,0.84509634810317,-1.63786435976036,0.0421230310117316,-1.74494266289703,-1.55704028127968,1.42089870533863,-0.81522351919266,1.2277214196048,-0.2601115799964,-0.197971775652033,-0.25591568208231,0.0645846814235164,-0.321189612455903,-0.518352473583869,-0.418312066189859,0.119350450090807,0.0759828992826667,4.94,1.0,1.0,0
38765.0,1.12664019834894,-0.0877276672115672,0.20766927624026,0.0045958825500846,-0.46747049080034,-0.919412105411206,0.178017050265886,-0.129408303423737,-0.235066923411794,-0.0015187807438787,1.53929445577487,0.842706650321587,-0.27664343152516,0.64371668217887,0.319769691188105,0.469764276086987,-0.495126910003529,-0.477140457538091,0.540865141396223,0.0508823116961136,-0.436014421544418,-1.52497386713256,0.223489101385834,0.314145613537053,-0.107203914789637,0.489366473252495,-0.110321292825058,0.0089894804599199,69.47,1.0,1.0,0
38684.0,1.20469813006546,0.30196633183553,0.112348432165474,0.510018806594108,-0.0939072437354068,-0.884532541024887,0.372494622629551,-0.203357403635402,-0.539687496566097,0.100239934300573,1.58278754814159,1.29178666843014,0.537006035480347,0.561427205940823,0.0025643050523771,0.210733148549005,-0.553867779231221,-0.432806617685424,0.356723114465213,-0.0283428148705199,-0.325355691924054,-1.01678482779466,0.121533241312138,0.324776329486279,0.269600820740342,-0.0058003291296923,-0.0572657830104383,0.0056697056031442,21.87,1.0,1.0,0
38446.0,1.27166754237245,0.148061642425179,-0.166745423497933,-0.108671069991406,-0.0326928149246321,-0.855702503258473,0.313084987797098,-0.193638651360561,-0.38364514611496,0.0404913140166956,1.25720274049495,0.888418810470459,0.0947528357989015,0.626070310846096,0.0979514452106672,0.31754627257976,-0.547810437451609,-0.406432924534149,0.689149466637349,-0.0282785222676908,-0.345574595441943,-1.08574233009817,0.0865697600679641,0.0357093993583681,0.223256365236106,0.705778213595051,-0.112910731842294,-0.0118143778779043,16.85,1.0,1.0,0
37927.0,-1.15221136634194,1.2433652860947,2.15860653882642,-1.7162616180479,0.657011502438281,-1.20521211454371,2.19978814446883,-1.77769406369015,1.72578963431227,2.33129224778338,0.666318051377741,-0.194987067496348,0.383211236892018,-1.90057371328923,0.575957005449802,-0.38157426917958,-1.31828947453761,-0.891307297754282,-0.865306638317292,1.03585986061357,-0.446363487465404,0.112374182658429,-0.288004490293949,0.768107297883085,-0.321653414320699,0.519311335477899,-0.889204519527481,-1.12429468871069,3.91,1.0,1.0,0
37699.0,1.06961366245063,0.485415731137832,0.879149436832045,2.32465415303456,-0.0204072222689094,0.329174764388412,-0.08739584361554,0.191417656750723,-0.995339376499152,0.761455113411814,1.49789797220041,0.96561426210761,0.351808705370871,0.383345973164416,0.0726561819998537,0.711994719098287,-0.653122820607213,-0.489283070140164,-0.981095308638688,-0.123804995092437,-0.208614180487793,-0.690018846581497,0.191407715193151,-0.0394531563054747,0.0749064107223168,-0.316782799969221,0.0122763949250268,0.020848656857194,14.31,1.0,1.0,0
37503.0,1.08390362185549,0.46396417241133,0.775330423421405,2.37847796318155,-0.104085133402608,0.122644573213349,-0.0807644061155978,0.181228901075439,-0.934687935628937,0.825225820663037,1.49276249772345,0.503120007399795,-0.554111970864404,0.607607081232343,0.12792422079274,0.583569843269795,-0.513880138811417,-0.266307635848914,-1.14954501755616,-0.203929679401261,0.0160971733897729,-0.0274392089730407,0.0683184811968071,0.184357223005917,0.274856902613227,-0.0727904060356119,0.000776687957596,0.012385281523823,5.99,1.0,1.0,0
37215.0,1.1709548837583,-1.52381705313773,-0.0884207922042291,-1.04465739809895,-1.52297348528381,-0.98689949466849,-0.430782940253941,-0.365124266239697,-1.84108554085512,1.301428492902,-0.707280972053294,-0.747160442163791,0.387472619592859,-0.321381830361242,-0.367957814368211,-0.959105136371851,0.881093204529148,-0.289756992757003,-0.0081604432168609,0.027848089983017,-0.0963426518826687,-0.17774476911808,-0.249686917480485,0.405157093056216,0.610513020505299,-0.0836512672133146,-0.0185753414658777,0.0416781825791398,200.0,1.0,1.0,0
37084.0,-0.0634770948938016,1.65968170980912,0.0694626091900379,2.29544435113782,0.537987336811427,-0.581302355686971,0.750203614137152,0.134071358259922,-1.76759917349494,0.43957677977378,-0.965221526601342,0.356061265487482,1.37887097658648,0.517285985273181,0.0249110907836752,0.161731075669179,-0.345776094320581,-0.250815190320377,-0.0959019243039224,-0.124560214685737,0.196605980152541,0.531832418179358,0.0411819259525333,0.070101578883933,-0.781389630822988,-0.0480997426719407,0.0480605821342988,0.104852261120017,2.29,1.0,1.0,0
41203.0,-8.42681446458936,6.24165891255794,-9.94646974501132,8.19961393161759,-8.21309336768256,-2.52204605104398,-11.6430282742756,5.33950009801351,-7.05101582770698,-12.2653238444006,7.04773274001302,-13.7429528415799,0.821627223133927,-14.1074642630375,1.02047093981622,-11.8478871921138,-21.6739867132891,-7.78404247450965,3.20430921695579,0.563869352833826,2.42746037443776,0.692666548056743,0.0203051671536146,0.499809093124917,0.467593621860553,0.483161969665241,1.19567086957704,0.198294350072086,88.23,1.0,8.0,1
41181.0,-7.33434102050082,4.96089229123138,-8.45140959148547,8.1748251681484,-7.23746372952055,-2.38271066458273,-11.5088418575552,4.63579753722901,-6.55776036636164,-11.5198609264142,6.45582813287588,-13.3802218737527,0.545279226790884,-13.0268638593173,-0.453594543596495,-13.2515419788937,-22.8839985767803,-9.28783221397402,4.03823050489431,0.723313822249839,2.15375502636012,0.0339216178167887,-0.0140949200284419,0.625249955306557,-0.0533903339689031,0.164708739959664,1.41104749421382,0.315644799820923,11.38,1.0,8.0,1
41164.0,-5.93277795485543,4.57174320411303,-9.42724692838332,6.57705643811276,-6.11521812544893,-3.66179789602346,-10.8940785545016,3.70921000751656,-5.85952387304171,-12.981619145004,8.26529460055417,-14.1541653609607,0.479842781966758,-16.3375959447735,1.64604527960375,-12.3753974432385,-21.090612716108,-7.7245457358645,3.85637474254372,1.19107830456005,2.01427156558263,-0.167416617986259,0.0499675298711021,0.384429719031746,-0.0778835668224832,0.56549290579318,1.79201191700266,0.371007021212136,5.3,1.0,8.0,1
41147.0,-5.31417320646342,4.14594361146639,-8.53252245892907,8.34439167363678,-5.71800820787464,-3.04353608094129,-10.9891846672722,3.40412865609659,-6.16723364181153,-11.435623996076,7.67453383416429,-14.2960914258331,0.526938923712363,-15.4450258118019,0.991651201275811,-12.3913460034009,-22.5416517287861,-7.98672065349455,2.99255446334225,1.15001731865814,2.33146580801509,0.862996305559532,-0.614453237551036,0.523647877136623,-0.712593271662611,0.324637964828057,2.24509146635599,0.497320848969724,88.23,1.0,8.0,1
41138.0,-4.59561704249556,5.08369023030901,-7.58101461744265,7.54603279503791,-6.94916456384443,-1.72918492987346,-8.19019171984817,2.71466961013434,-7.08316933143187,-11.1412776902967,7.38185937432083,-14.4686550955305,0.299659909360646,-13.602211465597,0.516112699650764,-13.5632729563133,-23.8156358284126,-9.17055721888169,3.66952343976659,1.68216030642087,2.24897122592187,0.566843572297808,0.0337440528595468,0.591783408003629,0.334228764687698,0.386801106292112,2.16389776726335,0.983103834042297,340.11,1.0,8.0,1
41116.0,-3.60054350412378,4.51904694695796,-6.34088353532231,6.21476727765717,-5.829557636648,-2.4780949557906,-9.93841155861772,2.83008605053969,-5.65916161145799,-11.2981564915382,7.2529532268294,-14.2750918465127,0.18890328374228,-14.5559572107641,-0.338288547453357,-12.1465401437589,-25.1627993693248,-9.04284515066473,0.787578807808201,1.38474276211824,2.26377035551642,0.620749345000528,-0.094068667085379,0.536719087381271,0.398142307216228,0.008276586749878,2.05352425334029,0.835749002954128,3.79,1.0,8.0,1
41028.0,0.667535283813425,-2.45776999342974,-0.638443396643059,-0.942355562364311,-1.56258675996078,-0.5781029321565,-0.0948956930789697,-0.382002477326352,-1.78529631880491,1.18168179706185,-1.24411248036383,-1.09720561751072,0.188040502010981,-0.222053508989566,-0.254737598602769,-0.748385656047977,0.712770410623811,-0.0136956068964498,0.107935497369047,0.594421987499997,0.0339486528910581,-0.454076166531556,-0.558443722612177,-0.115624361216115,0.568234717566351,-0.0796089542200329,-0.0745646142809279,0.0843927143620889,480.19,1.0,1.0,0
40947.0,0.910419522025016,0.689334385896174,0.468198827301948,3.49326610539305,0.691531704627696,0.831305813412208,0.396956168666702,0.207925696443204,-1.97300137568055,1.23897233761301,1.68373912083053,1.01179366949102,0.563993740708169,0.59061858637544,-0.354511487662288,0.449048026655338,-0.383065120437636,-1.33504346054728,-1.71747615630547,-0.0586281935250281,-0.231870313752202,-0.889179624201479,0.163857981885312,-0.354516544986732,0.118629362928762,-0.318319846087061,-0.0102215819293044,0.0206007738586046,69.0,1.0,1.0,0
40918.0,-3.14025953779538,3.36734230912012,-2.77893140701488,3.85970067435928,-1.15951836286203,-0.721552487906327,-4.19534154281433,-0.59834584749232,-2.87014477203106,-5.29061006200618,3.82376208408163,-7.49227616878309,-1.52436747989794,-8.52767862203589,-0.391214524543396,-6.18087991000233,-9.6988394108884,-4.81823334077503,-0.871581688476025,0.0777814455070256,2.45233850455703,-0.292962575086153,-0.189330326319261,-0.166482104307702,0.0380396237066075,-0.0154765350217125,0.776691265853111,0.397557490298277,0.76,1.0,8.0,1
40742.0,-2.37753280180283,0.520539361927579,-8.09413945532841,8.00535147326105,2.64075021376276,-3.38158645291742,-1.93437244067366,0.562322111872781,-3.10402718606356,-3.05121035544102,5.73576265915634,-4.74769250131792,-0.784223284478966,-10.7163393018774,0.656516978131348,-1.14246727231018,0.91859080878698,1.12633522330277,0.0929734778841175,-0.634747080915274,0.148284201590387,0.7210995412337,2.66129069804724,-0.508619933518595,-0.401656629278738,0.587611216267645,0.500326371108344,0.551759687906722,1.0,1.0,9.0,1
40708.0,1.21434647042833,0.107980481063251,0.0952561754504121,-0.0246317713625276,-0.2676141120045,-0.975012264519838,0.269185417794557,-0.195430680308394,-0.383533614701229,0.0121711749757584,1.60787559753311,1.14632109713461,0.296843020385845,0.556074882388968,0.115088248150769,0.300632351372837,-0.473232101682098,-0.552554622210745,0.560749924972792,0.0055817996632163,-0.374678116030019,-1.20334955047478,0.172253162184851,0.360716346079272,0.0743146646968948,0.601130633127867,-0.10683404113454,-0.0017160587239876,29.9,1.0,1.0,0
39374.0,-0.665260243347789,0.887868917228914,1.33138963142244,0.0592210219235832,0.646751690580605,-0.478750974870483,0.982530188809619,0.124134654554349,-0.91333992425901,-0.45608651158621,1.38342625074238,0.383047100909358,-1.17321555301896,0.802541828195373,-0.325575047801468,0.0753270742508028,-0.487103100749472,-0.495707305548521,-0.861222285334996,-0.20902045604906,-0.176181631957723,-0.715290980108182,0.127016149041267,0.13030388044187,-0.427630653110414,-0.932029643161899,0.107234915659471,0.134309849574394,19.4,1.0,1.0,0
41743.0,-2.14441147422114,1.0734990949761,-2.77366294436956,1.38439373061694,-4.01547712730958,0.747235431622141,1.52563753547227,0.192987836205386,-2.43186196584916,-4.15583783449678,4.35477463025116,-2.87240010922107,0.468875462284219,-4.55566674751092,0.699671492981511,-2.90114077639634,-4.67466711122835,-2.21362325223921,1.29616504982889,0.668123787084126,0.14465327974064,-0.885681640451265,0.625098628062992,0.0965268919194303,-0.189454895625625,0.532908314019749,0.423044721673666,-0.210266310409715,802.52,1.0,9.0,1
41646.0,-3.24018658731411,2.978121790406,-4.16231393691373,3.86912437879902,-3.64525645477793,-0.12627056104764,-4.74472973694714,-0.06533104369042,-2.16836609501902,-4.75830407509117,3.47109784646449,-6.5331067689397,-0.983468669556775,-6.07398900285949,1.12540670902583,-7.71804240456347,-9.85592743669396,-5.19390789281555,2.04269768780688,-0.224043462894117,2.60144102940002,0.23191011639882,-0.036489849092758,0.0426396452203885,-0.438330345949387,-0.125821080392006,0.421299802439127,0.0031458761215678,172.32,1.0,8.0,1
41582.0,-1.04800528916284,1.30021877705413,-0.180400575706546,2.58984264330545,-1.1647935523262,0.0318234062644092,-2.17577809872951,0.699071737631603,-1.14020827768059,-3.22678710680364,3.49080495043995,-2.45433920979968,0.177189485247745,-5.16060809721957,-0.686114234287445,-3.99614471325468,-4.69556272249452,-1.81916096350279,1.46108031890323,0.644993308471186,0.549014458224783,0.624321410729297,-0.136662719519743,0.131737918713915,0.0309213718346795,-0.176701082429858,0.504897671691263,0.0698824528615783,39.45,1.0,7.0,1
41505.0,-16.5265065691231,8.58497179585822,-18.6498531851945,9.50559351508723,-13.7938185270957,-2.83240429939747,-16.701694296045,7.51734390370987,-8.50705863675898,-14.1101844415457,5.29923634963938,-10.8340064814734,1.67112025332681,-9.37385858364976,0.360805641631617,-9.89924654080666,-19.2362923697613,-8.39855199494575,3.10173536885404,-1.51492343527852,1.19073869481428,-1.12767000902061,-2.3585787697881,0.673461328987237,-1.4136996745882,-0.46276236139933,-2.01857524875161,-1.04280416970881,364.19,1.0,9.0,1
41413.0,-15.1404496225073,7.37804241221284,-16.356367356494,9.19493491430021,-13.4661632895942,-2.95843050082103,-16.1655386244192,10.0752539455532,-7.90182112627786,-13.0094028057641,4.82823533219729,-11.0584014244364,1.99812557552295,-8.59204740189288,0.540385309176116,-10.6157452968661,-21.0178983428443,-8.39739305199317,3.18355894967976,-1.69148198782553,3.14742810473234,0.341677595071206,-1.15016247089952,0.795189734964946,-0.194542181109758,0.145963568626439,-2.45868034756574,-1.18988788135128,106.55,1.0,9.0,1
41397.0,-14.9703456545046,8.40142101040258,-16.8672384869515,8.25233430637468,-13.5651304873758,-2.78243755853826,-14.2637353490007,9.64341914576661,-7.70149868394332,-14.2266980575287,5.61099879659254,-11.7939788348294,1.59838653001563,-11.6069703760766,-0.0441804437896824,-9.28695473739369,-19.8997264249367,-7.518050849236,1.24351749943488,-1.61466005601289,2.71404480183882,-0.101355310559619,-0.439665974014017,0.519513861479409,0.789327982433797,0.0643574266343142,-1.62138568643941,-1.10481920857705,273.01,1.0,8.0,1
41353.0,-15.0209806030789,8.07523975163174,-16.2980905380446,5.66482005292134,-11.9181533731348,-4.24695712395156,-14.7166675516611,9.43508432139337,-6.7953981269244,-15.1241628144947,6.03766622940467,-11.6767222367813,1.32697878633103,-12.3816058947985,-0.0716392778020956,-9.48414337021449,-19.6718814509262,-7.64327282087749,1.16906441801605,-0.995786857833133,2.52511546344786,-0.832074336953531,-0.186116823393738,0.429780833741005,0.697102812320081,0.0560310740941657,-1.31088762047629,-0.707402991270252,34.12,1.0,8.0,1
41313.0,-13.8972058704019,6.34428045616839,-14.2816664432471,5.58100899740718,-12.8871331616131,-3.1461763671985,-15.450467216827,9.06028147442157,-5.48612077680694,-14.6764702497464,5.1483517210937,-10.7495919949504,1.58548896754337,-9.79801207658904,0.733276999106463,-12.675268899047,-20.7406637223494,-8.15366802624724,5.2283417900513,-1.02522792390103,3.05808183846397,0.941180290424241,-0.232710298333368,0.763508019302571,0.0754562386388435,-0.453839571774416,-1.50896825698328,-0.686835738780169,9.99,1.0,8.0,1
41308.0,-13.6807603221285,6.99038924197379,-13.7700011356219,8.694896899191,-11.4269679730732,-2.91984498997907,-14.5945615876748,8.62290473620712,-8.09069700355941,-12.7806339362021,5.3306013514672,-11.898065148453,1.59599290197592,-9.56016927087188,0.596403762858148,-11.3809956026059,-21.5368016259059,-8.48535580519493,3.51761050964655,-0.877391609905133,2.98955250855903,0.497598716647637,-0.509290299460639,0.732503456665873,0.280527953637944,0.280037142108891,-1.40668683562971,-0.663643363595055,0.76,1.0,8.0,1
41243.0,-10.9407391093978,6.26158585106885,-14.1823387841287,7.18360208606589,-9.95136334372547,-3.86082033664669,-13.5473021949163,7.09647164642187,-6.29402944276594,-13.6081431627279,7.12716532148781,-12.6110036871047,1.21455639781013,-13.9062968240505,1.51406990634864,-11.1257390593549,-19.7162573051191,-7.5527890897252,3.65678707068496,-0.0883420818722748,2.26744826134981,-0.492029167950335,-0.239302865923644,0.454368210214217,-0.101611062526814,0.446996732737119,0.062292646721181,-0.439769899530758,45.49,1.0,8.0,1
41237.0,-10.2817840384715,6.30238478416897,-13.271718028752,8.92511547634157,-9.97557831146449,-2.83251346361162,-12.7032526593299,6.70684583868978,-7.07842395823848,-12.8056831898117,6.78605830197451,-13.0642398936784,1.1795245105938,-13.694873039573,0.951479176238826,-10.9542857275047,-20.5835927904158,-7.51726213169106,2.87235363605874,-0.247647527731929,2.47941350799644,0.366932842343897,0.0428046480276363,0.478278891799746,0.157770817898023,0.329900959238367,0.163504340964582,-0.485552212695879,118.3,1.0,8.0,1
41233.0,-10.6457996485752,5.9183066586857,-11.6710425949575,8.80736917876038,-7.97550136587277,-3.58680634405361,-13.6167970541448,6.42816934590602,-7.36845129274034,-12.8881582878915,6.85495311388866,-13.2116950297251,1.03561234332246,-13.7789556397675,1.04044835530024,-11.2903278082585,-20.5780220491922,-7.54782411219534,3.11847976563045,-0.0461701790327979,2.57196959291347,0.206809359357246,-1.66780140024191,0.558418754024331,-0.0278978765982558,0.354253781525514,0.273328726801416,-0.152908080809092,0.0,1.0,8.0,1
41227.0,-9.00135134450649,6.61328394324752,-12.4236347238918,7.51992923163014,-10.2662546389665,-2.11320754204122,-9.98428744767688,5.54194143253089,-7.38370453522347,-13.2151722995049,6.89518136811315,-13.2796997105282,0.755263578785977,-13.4170122721265,-0.210774362111057,-10.9226551270595,-21.90649321637,-8.82981976595275,1.85246698871594,-0.645393857931055,1.7758908996538,-1.22475761150578,0.0825935414630254,0.452088727391883,0.463827332847796,-0.296928065001458,0.526505578079938,-0.450890488772313,459.07,1.0,8.0,1
41204.0,-8.44028396323147,6.14765332384605,-11.6837061588856,6.70277957100753,-8.15583929706995,-3.71626415558662,-12.4073130564101,5.62657129554302,-6.23216089363823,-13.3866834395246,7.60555947435276,-13.351815018081,0.827049642773684,-14.9794773489142,1.53281308437662,-11.7714969677127,-20.2992165093576,-7.60911006016911,3.80913643570604,0.520732330180873,2.19285541971989,-0.282596814624446,0.0080684981124645,0.403858336982018,-0.0187883930291726,0.522721636106603,0.792690689790115,0.0677895462043786,30.26,1.0,8.0,1
43092.0,-0.43691060538477,1.4862894307187,1.46833624034288,2.15556062041026,0.6642804024277,-0.409174981738387,1.09270308822436,-0.10395837253096,-2.15067780053629,0.589558789328603,1.34771784558932,0.61697943343396,0.472085034734908,0.556064573311503,-0.424362714489178,0.0558526643089189,-0.419291044010627,0.111463292696869,0.165418248026993,0.0442617838879591,0.156848099858357,0.40834122867705,-0.269169776403186,0.557808383670084,0.097163779779437,0.0932267211795638,0.0746108582189751,0.10716994055852,2.51,1.0,1.0,0
43028.0,-1.10964552515211,0.811069300236989,-1.13813532731484,0.935264670223385,-2.33024787785051,-0.11610605479739,-1.62198623466478,0.458027900124116,-0.912189159098001,-2.96199570179906,2.77896789639267,-2.37959961108923,0.918962784041379,-4.01578678027745,-0.530009790602772,-2.81588776765893,-6.6493577879714,-1.74611328389964,1.08340676372199,0.168890572541282,0.641593528333926,0.841754904759402,0.176727750810022,0.0810041184974676,-0.258898742565752,0.707654245320429,0.418648658517389,0.0807557537005394,204.27,1.0,7.0,1
43022.0,-0.638568986348599,1.0950766397891,-0.0255191549360284,3.05570020947553,-0.26057227123196,-0.417892423036631,1.21446071227557,0.14539893206408,-1.81246094283587,0.722584595224388,-0.672335830816906,-0.004617556014734,0.71845028927393,0.76096863646939,0.663026813900017,-0.277595622372202,0.184552462300907,-0.0727248499252973,0.701235172977662,0.574645883103013,0.315070166030541,0.602849840348352,0.552806437972597,0.401082740971916,-0.896477035496977,0.0901402970337172,0.304946871439269,0.236797433277116,198.53,1.0,1.0,0
42988.0,-4.42350762703846,1.64804777413239,-6.93438785672913,4.89460056642244,-5.07813111998958,0.0108488776042783,-3.40909567897227,1.40929050029893,-3.26067152936237,-7.78135276287243,6.28337707847689,-9.65660635996176,-1.61913485478932,-10.7321089251086,0.288220764475555,-7.89812205175049,-13.5706825019333,-4.59023530005094,2.59017338411194,-0.562264103606392,0.698359061079766,0.487477720585547,1.22869827965959,-0.535217333195035,0.388278095984062,-0.0094656471517041,2.300164247557,0.0812314897144668,648.0,1.0,8.0,1
42985.0,-4.07597468486268,0.963031254092613,-5.07607019842086,4.9559633578155,-0.161436852450419,-2.83266299767191,-7.619765445461,1.61889544068454,-2.99209215744034,-7.14219911358407,6.27866584548672,-9.40706094796316,-1.81887396082411,-10.7395718907673,0.224206083734093,-8.42708279627514,-13.5021528919623,-4.71296758855481,2.6304759946371,0.0588612515023862,1.03073825203134,0.165327776328984,-1.01750231442165,-0.477983380813876,-0.304986825039416,-0.106089275128594,1.89971434181658,0.51146170682063,1.0,1.0,8.0,1
42577.0,1.13196926442515,0.0893240960430731,-0.129652628552344,0.38791024113953,-0.0038755347248658,-0.709019767452432,0.427448827811618,-0.192650676434529,-0.486367642288041,0.0717978198286294,1.25905916357787,1.05446636728454,0.368741609606886,0.603178022803215,0.0542063799917217,0.311487556003033,-0.637982894192253,-0.308263484663368,0.497731415189323,0.0806527626387703,-0.308331426488838,-1.09679660378985,0.0299136720234255,0.01660883212951,0.286718991189456,0.132414564933651,-0.0788182847124177,0.008716900306547,74.9,1.0,1.0,0
42530.0,0.206226093574294,-3.28784134696682,0.0461459612048428,-0.957812995139614,-2.3628330051788,0.0140182750308595,-0.601776882338907,-0.10629310672052,-1.79530864704002,1.29077051144281,0.825741063135286,-0.39429712620927,0.540578373030286,-0.215305639250349,0.267166677228438,0.255581584358659,0.019312271546602,1.20541640218096,-0.302143280313602,1.02996043307128,0.468112226063869,0.2583853093636,-0.686576450463803,0.0543615098449556,0.166237490328992,-0.0684475898620236,-0.0715076989334014,0.127734823353979,668.0,1.0,1.0,0
42456.0,1.01311171851232,0.366433551754468,0.856360085333476,2.5863840240432,-0.279115239632377,-0.121475469999764,0.104238823260439,0.0115692632361606,-0.881240832287447,0.709121433717845,1.25900623499603,1.24282463651766,0.577470376271366,0.137590256567471,-1.05100623961126,0.493921295304923,-0.577429759429568,-0.250514313566416,-0.514304984710827,-0.0073656210007151,-0.123182577372526,-0.421567703339107,0.0194128739050521,0.527814044850283,0.360598118970978,-0.186365586129446,-0.0100832437153331,0.0269669141292516,56.84,1.0,1.0,0
42445.0,-0.952383904742396,1.39838191042941,1.88446223442881,2.74897344268961,-0.108075656254405,0.495541772638201,-0.0110313189144512,0.724877735644832,-1.99433075295926,0.489634025433876,1.33351319793584,0.193294683143896,-0.499160239978578,0.927026923483951,0.855008248206525,-0.0530254006616622,0.337520909804212,0.180547061147222,0.698170069612527,0.0407029383745334,0.151286302550279,0.204258152567589,-0.131764036830698,0.204104437501472,0.0092937918427791,0.232229513998061,-0.0357847366362849,-0.00607795353594,13.04,1.0,1.0,0
42247.0,-2.52401156950864,2.09815186657166,-4.94607520997003,6.45658840962748,3.17392137712693,-3.05880605463133,-0.184709664717417,-0.390419986932457,-3.64981179874133,-4.07758540918968,4.38921350258246,-5.84955800710779,-0.750964374574877,-11.5838983872121,0.838750052957938,-1.4610292465747,0.635694232941605,0.390150149131876,-1.06302761603247,-0.162797482259592,0.0279349679314103,0.2203664412615,0.976347942245667,-0.290539415419797,1.1610017911475,0.663953624390758,0.456022723280535,-0.405682084802192,1.0,1.0,8.0,1
41991.0,-4.56634156694274,3.35345148012501,-4.57202780762531,3.61611930403552,-2.49313810882875,-1.0899997127127,-5.55143306976649,0.44778308394893,-2.42441402571208,-5.69992228265959,3.58682418337431,-6.63622904939297,-1.1281764439465,-7.24554959537009,0.638325536245456,-6.85681003898144,-8.85187850534679,-4.5918832274368,0.936939858866071,-0.249127726683026,2.67446587862872,-0.0208799797343963,-0.302447083877198,-0.0863964000107124,-0.516059779833395,-0.295102234035121,0.195985145691014,0.141115102721758,1.0,1.0,8.0,1
41870.0,-20.9069081014654,9.84315322329519,-19.947726046163,6.15578864849515,-15.142013159868,-2.239565648142,-21.2344631540976,1.15179506554623,-8.73967037069304,-18.2711681738888,4.67734929657245,-9.58356643737056,1.03516582361622,-8.19969002891841,-0.32651888245129,-8.37643882097816,-18.4854603221489,-7.58997395860914,1.1266403652792,0.396654845079575,-1.97719619445615,0.652931885295435,-0.519776859411322,0.541701730134149,-0.0538607606750096,0.112670774311131,-3.76537100922261,-1.07123831223447,1.0,1.0,9.0,1
41851.0,-19.1397328634111,9.28684735978866,-20.134992104854,7.81867331002574,-15.6522076772063,-1.66834770694329,-21.3404780994803,0.6418997011947,-8.55011032700099,-16.6496281595399,4.81815244707108,-9.44531478308794,1.31705629332341,-7.24346097400378,0.830910291033798,-9.53325705039319,-18.7506411474674,-8.09264877340557,3.32675827497024,0.42720343146936,-2.18269194560955,0.520543072366642,-0.760556415188733,0.662766638397236,-0.948454306235033,0.121795925829793,-3.3818429293561,-1.25652362136258,139.9,1.0,9.0,1
41839.0,1.23268072280167,0.114310219267396,-0.037344723284586,-0.102178945485552,-0.0830136131285837,-0.780177467035411,0.287102295552049,-0.193268834858648,-0.409613397583634,0.0021524419252862,1.37084563910653,1.20791655588294,0.67200275035899,0.473884569831671,0.104358138755375,0.381024763642133,-0.609688698459748,-0.484780106016232,0.680534426004212,0.0415789064172265,-0.390920139198607,-1.23861848669807,0.125983912900227,0.0434154290744263,0.127602644599275,0.619992276089905,-0.105656430054935,-0.0039007258300171,32.4,1.0,1.0,0
41791.0,-7.22273130585545,6.15577293013926,-10.8264598371575,4.1807791786876,-6.12355510135628,-3.11413648152623,-6.89511228298774,5.16151637665229,-2.51647653288733,-6.40337055173194,3.18605794805635,-6.85557098142662,-0.837722614772195,-8.03661487513855,0.956969643768367,-4.55719345408278,-7.65470424350142,-2.58841864362628,0.718555009324824,0.818859416826789,0.91270032192132,-0.630358133073199,0.190886662173033,-0.0612634320139128,0.379774656663009,-0.266845465234688,1.19369457713473,0.257468457389868,99.99,1.0,8.0,1
41755.0,-0.824385044520409,1.88163860450254,1.5420369914042,2.77875971388859,-0.210195584261523,-0.194231235793002,0.290614293866438,0.354631949798089,-1.70804862159113,0.701253246225075,-0.434185430546033,0.290182591165635,1.25588117756764,0.336721499111852,1.13626068539868,0.0794369639235038,0.0807144728876286,-0.204506256137052,0.841080153599803,0.213580381847291,-0.122820759031933,-0.405749625111806,0.0394931863973436,0.370110846396643,-0.367072115999861,-0.0545269624087004,0.128807464694005,0.136223716234408,7.12,1.0,1.0,0
45639.0,-1.24044412741755,-1.24447491150558,2.07146418211309,1.09117008396961,-0.63789825516663,-0.167192590519156,-0.771009914688523,0.210311313486845,-0.398735159757586,0.586507937611349,-0.767957099362898,-0.190641665703418,-0.709913113315964,-0.439741850090714,-0.160088773457003,-2.39038891107799,0.928226527187992,0.773782110032483,-0.541601126320918,-0.647047596758674,-0.358591215190772,-0.252252501970645,0.24890178230163,0.566719259894225,-1.12875059809658,-0.506058147217291,0.336060882710089,0.19959162044058,142.72,1.0,1.0,0
45541.0,-1.51924353075082,2.30849245367643,-1.50359931953802,2.06410058377601,-1.00084505842829,-1.01689703316417,-2.05973051990126,-0.275166374590629,-1.56220609694371,-2.75579692797163,3.43824825990431,-3.52152936013651,-0.918761288376486,-4.45210024854037,0.499313753853031,-2.90790343439971,-5.24864639527919,-0.936814652613817,1.16012029433585,0.175018552247898,1.30787143187069,0.102825644139183,-0.0177462832428156,0.149695925673219,-0.0966024680642115,-0.369114567720136,-0.0192440931269227,-0.20831909164279,1.0,1.0,8.0,1
45345.0,0.686872992325992,-2.29394315316691,0.255892569444575,-1.00083087336756,-2.0777795791201,-0.746512396130749,-0.478281144661807,-0.317448887064526,-1.87551760134396,1.2005741206494,-0.32883132004567,-0.523856257087857,1.17723659272202,-0.398901435829379,0.745652256091796,-0.15797714522987,0.403313336052771,-0.0656585611207344,-0.376175021783038,0.573603522301851,-0.106677979827935,-0.888044538558168,-0.200133165525441,0.371647896442591,-0.0035770374788988,-0.457032688548608,-0.0330921584175457,0.104641038010745,435.7,1.0,1.0,0
45094.0,-0.922576699183048,0.843303135402802,1.56751552016354,-0.0295313091519462,0.0122941535163766,0.620276442983171,-0.297609537147378,0.804242712551462,-0.133720150813626,-0.792621833194687,-0.506736681714734,0.400098085888515,-0.0684255289360014,0.0919613700401244,-0.727877292228669,1.10562781306657,-1.17593933834485,1.23762051621649,-0.317855823298447,-0.231248149376856,0.243799458654859,0.617660789001167,-0.363089895561609,-0.838712738809691,0.0827403893656759,-0.372473287526999,0.0317787830554691,0.0442801808951107,0.0,1.0,1.0,0
44634.0,1.12127474634697,0.280759294489248,0.672643808177636,1.05978806194816,-0.150754712761595,0.0161005450282886,-0.094644600123107,0.117844176926005,-0.306592041831265,0.123141380842614,1.6810089818732,1.36200191757426,0.545284219303982,0.39130582264662,0.492126722678727,0.200639587854518,-0.513447881992254,-0.385740395311375,-0.400517389132758,-0.112293543419602,-0.192259493310751,-0.554261867687373,0.155131862756407,-0.014429845119014,0.198057648406161,-0.666237831981877,0.0443546574557138,0.0215364320180559,8.8,1.0,1.0,0
44315.0,0.721635497616948,-2.28234299789066,0.0595406090842392,-1.11780015622942,-1.81211682306167,-0.464171435880234,-0.464691410964608,-0.30696554202251,-1.89294148808655,1.19145766892669,-0.711351703749669,-0.505058862997924,1.60284853817729,-0.495791191937654,0.743595253665715,-0.0307003464112277,0.205197477405558,0.0527776931414912,-0.192948729579636,0.610767543640522,-0.135066235084568,-0.949923472391522,-0.265796262434824,-0.12643349222487,0.073336812872852,-0.426975297587895,-0.0314249648306523,0.100242043610291,435.7,1.0,1.0,0
43865.0,0.685724002105903,-2.36871569553015,0.236713822481982,-0.989478531460354,-2.17277771304722,-0.774292273215987,-0.548325934408174,-0.259051559092554,-1.71930922766811,1.23094041972986,-0.500233186356254,-1.07203574925975,0.142097336299126,-0.192756477535892,0.858712560714857,-0.111084193288133,0.464426813587144,0.0594115855883825,-0.3712834585061,0.507164109427178,-0.118203683088679,-0.971718952577665,-0.187034380793207,0.348888970763334,-0.0393089667936107,-0.453911111552881,-0.0398454944597495,0.10247623336607,435.7,1.0,1.0,0
43719.0,0.852068438049169,-2.07421063980509,0.338876431410942,-1.06201493883708,-2.0633657400058,-0.798684075469238,-0.643749063678074,-0.252386438681722,-1.75090760884958,1.26290189131749,-0.454467724590772,-0.929010305064105,0.402351510904332,-0.26707173023239,0.817657208316485,-0.135354341672658,0.446128921881617,0.0079800887138556,-0.345676546992611,0.34968551581042,-0.167145155355537,-0.903759247821029,-0.114541879559555,0.352021426129081,0.0015927537227301,-0.445662525848747,-0.0217944784432771,0.0880939799214465,349.7,1.0,1.0,0
43715.0,-0.236253343740602,1.33623319327216,1.57757921875863,2.93426014319564,0.209898532546265,-0.593300083472715,0.79631412121021,-0.149784331966713,-1.69520421783588,0.736011114985742,-0.305848662690453,-0.466855009202613,-0.156951409756995,0.4974411578204,0.976420525993029,-0.372542379865613,0.218767559641445,-0.145545530199331,0.745276984963257,0.120979025758684,0.10211699826084,0.274136357541662,-0.0758900788632294,0.711293493186871,-0.34965321361408,0.160615919349402,0.135293777131576,0.155128771426257,10.0,1.0,1.0,0
43638.0,7.55406974741191e-05,0.0032831133654538,1.03915870904481,-1.45524089322605,-0.41558140312709,0.222242494019236,-0.26725696439405,-0.0871652282388544,-3.13850866857235,1.65783052448997,0.462083219367786,-0.448272632797041,1.47513124953196,-0.194582660259455,0.519061848299732,-0.692518170687048,0.463261278604601,0.561319791157548,2.56122147282107,0.0200268883825035,-0.548549105853583,-1.25975915978531,-0.0058898174445118,-0.892402929231554,-0.471771595223076,-0.389717538709529,0.024569402843616,0.118028445085349,15.12,1.0,1.0,0
43516.0,-0.672364790316857,1.00686018084324,1.45698048894884,2.05867226346876,-0.610660059300882,0.456350088859462,-0.39894652969365,0.70219673329276,-2.8593028534838,1.61100202128069,1.15014335311264,0.138483984580013,0.161063661199642,0.706060252846971,0.60239034605447,-1.56288948123401,0.506837319533678,1.45892313998323,-0.168427452318262,-0.25290954080247,-0.217917504040735,-0.220601507261866,0.138025136897445,0.17385661927069,-0.648344674492764,0.120183737381411,0.313905812402187,0.138420688352902,15.21,1.0,1.0,0
43407.0,1.00587637281946,-0.142921683073426,-0.206217388503571,0.446406271755148,-0.104089389218624,-0.702250848534236,0.491438998055695,-0.191821817950842,-0.441741086282062,0.0517716173118748,1.20258546068781,0.875203614355768,0.0355182633395464,0.68674054591921,0.0992487724481713,0.335379064062658,-0.615538403719902,-0.253740042814114,0.478664464098689,0.190362783791136,-0.272724328382369,-1.15803694081146,-0.0237771917805943,-0.0022012416037988,0.250711235703429,0.12720342636709,-0.0932562513228448,0.0191754731096261,139.9,1.0,1.0,0
148479.0,-1.541678492331,3.8467996764866,-7.60411417332843,3.12145858452036,-1.25492417272895,-2.08487507838532,-2.38502692521029,1.47113982318282,-2.53050724987995,-5.17565967956169,1.92718574923744,-6.01115469172088,-1.19560144211912,-6.74556131619148,-0.0580910805508333,-4.3251322468452,-5.55806727496643,-1.58053122025709,0.971906321717639,0.114760087792356,1.09640466568909,1.0642221648192,0.0653703316207609,0.257209437635477,-0.693653969054163,-0.335701711683891,0.577051520346345,0.398348367999506,122.68,1.0,8.0,1
148476.0,-1.12509160979577,3.68287614423407,-6.55616794880279,4.01673095104413,-0.425570577758505,-2.03120987003802,-2.65013722169089,1.13124935389728,-2.9468895392379,-4.81640080035747,2.15579608547647,-6.28512495176061,-1.12562538784098,-6.80009808768536,0.924933778626226,-5.23960438819297,-5.01790786864794,-1.34930885911419,2.8686028948655,0.452241310921092,1.18557978155236,1.34815612852908,-0.0536855730897001,0.284121984623636,-1.17446918218703,-0.0878322147402313,0.718789577961977,0.676215948809544,0.76,1.0,8.0,1
148270.0,1.89094302865156,0.253602132290358,-0.286539262574451,3.38649812456843,0.497538124543615,1.2969177953992,-0.496714034396342,0.332508956552144,-0.63329088407853,1.52725070014551,-0.680922070586111,0.17019698143103,0.333666766002568,-0.0086839308847262,-0.971031300371659,1.84884878119358,-1.66060029394081,0.488005371423049,-0.853097837335221,-0.202354852896935,-0.224073949612083,-0.681011496182985,0.251274609823562,-1.53505511894786,-0.431158462367536,-0.311445041857907,0.005587983521825,-0.0471769438035394,17.41,1.0,1.0,0
148074.0,-2.21921860215056,0.727831411106392,-5.45822994652182,5.92484984705884,3.93246382376344,-3.0859842366267,-1.67786998770016,0.865074610405235,-3.17726028894586,-3.41920738405664,3.69317394224412,-3.97843975507806,-1.71859087457346,-8.63629739365259,-0.242964821455265,1.17488417316765,2.13460635695284,2.59436483300614,-1.25758897993879,0.96477180373471,0.41747174595057,-0.817343384056975,-0.0287524020141088,0.0257225108657227,-0.825835343221856,-0.0130890304987416,0.413291188715315,-0.131387346404896,0.0,1.0,9.0,1
148074.0,-0.671281477633258,1.11017474485338,1.28470563933963,2.27230201726003,1.25533597069898,1.54059541881919,1.05813553362513,0.296265222236317,-1.57326447085379,0.342606585929139,-0.662668401661371,0.667267293565943,0.960558460713199,-0.540656927838867,-3.42571882103178,0.917775978236058,-1.24728532596074,0.241315386906143,-1.38626774991179,-0.0019533496161045,0.216070205486023,0.648177790427829,-0.271728619808141,0.117414275127595,0.313878183418967,0.0073552443079737,0.0858219722338564,0.139718248279811,75.49,1.0,1.0,0
148053.0,1.26132423719507,2.72680028914035,-5.43501891203698,5.34275900861121,1.44704301840055,-1.44258408548501,-0.898701853990691,0.123061977888509,-2.74849590498127,-3.20243612238872,1.99136063471588,-3.98641621648026,0.577206841836268,-8.48579450596077,-0.794782274727006,-0.66613426737281,-1.37262938444618,-0.10431295585569,-1.46691055321726,0.313331634515096,0.209086136071647,-0.425937610932652,-0.154439525696635,-0.0188195044268996,0.632233951218357,0.192921615175897,0.468180887290157,0.280486470872693,1.59,1.0,8.0,1
148053.0,1.26132423719507,2.72680028914035,-5.43501891203698,5.34275900861121,1.44704301840055,-1.44258408548501,-0.898701853990691,0.123061977888509,-2.74849590498127,-3.20243612238872,1.99136063471588,-3.98641621648026,0.577206841836268,-8.48579450596077,-0.794782274727006,-0.66613426737281,-1.37262938444618,-0.10431295585569,-1.46691055321726,0.313331634515096,0.209086136071647,-0.425937610932652,-0.154439525696635,-0.0188195044268996,0.632233951218357,0.192921615175897,0.468180887290157,0.280486470872693,1.59,1.0,8.0,1
148028.0,-1.05383960928927,4.36280068444382,-6.02353363697249,5.30453432323767,1.48073829836025,-2.19382145195429,-1.53081679187472,0.62685742392939,-4.03702140926181,-6.28542447506796,3.53614548208968,-7.95962843222551,-1.67342852339751,-12.4579989307142,-0.213884790193602,-1.42413127138773,-3.24368593233723,0.0599561084626287,-1.80233249695937,0.531574093184742,0.397954323754442,-0.945401782696661,-0.376137523247608,-0.220480420438516,0.264002964525927,0.0489347748109877,0.847219840332403,0.531931799394904,0.0,1.0,8.0,1
146344.0,-0.0997238993578782,2.79541433019956,-6.42385558221477,3.24751301512342,-1.6322902693315,-2.76666493059313,-2.31222288290759,0.961014122482514,-1.89600096481329,-4.91934829935247,3.05365441815753,-5.29781140208753,-1.46602972848647,-7.03588005080407,1.99713237234969,-3.83618852542499,-2.51518280017187,-0.864578711859257,2.32892697361116,0.340898315660141,0.647714388377444,0.126575864283858,0.203953480088146,0.0084949976311171,-0.174501150725926,0.575294798178312,0.152875890788003,-0.0981728103598323,94.82,1.0,8.0,1
146179.0,-0.0676716213886392,4.25118050159519,-6.54038835224963,7.28365703710757,0.513540870943284,-2.63506638788364,-1.86591081008961,0.780271626602801,-3.86824834701295,-4.85148719411703,3.87116530391397,-6.88763735718558,-1.7905001483675,-11.2723158701978,1.30136314876439,-1.68983647758912,-0.0529325394075147,0.778734824784494,0.242162496030838,0.519403972453402,0.415436545379518,-0.469937601482284,0.0071280404084919,-0.388147290740708,-0.493397940502339,0.466467724945289,0.566369687106408,0.262990466192685,0.77,1.0,8.0,1
48500.0,-1.30667970795692,-0.239227178160883,0.937651721830365,3.23763208088157,1.32145409251413,-0.932873171293722,0.456607404082954,-0.112992942497867,-1.8512820226768,1.18714920422302,1.43895432208836,0.534733043095115,0.428642300562584,0.565497341333227,0.231040711660257,-0.195056333075239,-0.136257327309015,0.271727015837345,1.15412504158838,-0.12900064102998,0.0685210416273363,0.597552681383305,1.19340489878708,0.530998578482733,0.099943812267885,0.244350928406902,0.113210486607909,-0.113538569237009,1.06,1.0,1.0,0
48040.0,-1.9160356981879,0.883551136277325,1.23080316010662,0.358428810747061,0.248924737554557,1.35748098021841,0.124154479209953,0.207692313639908,0.690224741015538,0.509198776945854,0.280544791787588,-0.294724518061659,-1.80001951104555,-0.0261146675225924,1.27890569655683,-2.03620763554989,1.6228807538975,-2.38534156897328,-0.552407785966142,-0.559544196817249,0.101843223619825,0.256347241902489,0.235905818876335,-0.634648917542952,-0.737752065634254,0.297956663409067,-1.2234830226685,0.282933251844647,12.44,1.0,1.0,0
47986.0,-1.19032769062016,0.732475478968657,1.12322715194852,-0.131748993899585,1.23350825310596,-0.592386082980831,1.05542420547095,-0.066923244130709,-1.08889635909645,-0.454941392976418,1.39798257185898,0.958170890734936,0.232780689003059,0.516094720440009,-0.479959932733457,-0.126077522145354,-0.607875340748568,-0.314541078425639,-0.954716123526195,-0.253689642645745,0.155811193945416,0.433152064291529,-0.421957396773336,0.0415335554776579,0.468602953586573,-0.451108827694868,0.0081845704142762,0.037811501020622,40.1,1.0,1.0,0
47983.0,1.07282298066146,-0.179291521055053,-0.13854866828857,-0.0310735306064452,-0.201359868947349,-0.76029118697284,0.368651807077189,-0.19122062001534,-0.356749370599796,-0.0241736612348431,1.3015325236058,0.991466821077311,0.273347206417189,0.57485040981222,0.160102814605876,0.411308760668778,-0.583617782628957,-0.417141678815388,0.65694695969851,0.183284675561819,-0.345629181149331,-1.31606339974367,0.0581509119122889,0.0363353339491332,0.0832906776993238,0.612569130183018,-0.123963926117515,0.0095918502211146,114.99,1.0,1.0,0
47923.0,0.364376991240021,1.44352346510311,-2.2209073739296,2.03698508634993,-1.23705503097364,-1.72816100636381,-2.05858236489925,0.358895084111675,-1.39330570864802,-3.50579032571994,2.81431415481622,-3.34217599575955,-0.150269366634614,-4.82032224395007,1.10260955786246,-3.15703267184314,-4.40585022452865,-2.55882785118576,-0.208809536741974,0.310979602822284,0.402729680639885,-0.132128891527171,-0.0329771760409112,0.460860836846427,0.560403798330262,0.409366102366135,0.539668285308506,0.296918378210685,0.76,1.0,8.0,1
47871.0,-0.334814508623542,1.18970312022007,1.74860406535785,2.72994916209545,0.291077270702902,0.46876526738552,0.47812814896524,0.19252062976699,-1.84555786575943,0.830895179347335,1.50057375944111,0.30368352746284,-0.0129477243551132,0.561336983815578,0.710986203239126,-0.294731497749722,0.10652205629911,0.212501083669879,0.564722936960998,0.135891106568852,0.338384530927378,0.97817783521805,-0.151153146592414,0.262087669187185,-0.32683346708217,0.330150721807477,0.151411295168048,0.135549715122445,19.02,1.0,1.0,0
47701.0,-0.444534498118901,1.41768989012395,2.26422567691999,3.64035296474418,0.333529364053682,0.316566453275032,0.628598194387383,0.0816813549740511,-1.68055829271415,0.755800916903249,-1.00166406044846,0.0905477993894239,0.77823121533498,-0.344548509348549,-0.966395729262902,0.225439484021743,-0.185604112264268,-0.554983926616079,-0.296611444533328,0.0338481157816253,-0.160765542579428,-0.382481015038699,-0.00107406261001,0.374207638692936,-0.405026737091335,-0.166373017950848,0.148513900269366,0.158439529800875,9.98,1.0,1.0,0
47540.0,0.717927256649227,-2.35227018294206,-0.249264613074434,-0.929458658644928,-1.9270875916025,-0.747869647860256,-0.381426260898298,-0.181039166792993,-1.86428725303473,1.42811902083889,0.866798606854273,-0.947085799137176,-1.50893148771142,0.294342930684963,-0.858700894824496,-0.709940255156418,0.813787670723283,0.403597607281307,0.151855570096487,0.332062099268546,0.0715979874241455,-0.284106178907948,-0.395256511669103,0.516072708603489,0.416999247467475,-0.129407973258352,-0.0725596189563662,0.0652214929552112,404.2,1.0,1.0,0
47174.0,0.418547798705993,1.9388706255521,-1.81456017491395,1.41583999762089,1.10246341771551,-1.54350794547098,1.06055290122754,-0.355066655095217,-0.138541215679395,-0.204592446953902,2.61648750298463,0.171835663480635,0.0797071654558905,-3.75380830800998,0.399916474370204,0.890512816460956,2.43117252304804,1.90376309259503,-0.18192078759268,0.462661712620832,-0.2013805919606,-0.0405399249828705,0.0471530209559666,-0.0149193086418917,-0.401823936611926,-0.439206353908622,0.302225506269175,-0.0967862694919253,0.89,1.0,1.0,0
46543.0,-0.483426480076818,0.401604788092088,0.931243009112724,-1.10289586686477,0.198644691050801,-0.770955975177887,0.489197862502756,-0.27590203854498,-1.7951689998469,0.43810116115246,-1.01126188384085,-1.4588351230659,-0.162369992773415,0.0586643991127743,0.763212096873834,0.562871735829744,0.464091359524787,-1.06208373502098,1.81347830178643,0.236775653546811,0.212187204924476,0.452237375729825,-0.483860029175951,-0.290370675677272,0.704567360985698,0.0827001176009705,-0.118080963819873,0.0738941222609929,12.0,1.0,1.0,0
46159.0,-0.601198342493885,-0.56866613815354,2.04829490475903,0.940041605336532,-0.838668489230828,0.841240786594452,0.333478794014159,0.0024453891181202,-1.88336810666396,0.957666327884671,1.51658900434661,0.528200400065829,1.16173272397859,-0.165390376397263,1.38851585958341,-1.9249446136375,0.157666586276439,1.90640084260297,0.271429104391509,0.401207589253662,-0.0195661411112392,0.22139846188146,0.338975633755949,-0.0202147567390448,0.178128598484091,-0.0352095830302668,-0.159315872822695,-0.224414212037847,221.0,1.0,1.0,0
45970.0,-1.59386175419455,0.371746555210059,-0.515020124386013,0.405749683731526,-0.53954627218249,-0.356476509874428,0.0018997375084209,0.641152415484716,-1.61926537520313,0.53469378663382,-1.82285784004824,0.421168273887329,1.63275094048736,0.356459854023355,-0.140806691123309,-1.8163818087896,0.319543854140554,1.39525016246772,0.135480470394754,-0.115466058413801,-0.232020589520652,-0.23156950778944,-0.103015499868246,-0.423226789479015,-0.248293517374356,-0.278831331101901,0.401570420662901,0.0510413548897465,112.74,1.0,1.0,0
45645.0,-2.78075273406078,-0.029253673704328,0.679851736144664,-0.717151321172553,-1.68192988398053,0.741212881547607,1.2711463688155,-0.271967597030732,1.68797180432034,0.810428465721565,0.429677251681124,0.352842865981131,-0.756348761425058,-1.05789076969441,-1.37988908843655,0.389272752644766,-0.755507316881727,0.0147568370566048,0.327145389909421,-0.757665934669785,-0.448737468698341,0.0984089687258689,0.0521276637725905,0.0939646727800557,-1.01145701283723,0.417874367346,-1.81949106287619,-1.24424138253795,236.01,1.0,1.0,0
50296.0,-4.29536919288525,-5.27574029336224,-4.01007750931284,3.09830815000413,-6.78586092907557,3.35234900562965,9.17930539752559,-0.519241907185832,-1.5116225225175,-2.88813702032587,-0.821164032813201,-0.679191633887534,0.808111631838729,-0.863695572105041,0.495423961587103,0.451692647201146,1.10164864822936,1.63443773473299,0.14254000570934,5.58605953308145,1.46488416764489,-0.0077472871959618,5.84221823535082,-0.523576529372979,0.836113621081231,-0.3043907502121,-0.621001211183715,0.274851246497461,2528.61,1.0,5.0,0
50265.0,-3.6300510147463,4.97215496159785,-3.9252058982141,0.653086381404574,-0.375430689369076,-2.02446825681066,0.299105672522764,0.542990790946012,2.92562942863089,4.43035709792262,2.62681443421239,-0.458325685853909,-1.82728916352262,-4.07745237333145,0.78689233312968,0.713014281094327,2.68430789776109,1.87420741829205,-0.709142255988787,2.19463380467408,-0.666696107491462,-0.446311836527681,0.345525478542636,0.0705421499154452,0.271771023772028,-0.456449219847162,0.985847344800977,-0.0477960016627631,1.79,1.0,6.0,0
50184.0,-2.48768470226557,2.15780728426176,0.867129991668652,-1.78365967882385,-0.511681166790383,-0.521411472519422,0.248619421767872,0.48588041122311,0.945792100959432,1.52425483219637,1.79214450265859,1.16759939395803,0.331481761126961,-0.286212465143184,0.0861086721865305,0.310690926838389,-0.593673509210749,-0.523390599505358,-1.04924150284962,0.904536226098271,-0.198502053344716,-0.0228137359840548,0.0672772082941522,0.239807153172555,-0.0994467007440525,0.722676401717462,0.715325827363839,0.3070703954378,0.77,1.0,1.0,0
50172.0,0.753885851472677,-2.28608386534388,-0.78630834164986,-1.15274291372017,-1.00626091696332,0.167495224205087,-0.178666002160562,-0.258892359589852,-1.90676207985304,1.13110403280867,-1.26807410151028,-0.621918518618134,1.27029563003235,-0.437813148074969,-0.0875735601220972,-0.958706433335747,0.760215874347479,-0.445803064462181,-0.0646209144078353,0.54292039947445,0.0125218108062652,-0.315754139113588,-0.555650926607012,-0.87134459883404,0.611053040594556,-0.0189625183545169,-0.0426134276669068,0.069805519490593,430.66,1.0,1.0,0
50162.0,-1.22212021194289,1.55233893258913,1.76000135599865,2.77447974138461,-0.213051597742248,-0.0329105058306288,0.176960486253135,0.466071064441767,-1.93953223390269,0.758439771111562,1.1990494917236,0.203405038627954,-0.356464599894334,0.845403133447102,0.56471625971828,0.191119673357154,0.0571467999588516,0.406658346216668,1.18123995550095,-0.0839748739055936,-0.0233406290052828,-0.293849968004962,0.0325139138377888,0.498056250356874,0.0149121987171341,0.0534695546235698,-0.278784549031932,-0.0181502229908479,11.74,1.0,1.0,0
49985.0,-1.55421636788274,1.69422928947167,-0.903333638062708,2.42543608490852,-2.89978748492542,0.133028430446298,-0.286225919411127,0.555944559014401,-1.39491838156524,-2.89261176082088,1.96223597455109,-2.38526266137636,0.458337202321203,-3.72454345377605,1.84397832505056,-2.01392370780293,-2.81560029569659,-1.09229027232613,0.139687230416985,-0.0323343863075664,0.493436338989664,0.733393182273647,0.202349959595007,0.492053700892718,-0.183790909215829,-0.19991711985608,0.395200622125666,0.0276930320930062,360.0,1.0,5.0,1
49588.0,-1.15981257223535,0.462015685890065,1.00640910489136,0.176528855220829,-0.306891545236573,-0.305325337073195,0.118089651949461,0.540895137742689,-2.30983017762269,0.550805052891955,1.34904099787972,0.657727176824657,0.171614492263523,0.870484805177724,0.313431182982261,-1.92006157403616,0.44933998635049,0.968689358514787,-0.208738390322993,-0.151079744702872,-0.502994470424205,-1.27361170952215,0.285463407668494,0.111621761979296,-0.282865014700049,-0.660638588119744,0.255706490036863,0.0578177465265655,65.0,1.0,1.0,0
49552.0,-1.2299498957419,0.0556500776162932,1.13651253804436,0.324099317552084,0.865784090066609,-0.680437666809717,0.742094588229867,0.09376428733615,-0.647308278102269,-0.243588456723491,1.43570031034093,0.576842672525155,-0.857985643111861,0.659669119165971,-0.235512308879761,0.190893192896388,-0.581356722755393,-0.517659861487393,-0.7915813964171,-0.309611792456731,-0.246541012203887,-0.782823185754554,0.805365347615599,0.0988022310306512,-0.879154327025798,-1.1007936164964,0.104429704279856,0.188705202436024,51.5,1.0,1.0,0
49392.0,1.21885814180391,0.237810401443144,-0.0778172713269392,0.350727525837875,0.0466049408190904,-0.723556597067475,0.372475343990066,-0.18489785790203,-0.491505152370888,0.0907103520002597,1.27016455744218,1.08925685284088,0.429624332019292,0.579290223073274,0.0409925446519123,0.302327091969801,-0.643252591520915,-0.325925965318149,0.51162284415837,-0.0064718791726327,-0.33477587278721,-1.06743004748013,0.068705615640966,0.016188668375645,0.305554686247617,0.136977707494708,-0.0698747247244187,0.0010382760422326,29.95,1.0,1.0,0
48990.0,1.08185732865378,0.248327163087025,0.190248038945496,0.996115609869488,0.187142707850227,-0.0019350242231328,0.233949556346274,0.0483604586830578,-0.495731220694936,0.12725074501661,1.42885225440107,1.15387520098568,0.305042291931484,0.618875954939942,0.415619035700493,0.161605332570392,-0.536622026770619,-0.578250788601026,-0.120809897889745,-0.0399413383199464,-0.380873317240038,-1.24517967862363,0.159872869282383,-0.383997407404547,0.182554072333866,-0.811944694561575,0.016107860891517,0.0213183030271122,51.0,1.0,1.0,0
48982.0,-0.75191158450743,2.2117205685462,-0.209374747200769,2.87311843196691,-0.212067774685949,-0.735141640342052,0.213503284469212,0.661884369570794,-1.65834894625099,0.990086873728718,-0.866537426049705,-0.0180662500251789,0.319306277956617,1.05972815082861,0.663121403135619,-0.200112262315612,0.380685287573511,-0.0830680043404529,0.72011380289847,0.0868204231034045,0.192003760907358,0.565337081204069,0.161600238430024,0.406850391319903,-0.914194857319179,0.106562043004444,0.347469342421958,0.245533558707318,1.0,1.0,1.0,0
48930.0,-4.11204715550433,-1.78753838532198,-2.69904790818706,0.599600849208777,-4.16779034173524,0.666540437597917,0.776704571073178,0.0760346416248685,-0.435802402680723,-3.43074560833091,0.0438562225393664,-4.02340979865891,-0.714060822293063,-2.95768280723168,0.994966044442971,-0.860665421810396,-6.23709917065191,-1.48153121009374,-0.184775013687452,-1.1890657563548,0.108683989326295,0.0814206099080193,-1.33108138108244,-0.365311844091212,-0.270780210857975,0.94897601904363,0.960033659850954,-0.530256855912108,911.09,1.0,6.0,0
48863.0,-0.586505425494348,1.53901761499396,1.64858422308659,2.79357388484519,0.496052958017766,-0.143748823617741,0.905607520097285,-0.070447584661398,-1.86545108132119,0.718514747556069,-0.0797940810113564,-0.651368868266824,-0.58041108602065,0.646683967410988,1.29304104890454,-0.798396436584375,0.61025813631694,-0.623774862615132,0.495096947260235,0.0525540948650241,0.109159011710279,0.266806543284258,-0.294453082889795,0.416420735417877,0.28033223511879,0.350845849586503,-0.0750386191319962,0.0764355220895636,2.4,1.0,1.0,0
53451.0,0.385108461103674,1.2176203228402,-1.95387216540948,2.08707599095328,-1.14422540643716,-0.57688799482478,-2.58286504391682,0.643229999334504,-1.19123269237613,-3.09509360697848,2.82114488798301,-3.1005456578695,0.146199374342408,-4.51012391529804,0.574490022660784,-2.12346278453199,-6.05331938825344,-0.70637615273475,0.572791028207014,0.380545212283106,0.594623132460925,0.372143665842342,-0.310455791389476,-0.624065148802846,0.840216130296559,-0.159451766672991,0.599482364663208,0.288915549852885,8.0,1.0,7.0,1
53106.0,-1.33476540724669,-0.589509567932933,1.72113307579483,-1.41317529137634,-2.3709678782758,1.06863028704623,2.96668104108225,-1.15246246920631,-0.533479497636804,0.351226834067921,-0.147943129166702,-0.496806461767851,-0.0917275869189599,-1.19306448080887,-0.295254310819478,-1.89356635281453,0.0962905883933934,-0.0825073129116263,-1.25338343527627,-0.921472945066304,-0.944448843455182,-1.05076441790826,-0.259755793035513,0.471164181978996,-0.12828734273401,0.656729622350909,-0.468611975599877,-0.727746833953255,550.3,1.0,1.0,0
53031.0,0.206075454303215,1.38735982061524,-1.045286987034,4.22868619369076,-1.64754917421782,-0.180896946218666,-2.94367757476862,0.859155533266087,-1.18174300683428,-3.09650359868717,3.20091235546057,-2.45083242908802,0.316619878616412,-6.39717031528651,-2.12972836543767,-2.42737307534442,-4.44847225233098,-1.21222044988735,0.0346554556282822,0.351484399563241,0.46919942584802,0.344930464195865,-0.203799378001586,0.376640378487856,0.715485489514387,0.226002880910544,0.628544616302757,0.319917987612491,0.76,1.0,8.0,1
53008.0,-0.741520634752151,1.0680063834634,1.12953168973977,2.49534977833732,-0.0439950815573734,0.183553931856545,0.345177075356947,0.654063814258543,-1.87765314958127,0.413971204882539,1.37984217181554,0.320686329583171,-0.711516989609987,1.06582046681381,0.354094608079796,0.257215692224362,0.0855118282591396,-0.423907863510081,0.145384404129602,0.0407695220686377,-0.230830844238127,-1.14946129209942,0.438292397034943,0.118568656629012,-0.523448868870399,-0.385681749356394,-0.131312237768177,-0.0996432034566618,74.54,1.0,1.0,0
52997.0,-34.1482336513529,18.9024528401249,-33.6809840183525,6.64883521192588,-23.669725685634,-4.47291749029521,-24.4194829439981,16.6359789139688,-3.95725053359764,-8.35296421013585,3.14665419913865,-4.09503296483535,1.28056192278127,-2.75158652978476,-0.382589463505861,-4.25829205614401,-10.0326989237997,-4.46636001200011,0.0782702501075316,3.2035132195966,-0.603248170897859,-1.68906381718245,-0.965297789832375,0.131673870088845,2.31968239133333,-0.237727293532456,0.964015631992634,0.456213820536782,1.0,1.0,9.0,0
52625.0,-3.34317862757404,-4.36787419746975,1.47304493684716,-2.23605189948253,0.253391472777175,-0.151884137780836,0.127370620123576,-0.314124308324725,1.68639018183434,-0.614957573092085,-1.82973858124464,-0.616310936873499,-0.972326283199297,-1.32985475895707,-0.325502251077819,-2.3744965539205,0.151995073342335,1.22626541676778,-0.0752925522958273,-0.87797489297665,-0.629344217992632,0.0865181143936159,1.55907113841149,-0.777234948812042,0.719828396850905,0.0890067420079609,-0.429636549266524,0.23196047186486,257.5,1.0,1.0,0
52580.0,-1.27683822548235,0.659463845446125,1.56669759270993,2.77729700556467,1.35152181950713,0.129769052937219,0.862727804138238,-0.257339245106939,-1.98840554462442,1.23673578911367,1.65658679982193,0.527155946637054,0.637680387458651,0.33324616658306,0.586120115514587,-0.618636497723359,0.0483172214900265,-0.212133892408829,0.933859632032657,0.128984211883611,0.0762793903052584,0.410542328588225,-0.378548688754149,0.0712610752285676,0.324272094278303,0.314509385049566,-0.36697680836942,0.0152681458108809,60.67,1.0,1.0,0
52495.0,1.10916682503689,0.294872743717911,0.0100499466242287,0.877510292206163,0.316389428544982,-0.0847351864053674,0.351637028230035,-0.0181314421534347,-0.545119609030007,0.0778167210151422,1.46460493187959,1.33584442410448,0.607386916205416,0.598836243804954,0.281879181311293,-0.0356918443081151,-0.481951034103655,-0.6047973479865,-0.0557878188292294,-0.033386852442255,-0.299140108122152,-0.948202657697378,0.077488381339411,-0.341350252290543,0.353275438185328,-0.715536625464211,0.0127008910847656,0.0155706213102364,44.89,1.0,1.0,0
51621.0,1.05668502137957,-0.0589635128973223,-0.176726951773497,0.425042581608813,-0.0781511041841376,-0.711715348280953,0.456539401059651,-0.184995550969883,-0.438643310542648,0.0640212088012227,1.20220865674425,0.874120351010155,0.0308293252336639,0.680786330720149,0.0959402467587173,0.331910237689705,-0.616318122345915,-0.259128577964252,0.487064427368829,0.136803878605221,-0.288660309512116,-1.14415611470609,-0.0005963848923193,-0.0035507597597236,0.260367950741157,0.130008381520655,-0.0882869465306883,0.0145961766596018,113.6,1.0,1.0,0
51496.0,-0.557205345197136,0.99448730075503,1.58643830961225,-0.145780204661351,0.180825038288389,-0.746513534782134,1.08851056731588,-0.339373772146919,-0.643905600928433,0.0895091870926649,1.56620047404439,0.55456985201635,-0.358917360145537,0.284479711319256,-0.0220079154377004,0.110619264409798,-0.60110176815652,-0.279473773016726,0.48436661246168,-0.0417953982992377,-0.350462584641251,-1.03728964631025,0.158549666921575,0.48047037735703,-0.750646280476899,-0.293776336195298,-0.342621439036529,-0.100132766745168,16.92,1.0,1.0,0
51112.0,-9.84877583247984,7.36554648639464,-12.8985382309124,4.27332307326376,-7.61199101126967,-3.4270452374345,-8.35080815251842,6.86360392236365,-2.3875673251028,-6.06578236274727,2.70785640511515,-6.13603446645473,-0.545976095807375,-7.02898027290706,0.916068574603162,-4.09288449351717,-7.01462170672071,-2.5309672589153,0.554027499068527,0.832398066019608,0.931958309450931,-0.87446736131737,-0.192639469446569,-0.0354260265633338,0.538665050436448,-0.263933516556866,1.13409509350836,0.225973163975667,99.99,1.0,8.0,1
51064.0,-1.21276643523987,-0.563560191793216,2.22956667911493,1.24376678752326,-2.20896406323244,1.05436960420815,-0.163655167445453,0.443321929086109,-0.287435759546863,0.248976363225703,-1.07214977559631,-0.00882609130728,-0.424211624743792,-0.810792301247185,-0.777162974382834,-2.77283856433307,1.35808890703407,1.0024637166766,-0.14448919538002,-0.50138491688238,-0.161918657482936,0.57271527256522,0.331970669427373,0.612096087132509,-0.316641519315405,-0.0771773969430893,-0.0255638055948803,-0.204295927449164,224.26,1.0,1.0,0
50849.0,-1.52662764776998,0.63072584682371,1.49886621808401,3.01575288768943,-0.740587107408774,0.993600768709486,0.770959682982425,0.652351412751376,-1.63911195926809,0.32885512569991,0.465238688961511,0.616545028094194,0.383562282327694,0.332781393211139,-0.557728229410382,-0.0296982710104391,0.188568380340933,0.398592769103208,1.57834358310125,0.857757349527738,-0.0225127422209946,-0.517359820971943,0.43782726813873,-0.0211194669930073,0.290330741892823,0.115141875825939,0.126940461237452,0.0539404067466802,265.47,1.0,1.0,0
146124.0,-3.60045436478296,-0.825290502241418,-2.16147519130034,4.35324917716411,0.899176586209448,0.185830576695143,0.586467290296387,-0.0717510184327571,-2.45882521334671,-0.801041864042459,-0.591057103453666,-3.69821118297311,-0.0370239843165709,-2.50873286375783,-0.878639761699084,-1.73826823828697,-5.18643213348425,-1.60388634094421,-0.132415410939564,-0.896459273423107,0.276135920077272,1.22047850118422,1.47450255852049,0.0278126327320381,0.753497917522481,0.403267736652768,0.416445904217809,0.77028505941831,302.65,1.0,8.0,0
146022.0,0.908636658181293,2.84902401493181,-5.64734296336341,6.00941477810058,0.216656395035464,-2.39701442397293,-1.81930788593969,0.338526987742346,-2.81988277297887,-4.06309810827338,2.94119009271712,-6.15136219091534,-1.98952853525001,-9.15095100562097,-0.604289998808266,-1.95229039984463,-2.89255533222526,-0.912057960709434,-1.56373996709776,0.241921294746754,0.407260461266497,-0.397434852530952,-0.0800058534116311,-0.168596545191964,0.465058497798457,0.210509756241616,0.648704799002062,0.360224330288316,1.18,1.0,8.0,1
145703.0,-2.9654390360205,-4.07085782447484,-0.998085524752835,0.156974510805692,2.72720786470291,-1.38501628342256,-1.79139686377635,0.89688213204392,0.867670803637675,-0.682046062071045,-0.813816452266965,0.390398458602275,-0.508051026778068,0.84462486646403,-0.0096034256777813,0.8928231333391,-1.28253568163253,1.74779778339514,-0.0377065260026697,1.07944637553523,0.916335585689102,0.960891368241902,0.44532743590501,-0.359291886637246,-1.83371717348951,-0.955410409414796,0.327194365552892,-0.312906120844821,136.8,1.0,1.0,0
145381.0,-13.7107455256637,-21.1779116100686,-9.34062792517221,8.38581515657502,-22.7560156684618,14.435314486105,28.2395282095682,-2.20181867373945,-4.713334858226,-6.23486185513021,0.0680113506680309,-1.9453328719086,1.93261740481467,0.633732046298911,-0.100251075660679,2.99197079433903,-1.73661946272041,4.07939003491145,-2.4750250717662,17.8852381953126,4.99329619748485,-0.0456816435377854,19.2281690825742,-1.42044691726733,2.35170147338921,-0.353840080069062,-2.60804295699181,0.80409922319203,8182.7,1.0,7.0,0
144808.0,-2.40520709191687,2.94382338959853,-7.61665422068905,3.53337387196109,-5.4174936280787,-0.112631914902059,-1.32937156302318,1.70941680752813,-2.32271560874193,-6.54098852025393,4.4045784815908,-4.93815929027047,-0.740984640079332,-7.46296062676276,0.534967659651097,-4.67103153190135,-4.47240325411649,-0.982089900241056,3.49006859270908,-0.338706731161814,0.652683371514066,0.414132296621078,0.0238690731255201,-0.260616387490787,0.405316462428397,0.0291067415861135,0.519806551904182,-0.469537113503405,667.55,1.0,8.0,1
143763.0,-2.00214432597215,0.719925705709935,3.0705798515257,0.147295827570151,-0.849638992774384,2.62527993597696,-1.69767533436494,-3.03044913758117,0.931333124720705,1.8362812526372,0.0664275385847579,1.1492942898761,0.826571313837252,-2.13531472101062,-1.99405571297539,-2.35343474191401,0.294213682057219,2.05681508756793,0.317781955551653,-0.477573064414759,2.57054896003799,-0.571792374393652,-0.115961666866364,0.67420302378144,0.563294564386993,-0.250116115692461,0.379730172863008,-0.349597765369098,20.0,1.0,1.0,0
143438.0,-5.25643383358625,0.364541282922338,-5.41208501568175,2.40003149118237,0.697301198779903,-1.99875502849663,-5.83553244176087,-0.887739383363895,-2.82828664079509,-4.61450773315675,2.71069667870109,-3.15815569757752,1.0836091478793,-3.41515194777416,-1.05387003179712,-3.75103073303678,-9.26164098662644,-2.95516522195402,0.606570797159568,-0.403684910413759,-0.648259076792221,0.511284975320154,-1.11004452267604,0.178986970607497,0.22023534750991,-0.699808550320153,0.580486716857456,-0.173629869645159,8.9,1.0,8.0,1
143434.0,-2.7294819717688,3.31249456257958,-4.24271044395109,5.03698507739508,-0.376561160600044,-1.53246175254658,-3.44915850302961,1.85683931947767,-3.62333368933656,-5.6536376856402,3.94231582587852,-5.8837243606062,-1.34781373713666,-9.26612018494559,-2.4595563246821,-2.20564448269106,-5.70908680498665,-1.11393664017816,-1.55653021213315,0.164287792503557,0.72741506386268,-0.301431744500987,-0.502433327315861,-0.462308576168739,0.510682747439828,0.0466646930679243,0.514645779891103,0.140998673095746,1.0,1.0,8.0,1
143354.0,1.11833065981936,2.07443887131076,-3.83751827706316,5.44805969239449,0.0718159680535395,-1.02050922759556,-1.8085744418815,0.521743506077524,-2.03263824879436,-2.73279196653765,3.2740753098509,-3.541687479312,-0.946820179878694,-7.55572894101666,-1.7670051458427,-0.642332574056763,-2.11442919291931,0.183327412773884,-1.17779250651196,0.163513485137887,0.289861124197445,-0.172718010367512,-0.0219095177813472,-0.376560088595995,0.192817419134693,0.114107224212598,0.500995608471866,0.259533270224708,1.0,1.0,8.0,1
142840.0,-3.61385045502803,-0.922135693038651,-4.74988736419275,3.37300132781874,-0.545207025424103,-1.17130106266974,-4.17231457141019,1.51701594293521,-1.77583268078792,-3.75405392305562,2.73157578227581,-3.48937464729063,1.54738008909916,-4.57126773103714,-0.517958568740869,-4.23908653141223,-9.25063451000699,-2.4348278029986,1.98738627690236,-0.320540972806239,0.7867870185412,0.893064859228385,1.03490656705841,0.097671080445461,-1.34555112500186,-0.788328913242689,1.05544197476733,0.0999714026087802,144.8,1.0,8.0,1
142536.0,-3.74330691470954,-2.12870910278961,-6.30047316062368,-1.16933972303144,-18.5676214469916,12.0587633474039,16.3340913350001,-6.09384124794988,-2.34828148041267,-3.65181054610949,0.123366178190851,-1.26227424175532,0.450466081671734,-0.207775081597395,-0.895932408929099,3.59487468342043,-0.667495779393444,-0.579207163842808,0.991015138854144,-1.52500598703012,-1.73319751856102,-0.164386998153708,0.951098098371968,-0.73273464101325,-0.15311848930066,-0.432520726460536,2.77518687490226,-1.46137542894769,4102.74,1.0,7.0,0
55709.0,-16.9500636620579,-16.4173945674006,-12.5233807446677,6.55563794052056,-27.7529636622286,18.0720312608985,28.5040653746232,-10.1522197291111,2.12467349271092,-2.85601366086243,0.121804270595809,-1.61983443201763,2.23110714764397,-3.04154007715448,2.63040092893107,5.00009588690437,-1.74547236848858,-1.12916688395342,2.63962359838722,-19.9026107918504,-5.93259400517973,0.0500972502803069,-10.8559487224695,1.55040741001071,-0.502172254002991,0.821713980107178,12.1524011068287,-4.00983880392896,8790.26,1.0,7.0,0
55618.0,-7.4279242314783,2.94820920837905,-8.67855038407896,5.18530347959595,-4.76108997261691,-0.95709501604379,-7.77337978477431,0.717309273781191,-3.68235923846278,-8.40315026242229,5.70520550718269,-8.6407464115182,-1.60292501896209,-9.46613912320431,0.137324186945341,-7.30324272860725,-12.4480392359586,-4.33283424125087,2.35202964025176,-0.123085015912889,-0.299847070706951,0.610478813685703,0.789022761446755,-0.564511939509452,0.201195825477742,-0.111225430586455,1.14459850910478,0.102279545438297,130.44,1.0,8.0,1
55614.0,-7.34795494690262,2.39704134824746,-7.57235581757844,5.17781925521834,-2.85483828261718,-1.79523877381611,-8.78323473517424,0.437156561210431,-3.74059750992972,-8.33286306292127,5.76318940883843,-8.70787929219866,-1.71694948774786,-9.57719439289905,0.146369002626258,-7.58649078643175,-12.5039309695675,-4.37563101237668,2.46519487038601,0.0731637913502985,-0.175273369741836,0.543325051876651,-0.547955067054245,-0.503721690122004,-0.31093277648824,-0.16398601754964,1.19789504657005,0.378186688214491,0.83,1.0,8.0,1
55376.0,-1.59185924942261,0.158465489610647,2.64853051453987,0.969248004678512,1.68215170250718,2.0368231510938,0.895062203348182,-0.232312209224242,-0.289234879683618,1.24986572718308,2.11139349924474,-0.100721173305381,-0.935707161070765,-0.638606814558424,0.74100385374361,-0.211817131006873,-0.527077101981466,-1.37792502414658,-3.00640735753835,-0.534937831657511,0.0604258343767909,1.14526990062363,-0.0426949615768168,-1.03850614948683,-0.292744313229789,-0.11058024556655,-0.864191752786498,-0.888284365924501,37.16,1.0,1.0,0
55311.0,-6.15960693036327,1.46871292315117,-6.85088814665684,5.17470627250374,-2.98670392387712,-1.795054145699,-6.54507152628193,2.62123613805269,-3.60587012643541,-8.12216107491307,6.02903256317613,-9.22585530778592,-1.54675863096913,-10.3093341893072,0.308062393533042,-7.78732622111619,-12.8221770045808,-4.36767713342358,2.64398422133793,-0.289829585956863,1.06131418230601,0.125737468595024,0.589592331660844,-0.568730604518481,0.582824720935876,-0.0425826450995479,0.951130233081124,0.158996023697089,0.83,1.0,8.0,1
55279.0,-5.75385192191905,0.577609830544052,-6.31278151817008,5.15940136394611,-1.69831984974091,-2.68328644007023,-7.93438913772177,2.37354992013064,-3.07307886895315,-7.14513662527302,6.25006758982915,-9.15082268467043,-1.37614146959781,-9.98258470738767,1.2022169675584,-7.56504249195105,-13.691474448179,-4.36686728138342,2.18142273556017,0.0175000205275833,1.17785240817647,0.175331359039045,-1.21112332108691,-0.446891081681294,-0.405520352964176,-0.165797490498776,1.50551591304239,0.359492050360598,1.0,1.0,8.0,1
54826.0,0.0560970705914074,1.4627131740491,0.804442808610296,2.73154935129747,0.740185473446336,-0.244165605231251,0.971646797305022,-0.199132218352329,-1.73473691572947,0.823235280629433,-1.01144765399973,-0.573500592508163,0.264330328928028,0.493954152143521,0.850479104235644,-0.274530201616823,-0.0798342230095004,0.0257034529417244,1.04308961592583,0.0951023778137956,0.104839992237225,0.365745214060625,-0.175085844527927,-0.0956697750921381,-0.470202522993643,0.208743267560416,0.177138631715768,0.180401703921826,1.0,1.0,1.0,0
53937.0,-2.04260819938332,1.57357807373238,-2.37265243271278,-0.572676430720841,-2.09735276458226,-0.174142123011242,-3.03951978687359,-1.63423295064356,-0.594808638750073,-5.45960189444545,2.37853722491518,-2.33027064686235,-0.24623272486659,-4.05852343611281,-0.316983146603949,-2.52266081131673,-5.60340034818128,-0.778439963776289,0.860211793588662,0.825565985313424,-0.723326195587733,0.501221637302624,-0.696892260580304,-0.600513726439022,0.127547028812739,-0.786072220292301,0.606097322391548,0.171696507911815,261.87,1.0,8.0,1
53857.0,-0.44954814799952,-0.149971059634765,1.83279113456322,-0.283062731115435,-0.882001497023652,-0.396118979108765,0.220285027700319,-0.264006943427558,-1.65517976244508,1.11207482160106,1.39786675189862,-0.263627884665866,-0.40420192951661,0.194801563749676,1.13162483682301,-1.82179853218554,0.306344017303646,1.72525657053546,1.29088038300171,-0.151153325692376,-0.38117476077715,-0.520835372441414,0.1305550208979,0.540717784952697,-0.578599948251685,1.07134223380711,-0.20891934232493,-0.115796194332918,75.4,1.0,1.0,0
53809.0,-1.30918214769917,2.6435907932274,-0.673922455385179,2.85627513138195,-0.569337311915502,-0.807563622342546,-0.158952446920791,1.10135827394009,-1.63638477014371,1.07511430887175,-0.991934542202431,0.152057150303721,0.380580135620248,1.30539599075349,0.638050810421043,-0.100244500751759,0.540600820242174,-0.0610165946567792,0.684911592568357,0.107870923044316,0.20537738926975,0.532638442660823,0.229646498185422,0.401670412380649,-0.838382428481725,0.113538507225576,0.326429728739894,0.24385307065456,1.0,1.0,1.0,0
53787.0,-1.26561219650129,1.32273916909113,1.77987272582471,3.76008577468822,0.414950635238085,-0.323028363084603,0.156369128295455,0.512899791529331,-2.23964247307581,0.758704064829864,-1.06785276296403,-1.08917531493455,-0.909663822840879,0.826577984421826,0.576909634968092,0.6313138101045,-0.0881114016639138,0.148236194665765,-0.344488010961032,0.0238710305836892,0.142686758529687,-0.0404067142227465,-0.266342579059612,0.356658108255099,0.306297163517789,0.211461857815843,-0.0724803731427266,-0.06944236458782,1.0,1.0,1.0,0
53680.0,-7.44778664308582,-3.47724400238466,-5.3947503442464,-0.0578399231693364,-4.00721104269407,-0.782689025519211,0.952952006219666,0.526612197243175,-0.0353404784850757,-4.118130287729,0.187463256221884,-3.1042903292662,-0.603549652275441,-1.70877731855254,1.47979489802614,-1.91337018476017,-5.33184279918164,-2.02500300599306,1.45178644906653,-1.34690414620334,-0.421280748212449,-1.35660050912611,-1.83196849223006,-0.344962765090319,-0.300874664401403,-0.456095711127623,1.19192320464726,-0.850235125003447,662.0,1.0,7.0,0
53651.0,-1.31136824504181,1.04010650530677,0.710801994720165,-1.01524706255911,-0.74900502253853,0.364519932780527,-1.28959841337192,-2.22560881441434,0.743584528109783,-2.02223195668912,-1.52858122853028,1.1155139786763,0.891614315320784,0.192346334871796,0.702753508948084,-0.692904332309641,0.254808271831492,0.627572693463705,1.64558279167747,0.5637841458265,-1.04286373481363,1.26294890390742,-0.224225956853306,-0.371723727382664,0.0834538488382375,-0.462920843980795,-0.0094835290795053,0.0530632255845619,30.39,1.0,1.0,0
58060.0,-2.63059770314604,5.12575923008793,-6.09225454651378,5.52739306209755,1.60514485494011,-2.31988352953118,-3.20707570564086,-1.48258321071708,-5.07487063178104,-6.77833138248069,5.72525459149638,-6.94917182528041,-3.12779501198771,-11.090424813263,-0.800272569362332,-1.70750085360527,-1.68547301699574,0.274890838662414,-2.02888535240153,0.948863770149954,-0.527474204141788,0.220546094514546,-1.37110989476897,-0.504898994517705,0.382306792598482,0.395527722278956,0.782035950782542,0.62852786395406,1.0,1.0,8.0,1
57994.0,-2.40197984927938,-1.68403054376457,2.2388914656316,0.577866759629488,-1.27015317367338,0.867901951721154,1.3372894585917,0.380959364861779,-0.400667296659576,-1.08859075271306,1.28656963997304,0.298307494492021,-0.451874948345399,0.116654824806505,0.620709636049665,0.923877466827938,-0.896078417035837,0.981390436001745,-1.61094621232965,1.28998536252389,0.787019164409955,0.963388026170471,1.15924564973704,0.146980449879189,0.493447068139172,-0.339668387212618,-0.124882453521103,0.128869150312913,575.0,1.0,1.0,0
57616.0,0.808537249008939,-0.550488936977888,0.373900516745421,0.448587640654494,-0.416722283677575,0.188481783789065,-0.0409964952811646,0.0920672749899581,-0.118933322926391,-0.0736178122055457,1.47430302305878,1.25286751440795,0.748984732150965,0.291661582130609,0.727364727730369,0.459749059717273,-0.586184993891947,-0.278355227962782,-0.174613778947659,0.333795331257819,-0.0429849222574194,-0.550470558647917,-0.0482446152963455,-0.273367319211154,0.0077738452221385,0.217637895345024,-0.0466310010244902,0.0402661145069898,198.0,1.0,1.0,0
57548.0,-0.793171032375195,1.76642038227876,1.12492090616104,2.69011983763527,-0.081134168399993,0.698898052935576,-0.261132807615571,-0.108259921894647,-1.77277607804919,0.904136151885197,1.36836327675343,0.94862929072757,0.807394313608895,0.6618298244799,0.656012646513652,0.0025713158575318,0.172363511796881,0.0554023572204171,0.595486248132143,-0.0170478969784789,0.870378192868691,0.0831833581830881,0.129152341008392,0.0076337320389205,-0.40056660977327,0.139554018037689,0.280799359771764,0.0607051276644862,9.74,1.0,1.0,0
57313.0,1.09750712111977,0.295236894499002,0.0088951091536082,0.879819908026519,0.334928641773567,-0.0759688515231617,0.378481916724981,-0.0353816160249449,-0.5875708060529,0.0668627036359096,1.5116904968907,1.48266499699461,0.88406841997701,0.545381119946534,0.252414990777039,-0.0478092298788043,-0.497517242379495,-0.63735053198142,-0.0596095238826846,-0.0032259964837187,-0.292251112659164,-0.928873345235367,0.0687687325089705,-0.333489865256092,0.360345610276719,-0.717114981503403,0.0133423351031659,0.0172315760369147,51.03,1.0,1.0,0
57163.0,-10.3630494651588,4.54367201286394,-9.79589773551539,5.50800333404763,-6.03715599427489,-0.133492972364907,-11.7243461176622,-3.19834557193323,-4.76784222430147,-9.33212806886128,5.2241240042156,-7.74312234505579,-1.56034320038539,-7.14041803349475,1.18597782557697,-6.59870406570123,-12.1205390025684,-3.90409153348034,2.51343040062446,0.924396179705582,-2.45714487251707,1.68725664165106,0.977178353536712,-0.543368976583511,-0.289124786926125,-0.107586425389056,0.330641897772597,0.163577149556086,1.0,1.0,9.0,1
57084.0,-0.594330413842878,0.203720940878434,0.723374544569162,0.244248150620968,0.391466587946532,-0.176172162869799,0.650218455371554,-0.123411377689161,-1.83980561563231,0.703904330950471,-0.974397687938488,-0.649405114957685,0.0010281242534327,0.386014516813616,0.986121178258968,-2.02930572809327,0.238733692467772,0.709102071575108,-0.229405379055331,-0.515980915434846,-0.585632157381608,-1.14966714624957,0.435763849667545,-0.560072486569185,-0.488954942453945,-0.585725369198389,0.121256856364184,0.122896203924482,51.74,1.0,1.0,0
57007.0,-1.27124419171437,2.46267526851135,-2.85139500331783,2.3244800653478,-1.37224488981369,-0.948195686538643,-3.06523436172054,1.16692694787211,-2.26877058844813,-4.88114292689057,2.25514748870463,-4.68638689759229,0.652374668512965,-6.17428834800643,0.594379608016446,-4.84969238709652,-6.53652073527011,-3.11909388163881,1.71549441975915,0.560478075726644,0.652941051330455,0.0819309763507574,-0.221347831198339,-0.523582159233306,0.224228161862968,0.756334522703558,0.632800477330469,0.250187092757197,0.01,1.0,8.0,1
56887.0,-0.0754834663888726,1.81235458422751,-2.56698081016962,4.12754860722303,-1.62853157024518,-0.805895445766318,-3.39013454458215,1.01935326231828,-2.45125125188341,-3.55583492739064,4.31571103012142,-5.47980167679906,-2.11550315600957,-5.5887855765974,0.280108069299552,-3.50723062361012,-7.45709493793125,-2.32549168188332,-0.440434552920779,0.338598140549314,0.794372451897782,0.270471232297866,-0.143624140755259,0.0135659145316466,0.634203128800614,0.213693187250942,0.773625466697089,0.387434054572014,5.0,1.0,8.0,1
56628.0,-1.32459141506661,1.41722874130258,1.17060737120812,2.60022969327719,0.679745825520898,0.749324913079414,0.492906199882643,0.408303789180513,-1.8337899203767,1.08863293280289,1.37003238476138,-0.39914721828621,-1.49048242462029,1.06042117301277,0.997636475456552,-0.729102075422507,0.619854779180101,-0.371935170866752,0.57288860292886,-0.166979461816244,0.149325548640952,0.392997849060869,-0.138966055584766,-0.309945601163037,0.204129581509638,0.342608793194964,-0.607297680472758,-0.212012892663113,8.54,1.0,1.0,0
56481.0,-10.194692313993,-11.2705167068217,-2.64866922922396,3.10523330067421,-1.09639532455477,1.24658537913941,7.29807403029686,-2.18602301737565,0.903288240220237,0.34901255047248,1.43528531440805,-0.399303463016432,-0.172887206580295,-1.03351361379288,0.182274428736536,0.999406057448231,-1.53650570960082,-0.0696268102896234,0.213334833063899,-4.26814488091775,-1.91487024287023,1.55924507321194,7.13159133311367,-0.268662029371916,1.84042937810436,-0.196159430180608,1.12555695522686,0.781645784323743,1584.0,1.0,6.0,0
56277.0,0.77623866428276,-2.15907563361233,0.16679028053198,-1.03223039036565,-2.00569718087647,-0.875763736805417,-0.459014576341846,-0.303510556969713,-1.85399608318949,1.24737717849953,-0.425641997720936,-0.913065495293809,0.375401414362821,-0.180035105785521,0.744177821990273,-0.204643861958973,0.490456878753118,-0.135582307295011,-0.279384824358398,0.433071586728935,-0.225783933719595,-1.1859304031796,-0.118612784170976,0.330210862678328,-0.0287642592543773,-0.520506888038266,-0.0376755928891884,0.0938917355831596,393.0,1.0,1.0,0
56204.0,-2.02900817212688,-2.24222197102224,-0.420107481522742,0.57179493853478,-8.61116280198744,5.63381903391662,8.01137726655224,-1.16367770396968,-1.30493282927374,-0.979699157243375,1.10975170243582,0.16782492960695,0.447969052276412,-0.897083389362666,-0.935838596994049,-1.28402077662171,-0.0781705314322597,1.41283845990135,-0.930054784620643,-0.0653315584535362,-0.513228613770019,-0.26544034626148,1.5064757422593,0.212765321551111,0.0383036959032108,-0.501885105896932,0.647419978085187,-0.632109273784474,1963.16,1.0,5.0,0
56098.0,-1.22966891678814,1.95609915073809,-0.851197959645561,2.79698655025108,-1.91397684079333,-0.0449344462262948,-1.34073935355915,-0.5555479867039,-1.18446766006311,-3.24510859732028,2.33832327000211,-2.82004218823068,0.763325773164453,-5.41958986916794,0.0414327925041231,-4.18075778829053,-4.2850705920981,-2.53645157282245,0.93023918577297,0.270459255150975,1.20805425987967,0.277611797272191,0.0192658003152734,0.508528831195383,-0.201182897226566,-0.249600419347595,0.562238742839488,0.0753085014191344,170.92,1.0,8.0,1
56021.0,-1.71112054920432,-0.369376961522151,1.44078719836682,0.136070604687459,0.517264920785646,0.196717610778739,-0.006951410331887,0.325528204941033,-1.8174585072433,1.05220725440854,1.53534999873549,0.39934369444854,0.0922505132167387,0.404448186438358,0.9044443339281,-2.20435053824211,0.439183360283097,0.894086120972118,-0.645772285809874,0.0057017601729862,-0.365863896558745,-0.524456021381751,0.0853832522507316,-0.342705541914523,0.281718083742966,-0.280850768010026,0.42786346082761,0.360998174405312,102.08,1.0,1.0,0
60405.0,0.211822196609674,-1.62688972051872,0.255040339169574,1.46604774112859,-0.988798635676465,0.335904503762512,0.147214957341363,-0.0366747302925694,0.492775085306714,-0.247814347980304,-1.30845260043204,-0.0795535214190146,0.506576955584775,-0.0062112513767234,1.53677987510436,1.03461493850798,-1.05209992033742,0.775504854353024,-0.519690923759161,1.00509105606798,0.379515432727202,-0.0680982724051149,-0.603734650677988,-0.554368798361947,0.27866031034515,-0.343792620522397,-0.0377415037894715,0.124190800370329,540.0,1.0,1.0,0
60287.0,0.553149378417334,-2.72584660113692,-0.850539928639157,-0.949231536583101,-1.5353182872396,-0.400630368669286,-0.0422417030321966,-0.353565381284165,-1.69515712893671,1.16474341371521,-1.59933620678521,-1.46513082950473,-0.259024691672499,-0.122147695782439,-0.168595059399013,-0.627871890503297,0.635101471682026,0.160970476545143,0.202313121495073,0.713140782163106,0.0507263856636839,-0.587267091647404,-0.651781479436413,-0.441374344336871,0.565081688265956,-0.0660436806400086,-0.0914183790744926,0.0922786778435111,550.08,1.0,1.0,0
60246.0,-1.95662740382295,1.89868649827323,0.203935609928658,1.0450067316923,0.333953667438041,1.84322070743547,-0.600369455359494,1.88143542562879,-1.69530638249157,-0.324579885619595,1.15158427449032,1.06726487243198,-0.0362419394970122,1.25061928033051,0.111834588408559,0.326405404835251,0.346560827596582,-1.48998193291849,-2.89608287170358,-0.748815302618858,0.328318359751862,0.430642588136299,0.187275098114029,-1.39447090751411,-0.351377377073759,-0.182428261855104,-0.677955786794292,-0.188701804254339,19.95,1.0,1.0,0
60212.0,-0.265621650104133,-0.0338521662709305,0.864089208347567,-0.803863896606515,0.121273423000451,1.07040006885914,-0.090813522179777,0.321727034171313,-1.7032736367068,0.752272140976852,-0.474984549204569,-1.56996484854348,-1.59845816077063,0.718594807130683,1.55576755081215,-1.56640609025153,0.17142346149882,2.14099278991028,1.68493133026192,-0.169823678755522,-0.355254337436054,-0.69707806593432,-0.275197648769986,-1.71388869904833,0.0492393145695753,1.45015502141407,0.0021741814155119,0.0361766716286933,46.5,1.0,2.0,0
60122.0,-0.792459505858344,0.0254069583916618,0.444079922736676,-1.2454282837724,0.417900749381477,0.293252659984642,0.381561191800531,-0.114869450071222,-1.73013769433238,0.855645603099752,0.825223381074715,-0.18738851949188,0.698199378985196,-0.047107887484189,0.261739597109055,0.773557970467295,0.173158188216089,-1.34978301337141,1.98915346699119,-0.0956913099336878,-0.120125788930297,-0.228002030231369,0.23576445831807,-1.02875053646292,-0.491332932697472,-0.475091243924532,-0.104983815781372,0.0871943064863525,58.79,1.0,1.0,0
59840.0,-3.21538175967748,-0.364223121381638,-1.26188334354906,3.79494903930385,0.71120593031272,-1.31647560298004,-5.16514055601052,0.625278383544947,-1.582300584728,-3.25263359468289,5.04075120270381,-5.31444220386187,-0.656470662006063,-6.23304367078495,0.974771279276835,-6.8903177453801,-9.51641148491956,-4.36412771489086,2.59857755637223,0.0196261688931224,0.40134124079647,0.152191258747201,-0.93467547449829,-0.256148382367333,-0.469403308828214,-0.282495914081921,0.86607691066145,-0.433465943783225,5.91,1.0,8.0,1
59669.0,0.326006629816884,1.28663756547088,-2.00718128715265,2.41967479633278,-1.53290169734535,-1.43280331503216,-2.45952963994058,0.617737791926574,-1.12586103037287,-3.23678401592309,3.5617949640183,-3.91467935228848,-2.12495645598654,-4.45889502952153,0.578201875425492,-2.3433041192933,-5.07145010804216,-0.749172320846648,0.22842274838649,0.222666683155765,0.556894674408544,0.169775528574355,-0.174357059251063,0.308061323046213,0.710996128051644,-0.23102981819073,0.580495233837149,0.30098403791885,6.27,1.0,7.0,1
59385.0,-7.62692409246447,-6.97642000754641,-2.07791115073952,3.41675415987856,4.45875840248762,-5.08040779918275,-6.57894786782983,1.76034141396682,-0.599508728352202,-4.00174208524931,2.61176184321338,-2.21069105518154,0.145323220628924,-5.28167813117348,-1.44622731547596,-2.34217826208892,-4.44208205885268,-0.812202197039381,0.254771833248553,2.87526030369363,1.22479498325958,-0.656639147267532,-0.330810728527997,-0.0789460153087798,0.270305924800976,0.431119110160139,0.821381426988655,-1.05608777393768,18.98,1.0,9.0,1
59352.0,-0.555465327338272,2.71893374744112,-2.95977766953009,0.909194301160033,1.63058501571402,-0.025819448168346,0.21386088993253,-1.47130319991951,0.257447934308603,0.283662061474179,1.62521876295714,0.247043623421635,0.665711666698042,-3.76080497502811,0.671734199454801,1.02605854503113,2.40753765146689,1.87578352490318,-0.128958859018019,0.374147761643737,1.26617016766526,-0.735967184869041,0.207210876187867,-1.71427575320726,-0.110855084339808,-0.276905613330298,0.758049783763053,0.246335714734253,0.89,1.0,2.0,0
59206.0,1.05119578039785,0.133727987274631,0.16556281094106,1.02478280125208,0.0914846561805999,-0.0016829991329465,0.189513238696191,0.0960240012251318,-0.352868799893436,0.138527985776263,1.27204485411191,0.723517677222662,-0.525975051266255,0.770510577013549,0.461612488878602,0.183824619967489,-0.472969875357755,-0.482121218020395,-0.106340850272459,-0.063514530537603,-0.384000621923511,-1.32098542184802,0.155284486103326,-0.405041676696268,0.15249712391366,-0.808583107375051,0.0086227499318725,0.0221004025486616,65.9,1.0,1.0,0
59011.0,-2.3269223698887,-3.34843873033788,-3.51340796089061,3.17505971028128,-2.81513703435586,-0.203362788049123,-0.892144430418318,0.333225702638422,-0.8020052289805,-4.35068531246963,3.06424584128211,-2.71873063246571,0.0687877027069899,-5.58687312563725,-0.966076477695954,-2.50204941657576,-4.46049463214891,-0.870525745045081,0.595629103995644,3.20917094389277,1.22664839880046,-0.695902072928095,-1.47849021051453,-0.0615525997443275,0.236155012156618,0.531910616094765,0.302324354380578,0.536375347733134,1389.56,1.0,9.0,1
58642.0,-0.451382569628168,2.22514650025341,-4.95305045271638,4.34222824814605,-3.65619018970243,-0.0201214656089607,-5.40755361778584,-0.748436141338482,-1.36219775131112,-4.17062288702767,3.76230638231684,-4.22622469486547,-2.04669403006077,-4.71049793587464,0.217572360008267,-4.73908378383857,-6.13188675183675,-2.42587063860491,2.31416486951171,0.724381267691587,-0.575924092076688,0.495889440695266,1.15412793921228,-0.0161857864909953,-2.07992826296301,-0.554376906341192,0.455179270612071,0.0013206564598543,113.92,1.0,8.0,1
58199.0,0.340390790889508,2.01523346310003,-2.77732956104823,3.81202413104427,-0.461729071578821,-1.1520219714746,-2.00195866818811,0.548681056661142,-2.34404166261939,-3.07669858515182,3.55473755027372,-3.96968929955842,-0.932183689489454,-5.87606732124924,-0.0667394504128529,-1.49528077472825,-4.42475717388751,-0.619323237398381,-0.231198386269899,0.326772803133095,0.29976881646527,-0.583282924090166,-0.187696049565752,-0.329255753153177,0.732328138266652,0.0580797142765515,0.55314334331356,0.318832445723953,1.75,1.0,8.0,1
58067.0,-0.264868683737295,3.38613996883911,-3.4549969895002,4.36762905773351,3.33606042827178,-2.05391842272465,0.256890458421417,-2.95723544083265,-2.8557972336327,-2.8084555425423,1.84750351109611,-2.4148223375383,-2.57322454244165,-6.5991261303635,0.123470382678038,2.57237180761341,6.60936580903842,2.53066979960508,-3.60265725092653,0.482513022122587,-1.39450379366468,-0.166029306744804,-1.45208118338289,-0.251814670710545,1.24346054282121,0.45278677690471,0.13221807596169,0.42459946550375,1.0,1.0,8.0,1
62844.0,1.09823916238669,0.531384766716067,0.181543798283136,2.26635622978896,0.469225904806574,0.288024473060455,0.275905488866148,0.0569025748250444,-1.23454810557289,0.811800914526204,1.16506880363338,0.817719361724731,0.421246840631773,0.53442954791495,-0.178501506190704,0.44279143799319,-0.644202051227425,-0.342658898728189,-0.872424616141493,-0.085359796265471,0.0311539320445417,0.0262810997261388,-0.104310272536275,-0.293128254024374,0.555844010307647,0.0344675098594814,-0.0173920390055661,0.0045515628370006,30.43,1.0,1.0,0
62467.0,-5.34466537543542,-0.285760408166142,-3.83561578178611,5.33704802681048,-7.60990870021268,3.8746680317393,1.28962992438915,0.201741916806601,-3.00353243733788,-3.9905513318108,4.98601380361468,-6.11638322304304,0.0423244061770454,-6.04339314434942,1.82140103177852,-4.7454624675489,-10.0756455907271,-3.6045960155148,1.43529381015392,-1.56216235780532,0.276010822180054,1.34204455689584,-1.01657869464831,-0.0713612973880671,-0.335869334726878,0.441044176004645,1.52061262049821,-1.11593680318009,1402.16,1.0,9.0,1
62330.0,1.14086473658976,1.22131743135767,-1.45295546048243,2.06757505760281,0.854742052227546,-0.981222507744598,0.325713913670098,-0.0377214068783676,0.113219371615132,-2.12697274994354,0.915947028928619,-0.468571538051367,-0.523377293666349,-4.86186658087283,0.421013353871263,0.866440624739209,4.08248488419359,1.1963181517001,-1.10076358353881,-0.0677120411898438,-0.377597095255037,-0.79345965987036,-0.132333171548173,-0.33158626897425,0.664877856718148,-0.309312434134138,0.099941947375597,0.122988311929089,1.0,1.0,3.0,1
62144.0,0.677649839997265,-2.45073189871283,-0.504405771982495,-1.02747882997853,-1.65258613841658,-0.41432266250942,-0.29703134222021,-0.192708130222682,-1.92648431423573,1.39184499001347,0.497673275199623,-0.791159238611049,-0.788730831130997,0.148250907705056,-0.882755568457451,-0.578663122579633,0.586327461991253,0.509255602055169,0.335086627477359,0.471398647940606,0.0682927941144002,-0.352581920950234,-0.504066138773699,0.0027565981807866,0.494056036902461,-0.102837955759377,-0.0768487249657017,0.068207098388702,444.66,1.0,1.0,0
62080.0,-1.59945740179415,2.60772002929222,-2.98719294171061,3.06415614684784,-2.49791431686821,-0.54110279282052,-2.2777862276701,1.26816610842127,-1.99733105335741,-3.83477508791878,1.11335409263987,-4.97692104108215,-0.795530934675206,-4.54955674371782,1.81376325403563,-3.17746049642958,-5.36934877847861,-1.1214541569793,2.03059193793375,0.22533293042937,0.662933039629134,0.184086858369512,-0.0894518031771282,-0.505999935132595,-0.0622588885489331,-0.0527144132804191,0.322854004983613,0.135267636745646,180.0,1.0,8.0,1
62059.0,-1.64440309669641,3.1298519330804,-2.57697682172296,3.41557336328899,-0.448525407316687,-1.24189285626533,-1.9916521878557,1.00266488963021,-2.8090712430123,-4.15369240632128,1.39818511854919,-5.65326970240352,-1.23369413839885,-6.332512814541,0.458714800173025,-1.98360960777769,-4.92916202340023,-1.03848208531443,-0.133819199948815,0.290186829391141,0.417762091477206,-0.648575871519649,-0.318617393380036,-0.680412931832076,0.389868676205949,0.0557502963989842,0.394681955439504,0.298820725838569,6.62,1.0,8.0,1
61765.0,1.17524758070851,-0.0250019069880833,-0.238876564733862,-0.227835709107094,-0.075457924543425,-0.869297624844297,0.404858340047332,-0.238962007530568,-0.382438276384122,-0.0589859635910377,1.35255549613798,1.13577794348294,0.517078904421185,0.556547926377954,0.101901114068109,0.264302297441125,-0.547123850599619,-0.451520182102335,0.736496879965843,0.110092297274773,-0.309229396769169,-1.07654860030003,0.0349801536142863,0.0593558490504978,0.213347637426295,0.730338938575467,-0.122400244421061,-0.0024930383474905,69.95,1.0,1.0,0
61762.0,-0.626773934197098,-0.203074548213231,1.27756311176739,0.347812766137919,-0.937485928734457,0.481042589083733,0.789927497624661,0.158255785380175,-1.91919485802549,0.577341267250525,1.01851093240306,-0.482209085408497,-1.21177416674003,0.743014155105331,0.877280122558706,-1.82047927234271,0.270615297556302,1.63463888138669,-0.0305787811368773,0.0196923565594055,-0.238653153076252,-0.676969903979062,0.560619772806993,-0.12277671829107,-0.442518214259044,-0.463427116393992,0.105370581375663,0.147895450176474,226.77,1.0,1.0,0
61509.0,-0.624620216561606,0.817319747135301,1.60720566221815,1.09484374907937,0.783644701205808,0.564350306437335,0.488430292554735,0.296212440147908,-1.13314922734565,0.185949730449692,-0.196284705270051,-0.147550700452976,-0.122609829742508,0.168522399246751,-0.547600157842376,1.68879872995801,-1.69401938950565,0.821584755728152,-0.931622939774446,-0.0358295950910163,-0.0092397002659961,-0.303298031117216,-0.0120937784673003,-0.910604688426274,-0.471269182323357,-0.374806916312442,0.111105606472034,0.15251197010895,39.15,1.0,1.0,0
61399.0,1.05412859579104,0.168535407697881,0.554129923317493,1.08373793731455,-0.160466016134484,-0.0305970301692866,-0.0001800047791363,0.10570560728477,-0.320886061271016,0.122270916136499,1.64696407607182,1.18091980092152,0.194885208509472,0.517651440995638,0.526807567947832,0.197029049736026,-0.482248838492797,-0.405957358291568,-0.378822079621687,-0.0601586779358646,-0.214460337281924,-0.732238042223707,0.144753050738363,-0.0281685450450682,0.163501282099092,-0.705906007916695,0.030691200606328,0.0264801485212387,45.96,1.0,1.0,0
61348.0,-3.27865039792014,-4.44840612693238,1.24525583651913,0.6971942556921,-5.46517492134067,2.41267991057694,4.15912135985259,-0.086283327487389,1.53444410721731,-2.94940703376451,-1.02819727635216,0.504137613920361,0.052189786642445,-1.02226643948706,-0.293984655262173,-1.38897519636245,0.930569215350118,0.950321104290718,1.69024649919606,3.41706680737867,1.07796817978063,0.999731166841415,3.12632334249569,0.632135989520078,1.04384790124235,-0.158798397831003,-0.320387881387599,0.213185552925231,1486.87,1.0,5.0,0
61149.0,-0.474120567066262,1.43757738090131,1.40134591310836,2.75657370755013,0.594696562119598,-0.323185102032164,0.84947320161228,-0.126923008830875,-2.13928240277271,1.00370769186502,1.42267414526637,0.48398000823093,0.377011276889471,0.623443743563544,0.170049707700363,-0.314912039432668,-0.0557513951320919,0.240605719468835,1.13394514591087,0.126431174199204,0.175388713706235,0.459768338254683,-0.243916103319363,0.56686194762751,-0.0713636717578999,0.228928008687458,-0.0238107265538746,0.125589890969292,3.96,1.0,1.0,0
61108.0,-2.7560071191969,0.68382137690334,-1.39016888269883,1.50188726081003,-1.165614355805,-0.13120694925796,-1.47874061646082,-0.246921578045176,-0.100522731731488,-2.30110989675506,1.91445404493049,-3.8309980112302,0.719488566785256,-6.35301985790071,1.43871619241123,-3.29723907467834,-4.86297149937169,-2.00235399924327,1.54523326964355,-0.106944639579729,0.320473875601072,0.61102668559867,0.174863684107414,-0.502151101117601,-0.174712784335661,1.17924208342707,-1.16631532833921,0.821214803121569,101.5,1.0,8.0,1
60627.0,-8.0182004781847,7.13865052922479,-5.02365712820307,2.23515092327916,-4.37592743321099,-0.133691200597601,-4.67348737172858,6.37054190408846,-1.50161942292949,1.88667375425995,-1.59777602836146,2.23031511785911,1.10075430129862,3.91022948823631,0.323582737770479,2.00092183539729,1.5483481578936,1.09652041267854,1.11502787961008,0.456587446693454,-0.0181170754070767,-1.04013989033792,0.682680881205689,-0.928068715880563,0.701972304262835,0.103041220270442,-0.0104105040665295,0.0750532478137495,8.77,1.0,6.0,0
60476.0,0.164532878436645,-3.28809239186283,-0.910707628514465,-0.720087121946919,-1.84840112067188,-0.517002790695838,0.245454360138882,-0.449299673487101,-1.80709526876147,1.06338078574622,-1.21750356187309,-1.1119422905123,0.153334400798291,-0.146185610429477,-0.217800998778472,-0.722762556255475,0.739375095090165,0.0348743194703058,0.0107495624712188,1.11492183649708,0.192613430493417,-0.588409909721575,-0.781487351037935,-0.0788388551214464,0.465126688951125,-0.108765085938317,-0.123803034962007,0.129565525732215,739.0,1.0,1.0,0
65434.0,-0.820681770598789,1.54146028858357,1.97547970329495,2.76960856849782,-0.523574829641306,0.230122133639138,-0.180287395776143,0.640914596226157,-1.72750743939903,0.764526731867613,1.27018894516822,0.809232776019614,0.932253991516597,0.420549352239273,0.652745114306149,0.400850769231221,-0.183403749948034,0.842243450025312,0.756462616687734,0.255162372043526,0.316648584956959,0.906454670546497,-0.132812893958871,0.583037554282227,-0.21067992033475,0.294926177180311,0.273071377799942,0.12423412178785,10.65,1.0,1.0,0
65390.0,-1.20561583695705,1.35741518684313,1.3990122288316,2.91175684208521,0.0056162920515686,-0.219861995771606,0.461101723323457,0.556336882681405,-1.79987885836464,0.521911505520502,-0.287136351914408,-0.833805858584622,-1.37161123895929,1.12366295090584,1.42911978324654,-0.447074455325143,0.804605446311149,-0.764462712594101,0.602332093739151,0.242626993369802,-0.238497424340822,-1.00372047074914,0.158946552232496,0.316569672098416,-0.0376511330664031,-0.0320026654029587,0.172525289465138,0.0354087039385726,52.9,1.0,1.0,0
65385.0,-2.92382666427262,1.52483716405302,-3.01875803326242,3.28929147538496,-5.75554237361289,2.21827630310359,-0.509995431790455,-3.56944356866613,-1.01659168855188,-4.32053577559936,1.27720226474415,-3.70174966668488,-0.97186959353265,-4.85777667212588,0.0906055221312176,-2.80150199048762,-4.18680753704806,-1.64840609367465,1.1764455977519,-0.447039406719925,-0.511656805196235,-0.12272408639124,-4.28863899895194,0.563796657800838,-0.949451350280346,-0.204532177495445,1.51020648735902,-0.324706012560446,1354.25,1.0,8.0,1
65378.0,-1.09448557706538,1.44860321837815,1.60800168814817,3.15331093218544,-0.18427532922922,0.479830197460047,-3.2633549675512,-4.84839500280012,-0.811557755280178,0.664146959634192,-0.778201492928781,-0.555646982508583,-1.54778255849891,1.0534624892701,1.7870042266189,0.541297620859486,0.340101533351415,0.444818555143835,0.138667965885453,0.0456809263341077,1.1037933071825,-0.505144016353292,-2.04391488708946,0.436419594021977,0.583682963693983,0.454309728459296,0.322458236122408,0.252922355046487,90.8,1.0,1.0,0
65136.0,-1.21955818874222,1.02794381203421,1.48931353207148,-0.0471435518969705,0.68207834566382,-0.324140848961046,0.845846082537592,0.21180602741161,-0.717500992938091,-0.0537039667942905,1.51594984431584,0.832056624437939,-0.173724925915473,0.40979447593609,-0.1148735558192,0.244369431047776,-0.647164686192552,-0.60280274846544,-0.837201180678585,0.128973671921978,-0.435093934751735,-1.25439026598035,0.0759312115283245,-0.0902778612571271,0.369589539442263,-0.882729734208735,0.312400969681059,0.134675000061856,26.0,1.0,2.0,0
65127.0,1.12669237489427,-0.0514960243402968,-0.23713092727921,-0.0517532711526699,-0.0602888430799964,-0.818773044412349,0.450139161748675,-0.244745792015106,-0.47621256584406,-0.0106397744282707,1.35711230542173,1.18609465810771,0.657618227774392,0.533846416576737,0.0465925536354314,0.300006405938437,-0.575024333670965,-0.460400341326532,0.659372060831381,0.159646100178695,-0.293405853497662,-1.07925013409828,0.0144993408398238,0.0601871135419307,0.213584536124666,0.695585348210346,-0.123485461317262,0.0024916165629007,91.9,1.0,1.0,0
64883.0,-5.84664812114986,-5.45027385499512,-0.438113069324063,3.71194294911497,8.52349694679987,-6.18953010729602,-4.99120360283206,-0.792456550335796,-0.018200286024922,-0.440384176203522,1.43355029603626,0.318197268675635,0.386136021177269,-3.27462221638705,2.10964314278513,0.298166272521816,3.56635017501982,0.79954839517948,0.0591958304403937,-1.2362282373847,0.294856371484892,-0.804491852650466,-1.78435627149575,0.336605512021764,-0.0867639098144605,-0.110813270540083,1.26133804141283,-0.243495312351484,1.29,1.0,5.0,0
64785.0,-8.7444146436792,-3.4204679837707,-4.85057473189452,6.60684578567387,-2.80054617200457,0.105511583647205,-3.26980129883546,0.940377922978903,-2.55869060182863,-3.62477471396623,5.26786160380362,-5.58369692598496,0.173895592410693,-6.67997675520914,2.08419914311417,-4.3488914455328,-8.76078602293495,-3.40754854415232,1.33293006548133,-1.81831542477292,0.102912553839685,0.311626102287519,-4.12919549979785,0.0346387321763146,-1.13363123097119,0.272265246225774,1.84130726881613,-1.79636258672205,720.38,1.0,9.0,1
64707.0,-1.25210881761349,0.672368718587843,0.68418121803711,3.12823892338455,0.181884126812731,-0.626803194433583,0.533467724475181,0.311346372580095,-1.75988844930358,0.651189990103021,-0.662562611521388,-0.0854954778933206,0.547691165987521,0.710614397190396,0.916144391406269,-0.157196356562475,0.223252817104203,-0.0074584593793082,0.764743739865837,0.636296904881805,0.227382212930937,0.21246306642675,0.242695166194616,0.401140707915574,-0.360561823453533,0.151614032685256,0.258953999104036,0.0618461264457539,126.77,1.0,1.0,0
64412.0,-1.34804164426498,2.52282067569291,-0.782432259389823,4.08304665188122,-0.662280329645865,-0.598775712530929,-1.94355185121781,-0.329578950885032,-1.85327422572214,-3.16213595485783,1.53319383793753,-4.63512694781183,-1.11357273401976,-6.4358707376348,-0.293191947937035,-2.84993079536978,-3.65425828769231,-1.18303413658687,0.831623853010765,0.348896285038196,1.07987140816824,-0.352026410347836,-0.218357652796912,0.125865683985355,-0.0741801756408069,0.17911552652805,0.612579819202836,0.234206089600607,1.0,1.0,8.0,1
64128.0,0.365764356092874,-1.41170094072586,-0.722749873510732,0.119012984898063,-0.549935597670802,-0.734995236192403,0.913788516375842,-0.308508911119265,-0.327441251449688,-0.233789044307438,1.24106099775095,0.786606534768298,-0.0972306332677402,0.788464246210782,0.230171134198115,0.351851180702405,-0.495338525516411,-0.281195659047557,0.607403840106422,0.91871756198702,-0.063417307159588,-1.35398468040335,-0.325836247891368,0.0619796279087414,0.0362813327538103,0.687987070796543,-0.206025725580184,0.0689390839215753,488.7,1.0,1.0,0
64127.0,1.07799853847856,0.221534016062409,0.19011013988265,1.00544265965217,0.165501579067799,0.0166379798923209,0.212559809408677,0.0661716049818618,-0.445289332676675,0.126473118824172,1.37625400136214,1.05146932339733,0.0920168798556759,0.643762253287401,0.392812169206287,0.153798462621476,-0.509635781829294,-0.559904157385091,-0.105583145449484,-0.0506898577377779,-0.385233701599489,-1.26435623898568,0.160275419690892,-0.376043681953118,0.178919971867073,-0.809788072595429,0.015131526896357,0.0212007649655347,52.4,1.0,1.0,0
64093.0,-6.13398694801985,2.94149944882418,-5.59398556768425,3.25884522291112,-5.31551221858167,-0.637327763117765,-4.47648804491816,1.69599358704814,-1.60674315131804,-5.11725920989043,3.97722223959189,-8.06609609331146,-0.760887591756867,-8.66077095912039,2.22023798968633,-6.23759654204862,-11.0463816554829,-4.15587936834903,1.76361087438004,-0.815086315781228,0.86833985051032,0.793736498280638,0.217346586657621,-0.0219850652442062,0.145881913923651,0.665087660642875,-1.68418604869422,0.31019546302906,294.9,1.0,8.0,1
63300.0,-3.02256633340172,-4.64983236590423,1.6551911812594,-1.4326655358025,1.87627333949482,-2.4608262520071,-2.28747405404917,0.154447417916658,-1.97760397054586,0.888209976416453,-1.07746190383687,-0.366587476719202,2.1467229997775,-0.838769067167381,0.16778983443472,0.0576974119605776,-0.123616436353217,0.718968100897983,-0.920489147774349,1.13106751701233,0.554411347189079,0.625607682924722,0.921687902542418,-0.117651367021392,0.064026437099737,-0.191388324724992,-0.023817539416445,0.233906618458059,206.64,1.0,1.0,0
63262.0,1.25677358207357,0.0991565536870701,-0.196899267341347,-0.26196428617038,-0.043515882665732,-0.884516347565805,0.339640373839538,-0.219904914431465,-0.356349784692809,-0.0353664252275283,1.32361512153462,1.05931283483837,0.37347720679278,0.573975096060659,0.112056488897177,0.266803856806739,-0.542553962379087,-0.441508273195039,0.752943434419895,0.0158563486663035,-0.336649550801224,-1.06660290566951,0.0730026054571439,0.0478894392562344,0.224889620083659,0.735627011988709,-0.115358396865467,-0.0101653397649673,27.9,1.0,1.0,0
68207.0,-13.1926709562391,12.785970638298,-9.90665002092758,3.32033688288942,-4.80117593230105,5.76005855618556,-18.7508891580107,-37.3534426378925,-0.391539743919107,-5.05250236713858,4.40680552357904,-4.61075647740608,-1.90948796970811,-9.07271093398351,-0.226074450896345,-6.21155748212485,-6.24814535335983,-3.14924669470095,0.0515761185277783,-3.49304991519446,27.2028391573154,-8.88701714094871,5.30360690376998,-0.639434802306313,0.263203123457008,-0.108876929971315,1.26956635541013,0.939407362758877,1.0,1.0,9.0,1
68207.0,-13.1926709562391,12.785970638298,-9.90665002092758,3.32033688288942,-4.80117593230105,5.76005855618556,-18.7508891580107,-37.3534426378925,-0.391539743919107,-5.05250236713858,4.40680552357904,-4.61075647740608,-1.90948796970811,-9.07271093398351,-0.226074450896345,-6.21155748212485,-6.24814535335983,-3.14924669470095,0.0515761185277783,-3.49304991519446,27.2028391573154,-8.88701714094871,5.30360690376998,-0.639434802306313,0.263203123457008,-0.108876929971315,1.26956635541013,0.939407362758877,1.0,1.0,9.0,1
67971.0,-0.53405234538937,-0.209974299499697,1.58335973638435,0.395363287708826,-0.904644710853002,0.964726384730566,0.336319287673261,0.237727243777197,-1.80041426779412,0.628536623310655,0.861169269359601,0.151669818532179,0.452586277010949,0.157889881241577,0.943077853335823,-1.50147063001783,-0.103569699317964,2.06564143509174,-0.260116853082588,0.0675822818411034,0.047647062592533,0.326774463475293,0.356208628322139,-0.354311708032971,-0.455424994374801,-0.210699220767022,0.168271883732957,0.16762424164886,198.0,1.0,1.0,0
67282.0,-2.01680916526884,1.94680730459909,0.487543207234138,-1.49407781117276,-0.982374706022273,-1.27501003889268,0.0192874501968212,0.527978558737244,1.27248335435239,1.00081427853313,-0.70133378575534,-0.492325281440551,-1.2551912247242,0.0746924635085207,0.706491931608046,0.704503228711746,-0.502729982890516,-0.267365736724205,-0.938745862142622,0.598620030376942,-0.253449551318019,-0.509601114141845,0.11549803328931,0.358537424138768,0.0337027732581112,0.756737143080323,0.669436188824762,0.363203379345024,0.85,1.0,1.0,0
67150.0,-1.82429505976067,0.403326526860602,-1.99412200641801,2.75655816357726,-3.13906432572579,0.408185014718199,-1.20904511871624,1.09563435393431,-1.44722489217345,-3.95100289197434,2.56070020158284,-3.4119829114195,-0.781669619949492,-4.7327675351632,-0.433973654922625,-3.30608841178359,-4.23102187544855,-0.750809770409941,2.69080834203374,1.50368830479002,0.838760421033887,0.341727095787049,0.947506491293615,-0.145493002452622,0.0493257725258454,0.831065451615044,0.33242130393302,0.252712728641008,489.71,1.0,8.0,1
66421.0,-2.86459652420567,-0.927284835020838,0.149223172546865,2.07316002031524,-1.99093800664736,0.925928316351212,1.21326957762437,0.740169581075431,-1.72619171713532,-0.302381995227544,1.29541076689373,0.773570247539061,0.608516060278064,0.855953917998816,0.489556441727799,0.85400973511974,-0.0053845164420838,0.206463750216474,-0.327254063383434,0.277881873215189,0.50136849244166,0.755213033082568,0.103505960348931,0.353724543901895,-0.614539061249287,1.04084138335937,-0.0486269576184005,-0.367058320185214,532.67,1.0,1.0,0
65955.0,-0.773282063347284,-0.144764231708381,1.7054962694106,0.377994873484972,0.241123072985363,0.13743528452889,-0.589398268415611,0.390230438364423,-1.62588052783789,1.04572382931672,0.826778420504119,-0.041063186895971,-0.238532281743189,0.359708345904178,0.925830511111591,-1.62646971520958,0.0283784061103542,1.78456643937132,-0.0695999732484338,-0.0939717299669436,-0.27582893459608,-0.39327198028523,0.103922865478951,-0.382118259766935,-0.447717566604429,-0.343572431839268,0.428725006688372,0.2129689675996,6.88,1.0,1.0,0
65936.0,-3.5934760029271,0.78144226309285,-1.82244751422669,0.605760683474701,-1.19465586719981,-0.517194856719497,-1.72252312325165,0.128889523769538,0.0149633080909052,-2.85611682977408,1.61826162043188,-3.58137450130299,0.623706919914784,-6.16045662030601,0.494733399107095,-2.54310504010287,-5.30127339068683,-2.19271270602319,-0.09472379272847,-0.478219313417121,0.351792125839819,0.391248950287018,-0.252874890557857,-0.498042480147132,0.0101721931231225,0.909928721553306,-1.47876724603751,0.722673039450917,101.5,1.0,8.0,1
65867.0,-0.211070977245287,1.11211120444446,1.45023029230798,2.85372540976062,-0.227693232947983,0.126474623154891,0.666620118287629,0.065668431273044,-1.61550885031068,1.07926678480915,1.40096979832381,0.653367408662085,0.738487215123493,0.282696615841517,0.36844070161626,0.067865746329827,-0.269857358106618,0.59409868056624,0.777757541552823,0.451197116483111,0.289577550413923,0.867439388835551,0.0990159414414565,0.558695694366981,-0.398802811700991,0.23681557394363,0.341618895840659,0.15859732994861,84.15,1.0,1.0,0
65854.0,-2.18387315323354,0.648819930848288,1.7221060542303,1.77230316202961,1.06214075922015,0.806121902223642,0.960530750654381,-0.6202809479983,0.296057202177915,2.33232644789732,1.06821995123323,0.446453364060539,0.103661024370036,-1.18259941946203,-1.02357637993479,-0.100505006554909,-0.770783289998262,-0.603836424099691,-0.28658596336894,-0.434776695798746,-0.508681889048721,-0.228876683081136,0.386928675134866,-0.322091522341503,0.0223572574941677,-0.308786897324996,-1.02293572898041,-0.375991410633021,3.96,1.0,1.0,0
65722.0,-0.385464993162472,0.302716251727122,1.54181333364785,-0.295532560209435,-0.14998379356297,-0.318324624767881,0.904720478233265,-0.314141679194154,-1.90627401985376,0.595418441859755,-0.28991394355989,-0.811208891950645,-0.38687476459048,0.269660779296491,1.34910716384541,-2.34038723175647,0.644954349415366,0.394896999791961,0.175914557264462,-0.142830559508672,-0.656018122961475,-1.40704835605823,0.0867430862990224,0.0203573918669532,-0.0925644812403064,0.351887131871116,-0.147320770569316,-0.152831538130932,68.8,1.0,1.0,0
142409.0,-1.17218291948653,1.66171286952217,-3.04963701906308,2.55505843390024,3.66903461419474,-3.16299837227475,-5.98564011625334,-2.17993523861597,-1.12029227657092,-3.07555830950402,0.997448763245357,-3.19191476820242,-1.51485677577243,-4.2672960668817,-0.159553975172285,-2.91646262843242,-2.81990611139418,-1.41723080093652,0.32519494288717,0.548106363466502,-0.812097797287015,-0.295360725931063,-5.98880644277407,0.714380801225346,-1.60002359150788,-0.634782934267927,0.822713228036362,0.494375178430933,2.0,1.0,8.0,1
142215.0,-0.563736444627953,1.7756530710871,1.66255097176434,4.17378179741789,0.0131701449506588,1.39925700965984,-0.382095919549576,0.84850022716146,-2.17252823702353,1.50079498004752,0.547640636311514,0.287396689109872,0.844901598658374,0.355253681574887,0.45749221752868,0.572274378947685,-0.210321774361489,1.10371745914892,1.13670309082598,0.290180735516316,0.314934168237613,0.943383887905873,-0.130453450773393,0.77963646102403,-0.400743668970337,0.418008868928844,0.318945399876771,0.168141753285246,0.76,1.0,1.0,0
141925.0,0.120301417641484,1.974141135114,-0.434086817238467,5.39079309979716,1.2896837293754,0.28059002412422,0.22196254547878,0.0678267548690214,-1.38705405307029,-0.0451253297662453,0.195839103876469,-0.629085830718882,0.681222338433862,-4.71552123988097,-0.2878762909762,0.497433587465913,3.87161756353604,1.49239403735728,0.506039978517755,0.20569123217309,-0.0386896154666322,0.204553809417386,-0.167312970794265,0.791547134443901,-0.223675472406085,0.473223170815404,-0.160201937224867,0.0650394520642459,0.76,1.0,2.0,1
141812.0,-34.6143744905174,-29.1454600387348,-14.9859616149333,7.67779849383547,-8.84663150210083,5.57121381176744,13.1676157749467,-4.71705974366989,6.09131872147698,4.34779647380134,3.05422459718575,1.00576337032314,3.11031047197038,-2.61011684291305,4.44117661446309,5.02188051133651,-1.67925264634436,-3.13821374556952,1.75157574260385,-20.2350603555964,-8.17255826201152,-1.32305914828104,-3.32955112050211,0.452443819268549,2.41030725213674,0.580394229149053,-1.36353577390303,15.6326886638907,1417.29,1.0,7.0,0
141320.0,-6.35233691096656,-2.37033515007664,-4.87539667887196,2.33504453116197,-0.809554897212021,-0.413647316208307,-4.08230817063438,2.23908947335972,-1.98635950470675,-5.16533081830893,2.94293916487767,-4.12572224190365,-0.433094395260294,-3.5181311704857,0.420777387095712,-5.10447983930312,-7.9253889983055,-3.41570671508705,0.71833237368083,0.186898304507656,1.32521840044042,1.22674487561089,-1.4852168616857,-1.47073226048821,-0.240053392971609,0.112972036960476,0.910590643802817,-0.650943712766886,195.66,1.0,8.0,1
141147.0,-1.72576659671704,0.763006131258085,0.902844915752557,3.17995711170519,1.55730242650318,0.500284207558742,-1.19807223167578,0.0372898412673007,-1.47882576159675,0.2327984111003,1.29270640899587,-2.62969568850151,-0.634981501857247,-2.78446172407042,-1.21222579109527,-0.667627948815155,-5.30769161113417,-1.11445441132095,-0.686709081161516,-0.215366369451177,-0.0898308981149746,-0.524585541011061,-0.462425639870782,0.138544131639887,-0.869998947401732,-0.570360618909692,-0.156773455953454,-0.411468692931059,0.0,1.0,3.0,0
140480.0,-16.5364055707609,-22.6891840768774,-3.26051251656798,4.5814319367183,3.8581873056031,-3.60714923918073,1.00122963638904,0.939248114041142,-0.291283331020897,-2.91195618734796,-0.318881701974308,0.528990838927157,-0.411730992843449,1.68874367288462,-0.398461728851929,1.32531589281884,-0.495453427428481,1.55644054515969,-0.677514603610694,9.83408077141341,2.50964648594138,-3.04114389352979,5.64742572772487,0.129701901991941,1.10515379375726,-0.0829880700258899,-0.767500912442617,-2.30434596906586,2517.66,1.0,7.0,0
140308.0,-4.86174665742506,-2.72266032465254,-4.6562480902453,2.50200470213773,-2.00834642496284,0.615421803000716,-3.4856795852374,1.87885554354264,-1.11626798693717,-5.11297108805175,2.9456208658257,-4.10212741074135,-0.477202973371762,-4.35043446756499,0.0007163434773255,-5.03744940979325,-8.07801049835537,-3.45798118698593,0.596696430089622,0.285558785827713,1.1388759328635,1.03366434019377,-0.806198897465357,-1.51104641883913,-0.191731402147673,0.0809988303848193,1.21515161370172,-0.923141608648516,592.9,1.0,8.0,1
140007.0,-0.279860802237688,1.29138388153371,-0.134008189848011,1.51965029905154,1.8102095613807,1.09208338318989,1.25328894306548,0.17763594690649,-1.76352381432745,0.282093111417963,1.12027984675929,-0.422564015113846,-1.73699506561124,1.55811573985966,1.34758456718791,-2.58720454971089,1.46784760436828,-0.643949858660584,1.82105759945908,0.0205705904779614,0.421441627153981,1.44971394475665,-0.759374048531198,-1.29424682910393,1.02551807222304,0.47852869721255,0.0990430358342239,0.0212452409310924,1.0,1.0,1.0,0
139951.0,-2.92194437582996,-0.228062380877632,-5.87728864550113,2.20188352154659,-1.93543987294876,0.631140872429647,-1.24510634194653,1.51134802001741,-1.89998665663916,-6.42823083022309,4.22915426403483,-5.29231414644205,-0.888086758827616,-7.67225031168781,0.547571031984509,-4.30705980241373,-5.70117436362661,-1.7728029372439,-0.193132205838334,2.23073487215795,1.4416222749673,0.895527948704547,1.38551112812,-2.02802422921896,0.50913097167708,0.172642921018111,0.726781012281488,0.234513922496959,723.21,1.0,8.0,1
139767.0,0.467991939825149,1.1001181155631,-5.60714499999017,2.20471352581391,-0.578538842835423,-0.174199760931247,-3.45420147180469,1.10282268929697,-1.06501551547524,-5.41603688884657,4.49792897288062,-5.01960988798824,-1.01969120130359,-7.91498900748283,0.669648023350281,-4.47201433366572,-5.8569977597527,-2.2431779037749,-0.17381402447058,0.589574721718141,0.983480729453912,0.899876105807612,-0.285103424654105,-1.92971710448514,0.319868526124677,0.170636428415686,0.851798305715368,0.372098282227753,120.54,1.0,8.0,1
70229.0,0.315641749332386,1.63677796226183,-1.51964988293973,4.02857099852445,-1.18679426720391,-0.789813099852487,-2.27980740468004,0.472987926704315,-1.65763500271185,-2.89499040084744,1.60198538284757,-2.82494562476694,1.26920363552044,-5.59136368933409,-0.974827287131074,-2.73779549628906,-4.9615343155062,-2.22479740778771,-0.136117269757132,0.388884849068478,0.345920750226663,-0.1080015945344,-0.165441941824109,0.279894580016653,0.808783092569154,0.117362632970147,0.58959490284462,0.30906407378289,3.79,1.0,7.0,1
70220.0,-0.149452970171598,0.310243726840528,1.2687796148738,0.119228665364412,-0.252326058584384,-0.181596590720046,0.221076681653008,0.0228883356785253,-2.25790221433758,0.890508555186283,1.65505737617133,0.51081563275757,0.371464088899474,0.551166813113881,0.848764925891327,-2.32804373973094,0.691987300873672,0.815986105157754,0.972561948814474,-0.19053398093702,-0.53890599790927,-1.13964769911456,0.313425995655536,0.17599186308769,-0.998766335411571,0.248810377271313,0.147411033003586,0.152881471173032,27.85,1.0,1.0,0
70071.0,-0.440095203221886,1.13723897606434,-3.22707975693117,3.24229293383089,-2.03399815309639,-1.61841464754635,-3.02801259904704,0.764554819893569,-1.8019372093973,-4.7117686842189,4.66325458481107,-5.17173460782892,-1.62407024790733,-6.71387819491558,0.607986267670607,-3.27520749888835,-6.8238312134789,-1.35530868624906,0.291250739005026,0.895840844006848,0.764186724577691,-0.275577693085964,-0.343571526478397,0.233084829252444,0.606433640125543,-0.315433462199896,0.768290751269875,0.459623327730251,227.3,1.0,8.0,1
69987.0,1.08156998316473,-0.174653184393663,-0.136278072387389,-0.0334549230079145,-0.209140243226962,-0.765217753448831,0.35322562170941,-0.182203606724404,-0.33534591500217,-0.0179933490034428,1.27796810710956,0.917994339664497,0.134737241735199,0.601236113758518,0.174644952694635,0.41716829270039,-0.575879445606066,-0.401174466592709,0.659340091485234,0.165129192569975,-0.349988634451392,-1.32493109599676,0.0638416495747067,0.032327658591016,0.0803100266234753,0.613519353156298,-0.123999338231804,0.0084984550768045,110.41,1.0,1.0,0
69731.0,1.15050266585849,-0.0116684234165696,-0.0822362887717028,-0.0689217408231631,-0.112720471326569,-0.761572359290496,0.352967023954793,-0.212151491037275,-0.435493904734687,-0.0217315574737989,1.39495463042766,1.28295462055685,0.817389389467011,0.456104178422115,0.0945976379843397,0.38017854303394,-0.616300149361927,-0.492959553179721,0.666001271255587,0.137140244394494,-0.363529254613591,-1.24981201478966,0.0867911801874923,0.0493734916989583,0.116626955805009,0.614988199679857,-0.112802891520488,0.0038108844498603,74.99,1.0,1.0,0
69660.0,1.17845815767843,0.166055282088801,-0.101567111926406,0.369453434811218,0.0171977721993854,-0.722891006614425,0.396639425167032,-0.187977568158576,-0.483146517468816,0.0830938754890242,1.25521822015717,1.05329812504743,0.365822950770788,0.59755933075425,0.0505838142357155,0.309065543257987,-0.639919869188469,-0.312517176828999,0.506850254514163,0.0314147576461735,-0.323047920250802,-1.08381421697131,0.0498382188454573,-0.0028724474720339,0.295810208650068,0.1358826804222,-0.0741905824391007,0.0043641197001804,50.9,1.0,1.0,0
68905.0,1.17464131959002,-0.0848970017132515,-0.256066571126865,-0.219801850389625,-0.149242226219113,-0.888967880999107,0.348766662268469,-0.191992468341485,-0.25725430619453,-0.0347032831352326,1.2115627071366,0.696074921041698,-0.309681567353279,0.721083512552708,0.192610911648047,0.303083951559649,-0.49987912626293,-0.3500866066398,0.742078826934728,0.0571213276320378,-0.318735137058895,-1.14425839384047,0.0449037212888006,0.0367198637810647,0.185373748870947,0.733109471562677,-0.127804979300274,-0.0042686538351511,69.95,1.0,1.0,0
68795.0,-0.882573752416427,1.14404650995328,2.14363132244337,2.95244190283453,0.171550844113631,-0.352436035599066,0.713240996290828,-0.202490132291025,-1.81351742060262,0.667662797947792,0.0096424406416613,0.31642194744714,1.51189821673203,-0.0123128091908281,1.14463799205588,-0.249516515644402,0.0652148114771133,-0.1085988484928,0.679163501900502,0.217577510544361,0.160725784274402,0.497433289358996,-0.280033631622104,0.775154737781393,0.259729898077779,0.318373640852229,-0.0034040783145102,0.0908219877524667,63.82,1.0,1.0,0
68738.0,-1.09333358885905,2.07716452792443,1.47986646298653,2.70917913664262,-0.0681711582685357,-0.274633535565898,0.454070504516359,0.36129474162204,-1.7897803552018,0.847261074616072,-0.429636481710552,0.179305737765493,1.1273177230824,0.392543002942516,1.10544518377866,-0.0925620447107282,0.176483641113073,-0.18467493084278,0.859206878987213,0.376725605807344,-0.100274151399631,-0.22435437437543,-0.166923522301475,0.397549429213151,0.317241180145234,0.188092568166213,0.300447632791154,0.14529983786671,4.12,1.0,1.0,0
68582.0,0.985711766726125,0.0348659691082351,0.795863528796738,1.03835522443316,-0.41544643138483,-0.044601922559481,-0.11616964384421,0.104057784035743,-0.212811162233609,0.0345320855478515,1.90152391523335,1.53236483013928,0.740557139704674,0.3247039947826,0.627653066868767,0.189942546855603,-0.489629625545089,-0.296068825218604,-0.539873918120241,0.0232330341578044,-0.0507379022479207,-0.263480288615538,0.0879973877407097,0.19903632111746,0.170998374283322,-0.632795458296676,0.0428768598444751,0.0360805955023052,69.99,1.0,1.0,0
68529.0,-1.34452769641009,-0.701611357834827,1.21642227499663,0.3316055337559,0.776433304451696,-0.808674918251866,-0.206781932478081,-0.0965768336280225,-1.89891167424983,0.93118155745627,0.806124220510613,0.426448886057395,0.675897172438596,0.310294457110527,0.293264778378089,-1.49728710753171,-0.308953359068395,1.8231284872268,0.247168734645932,-0.560669146441709,-0.395966459410063,-0.575428413848235,-0.241705147551496,0.0040884010056186,-0.274401745995216,-0.442401956082692,0.258573307578645,0.0359243563282182,94.96,1.0,1.0,0
68524.0,-1.281762529733,1.14220726513654,0.963805344276221,2.71847778882057,-0.441064850208731,1.34658492275349,0.691705435871863,0.69944190859377,-1.79566985349763,0.738261918052964,1.36098511410972,0.117774517400956,-0.487486011566764,0.917750723903467,1.08546074542498,-0.325644066125813,0.489356427205408,-0.0603187868221199,0.260758705996832,0.0707130027832793,0.310185378863799,0.954018060891732,0.155522134868266,-0.278945373883808,-0.108640052980027,0.418898193958672,0.231738293940613,0.0423598870963585,189.16,1.0,1.0,0
68207.0,-13.1926709562391,12.785970638298,-9.90665002092758,3.32033688288942,-4.80117593230105,5.76005855618556,-18.7508891580107,-37.3534426378925,-0.391539743919107,-5.05250236713858,4.40680552357904,-4.61075647740608,-1.90948796970811,-9.07271093398351,-0.226074450896345,-6.21155748212485,-6.24814535335983,-3.14924669470095,0.0515761185277783,-3.49304991519446,27.2028391573154,-8.88701714094871,5.30360690376998,-0.639434802306313,0.263203123457008,-0.108876929971315,1.26956635541013,0.939407362758877,1.0,1.0,9.0,1
72446.0,0.897248545763527,-1.98233767752142,0.164276567447352,-1.19293727906235,-1.71021893772346,-0.493586968675316,-0.575899010438367,-0.29121332877379,-1.90310461140995,1.22972520900816,-0.689154526809879,-0.43551702116959,1.7244446107131,-0.54378186761195,0.717048073503017,-0.0491465742896418,0.194629918006989,0.0172580889272666,-0.164862450915053,0.434583622758149,-0.188530761980675,-0.890688961110472,-0.187375045673361,-0.127322566586141,0.111357019692059,-0.417747692792934,-0.0133583452518957,0.0847193832327066,344.85,1.0,1.0,0
72165.0,-1.43281276236464,0.460022848736179,1.55013324536379,3.13470430112497,-1.43894040118793,1.12190408646337,1.25506715363178,0.570888493991161,-1.73320009972581,0.0416006501299736,0.620059349326704,0.277698839196226,-0.393974995845059,0.528050215552332,-0.514772584709283,-0.0601937773971623,0.337482637863664,0.426417147135329,1.46866397450972,0.825433648541264,0.0811291598418601,-0.477660677934743,0.745199290577055,0.259522037427147,0.20699528167439,0.0794677856352576,-0.164601635699326,0.0441702893096118,377.56,1.0,1.0,0
72077.0,-0.805688507611207,1.80125751882846,1.30939634531649,2.74855338681799,0.105209796656553,-0.166737378055836,0.76943300488193,0.315933261063634,-2.57834048041734,0.523436745034168,1.37205773838748,0.803994969731967,0.834816731295207,0.882584501412431,0.147833214317748,-0.198878031045209,0.129642073032884,0.246054512458306,1.16254837250217,0.155954811043712,0.182545937520373,0.349973642107192,-0.244304883513095,0.572507888352171,0.435054208333134,0.321635070118343,-0.0855872149542762,0.0084988719396853,34.05,1.0,1.0,0
72017.0,-2.19057056876149,3.33941948870022,-3.47152683115418,0.446779574798165,1.46741525908368,6.17368301587756,-7.16718907653386,-14.7481352651299,-2.0108503875058,-3.61222936596557,-0.159444712770403,1.09562737292181,-1.42319411232742,1.29487778120828,1.03461434851449,1.71429345721292,1.40783175443519,1.37190719296256,-0.764084697074253,3.94041679028106,-7.63658461526317,1.98092588539047,1.07038115774824,0.742653286423851,0.623093712300841,-0.301964532003938,-0.128820672500858,0.364594541442779,1.0,1.0,6.0,0
71958.0,-0.371818232717327,1.4559946691662,1.53312158172564,2.7098643190337,0.319093512946401,0.0116467407040943,0.82618402704073,-0.126566379906153,-1.63047566472109,0.760375760070422,-0.79167345452457,-0.504249555011778,0.367379603833389,0.287631201285381,1.17383168715513,-0.0453271179123316,-0.109396874512558,0.011431310396359,1.01856909250918,0.145355795163889,-0.0409659995294922,-0.172731978012561,-0.138012877271637,0.0279037688592253,-0.21252675150783,0.102190760307256,-0.0077788428575045,0.13050483320062,29.07,1.0,1.0,0
71496.0,-1.18052405398912,-0.6560334735333,2.1095142986197,0.482746843944022,-0.0132664004883775,0.477973017317233,-0.34605891463561,0.337996110643928,-1.90864619992066,0.621609787577232,0.942593839676607,0.27835478331262,0.652240318624154,0.126557584940999,1.05593532349178,-1.5504479906621,-0.0411953046553355,2.02850740428129,-0.161828618034072,0.158063594268992,0.006841046120193,0.0983618103314735,0.143551927144414,-0.340957691262695,0.207163049156727,-0.0906548398657023,0.0822563927718162,0.10178641674226,126.0,1.0,1.0,0
71269.0,1.20876268859249,0.200924808575066,0.0469370148294784,0.43064470975343,-0.188895674706931,-0.934763487765358,0.306518293963742,-0.150664556510749,-0.371007354172245,0.121037033099889,1.40138545196008,0.697698778019965,-0.566408041574681,0.783863443193356,0.119188904680833,0.250427394864368,-0.471495863422956,-0.318547292622058,0.39746205942645,-0.0913612843882237,-0.328389843622375,-1.08056841012037,0.126383838438025,0.316281690280064,0.232938579573964,0.120673899565512,-0.0742556256872092,0.0011077017216761,22.95,1.0,2.0,0
71158.0,-2.78101460457399,-0.0213851237987165,2.01576442450007,-1.27220016866171,-0.529662359012584,0.4303010163115,0.579297195719801,-1.20630454225852,1.71710712332073,0.577460264705809,0.464709038516395,-0.0650518291518522,-1.58474179527387,-1.13010955840652,-1.34967555414258,0.342272901926584,-0.779628976690694,0.039267639017599,0.148237559299742,-0.681132184480471,0.274031801076502,-0.597027854129295,0.0347009616300726,0.0192887604677706,0.206904025271247,0.661876693671387,-1.52670346811916,-0.348991025944274,94.12,1.0,1.0,0
71033.0,-3.17081841545902,0.185734554774403,-3.39985157931162,3.76115529034876,-2.14804702797609,-1.59894442520531,-2.51956531805231,1.31621501070214,-2.40010611621824,-4.99341703829647,4.44719176626515,-5.29376010254684,-1.41957829927441,-6.42527621352443,0.914083034195792,-3.51519716625381,-6.34745330751181,-0.90351216582405,1.19160626766329,1.93225372509724,1.09205113380931,-0.0410804286307278,0.904395217733676,0.180015601586537,0.0499703397242655,-0.257099837784436,0.859281566487016,0.225924185725605,426.4,1.0,8.0,1
70904.0,-0.960735061284598,-0.517920761311579,1.49724748822886,-0.315111985887906,-0.326152786673907,-0.28146207755193,0.40245727308053,0.136272045079087,-2.04260059377515,0.469778098026715,1.42867930452115,-0.0548828820422398,-0.765122613041818,0.684293108899215,0.636008538506897,-1.75340564794088,0.364414476677107,0.89002383670108,0.0243081872680232,0.0346866888239692,-0.565835996230915,-1.71435887086478,0.657512730019335,0.097822256755708,-0.592156719760438,0.0556827979213918,0.0074034750411899,0.118182004885307,158.0,1.0,1.0,0
70536.0,-2.27175453696818,-0.457654560738072,-2.58905463865543,2.23077826688105,-4.27898250263823,0.388610079538804,0.102485457456358,0.813127838070308,-1.0929208385062,-5.03202838566819,3.51034756034463,-2.22739840581069,0.656823927974733,-5.19918574342056,-0.128311029598493,-3.94352099869908,-3.82052232662867,-0.570821093891663,2.78338340771804,2.28575790271371,1.09634200952947,0.658398654570846,1.71167573455248,0.333540036403021,0.538591373646869,-0.193528512332835,0.258194100840055,0.247269213953463,824.83,1.0,9.0,1
70508.0,0.654419403822065,-2.57783489485912,-0.809611962950597,-1.4014461458012,-0.864788736580956,1.04663838385886,-0.455983100278303,0.0233258919850333,-1.93408224199498,1.2549873442792,-0.233620313557177,-0.279975342649663,1.06329712268961,-0.320933296294961,-0.543016721650602,-0.324274943863407,0.189972087535324,0.306840131029085,0.487535981416656,0.654506647419279,-0.10039450090077,-0.820941601575848,-0.557152602653438,-1.6982928859668,0.400085461333919,-0.183236878029209,-0.0423065587864532,0.0684921781051967,475.15,1.0,1.0,0
70493.0,1.22046304738238,-1.93677656020594,0.966284472160727,-0.999141862428687,-1.95224007417927,0.909926601919667,-1.70982419771039,0.343395865752233,-0.560771466835813,1.15297231607818,-0.590196586331235,-0.0951993011653604,-0.226238795276577,-1.2354720876381,-2.75436790848145,-0.845726610120679,0.892073556447816,0.344130506389904,1.13888098035202,-0.150843810711123,-0.409870351066656,-0.637187408186761,-0.143144196563933,-0.498674366497721,0.386978262656041,-0.186606638807903,0.0688446682711795,0.0280870094034106,121.0,1.0,1.0,0
70270.0,-1.51251575792702,1.13313858781029,-1.60105247993576,2.81340096831714,-2.66450340578315,-0.310371093924795,-1.52089516380539,0.852995775116439,-1.49649450564954,-4.05629261571005,1.55375586796783,-2.74355135914945,1.50454067059684,-5.42878849870488,-0.0160171233729703,-3.72718761269833,-3.94629958919926,-1.68028644319238,2.30361261010114,1.24958556268985,0.729827756052255,0.48528591471162,0.567005413227757,0.323585691602658,0.0408708540928058,0.825813553299941,0.41448227186994,0.267265082454707,318.11,1.0,7.0,1
75403.0,-1.61630574540177,1.8186884148945,0.909418472686092,-0.550677463948676,0.168160004340815,0.0049186129327929,0.503866772944176,0.262094936476521,0.229957396785332,1.33782238734829,1.43935433019126,0.968264237286836,0.561074881700653,-0.121016525842616,0.436330529590894,0.06669432424333,-0.563292085319346,-0.349296980861178,-0.0835845927734269,0.75813674048741,-0.316596388095906,-0.486288096451682,0.0399286786176923,-0.333038815894855,0.0336646229659182,0.125615770250043,0.799043404768228,0.432019684280803,0.89,1.0,1.0,0
75202.0,-0.751909048164716,1.4448168791465,1.7997372287404,2.81999928836109,-0.228840843143514,0.476381004722931,0.143239350306491,0.54650637551009,-1.76764455066607,0.296891279244342,-0.263601496287711,0.326840373499187,1.233107547713,0.341335708570465,1.51578561575402,-0.0389084899815915,0.302654236016884,-0.468267289352277,0.426335412316506,0.164848478853163,-0.0003219973153371,-0.173776029910303,0.169346661367434,0.0687576817650403,-0.525837448084518,-0.0205235348824893,0.0318536065822087,0.074186140727083,45.64,1.0,1.0,0
75114.0,-0.979651485372553,1.66639608755913,1.52548430618575,2.83045331148505,-0.0869636154787955,-0.273025496770835,0.223022485649944,0.365869491273341,-1.68404007281347,0.713562727740212,-0.445582193883,0.259246619952891,1.19941450763001,0.348943510300692,1.15633687584687,0.089316223281337,0.0807373569937962,-0.189488626273101,0.853798946386572,0.203748172260119,-0.129632332709509,-0.40566543115037,0.160494353854313,0.378960544718608,-0.338117893694512,-0.0503363779945195,0.140981505018345,0.126728255092919,5.48,1.0,1.0,0
74895.0,-2.88997309004878,2.48187422705974,-3.47180338258145,4.0109737929781,-1.91033620206919,-2.12680443947515,-4.53510346946482,0.8174482980728,-3.00112250695777,-4.87462746135926,3.63555845014491,-7.56725652005427,0.0602765970550138,-7.16793099403794,1.22369661350844,-7.82813465658728,-12.3447056446562,-4.6904044337518,2.99494942270349,0.855329628769514,1.14057718178054,0.590972259848674,-0.292454081528414,0.304803926536272,-0.167683653326064,-0.11302152833135,1.04942538496429,1.08089606369242,12.01,1.0,8.0,0
74700.0,-0.805966471110866,1.54863007184967,1.89623057586031,2.72184916005982,-0.413978975324652,0.34355721999042,-0.172447241069147,0.642890849410339,-1.7381634269663,0.760169638219221,1.11539590446747,0.829972715999307,1.13237556182114,0.375738965728733,0.648813000015092,0.452338329805691,-0.266828955796128,0.888162818637069,0.83235111003285,0.27154177776268,0.305113977497198,0.883314488356364,-0.160914203568057,0.368591934520145,-0.17814147094643,0.307717428637678,0.27398612506491,0.122432568276839,10.59,1.0,1.0,0
74439.0,-1.53443426020029,2.06560652898354,1.10857649494814,2.7397348225739,-0.746346722445254,-0.0653350259072541,-0.195740992311784,0.971363305356587,-1.79765783939013,0.974387319168524,1.14541962487388,0.656575122957063,0.153438497216742,1.00346837904211,0.523479272434016,0.38169715539997,0.121234456798541,0.375729956965555,1.02395343638593,0.164036820429694,-0.0626579335849614,-0.387059562501969,0.0870844792117676,0.492340373612684,-0.394721356749031,-0.0755109264205341,0.121137838322469,0.0939468326456181,24.02,1.0,1.0,0
74159.0,-0.431828644338415,1.18339875571103,1.99783105637035,2.51135541746236,0.763162838395601,0.0495575775204182,1.478813903979,-0.935863219201728,-0.106860709836458,0.86850533711408,-0.402162758116214,-0.983071883094163,-0.619493180810239,-2.46563005363235,-0.435201958051662,-0.185864775877474,0.726610434874861,0.240062128992527,0.0484020759973943,0.182980719888066,-0.224365582675679,0.151580249413149,-0.336020415464396,0.288363539390733,-0.222319134334984,-0.0334554149810577,-0.886904777229136,-0.730091321566525,29.95,1.0,1.0,0
74159.0,-1.54878809850026,1.80869795041448,-0.953509033832342,2.21308539346999,-2.01572779170327,-0.913456844516923,-2.35601298316433,1.19716896702387,-1.67837405659509,-3.53865023182429,3.1020899271543,-3.99337305447702,-1.93741062327519,-3.82289410599595,0.830970110708369,-2.47535885382925,-5.21187516766885,-0.413871678166879,0.933262164554872,0.390785963777347,0.855138263312025,0.77474482148342,0.0590371520063436,0.343199807900813,-0.468937928609185,-0.278337986906642,0.625922215184372,0.395573378256676,76.94,1.0,7.0,1
73932.0,-2.8505081350547,1.43279428247393,-1.05466260002393,0.311490729770501,2.63136771306027,0.609494947890111,0.621541257153027,-1.64937008460925,-0.287477950135001,-0.915272947967161,3.39183862585805,0.276321732765384,-0.530934844394304,-3.67860885178443,0.962041812970636,0.0277452080467342,3.31243151813888,-0.104585918232328,-2.59779196660814,-0.934389330597922,1.41719309263345,-0.15597688174675,-0.128779692678008,-1.35767225605087,-0.131940128355651,-0.514499946600812,-1.18467798390193,-0.172399063295755,1.0,1.0,5.0,0
73870.0,-0.938419715007337,2.04033191592682,1.40755241138308,2.60267627197484,0.208249403211755,0.0018580013279695,0.527187881205359,0.350773857126425,-1.94511977918707,0.6201335327718,-0.787543138385979,0.0939602874947651,1.19713508430718,0.448598638206305,1.12654212958926,0.123466792329915,0.0085617125764911,-0.387385041176657,1.26668082485831,0.237390957734929,-0.438829601483692,-1.36927731125376,0.0167196623047173,-0.168800527132178,0.0118630179244468,-0.169211776051482,0.0604948923264669,0.0826483125125956,3.97,1.0,1.0,0
73408.0,-2.86979494599423,1.33566696241079,-1.00953019777159,1.69388472852407,-0.741479894623347,-0.796772696354505,-2.61424187718441,1.06663646767929,-1.13549652218517,-3.9433368210052,2.57283021584331,-2.28866350030302,0.562084177710423,-5.33871420959882,-1.85325189141529,-2.619233053885,-5.23142512742468,-1.23485373672039,0.397308037124058,0.0115572104606548,0.528421372720921,0.228027080989586,-0.749297963439339,-0.0671789627433331,0.215792485177395,-0.453651011768872,0.349191042793996,0.198862268219404,16.48,1.0,7.0,1
73218.0,-0.251600932122864,1.04682454210104,1.15584253871413,2.99994228893248,0.902481765340764,-0.458291231761928,0.642237913204086,-0.105329671486866,-1.85192064762942,0.789569269310044,0.10955020748144,0.20716106434216,0.841930269647136,0.413982784954688,1.03057853121222,-0.815621646440022,0.472060174736484,-0.79033820124611,0.347892604244377,0.189756489039062,0.184761103514979,0.528280829072185,-0.0131631490893749,0.44690303948775,-0.274052115911203,0.236479894091875,0.0879720676992567,0.0834383361364837,1.89,1.0,1.0,0
73210.0,-0.0243209236692533,0.27762350334459,0.400581419886972,-0.20579639419043,-0.879040446177833,-0.576613901915349,-0.374111100104064,0.235187919757054,-1.61834680616279,0.61395343271394,-1.08019219994516,-0.179788941405194,1.10169254596939,0.318200218104669,1.44530462520298,-1.66527697751646,0.423514170081931,1.39094409578345,1.09206672836998,-0.242984151042897,-0.246111544488589,-0.332994837478484,0.347146594204035,-0.0825614120858753,-1.59553723081299,0.946037036920338,0.103319254812432,0.164038264561388,33.03,1.0,1.0,0
72688.0,1.17002584104822,0.1535810259764,0.639210652025562,0.472847497374719,-0.542545755376798,-0.782014062967482,-0.0056021174557312,-0.087639971982735,-0.260369637638894,0.0597736286986335,1.75025240357393,1.32097084100367,0.517557916374926,0.379572115948489,0.288732339794273,0.458767680156481,-0.602944799638558,-0.261506501349574,0.165738502200059,-0.0265540337745266,-0.272772812620567,-0.868442293865725,0.196928927781673,0.529903084675185,0.0523103964065675,0.0693080905607907,-0.0405605024092051,0.0153112335769239,19.73,1.0,1.0,0
76826.0,-6.61629292560656,3.56342789803106,-7.05890129814843,4.28434595524384,-5.09629887292392,-1.76861780360559,-4.93755412732933,2.74845954534783,-3.79675959454545,-6.8254901042394,3.25959475409854,-6.94389061823948,0.43597516308899,-6.94701030902337,1.01100406527995,-6.16683742461485,-10.564346602529,-4.01018815310236,2.14350179519978,-0.54163415582255,1.21597610572025,0.0411777442210425,-1.05909770217904,0.275662062254882,0.057424927985318,-0.265838484019501,-0.514636936427821,0.388590269335523,254.76,1.0,8.0,1
76781.0,1.17426870850057,0.139590233436621,-0.11071382429317,0.372717426622563,-0.0067728772064182,-0.72349359153551,0.379558022649096,-0.171283978064234,-0.442048356929517,0.0901388532162673,1.21174637002892,0.906992541289413,0.0892324800421629,0.653042505860985,0.0816753911558334,0.321513094186838,-0.622886888859704,-0.278959812739976,0.506618649423934,0.0181936467468266,-0.32483048509699,-1.10775519754346,0.0526123169469474,0.0079346292033105,0.285472222158839,0.135684426247959,-0.0764630300995023,0.0042944382909947,52.9,1.0,1.0,0
76687.0,-0.756187855446721,1.10206161407085,1.38188419068506,2.79024081800116,0.944223195236943,-0.179274764785003,0.837314849915652,-0.207512830796664,-1.8457075439726,0.759916637699093,-0.750326833973773,0.0237938217693012,1.49304333903885,0.0929328244672243,0.963662803792857,-0.194916567745031,-0.161506687154728,-0.0574251319369307,1.1271834206084,0.146765159042161,0.0094993403928663,0.189640007807281,0.105099888590006,-0.0807933894960941,0.209601346965618,0.268420005933135,0.0334723900216366,0.0653055066792972,7.7,1.0,1.0,0
76575.0,-5.62246941906299,3.48062317879011,-6.20067659397487,4.31123366835313,-5.22628632428769,-1.34176357284987,-5.22094094197327,2.68284353707778,-2.92148438224053,-6.56125741097377,3.21126387844398,-6.86166051434144,0.326461834627394,-7.7552536640417,0.50465219263742,-6.27661678567251,-10.6117146970978,-4.14677374512684,2.19728771323892,-0.156288522686099,0.949568986169808,-0.428985749759671,-0.35067550041691,0.197549503550848,0.15923422951036,-0.377790861014248,-0.213561786254573,0.459528918054306,219.8,1.0,8.0,1
76403.0,-0.580957554606373,1.54312893368881,-1.19268202017003,1.6379286208947,-0.642160935248719,0.0829687698423821,-1.94436549120892,1.01788415824429,-1.73280977806188,-2.12578391845462,2.34945853367824,-1.60548488739418,0.935240184390123,-2.44132015220575,1.20548067346292,-2.22439446458785,-3.78047661138943,-1.20203295487016,2.17800538060389,0.378818552233875,0.250945010039387,-0.329326865046371,0.124078405923631,-0.902636104046706,-0.759892220378688,0.308484888871314,0.338204061733453,0.102965353404564,0.89,1.0,7.0,0
76317.0,1.07334396345592,-0.13741689294942,0.159038619473229,0.263625277785886,-0.0075914465468257,0.21998461513661,-0.0483300501068427,0.114993914799436,-0.155144923673922,-0.0005383884134715,1.11154228914322,0.919742169083534,0.301377902952338,0.440122013083106,0.654253330958079,0.452175635451805,-0.626974293350267,-0.361537531259369,0.127260990105543,0.0704900920407413,-0.27164853991565,-0.981078251989282,0.0680620089963999,-0.668361285680056,0.0645473345550239,0.148525899853427,-0.0390947223844643,0.0126800196645743,79.94,1.0,1.0,0
76156.0,-0.161098994959364,-0.484442722341337,1.81562041207596,-1.94984254752814,-1.40355097281041,0.377902236559374,-0.612705294997872,0.0169617291403693,-1.6248987443093,0.880273869966944,-1.68332525115347,-0.799121062744317,1.3866265960118,-1.30533364108693,-0.533288545952252,-0.400076588110773,0.359240636401883,0.403213104470937,0.390865403676884,-0.23296787696889,-0.154567502149887,0.133561917999785,-0.0910534530827835,-0.447020256816781,-0.476394004779203,-0.264210071892788,0.113689428969082,0.145136692429977,60.0,1.0,1.0,0
76146.0,-1.22038024530737,1.96105201143168,0.869111849016168,2.30999720366875,-0.323532219274029,-0.465214302234013,0.11336383774371,0.669034725795759,-1.72993017792363,0.193770143388015,-0.796450973952348,0.344231025898693,0.928742137982789,0.680999327256659,0.402671174085922,0.486884528132881,-0.0846015610433888,-0.237825517569327,-0.115767354116337,-0.219302888246491,0.0625961577911866,-0.200765205030958,0.133367895420862,0.37725605582427,-0.541997368080928,-0.218321241517949,-0.367614654389536,0.0370662812471007,8.58,1.0,1.0,0
75851.0,-4.79366743133161,3.41891065333381,-5.07444453285381,4.03598694267746,-3.52787459906065,-1.92324150219959,-5.06598083804842,1.99688475994042,-3.09737916358313,-6.44720227383046,3.77557843937585,-7.49878345527601,0.231306922054262,-8.65826843157538,1.34330765668858,-6.17333085967808,-10.7080182544535,-3.50489419159365,1.88404425730219,0.342122343012083,1.16861781897539,0.289530903898366,-0.371888203724815,0.144761276597316,0.0847348250689305,-0.19743147093529,0.328671522253493,0.835394921353057,99.85,1.0,8.0,1
75809.0,0.248375387045359,2.01048313281988,-1.85933334925975,1.72190062276826,0.76743730455358,-1.70964211157621,0.767683953211467,-0.0885597307328337,-0.393446645939447,-1.04832996002272,1.50983246036742,0.104546544869603,0.529871718403123,-3.58728957031286,1.21433263038955,0.365315778523191,3.30334659020059,0.789468417408889,-0.970901665016315,0.0295689053658216,-0.0490291358855398,0.126255769960049,0.206402000227828,0.278871528514623,-0.601267703881191,-0.458580593366445,-0.281908792161411,-0.272332392966823,0.79,1.0,1.0,0
75716.0,-1.5197169086639,0.433479120848611,1.14940624944162,-0.901235060900226,-1.25222943421476,0.383694271017945,-0.814302509077795,-0.877122925529078,1.07144035799075,-1.33582044418172,1.03044703492699,0.944904466737203,-1.39276170505468,0.599751251775658,0.48880251296847,-1.09091202264243,0.773074925429453,0.588744819887107,1.32836491666817,-0.646981238113491,1.81113500543951,0.561975616186968,-0.146084725159078,0.243662178372335,-0.124451855036311,-0.462560333362915,0.325229971211348,-0.0617289767271771,89.0,1.0,1.0,0
75708.0,1.03555345567373,-0.642044363340315,-0.0187222391383171,-0.0923685550095519,-0.787004862174702,-0.954609476323788,0.199716050208983,-0.300333219966141,-1.66049312767631,0.833448511224517,1.56209446210623,1.11522061953936,0.923828427084149,0.450138743272095,-0.188929889550391,-1.38625451174359,-0.192971990045765,0.840836829698886,-0.496231779390407,-0.13911764721587,-0.554311016817004,-1.52011095710138,0.0722316973644901,0.512004886408176,0.123369124864864,0.121040458662955,-0.0691204263035142,0.0336694611951792,164.91,1.0,1.0,0
75706.0,-4.26122638812183,2.80929784057692,-3.69869385024435,3.80279800189565,-3.57327967859458,-1.4034786557315,-4.88956332235522,1.68400961859607,-2.73157448106074,-5.62201171242542,3.12423052747609,-7.10450164574621,0.123206429265525,-7.10963819536638,0.38092917254807,-7.26705439123808,-12.1292714110065,-4.80748784494404,2.55289495332284,0.389386770773283,0.967389082952952,-0.0424286370838008,-0.254397605470847,0.292597111483693,0.0987697633922914,-0.331993005724943,0.576056058902429,0.847692727616945,109.9,1.0,8.0,0
75581.0,-2.86636370525907,2.34694943137396,-4.05330668845935,3.98335888025187,-3.46318571327039,-1.28095301603103,-4.47476383461874,1.21665528478137,-2.30982869782019,-5.51550707258062,3.04839203447565,-7.12825076846601,0.0059558009251745,-7.49518733635876,-0.25108802193356,-7.5680148993231,-12.2236328477344,-4.89517519350497,2.52496746940249,0.270013154062001,1.04973156228305,0.475840283409025,0.404480059350581,0.282029789710327,-0.506901095688855,-0.371741093052833,0.615256964379468,0.803162841917988,124.53,1.0,8.0,1
139117.0,-3.97593925787714,-1.24493887246577,-3.70741371980754,4.54477220840185,4.05067557270479,-3.40767861716595,-5.06311826997904,1.00704199678733,-3.19015819504631,-4.25071651144568,4.18216236800046,-4.56367473788251,1.18250275143465,-6.96497247579046,1.11533951405808,-4.99733165466689,-6.41953891153561,-1.18359273970866,3.56973257751778,2.1094026874149,1.05973707375805,-0.037394796398813,0.348707142883828,-0.162929482857413,0.410530958112178,-0.123612265343157,0.877423851434985,0.667568429836307,8.3,1.0,8.0,1
138942.0,-2.35634817171224,1.74636046414013,-6.37462362059635,1.7722054455123,-3.43929379640843,1.45781106507128,-0.362577080151496,1.44379091605937,-1.92735886131488,-6.56465926230671,2.4507521592725,-5.69407428254804,-1.15546908515323,-7.13215063894307,-0.059627810007784,-4.59657658277775,-5.5220880540876,-3.5290655977144,-0.663370800920003,0.194809814636999,0.857941843268412,0.62120338692579,0.964816561119457,-0.619437275613569,-1.73261275172715,0.108361134584802,1.13082816380553,0.415702789405836,727.91,1.0,8.0,1
138900.0,-0.563323618786615,0.530302286184496,1.71534502222298,-0.881742498581133,0.178124541928598,-0.569175567157538,0.489188622507436,-0.0503979120480508,0.367867601386244,-1.20741787056926,-0.998806929529626,0.91552838617473,1.47068692755941,-0.61910804937646,-0.426162087186934,0.171337411538523,-0.859669570297915,0.108837886700757,-0.885187805549755,-0.0664342762454402,0.296979015296121,1.03088990090899,-0.292176747263704,0.107493366133641,0.0065009440271988,-0.331251958638671,0.164653728556642,0.160227624661381,9.99,1.0,1.0,0
138894.0,-1.29844323295373,1.94810044909488,-4.50994688793757,1.30580476704534,-0.0194859272181987,-0.509237783834405,-2.64339761889288,1.28354519416721,-2.51535570266591,-4.50131480977758,2.09307500991474,-5.41888894354848,-1.2470137120242,-3.82826817896473,0.399050336571034,-6.36649950945483,-7.5509680917538,-4.90276666632221,0.152892032043683,0.250415437314689,1.17803195025635,1.3609885807297,-0.272013060161758,-0.325947896160404,0.290702673395833,0.841294588482068,0.643094248950207,0.201155749649851,0.01,1.0,8.0,1
138688.0,-2.51079266505721,1.07250676395616,-2.10534863375312,0.321466730316024,0.0209695417284636,1.08164955127799,-3.16112267446153,-7.55424694395968,0.168338369120708,-2.8386410423174,-1.66378315111099,1.5057030149271,0.271601453049505,-0.541273860025139,-1.80028280175536,0.340674326268482,1.25166196223695,0.535328351557909,-0.494420089812753,0.770173908437833,-3.7534797793849,2.60858537356622,1.34591953782142,0.532878754950975,-0.151225546456517,-0.110280508054786,0.209832404631522,-0.178055825654289,67.44,1.0,3.0,0
137791.0,-0.54748059316057,0.736613476606002,1.75165447476345,2.38839125886892,1.47915375968794,1.29695540224942,0.296456082625835,0.261012855295469,-1.11874635829252,0.962099694046179,-1.1770085967604,-0.797246705543424,-0.5750633052824,-0.283806167574291,-1.53555671677592,1.65287526899595,-1.7869985499573,1.20529054364154,-1.03645542950667,-0.0430583935446204,0.207783490945955,0.665913634171237,-0.433251366126455,-1.4181862207572,-0.0908423127279409,0.0848015362800299,-0.0347412985204582,-0.0797232844148787,0.0,1.0,1.0,0
137550.0,-9.60528583797688,-8.91947482422979,-1.66971702447597,0.0591271779666439,3.07836062918164,-0.652070099265856,-2.68581812862582,0.544378135896285,-0.0507222411252726,0.267092953323898,0.692741086457179,0.627456874694998,0.337728489594921,0.130777943002999,0.116504737040173,1.77748046690114,0.663454380370039,-2.75111906340822,0.210997732115262,-3.74835812979925,-1.24215476336152,-1.31715878290505,-5.31139032007383,-0.3758538615585,-0.764298356434338,-0.498940933983803,1.50019059845397,-1.78686440811518,399.55,1.0,5.0,0
137234.0,-1.41714554380562,-1.41465201399897,0.812443844316121,-1.17190453838596,1.5491152557025,0.113096750985842,-0.868606144460268,0.294306946045394,-0.571979245490153,0.0863342254550858,-0.798321769011748,-0.611134082699847,-0.511292861508443,-0.495714256926416,-0.613630501933,-1.03317051547923,1.80734665278468,-2.71239137458461,0.26613475768879,-0.173939449160317,0.56767326972535,2.01781426624799,-0.618483999850875,-0.885479149588692,0.31319066663643,0.483597245311604,0.155838967440017,0.094689055953839,16.94,1.0,1.0,0
137211.0,0.630578744212506,1.18363142021427,-5.0662827181354,2.17990251484867,-0.703375740890159,-0.10361428842267,-3.49034985781286,1.09473429241599,-0.717418480774938,-5.17993471366321,2.86702850008408,-5.25999613299847,-1.27715142230195,-6.98927231350758,0.690009613250389,-5.49618760977607,-5.99533723596091,-3.9905149275795,-0.167199797868911,0.357369307955279,0.621621663049365,0.0438073846680806,0.102711029430332,-0.601504870194403,0.127371352545737,-0.163009126463793,0.853791839587473,0.356503102101233,39.45,1.0,8.0,1
136369.0,-18.5250275504156,-16.2768454785005,-7.18722912128406,3.66425655421239,-2.32657876578602,3.22622100070812,7.15277725020282,-2.76421105332169,3.9327535515306,2.73324808333475,2.04942189861051,0.477376806670777,1.39636352699052,-2.23527461973718,2.16422222086734,2.33130826801444,-1.45802797472694,-2.36912685417143,1.34457369395864,-13.6434542076872,-5.44425362936846,0.41408743134068,2.03943678971133,-0.306145503198141,0.448062237587546,0.243760773108161,-2.5511419538476,9.33953786873822,1174.92,1.0,7.0,0
135314.0,-3.15898973247843,1.7654516187093,-3.39016804993175,0.9874099790721,-1.50993036564483,-1.28095213137771,-2.71955696702151,0.718324816575686,-1.66018323527908,-3.8410981507899,3.28282460993431,-3.90687694585664,0.951367704021229,-4.89818303490097,-0.551999608913709,-4.78744841664753,-9.33432947229458,-2.58024865554763,1.50157346167502,-0.0225898632000452,1.12053278888547,1.60508518555367,-0.618637378199115,-0.251282996939273,-0.240527821958069,-0.0043267561942135,-0.2354773111409,0.0181292220019296,84.28,1.0,8.0,1
79179.0,1.0694050467343,-0.0705671223991988,0.33185914329869,0.33856762785239,-0.15076062052114,0.0087470737887092,-0.0340528789419837,0.0760312422158827,-0.223488012291228,-0.0045157808633549,1.48530069923775,1.19775377031757,0.53403995941389,0.400178530954926,0.592927899043892,0.330978259188579,-0.512718113533253,-0.518798275125573,-0.0074256365687553,0.0547307269505214,-0.251113266433013,-0.883287413523143,0.118204641368739,-0.313186547721342,0.0302091162450412,0.126969349697094,-0.0344823954053218,0.0149162915241345,68.84,1.0,2.0,0
79113.0,-0.93175703265817,0.0413046967744714,2.02437258421458,0.330522409735802,-1.01380244286483,1.41837091595429,0.353070452958485,0.295077962397061,-1.86159989673597,0.608018053716196,1.43876087370186,0.189828725234852,0.181989725006521,0.159447795883492,1.33817519115664,-1.86918252459097,0.343386045606652,1.46409331875143,-0.635396196893317,-0.341596708198226,-0.073738138611758,0.300634898979293,0.0087837982801874,-0.310406583545625,0.0314084380448154,-0.0838354885908554,0.100532657411066,0.0501499292697807,192.0,1.0,1.0,0
78837.0,-1.02786548563339,1.07669727685635,0.85674258692225,2.48969837657501,0.676312568313049,-0.186658519225005,0.366775654189422,0.527469063831313,-2.14489748470071,0.482204408833514,1.2775036231477,0.428829846725431,-0.312094652485613,1.130234476324,0.0435468550180591,-0.179903725282932,0.178364924598771,-0.133321263571501,0.0717398554924312,0.0377457708541141,0.289784314916623,0.487116204786434,-0.0773477907896203,0.239940894660458,-0.253104726187939,0.127537719745563,0.0045934827596103,-0.0082530277165442,18.98,1.0,1.0,0
78827.0,-0.101550474351369,-3.73759433235934,-1.06795450520721,-0.606909633731749,-1.99648493331675,-0.470734690481032,0.418804473959589,-0.477206794823972,-1.80244807083263,1.00330152059075,-1.23902979855899,-1.17955526456592,0.0400874906768649,-0.0875928093646095,-0.185362630097252,-0.698139707120582,0.751331027996573,0.079988794448065,-0.0322937610580273,1.38647319197475,0.274453698693938,-0.672360736079217,-0.901184506452551,-0.0755468174429905,0.409911654557137,-0.122987217343219,-0.150718040222006,0.153242119674614,876.68,1.0,1.0,0
78184.0,1.18842010652224,-0.0577259058784113,-0.0936338738934383,-0.0717491705540387,-0.225499002647663,-0.80163977689302,0.223522856395512,-0.12053499562418,-0.203362647330204,0.0320890202169351,1.13134218772778,0.474559352460939,-0.700215207814601,0.752749357197316,0.258709886781966,0.45022446717974,-0.532335335445763,-0.309373920907344,0.684708515900875,-0.0004767045938422,-0.393431534074875,-1.36435370288967,0.121918052480784,0.0013118799158985,0.0734495716084584,0.62254214513885,-0.118935215683749,-0.002981480040598,54.99,1.0,1.0,0
77990.0,1.26384169338526,-1.31774294789247,0.131994719187058,-1.24219442078125,-1.58843505461637,-1.16389079184931,-0.547896605838615,-0.281721959241801,-1.93326732485352,1.39294380191722,-0.498780106409876,-1.29816689604226,-0.503357351469338,0.0899909218107904,0.6207777836939,-0.368514573170511,0.621469225929831,-0.434681082433117,-0.0128479486316886,-0.119393361724832,-0.574873685967473,-1.71206316079787,0.183784406460469,0.284031226628698,0.0036285586152336,-0.653180395561034,-0.0144826166319294,0.046384421259124,149.95,1.0,1.0,0
77924.0,-1.42211784937824,1.53345002056103,0.0732114899363246,1.93976116091047,1.4504287860775,0.503055065410772,0.703674918774668,0.198382413775482,-1.69236579853161,0.648459490667452,-1.56100710466324,0.0257507627101624,1.61774463542466,0.300053772213508,0.569797379641571,0.115787678951312,-0.41099591630195,-0.390527101830288,0.156647702171068,-0.319270165047024,0.0748619142813374,0.265564247549275,0.0037228181025232,-1.2767902119619,0.173732875135556,0.17353061853611,-0.478001829774332,0.0821799974728563,1.0,1.0,1.0,0
77867.0,-2.63367374659177,-1.22799677545972,2.42552794378267,-0.264662452465885,0.189658254924192,1.0563476473487,1.09972866305373,-0.461109124471282,0.879076107838028,0.354559539669767,1.6061884628672,0.233039268988957,-0.647794100445053,-1.01461671750372,0.235971514591374,-0.0087382104143598,-0.652018966506146,-0.344902598857045,-1.02706594294216,-0.709602113775396,-0.11819195384222,0.959052170227517,0.383298393274645,-0.246493988438637,0.312525938920926,0.318478248807765,-1.19203293518982,0.144222753374728,158.0,1.0,1.0,0
77627.0,-7.13906006793885,2.77308160372497,-6.75784506920828,4.44645597412376,-5.46442818500108,-1.7134014508064,-6.48536540922127,3.40939479860676,-3.05349271362056,-6.26070551479114,2.39416766551329,-6.16353737959229,0.60285052085239,-5.60634642932959,0.206621733749977,-6.52508103976033,-11.4083675448063,-4.69397773642436,2.43127449162965,-0.616949301183343,1.30325030896469,-0.0161181523663711,-0.876669888453567,0.382229800649027,-1.05462388774771,-0.614606036944453,-0.766848111948171,0.409423944116944,106.9,1.0,8.0,1
77612.0,-0.547329272390883,1.5300593111526,0.956814405762588,1.3498287525227,0.301770469558888,-0.368056373897296,0.601784773472177,0.239843364374485,-1.80901802054855,0.0336936714140944,-0.794745072685952,0.533696526818104,1.85637756954938,0.277880751104864,0.422923413409537,0.55822012699744,-0.346237828577817,-0.766867397745792,0.544749999462184,0.0698932988315372,-0.361759399315405,-1.24561942937907,0.225254234687828,-0.133854031743147,-0.860290045265966,0.464523591565606,-0.0468774145953283,0.0865298431179975,14.11,1.0,1.0,0
77525.0,0.904290838384195,-2.0093756692097,-0.258362752656927,-0.927843572373719,-1.71164598264568,-0.948798496240897,-0.28979814540165,-0.36540095094272,-1.76318046282247,1.2553521317092,-0.815887537577721,-1.07270295146394,-0.20630551397379,-0.167212966211292,-0.282238198920952,-0.910233333708955,0.918560474922515,-0.183685545547933,-0.0459639654563812,0.269377081277783,-0.0202099730833092,-0.302324695127784,-0.364571698064525,0.389725170079407,0.539626956922,-0.095949793869297,-0.0487061543196507,0.064320003780941,338.0,1.0,1.0,0
77449.0,1.18145771011346,-0.125633892330907,0.454633021028749,-0.29853251133425,-0.31653087541858,-0.0104001996390095,-0.301494474227432,0.079709901943868,0.0020380117359349,-0.126158030454159,1.56906369964463,1.41604451796594,1.07630279419673,0.142660166026137,0.721228688695695,0.362069538645995,-0.511559575411324,-0.38260417160161,0.0700855389443729,0.0298720275595175,-0.0524452205969892,-0.136483421320449,0.0437824880088259,-0.217400258097513,0.0844539887521735,0.931468989956663,-0.0559135688958387,-0.0017639580152153,22.72,1.0,1.0,0
76880.0,0.357904209704982,0.0881283861323564,0.682288394398733,0.234272039946066,-0.452565852288794,0.687385466591483,-0.218753398885192,-0.729594659039663,-2.10735889156974,0.939698705329811,1.91529447289987,0.979212099166796,0.80167309554386,0.656538910062646,1.19168278718275,-2.50422672102236,0.931714831281812,0.238995512800777,0.429850771373403,-0.287197293942546,0.180504315877124,-1.52091795787587,0.293116672761667,-0.319702118164939,0.256374070171268,0.484705810886606,0.157453172280216,0.203914796895556,69.9,1.0,2.0,0
82483.0,-8.8219851363308,9.13399853223787,-7.46957178961228,0.177070743841269,-2.61269289572891,-2.44675272000777,-1.77439878402225,3.10769014692728,4.56639119393687,7.22192670848834,1.08665765878546,1.14445941273834,0.700282362832007,-3.87383246221996,1.49010681204614,0.446116170733374,3.9607739913843,0.620905481348902,-1.83760567185132,3.40664138663702,-0.896934429321062,-0.517055891862613,0.832644482169571,-0.0699224895364661,1.04170835121475,-0.459934305698932,0.717514418268441,-0.642931041724865,0.89,1.0,6.0,0
82465.0,1.12841088587271,-0.156144755942971,-0.125928720373905,-0.0453713391951602,-0.258702328916073,-0.79372634092605,0.264543293655915,-0.128859424301391,-0.207269116973795,0.0177284936948863,1.13662344339891,0.477279722251077,-0.696401949426356,0.760211413800613,0.262265115638338,0.452710616943639,-0.529362853948269,-0.304772922433876,0.672766262709427,0.0621427586167423,-0.374376036206769,-1.37967841466466,0.0954123890049636,0.0084314388763541,0.0613539677763624,0.618909266317332,-0.124763536012334,0.0024465079993115,85.85,1.0,1.0,0
82358.0,-0.669392368530392,0.850076100036821,1.17381310543452,0.394265507803527,-0.634404704681104,0.0278153203280861,-0.250483134689096,0.586047681255208,-2.13337479274117,0.794456674058209,1.27043879422026,0.674097247255779,0.546514249988334,0.618901607480367,0.550672681483466,-1.90033489537376,0.399131896319487,1.55210830706977,-0.305031851332906,-0.330410626650951,-0.0776952947482725,0.297674431070567,-0.0158344397489076,0.196319632834735,-0.336721235892785,-0.198169044013432,0.330448611032372,0.14299935603914,9.99,1.0,1.0,0
82227.0,0.885903920961612,-0.0141122865804148,0.321158911777097,1.13808134100281,-0.32658304481851,-0.731091829056394,0.49429647526014,-0.186574203121274,-0.551487878230564,0.0406051291770039,1.78690092285068,1.60855837973555,0.860275692866376,0.510587914796095,0.0638164681825514,0.224226697563619,-0.623826328852978,-0.356319201403179,0.0673463032518957,0.231544863635416,-0.303963510072101,-1.26038508709277,0.0915179603542469,0.497075364011646,0.176842209447603,-0.902244394387833,-0.0135959245182446,0.0499004833532974,157.22,1.0,1.0,0
82097.0,-4.02471875212487,3.88625711959761,-0.740849757649411,-0.150986832665063,0.278442752670454,1.29634229320866,-3.24856874369548,-10.5540292074234,-0.423431534671418,-0.344031143430919,2.07644522522406,1.62023207695414,-0.0855916007341662,-0.727965044658153,-0.0219279811465002,0.400853349414236,1.87565513103382,0.481978907416527,-0.641011630909419,-1.11197595022867,6.49517116328255,-2.05227178044683,0.855207565826569,-0.0203077157237658,-0.212446969822592,0.282104688555976,-0.107046124760009,0.288383906101398,0.76,1.0,5.0,0
81600.0,0.325786154834127,-3.07561359780703,-1.22305271081968,-1.05009449436812,-1.07941196729045,0.46890745594503,0.101239282674987,-0.27429825277726,-1.85268211608616,1.03249988795628,-1.67839780346933,-0.934845655122314,1.01872094779878,-0.335883402013265,0.0106326331132139,-0.795864391900232,0.644899518014765,-0.224656768252955,0.0107943507607615,1.01263966117052,0.125365307348059,-0.54234825337239,-0.807766873936928,-1.2631976546443,0.564711736877539,-0.0184992750533772,-0.0900526490550341,0.106094133687182,666.46,1.0,1.0,0
81372.0,-0.88525408859895,1.79064923163963,-0.945148961205205,3.85343274655953,-1.54351007486649,0.188582114329739,-2.98838275644296,1.34405855095688,-2.29453470924744,-1.88617599041763,1.90428359307622,-4.00241403073237,-0.936955588407958,-2.80191542309724,0.798328052783254,-2.34873992555213,-6.42673430721498,-0.827308425201024,1.73238175785046,0.370040520565647,0.746159905151139,0.550802011985416,-0.0348823420887786,-0.56760840448119,-0.528317952733951,0.258782456503747,0.506892694941992,0.176735548819463,7.57,1.0,7.0,1
80967.0,1.10361833173999,-1.69463370016024,-0.147980660444881,-1.01080130628739,-1.62559645051772,-0.985663076165211,-0.441962867127113,-0.325285274724985,-1.72010906250334,1.30942781036138,-0.849118923654315,-1.18670461271408,-0.432776425539139,-0.149285118270516,-0.271954970491683,-0.914908720126459,0.928533962734315,-0.18015970648684,-0.0130225528848513,0.0460902218722147,-0.0850170291253158,-0.265036553915638,-0.269795568442637,0.397014348739548,0.570291049018499,-0.0851463069037461,-0.0306283146041261,0.0460602104006743,234.68,1.0,1.0,0
80426.0,-0.175277283443198,-3.82997671203661,-1.10232807750487,-0.579798935470424,-1.99738575139607,-0.447109462392441,0.497700219955043,-0.510637669008261,-1.86955362118729,0.973312106375326,-1.1679843878181,-0.958125401580891,0.460299669842326,-0.161185107150541,-0.225896893738177,-0.712476335449367,0.728844742548715,0.0371232868290892,-0.0473237684782767,1.49099583446624,0.3024258386826,-0.658730677953776,-0.939921519185576,-0.0622625306738617,0.409828434566913,-0.128459399482626,-0.155256119916827,0.160802119052092,915.0,1.0,1.0,0
80360.0,0.222083027041286,-3.20597672533785,-0.54688554693788,-0.716431585214415,-2.22308095689476,-0.667045298739992,-0.0738023516097868,-0.220210647460318,-1.82147306212166,1.32282478373388,0.788227439712933,-1.19301514589522,-1.9454814772834,0.448388072591912,-0.773521801793949,-0.653489312251349,0.84895098044692,0.515316679481371,0.0731944974813657,0.823473697854653,0.221462114466457,-0.458970641344109,-0.615529107992231,0.516029008069512,0.306507979541128,-0.155146007638869,-0.124173494775031,0.108843434117278,660.68,1.0,1.0,0
79756.0,1.18426176153327,-0.0638546152665005,-0.0935116661584518,-0.0688551522039261,-0.230189940309723,-0.804130093309229,0.226180276577754,-0.121355721699888,-0.203863919383436,0.0311937290544698,1.13620924560391,0.47608895634531,-0.701556215610427,0.75366630500195,0.258628253369056,0.448897545824169,-0.530219951494962,-0.310696213353666,0.681999834501812,0.0032686921177,-0.391893496832662,-1.36442006171005,0.120893648592037,0.0069479951543849,0.0719690108083281,0.621992583940509,-0.119301079679967,-0.0025872357410003,56.94,1.0,1.0,0
79367.0,-0.710040952061715,1.23457661751881,0.870180002561379,2.97178346747901,0.209227285996126,0.280949938335495,0.109603073646118,0.565813944719862,-1.64218065975212,0.778406206176526,1.05878271023745,0.527390437188186,-0.382914188170875,0.800352106797544,-0.30195678837616,-0.638350200458013,0.582355779085045,-0.13230569475481,0.894801997023491,-0.159197556071869,0.242004694581414,0.749509057361281,0.252878389775817,0.235264877307943,-0.754139285827719,0.172632606934876,-0.0034782230669612,0.101050655130596,0.76,1.0,1.0,0
84690.0,0.984967827418368,0.128542749536014,0.184936647263094,1.11114999222344,-0.219887656595591,-0.848688221095494,0.516600798548694,-0.198158915895965,-0.553829081726133,0.0962418613614156,1.68556487939146,1.31854663967087,0.33569402776069,0.659656681322431,0.0215989908985706,0.119501047983265,-0.552154434077164,-0.290959044300241,0.0815137837117268,0.103576869225475,-0.253419167256508,-1.01594119602195,0.0566288834660383,0.487439245448516,0.322926438115764,-0.784093032360944,-0.0170256455236901,0.0354747439519171,111.91,1.0,1.0,0
84212.0,-1.22245516372884,0.529270137322473,1.87475396862251,0.168847637770105,-0.932453661300091,-0.324656401049506,-0.236581876440938,0.553439471380252,-2.10404320409876,0.47782591962891,1.19935004231734,0.804447391371016,0.874089867725434,0.419924361902846,0.453303109727972,-1.27692141301062,-0.0289296804903812,1.82993629526449,-0.0808037356567903,-0.084492968222962,-0.37551415870757,-0.861416325963291,0.0965286867593211,0.469337799670989,0.081290733566687,-0.504957970764611,0.227188238811111,0.0445638292421748,56.98,1.0,1.0,0
84204.0,-1.92745281973369,1.82762056700016,-7.01949468454197,5.34830323951426,-2.73918788004738,-2.10721929638307,-5.01584797563431,1.20586815982046,-4.38271250852199,-8.33770697381781,7.19030608944843,-9.42484446049178,-0.223292646427513,-12.8754942229841,-0.071918160688794,-6.2999613976222,-12.719207160428,-3.74017615583058,0.844059610296466,2.17270905626492,1.37693832294098,-0.792016725563067,-0.771414187530036,-0.379574271539528,0.718716522008066,1.11115125599517,1.27770725705846,0.819081152045361,512.25,1.0,8.0,1
84204.0,-1.92745281973369,1.82762056700016,-7.01949468454197,5.34830323951426,-2.73918788004738,-2.10721929638307,-5.01584797563431,1.20586815982046,-4.38271250852199,-8.33770697381781,7.19030608944843,-9.42484446049178,-0.223292646427513,-12.8754942229841,-0.071918160688794,-6.2999613976222,-12.719207160428,-3.74017615583058,0.844059610296466,2.17270905626492,1.37693832294098,-0.792016725563067,-0.771414187530036,-0.379574271539528,0.718716522008066,1.11115125599517,1.27770725705846,0.819081152045361,512.25,1.0,8.0,1
84204.0,-0.937843305478391,3.46288948991687,-6.44510395393435,4.9321986662268,-2.23398306982245,-2.29156112129773,-5.69559392853253,1.33882463362261,-4.32237655329329,-8.0991193981365,7.18296700883659,-9.44594338249901,-0.314619967520224,-12.9914655817567,-0.136358931959623,-6.36752437517144,-12.7343938853776,-3.84512965889743,1.00766725992114,1.12953228130351,1.06655024941577,-0.521657289347299,-0.319917292909547,-0.405859088093617,0.906802159957716,1.16578389011737,1.37449533233535,0.729889341911333,0.0,1.0,8.0,1
84156.0,0.0283661968867333,0.417202680401373,1.82457754136947,0.866532764190731,-0.337430433750738,0.782991330497535,-0.384506005188995,0.315002481626354,-0.0099069169113642,-0.0102863240283736,0.318782345158517,0.7984739328777,0.742547187726026,-0.374378660603374,0.184653761159286,-0.12832898799335,-0.14899568615541,0.798301321819967,2.30981828319955,0.228365360037284,0.0197729492181253,0.293345347778099,-0.104244249754213,-0.427991299349091,-0.597944405984393,0.616723077962123,0.124686972365771,0.0721789442323092,6.33,1.0,1.0,0
84036.0,-8.12888389110441,6.27310034017491,-5.15285221876436,1.13489097776801,-6.28780054909879,-1.17648718124163,-5.93719430072548,6.83295825212147,-1.10229213205849,-0.141135186210843,-0.713789052285038,2.85780377686035,0.362415843021037,4.67999280613592,0.90518519088082,1.764529602525,2.48765563391863,1.17834411477383,1.29177669964043,-0.735161422391775,0.643393480959929,-0.145565845239512,0.968563148329692,0.495096512770124,-0.286030680611109,0.303453367556231,-1.99374213465842,-0.483541197168298,4.72,1.0,6.0,0
84011.0,-0.769417193352372,1.72671766154878,1.67376093888586,2.73228385656851,-0.26587853259246,-0.0018160351638338,0.15624090211471,0.558827953331405,-1.97364137994333,0.774511092448694,1.3504166714684,0.778094783660328,0.630504228842507,0.681767138030609,0.46920850505701,0.252398859388939,-0.0611648403837327,0.296826565439507,1.05483967065525,0.212202981843968,-0.0780661528853169,-0.297296704337112,0.0668357976693806,0.518735529896567,-0.426273542157384,-0.0705088114259638,0.255103643683441,0.128860400149017,6.41,1.0,1.0,0
83934.0,-0.433222446537596,2.42837911824053,-3.99645439738162,4.87129854095106,-1.7963078560437,-0.586867589935922,-4.65454261848565,1.28522967071729,-2.74353881589949,-5.63894131284807,4.3437434980468,-6.65573446968769,-0.293108662762872,-9.50514082568186,-1.39614905931922,-4.85032315924603,-10.0062528282393,-2.78959811229388,0.98258385892977,0.745029329890697,0.713558821786954,-0.408953595906886,-0.320889532152165,-0.804230275167984,0.962851575679124,0.199558010666927,1.09453318209808,0.541147567735467,1.0,1.0,8.0,1
83787.0,-1.01751401662711,1.65969657622437,1.06746318366934,2.60024456954391,0.364666188305159,0.938686363500202,0.617948148660366,0.616979087854711,-2.32246160446521,0.569844631770029,1.44833279853075,0.257923631146468,-0.371337728772642,1.12468224302246,0.817721832527285,-0.670062307832869,0.673479759538869,-0.455626887232921,0.532350869151424,-0.0560243864470915,0.205388969968852,0.450372899437329,-0.18436007913861,-0.267127392238492,0.267457484161621,0.387575184217894,-0.160198293595005,-0.0253562457618563,53.89,1.0,1.0,0
83078.0,0.836951516038755,-0.0340208716944652,-0.250100046642166,0.499563839832958,-0.607233942222656,-0.834770138786055,0.519485512362915,-0.201964472803386,-1.63742861622076,1.11037869439483,1.14414149324569,0.386489158338509,-0.0362847728702965,0.551629933771692,-0.156621918691842,-1.74850339795782,-0.109465005695532,1.64836172047734,-0.364978138114466,-0.373403051122239,-0.129262113589361,-0.0174288211950193,0.453207640762439,0.466091550422066,-0.664911097402742,-0.45115647397931,-0.0446835929583404,-0.12982287316746,93.04,1.0,1.0,0
83050.0,1.20470013763938,0.0418468566804941,0.63863531881197,1.70125950978375,-0.434028275968474,0.110821717691616,-0.340584167762234,0.0832327977107013,-2.15536188290759,1.63318292264172,1.34524921861663,0.509268601615351,0.327419291419985,0.387416094382995,-0.195650126481803,-1.07551060276653,-0.244010103068075,1.01445061891648,-1.91372026411861,-0.57184002749611,-0.256542095911988,-0.295057092390442,0.0622631284968794,0.176725383538838,0.330812826352802,0.037214351104459,0.0220405085527807,0.0133715871148441,7.48,1.0,1.0,0
82841.0,1.08390362185549,0.46396417241133,0.775330423421405,2.37847796318155,-0.104085133402608,0.122644573213349,-0.0807644061155978,0.181228901075439,-0.934687935628937,0.825225820663037,1.49276249772345,0.503120007399795,-0.554111970864404,0.607607081232343,0.12792422079274,0.583569843269795,-0.513880138811417,-0.266307635848914,-1.14954501755616,-0.203929679401261,0.0160971733897729,-0.0274392089730407,0.0683184811968071,0.184357223005917,0.274856902613227,-0.0727904060356119,0.000776687957596,0.012385281523823,5.99,1.0,1.0,0
82822.0,-0.878821387910459,1.54754539177641,0.823616009752731,2.89479966239301,0.211301110203613,-0.513432711207815,0.437281198856101,0.260326730233175,-1.69395305956278,0.848487574489555,-0.658410698563189,-0.0142307892357598,0.733715339732618,0.564043905141776,0.882813167702644,-0.176382300077145,0.16956513341027,-0.0828954810506613,0.854081194706186,0.10355911758913,0.0818830624607333,0.323203294188166,0.215718511539986,0.352771664862947,-0.333381832688109,0.164528876652011,0.193426657315036,0.138757405019323,7.55,1.0,1.0,0
82583.0,-3.5412317632103,-4.83467054045165,-0.956709920474519,-1.53680982885379,-4.87967599415989,2.69708978460816,6.2821683630023,-0.489642286305226,0.625506126671476,-3.48631027617382,-1.75488803720515,-0.068244762219393,1.21015392132128,-0.395460777055645,0.83627582558397,0.5097316168804,-1.01395927898987,1.24399058175053,0.2860938806184,3.97210071019105,1.05597556438547,0.0175367203239182,3.84756534799625,-1.16141927839345,0.943310727806882,-0.154916440127178,-0.515612518724268,0.233707274076845,1800.0,1.0,5.0,0
87386.0,-2.78672586340542,-1.40319873246873,0.528673856667821,3.56185014459493,5.02367217582468,-2.75461336269522,-0.562465963305076,-0.0194712917976317,-1.56643343785499,-0.192183860311119,-0.662315482807938,-0.848813760523291,-0.100145368033198,-2.72269789525216,-1.18621982355755,1.71297781375625,1.03516604273147,0.589968261180829,-2.29304559821732,0.771220013923225,-0.136676354010419,-1.29777211331243,0.462317065466991,-0.443196166693944,-0.0418554587639167,-0.468538671004639,-0.172123554620004,0.0490694764914268,7.25,1.0,2.0,0
86103.0,-0.522358650740273,1.58724810168511,1.33392889476007,2.81975381475304,-0.319308082548525,-0.070998994024521,0.0603483568807694,0.54481410422246,-1.8058397349885,0.885665966520303,1.28629592321999,0.707991990752255,0.507790592195789,0.681598332435205,0.437798662486404,0.240008549910459,-0.076002857701279,0.463750497623547,0.892509442244795,0.177919319778446,0.0978095943493861,0.242098679272593,0.0372210945781734,0.529274502656609,-0.381175844218524,0.0912011650786743,0.215929112236051,0.0645367148297011,7.87,1.0,1.0,0
86047.0,-1.50723253202842,1.10875122150875,1.64259268137029,1.50900751681838,-0.838424924649601,1.54036033386857,-0.946875088865201,1.57281675714103,0.20162081592688,-0.634282820881547,0.319870775556046,1.21189138506317,-1.16683660669467,0.201497650949013,-1.76107043493934,-1.47368925694381,1.57948803156997,-0.844645228656441,1.22221100718578,-0.192561919850101,-0.206521824454031,-0.350099205066756,0.0324891247855107,-0.298968000616091,-0.156058113864282,-0.363820122122628,0.0745334522168322,0.028506203833875,8.88,1.0,1.0,0
85867.0,-3.58696386180132,2.60912703784891,-5.56857720803735,3.63194695349796,-4.54358971050144,-0.15789907530677,-4.08912766842153,2.41730514407718,-3.23990097529344,-5.822449155685,3.36918605153883,-5.69192578583088,0.287371390782189,-5.41378669142638,-0.555549924912204,-5.86366171303999,-11.1432410242579,-3.48093955285599,2.79433340410919,-0.178533964286313,1.02442283357462,0.428756482022381,0.182032121144153,-0.534597882665306,0.16893349468844,-0.149843614233619,0.685517241438814,-0.299728379437129,310.42,1.0,8.0,1
85837.0,0.299643608680187,-2.92023316340417,-0.104306313605657,-0.836466434660576,-2.2066257905411,-0.760623740026228,-0.107088089385822,-0.387408847490174,-1.93911491896769,1.11805558265264,-0.363079157476502,-0.6828776606525,0.832549875632564,-0.212525563852916,0.715770371492785,-0.195150621912364,0.476537383084098,-0.135674610594171,-0.353835936296704,0.963024283579182,-0.072791807066331,-1.28474628518774,-0.341877470908921,0.361652727622844,-0.103093840789094,-0.5477387360376,-0.0814948798032062,0.137835572479033,639.98,1.0,1.0,0
85576.0,-2.20763091845218,3.25907610397605,-5.43636546967173,3.68473739367705,-3.06640091036945,-0.671323195313701,-3.69617839443207,1.8222724578951,-3.04965272773018,-6.35388725151755,4.35148149710451,-6.4532473302497,-0.0614319367541572,-8.44287285721034,-0.328820639839654,-5.44079518325917,-9.5180378916264,-2.43806861829455,2.33675362049059,0.808336360421968,0.920899033968287,0.0376745089378149,0.026753977510545,-0.791488823729947,0.176492777047381,-0.136312279131778,1.08758482385547,0.373833528935625,240.77,1.0,8.0,1
85573.0,-1.7567118508365,3.26657425418237,-4.15338789695403,3.92452561357555,-1.7537718434176,-1.0057867792296,-4.31321717578502,1.56071190324579,-3.29567366751075,-6.2133552491157,4.52299197543382,-6.6528440527591,-0.12468523386066,-8.60448620191387,0.110359314846888,-5.94548061159606,-9.33893779428438,-2.39019258818085,3.18415235636348,0.874720103498016,0.911427441871296,0.0530612807310541,-0.367700953962814,-0.776337755840596,0.292093831084717,0.025999713844171,1.0629681996854,0.501148168228208,1.0,1.0,8.0,1
85470.0,0.0007215344190037,0.245096070412947,1.76437096735959,1.03865303375749,-0.693311064878682,0.504249697266694,-0.183472626825667,0.0548326387947194,-0.966332703236962,0.549860933664096,-1.62141018456613,0.240205653435686,1.16087330127753,-0.751026458908961,-0.474183549285446,-2.71183319201037,0.799728439329218,1.35083389641884,1.33954906861645,-0.212803723903593,-0.353594629219341,-0.119795301964472,-0.0987154549466607,-0.0947707976663239,-0.386230039118905,-0.12902353506528,0.273805961569401,0.180819994371657,22.5,1.0,1.0,0
85285.0,-6.71340697159693,3.92110415204576,-9.74667821737542,5.14826254938013,-5.15156271985187,-2.09938865681113,-5.93776683170198,3.57877960420447,-4.6849517505833,-8.53775768653457,6.34897930341209,-8.68160893168352,0.251179384774619,-11.6080022570993,-0.351568782034355,-5.36356643348466,-11.9390915052116,-3.58360287020043,0.897402406121681,0.135711322729059,0.954272201927517,-0.45108644858101,0.127214424071711,-0.339449869297565,0.394095513633807,1.07529509891805,1.6499059092424,-0.394905372194808,252.92,1.0,8.0,1
85285.0,-7.03030814445441,3.42199090467553,-9.52507177254752,5.27089100906596,-4.02463027558805,-2.86568161775739,-6.98919473439446,3.79155093755913,-4.62273033596451,-8.40966487562735,6.30904400603177,-8.57676143258937,0.246746716929862,-11.5340460181508,-0.3642651387587,-5.45249465771382,-11.8875700201872,-3.56358481007011,0.876018768156628,0.545698040621445,1.10339774484256,-0.541854751589521,0.0369432219896495,-0.355519004066217,0.353634382097,1.04245799282131,1.35951563156376,-0.272188101257294,0.0,1.0,8.0,1
85285.0,-7.03030814445441,3.42199090467553,-9.52507177254752,5.27089100906596,-4.02463027558805,-2.86568161775739,-6.98919473439446,3.79155093755913,-4.62273033596451,-8.40966487562735,6.30904400603177,-8.57676143258937,0.246746716929862,-11.5340460181508,-0.3642651387587,-5.45249465771382,-11.8875700201872,-3.56358481007011,0.876018768156628,0.545698040621445,1.10339774484256,-0.541854751589521,0.0369432219896495,-0.355519004066217,0.353634382097,1.04245799282131,1.35951563156376,-0.272188101257294,0.0,1.0,8.0,1
85181.0,-3.00345942213401,2.09615030972986,-0.487030347865578,3.06945315960973,-1.77432868427117,0.251804209642436,-4.32877649482139,-2.42547814428288,-0.985222033510513,-3.99521073403213,1.8806015528528,-2.32517912777326,0.636458662971611,-5.41749934539643,-0.262909464785021,-3.81808566437699,-3.70070702592749,-1.99141207812339,0.779950535234061,0.692537380835205,0.163966694003732,1.24564832133152,-0.269241340185825,0.537102119409512,-0.220756683145222,-0.0595547732936557,0.460709677482052,-0.0335506071081744,2.0,1.0,7.0,1
84869.0,-0.495151468214309,0.347963035358703,1.0618952050369,0.0729101473656115,0.0457728338406605,0.621903391735123,0.471553161080272,-0.049381232518458,-1.6972710356492,0.590037055566444,-1.31027192296274,-0.396349447875557,1.14640917297437,-0.0941278759466786,1.2486921737554,-1.67976495561947,-0.120138203740874,1.33296334047087,-0.385187589485257,-0.386705257512245,-0.2514893345622,-0.154538328479878,-0.193642962165268,-0.939020910021592,-0.13161231956068,-0.210748080332205,0.12820487461002,0.0964598031259925,99.6,1.0,1.0,0
84694.0,-4.86810843844627,1.26441977404559,-5.16788542660662,3.19364784504611,-3.04562137708228,-2.09616609885545,-6.44561018266068,2.4225355920307,-3.2140554159387,-8.74597261185534,5.41604190908794,-8.16412507731485,-0.165010607208302,-10.1935303551514,-1.89521031032574,-7.36047460938421,-14.6687710766351,-4.87711900477519,1.38560952778492,0.66730977994879,1.26920538901712,0.0576572516592633,0.629307399675982,-0.168431773502721,0.443743902404587,0.276539471570389,1.44127396787951,-0.127943726430018,12.31,1.0,8.0,1
135095.0,0.232512476136408,0.938943680000523,-4.64777987861917,3.07984368774547,-1.90265531863884,-1.04140751952949,-1.02040664482631,0.547068603184495,-1.10599029357172,-3.52012767367189,2.07411645462861,-3.01077173816878,0.694977689554512,-5.38783122686352,1.778669797797,-2.93580442477364,-2.28557270821558,-0.237055632781029,1.97974707098703,1.14161507545704,0.911372759326949,1.04292865643844,0.999393887913078,0.901260455221573,-0.452093168108936,0.192959213794113,0.180859449380341,-0.0293153378913553,345.0,1.0,8.0,1
134961.0,-0.264534398849453,1.53890192196202,-0.217137848069959,2.31298403549205,2.19880833531972,0.164101241485,1.5466169097701,-0.0080669666498277,-2.452256804614,1.03680064774968,-0.328292878284536,-0.96723645687056,-1.45186125445162,1.08413075771143,-1.68942226248101,0.866614917762647,-1.22176426773961,0.391654819325026,-1.15548945839218,-0.25365496268933,0.25831955797555,0.518624071216742,-0.32997597644368,0.152333733191246,-0.0236020467379086,0.0291523204126592,0.0800188705840816,0.164074945708362,0.76,1.0,1.0,0
134766.0,-0.0796525365521887,3.22201046223725,-3.7242013893074,6.03734512826846,0.583394746331946,-0.691346179707007,-1.79988483348006,-2.62778128431688,-4.00133786259094,-2.27152578398956,1.51389817939856,-3.68294346446482,0.185830426148668,-4.69278763834241,0.247495674947084,-2.68188105082889,-2.28614467887841,-1.04884490280911,0.994829500437418,1.1985372847387,-0.664694294683722,1.13855644649209,-0.350753364122197,-0.287467300585566,0.808889022979463,0.823961705381379,0.668496565754242,0.595609828713858,1.0,1.0,8.0,1
134724.0,-3.66769529702385,1.45419927100841,-0.255158483747442,3.06835814564913,0.474443022437602,0.658668792700366,-2.48440373543862,-5.02053757707852,-0.817264730817566,0.36276238132099,-2.16773403436336,0.465527500530104,-0.581301367118046,0.422001324382997,-2.73157040903711,1.03868794357015,-0.325799518075439,-0.491255002476226,-2.33537952703336,0.276238439994151,-2.49163291581605,1.23436545487975,-2.30902462373096,0.185655603634576,-1.10081221963103,-0.253323743383209,-0.573872931074798,-0.114610647458067,200.51,1.0,5.0,0
133958.0,0.523819919016188,1.53170785726036,-4.17639013427384,3.58461483133399,-1.0239540327136,-0.502471057563059,-1.89196555656987,0.878416852102108,-1.54194215137035,-2.64940583024547,3.21163365301808,-2.58749931359948,0.257070951089721,-4.68380643176166,0.912636545134862,-2.6957897292607,-3.03516584667273,0.0968148690279061,2.06569197047395,0.621803834572887,0.851859435194308,1.17692695536704,0.453553280805087,0.485211207096414,-0.500686838721807,-0.10828410995489,0.269476548870234,-0.0632454644135228,130.21,1.0,7.0,1
133831.0,-0.355871261752091,1.40693685757321,0.382758757773825,2.69612796081498,1.91727483937579,-0.524692965354555,2.48097758260613,-1.15142187168638,-1.5167552160175,1.78132295866047,-1.15812509403664,-0.78917285753648,-0.0891938269069871,-0.289855113828348,-1.67683233492195,-0.0848371930469035,-0.995953305731739,-0.709882904693029,-1.45637818826627,-0.186217352734882,0.113099617876771,0.872310410835496,-0.286655140334986,0.0620967927448162,-0.358639505838617,-0.0882097016452697,-0.713909584891671,-0.440784329156701,43.21,1.0,1.0,0
133731.0,1.17663267315551,3.14191813880044,-6.14044483643302,5.5218205893507,1.76851488910857,-1.72718569844821,-0.932428910444584,0.292796545267059,-3.15682655843537,-3.89824038104731,4.77672033006624,-4.15249885001879,-0.472990802974345,-10.2588514782991,-0.533455591604466,0.458138563036142,0.167601789076859,1.4043108943267,-1.87401526330162,0.329567972643983,0.1293716296303,-0.803020814325114,-0.0740983557012839,-0.0310844052836625,0.375366225335466,0.0658967838964971,0.488257738746484,0.325871630319106,0.0,1.0,8.0,1
132820.0,-0.988330414872402,0.708879063197156,1.09016763007062,-2.7856573077635,0.489308484732535,0.258937518823066,0.460770965238941,-0.0808417858630147,0.798282518721186,-1.24600765653995,0.0957519784248758,1.36049722290897,1.61975216653845,-0.353823754625291,0.479119422908798,-0.148830887441732,-0.962466091411997,0.701551552432903,2.11496754287699,0.0962317358602309,-0.178364603813703,-0.558172948981576,-0.449258495337169,-1.35163258815838,0.469628113914367,-0.346219058674467,-0.484565947705217,0.0729904118274078,7.97,1.0,1.0,0
132189.0,-0.664990042478581,0.226921423088963,0.744669657315694,-1.37637197065488,0.80390595926687,-0.210589294044716,1.0325891627925,-0.358241706637961,-1.87829239125943,0.526088345100987,0.632298010375298,0.0556291038778816,-0.145219910012033,0.152557364361836,-1.10110763008443,-2.22232274060561,0.0709179124513433,1.10422035738061,0.22610420307278,-0.367348755795493,-0.3928685485289,-0.482042193281599,-0.48091204965096,0.742331513481193,0.700723831469377,0.793762947937837,-0.302165894764831,-0.210595375536956,38.88,1.0,1.0,0
132098.0,0.165958946687724,0.608225097322858,0.351710349411049,0.798136585299991,1.03397451318643,0.0976258703171066,1.42000821970675,-1.11096935174069,-1.55441493357732,2.67760179949242,0.90201321705371,-1.37761082716924,-1.78019834694411,0.354975027212703,1.01383360967173,-3.17684447889415,0.262579249633217,1.9545134964471,1.86031405872585,-0.109900150710626,-0.245950537841413,0.272505874313266,-0.352308942322986,0.643640885514872,-0.371138397131453,-0.284616430703598,-1.00505695396865,-0.700845280465933,9.9,1.0,1.0,0
131624.0,-3.02230142161213,-4.50504391531515,-4.37528152877612,0.320590992617375,-4.57674390053951,2.4801927761355,7.55170724371702,-0.427331355012801,-0.898944218266826,-2.29100978177367,-2.04119614404545,-1.20009078321039,-0.630286817724076,1.11876933990146,-0.208924099171523,0.514645671510774,-0.681035644187394,0.685841378352539,-0.608282689548062,3.90689660709034,1.44585131860826,0.630904890547428,4.82241994978695,-0.182271248027867,-0.919908272013594,0.284390637310769,-0.539357941868189,0.414305417180772,1972.71,1.0,5.0,0
91140.0,0.478296968291128,1.94028337103607,-1.87908974847635,4.0099919199829,3.59804374390683,4.26317931138491,-0.0132181980814722,0.962479192135435,-0.634295539006535,0.478776416690854,1.50445465265895,-3.57898173149532,1.4119001792309,-0.896717306352882,0.306196232505132,0.541013102260111,2.97679305508024,0.976278927377686,0.43657571712127,0.306662305357505,-0.544418602189385,-1.26535900515604,0.21768120368504,0.340057203735541,-0.722699781527634,0.0179510661306448,0.166197530703181,0.0679981681290452,3.24,1.0,3.0,0
91075.0,-1.85506070184998,1.55496360697718,-1.40580882850107,0.669327345741316,-0.280229520106465,1.17865246733203,-3.45997906611492,-2.81515495312599,1.24222876512242,-4.15635447965382,2.20944075185923,-5.12231410931103,0.66129710617156,-3.10393771952109,-2.41086973192388,-2.42501563217886,-3.96062268909989,-0.125017788038036,0.60039728842723,0.536916458029193,-0.0953083066630984,0.94662891847112,-0.297402959067305,-0.368343891207103,0.198731156287359,-0.0785905919566464,0.366709355889324,0.0737667168278096,38.76,1.0,7.0,1
90989.0,-0.506338757508676,1.46152815047501,1.63022572041538,3.2072085473086,1.82333648074758,1.1979661629465,1.10321851757189,-0.322825773350116,-0.606100847147248,1.27886083177556,1.28410713748347,-2.84956938642485,1.43912661927757,1.33603770639907,-1.69771895443349,0.440184715250373,-0.187531541832655,0.252344750605814,-0.0457875214506074,0.0482570137848602,-0.503451382214607,-1.06349641587881,-0.274879924516945,0.0875963414653239,0.426654757500862,-0.172853104049721,-0.691400435249356,-0.491911252565091,7.54,1.0,1.0,0
90665.0,1.81151818029472,0.304845506681688,-1.68378527116522,1.68175669970557,1.12048219470199,1.24613280551111,-0.630458382911105,0.428976448310266,2.03748149531919,-1.36627642077619,2.30623527571585,-1.94795041951047,1.32377107978826,-1.35653572689316,-0.714582632660471,0.234964201568756,2.93851878028637,0.934673820438107,-1.57665564324254,-0.302054412722552,-0.0125585836459492,0.629352503626303,-0.0104853280814354,-1.92226957192159,-0.0070025198534,-0.354773214950012,0.103931194535275,-0.0104596882131793,6.99,1.0,2.0,0
90222.0,-0.424703678177164,1.90514288580984,-0.70053160632143,1.30052411883517,0.177980524658686,0.970975237871061,-1.65445123424524,-4.79325502593082,1.04476103707628,0.0045095696263552,2.36103671250049,-1.72260956814409,1.23650101212445,1.27787264561508,0.0848961346802456,-0.583339263051708,2.4133198331133,0.78163746543286,2.38217143132576,-0.761773224257143,4.15954352512979,-2.45019026214829,0.570200239946385,0.506781398233794,0.0497357000583019,0.625152940595556,0.366680754306545,0.333873241553374,1.98,1.0,6.0,0
88672.0,-3.85988078691481,2.63288131193679,-5.2642653095088,3.44611314661501,-0.675231056544998,-1.90495945391597,-3.2910408690196,-0.985766040904484,-1.16811416733417,-3.93629417027159,4.25656448730292,-6.60065448140166,0.0056263764660214,-9.9585309187018,2.47135790380837,-5.7001414199952,-6.38809273753128,-1.83815930102503,2.99317350708135,-0.178626358366056,1.66411901528299,0.785075271950043,0.0684124857414983,0.778960915978384,-0.863165919910699,-0.0068096144164965,-1.06573404007904,1.77332644564776,1.18,1.0,9.0,1
87464.0,-1.10464159537561,-0.0778994293775629,1.36734566136427,0.780270894765375,1.45939801625182,0.186599446211362,-0.390268497636031,0.214790828191298,-0.345675755209791,0.045127641787113,-0.121704383032313,0.633592333087762,1.10918384545983,-0.0707015739931463,0.405692507360602,0.444071620237971,-1.11309575734217,1.3786690389936,1.0320216217722,0.123829679411276,0.303680625183605,0.885458137707521,-0.417898975467329,-1.06226645340724,0.0826165943180169,-0.33632913743255,0.0551015527811553,0.245133396219265,1.0,1.0,1.0,0
93853.0,-6.18585747765758,7.10298492227346,-13.0304552638937,8.01082339822486,-7.88523736131971,-3.97454999359808,-12.2296077786617,4.9712317023058,-4.24830701294998,-12.9654812039222,8.68830799242781,-17.1829184301947,0.0695769150313325,-14.1161560074304,0.959031717400206,-12.3753337375636,-18.716764511809,-6.52201457322122,3.51795494036344,0.483930108481186,2.50277241039945,0.481691289576756,0.480957977547458,0.360318638811951,-0.293354295977635,-0.199193157971208,-0.203917328209747,0.398927185850218,44.9,1.0,8.0,1
93824.0,-3.63280894927825,5.43726336227612,-9.13652148062595,10.3072263079132,-5.42183029451154,-2.86481514933136,-10.6340876212042,3.01812657999175,-4.89164032107494,-11.2350479111446,8.78878366710272,-18.5536970096458,-0.339533407676443,-15.6231873302985,-0.188978574214972,-12.4279613630565,-20.1590474539227,-6.88889109280947,2.58609321670737,1.35406479520345,2.30988016889674,0.978660126299279,-0.0961301444473713,0.432376722544823,-0.435627929953396,0.65089278643537,1.69360750804844,0.857685371687245,8.54,1.0,8.0,1
92925.0,1.23443019525038,-1.9778690281345,-2.67387702940144,0.170913144944001,0.0322981144063109,-0.240420794996663,0.72014934065499,-0.492739258619237,0.112815333066473,0.564193033621868,1.03255519153057,-2.1921173289495,1.6499988063127,2.1981058575543,-1.76987217851359,-1.7378106802768,0.440409520317057,1.72063325805712,-0.55609320483056,0.387025982054958,-0.0864816233276146,-0.574744207921122,-0.438803098230965,0.182079020454172,0.145309646961173,0.420515530384419,-0.208461432226317,-0.0032150484024896,517.54,1.0,1.0,0
92808.0,-0.35935964813425,1.05821474727743,0.908371361121758,-0.669157136595913,1.5873459657955,-0.327828302889688,1.54158362041073,-0.81903819710759,1.1072066266019,-0.581215710376215,2.33671957711372,-2.27085379026491,1.46071117938957,-0.0006683811078841,-1.52473588417631,0.103915144882235,0.640939070491281,0.460240495129344,0.0420318528483896,0.0912830440626661,-0.505285548718458,-0.804990534423717,-0.187069058785003,0.613173346348963,-0.354295925977079,-0.0061867699950153,-0.734837605788963,-0.526964097859887,0.89,1.0,1.0,0
92683.0,-0.610412171843685,1.19629808570504,-0.672166379192061,-0.90253187195652,1.76309378729693,-1.48598831342805,1.61412156022139,-0.467862254659357,0.58854102079168,-1.5127459530088,0.120810166845169,-3.76548568404651,0.01637654659047,1.06075357504045,-0.89844811227965,0.222153527901531,1.17260755742111,0.424189001314383,-0.976364747676132,-0.244090902416674,-0.0242670059038499,-0.0037478459520708,-0.376978789520238,0.604103284111965,0.358482396569089,0.617682659166569,-0.194425341733296,0.162218618269942,20.0,1.0,1.0,0
92102.0,-1.66293711018596,3.25389242362715,-7.0404847120185,2.26645647990886,-4.17764891282786,-0.746924828187599,-0.248336733243902,1.09115651568673,-0.307137450847617,-5.56794705115052,2.71273940377591,-5.94840312668093,2.14472605490538,-4.21175592358692,-0.137195538810617,-2.63940913979839,-2.53235540606601,-0.667067027160165,0.626059293435215,-0.842178336511866,0.450381285220709,0.521161529635377,0.308325446158517,-0.318011840652356,-1.25536156975299,-0.691963403718384,0.264878381232973,-0.130444804408444,600.73,1.0,9.0,1
92092.0,-1.10847821852891,3.44895257232738,-6.21697180605649,3.02105161812575,-0.529900931709915,-2.55137517507643,-2.00174290819286,1.09243237369483,-0.836098368778531,-4.09564897273592,2.42595071598052,-6.06726194524698,1.83243272022382,-3.50170251648822,-1.00400820464185,-3.5012811030282,-2.941876323532,-1.12574106196719,0.37371480785248,-0.0685983809223332,0.825951491439622,1.14416978988846,0.208559481945769,-0.295497424488562,-0.690232196243341,-0.364749075788586,0.229327220125504,0.208829891689567,18.0,1.0,7.0,1
92087.0,-1.45123783033213,3.25419531209238,-4.88223431934194,2.50068423249694,0.0493974620700306,-2.453241955087,-1.4679711372549,0.681111868094004,-1.10145564883208,-4.5314846391591,2.56956214710615,-6.35158698871524,1.65640456261467,-3.82364980479022,-1.12761716320468,-3.42773098173255,-3.22304331281931,-1.21480754382382,-0.0213112260746177,-0.043739020793026,0.742459372176968,0.783571272764359,-0.207587705994135,-0.296522022098376,0.487173046980251,-0.264615858015446,-0.0604808177880365,0.188632122303022,1.0,1.0,6.0,0
92087.0,-1.45123783033213,3.25419531209238,-4.88223431934194,2.50068423249694,0.0493974620700306,-2.453241955087,-1.4679711372549,0.681111868094004,-1.10145564883208,-4.5314846391591,2.56956214710615,-6.35158698871524,1.65640456261467,-3.82364980479022,-1.12761716320468,-3.42773098173255,-3.22304331281931,-1.21480754382382,-0.0213112260746177,-0.043739020793026,0.742459372176968,0.783571272764359,-0.207587705994135,-0.296522022098376,0.487173046980251,-0.264615858015446,-0.0604808177880365,0.188632122303022,1.0,1.0,6.0,0
91898.0,-1.49806650450833,2.45127241447506,-1.7834684656268,1.69810225772567,0.040984642232707,-1.79993233930831,-1.5495644405659,0.273844864968439,-0.73681923671369,-5.14240329130181,3.21464049129757,-6.79351825283037,1.81309839414836,-4.92834023822588,0.678719727810335,-3.24810215345686,-3.26173733177107,-0.587748017339461,0.925627777176293,0.615176529536263,0.501893580994319,0.312201695345408,-0.672181004177837,-0.300648496485992,1.02063258665644,0.2130022210099,0.633793498623559,0.38343383113188,1.0,1.0,8.0,0
129764.0,-2.4340041522657,3.22594669094366,-6.59628163055385,3.59316052421617,-1.07945204530157,-1.73974070807667,-0.0474200922292621,0.301424475889641,-1.77943359731428,-5.83645272742826,3.24943114650197,-5.96148766039896,-1.15517572861188,-11.0022890615302,0.588286383997409,-2.36580146413215,-1.3519003888026,0.189498486847292,0.524007524087668,-0.280533266400441,-0.0354907261487421,-0.419177640985635,0.157435951107499,-0.714849374336836,0.468859337004353,-0.348522318188906,0.420036479941583,-0.327642696480936,362.55,1.0,8.0,1
129668.0,0.753356012421118,2.28498795250353,-5.16449200355315,3.8311119987993,-0.0736224923058734,-1.31659594586445,-1.85549544374527,0.83107909886574,-1.56751414502076,-3.22455914814995,3.36955824955852,-3.46854525803227,-1.38357106785405,-6.0205789709702,0.309601855257659,-2.61776696028245,-1.31075238207209,0.409659909693325,2.36229077589933,0.285792259895482,0.382006845522224,0.0339580452530082,0.187696850240103,0.358433465751075,-0.488933827051834,-0.258802387138951,0.296145453458912,-0.0471736659782491,2.0,1.0,8.0,1
129424.0,-0.818306871927168,2.19682462589977,0.211542323033352,4.0341812058889,0.742173583573574,1.04930527449247,0.188241556839113,0.685569738194548,-2.7389810214525,1.64783433833974,0.14939263291553,-0.0622612096766453,0.507940524683868,0.977942074265304,0.26424189999592,0.24449419132628,-0.133030615178327,0.947807826077025,1.47998154550321,0.0526290891557914,0.398778662734269,0.966767385451749,-0.269111989754307,0.355301091262729,-0.117752565755196,0.496914602912186,-0.526968512308526,-0.215003335718888,0.76,1.0,1.0,0
129371.0,1.1839312092814,3.05725030538059,-6.16199733475256,5.54397248278589,1.6170413698223,-1.84800603824854,-1.00550810079405,0.339936724068817,-2.95980628236377,-3.8517216648754,4.51335526006987,-4.85831164395338,-1.76573419312819,-10.0062434296255,-0.439394416852874,0.574874856691221,0.188469552514539,1.64922352053836,-1.79673863123125,0.252571163759772,0.109184860912105,-0.931071823432774,-0.0641750404544211,-0.0070125201234796,0.345419478643384,0.0645577481719254,0.476629438597504,0.323740180557018,0.0,1.0,8.0,1
129222.0,1.17782379154942,2.48710339519253,-5.33060816051087,5.32454683526606,1.15024325844862,-1.28184253527583,-1.17199420002259,0.413778202141836,-2.6598401542684,-2.9716952359177,3.6195974073081,-4.47804406487578,-2.03418448611283,-7.77219735461502,-1.20149274946259,-0.509866916309607,-1.30436979397668,0.495999534593581,-1.35984389291856,0.156057238983783,0.262325116604754,-0.431790202566124,-0.092088065214941,0.145215897986796,0.457788410050576,0.167739067416406,0.451242541470912,0.268421209703893,4.87,1.0,8.0,1
128759.0,-1.2721170378153,1.82761538129723,-3.81060977838022,0.583759429066067,-0.641241659911406,-1.38904348579078,-1.95405395436729,1.17391997369635,-2.05319134425828,-3.34506130667145,2.37640423683332,-2.53805206931871,-0.0904541466730078,-2.42616754529086,-1.61864781114481,-3.51594398365266,-6.19900773693385,-2.41060577215255,0.760435151630973,-0.0272684521661314,0.858998001255691,0.858774883586953,0.0830791493463243,0.741676007542821,-0.173233871025323,0.534870071750152,0.183562195629891,0.0203162223012201,0.76,1.0,8.0,0
128519.0,-4.59944700208203,2.76253994253031,-4.6565298706326,5.20140306725894,-2.47038771213247,-0.357617930345621,-3.7671888274624,0.0614664440276634,-1.83619986278079,-1.4706452575308,2.14393063330902,-5.83973605661705,0.153011630876735,-6.17736456586248,-0.78541565373917,-4.51052273721062,-10.3405128633486,-4.18117755349571,-0.376135682527478,-1.00065772232141,1.58148035659457,0.261332719512975,0.621415022135499,0.994109926998982,-0.687853106052664,-0.337531252843331,-1.61279104641522,1.23142473470435,93.35,1.0,8.0,1
128471.0,0.909123838691231,1.33765782444144,-4.48472766746064,3.24535764512838,-0.417808776149092,-0.762118684149486,-2.5063487752776,0.694163949223675,-0.467555883753771,-4.5652600954372,3.61264534637429,-3.17193661178549,-0.400045818565063,-8.56945415472099,-1.61483120714345,-2.38820756249222,-2.57746443422373,0.0926786705401108,0.0982420128901166,0.445573384128196,0.586829162500182,0.59407754473212,-0.252120311226939,0.325438827876011,0.562765676359647,-0.256278184868886,0.652673806782709,0.319879228007944,67.9,1.0,8.0,1
127964.0,1.93871572250473,2.52508522441636,-4.65537237498122,4.86910824414423,2.5820971299958,-2.2908628523768,1.34565926328102,-0.455895231701242,-1.80404603479608,-1.77297720734178,1.31836660457616,-2.34217128782432,-1.27008960103692,-7.46954223542424,0.206431814387003,3.16296138329539,5.77644161382413,3.10153709946594,-2.75547195854757,-0.118243124663326,-0.322217500053842,-0.870088178118903,-0.113317828853024,-0.694863724935484,0.352916491819181,0.147328961064109,0.0105419838017769,0.114173566730071,0.77,1.0,7.0,0
127836.0,-0.857682690241565,1.75399798348887,-0.203631805394526,3.13570202174444,1.14960652730093,-0.467369227079636,1.23827448647565,-0.528165875394155,-1.19936385541855,1.91554841168383,-1.44364439259144,-0.66218765003257,-0.4600155790166,0.0780728960497874,-1.48374450789263,0.077242361066034,-0.509190470608596,-0.657408951491226,-0.992983035883887,-0.485087769871796,0.183662232210754,0.277673707300539,-0.0934886913044049,0.0228491114095529,-0.503012942899173,-0.138562815534409,-1.06175579555731,0.218597224537237,11.36,1.0,1.0,0
94780.0,0.501576981675465,2.15728099205068,-0.0829845991092231,4.95975487282958,1.39152372281789,0.0477602103534979,0.980668467547323,-0.443441038050234,-0.421956958784314,1.23535662181036,2.82566209441439,-2.70615625903174,2.05025671829212,-1.46923204006067,-0.82056637865948,0.57929938577904,2.60078787722275,1.42228396694252,0.786015265171455,0.565537586651577,-0.62791461813388,-0.926569714503681,0.10617575779632,-0.269508602117305,-0.7679560173474,-0.0694069902405347,0.0617547079438821,-0.312669075242355,7.0,1.0,3.0,0
94362.0,-26.4577446501446,16.497471901867,-30.1773174564996,8.90415677106517,-17.8925996927224,-1.22790388102871,-31.1973285494605,-11.43892041491,-9.46257260540015,-22.1870885620007,4.41999660154863,-10.5923050053728,-0.703795803703315,-3.92620731586873,-2.40024649210124,-6.80988994039049,-12.4623149481086,-5.50105078380738,-0.567939572890149,2.81224110932946,-8.75569832116533,3.46089334478551,0.896537503959012,0.254835536763482,-0.738096558530353,-0.966564233789852,-7.26348214633855,-1.32488430656137,1.0,1.0,9.0,1
94141.0,-13.5120737201635,8.21517673687939,-16.5826057272747,6.20736889019759,-11.3184715177058,-2.99720698778128,-17.6404704062016,0.0403490750758574,-5.62023218946632,-15.1237521803455,5.93465734341534,-14.1750301634055,-0.169044491655796,-6.55255368427192,-1.57000723316824,-12.1725530183154,-20.1645422294456,-8.66881519685045,2.55087034384644,0.694574465326517,-0.907905601256761,1.5140282763652,-0.141879203311202,0.789185965955202,-0.0313427677694401,-0.255056581600699,-1.86583088908172,-0.442204311521227,45.48,1.0,9.0,1
94090.0,0.0451319921804568,1.17820485933713,-0.429518732745538,0.0276246444051022,0.668673534590173,-1.34516147477083,0.845276259246995,-0.334421209799031,1.52138391374033,-0.999866579921336,0.203473893743947,-3.33207712446086,0.585390702731056,0.760818202710585,0.074387311055016,0.0483169897435091,1.19872794992968,1.10338796938284,-0.367640868301476,-0.0983451879496228,0.111261001267224,0.729970933352746,-0.168779980431849,-0.17927405138973,-0.383875484772682,-0.185093257852651,0.218481506166569,0.185613577595093,7.0,1.0,1.0,0
93920.0,-12.3810482122443,8.21302215295327,-16.9625296493409,7.11609059812684,-9.77282635905051,-3.66683564785878,-16.1473633736285,2.07870595319163,-4.25065683444105,-16.7460441053944,7.42580096307482,-15.5648376012203,-0.426338420425742,-14.0295376738875,-1.68188923012087,-11.1337609764854,-15.8335888785336,-5.74853293843859,2.27108150670047,0.53779490001906,0.1677033350947,1.5034133341063,-0.767755381526479,0.371951476263823,-1.41563947948017,-0.517022160118675,-0.434620522533755,0.292721057342818,97.0,1.0,8.0,1
93897.0,-10.3008197578448,6.48309458751086,-15.0763627200288,6.55419115286706,-8.88025172157215,-4.47167242014489,-14.900688599735,3.84017023811699,-4.35844142237671,-14.5331616869738,7.58874088021049,-15.8357188077344,0.135035383391472,-11.5670059165135,-0.077026912374336,-11.4674297370042,-19.1729963590355,-6.96985638421183,2.21175583268581,0.113244363257218,1.50874842459643,1.04164209875775,-0.682789602968657,0.573543946252624,-1.6023889741646,-0.393520821299559,-0.468892515546761,0.105920160381125,1.0,1.0,8.0,1
93888.0,-10.0406314557065,6.1391827154247,-12.9729718943545,7.74055544506762,-8.68470452840193,-3.83742916671056,-11.9077019040753,5.83327300056002,-5.73105424359056,-12.4389449056023,6.98988561330738,-16.218610393127,0.25330336584704,-8.72864506518152,-0.147529091109699,-14.1298545174931,-20.6850275533272,-8.48444905730181,4.85125513655685,-0.0822752254211996,2.82343143164188,1.15300501339169,-0.567342849673059,0.843011621641402,0.549937644887907,0.113891875585392,-0.30737499959267,0.0616306406149363,1.0,1.0,8.0,1
93879.0,-12.8336314219519,7.50878980635543,-20.4919522106577,7.46577999198461,-11.5753037055975,-5.14099947650773,-14.0205637048257,8.33212047126021,-4.33771253089739,-15.5637913387301,7.61081978841573,-15.5923232225286,0.504789055226229,-13.2478885958622,-0.796526030140245,-10.3423283585648,-16.0445243414767,-5.8821359384126,1.57369789640089,-1.37892322363159,2.96684240389381,0.615344322057327,-0.766494757432984,0.431261005079751,-0.104974994617143,-0.0100913270781415,-2.4008113496639,-0.720556600051925,104.03,1.0,8.0,1
93860.0,-10.6323749061596,7.25193622855414,-17.6810718207918,8.20414440620562,-10.1665907519072,-4.51034377036334,-12.9816061559658,6.78358879797499,-4.65932958355558,-14.9246547735487,8.38914233451929,-16.4655039422141,0.33851695978655,-14.224403603167,0.556584472572111,-11.683998043525,-15.8416159780561,-5.75319975278369,3.81304079276336,-0.810146481561289,2.71535704420309,0.695602689761576,-1.13812206664164,0.459442241911828,0.386337323495895,0.522438449202614,-1.41660373652915,-0.488307035713995,188.52,1.0,8.0,1
93860.0,-10.8502815883108,6.72746568826853,-16.760583409542,8.42583167857118,-10.2526968683093,-4.19217104406337,-14.0770860104531,7.16828793346092,-3.68324217370244,-15.2399619587112,8.03070840755191,-16.0603057628826,0.270529742348469,-14.9529810390579,-0.241094883743813,-11.866730636746,-15.4869899240937,-5.74865155747378,4.1300314273319,-0.646818272966729,2.5416369467068,0.135534921100722,-1.02396689219897,0.40626452579196,0.106592778669641,-0.0262323892202069,-1.46463002356247,-0.411681819907858,78.0,1.0,8.0,1
93860.0,-10.8502815883108,6.72746568826853,-16.760583409542,8.42583167857118,-10.2526968683093,-4.19217104406337,-14.0770860104531,7.16828793346092,-3.68324217370244,-15.2399619587112,8.03070840755191,-16.0603057628826,0.270529742348469,-14.9529810390579,-0.241094883743813,-11.866730636746,-15.4869899240937,-5.74865155747378,4.1300314273319,-0.646818272966729,2.5416369467068,0.135534921100722,-1.02396689219897,0.40626452579196,0.106592778669641,-0.0262323892202069,-1.46463002356247,-0.411681819907858,78.0,1.0,8.0,1
97636.0,1.89857496514754,1.76015583916895,-2.58033367275671,4.43355687281766,1.74004694039144,-0.73445097650439,0.395292392625388,-0.189309301448813,-0.317265361131468,-0.724737094883658,2.840327432264,-3.00640678989515,1.85544980198748,-3.16509368052019,-1.23536909143698,2.80321653071024,3.30336636443854,2.84558593780296,-2.31462074787267,-0.142185354135721,-0.150744588812755,-0.125377972309752,-0.0599959983756211,-0.827261791706229,0.121577016524411,0.102068384947282,-0.0088648161567477,0.0406447567112441,0.0,1.0,6.0,0
97121.0,-17.9762660516057,12.864988563015,-19.5750661905691,11.3451198184298,-13.9986456031027,-0.35489996091484,-23.7834698823143,-4.87235340557097,-8.50428479375643,-16.6011969664137,5.56925817499418,-13.9322487527403,-0.204854827407058,-7.58102324741972,-1.01361239001659,-9.01481328062598,-16.0920320589503,-6.05014766257303,1.66102935873752,2.41992113013135,-4.30043186631826,2.8657718597682,1.48930201538756,0.386039288843108,-0.232391836340479,0.413826703027495,-3.25598090607432,-0.538963227046118,8.64,1.0,9.0,1
96634.0,-2.6079521384341,-0.917358457521392,0.374161676044706,1.13812473608884,1.54273178745635,0.0318830296915404,1.65755428179493,-2.07962462985202,3.52982682227935,2.70389026975545,0.669951670771222,-3.06705935848359,1.76770072035415,-0.386452347801551,0.653867365302571,-2.20796133029783,0.779646468211858,-0.0458202782835243,3.01733134380278,-0.794221434860831,-0.728700388857133,1.05160027626463,0.439102626805801,0.670195158015472,-0.402549913114824,0.265029077442882,-1.98979508186486,0.206017454244985,24.5,1.0,5.0,0
96291.0,-3.55217282034342,5.42646054559111,-3.73181031980956,6.67906180701896,-2.18754337884152,2.43394023761172,-8.74811035885579,-12.1082840970182,-2.8563585144669,-5.66586179854092,2.54083553206878,-6.14705358343033,1.79689064160126,-4.32898899462283,-0.150037374792615,-1.83900466547168,-3.35463814070962,-0.282307261175205,0.148592393859995,3.79266672675409,-5.68899027177143,2.51097955615894,0.953932861684676,-0.542506228224687,-0.620152015985956,0.406012866709306,0.0230251633862463,0.164740605977244,33.59,1.0,9.0,1
95628.0,-17.5189091261484,12.5721178535385,-19.0385383213549,11.1908946558522,-13.5547207079601,-0.41192361337145,-23.189396512394,-5.30141221815132,-8.63039030596902,-16.2556117491401,5.70211147983179,-13.8124040899594,-0.306815322507812,-7.01360737195925,-1.18229035380557,-9.3601791927531,-16.6683693822389,-7.14746777723207,2.16209864550609,2.52851232971436,-4.96947772242457,0.976124822110751,1.8412479337881,0.334417748210128,-0.720128461316563,-0.232603423065217,-3.02199247294556,-0.478158234859683,1.63,1.0,9.0,1
95559.0,-16.308650062507,11.6148005425867,-19.7393862972953,10.4638662754002,-12.599145656022,-1.2023933184963,-23.3805078207357,-5.78113300512982,-7.81102238181602,-16.3035376590131,5.57362527301538,-13.6352161247268,-0.483236243869236,-7.35279224297253,-2.39268418895092,-8.72814239367754,-17.5988535455879,-7.45595632935304,0.169740705598221,2.10603387120175,-4.88498262418118,1.14091043558273,1.39295263139548,0.348996604820014,-2.16750975079914,-0.798753537981903,-2.94277507305079,-0.462679619023024,1.63,1.0,9.0,1
127631.0,1.81388607108657,0.381837120056492,-4.02351941505969,1.04643572960865,1.58436238675013,-0.344732046814593,0.177101833872925,0.0881704102863384,1.19625805771619,-2.54162476572563,0.950933698282926,-0.823527629225417,-1.69452892238855,-5.55360316743144,-0.774579879788165,1.32297506294383,4.10301531249725,3.34278091769523,0.0294902947644182,0.0815829850593705,-0.0078373736074334,0.159247528476286,-0.439455255889067,-0.861764848168275,0.653694562559195,-0.18729874956251,0.0648427525569576,0.0695276670325371,107.5,1.0,4.0,0
126867.0,-0.619770922532532,0.969853562630965,2.10225959998769,4.49965115760635,0.289155017974415,0.91916749261379,0.10479619159415,0.328994485980509,-1.69627604234465,1.45892912775066,-0.724612132050166,-0.451304356126779,0.429259678102796,-0.0626955314924608,0.937940284187051,0.0358212705846132,0.195145167474693,-0.0209998280295803,0.950992437534797,0.60774886975919,-0.0745809725743474,-0.296833125134095,0.357542054181968,1.02482740316385,-0.703016117758258,0.0391511068838468,0.410679881508668,0.260706755381617,75.0,1.0,1.0,0
126728.0,-0.335644222335371,1.54584892285467,0.412339245327385,4.34356678917831,0.24394587743585,0.74108459520769,0.0057836606917941,0.740390374142918,-1.87176592287769,1.74152031903321,-0.41360219579026,-1.43979478220441,-2.51254620297656,1.27903999459697,-0.0302469320926489,0.0582809065394944,0.218244674697203,1.17961671763305,1.39006430809243,0.0297136743917942,0.419888003503621,1.21039436468302,-0.198136035493663,-0.422543595517385,-0.567469136208306,0.633119168336954,0.336929159924336,0.18522860605521,10.62,1.0,1.0,0
126219.0,-1.14155893716424,1.92765003845063,-3.9053561494007,-0.0739425941379643,-0.0448578188133647,-1.75699895886989,-1.21741649894761,0.364563278725543,-2.77014774706035,-3.21618771830464,1.28674925677162,-3.27270458494442,1.04221562276303,-5.74894325155799,-0.668136526600605,-3.86597568295345,-2.70505213033344,-0.103907181377394,-0.716811424575637,-0.250582939794953,0.102081332026183,-0.531495912348873,-0.328740974448816,0.393099609976725,0.568434632400261,0.786604529169779,-0.146101643769467,0.0762114890570611,25.0,1.0,8.0,1
125172.0,-0.0829943712919622,-0.410267024105739,1.48253931715956,0.300103151703206,-0.0985906529022457,2.1018415361205,-0.0098844841141239,0.434532182048735,1.21681774735309,-0.457871739891916,-0.864262653820329,0.529905479473779,0.171314291215238,-1.11723081509919,-1.5134528000455,0.6508783148315,-1.25076657601587,1.30568386634521,-0.071616680444995,0.240813059684005,0.259548968570589,0.954718120810631,0.110671846648543,-0.426009503864248,-0.265558883576952,-0.609652926405587,-0.0615852109009638,-0.191263880141425,149.99,1.0,1.0,0
124848.0,-0.256872121878415,1.73965305528835,0.282643404654531,4.362559294656,0.508351709886874,0.586058991568968,0.250358236203935,0.477799580927788,-1.8864218628861,1.52335167997347,-2.1483085839768,-1.2117942204825,-0.374377455996677,0.659779745835486,0.431430006931755,-0.0669859981290216,0.167321907437789,0.647781718814877,1.29566795678764,0.163899939543932,0.361303559741989,1.17018932695455,-0.26107215625059,-0.627381345232857,-0.406711305326146,0.661281296413616,0.35008204480859,0.19655477368059,10.62,1.0,1.0,0
124784.0,-0.903504458649212,-1.87692966274234,1.52662379400853,0.822585921575185,-0.790768282954629,0.264553440191527,-0.728540308687587,-0.336320787156812,0.508661354631544,1.64554831827257,-0.789725103470324,-1.05261734115337,-0.544749515456625,-0.780877801770086,2.38421533920579,-2.20987204827618,0.349133218838033,2.33365309911711,1.35438095281149,-0.667197111994953,-0.178310703154469,1.0846299537736,1.12041562420033,1.05522538417516,-1.80775591323609,-0.128661498701733,-0.20244920044301,0.160773755619221,85.8,1.0,2.0,0
123584.0,-0.396923895086204,-0.608721134897121,-0.0644496714540715,-0.633659767520194,-0.0828568041510464,0.0961289500829499,0.917423165505707,-0.110128159587227,-1.61584168683103,0.352054783059682,0.628522772456577,0.462794192058565,0.694322941730276,0.350048307488334,-0.117206610250223,-2.08786458070584,-0.113292363543109,2.13122638000039,0.173658193081377,0.174055649655944,0.297271903706454,1.01019533613789,0.394508748515349,0.712102652916356,-0.426692181830175,-0.0234778455734138,0.165247092576102,0.237013547010207,228.0,1.0,1.0,0
123527.0,0.423081488184291,0.616075180021318,0.675868947309205,1.88215425580696,0.729474153805742,1.40174971253325,0.398315025321554,0.0888640006712988,-0.203379068667705,0.431174159246334,-0.16442314596505,0.239513435718951,0.454064003628202,0.0648552131015675,2.08704388645946,-2.07963284359192,1.1120333398724,-1.08515992452798,1.02909544329513,0.154457301458984,0.280364945222602,1.37229307325746,0.186457205436601,-1.01656102624075,-1.66175985165271,-0.350689534332747,0.27711614562009,0.0709748480319684,28.0,1.0,1.0,0
123525.0,-5.90492080575337,4.43991138307409,-8.63180221299529,7.78868440738042,-4.98957980058454,-1.20014396478769,-7.6740599401754,4.12576101681016,-5.31577802250603,-4.89115620289902,4.22041859352387,-6.40830067684822,1.32800326739361,-5.853545070898,-0.928337066900246,-7.08579817642873,-12.62385610867,-4.74522383798077,2.79789150183086,-0.505607961764415,1.77502979034156,1.26644115239936,-0.199409588840669,0.0149600028407991,-1.90822653976519e-05,0.544209892335915,-1.16756581297999,-1.20635432583345,45.51,1.0,9.0,1
123258.0,-1.8921168423495,-1.34000672686127,0.926830027243905,-3.15014804915467,0.0608428065456222,0.305671811173675,-0.290162004590562,0.190961788480882,-1.81452608587437,1.19473401133347,-0.190170747669937,-1.00135324370024,0.0425980442535381,-0.656295651291427,-1.04633121518326,0.189009079581979,-0.315863347422479,0.827221997896909,-0.210899987402364,-0.344395817269813,-0.339033806876131,-0.130727288303347,0.182909994507631,-0.151997916170487,0.943496576065348,-0.0917367634089447,0.361982520960256,0.23437189181563,99.0,1.0,1.0,0
122053.0,-0.70584604678786,0.128184773291772,1.01148254365276,-2.31758504248174,0.26968872483155,-0.129054002311052,0.847918972402902,-0.0103317932635506,-1.77388926094507,-0.268162355103018,0.825231836228406,-0.0825473595192455,0.0112392087713635,-0.113648107009267,-1.60473777383043,0.841328628876603,0.0932950683989885,-1.36929435180836,0.767401961246725,0.243731437223035,0.0626185351839504,-0.0793835492353189,-0.221447444279624,0.704542072472399,0.778142024180427,-0.308245159466679,-0.0445755228850984,0.0384597907883544,75.0,1.0,1.0,0
121775.0,-0.821954721156136,0.743959867534886,1.98114761518596,4.63836680121918,1.40274641569616,0.857875646009877,-0.0529444262524891,0.193671662771033,-1.75512336358835,1.14730913436914,-2.00417192545987,-0.204716042890034,1.20339256306518,-0.468110670905124,-0.605111719786392,-0.629812365612305,0.376902033597813,0.137336675039448,1.84571261565967,0.476381821650601,0.129925575007049,0.513292845380477,-0.469840839555761,-0.579506498689187,0.684460712773931,0.743994616050665,0.0889642301085717,0.0917493293081481,0.0,1.0,1.0,0
121702.0,-5.16805006535979,-7.79843984693835,-3.29199262224698,1.39059576849951,-7.07384963383966,6.46312470727798,10.7877386117205,-0.569181933890411,-0.562884201183387,-3.35799887352042,0.114528023007739,-0.333153148395209,-1.05423645476765,0.262383314604723,-1.20025686506279,-1.14900969960192,0.470617420464907,-0.0774099079432362,-0.166565562809025,6.27517238072537,1.50578666331439,-0.331445391490161,6.77862398795006,-2.01527643986942,0.818902318813654,-0.466468694334744,-0.978550743699531,0.122817807995807,2960.47,1.0,7.0,0
121669.0,-0.39717971636929,1.32549915904872,1.81205308971583,4.40631937356268,1.02951068489708,1.42500145611998,0.330141779665999,0.171504975813776,-1.76335296241762,1.09835509335039,-2.32645501616763,-0.41595811546227,1.1494471796237,-0.495114095560148,-0.590573561197675,-0.509909194446934,0.24503565956566,0.246128182970823,1.97293782623625,0.331001104758764,0.0587009703439403,0.475863099411992,-0.622519374452012,-0.928878748844924,0.702494395362543,0.765742360002454,0.108543817084443,0.0764909864962251,0.0,1.0,1.0,0
121522.0,-1.99478258888742,2.09470278412309,-2.92931764254138,-0.518278713411647,-0.479841754339648,-0.74663350699751,-0.882870123450652,1.89351408739505,-1.00053271157549,-1.40598179620414,0.0686923094380967,1.03208759910402,0.393744391261354,0.674154439229629,-0.549691436986398,1.39710936318798,0.640192817483669,1.23418572119001,-0.288895458123862,-0.783818287240703,0.564281347437022,0.858253410206204,0.185862993546393,0.317331340396921,-0.595560392838949,0.440390116905828,-1.03269675367227,-0.319717392704704,16.29,1.0,1.0,0
121288.0,-2.74478888263373,-1.46869261573894,-1.49264571672962,1.31789425951285,-1.04716860447212,2.98256405339268,2.48150089271952,0.305446740602932,-0.896236773367014,0.0441048989132151,1.35241745022977,0.236481606531482,0.197364973444014,0.830205236308328,2.41123651955058,-1.03999153989807,0.870708743599295,-0.391747104440871,1.85891117845166,-0.731995640620993,-0.0590599677818172,1.37294409045052,1.61179543327589,-0.629823653111867,-0.156261143433604,0.962956206721404,0.791454726992078,-0.155538027651853,682.93,1.0,1.0,0
121248.0,-0.331740606424854,-0.543829590436286,-0.596394282640245,-1.61539191172882,0.987250339017171,-1.33629099369409,0.652424259796627,-0.247348414403638,-1.80747787216566,0.537023644407004,0.461990738895868,-0.99764560408283,-1.16460429962823,0.742889048774811,-0.714883572013324,0.56477794285648,0.156840549363611,-0.7938035968032,1.34678160789637,0.299063852983459,0.54032006851519,1.15821971626007,-0.0098203470042149,-0.377618958366109,-0.318510456863107,-0.0325690777839666,0.103116363753524,0.192140796675061,72.6,1.0,1.0,0
121238.0,-2.62892199481027,2.2756363708417,-3.74536934909195,1.22694819658893,-1.13296649495042,-1.25635309994595,-1.75241984877631,0.281736387178617,-1.7923429718137,-4.82077941422469,4.17609762346479,-4.61900987976999,0.742689541505504,-7.63696288811138,-0.197887605182768,-4.14039566725884,-7.60471483249934,-1.52450539738207,1.27132193138436,0.133106474791523,0.870729582435536,1.26947278909845,-0.265494007565328,-0.480548610900827,0.169665130870596,0.0960810570397914,0.0700362725602789,0.0637683649579152,144.62,1.0,8.0,1
121117.0,-0.82165184664007,-0.869128989275486,1.85347024217955,-1.10993047515872,-0.163750581746916,1.21977482425011,0.525302221444359,-0.113206107638701,1.26291444903387,-0.523610108392457,0.0700315915045742,1.03527556760135,0.719028840461479,-1.51310140592837,-1.96740490079248,0.144738911329808,-0.754403350728093,0.212705549368448,0.80542491353424,0.0805125123737205,-0.11826508230498,0.459885508097938,0.44252167201721,0.458087403410087,-0.756342065098794,1.01213175147332,-0.202988376117793,-0.356736223130704,157.3,1.0,1.0,0
121097.0,-0.594948573225278,0.513748764428511,-0.0997499026623495,-2.03811327777469,0.202987863368816,-0.568560788290694,0.295495995517542,0.235797193265757,-1.86041385651372,0.030045031815916,0.788147809974351,0.47552566167948,0.865127142828992,0.175838271746839,-1.54435195765859,0.865797460100883,0.153144396118045,-1.26383383015318,1.02236388447866,-0.0198264047592639,0.238292467072866,0.463554023952954,-0.0238906450273745,0.798457772354391,-0.264777788561347,-0.412935092564714,-0.121127371463485,0.0880510487432185,15.0,1.0,1.0,0
121071.0,1.334529419788,-2.76106699327194,-2.1855966976688,-1.29547049273772,-1.13490174431844,-0.745582626728596,0.10879204008211,-0.498420513416046,-1.82932612464165,1.40735371821245,-0.802492554297712,-0.822614808101185,0.665349721790934,0.09015432271017,0.238427561769572,-0.583496358150378,0.456090447920145,-0.347914593230298,-0.274877167562599,0.660709993986804,0.0004760411209754,-0.803417996447804,-0.142130806555229,0.586634434119244,-0.345932363794524,-0.39264224157296,-0.123028238088014,0.0399010589969868,541.0,1.0,1.0,0
120073.0,0.042223865636586,1.33927508004625,1.14244278143426,4.34922646488219,0.920867682106156,1.03979593574858,0.692521626474681,-0.0006143506215493,-1.7700085129011,1.99367700471535,0.113486412332145,-0.10443566004392,-0.0343940109114273,0.0420366255390475,-0.925789196316993,-0.535938011568347,0.0418093680304311,0.460767657042283,1.68680155468913,0.375544660959027,0.140551497579121,0.907052929492978,-0.241787218264201,-0.366040717315746,-0.538134361904799,0.459602294704954,0.310579760996291,0.0341582910510654,10.6,1.0,1.0,0
103808.0,-4.51734375344642,2.50022390414582,-4.01392753708116,1.18945163355882,-2.48686063585833,-1.41347553285281,-4.24570662259591,1.26508694822894,1.16882778968781,-4.51390660472333,3.69471123994721,-6.11044323287235,-0.110521636054475,-4.18455528093394,-0.93103463417672,-1.61471832598223,-3.35318018239636,0.236762036968587,0.0038960221310578,-1.05616226010439,1.32694422202396,0.102998961106284,0.508166904438541,-0.278017536127694,0.139721094971637,0.0646100247346309,-0.972358289293076,0.351359561196795,2.27,1.0,9.0,1
103255.0,-1.69341118862486,-0.788577115680079,0.959950328172651,-2.51413906236424,0.823201411311706,1.73103877403747,-0.282606978426323,0.406898372247112,1.1135101404486,0.45217738512389,1.66674734607043,-3.34140473468538,0.884109552170167,0.825588542719735,-0.453092502239279,1.0676378740863,0.641587765284772,-1.12459424802892,-1.07912276511988,0.131117252472325,0.112981801887148,1.21515220763662,-0.0284471315028478,-0.994317123580595,0.086168678184409,-0.0755305359551482,0.518618204609264,0.125596025842479,118.0,1.0,1.0,0
102996.0,-1.08188608743906,1.76642417796991,3.08564968755985,3.73758355368804,0.964875753165177,2.31108254861312,0.695501425280041,-0.652749358063871,1.51593648849465,4.00229062279275,1.45349221778954,-3.73904019786177,1.08353577592737,-0.171184737549021,0.214950733913284,0.20529268923304,-0.425231159038766,1.43508628693473,1.21483655959157,1.40144175516363,-0.605690855570653,-0.0169944965931507,-0.455178941942797,-0.0314339837193764,0.0863919643682742,0.219189526936588,-0.12112310781704,-0.830530876315723,12.86,1.0,1.0,0
102807.0,-1.10074446511425,1.85472531707753,2.59952848062152,3.46819590657968,1.84232678201187,3.46607629603748,0.760219430189153,-0.305769420156001,1.21940702487766,3.93403832004576,2.09996798898667,-3.85589759371832,0.390919821550196,0.332206089813478,1.14261806506819,-0.700871208306651,0.423916765896647,-0.142841399303455,0.283197778860952,1.29557188123175,-0.718782772453358,-0.391990059601396,-0.275861657183921,-1.1199661006338,-0.204950297127429,0.123580602874081,-0.0892649779181016,-0.902969478758828,0.76,1.0,3.0,0
102669.0,-5.60369027985602,5.22219270751471,-7.51682997724608,8.11772427554261,-2.75685795265464,-1.57456462233583,-6.33034325040366,2.99841888080239,-4.50816689310713,-7.33437708370839,7.18872396524447,-10.6551809118898,2.59467986078199,-10.242859083204,-0.191158119172494,-5.50433407013933,-8.69777741257031,-1.93422536185434,1.95874993153475,0.227525994742654,1.24289620552409,0.428408392466797,-0.101183595116722,-0.520199121186447,-0.176937756589733,0.461449982566097,-0.106625180749266,-0.479661947808134,0.0,1.0,8.0,1
102628.0,-1.4948926704453,1.55417488777549,2.49001399272116,4.82071420059718,-1.01768891401771,2.70069879473339,-1.80736438543828,1.68225738180613,1.09838448846312,0.565408220430657,-2.22116165618688,-3.50661752615338,0.58027622279498,0.914217442210737,-1.59984740028059,0.0685454291392903,1.57934891160252,1.2154975711566,1.58022922881707,0.190967197631111,-0.105548646238429,0.229972134954033,-0.303176178931253,0.0264839336906478,0.30156232684914,0.656247809632534,0.265297477055354,0.0767433771944701,14.66,1.0,2.0,0
102625.0,-4.22122078925031,2.87112058054735,-5.8887158872207,6.89095207502484,-3.40489435037622,-1.15439396843915,-7.73992801001653,2.85136330092288,-2.50756869395709,-5.11072764247853,5.35088988417692,-9.29980722738699,2.79314035729228,-6.10655192524523,-2.10694702580884,-6.25062921491661,-13.5663252216994,-4.19278019670633,0.510570181831806,-0.227881506131312,1.62059124560534,1.56794700869044,-0.578007459600926,-0.0590448081819941,-1.82916881940751,-0.0724287202294822,0.136734308772186,-0.599847542493268,7.59,1.0,8.0,1
102619.0,-2.48836288474016,4.35901910783724,-7.77640985018266,5.36402677044258,-1.82387723220959,-2.44514013600669,-4.96422092061784,1.48489015991725,-2.94789885841072,-7.17534972178322,7.34365210856032,-10.178995535122,2.14215063066493,-8.98305216762269,-0.473746033414928,-8.14334226244301,-9.78567719982127,-3.08651950539248,3.37971333584943,0.792274684105994,1.32567239039937,1.02122620503862,-0.266476205063069,-0.370880444896658,0.365535186093547,0.081372023747405,0.184983040876449,-0.211582455539506,1.0,1.0,8.0,1
102489.0,-2.29698749921502,4.06404334190313,-5.95770634516933,4.68000806392241,-2.08093759960382,-1.46327216002463,-4.49084686931735,1.02924628254192,-1.59324925133839,-8.99381088354112,7.86446740028511,-10.6498396512844,1.82659101647783,-12.9136317373077,-0.766330314740752,-7.95409770929125,-7.80963509977466,-1.71851117214548,3.83298514230067,1.26495379665956,1.08908418394041,0.975397809530551,-0.62553033358642,-0.535180928107126,0.247435028956319,0.160399507909509,0.969581605226584,0.335041293733825,104.0,1.0,8.0,1
102480.0,-1.92959692675373,4.0664132778545,-4.86518400996861,5.89860229319899,-0.552492585328532,-1.55596245330906,-3.83362344068736,0.679511648528001,-3.46376549143694,-6.68368922880726,7.02127774818005,-11.1024933822497,1.71175507363653,-10.447632938235,-2.79907615915518,-6.26174085045904,-11.6471577741668,-3.45143614190286,-0.507536514254236,0.942488941965831,1.13721164676769,0.674245235425331,-0.531765489027487,-0.433409350510738,0.378658562357166,0.198107291025294,0.869694411928137,0.228047851815119,0.0,1.0,8.0,1
102318.0,-1.02063166582361,1.49695912243222,-4.49093711758335,1.83672705849852,0.627318467501556,-2.73556861001066,-1.54627364241291,0.459821576439238,-0.68274140597399,-4.36310219273296,4.28702087961434,-5.40376835689762,1.26026230900043,-3.08774290682652,-1.31748806297981,-3.53705628406879,-3.17202752176385,-0.52988508450368,1.01162645030639,0.443488532055906,0.773630966413973,0.86061818130652,-0.304666447555476,-0.155499583027691,0.41216629075428,-0.220079647308722,0.392337584118175,-0.0200894870934853,22.04,1.0,8.0,1
101597.0,0.91311613528992,1.1453810871791,-4.60287793273505,2.09180337375362,-0.473223859280585,-2.0854358325571,-1.67124403232231,0.0943965856348779,0.337798765397573,-4.4318096317282,4.87197985976052,-5.39522117678937,1.33250215621937,-4.60379669207464,-0.77731354811867,-2.57189156103509,-3.00361530529652,-0.225441388417525,0.252273565031692,0.50898474829098,0.40141574109896,-0.0849334160429759,-0.197684434494785,-0.283271078982557,0.387597335722074,-0.553526986386025,0.516274456782261,0.270828187083758,147.87,1.0,8.0,1
100298.0,-22.3418888868038,15.53613332478,-22.8652284959099,7.04337354768731,-14.1831291919342,-0.463144880408286,-28.2151120538009,-14.6077905214735,-9.48145633401495,-20.9491915543611,4.73958247105186,-11.9249546896802,-1.50141102577851,-3.83678146634435,-2.72032883823594,-8.88010567222989,-15.8251362851177,-6.75042522352437,-0.129188144339879,4.10001904830367,-9.11042257588182,4.15889482041313,1.41292844456256,0.38280067392155,0.447153952515532,-0.632816336434319,-4.38015425911661,-0.467862869164174,1.0,1.0,9.0,1
113638.0,-1.08984185409564,0.198032345000879,-0.366468763765765,-0.408600350932091,1.83259407882742,0.0278849686526421,0.35832673191371,-0.106861295361284,0.0053581239728024,0.166110101631232,-0.0637332976799737,0.0794985060974751,-0.139051742822078,0.517702282828884,0.665607803780312,-0.289960728322197,-0.819454080611636,1.15505242349209,1.50539764234362,-0.218510403273141,0.355790179321906,1.07771044515215,-0.475379355743034,-0.363684586917739,-0.028351203461744,-0.341665851078083,-0.42897414710704,0.534150692406316,1.0,1.0,1.0,0
112422.0,0.314718943036418,-0.770077733538322,0.585925291102572,-2.57415734774738,-0.959713587745287,-0.321063658330902,-0.388297988138744,0.0543059544652213,-1.87505293627857,1.05230816528965,-0.0067826630820228,-1.13732585564677,-0.829702391881295,-0.210464487658482,-1.12451502742644,-0.131532091939587,0.0517230305662086,0.836290632857045,0.0267569182548123,-0.389051362196882,-0.04797524366721,0.1882784857806,0.0490326460654968,-0.397830545812027,-0.513511382715185,-0.24887661061619,0.07198522668158,0.033926919560563,45.0,1.0,1.0,0
111638.0,-2.26146388291224,0.220504445790139,-3.55933748728871,1.52241466040365,-4.92052834798515,0.846770738166651,0.572076667602298,0.865552791910929,-1.0650281567897,-4.02994675205245,2.26133417099243,-2.15106886697903,0.19001308775914,-2.76882897247823,-0.896297019130249,-3.09174733287398,-5.97588617660747,-1.74797748594318,1.75088150592725,0.192832984716057,0.466701359764234,0.060958981655542,1.36756301346168,0.0013052969805765,-2.06868853631059,-1.26679968810312,1.01719094808608,0.116848975632894,798.49,1.0,9.0,0
111154.0,-1.01824783559569,1.11214080218368,1.07861779494937,3.07535953003568,2.38638322819345,-0.476173298087195,1.03657911357231,-0.189917000184685,-1.00652750058229,0.229970924164067,-0.0005410019177825,-2.29544416799846,2.60360126683065,1.53331157196689,-2.56716966413867,0.0399801597609464,0.257429761910066,-0.676626118800329,-1.77401924326692,0.0299547152262225,-0.0091558848983171,0.0225483056276773,-0.143308955679296,1.03978043929833,0.365220190211296,-0.075424719996066,0.0048721495480211,0.139048948141856,3.78,1.0,1.0,0
110552.0,-2.45036662540267,2.10772866087808,-5.14066303982343,1.41130357398271,-1.69077950338918,-0.736427202926685,-3.65794634761755,1.94490590423047,-0.788387529063343,-5.62467713431414,3.51964234486905,-7.221590004268,1.20172802326675,-3.8114281425371,-1.70142802210083,-3.57140837935336,-7.31140729142311,-1.75435460658485,0.795448867520342,-0.130438203342561,0.800538093373868,0.364616671021501,0.233607611774679,-0.282077578211224,-0.320310972669244,0.49291998915127,0.35997644954193,-0.115471009476069,80.22,1.0,8.0,1
110547.0,-1.53281036094493,2.23275183861699,-5.92310007493809,3.38670841159996,-0.15344334000728,-1.41974768064009,-3.8785763388613,1.44465586239817,-1.46554214173397,-5.20833459337633,4.54630106888309,-7.76119403219115,1.15954032168956,-5.23161145654992,-0.171642119460071,-4.71982949844975,-4.84799196061678,-1.13432874514983,3.52773827223549,0.520839865969216,0.632504705856676,-0.070837950713368,-0.490291315112446,-0.359983126080465,0.0506775325943162,1.09567132878655,0.471741401676933,-0.106667140739625,0.76,1.0,8.0,1
109298.0,-1.00061051985933,3.34685000184439,-5.53449117133595,6.83580203854396,-0.299803293657807,0.0959512989990878,-2.44041927394713,1.28630119597073,-2.7664382829404,-4.45800770078481,4.69653339192897,-8.76211333956078,0.985826601093264,-7.32027202211023,-1.06384045772504,-3.37112471078725,-4.25115786762875,-0.43005729986925,1.80401333906519,1.18981379228675,0.439756764345897,-0.694099203587273,0.299660329499667,-0.657600627722995,0.101647558980344,0.430457439169415,0.824685450418745,0.326952273050223,186.13,1.0,8.0,1
109297.0,0.745153216872909,2.80929887414381,-5.82540635746786,5.83556642595055,0.512319881201007,-0.615622343185995,-2.91657564356736,0.776710041712962,-1.87883185000296,-4.54693575081085,4.69879549591235,-8.50778570734412,0.718249309268122,-7.62871014660448,-2.24957848303647,-2.55866861696795,-5.30462366328046,-0.956938449028105,-0.585321852047277,0.40283675391689,0.284840710005163,-0.874383479410998,-0.0839950451669313,-0.651441658316508,0.454593823671078,0.0503758982755266,0.756952562644727,0.383868938615243,0.0,1.0,8.0,1
108375.0,0.195165667829363,0.959428270091908,0.297503736919703,1.14249919564062,0.980100275930548,0.929990456972281,0.400603868429459,0.0125635370214024,0.912481197486709,-0.390982697360096,1.02596120010018,-1.70124834464563,2.6397376313262,1.77330588623183,1.27812226060304,-2.47708585743148,2.17839871590966,-1.43111640452875,1.50195177761253,0.0362762187634892,-0.131075479180196,0.241592292858949,0.231136613475198,-1.06700723553731,-1.53885612631554,-0.25880575123264,0.2171999536269,0.244473734071036,4.99,1.0,2.0,0
108312.0,0.0440724078060425,1.01831425693408,-0.274086294001647,-0.0738796322392545,0.878678027746224,-1.03291187865353,0.863613872908338,-0.235204260932066,1.39557298647579,-1.360092543255,-0.302825275489781,-4.08963267040093,-0.51713664710723,1.07979430733431,0.247679119957297,0.110138142044289,1.22511956606545,1.31299162218903,-0.194036402275451,-0.256498080963494,0.141810313970443,0.69292891504802,-0.25357049352785,-0.596195105374401,-0.539558573200032,-0.164644706052001,0.193087932025381,0.228863284060394,7.7,1.0,1.0,0
104337.0,-2.27036754020449,1.79893224092137,-0.122494328860095,-1.27003285160983,1.4153818637945,-0.266278990392855,3.33038399929371,-2.44181648820705,4.95433918698552,5.52803599927476,2.58416446869616,-2.78236353571163,1.6100949312363,-1.1097814303078,-0.379148702167089,-1.16141442195446,-1.41243277826032,0.552523147667485,0.0367954506287562,1.81099675991255,-0.879549295160027,1.28152201898359,-0.320241477223977,-0.5379471799541,-0.355984677886773,-0.51695145431399,-0.380358498609161,-1.26376160156493,99.99,1.0,5.0,0
119791.0,0.153116855733528,0.10332603595555,0.140288989306353,-1.4074433291668,0.338095756556292,-0.600103975781737,0.326882482116612,-0.214755366604924,-1.8348898258223,0.613334279997811,0.84904147591631,0.0928335339454468,1.15151100843801,0.021481264536051,-0.254181369985794,0.59981157807425,0.0859642722246977,-0.600865394974995,1.74230712109884,0.281500447168111,0.626286262606813,1.81028615640127,-0.257517539934991,-0.294036906494947,-0.484965843097786,0.12591013275549,0.202763718674085,0.195487757023816,15.0,1.0,1.0,0
119586.0,-2.47598233322788,-0.249812294319565,-3.1867940431431,0.967951551092252,1.54937803803792,-2.34946372473708,0.788944917377249,0.26290981013993,0.0991088442711482,-1.83599886069219,-0.181897835775356,-0.261608508374271,0.163536355112499,-3.86954922085167,-0.61569277515302,1.02810782092571,3.18401703372012,1.33487162451713,-0.67633068123847,0.0461298411748204,-0.180201559462177,-0.0594481082205621,0.64527629873623,-0.397230423141846,0.448187427648553,0.44254128717922,-0.148694574840759,-0.354220765529861,25.0,1.0,2.0,0
119451.0,-2.23620423993938,-1.32049368717939,-2.55331648234405,1.15602323805798,3.05290038002977,-3.07668651641541,0.0023557207792203,-0.0418418627980727,0.177383800702634,-1.76349034827722,-0.080211823534848,-0.284054749873124,0.094171020296575,-4.00813225357699,-0.587029724830031,0.837523791563075,3.09262991346075,1.30230106478042,-0.717282575725972,0.543390709305038,0.0015546546601512,-0.253102336925978,-0.294173019257599,-0.363159883104482,0.158623858942034,0.394862750540625,-0.283085853157167,-0.214504982225059,25.0,1.0,2.0,0
119334.0,-0.677593588612519,1.35545930037702,-2.48932643882283,-2.34416532503955,3.45807692119541,2.71148438719313,1.0491048440849,0.642721111384185,0.0140907764583968,0.46299182302911,-0.0802836851030356,-0.0923415409604692,-0.474633724772121,0.715925640351672,0.284664546194984,-0.803243163623194,-0.509923999092184,-0.550522312381168,-0.351594144479373,0.384975185123225,0.155702342410532,0.733292126415412,-0.179471642278445,0.742519532844172,-0.120062116604751,0.122453598576633,0.729202379403607,0.441855998701123,0.77,1.0,1.0,0
119078.0,-1.7760790426519,0.37974510448198,-0.047251329801384,2.25716523168526,2.83521883803777,-0.404022970533477,1.35271800788884,-0.120312757250859,-2.16594553878424,1.09765763880131,-0.699701789445954,-1.05111851238241,-1.33198677482368,0.869213777589822,-1.75999290547699,1.29716985895375,-1.61340103691698,0.428513698787039,-1.34561915457925,-0.649197652790327,0.0340228113110591,0.214080036241594,0.218936884557957,-1.09618836486488,0.659717229182392,0.0405614754466824,-0.139507182941999,0.154852713465827,9.46,1.0,1.0,0
118532.0,-5.96145725181683,5.31338185985134,-6.67432045600546,6.02897499089959,-1.38755992793501,0.670638451870295,-4.12898748860167,-4.76589378950457,-1.00525917075425,0.453505060416619,4.43173633655471,-5.14273660303602,-1.18169206554319,-8.7554491326517,1.00435568809085,-2.06502561211988,-3.26143516010375,0.12522332026716,0.936966154656013,-1.11658092121725,5.55664239133643,-1.50180765840879,1.35517244397724,0.141093214148711,0.0779134112043686,0.473988340387306,0.28712879038893,1.46865341855998,105.89,1.0,9.0,1
118452.0,-0.442645844612702,1.73134821077039,0.318342657023043,4.24662173037872,0.674252961264155,1.42337612844661,0.0543005919054164,0.729239325974372,-1.90463592755062,1.68988207362625,-0.493275867533861,-0.377105078875581,-0.617903479266986,0.641128324126445,-0.895781690519145,-0.160579441736853,0.192351294865996,0.797077327894211,1.8485254451056,0.147662382544527,0.209529636599422,0.692695311298259,-0.154839585577163,0.20196845295453,-0.467474075194297,0.453542504512778,0.205412726202247,0.193177070416732,7.56,1.0,1.0,0
116195.0,0.852050799491739,0.123613243630495,-3.1536479324205,0.771409615650535,-3.16535748200508,-1.17268772611306,-4.70995485073665,0.898253297076832,-1.77995618522423,-3.16545071758335,3.73002233392424,-5.29172914186161,-0.573038447725919,-5.45443327940668,-0.521411621496868,-3.55074340323048,-8.77802619270319,-3.95497471278151,1.69647657493675,0.57544722822332,1.1166544598418,1.17127948192725,0.0762319721628296,-0.0145401405600234,-0.0368585726319364,-0.0406485122092563,0.826236308666477,0.316832269389432,19.99,1.0,8.0,0
115838.0,-0.694981905100346,-0.837797151417089,0.361881844927319,-1.59033575012987,1.13979678828327,-1.01816308918073,-0.17212791375829,-0.0583428367975578,-1.73270735385,0.439124025597088,1.00418403931902,0.073425501438183,0.828512142794573,0.0370077679554783,-0.5049389654788,0.850867639555895,-0.0628338715302539,-0.56298558894182,1.07597481289782,0.4986961857569,0.702722624167628,1.63480413332508,-0.0589682731937729,0.845161923838175,-0.11703631636372,0.02313562913168,0.103324301194107,0.187846564548827,35.85,1.0,1.0,0
115691.0,-1.55027271502021,1.08868850191044,-2.39338766218981,1.00873271714408,-1.0875618874048,-1.10460238189499,-2.67050327670088,0.147654676391109,-0.978625549290056,-3.51413330486723,3.58604242366444,-4.05335784837839,0.862426024955809,-5.76582302154173,-0.507511029549388,-4.92186514350783,-9.56726769048681,-2.77297411117016,1.71709526842855,0.327490457262181,0.802316031461701,1.03710478869922,0.0958154204904633,-0.320190913384423,-0.0807306312824349,0.0910116872058309,0.0249284934943241,-0.0778199786198624,17.06,1.0,8.0,1
169142.0,-1.92788332105459,1.12565266367046,-4.51833064132991,1.74929253346589,-1.56648729197754,-2.01049423115212,-0.882849830858081,0.697211109261327,-2.0649452874475,-5.58779378195338,2.1157951772133,-5.4174240819973,-1.23512263142388,-6.66517689463338,0.401700686738171,-2.89782511671737,-4.57052943365069,-1.31514721385427,0.391167040935071,1.25296673470361,0.778583978950071,-0.319188818860513,0.639418961153121,-0.294885040380029,0.537502535542985,0.788395056528708,0.292679966295281,0.147967928722538,390.0,1.0,8.0,1
167912.0,-7.14804033475448,3.745219859036,-6.45994199915252,1.13041606580222,-4.11302189994858,-1.81046341587242,-4.97307866946087,2.94452827166947,-1.40482553268282,-2.98807569550819,1.4097142663526,-2.47108982443185,-1.29116202792484,-0.513759287845116,-0.21000555367284,-2.5173127415422,-5.3758748839128,-1.26393705944417,1.10080970183978,-1.58258598099877,2.01351643042966,0.970934988047733,0.580950613426034,0.0413018399341286,-0.545984042283668,-0.32739643125216,-1.77425690925607,0.35326806622667,1.99,1.0,7.0,0
167338.0,-1.37442438802593,2.79318461104641,-4.34657205544607,2.40073141993213,-1.68843271426041,0.111136092520939,-0.922037621262745,-2.14992997529601,-2.02747375610927,-4.39084192218279,1.24195817554592,-3.91052150018815,-1.22563629923953,-4.69799687128777,0.676108304106939,-2.07706554161602,-2.68352089790884,-0.525949332550218,0.42234244481934,0.650195855719888,-0.870778521555015,0.50484915999462,0.13799426850986,0.36827456897565,0.103136654803567,-0.414208828090744,0.454981584858352,0.0967109642319915,349.08,1.0,7.0,1
166735.0,-3.63842773235928,3.8862430624194,-1.41654289432841,-0.133934714092205,0.838781310617491,2.18684483367764,-3.01794504223016,-10.3979925498241,-0.422463169106054,-1.26669975858663,0.976854290642725,1.22583719156332,0.178127442961467,-2.04559623039901,-0.917411296166315,0.319990297432497,2.79428630390175,1.56405802456937,0.946893154908571,-0.789904347190903,6.41560942782575,-1.92164771418142,0.562864899585876,-0.0350993394988269,1.00651246599173,1.03844544196077,0.203777098936031,0.2248590835759,8.09,1.0,5.0,0
166461.0,-1.90331094864341,0.848116042267982,-3.72061603136052,-0.0382001963549854,1.0046611421299,4.68750070947847,3.20989609690127,0.644188695656755,-1.16837613911701,-2.72840479900382,0.883069922844015,-1.02497108341903,-0.481068239417984,-3.57264847622731,0.655637388567072,0.550793511688615,3.5890258957119,1.39014535284314,0.499357543802227,-0.135285784940365,-0.237501886616093,-0.317541014316227,-0.473840774799822,0.489055487218458,1.05364908028093,0.832977929015157,0.0367351512930101,-0.0725608950565785,677.03,1.0,5.0,0
166198.0,-35.5485392112513,-31.8504841430453,-48.3255893623954,15.3041839851875,-113.743306711146,73.3016255459646,120.589493945238,-27.3473599337598,-3.87242453038611,-12.0054867807373,6.85389670664344,-9.18941787565569,7.12688295859376,-6.79594155719079,8.87774159774277,17.3151115176278,-7.17380530169518,-1.96804418826701,5.5017472139665,-54.497720494566,-21.6201196505274,5.71230304286357,-1.58109750786105,4.58454913689817,4.55468275626127,3.41563624349633,31.6121981061363,-15.4300839055349,25691.16,1.0,9.0,0
8528.0,0.447395553302475,2.48195386638743,-5.66081393141405,4.4559228120932,-2.4437797540431,-2.18504026247234,-4.71614294470093,1.24980325173147,-0.718326066573691,-5.3903302556601,6.45418752494833,-8.48534657377678,0.635281408794591,-7.01990155916612,0.53981407134798,-4.6498642988132,-6.2883575087823,-1.33931232244731,2.26298478762517,0.549612970886705,0.756052550277073,0.140167768675,0.665411100673545,0.131463791724986,-1.90821741154788,0.334807598686864,0.748534284767756,0.175413794422896,1.0,1.0,8.0,1
8451.0,0.314596589729515,2.66067027657541,-5.92003738034463,4.52249960508858,-2.3150272861839,-2.27835165394776,-4.68405393631569,1.20227026523098,-0.694695511200349,-5.52627805985834,6.66243683071252,-8.52546492534563,0.742745446888019,-7.67866801029943,0.593070459066131,-4.47813659534324,-5.84426647937357,-1.1027307945783,2.17738568653903,0.562705643312244,0.743314023428983,0.0640383555765096,0.677841675250346,0.0830078227438395,-1.91103446375022,0.322188398435937,0.620866538820488,0.185030354728703,1.0,1.0,8.0,1
8169.0,0.857321003765953,4.09391182702914,-7.42389358948559,7.38024451788662,0.973366022888688,-2.73076151658057,-1.49649705633444,0.543015172692922,-2.35119015933267,-3.94423849794435,6.35507773663404,-7.30974798382371,0.7484505505775,-9.05799252943745,-0.648944909074786,-1.07311652692728,1.52450091526025,1.83136353283608,-0.0897244112241547,0.483302650495284,0.375026285129017,0.145399853347782,0.240603265009756,-0.234649222710157,-1.00488094720044,0.435831916241838,0.618323805168482,0.148468944379397,1.0,1.0,8.0,1
7740.0,1.02387386852139,2.00148526626613,-4.76975183220974,3.81919458538265,-1.2717542273697,-1.7346624268403,-3.05924503160896,0.889804791975203,0.415382113237262,-3.95581234352737,3.57205481558784,-7.18645159050588,0.147242340802109,-5.24930454889762,1.67833367358535,-2.64147310915178,-1.31205856007348,-0.391716050952505,1.11826355175812,0.204137684042271,0.343282648722251,-0.0541956644068491,0.709653952497143,-0.372215866946976,-2.03206836614816,0.366777602071192,0.395170669257609,0.0202055389458413,1.0,1.0,8.0,1
7551.0,0.316459000444982,3.80907594667829,-5.61515901119457,6.04744510216478,1.55402595692572,-2.6513531120137,-0.746579273100222,0.0555863112529252,-2.6786785422399,-4.95949291161496,6.43905335158373,-7.52011739288703,0.38635166741077,-9.25230724747513,-1.36518841502051,-0.502362190618164,0.784426598154274,1.49430460743838,-1.80801215867357,0.388307428238927,0.208828369001674,-0.511746619200722,-0.583813220813723,-0.219845029091423,1.47475258440688,0.491191925656006,0.518868284577287,0.40252806767232,1.0,1.0,8.0,1
7543.0,0.329594333318222,3.71288929524103,-5.77593510831666,6.07826550560828,1.66735901311948,-2.42016841351562,-0.812891249491333,0.133080117970748,-2.21431131204961,-5.13445447110633,4.56072010550223,-8.87374836164535,-0.797483599628474,-9.17716637009146,-0.25702477514424,-0.871688490451564,1.31301362907797,0.773913872552923,-2.37059945059811,0.269772775978284,0.156617169389793,-0.652450440932299,-0.551572219392364,-0.716521635357197,1.41571661508922,0.555264739787582,0.530507388890912,0.404474054528712,1.0,1.0,8.0,1
7535.0,0.0267792264491516,4.13246389713003,-6.56059996809658,6.34855667313983,1.32966566904142,-2.51347884762413,-1.68910220031328,0.303252800547589,-3.13940905736457,-6.04546779778801,6.75462544809695,-8.94817857893317,0.702724998099873,-10.7338541032306,-1.37951985681718,-1.63896011485587,-1.74635013628103,0.776744097926754,-1.32735663549015,0.587743219006407,0.370508651493253,-0.57675247317433,-0.669605371766238,-0.759907529538618,1.60505555017462,0.540675396428899,0.737040381683977,0.496699108168337,1.0,1.0,8.0,1
7526.0,0.0084303648955825,4.13783683497998,-6.24069657194744,6.6757321631344,0.768307024571449,-3.35305954788994,-1.63173467271809,0.15461244822474,-2.79589246446281,-6.18789062970647,5.66439470857116,-9.85448482287037,-0.306166658250084,-10.6911962118171,-0.638498192673322,-2.04197379107768,-1.12905587703585,0.116452521226364,-1.93466573889727,0.488378221134715,0.36451420978479,-0.608057133838703,-0.539527941820093,0.128939982991813,1.48848121006868,0.50796267782385,0.735821636119662,0.513573740679437,1.0,1.0,8.0,1
5486.0,0.967993926165233,-0.0711235507514742,0.671606745045574,0.926901926514848,0.175536012019306,1.19811070424249,-0.374223903388047,0.328668222475023,1.64191411130053,-0.782036538566873,1.60827472581851,-1.32455482311756,1.89647644057361,1.4284959106695,0.0740533345433836,-1.68971832131951,2.06449230461801,-2.53751020057786,-1.67149279907151,-0.223399258573587,-0.218462774197699,-0.0958653273471729,0.160946328511566,-0.652312242098705,0.075623411355748,0.334528219822585,0.0199759493395485,0.0010769513730727,36.61,1.0,1.0,0
4004.0,0.991717606771681,-0.0472987937924928,0.677528791586004,0.916635397373369,0.174506237609366,1.19722205675842,-0.405570474935226,0.345453136457504,1.67452678243516,-0.770404902899903,1.57150942281442,-1.43625347782207,1.68793610679467,1.46657296001753,0.0961238357545245,-1.68079399953721,2.0751090707661,-2.51359730877689,-1.66556196678482,-0.260938886266764,-0.228426002686366,-0.107621506748269,0.174732638411783,-0.645884552653901,0.0736023861436114,0.335957272661791,0.0208381393284717,-0.0013754309959644,24.39,1.0,1.0,0
3938.0,-1.33151643225086,0.91206435753509,0.5706487334641,-0.180037546118097,0.949278612171795,0.43435708271166,0.286730093013442,0.199667645736126,1.43679467743958,0.0491148420019251,1.33096183419863,-3.0361335696435,0.447155758336046,1.17824345106926,0.058886114889175,0.654617205155745,0.298947993259416,0.734316393317033,0.166963968270903,-0.090067351340251,-0.577567525039734,-0.946478281745832,0.168870219663866,-1.43481857032342,-0.0745947611816272,0.076446584289965,-0.292647260899753,-0.430734759183467,9.99,1.0,1.0,0
23075.0,-0.881568516289058,1.0241087603104,1.86463500962334,2.11473505629552,1.13973876486195,1.28557258405392,0.204279317689188,0.311331655247381,-0.415904837506385,0.0553301451764805,1.82461363071981,-2.44133805424593,1.82839940670606,1.86554765573546,1.48840371246679,-1.64968689797311,2.29334634588873,-2.09859222402533,-0.63433713003153,0.0305385685715177,-0.0046874355267454,0.296190914303938,-0.0689985276214226,-0.630340075970765,-0.272150914240903,1.2796755052786,-0.113801487170688,0.089951751462886,3.75,0.9999999999999991,3.0,0
146857.0,-2.56835572948652,-2.87524668506867,1.50688066369971,0.0424325976970848,3.18474819197906,-2.34931389014906,-1.22674206644342,-0.120330872869999,-1.14875066265546,0.339540671361412,-0.547674731692578,0.474630390355753,1.02959237689972,-0.0758187346020851,0.378950838917693,-2.90085871987061,0.534369096971421,0.841242999114315,0.496535686677145,0.66006102045198,-0.322029257895092,-1.1425375704991,0.422502293792276,1.03073091622676,0.667311783015235,-0.636449490923874,-0.183770996752406,-0.0754869889771536,32.75,0.9999999999999982,1.0,0
66037.0,0.286302363835244,1.39934474808556,-1.68250270884931,3.86437703955242,-1.18537340204974,-0.341732013808781,-2.53938012266357,0.768378375007388,-1.54788162780199,-2.65971794652165,2.6215881261205,-3.46236188507757,-1.05430017332918,-4.95582330430277,-1.40027445820489,-2.33994291742419,-5.19779447735003,-1.34281449785555,0.288846910516582,0.270360155086889,0.352456413618901,-0.243677652080658,-0.194078546536702,-0.172201087463232,0.742237197555102,0.127789797006944,0.569730790365159,0.291205858831994,7.53,0.9999999999999978,7.0,1
99180.0,-3.62691506630665,2.25877996947976,-1.1192029898095,5.99960993913767,-2.31295632815021,0.763049913774785,-3.59374840334504,0.578714578341893,-1.01507060945187,-1.08491653602529,2.91641496767422,-6.76195656742314,0.195100739053483,-1.6495668112005,-0.595422950580652,-2.84219950572164,-5.24338404538164,-0.764312612004332,1.89162172298525,-0.75845920225147,1.44976882403654,0.780045323063902,0.364275698747869,-0.0340705139724262,-0.608751118242453,0.416604864954629,-0.379315932708614,0.610837917375757,75.86,0.9999999999999918,6.0,0
90034.0,-3.17043865991299,3.09963219639332,-2.61475651508024,0.161059401957156,0.392597271158282,-0.432668940413119,-1.3821298421724,-6.54234366267644,2.59184165834576,-0.292408242129932,0.917598019209491,-3.10129927431539,0.28891474267725,-1.12743119538328,0.316981161712319,0.639273157092468,2.87292655348481,1.70994416102112,-0.951794299885373,-0.53587337627548,1.83237657898769,-0.150516862158597,0.738289930732777,-0.409381860424926,-0.393060195766532,-0.373572247713657,-1.99826994855892,0.177066762123343,1.0,0.9999999999999913,6.0,0
139920.0,-3.15283763484196,-0.91563989553558,-0.286172666138509,-0.246893262468417,5.12847301995804,-4.15988166035334,-2.76221157885622,-1.80857845807894,0.511791879230148,-1.44131885682299,-0.148762600061684,-0.306923888453969,-0.773806635405771,-2.42296471662487,0.304761168446231,1.24320432806188,1.52673984720192,1.0857183651621,-1.86756229215976,-1.60496987213294,1.37816345719161,-0.629319538162423,-3.89407231010412,0.0444443648188811,-0.142139628800952,-0.277387308832301,0.876921735924619,0.0465844501231474,1.0,0.9999999999999902,4.0,0
150494.0,1.85288909461877,1.06959286384179,-1.77610127333886,4.61740996943795,0.770412982482834,-0.400859125659044,-0.0409701223190008,0.089510462944554,-0.217705276444853,-0.373927299894818,-0.688453906925825,-1.46320692427849,-1.6241550000894,-4.25246559869278,-1.34017588388911,1.73287279987949,2.93448122378549,1.43719657244596,-1.92330893857582,-0.288392191215266,-0.157868695659099,-0.176243751892623,0.0274369456443017,-0.468006202781987,0.0580627992795879,0.148263059959904,0.0422777637492948,0.0405727519213252,1.0,0.9999999999999902,1.0,1
41352.0,-11.3255976435013,-8.44213158654569,-1.08774450107286,-0.303609904634154,-0.814596791283043,-0.0588939025265411,3.73748399838479,-2.98832031949356,4.56304555792068,2.32472877699939,1.99233966631599,-0.0066584076179427,-0.07561801662814,-2.70286860845549,1.83789866162159,0.898252443699777,-1.94678184143089,0.13838070148261,1.81694558320229,-7.75678744866304,-2.86605828489396,1.45837122806545,0.728204062796317,0.444739956558383,1.16499131134333,-0.128737895966085,-2.69261748023404,-0.268941067511332,436.0,0.9999999999999889,6.0,0
35953.0,-4.84437152213983,5.64943864783758,-6.73039574613665,5.25284201867297,-4.4095661499774,-1.74076745609347,-6.31169852901067,3.44916731253577,-5.41628435913526,-7.8335555711125,3.6573495649865,-7.7814479532704,1.50772042676786,-8.60475886835984,0.0105926875670707,-6.55397325691037,-12.6243936527694,-4.98990973846596,1.64541389333247,0.284555090358885,1.19488835625662,-0.845752531858704,0.190673885417928,-0.216443252531192,-0.325033100382822,-0.270327592956951,0.210214051535782,0.391854886292055,111.7,0.999999999999982,8.0,1
97089.0,-4.88182360934661,-7.69897482068206,-1.91208148271063,0.29592435158339,4.16108952896468,-4.91690586664479,-2.8905387457131,0.266437736381098,0.976927795256576,-0.317540815220501,-0.40943450528079,-2.18358388845757,1.83814292252635,2.71360662579225,0.0927198593036578,-2.59914760073669,1.41755957657157,1.73549830734378,0.300850646506335,1.73480588410121,0.588890622043529,-0.255600124406196,0.615857312762008,-0.0698561897810623,-2.0054864691244,0.0664540358034408,0.294579397652074,-0.826264136523332,159.25,0.999999999999974,5.0,0
37030.0,-10.6271843199865,-9.52178808290663,-1.19281772627981,1.02849605121129,-0.888825095218157,0.587526579361067,1.10732862853892,-1.38387110545806,1.48023848894362,1.900534489692,1.8824890270412,0.239121318377137,0.232515156577727,-1.75408591264294,0.0039311119373449,1.66897485083395,0.225539742225884,-2.51589609702711,0.574330421035584,-5.54534812191084,-1.83470358462071,0.117049567609617,-4.12084278271552,0.286028990907868,-0.237910313614465,-0.468960541675178,-1.85988462507197,3.66494860646844,669.4,0.9999999999999531,5.0,0
124358.0,-3.96034299864126,-1.22559998673877,-1.73249162346721,0.0761982159796546,2.73088062215501,-1.52447538638673,0.874361320113164,0.0871346037222914,-0.703483164400768,-1.73071853648696,1.12886558718062,-0.791523799481957,-1.06817425104067,-2.54741895466772,0.0229011076604599,1.58949072743929,1.85980583005171,1.81243891293196,0.332078337681041,-1.57276090075737,-0.59281462292025,-0.201531933475172,1.17666012933713,-0.0156262606247604,1.44409260648224,0.898164345665923,0.151853649072471,-0.285440552963165,85.0,0.9999999999999472,1.0,0
120396.0,-2.41089165550439,-1.26433317636988,-0.787459751395018,-0.212151994697637,1.13985939846066,-2.03020042414837,0.533818057834928,-0.194852338994105,-2.27777371157301,0.310403587181032,-1.21177037053655,-0.805136548979954,-0.503570264969433,1.15462692322892,0.260145938871169,-2.55853329786451,0.876103253677074,0.902371576220021,0.422115177248361,-0.558830679756413,-0.0766989241797797,0.054815589893519,-1.24390139094424,0.147147999501645,0.974329787149533,1.30937669263648,0.083660217794979,-0.611166359404278,124.98,0.999999999999911,1.0,0
4462.0,-2.30334956758553,1.759247460267,-0.359744743330052,2.33024305053917,-0.821628328375422,-0.0757875706194599,0.562319782266954,-0.399146578487216,-0.238253367661746,-1.52541162656194,2.03291215755072,-6.56012429505962,0.0229373234890961,-1.47010153611197,-0.698826068579047,-2.28219382856251,-4.78183085597533,-2.61566494476124,-1.33444106667307,-0.430021867171611,-0.294166317554753,-0.932391057274991,0.172726295799422,-0.0873295379700724,-0.156114264651172,-0.542627889040196,0.0395659889264757,-0.153028796529788,239.93,0.9999999999998817,7.0,1
48583.0,-0.816561690696292,-1.44931160296335,2.6475799089105,-1.78967839134928,-2.26319452372181,0.676923528660446,-0.527401817026636,0.339656843837263,-1.24126926995237,0.326676992354277,0.153217345721183,0.226927637571252,0.173228550539452,-1.53592873801204,-3.44524028802717,-0.920833792749768,0.919053123559953,0.27009837660384,0.124467528472015,0.0592416226347795,-0.0876856957981195,0.150279154880133,0.318488639660839,0.537198592844477,-0.0291978104871889,-0.32165257005655,0.111733372282023,0.131083253262494,198.99,0.9999999999997531,1.0,0
129791.0,-15.4725325556875,-12.1097204765356,-3.76034291532546,0.506617331671593,1.10027727719443,0.909011654772568,2.73283592174307,-1.45884882373561,3.39884955062113,4.92316868618753,2.00214402756104,-0.261803605053731,0.757803517931078,-2.77804674147417,1.17833158951116,2.06935495945193,-0.676855215347193,-3.25262604357502,0.827500448903434,-7.34406613281209,-4.12803158000756,-0.125737035660049,0.888217069879494,-0.576244162545277,2.07040121323676,-0.284471364104058,-0.608442752746672,7.06575370864201,512.81,0.9999999999972768,6.0,0
118006.0,-0.38398714971909,1.7288941652343,-0.40641967266061,4.29351189297439,0.758913023423363,0.407826675222784,0.423490229749401,0.283894474199622,-1.93473404140232,1.92918865436002,-1.88334763404816,-0.998253098956716,0.218565162375608,0.731132914192103,0.883464723909912,0.0775328434561395,-0.08461224260016,0.48629934919814,1.10811226196009,-0.0251284214976913,0.349202839508199,1.18847302656408,0.186357601702509,-0.761069349649115,-1.09870550170023,0.42900556550231,0.233663262652558,0.227351761912229,22.0,0.9999999999939921,1.0,0
10695.0,-4.28499247723424,-3.11810303939248,2.69420720649174,3.84964724002986,1.8380299279093,-0.437442465360232,-1.74414361156158,0.414289364202005,1.41388621522446,1.70610700926333,2.09653504682573,-3.41515717666284,-0.255126608484158,1.48250147563534,1.33056902644712,0.571691687210941,0.430373798588598,1.3913024463961,0.280827701873578,0.0651385329428315,-0.174987588355038,0.647052251667999,0.781133509124056,-0.0667838820144977,0.241453379599452,0.428020846992686,0.357876052429876,0.855131042603344,138.9,0.9999999999818547,5.0,0
127622.0,-3.6652722675151,-0.455168953923102,-1.47701534887157,3.7684841182373,3.94906294255751,-2.15359001667509,1.9273963107803,-1.03090133809782,-1.72043350537964,0.754536838015475,-0.261669226123091,-1.66546811758777,-0.800975366837026,-2.74724268612923,-0.799295554292357,1.06614207937224,1.48828848383356,0.569262543565797,-1.68289855637762,-1.74983568853657,-0.377273664788386,0.699966651154801,0.452412919303344,-0.19904514073285,1.13883830814867,0.359276626875252,-0.799889557086628,0.881857812873924,1.0,0.9999999999815645,5.0,0
115456.0,-1.16774071964142,0.289110829326274,2.11779293042591,4.72693470595389,1.42153941570979,0.87238194008775,0.0686810527137223,0.0482940970672759,-1.35594377274298,1.51450896689901,-1.57637378251352,-0.888673741884335,-0.299703295019405,-0.436758645856304,-0.383254737735822,-0.784382119508192,0.533942497529523,0.10598082777738,1.6755015430539,0.282097553749664,0.0460815091717975,0.53627604163977,-0.0302506596260645,0.762975605240729,0.628231763355582,0.650147263394835,-0.193523803734579,-0.0655228612165293,1.51,0.9999999999743527,1.0,0
63185.0,-0.295287829406522,1.67564137646163,-1.93008250729487,0.708537254840853,3.6696312197599,2.9745840899554,0.36823170533853,0.896320589660955,-0.684724405015935,-2.27189067355047,0.79715699683437,-1.0469910307737,-0.521306825074341,-4.79400845112199,0.469839393150437,1.10596324388876,3.55395335845373,2.35140839344044,0.447299838966666,0.245932394773688,-0.335116362700629,-0.870981814780771,-0.304701611627484,0.59157875664334,0.0694939163941414,-0.30878278601998,0.22958381946434,0.250959055089702,1.0,0.9999999999618803,2.0,0
5032.0,-3.20986129747793,-3.4982725021786,2.31481551130921,0.694052663039494,1.66991084869649,-1.29335102186384,-1.4512128857746,0.518362814396723,1.44893508588374,-0.935257341318237,2.27011885489647,-1.73299682083279,1.55065296644537,1.54053613560463,-0.164462409828195,0.815735583951741,-0.0952372823305887,1.01273132576646,-1.59921536741814,1.24650460045274,0.71589865690096,0.853439813565817,1.2212222115742,0.143520338690346,-0.509627894611015,0.191641856785725,-0.0817167456085374,0.233799031134419,295.63,0.9999999999600111,4.0,0
94644.0,-4.53980050602388,3.24815962103131,-0.929497143265584,-0.779545156286931,2.94366816409321,1.93558840183413,-6.8061342621604,-17.4184210907234,1.33573227752122,-1.22676386314238,1.46854614996423,-1.58586157350033,-0.794063782939801,1.52262967004053,-1.71320545125223,0.900880184884929,0.82527381824669,0.661623238572346,-0.857648300702359,3.64463084598099,-8.16488651409968,1.11811050638437,-2.00956379393984,-0.0484004186366798,-1.78467472386324,-0.411174895562697,-2.6842990220425,-0.962468106691235,0.89,0.9999999999586369,7.0,0
93616.0,-2.11107176223621,1.41222821478833,0.629947901105492,-0.605872154215121,1.44694651031106,1.17754939192851,0.715549229836748,0.0383810751134751,1.72916056626087,-0.193620600142376,0.692985186607646,-2.30870071224463,1.38669583093072,1.36272843225671,0.217386058801244,-1.69285918831528,1.46411627003599,-1.65672174363624,-0.534644073488309,-0.287786293171516,-0.37381088564312,-0.49767704831685,0.0354421374016624,-0.430556343138466,0.553060615585435,-0.350906038869153,-0.423036506924909,0.093608108698619,3.44,0.9999999999555387,1.0,0
86639.0,-2.82175086257226,3.15059449565325,-2.14691322887824,0.872100828818509,-0.737820820839461,-0.933925034465624,-0.537017388139474,2.00728825438745,-1.04950482875439,0.285184636498611,0.10767951754456,1.66588488718647,0.323692862740246,1.91918374400065,-1.19422828768282,-0.529440289410262,0.761718012900824,0.173516901616209,0.866772897456934,0.018062001031313,0.256185370920627,0.669322425770718,-0.0653047603686305,0.0331263708758565,0.305129507127235,-0.369798374188922,0.259494694594215,0.130690342689781,3.67,0.9999999999372917,1.0,0
144131.0,1.79021403002937,0.170053233836177,-0.443318238749085,3.92689987518586,0.323166915266797,0.774348197540246,-0.0584368795307942,0.18040412183108,-0.462379708015118,1.36560137953853,-0.507343926211992,0.642501731533204,-0.432055462256007,-0.122631397561877,-3.24401654507322,0.445383152236928,-0.547260659192681,-0.443774627068777,-0.373381811009853,-0.237432601369841,-0.325439620471246,-0.788575673460403,0.20066643140425,-0.54643437166851,-0.120505496884563,-0.253933745322981,-0.0221487226247088,-0.0524403915476628,45.51,0.9999999999312417,1.0,0
137200.0,1.71692517985693,0.0011847081341108,-0.433986491524281,3.999097968897,0.127607144112452,0.672842546286345,-0.0796308493532319,0.218060295161552,-0.327743763410273,1.37945710829566,-0.534906204504636,0.171699900660568,-1.43855290760098,0.0899491240868821,-3.14340090445463,0.450155349005098,-0.433169615107584,-0.36746658364973,-0.435871024241315,-0.240715655528907,-0.30717146907115,-0.857232090631339,0.203743894388735,-0.415080373595526,-0.186402272819816,-0.263732897377249,-0.0344012632266875,-0.0474214876644289,77.37,0.9999999999248792,1.0,0
160251.0,0.785647426305674,0.466167454812559,0.0644389405803655,5.05625391928177,0.585735598619952,0.486455950831095,0.109875762815132,0.118704982345722,-1.3579889446239,1.85885620385776,0.17024130170882,0.559645510210978,0.0931207216062161,0.014254290516098,-1.99170208704073,-0.788543376428434,0.439433134992698,0.147342793021655,1.55758997775126,0.191910349487075,0.265219476813208,0.968083676810925,0.222066341819163,0.114509705722524,-0.663069869251008,0.443061393689124,-0.0017665014266655,-0.100710545573268,45.51,0.999999999561799,1.0,0
69358.0,-4.70478766979196,-0.143967651349443,1.5748798068903,0.31498837484065,-0.880536248138917,0.924925789891722,-2.12259304933032,-3.57170681519446,2.44991118328192,0.629052674829908,-0.704407154591676,1.53167801162889,0.727152985942932,-1.67933145059514,-1.34756200238416,-0.716917413202568,1.04038709368239,-1.11814122400013,0.473992035065462,-2.49914120510994,3.05896242215797,-0.43193525854523,1.82026094248244,0.511940609290193,0.40326967214244,1.23614140731025,0.931373343985846,-0.45359708178789,9.65,0.9999999991195667,6.0,0
53727.0,-1.64927881611351,1.26397355628777,-1.05082567399718,2.23799063903423,-2.52788923751396,-0.889939993137591,-2.35525367110661,0.85465864123984,-1.28124261677782,-2.70501138232752,1.17447506014201,-4.38191956749248,-1.22666589816604,-2.95382425341893,1.99416119386347,-3.30425391022094,-5.58579436647491,-1.64370403169872,2.11863332532912,0.0874063699474628,0.679176431149171,0.731907051356776,0.333045475501739,0.392505235969248,-0.274197297543759,0.802348667525187,0.390808552793314,0.11214553148245,112.45,0.9999999988343644,8.0,1
108540.0,-1.2613121659024,0.166211843650449,2.56616596493757,0.818489246174422,-1.16581526724681,0.947783843196585,-1.09516108113102,0.830050510842978,0.774565210544317,-0.390293005462781,-0.687151570070778,-2.37039047623636,1.82750417108338,0.740309237842901,-1.5288915218907,-2.14459374165526,1.55818678768355,1.74815646946142,-0.231934891581476,-0.212306577354239,-0.48194577592371,-0.526650363337143,-0.0510293723192282,0.979353343030797,0.35953025541556,-0.444751662374391,0.272102436739091,0.0544857756627236,50.0,0.9999999985593022,1.0,0
130989.0,1.96728668780282,0.604310368592903,-0.773084392693687,3.2508779988367,0.951547138586056,0.768408632042446,0.0412264746519127,0.100222075843289,-1.26714582963672,1.61377720402737,-0.34607106205058,0.388130698564785,0.872896001750241,0.315196026023069,-0.765318085998781,1.8646036842524,-1.80563448623397,0.118853699574862,-0.691552683407121,-0.189855824463432,-0.471267482201866,-1.48128577501503,0.378565886375056,-1.50707101968812,-0.479159826389384,-0.570830633363937,-0.025219207249341,-0.0524342164839938,3.79,0.9999999982275269,1.0,0
156362.0,-4.61210460098165,3.03263762734383,-0.489302516147102,-2.17570899208636,-2.14034691368451,4.65608189895577,-6.76849539675897,-12.9687460125172,1.88474835199813,1.02694322354835,-1.45928402682298,1.33283409555871,-0.117238979904238,-1.00212960057717,-3.18697836453581,1.46809709117508,1.24116877553661,0.160521633443006,1.07818536359651,-2.96006916400188,14.1557004118095,-3.39273798346749,1.92950783748894,-0.544885001554719,0.0412248893008834,0.0623179409676619,0.465147172617059,0.0916237549489537,8.4,0.9999999952669896,6.0,0
161921.0,0.0123715591830713,1.49572199939334,-1.69850081191889,0.250545748851149,2.09666838614839,-1.06017087659651,1.47401207133359,-0.322174361036729,-0.868347341560691,-1.48644227254881,-0.505830783877418,-1.05794375080111,-0.486765363830064,-2.37447732122915,0.314719083791905,-0.0531553732933814,2.41469926518662,0.955461697231806,0.810489031353994,0.102352560673062,0.0238555427266514,0.219826661420593,-0.389940456586197,0.105140315483288,-0.0616763268857487,0.809519912490025,0.127654626003736,0.227782856675716,0.76,0.9999999936116399,1.0,0
26931.0,-22.5616992591298,13.2089042844176,-24.6438187771226,6.23253182330679,-16.905611362323,-4.49743871970001,-16.8101841919321,14.9551067734604,-3.87129682308601,-8.58126551626339,5.25698760960799,-7.39361499215009,0.538800829120431,-7.57755201800709,-0.030725531904052,-6.45478323655342,-12.8456565242928,-4.86591773720169,1.06244185030067,1.62144422472126,1.76598663639159,-1.6355166467436,-0.998316503452087,0.138972227361725,1.55935014018173,-0.22212451669,1.5044246600224,0.445919826109776,99.99,0.9999999930181627,8.0,1
134928.0,1.20493424160812,3.23806951076392,-6.01032440449142,5.7208466769739,1.54839977751795,-2.3210635159891,-0.78188041273237,0.0766192384971476,-2.97624905100078,-4.07025686324581,3.39415208597649,-4.5477421854241,-0.0636341960877915,-10.5164652105548,0.0532673835219021,0.204079529216049,0.462929331041335,0.841169059044758,-2.2213838533863,0.338160708541917,0.0983414697495961,-0.845865919979824,-0.0312277689973994,0.421146410215972,0.388361411769274,0.0560347438871887,0.491827823256628,0.340846685675318,0.0,0.9999999927107344,8.0,1
149556.0,0.256089348449326,1.48809341195188,-1.71558625411529,1.12176374028973,1.82056503893559,-0.415793477972868,1.09589844127364,-0.127856303086093,-1.18030270109199,-0.813626410676241,0.998575936088522,-1.08609080523836,-1.420100258999,-1.88137018048245,0.710704984238675,-0.354240103825706,2.75364975121143,1.92548185628822,2.9663697872824,0.270644564146823,0.0396663477621506,0.274296179965996,-0.424258587197699,-0.0778537252134203,-0.189851730486102,1.09250938108105,0.150780668478852,0.214651354244689,0.76,0.9999999921828647,1.0,0
77031.0,1.14664870104381,1.14194637213967,-1.52712680151024,1.53838317581548,0.900341731786135,-1.17493042802871,0.538143922391141,-0.0623297957779374,-0.586082824958438,-1.39903748062576,2.76806423459505,-0.124773111254821,-1.19063573670151,-2.95975521839871,0.707599632058891,0.922928789168985,2.86133356099044,1.42500788268405,-0.977346475220599,-0.122292081807807,-0.128206076527536,-0.315542550872531,-0.155217129274096,-0.125748357742828,0.69657595225404,-0.291551321060736,0.0469340035660823,0.0834822697282341,1.0,0.9999999920467545,1.0,0
28405.0,-1.28139269825239,-0.686553271700754,1.13249545597127,-3.53646093533146,0.275848596363101,-1.22073081477807,0.778094408366339,0.0520156010228045,1.2703098087748,-2.48127257989879,1.53024141660534,1.70249883095991,-0.333171735110034,0.266407872578806,-0.461684329657049,-0.877752899899917,-0.340798273380217,-0.255835476785446,-0.369734645466304,0.107758875288979,0.122017759904913,0.121201545253834,0.19453631999689,0.201430138014645,0.192546233099019,-1.2498157127515,0.083353716974009,0.130596601998037,117.99,0.9999999908829139,1.0,0
133184.0,-1.21268170063531,-2.48482353043406,-6.39718581511927,3.67056244781436,-0.863375060980971,-1.85585473063724,1.01773157976221,-0.54470377516891,-1.70337804998263,-3.73965947930309,1.73812401383737,-2.84444933585435,0.765863961245672,-4.79973713485762,-0.0113354116437183,-2.69316808210374,-3.16695515760391,-1.06780011996093,-0.559132202274595,2.90837394592783,1.39687206274272,0.0920728715219574,-1.49288249863592,-0.204227396265286,0.532510949154644,-0.293871104406878,0.212663059827185,0.431094707976035,1335.0,0.9999999809715688,9.0,1
40276.0,1.15937314510686,2.84479469928473,-4.05067950821309,4.77770088131929,2.94898004123771,-2.01036111013216,1.74408581794948,-0.410286521869204,-2.45019774688553,-2.04216786301424,1.84409317018026,-2.42593281501277,-1.5842751343556,-7.2083115791564,0.459828383286257,2.37529619792022,6.4435098643744,2.59184606301795,-2.88977035831304,-0.059264385833904,-0.176541018596848,-0.433469859425429,-0.529323202003731,-0.597019604985794,1.33595405267787,0.547092070642555,0.0099789442639121,0.160769150049196,1.0,0.9999999761538695,7.0,1
30220.0,-1.97490604247103,-0.9207873993778,1.58716881651107,-2.26824147555127,-1.05648518524437,-0.524925601826464,0.0781030134981099,0.657099686677862,1.29189044875467,-2.42267903828543,-0.833678232063603,-0.108478387319123,-1.42785154864965,0.286256682653916,0.978934938561423,-0.21009087715233,0.112602454585011,0.116607187412419,-0.544328669588464,0.310640662789526,0.398772766561381,0.522476624716966,0.146106328895913,0.0836707425883415,0.515778953799087,0.0031402060616181,-0.124478354031598,-0.101726288071382,210.8,0.9999999738696739,1.0,0
44393.0,-4.61746102917986,3.66339525318756,-5.29744641020372,3.88095965427288,-3.26355091342907,-0.918546733700683,-5.7152620778107,0.831039550183167,-2.45703377841015,-5.72681709632961,3.52572598717089,-6.48911156043177,-1.01279063167124,-7.05231095228929,0.78444540329242,-6.77397674966222,-8.58807007314333,-4.51089174541971,1.14787783834912,-0.34645583270524,2.69817489528664,-0.0270808907137453,0.366775230313112,-0.123011441662663,-0.300456526768528,-0.239996239629945,-0.183463054061235,-0.0733597031884566,1.0,0.9999999620119696,8.0,1
138798.0,-0.381150433776515,1.32978958870597,-0.683350099207261,-0.659286943820467,1.9581577648108,-0.167210035007011,1.47066578168895,-0.400161927433283,0.0973429967317976,-0.775876006680033,0.939915980579939,0.228033467534616,0.484193801760096,-3.26782640537311,-1.45511278210487,0.468503080788212,1.1783382958491,1.34458855331147,0.119196436473389,0.44929700725446,-0.0880450369075185,0.517604453305532,-0.511740738830286,-0.0291957411073683,0.0791392481513207,0.608346403207318,0.152861161075358,-0.108909023297639,12.31,0.9999999345258342,1.0,0
166151.0,-1.34015796505608,0.785415340823232,2.56701264488941,1.35350287811943,-0.818079711934266,0.892740670384757,-0.743661752800149,0.862730419219819,0.879474482901836,-0.775686945615397,-1.90577268415187,0.764673947630969,0.385666245246525,-0.958134924485979,-1.41799927986508,-0.841717599582299,0.643999823151657,0.0055826149213117,1.10236327333933,0.0643392979194733,-0.0540996634098053,0.266464265242688,-0.38908829751798,-0.051992992068117,0.567526882431808,-0.326381654616195,0.167954007888552,0.0763322973416444,0.01,0.9999999065412998,1.0,0
149045.0,-0.513677803087508,0.77944158848881,1.15952077890507,0.155013363277332,1.54995315679796,2.73731026364121,0.382960205379727,-0.0730917140165652,0.826359149988604,0.892600273633673,2.41270949563957,0.29933245872317,0.0175807844892673,-1.9699713222561,2.71434739951657,-1.85020328444732,1.80365428052914,-0.68623854499238,1.48379847307306,0.690392549633608,-0.287170873054617,0.218239941640139,-0.0878568441650604,-1.09574235990521,-1.01490687960294,0.143365729329406,-0.424367212526357,-0.594596103648256,9.99,0.9999998139293815,2.0,0
98371.0,-1.7094999506494,0.667534923127962,0.210971112941412,-0.87537962844771,2.63417917417577,-1.25703359839572,0.611351645024855,-2.30514792447219,0.6850836695168,-0.847864350564948,0.200860043970801,-2.31339837091863,2.17902498111442,1.81150261165168,-0.584318995761387,-0.690968877766053,0.348672940952494,-0.16845481329277,0.0116241384908896,-0.705633832301113,1.33074025366211,-0.328930575666576,-0.841068084144152,0.622075107121779,1.26762211375501,0.302352634854564,0.0678205776420272,-0.282282047113538,4.92,0.9999997528940476,1.0,0
105150.0,-0.490530162798842,1.06913845825505,-0.319620479125592,2.100144071769,3.95173009110698,4.0924462543361,0.241291767646257,0.921599342303711,-0.91198131239615,0.565864678628901,0.41082805400916,-3.30564037116672,1.38481980631473,2.02775348231456,-0.763717929855762,0.570634545004745,-0.162890101044025,0.173096414456299,-1.66650451443687,-0.0313930986028125,0.198655325550567,0.556041439607483,-0.185153160515836,0.634595967641671,-0.131445951196966,0.137119897468083,0.109576754378299,0.164032686325355,3.82,0.999999566606848,1.0,0
142280.0,-1.16920341321234,1.86341353532436,-2.51513548140496,5.46368064632147,-0.297971322569218,1.36491803995482,0.759218697057941,-0.118860976595472,-2.29392142249704,-0.423783865294484,2.37587561688329,-3.24482729860534,-0.556619004651202,-5.15247483394519,0.0509063245131081,-1.02204502568313,-1.64650484628376,0.126459752723905,1.81901276401306,-0.299374112945613,-0.393089990476079,-0.708692350094872,0.47130870257521,-0.0786160465959469,-0.544654650975683,0.0147767561333222,-0.240929959465545,-0.781055195837041,324.59,0.9999995006325297,7.0,1
155965.0,-1.20139778318497,4.86453518123444,-8.32882331553453,7.65239936205533,-0.167445105903909,-2.76769464972835,-3.17642095110716,1.62327867967437,-4.36722762476754,-5.5334430286147,4.1064045585523,-6.33182479621436,0.671784814909419,-12.1565865835299,1.02025178475153,-2.11086343309451,-1.55854452752772,0.195991826282669,0.502453451135321,0.597025549850308,0.532320016259289,-0.556913021850898,0.192444399731584,-0.698588444235578,0.0250027161193826,0.514967603188505,0.378105295962737,-0.0531327938498238,0.77,0.9999994676144629,8.0,1
166878.0,-0.852166619885014,3.63690634326287,-2.75849666500377,3.27617781402206,3.55284940788519,-1.85611991174756,2.31736566270942,-0.263919296951047,-2.96924289613439,-2.34507754193052,3.1239638714429,-1.23461945674168,-0.12598592602658,-7.73754800894509,-1.31964166839234,3.36772348100496,5.24210266806663,3.38873044786955,-3.23826189440862,0.110391423898045,-0.206769696549142,-0.548317471831784,-0.587916191024244,-0.689512159421663,0.45849630432649,0.0243875375683872,0.254203184195124,0.350210640678194,0.77,0.9999993308691338,7.0,0
28255.0,-0.245473486762352,-0.679685490588075,0.736608098088587,-0.009805252853809,-0.638546475832307,-0.722895082832812,0.318553637147317,-0.139216275747809,-1.60290192623308,0.653951721996034,0.279842726707579,-0.628453017984818,0.17358203708974,0.137007732698873,1.39151494354909,-0.0435801847793921,1.2551819458082,-2.01747833141492,1.9607538003994,0.71974884119258,0.101076625249749,-0.169460025846242,0.943185955462991,0.340041709733856,-1.63130634025777,-0.624040720797924,0.219709531625065,0.278004808893346,181.0,0.9999991479249415,1.0,0
32536.0,-1.26114749232379,-0.58060293472389,1.26268087824115,-3.34954441774661,0.114976626964139,-1.71837611271214,0.931607499204444,-0.152589960562511,1.41034700287478,-2.66945442769943,0.234797256260223,1.46343951143763,0.335477672212285,-0.0381444256319964,0.144364717692649,-1.20007115972693,-0.0072825894325593,-0.937097968950884,-0.787402433910251,0.127134708017705,0.0992921933802473,0.121770206781233,0.239888051047055,0.601294086767306,0.200520805530724,-1.25487555080223,0.091796183034117,0.145483587756762,117.99,0.999998658682283,1.0,0
90303.0,2.01686230102573,2.73424797151532,-4.91656199877298,4.80969999089652,3.32109780911749,-1.60285472421102,1.3472155049634,-0.567008798958249,-0.707695049987173,-2.19254052070948,1.62160313857726,-4.28023306119767,2.27349342917929,-6.44010972189277,-0.643098182211459,3.35876342692384,6.02933914156175,3.50591639849878,-2.5751812462293,-0.0173269738923738,-0.521870850418477,-1.10851652614754,-0.251790770790264,-1.7587749095325,0.527910969593187,0.167977578074266,-0.0063197732728254,0.100822945092682,0.77,0.9999985952071954,7.0,0
97236.0,-0.682638487540938,0.670770871090584,3.82406751676757,4.87491011072804,-0.191522168940677,2.66071933790672,-0.56314462308105,0.147177401482357,1.37341920139159,1.12300614969228,-1.14347032969964,-3.32261954964561,1.36688501087535,-0.28824471970618,-1.60381968634698,-0.513932894272269,1.14317122915901,0.806612153393896,1.48882763625634,0.23848550999402,-0.16235801961377,0.53523063560719,-0.349324406578727,0.555165845036686,0.0619282869181716,0.519098607932538,-0.409478375418471,-0.318804518699435,37.83,0.9999985375346946,2.0,0
93853.0,-6.18585747765758,7.10298492227346,-13.0304552638937,8.01082339822486,-7.88523736131971,-3.97454999359808,-12.2296077786617,4.9712317023058,-4.24830701294998,-12.9654812039222,8.68830799242781,-17.1829184301947,0.0695769150313325,-14.1161560074304,0.959031717400206,-12.3753337375636,-18.716764511809,-6.52201457322122,3.51795494036344,0.483930108481186,2.50277241039945,0.481691289576756,0.480957977547458,0.360318638811951,-0.293354295977635,-0.199193157971208,-0.203917328209747,0.398927185850218,44.9,0.9999977117050702,8.0,1
91904.0,-0.062926522860934,1.68207027936371,0.158089735342446,3.1002221528374,1.72115945340199,0.434661816675371,1.20261176038881,-0.115972371194788,-0.851380291178985,0.861865872136864,1.21327709116219,-2.2126711113259,1.65807410676861,1.89715033516814,-3.04777875838394,0.189417111213433,0.0246214816116173,0.0870163748622643,-0.956337567225298,-0.242237370075217,0.0757435627487111,0.450522932715456,0.0068234188614666,0.636834689930171,-0.952515277312151,-0.211620951075602,0.0562145565265464,0.252946345209265,3.78,0.9999968236210374,1.0,0
148233.0,-1.74904295144251,-1.51132800939413,-0.85574408686905,0.201535635075951,1.56472006045824,-1.40487794725787,0.0003486697796176,0.440226491863699,-0.0509862809861935,-0.651980054631256,-0.285327383791164,0.968759089457066,0.0861232342598252,0.64486080643303,-1.96405770763468,0.730488552507318,-1.3468540040572,0.950755688399899,-1.73593017237829,0.29987122889997,0.968360123053882,1.92444221984887,0.231919095206985,-0.30468420093567,-1.26954708949108,-0.814385883286368,0.237349566102364,-0.0232382127459683,129.0,0.9999966928982201,1.0,0
79637.0,-3.9906277283407,-3.44131946495563,0.247353845882181,-0.485507002582552,-0.680542940223009,-1.63440337335977,1.30353626991371,0.295475498300383,0.571071377763601,-3.03848986349887,-0.190549871162596,0.403291743744073,-0.177897145913389,-0.741810897936878,0.689670786118329,0.0206561397626951,0.950833700345874,0.910094949304589,-0.367049576480456,1.96805602777178,0.659524875215098,-0.140620114924666,1.1730727753267,0.563187443896229,0.903370152857784,-0.778154372839718,-0.204982036060632,-0.317667888620446,659.96,0.9999965532041621,1.0,0
97354.0,-1.01017841964852,0.286719866605827,0.937252317629271,1.09039148211127,0.408758206144891,0.302035536148364,0.636945570880395,-0.251032289329741,1.14294758440634,-0.567809697932837,-0.0076235711893318,-2.64728053658655,1.75406714182111,1.45366510684182,0.388616077331548,-1.77528986480178,1.69125056373422,0.320211091175072,2.94325060905073,0.16444531336406,-0.0729389687836796,0.398774169533723,-0.156372759523175,0.64366553965256,0.698411022419305,0.691337215055705,-0.215600184843742,0.219625920770903,101.5,0.9999965486642697,1.0,0
25183.0,-0.313555167655344,0.586733760504468,3.03998138435504,2.84868739167151,-0.158865413324109,0.838171059695283,-0.305911253062989,0.136755334634574,1.08177471596641,0.190786327883502,1.5668774255322,-1.30640941349475,2.26176814575887,0.423097107924194,-2.81495527212603,-0.167123648653546,0.553622965928464,0.508003349261596,0.211775623706417,0.0646674259598163,-0.0647297817750691,0.538367835706474,0.0176433176942548,0.514390499805726,-0.970921953770246,-0.131954102166244,0.0729624479316428,-0.0140555877367227,1.52,0.9999958824531134,1.0,0
53658.0,-1.73934096431325,1.34452078912347,-0.534379047474665,3.19529149873811,-0.416196142475576,-1.26196066822182,-2.34099093949748,0.713003645507275,-1.41626499933122,-2.9966693020716,0.747478135782509,-4.59661151187479,-1.92775970193864,-4.75707449850737,-1.2478148188713,-2.53549425081321,-5.35646454386042,-1.97474852459452,-0.603726269220942,0.0027494784537285,0.38318010845642,-0.21395221812466,-0.336639824887574,0.23707630076775,0.246002931555889,-0.044227636498999,0.510729074882634,0.22095159365596,0.0,0.9999957193215271,7.0,1
41508.0,-32.2734697508194,17.9305504474842,-32.4541981862547,6.55515150338933,-23.2364034992243,-4.48706641127149,-22.0304169059265,18.282167610167,-3.79756328326756,-8.10211962305318,3.49283222619048,-4.74833066674411,1.36619921521097,-3.6891812915722,-0.266117797636724,-4.60671965490335,-10.5155072980476,-4.53914772717545,0.332819694371177,2.41800086129014,0.581453962899513,-1.93144025993773,-0.895688837257298,0.143892731058132,2.34334089187043,-0.211099594796605,1.12905728937523,0.377602191445245,89.99,0.9999921297625338,9.0,0
167963.0,-3.87971481391809,1.76524291267385,-5.00632655577696,0.214283003938053,0.518035592359289,-0.322234834542656,-2.11526291948364,-3.95429549592694,-1.5015792577491,-2.88600544179067,0.37821564410462,0.863584019076223,-0.817208285201169,-0.359953430523175,-1.22726247524061,1.62169657746052,2.54838891141841,1.47736223726431,-0.396793761351035,-0.0510236963541534,-2.46140785175453,1.11556126976888,0.71463858904448,0.0446774694954721,-0.371213372479034,0.486883408359268,-0.519835767907188,-0.738380112273396,0.76,0.9999915600241204,5.0,0
157249.0,-2.84354757644177,-4.58777777654829,0.818594973679684,0.203996920522892,4.17798224278542,-2.48407477552039,-3.12315403571498,0.380996456633076,-0.710724934894413,0.791505658345712,-1.65634390097273,0.521702134693586,2.12270303590065,-0.344620173047155,0.587773529103682,-1.48212604265436,-0.249262119592614,1.38836208014574,0.476744919272467,0.950167177807168,-0.127588051014042,-1.11955666158964,1.19279913875987,0.0083922464776411,-1.34523146308944,0.253537941989806,0.0941645752282586,0.352328822714084,27.48,0.9999911092468489,1.0,0
166351.0,-0.493914326433723,0.654328117549958,-0.953667682828471,-0.282903161436653,1.40270506178448,-0.486909513978314,5.1949912183893,-3.57014832990942,2.17334358676934,1.34001478504193,0.969071722825708,-2.01685816046932,-1.00907380402205,-5.46202621505141,1.05349681255742,-0.48494535048264,0.9651805210296,1.073295204929,0.0206731961924702,-0.247514589839095,-0.625439964143354,0.727980896315932,-0.818222332756512,-0.333631671240065,-1.1348047257713,-1.06041635707408,-2.68993680114977,-1.69958346503978,359.41,0.9999880572783268,5.0,0
152165.0,-4.67323076642011,4.19597576169878,-8.39242279138696,7.74321514676806,-1.13880348895329,-2.09489915490422,-3.83948656727606,0.543053447590367,-1.52844823748652,-2.32511344137919,4.3557700196603,-8.66303057554101,-1.15399252804132,-13.4817046750119,1.20845385727171,-4.28795983864998,-5.65176527245489,-1.23588925526129,1.08013289303778,-0.180278730628939,0.55418499648198,0.656075670157296,0.482417262428348,-0.624399456794724,-0.296288558436571,0.374802036063765,-2.6785437691689,0.412367567109485,1.0,0.9999830017693051,9.0,1
126585.0,1.8941115257765,1.05626299999789,-1.6485355254598,4.209108209894,0.752270183553785,-0.869226216007507,0.356307210063724,-0.0828545319299393,-0.814681591647225,0.359654339962594,-0.636635048295018,-1.61294087714201,-1.99184575921537,-2.13840176600957,-0.406078910835131,1.74707841496182,1.52367252739543,0.61059938953076,-1.7351372207903,-0.328219994898452,-0.442962928226144,-1.33886478056036,0.332598226558771,-0.322434854884419,-0.319765560515359,-0.338329996330168,-0.0159492621979377,0.014780172083014,9.14,0.9999826956890517,1.0,0
87825.0,0.390862783615943,-0.288598214126325,0.215301193602398,-2.64070269106632,-0.22086426620154,-0.107993027290167,-0.189934419828899,0.254431947563252,1.87274130744542,-1.2745753456345,0.136635427977211,0.548104047585216,-0.896599189134813,0.100816877601757,0.134542357177956,0.221135308350821,-1.01444407173046,1.19288544361811,0.649089800975479,-0.20057991536355,0.312621826062662,1.02122549084486,0.382814577953935,0.337806815600296,-2.25675997500304,-0.726793975158973,0.412470966553069,0.371254697308401,22.23,0.9999768871139311,1.0,0
722.0,-1.13341331028893,-0.0188609435497727,1.3432414511719,2.01704229371976,-3.02023978415561,2.60957421357797,3.44047504227074,-0.405312451189159,-0.827708041324871,0.0258199032804702,0.512896296057209,-0.0749622392559216,0.0322080982034488,-0.501231822700896,-0.640799177739819,1.16517319741226,-1.16463538530671,0.947210920822515,-0.554139579207777,0.130852352766576,0.17258097223778,0.823046172461756,0.38432310902462,0.0339090184336605,-0.284252251736829,-0.0103919558734008,0.173988230251217,-0.264503876499728,767.7,0.9999514788460098,1.0,0
95245.0,0.450283169002933,-0.768584349513353,0.0376942460741779,-2.15098061641353,-0.11539841732481,-1.20490903184931,-0.421819635320405,-0.381164338352766,-0.557925101330298,0.724085705515126,-0.247915135675439,-2.90369492958269,3.12290830182675,0.788785877528088,-1.77447017954565,-0.770755571568767,0.990801161152478,0.0939071802018343,-0.712516142883623,-0.378252804934538,-0.0289986334281985,0.669159397144395,0.408506403648624,-0.135744769306426,-2.03709347064715,-0.561468401302432,0.362453077999683,0.361836004965475,10.0,0.9999462612889121,1.0,0
97693.0,0.6474009464388,-0.774689293936928,0.372791377752362,-0.649799499433249,-0.855405904652876,0.282128521638997,-0.816156534860232,-0.0851609622701692,-1.11652138188717,1.52483685122892,1.71733346483637,-2.7125313020782,2.81981439784107,1.13826193658571,-0.558566581146734,-1.45219091847348,1.78828520214668,1.20996679298721,2.48530058754219,0.147218590781476,0.0096957381768437,0.730502776976809,0.501342508514,0.723632106813551,-1.92092660363901,-0.0857778028797089,0.351587739461357,0.324848008606442,78.65,0.999939984226174,2.0,0
35942.0,-4.19407367570647,4.38289736244467,-5.11836337307965,4.45522984017686,-4.81262068168969,-1.22464470658392,-7.28132786701771,3.33224979453268,-3.6796585127756,-7.52436833681058,2.95434436554049,-7.09982534281257,1.52036890797685,-7.68780276684597,-0.225002021021292,-8.52085016639749,-13.2772997431934,-5.25370461976771,3.62333181402755,0.579098497681141,1.55047296606276,0.614572855219804,0.0285207917962781,0.0137043244720008,-0.149512012856955,-0.131686656095248,0.473934221832509,0.47375748155095,14.46,0.9999372800508463,8.0,1
38685.0,-2.58344228538356,-1.80932092387557,-0.328559127489897,2.32382418820255,-0.286084013478308,0.0013952590554084,-0.294115422151852,-3.44588986886521,-0.0933221186637278,-0.274484440099327,-0.359044808340084,-0.224363645052339,-1.84275301780052,1.00151464066955,0.909128294412341,-0.766101021068001,0.78465827778572,-0.732920220247954,0.0492737062921516,0.350367627268128,-1.21801832583582,0.0551764090122115,-5.88144954817039,0.781401717467391,-2.19919990205803,-0.439214748208084,0.941445542471341,-0.102351414132747,1200.0,0.9998976131180605,2.0,0
50259.0,-12.3971536125475,-15.3920197052881,2.34542229908377,4.08220575360766,11.0521662718865,-6.29907930304231,-6.38981355180034,0.99285083348114,1.65456935687227,0.543727345919563,1.05856456452442,1.34592982229871,-0.423886865030049,-0.359175107667754,-0.228050961501859,-0.302919390902856,-0.0891163642666685,-0.228819073530546,-0.255130401832997,0.413047376108678,-0.102869564762351,0.0766692479706523,5.89716107046607,-0.395718169185613,1.87943507555002,-0.329602990026887,-0.285544745588476,1.08992207529489,59.35,0.9998791784273953,6.0,0
116777.0,0.173377971923379,1.19938767972563,-1.19210584577733,-0.357458177088831,1.69458688163307,-1.14901229469222,1.25527108276928,-0.513428194707232,-0.226978426413799,-1.35369135442756,0.135897744611362,-0.352714658338311,0.803208936329533,-3.14149110119846,0.496913788245457,0.915894812777228,1.46966848167304,1.05128833243593,-0.974372461158883,0.0318539124930421,0.134010250279913,0.629045812537706,-0.215880480297999,0.440467360841634,-0.472291562876963,0.484436729680668,-0.213479849257969,-0.091140717615392,12.48,0.9998770882740193,2.0,0
61031.0,-10.8294042133726,-14.3370431184187,-3.13775325601426,2.44712631829298,-2.19160399040802,-0.360754441889825,5.36247576855491,0.214969889558048,-1.13252331423433,-2.79130762695283,1.30817169208126,0.700976939501585,0.444283390953321,1.39288266019074,0.37749829457326,0.928981733668545,-0.370263582683402,0.983412050710118,-1.60321537632924,7.82765029329719,2.43725540539953,-0.371880118375706,5.95024207686915,0.0427463680481373,0.672928869927626,0.737055196287129,-0.620163665548035,-0.927458512300962,2598.57,0.9998632723187468,7.0,0
50808.0,-9.16978982388629,7.09219680097303,-12.3540368689178,4.24306897383907,-7.1764377547738,-3.38661804868541,-8.05801194656602,6.44290866379074,-2.41298660229065,-6.13490688724113,2.82667122820047,-6.30984277729399,-0.623002385785158,-7.27986921938704,0.924233225976226,-4.21553713481175,-7.17167241498026,-2.55033668458713,0.596364320528384,0.816651661759946,0.926156961108813,-0.817706132334589,-0.150434415715838,-0.039383059739641,0.485639753958673,-0.264324608977439,1.1596904600617,0.232758088392131,99.99,0.9998549672032953,8.0,1
94794.0,-2.78921123133807,1.40343069481361,-1.39290193856168,0.693103595833022,-0.149680455964369,-0.74027246003211,0.73146446096898,0.782987914336963,0.289969998133353,-2.97490029923157,0.688461352452709,-2.41898538372412,1.74886545154766,-0.551664547088321,-1.03853060758825,0.636183446417159,3.58366847107152,0.891841317670626,-0.352662811837909,-0.6275956295139,-0.31319683500364,-0.73292901484481,-0.74745045103362,0.906185039228018,0.705210826052418,0.389182559568394,-0.259062998152247,-0.485942787759009,247.64,0.99985082585188,2.0,0
138692.0,-4.90289305510947,0.420225827109845,-1.37398948610473,0.0650467647950659,0.558876609832907,-0.672412935668915,-1.65494866363385,-6.40014088917594,1.04442669172141,-0.850377210978048,-0.239041511837816,0.722797158759283,-0.255475648064921,-1.47466817336893,-0.332858822756977,0.375166527097037,1.798905774876,-0.0283094446950427,-0.0434381395887904,-3.92295026961109,5.14603405435263,-2.14946867318953,2.08848506068968,0.238195727296952,0.755493197232007,0.0885975510841988,1.01216263061829,-0.595580657579792,28.56,0.9998134102516772,4.0,0
150860.0,0.145544882629502,1.1491658891154,0.374005442681408,2.3679827521759,1.83877446348264,1.21133139874936,1.0314643056036,0.0119308042780817,-1.59334517358841,1.16702943782,-0.725465262156479,-0.423602669968324,-0.0233726915338225,-0.0366623754056202,-1.83906013623254,1.18553865373584,-1.63460572793376,0.791968051328196,-1.12731173317136,-0.097992076391782,0.289190985103348,0.971478387749933,-0.40789412816718,-0.34440616064007,0.070867492699144,0.153777267714082,-0.135213513457591,-0.193764745902428,10.62,0.9998036591304057,1.0,0
90281.0,-0.140267230325719,1.08790721275014,0.692671611859785,3.58349325935939,2.50727123896371,5.45146633232371,-0.738508162651473,1.19254210529105,-0.264565472028944,1.13394583007874,0.374622339960298,-3.22278664828043,1.72012974590812,1.4197476296784,0.32999532619841,-0.0520292575474895,0.701792849808573,0.74395269376895,0.642454985772545,0.186940593198573,0.198945728787206,0.845489202836538,-0.100334820499994,0.664731482639827,-0.728064921641396,0.453982469303175,0.114738535078588,0.199628120038645,17.38,0.9998000142258575,1.0,0
79281.0,-0.709814232350114,1.26552291025517,-0.192543362339124,2.03830442434981,1.68745189205463,-1.14497211354443,0.529495335416625,0.0954382438734354,-1.37482285676971,-1.39585302310751,2.79521232998641,-0.524261725580616,-1.16703291180737,-2.9350150943721,1.53425518570112,0.196741421467586,3.52902888594896,1.80707642505793,0.826593661128815,0.330206578439697,-0.0317260786662488,-0.208689616657583,-0.27095599980887,-0.114736609121826,0.483299870261443,-0.0038899228827464,0.0507919665189373,0.0793517491270407,2.99,0.9997743454264354,2.0,0
97122.0,-1.92822280016611,-0.452134302332487,-0.064091949069074,1.97621771194618,2.79192703905066,-1.73462510627684,1.25384943842304,-0.533979012353764,0.284211507327177,-1.60396477834721,0.733428905715424,-3.03684817839251,1.61162372339261,-0.693768785889894,-0.538164203363346,-0.543062729539064,2.78126893454779,1.06127820756025,0.34707535744237,1.00113724664081,-0.0208915286698039,-0.303093741355913,0.101940857735441,-0.351024421790482,1.23735901090802,-0.253703925686279,-0.244430215582595,-0.0775286351743547,204.0,0.9997397921070135,1.0,0
151769.0,-0.427489767969285,0.751824607530412,-2.80483107519923,-0.126633177610063,1.32183368193701,-1.5568612009868,1.17305016003632,0.206075461353322,-0.218791102067679,-2.07373022378302,0.922153111412346,-0.360811101026661,-1.44376361359127,-2.04500167713721,-0.533284840142895,0.912321862432546,1.92290433264401,2.11616569919965,-0.448038839020001,0.0170869500162886,0.343769227306155,0.634217675065851,0.348852553251291,-0.786724219853636,-1.48852003266727,-0.875716791989373,0.246564297802688,0.285874914852269,128.36,0.9996682193938962,1.0,0
92087.0,-1.43005416440604,2.69924513786999,-3.84571908232264,2.12290037047966,-0.509236149464873,-2.01090766673589,-1.62100335041913,0.698433321495069,-0.992377585613015,-3.41461144923174,1.75104650667704,-5.8313947204502,1.80880484987338,-1.07241774782752,-1.40728017229323,-4.30886611449738,-5.34235248338661,-2.41648774562917,0.387940868329098,-0.124381889150191,0.892528355488087,1.19015465570653,-0.164063417835855,-0.0614478687690652,0.485564701289748,-0.265904157438695,-0.0935180910655081,0.128325782820993,1.0,0.9996467494951176,6.0,0
116194.0,-4.37944815910156,0.168619037142975,-0.936689591064247,-0.0045348172215135,0.69615576939026,-0.485949797942317,-1.13697474722615,-6.81592937566615,1.13584204719018,-0.700479694330488,-0.139173414216671,0.570605937119873,-0.31397453734722,-1.62172297950849,-0.319144894874253,0.226543771918627,1.51737426985423,-0.118900287265713,-0.0156479319007819,-3.83840002376744,5.08032400517974,-2.09231873755995,2.12771860310385,0.248960506994948,0.766735917988949,0.10631952529097,1.31063597611566,-0.549867318489367,71.38,0.9993584578531396,4.0,0
406.0,-2.3122265423263,1.95199201064158,-1.60985073229769,3.9979055875468,-0.522187864667764,-1.42654531920595,-2.53738730624579,1.39165724829804,-2.77008927719433,-2.77227214465915,3.20203320709635,-2.89990738849473,-0.595221881324605,-4.28925378244217,0.389724120274487,-1.14074717980657,-2.83005567450437,-0.0168224681808257,0.416955705037907,0.126910559061474,0.517232370861764,-0.0350493686052974,-0.465211076182388,0.320198198514526,0.0445191674731724,0.177839798284401,0.261145002567677,-0.143275874698919,0.0,0.9992183631267375,8.0,1
88288.0,-0.414059927580022,0.97891462242053,-0.873859082296214,4.98331256341584,0.532468207069103,1.34169968357841,3.39086743345762,-1.49587570930833,-1.27130031493362,1.4336598319468,0.309489263933516,-1.11591672714936,1.07723334239866,-4.04544956975083,0.649536493863536,0.506890459457024,1.87254992341902,0.671445448804935,1.06343021547246,-0.512223305278325,-0.893649265665171,-0.59710019274352,0.568467503523892,0.442973910764621,-0.570500603199317,-0.040279477885566,-0.458365527698044,-1.15728681997376,407.69,0.9991454385886328,6.0,0
14443.0,1.34926149222151,-0.404415914740392,0.143865628391355,-0.529250184898879,-0.470275676009552,-0.0140627042290102,-0.895316727032711,-0.0554209444993481,0.691266007480275,-0.19907444393322,0.467637168565407,-3.3224990356834,2.32749828450403,0.0719084802391815,0.616003691729746,1.54788111453712,1.54644474021567,-0.555275823844244,-0.078863978819775,0.140845685073532,0.10692031509098,0.507632452349059,-0.202498545090559,-0.859777586153659,0.494803551167071,-0.0449927254220189,0.0213641462697249,0.0293788742028763,39.0,0.9988551959395416,1.0,0
8850.0,-3.54006473747807,-1.60304439620985,1.82916908466379,1.60001459242026,0.132767949298427,0.545859909147921,-1.09386172825361,-2.76895238111424,0.660730243466773,-1.2862359349428,0.308312327654737,-1.9353026429856,2.2378615986241,1.27403801038873,-0.880968028443607,1.1590876121481,0.321655241635183,-0.410513395543439,-2.3223119868361,0.215744151142461,-1.37721915791178,0.24058530530796,-2.47995971319269,0.285742809386381,-0.441570052799761,0.85681847696748,0.611410283670825,-0.0992531006071523,723.14,0.998785771209387,5.0,0
11391.0,1.96049656699577,0.966209291127863,-4.22803970202473,1.5040060593341,2.37497520006453,2.62568176861053,-1.07609684482518,1.08422839207446,1.23721108654086,-0.911518938279711,1.76903368701421,-2.96123860877939,1.81621473203556,-1.29841393257164,1.44400446043727,0.966276312392755,3.26743907285791,2.23395891148225,1.20986202597763,0.0218576882688847,-0.179448035384041,-0.286200288044344,0.677954805415633,0.676118227594889,-1.87571898215488,0.302977844044527,-0.168063286566635,-0.244677017927361,1.0,0.9986535665912396,7.0,0
93853.0,-5.83919161928092,7.1515323543223,-12.8167600806187,7.03111476501099,-9.6512721679897,-2.93842725771624,-11.5432071690832,4.84362653179436,-3.49427572506535,-13.3207888671784,8.46024444901677,-17.003289445516,0.101556614891384,-14.094451660329,0.747030766392512,-12.6616957230679,-18.9124938172188,-6.62697484523061,4.00892074227194,0.0556838813863639,2.46205591127559,1.05486518382957,0.530480596078193,0.472669814042592,-0.275997967880675,0.282435024801752,0.104886020210564,0.254417096767513,316.06,0.9984790445424286,8.0,1
124288.0,1.91438871140242,0.297252456375477,-0.271527705433291,3.37599159118334,0.515630262424737,1.29419899512569,-0.508109466303442,0.33173802574416,-0.642296491320402,1.53086754469318,-0.669346173242456,0.206340104564174,0.400404421015627,-0.0251368854763724,-0.980113881580607,1.84401973381768,-1.66489638063532,0.477071388651557,-0.849695183795504,-0.222602139335506,-0.23061962707772,-0.668977499922701,0.26112139381331,-1.53379018094353,-0.424380809964849,-0.310384360408755,0.0083265256628879,-0.0491375416260744,5.3,0.9984774509837077,1.0,0
50706.0,-8.46184470133154,6.86619841481805,-11.8382692206767,4.19421096699453,-6.92309709702798,-3.22114664850055,-7.55349651116055,6.015618186942,-2.4661434402463,-6.24624318477127,2.94398521977131,-6.51238933713471,-0.698175946764313,-7.54364593187217,0.92645528395257,-4.3302948063467,-7.33969796421674,-2.55090085394741,0.645904895509124,0.814710155897088,0.918244480856236,-0.715366336614015,0.210747336284603,-0.0602114737129364,0.509534595479059,-0.257283692851139,1.17002651560613,0.229300914797861,99.99,0.9980711080546348,8.0,1
127640.0,1.90618473235628,-0.171019582773701,-1.25433684344699,0.195745447845367,-0.371891978170037,-1.06427817951074,-0.394498546224713,-0.198859315512688,0.96625642922972,-1.07807968394512,0.133127763685607,0.604641210870021,1.45566507837366,-2.83422627751097,0.74305139743775,1.04324052014836,1.32910560284778,0.697585068789759,-0.575662917644872,0.102626435538791,0.143527562448781,0.596552754655585,0.0594195933459099,-0.0633517178210771,-0.36081020176962,1.37013393315781,-0.0491677174505835,0.0025129182720335,59.99,0.9979706233277844,2.0,0
58222.0,-1.32278906321956,1.55276821126964,-2.27692070362638,2.99211739124618,-1.94706392017319,-0.480288250384527,-1.36238752318047,0.953242226598613,-2.32962885992389,-3.39355348115172,3.1284396921776,-3.57039373078107,-0.595198191474463,-3.98841505479623,0.995905842419722,-2.84378455855144,-4.82624611607161,-0.703883464864473,2.15221455770756,0.988493486888991,0.614968996752659,-0.195199717277462,0.590711261700839,-0.233377663885038,-0.164285286785183,-0.27749787053455,0.428610084734921,0.246393746180351,270.0,0.9979431393347082,8.0,1
16323.0,-1.45293124091807,-1.19553895648247,2.07896519911251,0.788313209628447,-1.36913976176233,1.26724142285848,1.62862398089835,-0.899100099910931,1.83709291276364,0.0186084695667334,2.13619001993905,-2.09171487669406,2.09210886141277,0.365872679007703,-0.13002329716062,-0.35926207376504,0.496091649193431,0.741897034288131,2.30080839291739,0.0545193841959849,-0.451576658782414,0.0895079487087111,-0.190220093277318,0.113619942603366,-0.537753959506631,1.09530896902353,-0.393428257934917,-0.4909878107072,500.0,0.997434069077095,4.0,0
96627.0,-1.65473378452815,-5.58719322535657,-4.22936458157629,2.94909795434721,-0.864076078846379,-0.527894348407947,3.48413859976517,-1.08497432672732,0.448780270792701,-0.717793954642914,1.93060205086877,-1.36261208477452,2.03178541188566,2.90237142800391,-1.54220506314383,-0.53177208412249,0.369464906317642,0.539827425870274,-0.903717447814544,3.58398591773809,1.37926989027814,0.0599068274350723,-1.9089863237674,0.0679581981258493,0.117226383981751,-0.456273910680317,-0.440790446537658,0.239284858053801,1920.9,0.9965859995726639,6.0,0
97150.0,1.85759745547754,0.72101280779175,-2.5745478930839,1.73018844383107,1.27415107294025,-0.821138577694094,0.537530576564216,-0.294262242548681,0.965366679233399,-1.13529750813506,2.79701635450711,-1.90549086905331,1.78354694064681,-0.812168303525428,-1.00175410324884,0.741572455335453,2.31796872011331,1.61271824333869,-0.829120595675897,-0.0486869826100764,-0.109257966896619,-0.0746391634436573,-0.0331205793208788,0.403797263531435,0.290576483171749,-0.614171557878341,-0.0161948387225138,0.010263048178754,67.64,0.9965436406953013,1.0,0
157284.0,-0.242244998983291,4.14718554774299,-5.67234909620488,6.49374059630435,1.59116815595921,-1.60252259512767,-0.950462840251984,0.722902909564455,-4.12850525273272,-3.96322447209244,4.46946731169238,-4.6550713248721,-0.441775588896948,-10.1498129226371,0.612797714121901,-0.288725033933543,1.40450707513401,2.13208137860015,0.707199945685905,0.562029861091792,0.249022570668556,-0.480286305732899,-0.286080216527281,-1.15357475551215,-0.0355711283215471,0.559628209963356,0.40944648264684,0.221048104758881,0.77,0.996466172793531,8.0,1
160105.0,-2.34372028677293,-3.29571855041559,-3.05272175878679,0.611692926649341,-4.04313742762953,1.76583016637223,5.61592532056849,-0.155720479208104,-0.516160360175173,-2.55091437376378,-0.972000195976703,-0.437468715909477,0.341921002878341,-0.773225721141038,-0.0290633967457439,1.04812303237233,0.317927348096372,0.922725276688594,-0.909911293793699,3.13655816441957,0.942426138547459,-0.0730680071368902,3.86668514675936,0.391592348127941,-0.255072811584515,0.164083356229391,-0.634129888115568,0.0951267784800155,1562.39,0.9959781786842482,5.0,0
120074.0,0.18383390734578,0.943299606459021,-0.319625466548669,-0.559314567863557,0.579651967334245,0.135837356024771,-0.432653998463318,-2.81810561833067,-0.476292179206678,-1.12825757840949,-1.01461490784799,0.909613183171588,0.838362158360981,0.497089257569635,-0.345045872707889,0.151724296125845,-0.420713661657816,-0.895880975193024,-0.304186030220883,0.570425131580682,-1.54681622778772,-0.36809965838443,0.109970649849113,0.434484861047408,0.379297447248764,0.198817596150992,0.0694091038502462,0.284493623816889,0.0,0.9959717973171199,1.0,0
147918.0,0.0281304035998073,2.76646842500898,-3.31333474521839,5.46477361688276,-0.390973615047724,-0.281124295079947,1.2129672517154,0.490753108024262,-2.15746575817359,-0.30673624025284,0.51238085855152,-0.800143066268903,1.25384967187173,-4.41792807799219,1.26223943693123,1.92731054677373,4.04668330513933,2.38070169147543,-0.267565997900386,0.34315022987085,0.0195838000677323,0.237739527402167,0.328578470118088,-0.35549414077963,-0.314413157136379,0.492333040848737,0.202146543190298,-0.159341082225159,290.8,0.9959140963903629,4.0,0
65955.0,-4.78478033477139,-1.79509699907748,1.16465693806997,2.30322861954661,0.184836439524286,-0.938153533760755,-1.89110247534842,0.761962847272496,0.338826941131463,0.143060690464263,-0.337528471696391,0.697850833136809,0.31633464710574,0.26616265267395,1.55903364046188,-0.0688638856028354,0.684970279693769,-0.353269618564687,0.380731854870533,-1.34776135780148,-0.216330870930827,0.033138498523488,-2.44123837041657,0.650830803405781,-0.395921749327361,-0.239551598430199,0.575325174933828,-1.16735218343259,60.15,0.9880630203797176,1.0,0
13439.0,1.06035871887844,0.373937388279816,1.17783099196087,2.56299378874502,-0.264772745423839,0.512431913032014,-0.535714258835,0.241181611459064,0.686743698728284,0.445183864768957,2.12984597176781,-2.29936448791424,0.830935496786088,1.90129611807885,-0.333378781275431,0.850996846211057,0.0491550939864633,0.491594364041862,-1.47345390967473,-0.235392271881444,0.0385686400119445,0.279332940595616,-0.0109180238253916,-0.0705099091044317,0.255178417969819,0.0440990729085467,-0.0086902874628749,0.0101646785929628,15.0,0.9831657330167809,1.0,0
139433.0,-1.27664701011641,0.860061295985803,-0.235331227498249,-2.83497586288492,-0.778721481929445,0.918745831020421,-1.56462466196904,-6.14824732891453,-1.06555915452698,2.01389240040443,-1.0591977123554,-0.69962177325622,0.570492064429668,-0.93369453406053,-0.649411031330706,-0.732709000850707,0.578096315837543,-0.0718139534510422,-0.466257807823808,-1.47911561020908,5.13909628490952,-1.6180700172592,0.753042189059295,0.490593658625087,-0.283605236759575,-0.292882057586419,-0.259178811316085,-0.410543784607275,50.0,0.9823047093205034,2.0,0
45163.0,-3.13606806166513,-8.66928929399965,-2.21436642067275,0.413875720990501,-3.79194910599225,0.369980633421497,2.08522579811967,-0.641941653513209,-2.28763899055435,0.482900840584527,0.962530792132888,-0.369558106711631,0.477376191236326,0.49271150179558,0.331775111915763,0.358738774395447,0.19748762881447,0.906053478203328,-0.502852918330877,4.54335503342654,1.02141841719853,-2.21734419255445,-1.94462003152263,0.0580319535972865,-0.760903759057754,-0.731554001413874,-0.42394384518052,0.430798187616419,2407.72,0.9822014679884369,5.0,0
7433.0,-1.52182850360084,1.12063919298563,1.76312200441313,0.0586068206846838,0.223284419799825,-0.548387705669993,0.854741417623871,-0.737337919503706,1.88287506068675,0.633946662939705,1.10565461655338,-3.14237201019971,0.473075177065289,1.14248629157295,0.579221730717624,-0.430259755965257,0.519728267922778,-0.61174888403876,-0.586184797956792,-0.181649411462259,-0.334261906311518,-0.553877278418317,0.112431303291439,0.293125321815797,-0.692967159791671,-0.140611771656869,-1.13666090806182,-0.092980479406538,12.94,0.9820750535041359,1.0,0
170043.0,-1.3296747294815,1.6718509214663,-0.668253014998964,-1.31647659111294,0.888101906201624,-0.419413545319869,-0.257770581453186,-2.29698676604465,-0.658676175211974,-2.23091960439445,-1.31706826317849,0.107067808112592,-0.386966189047466,-0.267807717523846,-1.01466747600366,1.07451659273903,0.202641612722691,-0.141505339487603,-1.33511620071863,0.283837410419601,-1.50572361999491,-0.501284082475792,0.140584435360808,0.347481059887945,-0.345794903958417,-0.0728784987755928,-0.0790084622378018,0.114091396763521,1.29,0.9802728024985708,1.0,0
108388.0,1.92544265831593,0.720239749753835,-0.645993832727011,3.94898551423344,0.472596240813782,-0.47363769102197,0.263300213835254,-0.317578336968971,0.159827089954478,1.1740448933711,-0.156865173283427,-2.90982383237624,1.62246606402678,1.8658179679576,-1.0477344077574,0.878228714303589,-0.181268030606594,0.0559445652111349,-1.95305638865498,-0.310790059822576,0.0861364064780425,0.474594525108253,0.0634701820274668,-0.0265041698607188,0.0945916846657175,0.0898385971930013,-0.0758188388924825,-0.056026688400526,18.35,0.9793734869350904,1.0,0
130541.0,-1.46725643468536,0.304797484271393,-2.72243054874686,-0.498624803599186,0.0469190619135319,0.18674884788357,2.47939322318485,-0.391930212850364,0.615349596079857,-1.14670570829387,0.553485013226476,0.136812678550153,-0.568840479823931,-2.14870496266854,-1.63139935692149,0.870364055482736,0.721182576310675,1.22403647985472,-0.370166025804111,-1.22382810735599,-0.193493195511049,0.548890007722859,0.662505748727932,0.120130209550693,-1.47207002063788,-0.808030136949045,-0.286876729281239,0.287140330338992,358.21,0.9786908134582594,2.0,0
40791.0,-10.1739060421875,0.856441341706879,-5.70176038417318,-0.0027624122406917,-4.65787466040858,-1.27615140386164,-1.55768963266649,4.39268659045979,-0.416840027924887,-0.106496879763205,-0.379702349527668,1.96155599462186,-0.0565427747205786,3.47568129809379,-0.141924200547649,2.29112320362802,0.922504231241316,0.0185267408535011,-0.169748349520896,-0.554298872020958,-0.580148400418604,-1.93803690488257,-0.769927410857461,0.14147984093669,0.287683896081944,0.508414789085823,0.423518817442551,-0.889933195500831,56.99,0.9766366366153083,5.0,0
98848.0,0.0418763764424037,1.3781722124705,0.995192180998528,3.19569577584872,1.10022501639072,0.207318683451569,0.821126139060394,-0.0961207070344315,-0.21274652021802,0.320806346812706,-0.237938537844435,-2.23291439453872,2.55818768849126,1.07119049957616,-2.82038645805889,0.323317475605051,0.144712765296032,-0.354252039219179,-1.90692511611799,-0.213315123274982,0.0284871095389278,0.438917792008809,-0.0734719158774916,1.10450837295536,-0.0952753215051406,-0.0771405691638996,-0.0111965982326251,0.0094663032375537,6.02,0.9763978305424857,1.0,0
124284.0,-1.11261563899064,0.24796099735138,0.719996758192252,1.05170977589403,3.45067688141485,4.57336236588583,0.03312933085138,1.05904602419615,-0.918968807666519,0.581109503994704,-0.90398000627756,-0.652527408303182,-0.347547859776678,-0.480683970860683,-1.20912907293571,1.45479279012148,-1.64630132807199,-0.0151128827642047,-3.13154274224177,-0.241630148831307,0.254328997519445,0.795653173059074,0.0916228396255133,0.667839090057562,-0.115957201871616,-0.153051851603836,-0.110019633115315,-0.0612671694007091,23.99,0.9747161747534769,1.0,0
166192.0,-1.91483042983582,3.90426238155501,-1.90201089728037,4.20108971855649,0.672082252036852,0.109074864294617,0.408551801276177,0.400117625263831,-0.177032880790201,3.96295160055608,1.24465665894181,-0.413507773029034,-0.0155266714046546,-2.9889842581473,0.099720788493606,0.77816387816604,1.85422365851363,1.32369984433593,0.961709413312814,1.46317229974155,-0.705236510945062,-1.06568467384819,0.209770740997917,-0.832004716305966,-0.266723552136182,0.0059029177157579,0.362698781371776,-0.166040885248225,2.69,0.973232241317329,1.0,0
138777.0,-0.714122148205491,0.385490481999328,1.19644337913304,-1.08568747475991,0.421322689953462,-0.894228257290149,0.216706721342507,0.23085729077994,0.37788728254735,-1.47006101446335,0.851207876050684,-0.108914550221197,-1.64240548364021,-0.919034869963671,-0.474329673744827,1.0097841490344,0.039702600763587,1.00793779265345,-0.524119084745029,-0.165879787245236,-0.122112666473856,-0.498204228180746,0.0046351457715275,-0.0979307646618235,-0.544802919564713,-0.41612373005209,0.121574180688377,0.17665509851388,0.69,0.9731229005888501,1.0,0
144519.0,1.88865893027338,-1.64462225505085,1.10221446520293,-0.258189359923784,-2.34894472539342,0.390839629568231,-2.02599078402039,0.337568208718066,1.15637073891913,0.480787356265085,0.71376188764616,1.55699182827158,1.13720006654879,-1.74168624671435,-2.67959970916715,0.669160955429958,0.613407244967532,-0.955154626762588,0.94581390491795,0.091681076893668,0.415297241468495,1.62486877532232,0.130378603420487,0.664294100640408,-0.320068867306714,-0.0407984643467988,0.0924022969998575,-0.0278125826100695,50.0,0.9723933655730842,1.0,0
140489.0,-3.76921842763551,-1.1072781775798,0.51564476378651,1.05640282315712,-5.42723711931204,4.49319908717914,1.21867216900495,-3.01380245889417,0.0228263028686106,-0.139055557250249,-0.640865156850995,1.02503028626651,0.878815465014657,-1.1059622028945,-1.79866565097259,-1.11708328173621,0.434102963071692,2.33340617464281,0.594227146579656,-2.62046130338279,2.16653064154545,-0.819274339835979,-1.44844728419905,-0.208928259699815,0.395985850270316,-0.0668279306480556,1.95761629796195,-1.0320132190289,1000.0,0.9671783916082383,5.0,0
129708.0,-4.45575708509357,-1.59318545193665,-1.30944722315059,0.560193281006003,2.6746677392262,1.23426230668909,1.5112147702139,-0.572187984706163,-0.228423437198128,2.49716012997093,0.808648855451131,-0.437076961661919,-0.379897524899387,-0.524682153461368,-0.665599805273302,0.595369891457649,-0.923583374859359,-1.76229042962193,-1.62630038728445,-2.31383376603961,-0.579216131457122,0.827010997601548,1.11424335071678,-0.809814554575245,-0.773492337183888,1.95954123016292,-2.52487364550221,0.25242539886982,28.74,0.966246417221537,4.0,0
66247.0,1.26323267952727,1.1979897330179,-1.92059330168633,1.34132540126626,1.2584555510933,-1.04404521477953,0.625777014808042,-0.161806141606036,-0.58351217896046,-1.36721868930706,1.70586448795347,-0.297857921624735,-0.51604906134228,-3.1443696387309,0.478966144657804,1.49368486813901,2.1811601430114,2.15195877379186,-0.23362505906967,-0.0272768517287693,-0.218301722721798,-0.580765022483574,-0.317609933494456,-0.833907903479524,0.923100434943994,-0.25889517577473,0.0322495584996853,0.0774145427068563,0.74,0.9647453829284655,1.0,0
97512.0,1.98447663392956,1.64151204428474,-2.91534637699286,4.17389721674262,2.13261624236491,-0.932741225562048,1.17367962613062,-0.508734709365032,-0.862527000817742,0.184509025640904,2.20323673263031,-2.42844448310577,2.08614739751965,-0.699072907545187,-2.4003466467863,1.24407375580511,2.07689881575309,1.36405046108954,-1.6553171000059,-0.213055647023275,0.0018256328173752,0.377092880076747,-0.250337079420699,-0.59341986146901,0.709213287997323,0.323994646818835,-0.0917076341497698,-0.0327074644200633,1.0,0.9618337263233447,3.0,0
93153.0,-0.234369980672447,-0.0361376434035734,1.87213390389605,4.29206243284151,-0.369273283003742,1.89555801966798,-0.728435310818281,0.447797245991809,1.83956242021131,0.592097198019705,-1.54822689942802,-2.6787640833241,1.51534846555739,0.092972952687811,-3.14215863711887,0.325438999354075,0.528152058547691,0.621837456335254,-0.612808660248741,-0.218296956020106,0.186517542802073,1.23604104508406,0.458360494427045,0.695765089684589,-2.36285189157911,-0.178740679253814,0.399364818567545,0.412999819087866,134.06,0.9614662030757518,4.0,0
26863.0,-21.2091195927913,12.6521968313004,-23.5539329441267,6.17407791004356,-16.026658125511,-4.42219459449987,-16.2294437253382,14.1160019049786,-3.92274144947115,-8.72024451506225,5.49388683652872,-7.7408158639401,0.384814230466723,-8.078240669038,-0.0148996037313368,-6.7012888702885,-13.1592668578419,-4.90303149501704,1.1462752482696,1.60243883702914,1.75844007534189,-1.52258816196329,-0.903860197993699,0.130166452450156,1.45485651906738,-0.223214403323927,1.55092845004664,0.461459566763514,99.99,0.9600468448243442,8.0,1
147574.0,-0.0816218939020044,0.956866589248512,-2.17385478576241,-1.57937268854917,0.801109167848051,-1.09899972959404,1.11990358200707,-0.088948274709366,-2.31349059324911,-0.0676967256580498,1.11225388594815,-0.164220224746324,0.289438645418913,-0.465939850324651,-1.40555693842093,0.492518283643078,1.45189413031966,-0.591241859906649,1.07898860330703,-0.0242732407938974,0.693825204077977,1.90204859928709,-0.25043046342484,0.721344846500706,-0.34377464695447,0.110991512943317,-0.0340732142992218,0.171416673279319,57.99,0.9550915822253526,1.0,0
17307.0,1.03426188206735,0.489725038139512,0.139045622173825,1.67433004535389,0.117926804066874,-0.205842478506595,-0.0166074098587275,0.0189033930136005,1.13345153433942,-0.884608819804057,2.87452653464846,-1.54154687430343,1.40367277100824,0.383871466768383,-0.913183033214545,0.107011813621531,1.742362598241,0.41595893569219,-0.700145974103566,-0.104842248868866,-0.28697909215432,-0.526007810549423,-0.0146624435616916,0.0415500671624305,0.424470871429866,-0.492330491337672,0.0207716287437104,0.043444652582367,43.06,0.9545748643896189,1.0,0
115225.0,-1.31793144592974,0.673557766818506,1.69055502381478,-2.11422886770884,-0.827596514912593,1.03103976268275,-2.00831703128673,-3.89438185269207,0.157008689970816,0.445870797366069,-1.09092437554965,-0.435537076135837,0.688502744013201,-1.15257468070378,0.148223009206343,1.59388581724346,-0.0527028656572021,-0.473022073275922,0.0806683233299892,-0.648957469634225,4.26521566707324,0.173197591378923,0.153930909686235,0.652249168282836,-0.51987958088759,-0.167486447908063,0.241541134021144,0.0050523498069436,9.99,0.9495760834960606,1.0,0
70045.0,1.06271075864425,-0.912031036190767,-0.443583147975362,-0.633665576475466,-0.541753714657674,-0.697166257484197,0.236813534861121,-0.392646898872284,-1.24086013181419,0.546232622693167,-0.952092510276377,0.244527014156193,1.51283754570562,0.0680718850474183,0.674929647514069,-1.16325343757676,-0.30179475834679,0.525454863549612,-0.239923067645048,0.0418504006150375,-0.721309940510058,-2.08816750182545,-0.0115083014439223,-0.452613918471009,0.0581784501625688,0.650365524520755,-0.109389569103607,0.0389130104950191,219.0,0.9472739483785604,1.0,0
72474.0,-1.48124894381297,2.63847526078595,-1.10601093001669,0.445396731341575,0.768807767080458,-1.73734243393334,0.781280219909628,0.596999770592898,-1.46574316995666,-2.3244081376342,2.15779446732263,0.34789345675533,-0.205111193565165,-2.76675440525063,-0.468217357822795,1.58800766305122,2.54323504459575,1.89498761879429,-1.31134541554741,-0.31988728148569,0.0766522902282828,-0.167778206648712,-0.256626357391018,0.195943723940912,0.300919392431235,-0.549408830116603,-0.403462529447095,0.0644512154783231,0.74,0.9461274720283316,2.0,0
143088.0,-0.305173531537712,1.35340918725282,-1.65331965691435,0.220777951929447,-0.258891932326437,-0.669433028255261,0.72571121646225,-0.837131676774227,0.357138177317326,-1.068591752644,-0.839485005036857,0.4518908765369,0.600253843848407,-1.44408923062825,-0.263563472288252,-0.245862947060341,1.49196005924386,0.390089955283736,0.967038688385945,-0.467078309976944,0.781613316680012,0.0959209135964539,0.423736897134999,-0.210795656181931,-2.05662769957644,-0.279946498431467,0.161724128381878,0.291386365464841,129.18,0.9440456773230186,1.0,0
132128.0,1.83178126964725,1.05625889730262,-1.70976677629596,4.38982246258491,0.916519277339415,-0.538276602454305,0.360170942018102,-0.138507041064194,-0.832392293136558,0.0717499031568143,-0.430483823409632,-0.442582120430985,0.165129196280441,-3.23170922682267,-1.21156883992216,1.37539338676717,1.94653577225824,0.704605157479821,-1.89530998544325,-0.147216700882979,-0.0700637174351362,-0.0112146819310892,0.012601233697371,-0.271795936845082,0.126320796418572,0.0977105795861131,0.0130212453653525,0.0228825748867302,30.31,0.9366468535648232,1.0,0
24291.0,1.22949773852176,-0.596866141436534,0.285590577234163,-0.556395150701116,-0.599816123924702,0.157169893281508,-0.703561076948096,0.107230450541384,0.230305652930767,0.425856965123621,2.42496162176996,-2.34993404050496,0.810545204590619,2.04703902375022,0.0274456217972659,-1.70418670150236,1.08740860129595,0.862623415166033,-1.39773594874427,-0.58716405112539,-0.426460766202578,-0.565072610200722,0.0952157280376105,-0.331673173276379,0.0317574233462758,1.04402033100104,-0.0742750721646285,-0.0164418022788978,32.86,0.9348347992013333,2.0,0
116067.0,0.949240654782111,1.33351901279168,-4.85540201400676,1.83500588341825,-1.05324529225553,-2.56282606985029,-2.2869856262026,0.260906489976679,-0.895365545923127,-4.54261203828437,2.45371037821171,-4.92519869522976,-1.20041197086128,-6.42437211273331,1.01489749133407,-3.12942132163446,-5.14703878335167,-1.81543652928925,0.520496923051347,0.424608328846183,0.306598169644708,-0.854626651528392,0.101176995923819,-0.281497410249515,0.0244439388949186,-0.107944111820021,0.625288550407281,0.315677390712111,65.0,0.9325434454184587,8.0,1
51501.0,-4.460076267098,-4.78684447067134,1.29333991642631,-1.5605313791669,1.47421282019259,-1.56901668188325,-1.76497338224489,0.52433573524839,-1.47486419110783,1.1485895165564,-1.57220815942476,-2.29470019453819,-1.04149233393946,-0.345710629261651,1.06106188994107,0.237230064760208,0.186280211091201,0.586159396155551,-0.64971494448969,-0.87962514204645,-0.373745118682696,0.398534169886682,3.08614341750237,-0.904275727828716,1.2462124820171,0.0272640171430573,0.409119234578957,-0.578668030733578,18.0,0.9314779314307727,2.0,0
146026.0,1.89403628953056,1.90580604250552,-3.51573007711281,4.50891315092218,2.04446624455689,-1.42046761821774,1.0574804459057,-0.281157347826589,-1.832603814167,-0.628463195272087,2.22079491381924,-0.741087888346352,-0.763719377938258,-4.94261241607845,-1.37829062017508,2.24421577907161,3.70206529090756,2.25681153235938,-1.95006033191067,-0.160163479388821,-0.144713035559334,-0.310108279131596,-0.101530027427529,-0.414960172274656,0.37659685003455,0.15077769870482,-0.0137115779366071,0.0480836587388137,2.22,0.9307357182819307,6.0,1
133776.0,-1.87285973394636,1.44908647879764,-0.427215214922737,5.65115468464023,1.52603154490064,-0.171475740456865,-0.526567447205878,-3.02941278125841,-1.74336266141699,-0.173999352541191,1.00234380981371,-0.660601386555509,0.473445723545263,-4.70557372810469,1.07131206416882,1.45527668203966,3.81403535383902,1.14510793318954,0.541454301745394,-0.153601566538954,-2.39757290104814,-1.4538322088817,1.34328684011486,-0.116188693599497,0.262209945967356,-0.0387143336899899,-0.303968492951086,-0.604953019695517,1.0,0.9219602786457891,5.0,0
146148.0,-0.82453276006509,0.498094491626647,1.55303005858811,2.51459030984501,-0.21590503855556,0.942234467811822,-0.572247231158409,0.0478234125159327,-0.599036979256367,1.70799147492049,-1.15919293826967,-0.885898604046961,0.353948314946178,-0.558237753120245,1.35767614384308,0.612603478657783,0.0258495049450855,0.0731618602149344,1.77388136765094,-0.0894231287614297,0.0114097226628071,0.1513302717193,0.010503007821028,0.702265870520917,-1.76773050484894,2.34078766046236,-0.452542622433403,0.285266635800634,63.25,0.9182580693013634,2.0,0
123990.0,-0.179403772496468,0.73163934958008,-1.35134888082206,0.3217636963029,0.295712179777367,-0.913452620448508,0.536974166813263,0.146279167612981,0.211219715560376,-1.1598330838234,-0.419312572118963,0.586268386777613,0.531043612887404,-1.23439328636727,-0.209118747940087,-0.49186707519626,1.55682210740466,0.122002810829882,0.74746186194985,-0.108800772777345,0.102831001518084,0.402716145389795,0.453770898419936,1.00536519848072,-2.12615586903981,-0.340499461086752,0.189965523556152,0.308093057484131,75.91,0.9138516524675847,1.0,0
28726.0,-29.8763655139763,16.4345245512223,-30.5586968214292,6.50586178736296,-21.6656542956569,-4.94035632949796,-20.0813910746494,19.5877726234404,-3.59149104711596,-7.80059820772759,3.94783971729026,-5.4879114860488,1.36994034924206,-4.82955244300835,-0.134412095441135,-5.12116240451142,-11.1181904509172,-4.65995586983801,0.608930080519071,1.72477883837961,1.81295397464878,-2.23225158753151,-1.41280344282556,0.178731069561437,2.15604185816706,-0.20938462411377,1.25564890085966,0.364530452975509,99.99,0.9125257212532621,9.0,1
47365.0,-7.17543488105864,6.04053537892082,-4.57638341682509,0.593297300596559,-4.18241219634336,-2.29230195365438,-3.8879248998685,5.27668885065283,-2.36326347947499,-2.62417929648952,-1.21201337729956,2.53915189236223,1.78024842377275,2.30932443472962,0.228490128452854,1.73915635047549,3.50004462210747,0.546606640838682,-0.42585627825331,-1.32704219594171,0.683500130819767,-0.337069834138786,0.396733831966035,0.816556422658022,0.727122478359812,0.257769593836402,-3.03333583454851,-0.704001430618391,0.76,0.907501237437524,6.0,0
129821.0,-4.92725284484879,-1.16445025445458,-1.82453670712718,0.870220795141841,2.23551077724724,1.24123075221124,1.0419302792485,-0.148768446438693,-0.241461556598816,2.75228596233012,0.740920513620837,-0.27397615252533,-0.258028910903926,-0.24596025764955,-0.38688426113963,0.506311924770352,-0.573287591851611,-1.6929745867161,-1.14739850401797,-2.29692493856408,-0.580648211462476,0.828255643030901,1.03567634191711,-0.796583658126647,-0.844921627764323,2.0378562097178,-2.49788615090018,0.252270687922089,28.74,0.9002178665050249,3.0,0
19760.0,-0.764246022454651,-0.261063649514589,2.08226814112024,-0.879232346146899,0.805271551287894,0.477105372663206,-0.38597517508754,0.04607250357914,2.53311925424116,-1.52840117964429,-0.489851631110596,-2.62255587561142,1.77987914089988,1.02339899539171,1.35198078492266,-0.948242835066876,0.684898043125801,0.764923217538209,1.72249786772985,0.325857566557477,-0.161666259049974,0.0251171499380883,-0.350597561662196,-1.35878073386899,0.377593421018783,-0.456945297480695,-0.0403080983790733,-0.140938716036333,11.85,0.8993810648412959,2.0,0
53899.0,-1.75487670368287,3.59919855123647,-3.94273489171277,0.801872447015875,0.948706928898883,-0.51452839458708,0.0160149871565437,0.936439715403979,0.574666157712152,1.03094664856938,1.49284607863714,0.626942024688659,1.11289057265087,-3.55733425259551,0.664950886474899,1.14982492026881,2.5581802853645,1.81702163762625,-0.223311472331602,0.981191750453382,-0.280949821845363,-0.297551097082034,0.157944662120328,-1.69623083070357,0.108706682150145,-0.278536874708404,0.732316521340461,0.343445161454425,1.79,0.894819671743329,1.0,0
147578.0,-1.94625410409561,-0.827074104628237,-0.12719348235991,2.74164959045358,3.31551149980029,-1.24699336303427,0.29236850001539,-0.752780183560828,-0.77056371069478,2.45083611682786,0.181426701132418,-0.0799649211298054,-0.095267700527162,-0.128755339694702,-1.73084942739814,1.28825118724831,-2.0011643927924,0.279344338827382,-2.00298477579205,-1.26146547533409,0.146670996187396,1.36908770957868,-0.540336489614377,-0.265066718746799,-1.84525344954908,-0.411181039144579,-0.551904489936616,0.496458515416709,10.0,0.8918796239416624,3.0,0
24735.0,-14.575409584507,9.80233673560334,-18.0431088542575,6.13694164439143,-11.6231049869428,-3.97836160689778,-13.3501863202929,9.82946267949742,-2.89353647254652,-9.80424605969943,7.63046846417086,-11.9783495323007,1.27070061475796,-9.13779143578945,-0.657643754935851,-7.94318381692219,-13.9960451959342,-4.81414131476633,1.35068341177363,1.49714272435333,1.57477828966194,-1.17317634004584,-0.522423210542442,0.0319637761370205,0.886970521281144,-0.276769276161469,1.7231076738223,0.547534705918993,89.99,0.8898700793647271,6.0,0
40361.0,-9.80638035448395,-6.23638509690717,-0.600650457232633,2.02098357456308,2.36041424487069,0.0857043929519335,2.89315025781813,-3.26349313670207,3.63874503557613,3.87242662699872,3.10153595707068,-0.313078870579299,-0.240189742664061,-4.56548624817853,1.25974492264097,0.634473081016507,-0.552805361633239,-0.665916038536009,-0.288873931753337,-7.42712940254831,-2.63451562622359,1.25806758804095,1.00279411354923,-0.125477790654105,0.329760856661798,-0.689102179343866,-3.74056194884502,3.24168990582289,213.15,0.8890794436727556,5.0,0
26961.0,-23.237920244511,13.4873857909274,-25.1887729688701,6.26173255148578,-17.3451881651558,-4.53498915241687,-17.1004924771637,15.3746300252798,-3.84556677176243,-8.51176669710133,5.1385473219039,-7.22001986441493,0.615793286019405,-7.3272215995796,-0.0386320690669864,-6.33151509399145,-12.6888576275064,-4.84738160696153,1.02053587929144,1.63078748322503,1.76970812949114,-1.69197330547661,-1.04567292278161,0.143386499863412,1.61157707182701,-0.221575644736264,1.48123260638065,0.438124804842523,99.99,0.8889813659679027,8.0,1
27163.0,-23.9141008948243,13.7659421584186,-25.7337337663194,6.2909179135006,-17.7848236618953,-4.57249762015164,-17.3907644695894,15.7941361803271,-3.81983218698836,-8.44226241787632,5.02011249777419,-7.0464278465108,0.692785249374773,-7.07689932873899,-0.0465348409616521,-6.20823797273981,-12.5320624040465,-4.82885763250639,0.978636193358608,1.64003733516462,1.77339928248294,-1.74842552125898,-1.09310448820022,0.147807442391992,1.66379235724108,-0.221024471156944,1.45807561131952,0.43031504868091,99.99,0.8889813659679027,8.0,1
96874.0,1.91311515089187,1.25936445405881,-1.50824079126825,4.38170257311517,0.959369337354001,-0.758964592673652,0.325755666114298,-0.216742321652895,0.31786989069598,-0.0389739291293827,0.425621375360771,-3.58886055508956,0.701924589575466,-0.916654669856689,-1.25343801877791,1.68877262296301,2.17064012111264,0.777976248510181,-1.91715477744954,-0.313179609314527,-0.589316168018921,-1.44990357932468,0.327806525548195,-0.425754076577911,-0.296264167736066,-0.375489104266513,-0.0349593662605873,0.0089704084002294,3.85,0.8889659790139314,1.0,0
162922.0,0.0643155445504029,0.756956365093378,-1.53906166291896,0.229499713507856,0.385896487617137,-0.635420561590534,0.632135042767234,0.24870182783746,0.19523504477862,-1.35675394103084,-0.837370972381017,0.176522856758921,0.153871981936351,-1.27805000646247,-0.145860556504782,-0.309757955250373,1.55234801451521,0.406831587876381,0.865621066648939,0.0639588135543699,0.0999679362341833,0.285395942586665,0.603080436010746,0.549618997340626,-2.03969116727193,-0.302375112617272,0.259021462380841,0.337411113929729,95.31,0.878107749814886,1.0,0
96556.0,-2.86647451086969,-4.11565268800608,-3.00706999731161,0.22064787676428,-4.00535482029887,2.55354380439337,7.41863065621427,-0.817102320126986,0.716039002458917,-2.63486561034371,-0.672623136148956,-3.14425769026634,1.90913039288144,1.82599298572493,-0.854796056187321,0.172851447992395,-0.0447740065372378,0.695338960127982,-0.397267882317301,3.99075166387669,0.741579440514203,-0.709387569434174,4.21218992046522,-0.254456674443536,0.909861832198369,-0.200189989132827,-0.476408111606873,0.146557907637424,1856.09,0.8751193167940916,5.0,0
131299.0,2.16141413781997,-0.884856735810527,-1.07904010809806,-0.570460459835635,-0.51061289890832,-0.132734260526383,-0.701105873420817,0.0070975433562974,0.0537601083880106,0.819068833016242,-1.88579912949197,-0.82573408588016,-0.97386976353157,0.141076953456686,0.164958606388046,-1.0904961079414,-0.242682130265024,0.82494417187693,-0.231221623523026,-0.620982333532489,-0.926141231817124,-2.23554584769013,0.564629251989465,-0.0361350689773102,-0.719283172259466,0.064920095016087,-0.0483361020314787,-0.0437874669007924,22.9,0.8671844009738741,1.0,0
67585.0,-1.96227375713285,3.8398824089806,-3.80236209691487,1.78811946156824,-0.945321237429234,-2.31528271938522,-1.05900909741833,0.959511038190586,-0.72098200206675,-1.24034059309218,0.753140091883924,1.13809658135645,1.35082371053385,-2.40061643068565,0.735503106417676,1.15775875021395,3.81545883373645,1.32320159992764,-0.749611766784996,-0.174451989000644,0.80739912126174,-0.341522740490132,0.559364716318656,0.576696442041787,-0.204549508692914,-0.419576803133573,-0.142541016012752,-0.111991240634498,1.51,0.8664670152930065,1.0,0
110888.0,-1.45059302144302,1.67269449543576,0.886457286547767,-0.210245147560402,0.262091935245332,-0.68599453204694,0.806232861796441,0.0147062546476291,0.998197063879417,-1.07085114973114,0.0461600190951035,-2.07075754819425,1.98642106147829,1.68315752277445,-0.76645405696703,-0.768282407635041,0.842885126004295,-0.342077852029004,0.49179590958475,-0.206387162399312,-0.352142352049217,-0.693525019798223,-0.293166135443982,-0.0790147966152684,0.617026730455385,-0.460690527157394,-0.971089834579558,-0.521250994303598,12.15,0.8654199836553809,1.0,0
860.0,-0.978917793898491,0.297514201568135,2.27640127434844,1.28269771781771,1.01982242386875,0.0835602604162915,0.58467316524221,-0.260218363342974,-0.46570187928222,0.348427421803139,1.55034701496393,0.909691852355855,0.0515520106136784,-0.269997277644483,-0.334171930888876,-1.27034967645,0.274789013364023,-0.362202368910959,1.07300801843823,0.142306983500846,-0.0771415594238989,0.299901750505338,-0.433008621157125,0.277608139693646,0.337778768975445,-0.228259978291677,-0.308926531763263,-0.368745640499607,13.27,0.8304437616921991,1.0,0
162461.0,1.57975290377814,-1.14633561175793,-2.09187237655446,0.802754314369461,0.0702545903583106,-0.470053153025661,0.6501064005498,-0.476559982525004,-1.07128512972453,0.88455411259276,-1.12590098593735,0.592889986866658,1.32437133511283,0.187740771299074,-0.71087563164263,-2.19549158427408,-0.0012471008922004,0.675862334789119,-1.02832820756943,0.0155516939085228,-0.130660530117529,-0.340683155206449,-0.178888555436985,0.611907532172319,0.313920547742914,-0.550084691285547,-0.0427326224799675,0.0033543817263086,309.24,0.8294415552100843,1.0,0
76555.0,1.2668768544501,-0.469486836803092,0.231116415258962,-0.56181239779093,-0.921043905571225,-1.16688792909487,-0.0434873349903344,-0.360533915042656,-1.20615741221951,0.600631168845625,-0.186290164650556,0.481353149969004,1.27177384034061,0.062943292287814,0.740199289935624,-1.28610183006135,-0.0538426013916491,0.22803234891538,-0.521210728889643,-0.276032780327783,-0.831625675658467,-2.11880861339775,0.297782011765632,0.359286291275944,-0.151028867813639,0.503586921561773,-0.0742604435253578,0.0277745992361319,77.21,0.8225713301887164,1.0,0
555.0,-0.953029555248701,1.27454926349141,1.83550605538796,0.833733713494195,0.0193930276872731,-0.10338696739544,0.833451369456927,-0.242794657910207,-0.0759047245305335,0.636212189458903,1.32968212789207,1.1743792898807,0.497125516587743,-0.448920013075124,-0.789204849613107,-0.810985019681252,-0.155753765930449,-0.0111469648582393,1.08057679949664,0.237896924223264,-0.143524777110998,0.138945078838432,-0.237128921802409,0.562703047491315,-0.068518997184033,-0.54069275675498,-0.627312161516238,-0.550222645468576,11.22,0.8222015664678552,1.0,0
26800.0,-3.09904631974914,-1.4632633199307,0.357218732695238,4.04148353562731,1.37922460274159,-0.913858886145454,0.0317607477550883,-0.415697221780135,-0.0568679366138963,1.22297889884358,-0.53783953792229,-0.164606545012824,0.439701356990063,-1.75030849246318,0.0703335604517387,-0.101926869577929,1.05408840739303,0.203891094975544,1.23681755811303,-1.56060625906092,-0.439895927403895,0.715823917633528,1.45683245703551,0.369534471190623,-0.739002978044859,0.114422736933695,-0.349903449418242,1.15025158880756,0.0,0.8139597971504844,1.0,0
136560.0,-0.910725297346431,1.51331242565516,-4.08329239919366,2.10231194285719,2.84993670655899,-2.76272394657207,1.55882432018178,-0.372763832037376,-1.15139469722897,-1.91129314598951,0.565805069343792,-0.557285874180002,0.462079945439549,-4.48388902127937,0.156899792998638,0.508556797079632,4.2878446050954,2.05259309216994,-0.21178609029616,-0.613369055405562,0.168025034621998,1.28863929020634,0.785141964488851,-0.396601053921869,-0.901079949492343,-0.343507983216738,0.320689425455166,0.218956960465961,1.0,0.8046457685960919,4.0,0
3023.0,1.01178028575302,-0.957999525266056,-0.615192782041239,-0.567757893168439,0.102298415415883,0.761943990885758,-0.0456369682554653,0.0331603031290559,-1.40518935212846,0.742897901989268,0.0902511451977625,0.563829968890528,1.2249339139724,0.300621227025845,0.418468672876568,-0.87979650824454,-0.702510176019297,1.0238678689812,-0.150493268033519,-0.0036046244306887,-0.764133829327841,-2.23754214574758,-0.0420508008223384,-1.76673556649467,0.0334900895755074,0.0733676896890495,-0.0507305156469684,0.0284557092304647,215.18,0.7986723997898385,1.0,0
32617.0,-2.59570369094932,-6.13979093339842,-2.33871667782472,2.50127002699517,-1.72158327703626,0.680134795444983,2.71105847281206,-0.508834112737728,-0.0651175384078366,-0.9314823111554,-1.04453910951288,-0.390140551931768,-0.401229790679259,0.994456682959031,1.58067578008938,0.305730954829764,-0.343225389168317,0.190127746658897,-1.04418890603097,3.85901633890124,1.1990075418259,-1.03896569116972,-1.92158010190505,-0.676291122097792,-0.0357600651451616,-0.456532889553548,-0.3537094604466,0.354022403210954,2000.0,0.7925139724792098,5.0,0
154846.0,-0.153046723488169,-5.04815503673743,-0.80016097527678,0.389711288979673,-3.00509408203461,0.588747657309175,-0.290180579315872,0.030876490520135,0.815571144203749,0.129875408083236,0.296667476929544,0.351191170472081,-0.430239812915394,-0.721501734064655,-1.78075883148967,1.14357660668896,0.439328940808411,-0.580255697792647,0.770949230760198,2.21782933761835,0.86397442153561,0.194441739565683,-0.765950206136047,0.158567109260555,-0.806354712551506,-0.322711267787945,-0.156593952090404,0.150457469317981,1143.18,0.7880083482235551,1.0,0
27252.0,-25.9424344479142,14.6019980426299,-27.3686502881266,6.37839460769688,-19.1040334039646,-4.68480620428185,-18.2613929340355,17.0525663121462,-3.74260500983864,-8.233721369876,4.6648362538527,-6.52566786025865,0.92375858946558,-6.32597461208273,-0.0702237027595964,-5.83836021908828,-12.0616957125199,-4.77334851403019,0.852969608454831,1.66730429040185,1.78431598423494,-1.91775921336107,-1.23578743924962,0.161104731783341,1.82037804128869,-0.2193590586868,1.38878576213598,0.406809649908512,99.99,0.7878255783089094,9.0,1
10018.0,-0.30861388717238,0.321557086744185,1.6667607682585,0.516713759829418,-0.332585960017733,-0.351704684607011,0.17000006843785,-0.306485927188303,1.35044632991926,0.0056188283585225,2.24948633823066,-2.14667823396934,0.820265058412929,1.37424742792111,-0.735237663960322,-0.875747925017847,1.23510970794476,0.158204739296673,2.3088179455063,0.078628349785104,-0.305836964402415,-0.344844461426603,0.04293512918973,0.572986101542501,-0.756634114184954,1.35162017630046,-0.441932549869093,-0.157955798285915,29.63,0.7773987294861852,1.0,0
27187.0,-24.5902447690465,14.0445667815106,-26.2787005866145,6.32008926518927,-18.2245126736673,-4.60996782569686,-17.6810033715155,16.2136267471409,-3.79409346877414,-8.37275316035861,4.90168265513877,-6.87283866404082,0.769776762734501,-6.82658448658054,-0.0544341798176028,-6.08495266503583,-12.375270529796,-4.81034474126699,0.936742237936608,1.64920202229571,1.77706277243531,-1.80487368611576,-1.14060456917063,0.152234466415679,1.71599702403257,-0.22047119903665,1.43495058143483,0.422491857762666,99.99,0.7422495053465007,9.0,1
68142.0,-2.51979529095615,4.27223581780787,-4.27173750796724,1.7712045965224,-1.31852918167456,-2.37745431073458,-1.41531781124051,1.39653894924861,-0.700141120769354,-1.15790493821213,0.628207830984038,1.30676043646556,1.4126255055441,-2.15568952913446,0.710856626968334,1.2591690742877,3.97461425797845,1.34552092439749,-0.784711462432867,-0.15615639899273,0.819421864252834,-0.373091992051828,0.632924316742023,0.571482748931072,-0.127185956280479,-0.412341931855054,-0.161732312902805,-0.115026892133312,3.78,0.7313391874929468,2.0,0
152542.0,-0.979451996870504,2.43186266697807,-1.40376949989512,1.21017820668688,-0.600342242314487,1.21951213785361,-3.3216109381051,-9.46361063715316,-0.5524681197558,-0.410505031492059,-0.313887063720229,1.35989302673214,0.495656916399256,1.51575427913279,1.67761832386694,-0.970764164190454,1.03991363467313,0.249545388502402,1.64918911436686,0.675908331910681,1.64903709316113,0.722115607245612,0.798614865073441,1.14308306608158,0.0632864691671023,0.22034336977584,0.40311575598397,0.447223616444877,15.09,0.7282262266976636,3.0,0
91795.0,-2.7764354887014,2.68926657348097,1.38120092024624,-0.515856014000351,-0.685642810370943,1.37615782851323,-1.4613680435147,-7.46246449287851,1.91823603670368,-0.565237161049068,0.241990258640271,-1.720348451149,2.22778490431224,1.28484590117265,0.0940648639020217,0.0698875569835529,0.654078659162352,0.394899147337949,-0.0057060262262165,-1.56935717887817,6.48019183585819,-2.88527288238676,0.262011425819866,-0.195342311519607,0.339856851705577,-0.424444611447979,0.332899280655974,-0.125393711101599,128.11,0.7269819005179031,4.0,0
76845.0,1.141572041228,1.29119504187036,-1.43290045302393,2.05820222243243,0.940823737515849,-0.958273875563986,0.391154204412105,-0.0925192025989645,-0.0328285936060586,-2.15530254380865,1.0804386160969,0.0444153214634158,0.441176590070526,-5.05382476474338,0.315185256694669,0.821195361600931,4.02736603913411,1.07797898032715,-1.10727585500251,-0.0059125766066523,-0.366507064917023,-0.714464900739845,-0.14391066716844,-0.305177619493244,0.697514060032721,-0.312544722619217,0.106247471401345,0.125059863331359,1.0,0.7204058580453641,4.0,1
45253.0,1.44410133361631,-0.473863566967387,-0.280577870928311,-0.770984729556934,-0.580615630626343,-0.824029708142554,-0.209732671126214,-0.186655581778183,-0.810777903358316,0.717381652744201,-1.41450217563895,-1.19394510495765,-1.20915977764548,0.557627922416238,0.945720778716219,-1.06252708923657,-0.15496055082089,0.815543058896446,-0.157814258888675,-0.533546663648747,-0.872542000842178,-2.2048422587419,0.196059530710644,-0.523642410631254,0.0405597719923846,0.679952033925219,-0.0895823352456885,-0.0012660466039393,20.7,0.7078641913118845,1.0,0
50606.0,1.06234761724162,-1.02057946912292,-0.224075040812342,-0.638310293789193,-0.937962222205306,-0.73847252468897,-0.102657894269782,-0.105577573450051,-1.10427636464856,0.816321858658448,0.721511078414738,-0.399250959184246,-1.48544152746094,0.846237816817451,0.241858631630727,-0.98844021936185,-0.207774348309274,1.192176890119,-0.110158002842587,-0.228228724039118,-0.693766505853603,-2.09157872509689,0.110252728138246,-0.0604019320923366,-0.1197201149448,0.614508361513268,-0.123190161491922,0.0207477598833132,177.41,0.7078641913118845,1.0,0
146938.0,-0.45694625353988,-4.99341649497764,-4.54699324614607,0.291551927539097,-0.464776228917365,0.0249072050188973,2.28406212636728,-0.747894644423457,-1.47018352311162,0.551734340752889,-0.32974100766781,-0.0537850405813533,0.0396171923861605,1.20078227797409,-0.748914309054251,-1.54976749442944,-0.409718449523898,1.81365519546434,-0.41326484026221,2.31570706806158,0.731220522843728,-0.574073086775492,-1.45347202798744,-0.213837339124155,0.100497766984158,0.881781117991474,-0.403776447170482,0.141608693946537,1435.5,0.707146498264538,4.0,0
74389.0,-0.471527445496982,0.592987783547361,1.81728236497873,-0.899565675536462,0.676307810003479,-1.22608937854163,-0.520001732618793,-0.829589607302871,-0.470643959416383,-0.644403650341673,1.58102287055249,1.52556131132723,0.535917956055876,0.320294204204079,-0.761511572467101,1.0416812852618,-1.15536579441641,-0.443372180982067,-1.69639495632556,-0.401206887760184,0.527952177490827,-1.32410752914984,-1.52419646285503,0.592127992275653,1.05802040973091,-0.092004918923469,0.0480559495502426,0.160316661929421,1.29,0.7059332406349452,1.0,0
128966.0,1.89736720080312,1.20547066121896,-1.73274271378939,3.96794085914049,1.2394110661168,-0.258653852304524,0.405792192763845,-0.052125392961889,-1.43015287508921,0.458495874107041,1.13769750164176,0.292893112478611,0.528705972883352,-2.47250789909674,-1.35675166957519,1.9397476135544,0.982669210888159,0.923183788267567,-1.3096936655694,-0.158759621560324,-0.393410157288714,-1.08768038694124,0.247782169509892,-0.706273888261966,-0.207715173214561,-0.338657048809167,-0.0021211151503508,0.0045439092066782,0.75,0.7046259827574783,1.0,0
168723.0,-1.25801875608725,1.72782875700319,0.674302735142996,1.86258154271485,2.38988694058388,0.483108116790178,1.52734332553102,-0.987526912478422,-2.40421187079994,1.02570539560129,0.0094706198763494,-0.80835112445923,-1.19403340096745,0.69657066638335,-1.6921973506113,0.959335612851838,-1.3332287788663,0.11607207698903,-1.63936688950357,-0.43702608448983,0.798693696542265,-0.236340177918388,-0.622695434403453,0.171711753173497,1.12412752662139,0.065125584817253,-0.288758338604671,-0.212574394851395,15.13,0.7003232420843154,1.0,0
158856.0,-0.634923458510924,-1.93642515363689,1.86890833981457,0.152752416539109,5.28076730598375,-3.62641104114921,-7.90592291077005,-0.501082399394003,0.588257030196558,1.6642679134786,-1.50515187734269,0.512264057587583,-0.105705847448897,0.318830420970799,1.03351220778664,-1.93820485808312,0.431678278751476,1.26952070386744,-0.311711193242846,-0.902522708035086,0.660633364384585,-1.78341876615271,-11.0754291198332,1.03626820132281,-1.64497210071928,-0.128933571074263,0.740020049340505,0.577621651588892,80.0,0.6968180714292066,5.0,0
113539.0,-6.67218431034619,-9.2938088143574,1.74371130224266,-0.185610059370227,3.75576707422733,-2.0019141739845,-2.82145412010903,0.98350426558638,2.82017051419729,-2.25029295869168,-2.76901482135495,0.0999025237722747,-0.917171777330552,-0.877870620396626,-1.00809321667824,-0.319728912035195,-0.0585240613118114,0.980194528722268,0.49091167620852,3.18197805348527,0.997774047026419,0.0144054367778521,2.41565857958892,-0.135479594002838,1.28239766426089,0.349697291673284,-0.414546603428765,0.243655495235183,721.17,0.6955104916152478,5.0,0
94952.0,0.842025258809961,-0.365518405631879,-2.46406333105633,4.82088596439253,0.775505434320733,-0.614784604613805,1.36802439952459,-0.526261741999926,-0.121356446796038,-0.357616193093852,0.637766685379952,-2.81888227036892,2.36059541417279,-1.10869894034456,-1.44995109474769,1.57373987380152,2.20265154365361,0.800471466568041,-2.10358290329291,0.944915098074741,-0.110621878759425,-1.25780002613606,-0.324418362936717,-0.420020001036393,-0.219501077925226,-0.268872635957687,-0.144582319033867,0.104464060190998,571.48,0.6904046407886271,5.0,1
76767.0,-1.86399564075444,2.16696497059516,0.667691655530127,-0.133192306491615,-0.254839205289397,0.408077059069867,-1.13138391120896,-4.52955371761038,0.244805223753455,-0.0850579571714387,-0.312798997872358,-0.463047515734069,-1.62110892346782,0.0779922277291625,1.21469159754045,0.195074955337949,0.76027726648883,-0.307581023354597,-0.535333244755312,-0.984744147845857,4.33331127543804,-2.26949488332903,0.729694003735365,-0.109191517745861,-0.170708548839969,0.143905031098485,0.452232719018239,0.142177845505106,0.89,0.6836880828521261,2.0,0
45798.0,0.843673577363173,-1.30916098518928,-0.369606641963801,-0.685858570329699,-0.706045719279685,-0.251647319724237,0.0985644714387793,-0.185944633660496,-1.34825001659557,0.67124162849206,0.649538135471095,0.670074080800121,0.938601488006084,0.328984785364047,0.133708322209882,-0.804363989905516,-0.572766866978299,1.09863068091353,0.0392297353661575,0.19872144224542,-0.706702650731335,-2.32311823349512,-0.0180919306297894,-0.548132634278717,-0.15998627565518,0.518616136357065,-0.124443824793979,0.0476167744257575,304.95,0.6753855394469818,1.0,0
168567.0,-1.83082516349907,2.2442303819671,-2.38549538051336,3.39276822933793,3.18429561864271,5.46207827419053,-1.44015284899334,-4.87664603214428,-0.949762860926485,3.27021583910678,-0.205570723585491,-0.362303986045136,-0.486814301379431,0.188712651858472,0.325524819561075,-0.830602998001484,0.300686412039425,-0.581412044806416,0.958070328861644,-0.0509772590956815,0.955412101109203,-0.118456949441692,0.741139177267226,0.637735852449588,-0.38948750064994,0.185879387585807,-2.08708422820743,-0.859067332966734,0.0,0.6742528126966383,6.0,0
80800.0,1.3877577957269,-0.152784779366405,0.0206441064306152,0.348659110479316,-0.404397814519526,-0.507971930712324,-0.168794341278394,-0.119721950430383,-1.00434795664109,0.876698201139302,-1.44878705927163,-0.932812774203015,-0.806788069021606,0.518249319230543,0.918924612632652,-1.02856730539047,-0.40387738427477,1.072813783992,-0.597754390820727,-0.588582752960549,-0.897340096118264,-2.24999410194926,0.214657045216174,-0.619860268960733,0.203423798624889,-0.781450806242742,0.0256021462691393,0.0244109400248051,12.99,0.6741235405497223,1.0,0
88729.0,1.77508050052461,0.024813603673714,-0.298318651032548,3.48522968744163,0.206841009269364,1.02906240362211,-0.487488812361263,0.272068291466049,-0.623160083803306,1.58389919643083,-0.531772043372003,-0.0965612246209933,-0.0003985024999427,0.11151909651382,-0.652718209013025,1.93467544209211,-1.71668672401967,1.01764378127627,-1.21370301068884,-0.100543880963791,0.215588437004575,0.453573631201026,0.0030374740990208,-1.13579097631911,-0.202336681797623,0.0380937502481946,-0.0117204424504883,-0.0397458703811503,76.07,0.6683931818921018,1.0,0
90786.0,2.11322723377643,-0.463092013467904,-1.13374633289904,-0.106866353789136,-0.396968650199688,-1.082752597245,-0.214650554462112,-0.509674236788917,0.745962988141266,0.401543919991556,0.142944232320745,-2.0802182403246,2.82941151420139,1.58830687595952,-0.146297410077084,-1.78464943687599,0.453465329732566,1.43709508486637,-1.28145292423331,-0.574477523127205,-0.221332097479712,0.217585799930238,0.0512261970982772,-0.126174109172809,0.128974743867195,-0.137748664995922,-0.0151998601955571,-0.0525807060147993,36.89,0.6559679028029,2.0,0
77290.0,1.34203383733518,-0.6010869341814,-0.397936691246939,-0.770989829696368,-0.475794888308287,-0.685271862102745,-0.0724185704172189,-0.243449904893846,-0.945196977161156,0.663079682120042,-1.40662620468167,-0.758799747252861,-0.252086487313141,0.37848202762022,0.86475284017508,-1.04902232943795,-0.266342681730673,0.769647808036396,-0.119981980035707,-0.348664151994415,-0.83706466828725,-2.19176461659795,0.112160959656586,-0.662780297882378,0.0721249872950147,0.680915263674898,-0.0950038573837868,0.0093299277209521,79.97,0.6549794869236036,1.0,0
71561.0,1.41981201611268,-0.41379613059241,-0.120031340656622,-0.695387134423597,-0.688442234864192,-1.01014996498128,-0.152526568735715,-0.250960115451566,-0.942104541510159,0.695907861100192,-0.987032292670676,-0.700688335322158,-0.555170730174452,0.436332283885848,0.841619625609802,-1.19606358047271,-0.0711950766921277,0.615931653147044,-0.291627476964703,-0.498814415426628,-0.841594732693494,-2.0825854596769,0.228760661108316,-0.175953876718191,0.018700478013681,0.656990743401583,-0.084430681056208,0.0036513455646095,21.0,0.6549794869236036,1.0,0
40102.0,0.864595510614246,-1.25058645296249,-0.473700873860628,-0.763241053131771,-0.481120443833413,-0.0647589595782482,0.157166996638295,-0.22166783224457,-1.46899781501041,0.644174490187865,0.540056196416655,1.06876695390008,1.92597798270443,0.125221063670955,0.0523669114601462,-0.760883470576104,-0.735174250213533,1.08155039103777,0.146033379963632,0.268625809396652,-0.715396006623026,-2.30114102728926,-0.0675474795282951,-0.837835347233298,-0.0886699761064668,0.534744244647542,-0.118709379974512,0.0465106235538488,305.35,0.6537224301295387,1.0,0
33439.0,1.20594397956062,-0.668738254330461,0.075477839867232,-0.724413597458168,-0.804169384113417,-0.64219291880809,-0.19760317470186,-0.13888229948348,-1.28731533724619,0.781084700539228,1.04024287792283,0.58070785846634,0.32632121623481,0.409973571450862,0.121649849772902,-0.964236869038603,-0.357922142022176,0.941758123908607,-0.0919102235108376,-0.271164183466394,-0.802751001229594,-2.15531378835587,0.236007343549761,-0.0390590679732087,-0.171268585643308,0.509323858559987,-0.0877675600339411,0.0159174179793073,97.85,0.6356392494384471,1.0,0
140757.0,1.98553855718005,-1.16332886524362,-1.25722469350884,-0.667812987997947,-0.396794032806887,0.207639131307944,-0.58467180277086,0.0285207264955133,-0.289519944049548,0.929748248120826,-0.619570665900001,0.150165066142749,-0.0756764727671553,0.158973421210658,-0.615239272611353,-0.75527864597421,-0.760041047638639,1.41413234276551,0.26507257643332,-0.383315442701018,-0.84921949781752,-2.16487959646294,0.345148930006454,-1.47673948038964,-0.681651919313989,0.110933170025955,-0.0590364864346516,-0.0505744401234277,111.17,0.6356392494384471,1.0,0
82491.0,1.36899084253847,-0.494261942928622,-0.291068752832965,-0.750779821485526,-0.495607098603386,-0.783894079158445,-0.0583272106414284,-0.280920928011003,-1.03435500085208,0.656717766674259,-1.16585985328668,-0.421576937930991,0.244347482598431,0.278876033936824,0.790990972405646,-1.12605350702875,-0.235641856584045,0.645026102248229,-0.180763905382412,-0.361423601895165,-0.83191761404127,-2.10580861194544,0.14352838479426,-0.494727093408376,0.0746021898827416,0.671480104190482,-0.0874522168596584,0.0085631261031344,59.99,0.6356392494384471,1.0,0
57204.0,1.2087288126671,-0.620587864866584,0.0723301597217639,-0.700814220933234,-0.762187655811525,-0.652148186148137,-0.164899416324408,-0.154342271905137,-1.30033933797702,0.750931858623085,1.0913274004732,0.709997640594067,0.530468594656539,0.400433332779798,0.168615562081424,-1.01041252115493,-0.391589991458638,0.97338767915129,-0.112133074444996,-0.271460761742636,-0.791037230936878,-2.104632004021,0.227163653005655,-0.0377799250416175,-0.120946624771042,0.307131872543383,-0.0711086144208843,0.0186454433706885,94.8,0.6356392494384471,1.0,0
153587.0,-1.89673667464755,-7.75968859141564,-3.89670691434565,0.547629051124658,-0.761138443838041,4.88410997736095,1.12578492711055,0.565854587959015,0.274800921021432,-0.466078259559159,-0.682929321061243,0.622497813731623,0.36245136614575,0.0839391601407667,-0.325206438526115,-1.77055457670662,0.221135979929389,0.987744547782319,-1.09755040207338,3.57797919219311,0.50087556126819,-2.5021767804328,-1.30326035532752,0.728253380165252,-1.16961811250514,-0.848700789630716,-0.294524224171287,0.32044253648025,2052.91,0.6300392724457332,5.0,0
157223.0,-0.992778384927712,1.37439944604651,-1.68184265440355,-0.123910472137829,0.711935115320941,-1.39493672914743,2.11459669982641,-0.0668489454388968,-0.815939655514082,-2.7546249732532,0.0259882866542087,-0.054213265189958,0.62026201132897,-2.68738371646689,0.243924212964991,0.504938684015226,2.3276163813267,1.28272102955079,-0.635942779810936,0.364792694340225,0.196423021168362,0.220383310038457,0.131702518188691,-0.358276869511556,0.402663303762418,-0.552093827174635,-0.0152393619541189,0.170878652664898,231.05,0.6270871282266277,1.0,0
148653.0,-0.674713781753145,-0.64786323930483,-1.30387931683279,-0.367307854378401,-1.35325297304501,-0.32789716966011,2.04846204109908,0.124178749102184,0.491667143966933,-1.3013438296882,-1.73161920990066,-0.398697241119023,-1.45647343042692,0.700349149987048,-0.835495345518122,-0.270078591824061,-0.0958950426039381,-0.146948619242317,-0.131798375287453,0.539979761973569,0.387542199759151,0.356987347587366,1.48868331311261,-0.169524681340993,-1.80149518238333,-0.455759956756136,0.0623409302548107,0.323393586094503,479.42,0.6234967899384876,1.0,0
168097.0,-1.0818443393274,0.47845345912378,0.314095992688955,3.02679330427388,2.49105879491084,0.0734214841283378,1.00494253134361,0.0217739643122093,-2.0214002297772,0.810775697199647,-2.25712499830476,-1.3241169066947,-0.620162658886279,0.465592467557259,-1.01468574713881,0.407248438680643,-0.715025146615026,0.177009394517996,-0.763367650930491,0.269166124821048,0.380765595349445,0.679999082848985,-0.240964871476105,0.0340957598102278,0.696037373588723,0.395244113607273,-0.0051450544317007,0.135887112723227,75.86,0.6180199697086637,1.0,0
70115.0,-1.38844337377654,-1.76034803733253,1.75389484704359,-0.395789150130109,-1.72381323298878,2.41468525782793,0.708377451950779,0.567424756225854,-0.81974485146372,-0.528313833473182,0.338487868532044,-0.196539107847209,0.0608456652053224,-0.777575872143116,0.573326822909089,-0.906163359314411,2.24459635416157,-3.13887021407688,-0.0330706692942085,1.17287771407256,0.541561454549315,0.971732235725515,1.19574021340871,-0.646514906771822,-0.358290204221003,-0.0945906394676611,0.0644312783669517,0.155746508752274,492.62,0.6068014682056349,1.0,0
74966.0,1.40110899155424,-0.567792037452801,-0.357597377316922,-0.88256382915448,-0.370006935133422,-0.396294147412172,-0.216911694409793,-0.169678462148392,-0.844615393745348,0.653089804300312,-1.72958534511982,-0.829248414247396,-0.103711260700315,0.278680036866904,0.970194363241323,-0.823336495752061,-0.455474157546958,0.870035850493222,0.0373442716534396,-0.374915474636495,-0.956795677641911,-2.49838131587398,0.160013421166075,-1.08736485285606,-0.0080201364898982,0.600096671367334,-0.0821635187157484,0.0066477347941662,57.5,0.6047195353041874,1.0,0
14449.0,-0.524418754075625,0.247011195280898,0.741208224549699,-1.36377452121502,-1.40859937352036,0.595820826645393,-0.324446411927617,-2.80251173828423,0.318032782673622,-0.221416808510579,-0.157229586404941,-2.28962164322687,3.01846389711715,1.25094295592118,-0.128376034042605,-0.451754537048393,0.140914113591907,1.19384537745973,-1.45256519033123,-1.11916950413372,1.39386556753385,-2.61082899711085,-0.76509769268204,-0.476240076104294,0.499023475187594,0.730640016913829,0.351598609505565,0.107373371766291,316.5,0.6015765403241591,3.0,0
60130.0,1.3319605818625,-0.655327473978735,-0.58469825640875,-0.849720980125392,-0.277500956035329,-0.449117738889068,-0.0338234035368077,-0.23940241119565,-0.961841153308157,0.647424051632416,-1.71485625252671,-0.751771571015799,0.0769507181059053,0.309889794023138,0.865267320636918,-0.947143590842606,-0.422239739145255,0.870934642301511,0.0201431445144993,-0.279149391293866,-0.845608920634528,-2.24630871155041,0.0407047263742137,-1.04821471574303,0.130178547661348,0.705461706308056,-0.0978340523490534,0.0091946102615245,99.8,0.5843498432657804,1.0,0
33760.0,1.14771379411466,-0.84573805055571,0.0080256591903022,-1.01741542539939,-0.872773738546863,-0.689577756598798,-0.152741189447097,-0.18587449622431,-1.30068496265833,0.699626237455483,1.15120361276388,0.797397157695513,0.760492597379317,0.311409248496825,0.112803026617823,-0.955834406021208,-0.333416708688231,0.809349414276157,0.0133650398642607,-0.145162402183047,-0.78928370498709,-2.18911038211759,0.213993325225272,-0.0043351345427958,-0.253945177413748,0.884391294972438,-0.12147237453507,0.0177119463250013,137.0,0.5843498432657804,1.0,0
164407.0,-0.0372651511742434,0.91760513791589,-0.862496013286154,-0.264984917888404,0.414358354942577,-0.588744448922511,0.567112841310288,0.0720997468703156,0.0847118282453347,0.449307497943244,0.118719913338192,0.428015654770882,-0.512644484945798,0.581003430551867,-0.764048304085647,-0.0829680839476708,-0.530410409600015,0.125595132566096,1.16716722301378,-0.103357439821608,-0.0494146627965183,0.0500149514815639,0.424642939439718,-0.504994737920067,-2.26674571740548,-0.0485427462425853,0.0198760753032557,0.116075468893354,9.99,0.5547586419702574,1.0,0
37259.0,-1.37712521758123,-1.10137560902923,1.28903297780658,-2.44526102867219,-0.913541482165561,-0.213325265173898,-1.31027218486875,-2.52216222217854,1.47351999135655,-2.73785639589254,-0.547840528558135,0.724961166377308,-0.958038613087576,0.345874814671978,0.614743477607728,0.155833138583057,-0.219924596339555,-0.291394732112528,-1.70981977563464,1.06869177893404,-0.949950354113611,0.44088270321167,-1.34466632197348,0.170661393884772,1.19699869709251,-0.0749959913697799,-0.0338240265041739,0.24080541318291,370.51,0.5449154002312852,1.0,0
94820.0,1.84098189530124,0.463263471397245,-0.474705282744353,4.30051333364036,0.395571397386471,0.130230272576186,0.149731597479873,-0.197216167247601,0.748077713405289,0.896201302862563,-0.663918957153083,-2.20099148350359,1.88963365662528,1.17520536896954,-3.13972918242976,-0.10697167206353,0.570941217319459,-0.606505543374856,-1.3730725346724,-0.285420550403452,-0.0606436776837855,0.34711437061931,-0.0060758766398739,-0.0387072223554837,0.27683985117991,0.149765669334708,-0.0529503467685324,-0.0573773900469828,37.17,0.5254813184068432,1.0,0
3278.0,-1.68881542458251,-5.06632784614007,-0.954289130806454,3.06591445549331,-0.292321848704624,5.75070284121216,0.0918969362009112,1.07996825822195,0.860950740672869,-0.371520961744846,-1.41693729811594,0.353790692797505,0.0742496135434202,-0.810225161415271,-1.53222990464651,0.629414968754044,-0.369225894895856,0.65969123151699,-0.634045205421674,2.88308371880056,0.883823582155407,-0.405049688545066,-1.42197210383331,1.13234213780172,0.0996320452214584,0.111828393707792,-0.176446720612516,0.284280806595136,1447.71,0.525163092426529,5.0,0
43851.0,-12.6650624613921,-8.63280366407689,-8.31879095008872,1.87569387656209,-22.0645192981944,14.6723604871001,23.8630518493941,-6.15682638256866,2.52055622499507,-0.287791832949972,3.14287471473687,-1.05883992023052,0.940757199938415,-3.46500298791765,1.54875054167135,3.16348804023098,-1.81217371385522,-1.98924652833926,0.627383419730439,-13.6842103283439,-5.7337662148509,1.05182006381687,-1.29217015071831,0.751013427433439,0.759148151433891,1.0708893315881,2.41280159256332,-0.853620755397256,4627.1,0.524003900062228,7.0,0
85470.0,1.24686201466559,-0.288884764891702,-0.0432411823705264,0.330063433918067,-0.175164380323686,0.0054622846761409,-0.108584719373685,-0.0532270861624884,-1.17105745143091,0.778368802141074,-1.05027170022778,-0.294164099688507,0.219461405323883,0.351753157262078,1.06352370751323,-1.36284323795985,-0.183361443954652,0.507221042364459,-0.979304819752182,-0.450034261580625,-0.826910559882585,-2.07765323423456,0.186741017699298,-0.900302404871524,0.146994782079606,-0.760648232692019,0.0392273202700279,0.0321034775798402,63.99,0.5239572595133982,1.0,0
166537.0,-1.75400909681795,0.682557858838646,1.14816823073776,3.44815035646444,2.55361981808366,5.91338580477925,-1.81734245946775,-1.48168831586587,-1.69177069167513,1.18685830187211,-0.333487257263629,-0.599900373732243,-0.0412173100629301,0.0440679598792051,1.64348338758295,0.420761180943249,-0.112459331022285,0.428080323421324,0.844617883533932,0.732334179691187,-1.33931722968745,0.557906735806022,0.524398733604585,0.656489053120118,-0.0263261921258944,0.359156752346529,-0.259097269796897,0.0389702851494179,18.98,0.512589725507392,1.0,0
52276.0,-3.55837371483306,3.12664266893586,0.327600872247508,-0.257185652908527,-0.738715258415945,0.635564175526929,-1.56048824741173,-7.18657983508549,1.20470290407251,1.45016780871806,0.428012985364674,0.0583509347102151,-1.30462775631901,-0.447008432152674,1.20085212131813,-0.111605088879365,0.929387521949579,-0.602185499510555,-0.840613107605087,-1.18703693174707,6.3820185903851,-2.88895762128716,1.16825909074474,0.391983194208761,-0.037304672067216,0.0722681303112346,0.371008283705038,-0.427160280558338,35.99,0.5105922289734804,3.0,0
83448.0,-0.516740514915363,-3.31879383089712,-1.05193203490521,0.381703086742308,-1.26009092730929,0.156316572554669,1.03829846919286,-0.25875888336961,-1.56050067923475,0.425024082069294,1.2147857486269,0.715065529155029,0.477764162445885,0.718228125398955,0.340944375299498,-1.30013467425774,-0.0776459985567161,0.801978862468638,-0.901043792654706,1.42698241927709,-0.146527097755018,-2.16469625174274,-0.600018201672754,-0.310219248017298,-0.297172629840126,0.0217458738303569,-0.201974947098049,0.165921588054466,960.89,0.5077086331402026,1.0,0
91036.0,1.79926433418785,0.458241549382236,-0.544304898598905,4.28698348351913,0.518046541919232,0.171616002577909,0.290162773710254,-0.294345200206334,0.562998389175734,0.852555512987326,-0.628569922027475,-1.59060594910126,3.19940624726805,0.914341991822446,-3.31210425043348,-0.0609096989229778,0.38906029426836,-0.619220968249994,-1.2644176511976,-0.127456437251307,-0.04215422217064,0.383765947744323,-0.0745804378916582,-0.09932431640383,0.342940315437009,0.146099449763469,-0.0540426307222662,-0.0499966161829944,69.22,0.5003086347795594,1.0,0
