age,workclass,fnlwgt,education,education.num,marital.status,occupation,relationship,race,sex,capital.gain,capital.loss,hours.per.week,native.country,score_lightgbm,anomaly_vote_count
46,Federal-gov,102308,Prof-school,15,Married-civ-spouse,Prof-specialty,Husband,White,Male,15024,0,50,United-States,0.9999999999999999,0
46,Private,188386,Doctorate,16,Married-civ-spouse,Exec-managerial,Husband,White,Male,15024,0,60,United-States,0.9998603714956739,0
50,Self-emp-inc,190333,Prof-school,15,Married-civ-spouse,Prof-specialty,Husband,White,Male,99999,0,55,United-States,0.9997930133567332,1
51,Private,392668,Doctorate,16,Married-civ-spouse,Exec-managerial,Husband,White,Male,15024,0,84,United-States,0.9997788038023179,1
38,Self-emp-inc,478829,Prof-school,15,Married-civ-spouse,Prof-specialty,Husband,White,Male,99999,0,50,United-States,0.9997780386490277,1
53,Private,424079,Masters,14,Married-civ-spouse,Exec-managerial,Husband,White,Male,15024,0,55,United-States,0.999735676092981,0
56,Self-emp-inc,98418,Prof-school,15,Married-civ-spouse,Prof-specialty,Husband,White,Male,99999,0,40,United-States,0.999699960278601,1
36,State-gov,747719,Prof-school,15,Married-civ-spouse,Prof-specialty,Wife,White,Female,15024,0,50,United-States,0.9996568259384127,4
52,Self-emp-inc,181855,Prof-school,15,Married-civ-spouse,Prof-specialty,Husband,Other,Male,99999,0,65,United-States,0.9996357843479735,3
53,Private,114758,Masters,14,Married-civ-spouse,Exec-managerial,Husband,White,Male,15024,0,65,United-States,0.9996331602387108,0
45,Self-emp-inc,180239,Prof-school,15,Married-civ-spouse,Exec-managerial,Husband,Asian-Pac-Islander,Male,7688,0,40,?,0.999602054193457,1
33,Private,175697,Bachelors,13,Married-civ-spouse,Exec-managerial,Husband,White,Male,15024,0,60,United-States,0.9996016477032528,0
57,Self-emp-inc,123053,Prof-school,15,Married-civ-spouse,Prof-specialty,Husband,Asian-Pac-Islander,Male,15024,0,50,India,0.9995806226545979,3
52,Self-emp-inc,173754,Prof-school,15,Married-civ-spouse,Prof-specialty,Husband,White,Male,15024,0,60,United-States,0.9995781016717016,0
54,Self-emp-inc,166459,Prof-school,15,Married-civ-spouse,Prof-specialty,Husband,White,Male,99999,0,60,United-States,0.9995748975525794,1
42,Self-emp-inc,277488,Prof-school,15,Married-civ-spouse,Prof-specialty,Husband,White,Male,15024,0,65,United-States,0.9995680818976961,0
41,Self-emp-inc,495061,Doctorate,16,Married-civ-spouse,Prof-specialty,Husband,White,Male,99999,0,70,United-States,0.999561127143904,3
46,Self-emp-not-inc,366089,Prof-school,15,Married-civ-spouse,Prof-specialty,Husband,White,Male,15024,0,40,United-States,0.9995550752487252,0
47,Private,155664,Masters,14,Married-civ-spouse,Exec-managerial,Husband,White,Male,99999,0,55,United-States,0.9995531897551374,1
32,Private,207668,Bachelors,13,Married-civ-spouse,Exec-managerial,Husband,White,Male,15024,0,45,United-States,0.9995463437571489,0
45,Self-emp-not-inc,176814,Doctorate,16,Married-civ-spouse,Prof-specialty,Husband,White,Male,15024,0,40,United-States,0.9995383161726509,0
51,Self-emp-inc,100029,Doctorate,16,Married-civ-spouse,Prof-specialty,Husband,White,Male,15024,0,40,United-States,0.9995132138403764,0
51,Self-emp-inc,338260,Prof-school,15,Married-civ-spouse,Prof-specialty,Husband,White,Male,15024,0,60,United-States,0.9995104370640535,0
45,Private,205100,Bachelors,13,Married-civ-spouse,Exec-managerial,Husband,White,Male,15024,0,60,United-States,0.9995017318076219,0
52,Self-emp-inc,334273,Doctorate,16,Married-civ-spouse,Prof-specialty,Husband,White,Male,99999,0,65,United-States,0.9994855930716172,2
40,Federal-gov,330174,Prof-school,15,Married-civ-spouse,Prof-specialty,Husband,White,Male,7688,0,40,United-States,0.999484072871188,0
50,Self-emp-not-inc,132716,Prof-school,15,Married-civ-spouse,Exec-managerial,Husband,White,Male,99999,0,50,United-States,0.9994816298058485,1
46,Self-emp-inc,192779,Prof-school,15,Married-civ-spouse,Prof-specialty,Husband,White,Male,15024,0,60,United-States,0.9994679773279666,0
45,Self-emp-inc,181307,Prof-school,15,Married-civ-spouse,Prof-specialty,Husband,White,Male,15024,0,43,United-States,0.9994533993731798,0
36,Private,184112,Prof-school,15,Married-civ-spouse,Prof-specialty,Wife,White,Female,15024,0,45,United-States,0.9994457999274245,0
47,State-gov,120429,Doctorate,16,Married-civ-spouse,Prof-specialty,Husband,White,Male,15024,0,50,United-States,0.9994299449363472,0
36,Private,175759,Bachelors,13,Married-civ-spouse,Exec-managerial,Husband,White,Male,7298,0,50,United-States,0.9994298550302738,0
43,Private,130126,Bachelors,13,Married-civ-spouse,Exec-managerial,Husband,White,Male,15024,0,50,United-States,0.9994277339616363,0
53,Self-emp-inc,42924,Doctorate,16,Divorced,Exec-managerial,Not-in-family,White,Male,14084,0,50,United-States,0.999425976903636,1
49,Self-emp-not-inc,181307,Prof-school,15,Married-civ-spouse,Prof-specialty,Husband,White,Male,15024,0,65,United-States,0.9994245131369087,0
30,Private,132601,Bachelors,13,Married-civ-spouse,Exec-managerial,Husband,White,Male,99999,0,50,United-States,0.9994236904853053,1
49,Self-emp-inc,229737,Prof-school,15,Married-civ-spouse,Prof-specialty,Husband,White,Male,99999,0,37,United-States,0.9994124049631596,1
48,Self-emp-inc,287647,Doctorate,16,Married-civ-spouse,Prof-specialty,Husband,White,Male,7688,0,55,United-States,0.9994105944104686,0
33,Private,188246,Masters,14,Married-civ-spouse,Exec-managerial,Husband,White,Male,7298,0,45,United-States,0.9994003033276283,0
40,Private,226902,Masters,14,Married-civ-spouse,Exec-managerial,Husband,White,Male,15024,0,50,United-States,0.9993959337733429,0
42,Private,384236,Masters,14,Married-civ-spouse,Prof-specialty,Husband,White,Male,7688,0,40,United-States,0.9993914828418994,0
51,Self-emp-inc,229465,Masters,14,Married-civ-spouse,Exec-managerial,Husband,White,Male,15024,0,50,United-States,0.9993895356560059,0
47,Self-emp-not-inc,242391,Prof-school,15,Married-civ-spouse,Prof-specialty,Husband,White,Male,15024,0,40,United-States,0.999385539250792,0
30,Federal-gov,321990,Some-college,10,Married-civ-spouse,Adm-clerical,Husband,White,Male,7298,0,48,Cuba,0.9993753630835078,0
38,Federal-gov,37683,Prof-school,15,Never-married,Prof-specialty,Not-in-family,Asian-Pac-Islander,Female,99999,0,57,Canada,0.9993705879317519,4
39,Self-emp-inc,329980,Bachelors,13,Married-civ-spouse,Exec-managerial,Husband,White,Male,15024,0,50,United-States,0.9993676673344793,0
46,Federal-gov,20956,Bachelors,13,Married-civ-spouse,Exec-managerial,Husband,White,Male,15024,0,40,United-States,0.9993585657225922,0
47,Self-emp-inc,332355,Masters,14,Married-civ-spouse,Exec-managerial,Husband,White,Male,15024,0,50,United-States,0.9993585361933821,0
47,Self-emp-inc,181130,Prof-school,15,Married-civ-spouse,Prof-specialty,Husband,White,Male,99999,0,50,United-States,0.9993537771468385,1
49,Self-emp-not-inc,355978,Prof-school,15,Married-civ-spouse,Prof-specialty,Husband,White,Male,99999,0,35,United-States,0.9993424955825313,1
40,Private,166662,Prof-school,15,Married-civ-spouse,Prof-specialty,Husband,White,Male,15024,0,45,United-States,0.9993388500332417,0
34,Self-emp-inc,186824,Prof-school,15,Married-civ-spouse,Prof-specialty,Husband,White,Male,15024,0,40,United-States,0.9993259028752508,0
50,Self-emp-inc,127315,Bachelors,13,Married-civ-spouse,Exec-managerial,Husband,White,Male,15024,0,60,United-States,0.9993199038409096,0
45,Private,182313,Bachelors,13,Married-civ-spouse,Exec-managerial,Husband,White,Male,7688,0,50,United-States,0.9993080233937478,0
41,Self-emp-not-inc,174395,Doctorate,16,Married-civ-spouse,Prof-specialty,Husband,White,Male,15024,0,55,United-States,0.9993007314617488,0
57,Self-emp-inc,127728,Prof-school,15,Married-civ-spouse,Prof-specialty,Husband,White,Male,15024,0,60,United-States,0.9992875930318793,0
37,Self-emp-not-inc,362062,Prof-school,15,Married-civ-spouse,Prof-specialty,Husband,White,Male,99999,0,50,United-States,0.999279981901918,1
46,Self-emp-inc,120131,Prof-school,15,Married-civ-spouse,Prof-specialty,Husband,White,Male,99999,0,60,United-States,0.9992729864940958,1
38,Self-emp-inc,269318,Some-college,10,Married-civ-spouse,Exec-managerial,Husband,White,Male,7298,0,40,United-States,0.9992616126812054,0
48,Private,107231,Prof-school,15,Married-civ-spouse,Exec-managerial,Husband,White,Male,99999,0,50,United-States,0.9992613342356473,1
47,Self-emp-inc,215620,Masters,14,Married-civ-spouse,Exec-managerial,Husband,White,Male,15024,0,55,United-States,0.9992608490845424,0
47,Private,151584,Prof-school,15,Married-civ-spouse,Exec-managerial,Husband,White,Male,7688,0,60,United-States,0.999256106374119,0
53,Federal-gov,199720,Doctorate,16,Married-civ-spouse,Prof-specialty,Husband,White,Male,15024,0,60,Germany,0.999250129715245,1
37,Private,125933,Assoc-acdm,12,Married-civ-spouse,Exec-managerial,Husband,White,Male,7688,0,50,United-States,0.9992497082654663,0
48,Self-emp-inc,254291,Bachelors,13,Married-civ-spouse,Exec-managerial,Husband,White,Male,7298,0,50,United-States,0.9992443905019767,0
47,Private,124973,Assoc-voc,11,Married-civ-spouse,Exec-managerial,Husband,White,Male,15024,0,50,United-States,0.9992398283113251,0
55,Federal-gov,305850,Prof-school,15,Married-civ-spouse,Exec-managerial,Husband,White,Male,15024,0,40,United-States,0.9992355630941014,0
54,Self-emp-inc,357596,Bachelors,13,Married-civ-spouse,Exec-managerial,Husband,White,Male,7298,0,55,United-States,0.9992251584719687,0
44,Self-emp-not-inc,282722,Prof-school,15,Married-civ-spouse,Prof-specialty,Husband,White,Male,99999,0,50,United-States,0.9992151014360771,1
47,Private,264052,Bachelors,13,Married-civ-spouse,Exec-managerial,Husband,White,Male,15024,0,50,United-States,0.9992080564023716,0
50,Self-emp-inc,283676,Doctorate,16,Married-civ-spouse,Prof-specialty,Husband,White,Male,15024,0,60,United-States,0.9992077407917758,0
30,Private,162442,Bachelors,13,Married-civ-spouse,Prof-specialty,Wife,White,Female,7688,0,50,United-States,0.999198559200497,0
51,State-gov,454063,Doctorate,16,Married-civ-spouse,Exec-managerial,Husband,White,Male,7298,0,40,United-States,0.9991978251906152,0
47,Private,102628,Masters,14,Married-civ-spouse,Exec-managerial,Husband,White,Male,15024,0,55,United-States,0.9991889343378462,0
46,Private,102388,Prof-school,15,Married-civ-spouse,Prof-specialty,Husband,White,Male,15024,0,45,United-States,0.999187654189108,0
41,Private,280167,Masters,14,Married-civ-spouse,Exec-managerial,Husband,White,Male,15024,0,70,United-States,0.9991799705911439,0
41,Private,151504,Bachelors,13,Married-civ-spouse,Exec-managerial,Husband,White,Male,7688,0,50,United-States,0.9991762687046606,0
41,Private,168071,Bachelors,13,Married-civ-spouse,Exec-managerial,Husband,White,Male,7298,0,50,United-States,0.9991723366266158,0
39,Private,237943,Bachelors,13,Married-civ-spouse,Exec-managerial,Husband,White,Male,99999,0,70,United-States,0.9991714242270124,1
41,Private,150755,Doctorate,16,Married-civ-spouse,Exec-managerial,Husband,White,Male,15024,0,50,Canada,0.9991676460791794,0
48,Private,207277,Masters,14,Married-civ-spouse,Exec-managerial,Husband,White,Male,15024,0,40,United-States,0.9991660455525767,0
46,Private,330087,Bachelors,13,Married-civ-spouse,Exec-managerial,Husband,White,Male,15024,0,45,United-States,0.9991581113832609,0
37,Private,108140,Masters,14,Married-civ-spouse,Exec-managerial,Husband,White,Male,15024,0,45,United-States,0.9991571653504436,0
39,Self-emp-inc,114844,Prof-school,15,Married-civ-spouse,Prof-specialty,Husband,White,Male,99999,0,65,United-States,0.9991567250695912,1
50,Private,124963,Bachelors,13,Married-civ-spouse,Exec-managerial,Husband,White,Male,99999,0,55,United-States,0.9991468558021,1
52,Self-emp-inc,90363,Prof-school,15,Married-civ-spouse,Prof-specialty,Husband,White,Male,99999,0,35,United-States,0.9991466202322072,1
43,Private,176270,Bachelors,13,Married-civ-spouse,Exec-managerial,Husband,White,Male,99999,0,60,United-States,0.9991435029762984,1
32,Self-emp-inc,78530,Some-college,10,Married-civ-spouse,Exec-managerial,Husband,White,Male,15024,0,50,United-States,0.9991333447569303,0
49,Private,187370,Masters,14,Married-civ-spouse,Exec-managerial,Husband,White,Male,15024,0,50,United-States,0.9991268992906219,0
44,Private,167005,Bachelors,13,Married-civ-spouse,Exec-managerial,Husband,White,Male,7688,0,60,United-States,0.9991218982940347,0
45,Private,199058,Masters,14,Married-civ-spouse,Exec-managerial,Husband,White,Male,7298,0,50,United-States,0.9991213092270184,0
34,Private,187215,Bachelors,13,Married-civ-spouse,Prof-specialty,Wife,White,Female,15024,0,36,United-States,0.9991206239224683,0
42,Private,162140,Bachelors,13,Married-civ-spouse,Exec-managerial,Husband,White,Male,7298,0,45,United-States,0.9991181469060331,0
38,Private,100375,Prof-school,15,Married-civ-spouse,Prof-specialty,Husband,White,Male,99999,0,60,United-States,0.9991105573433536,1
44,Private,198282,Masters,14,Married-civ-spouse,Exec-managerial,Husband,White,Male,15024,0,40,United-States,0.9991083536164992,0
51,Private,338620,Masters,14,Married-civ-spouse,Exec-managerial,Husband,White,Male,15024,0,60,United-States,0.9991068153108011,0
50,Self-emp-inc,156623,Prof-school,15,Married-civ-spouse,Prof-specialty,Husband,Asian-Pac-Islander,Male,7688,0,50,Philippines,0.9990989811894805,3
47,Private,193047,Doctorate,16,Married-civ-spouse,Exec-managerial,Husband,White,Male,99999,0,50,United-States,0.9990840634677071,1
47,Private,354148,Prof-school,15,Married-civ-spouse,Prof-specialty,Husband,White,Male,99999,0,48,United-States,0.9990754458419359,1
44,Private,109912,Doctorate,16,Married-civ-spouse,Exec-managerial,Wife,White,Female,15024,0,32,United-States,0.9990685442105496,0
39,Private,176335,Masters,14,Married-civ-spouse,Exec-managerial,Husband,White,Male,7688,0,65,United-States,0.9990669885326903,0
47,Self-emp-inc,173783,Bachelors,13,Married-civ-spouse,Sales,Husband,White,Male,15024,0,60,United-States,0.9990663630459913,0
44,Self-emp-inc,153132,Bachelors,13,Married-civ-spouse,Exec-managerial,Husband,White,Male,7688,0,52,United-States,0.9990578836210516,0
43,Private,212894,Bachelors,13,Married-civ-spouse,Exec-managerial,Husband,White,Male,15024,0,50,United-States,0.9990497323118759,0
52,Self-emp-inc,89041,Masters,14,Married-civ-spouse,Exec-managerial,Husband,White,Male,15024,0,60,United-States,0.9990493132738361,0
34,Self-emp-inc,343789,Bachelors,13,Married-civ-spouse,Exec-managerial,Husband,White,Male,7688,0,55,United-States,0.9990486708219419,0
48,Private,237525,Bachelors,13,Married-civ-spouse,Exec-managerial,Husband,White,Male,7688,0,65,United-States,0.9990485517170504,0
50,Private,204447,Masters,14,Married-civ-spouse,Exec-managerial,Husband,White,Male,15024,0,65,United-States,0.9990483446184066,0
38,Private,185848,Masters,14,Married-civ-spouse,Exec-managerial,Husband,White,Male,99999,0,70,United-States,0.9990360517299001,1
38,Federal-gov,238342,Bachelors,13,Married-civ-spouse,Sales,Husband,White,Male,7688,0,42,United-States,0.9990326341749498,0
44,Self-emp-inc,120277,Bachelors,13,Married-civ-spouse,Exec-managerial,Husband,White,Male,99999,0,45,United-States,0.9990227755734604,1
39,Self-emp-not-inc,109766,Prof-school,15,Married-civ-spouse,Prof-specialty,Husband,White,Male,15024,0,50,United-States,0.9990221417815439,0
50,Private,171338,Some-college,10,Married-civ-spouse,Exec-managerial,Husband,White,Male,99999,0,50,United-States,0.9990134495517653,1
46,Private,423222,Bachelors,13,Married-civ-spouse,Exec-managerial,Husband,White,Male,7688,0,40,United-States,0.9990125965894834,0
39,Private,187098,Prof-school,15,Married-civ-spouse,Exec-managerial,Wife,White,Female,15024,0,47,United-States,0.9990116403481447,0
35,Private,86648,Prof-school,15,Married-civ-spouse,Prof-specialty,Husband,White,Male,7688,0,50,United-States,0.9990114983849749,0
38,Private,172538,Bachelors,13,Married-civ-spouse,Exec-managerial,Husband,White,Male,15024,0,50,United-States,0.9990065157937535,0
45,Private,102308,Masters,14,Married-civ-spouse,Exec-managerial,Husband,White,Male,15024,0,60,United-States,0.9990046285462113,0
37,Self-emp-inc,291518,Bachelors,13,Married-civ-spouse,Craft-repair,Husband,White,Male,15024,0,55,United-States,0.9990024233462548,0
49,Private,65087,Masters,14,Married-civ-spouse,Exec-managerial,Husband,White,Male,15024,0,50,United-States,0.9989977773625133,0
50,Private,196232,HS-grad,9,Married-civ-spouse,Exec-managerial,Husband,White,Male,7688,0,50,United-States,0.9989942869005015,0
32,Private,553405,Bachelors,13,Married-civ-spouse,Sales,Husband,White,Male,99999,0,50,United-States,0.9989914922905098,1
31,Private,203488,Bachelors,13,Married-civ-spouse,Adm-clerical,Husband,White,Male,7298,0,50,United-States,0.9989913451382558,0
50,Private,211319,Bachelors,13,Married-civ-spouse,Exec-managerial,Husband,White,Male,7298,0,50,United-States,0.9989754548131093,0
47,Self-emp-not-inc,370119,Bachelors,13,Married-civ-spouse,Sales,Husband,White,Male,15024,0,50,United-States,0.998960612396545,0
48,Private,126754,Masters,14,Married-civ-spouse,Prof-specialty,Husband,White,Male,15024,0,40,United-States,0.998958407201423,0
31,Federal-gov,130057,Masters,14,Married-civ-spouse,Exec-managerial,Husband,White,Male,7688,0,60,United-States,0.9989533216296108,0
55,Private,229029,Bachelors,13,Married-civ-spouse,Exec-managerial,Husband,White,Male,15024,0,48,United-States,0.9989509690438584,0
54,Self-emp-not-inc,269068,Prof-school,15,Married-civ-spouse,Prof-specialty,Husband,Asian-Pac-Islander,Male,99999,0,50,Philippines,0.9989483208400243,4
46,State-gov,250821,Prof-school,15,Married-civ-spouse,Exec-managerial,Husband,White,Male,15024,0,40,United-States,0.9989380252154613,0
41,Private,35166,Prof-school,15,Married-civ-spouse,Prof-specialty,Husband,White,Male,15024,0,50,United-States,0.9989329292382985,0
53,Local-gov,202733,Masters,14,Married-civ-spouse,Exec-managerial,Husband,White,Male,7688,0,70,United-States,0.9989306081463667,1
49,Private,83610,Bachelors,13,Married-civ-spouse,Exec-managerial,Husband,White,Male,7688,0,66,United-States,0.9989300276786728,0
32,Private,126132,Bachelors,13,Married-civ-spouse,Exec-managerial,Husband,White,Male,15024,0,50,United-States,0.9989269459532144,0
52,Local-gov,199995,Masters,14,Married-civ-spouse,Exec-managerial,Husband,White,Male,7298,0,60,United-States,0.9989260928317593,0
46,Private,176814,Prof-school,15,Married-civ-spouse,Prof-specialty,Husband,White,Male,99999,0,50,United-States,0.9989256969217907,1
44,Self-emp-inc,118212,Bachelors,13,Married-civ-spouse,Exec-managerial,Husband,White,Male,99999,0,70,United-States,0.9989224286326169,1
40,Private,198873,Prof-school,15,Married-civ-spouse,Prof-specialty,Wife,White,Female,15024,0,30,United-States,0.9989200513911383,0
42,Private,190179,Bachelors,13,Married-civ-spouse,Prof-specialty,Husband,White,Male,99999,0,40,United-States,0.998917419444927,1
41,Private,106679,Masters,14,Never-married,Exec-managerial,Not-in-family,White,Male,27828,0,50,United-States,0.9989148449918135,1
38,Private,114591,Bachelors,13,Married-civ-spouse,Prof-specialty,Wife,White,Female,15024,0,40,United-States,0.9989119769572441,0
57,Federal-gov,42298,Masters,14,Married-civ-spouse,Exec-managerial,Husband,Black,Male,15024,0,40,United-States,0.9989112877932689,0
43,Private,352005,Bachelors,13,Married-civ-spouse,Sales,Husband,White,Male,15024,0,45,United-States,0.9989108796518246,0
44,Private,230684,Bachelors,13,Married-civ-spouse,Exec-managerial,Husband,White,Male,7688,0,50,United-States,0.9989070814813348,0
38,Private,409604,Bachelors,13,Married-civ-spouse,Exec-managerial,Husband,White,Male,15024,0,40,United-States,0.9989064821754295,0
43,Private,194726,Prof-school,15,Married-civ-spouse,Prof-specialty,Husband,White,Male,15024,0,55,United-States,0.9989038303415639,0
42,Private,383493,Some-college,10,Married-civ-spouse,Exec-managerial,Husband,White,Male,15024,0,50,United-States,0.9989022362568675,0
51,State-gov,231495,Doctorate,16,Married-civ-spouse,Exec-managerial,Husband,White,Male,7688,0,55,United-States,0.9988981894204342,0
50,Self-emp-inc,155574,Masters,14,Married-civ-spouse,Prof-specialty,Husband,White,Male,7298,0,50,United-States,0.9988926281596328,0
51,Private,159755,Bachelors,13,Married-civ-spouse,Exec-managerial,Husband,White,Male,7688,0,40,United-States,0.9988925208116058,0
52,Private,147876,Bachelors,13,Married-civ-spouse,Sales,Wife,White,Female,15024,0,60,United-States,0.998891130654676,0
42,Private,176063,Assoc-voc,11,Married-civ-spouse,Exec-managerial,Husband,White,Male,15024,0,55,United-States,0.9988910757038839,0
32,Private,222221,Assoc-voc,11,Married-civ-spouse,Prof-specialty,Husband,White,Male,7298,0,42,United-States,0.9988888229629974,0
44,Private,332401,Prof-school,15,Married-civ-spouse,Prof-specialty,Husband,White,Male,99999,0,65,United-States,0.9988793022873911,1
45,Local-gov,215862,Doctorate,16,Married-civ-spouse,Exec-managerial,Husband,White,Male,7688,0,45,United-States,0.9988746372246533,0
55,Private,115439,Prof-school,15,Married-civ-spouse,Exec-managerial,Husband,White,Male,99999,0,40,United-States,0.9988724429523699,1
41,Private,320984,Prof-school,15,Married-civ-spouse,Prof-specialty,Husband,White,Male,99999,0,65,United-States,0.9988691947655124,1
31,Local-gov,381153,Some-college,10,Married-civ-spouse,Protective-serv,Husband,White,Male,15024,0,56,United-States,0.9988582586757688,0
51,Self-emp-inc,167793,Bachelors,13,Married-civ-spouse,Exec-managerial,Husband,White,Male,15024,0,40,United-States,0.9988520024044205,0
48,Self-emp-inc,54190,Prof-school,15,Married-civ-spouse,Prof-specialty,Husband,White,Male,15024,0,40,United-States,0.998847065012338,0
50,Private,98975,Bachelors,13,Married-civ-spouse,Exec-managerial,Husband,White,Male,15024,0,40,United-States,0.9988461676636546,0
34,Private,167497,Some-college,10,Married-civ-spouse,Exec-managerial,Wife,White,Female,7688,0,50,United-States,0.9988460770777421,0
46,Private,360096,Bachelors,13,Married-civ-spouse,Exec-managerial,Husband,White,Male,15024,0,60,United-States,0.9988425301833994,0
49,Self-emp-inc,58359,Some-college,10,Married-civ-spouse,Exec-managerial,Husband,White,Male,15024,0,50,United-States,0.9988386251423279,0
38,Private,190895,Bachelors,13,Married-civ-spouse,Exec-managerial,Husband,White,Male,7298,0,50,United-States,0.9988365708155358,0
44,Private,145441,Bachelors,13,Married-civ-spouse,Exec-managerial,Husband,White,Male,7298,0,48,United-States,0.9988324621482516,0
41,Private,138975,Bachelors,13,Married-civ-spouse,Exec-managerial,Husband,White,Male,7688,0,45,United-States,0.9988246326822998,0
37,Private,178948,Bachelors,13,Married-civ-spouse,Exec-managerial,Wife,White,Female,7688,0,45,United-States,0.9988239765078346,0
46,Federal-gov,207022,Bachelors,13,Married-civ-spouse,Exec-managerial,Husband,White,Male,7688,0,40,United-States,0.998823522057736,0
44,Private,116825,Prof-school,15,Married-civ-spouse,Prof-specialty,Husband,White,Male,15024,0,80,United-States,0.9988225244353341,1
52,Self-emp-inc,114758,Bachelors,13,Married-civ-spouse,Sales,Husband,White,Male,15024,0,50,United-States,0.998820413507287,0
53,State-gov,50048,Doctorate,16,Married-civ-spouse,Prof-specialty,Husband,White,Male,7688,0,50,United-States,0.9988196552800802,0
50,Local-gov,311551,Masters,14,Married-civ-spouse,Prof-specialty,Husband,White,Male,7688,0,50,United-States,0.9988170305511508,0
38,Private,38312,Bachelors,13,Married-civ-spouse,Exec-managerial,Husband,White,Male,15024,0,65,United-States,0.9988118883965114,0
43,Private,258049,Masters,14,Married-civ-spouse,Exec-managerial,Husband,White,Male,7688,0,53,United-States,0.9988115413711423,0
47,Private,323798,Prof-school,15,Married-civ-spouse,Prof-specialty,Husband,White,Male,15024,0,55,United-States,0.9988065521862485,0
32,Private,447066,Bachelors,13,Married-civ-spouse,Sales,Husband,Black,Male,15024,0,50,United-States,0.9988053181141652,0
38,Private,111398,Bachelors,13,Married-civ-spouse,Prof-specialty,Wife,White,Female,7688,0,40,United-States,0.998804713621006,0
47,Private,102308,Masters,14,Married-civ-spouse,Exec-managerial,Husband,White,Male,99999,0,50,United-States,0.9988018592273354,1
39,Private,177154,Bachelors,13,Married-civ-spouse,Sales,Husband,White,Male,15024,0,50,United-States,0.9987983582497105,0
43,Private,462180,Prof-school,15,Married-civ-spouse,Prof-specialty,Husband,White,Male,99999,0,60,United-States,0.9987968710267693,1
43,Self-emp-inc,62026,Prof-school,15,Married-civ-spouse,Exec-managerial,Husband,White,Male,99999,0,40,United-States,0.9987958870281749,1
39,Private,190297,Doctorate,16,Married-civ-spouse,Prof-specialty,Husband,White,Male,99999,0,55,United-States,0.9987947638899316,1
43,Private,180599,Prof-school,15,Married-civ-spouse,Prof-specialty,Husband,White,Male,15024,0,60,United-States,0.9987883579889839,0
41,Self-emp-inc,220821,Bachelors,13,Married-civ-spouse,Exec-managerial,Husband,White,Male,7688,0,40,United-States,0.9987862748554992,0
37,Local-gov,287306,Assoc-acdm,12,Married-civ-spouse,Prof-specialty,Wife,Black,Female,99999,0,40,?,0.9987839248713334,4
40,Self-emp-inc,191429,Prof-school,15,Married-civ-spouse,Prof-specialty,Husband,White,Male,15024,0,40,United-States,0.9987834769321974,0
50,Private,138852,Masters,14,Married-civ-spouse,Exec-managerial,Husband,White,Male,15024,0,50,United-States,0.9987831318502037,0
47,Private,334039,Bachelors,13,Married-civ-spouse,Exec-managerial,Husband,White,Male,7298,0,44,United-States,0.9987759475710508,0
45,State-gov,190406,Prof-school,15,Divorced,Prof-specialty,Unmarried,Black,Male,25236,0,36,United-States,0.9987757505827517,2
40,Self-emp-not-inc,223881,Prof-school,15,Married-civ-spouse,Prof-specialty,Husband,White,Male,99999,0,70,United-States,0.9987743410343628,1
50,Self-emp-inc,158294,Prof-school,15,Married-civ-spouse,Prof-specialty,Husband,White,Male,99999,0,80,United-States,0.9987728802592447,1
47,Private,120781,Masters,14,Married-civ-spouse,Exec-managerial,Husband,Asian-Pac-Islander,Male,15024,0,40,?,0.9987699709782442,1
35,Private,183898,Assoc-voc,11,Married-civ-spouse,Exec-managerial,Husband,White,Male,7298,0,50,United-States,0.9987649611179047,0
53,Private,366957,Bachelors,13,Married-civ-spouse,Exec-managerial,Husband,Asian-Pac-Islander,Male,99999,0,50,India,0.9987637537643412,2
36,Private,237943,Masters,14,Married-civ-spouse,Exec-managerial,Husband,White,Male,15024,0,50,United-States,0.9987629297701777,0
39,Self-emp-not-inc,126569,Prof-school,15,Married-civ-spouse,Prof-specialty,Husband,White,Male,15024,0,60,United-States,0.9987607368875351,0
49,Self-emp-inc,362654,Some-college,10,Married-civ-spouse,Exec-managerial,Husband,White,Male,15024,0,50,United-States,0.9987593262656097,0
40,Private,88909,Bachelors,13,Married-civ-spouse,Exec-managerial,Husband,White,Male,15024,0,50,United-States,0.9987503721212266,0
54,Self-emp-inc,129432,Bachelors,13,Married-civ-spouse,Exec-managerial,Husband,White,Male,15024,0,40,United-States,0.9987435880334932,0
32,Private,167531,Prof-school,15,Married-civ-spouse,Prof-specialty,Wife,Asian-Pac-Islander,Female,15024,0,50,United-States,0.9987378235014736,1
45,Private,266860,Masters,14,Married-civ-spouse,Exec-managerial,Husband,White,Male,15024,0,50,United-States,0.9987377584184216,0
37,Private,121521,Prof-school,15,Married-civ-spouse,Prof-specialty,Husband,White,Male,15024,0,45,United-States,0.9987340923327906,0
35,Self-emp-not-inc,202027,Masters,14,Married-civ-spouse,Exec-managerial,Husband,White,Male,7688,0,55,United-States,0.998733570832319,0
45,Private,178319,Doctorate,16,Married-civ-spouse,Prof-specialty,Husband,White,Male,7688,0,50,United-States,0.9987318125977397,0
38,Private,146091,Doctorate,16,Married-civ-spouse,Exec-managerial,Wife,White,Female,99999,0,36,United-States,0.9987305948252481,1
40,Private,195394,Assoc-acdm,12,Married-civ-spouse,Prof-specialty,Husband,White,Male,7688,0,40,United-States,0.9987291060491666,0
30,Private,271710,Bachelors,13,Married-civ-spouse,Sales,Husband,White,Male,7298,0,50,United-States,0.9987274331203289,0
49,Self-emp-inc,191277,Some-college,10,Married-civ-spouse,Exec-managerial,Husband,White,Male,15024,0,50,United-States,0.9987255425195464,0
33,Private,251120,Bachelors,13,Married-civ-spouse,Sales,Husband,White,Male,7688,0,50,United-States,0.9987244926953793,0
55,Private,227856,Bachelors,13,Married-civ-spouse,Exec-managerial,Husband,White,Male,7298,0,60,United-States,0.9987217807692448,0
53,Private,149784,Bachelors,13,Married-civ-spouse,Prof-specialty,Husband,White,Male,7688,0,40,United-States,0.9987197677948373,0
54,Private,99185,Doctorate,16,Married-civ-spouse,Prof-specialty,Husband,White,Male,15024,0,45,United-States,0.9987092017439135,0
50,Private,108435,Masters,14,Married-civ-spouse,Exec-managerial,Husband,White,Male,99999,0,60,United-States,0.9987025350714989,1
38,State-gov,134069,Masters,14,Married-civ-spouse,Exec-managerial,Husband,White,Male,7298,0,60,United-States,0.9987001045021351,0
53,Private,158294,Masters,14,Married-civ-spouse,Prof-specialty,Husband,White,Male,7298,0,40,United-States,0.9986978981840385,0
50,Private,160724,Masters,14,Married-civ-spouse,Exec-managerial,Husband,Asian-Pac-Islander,Male,7298,0,40,Philippines,0.9986939893615306,1
34,Private,252646,Some-college,10,Married-civ-spouse,Prof-specialty,Husband,White,Male,7298,0,50,United-States,0.9986930788631404,0
48,Private,38950,Bachelors,13,Married-civ-spouse,Exec-managerial,Husband,White,Male,15024,0,50,United-States,0.9986902715905983,0
51,Private,145714,Masters,14,Married-civ-spouse,Exec-managerial,Husband,White,Male,99999,0,50,?,0.998683278824147,1
46,Private,370119,Prof-school,15,Married-civ-spouse,Prof-specialty,Husband,White,Male,99999,0,60,United-States,0.9986723963699542,1
52,Self-emp-inc,234286,HS-grad,9,Married-civ-spouse,Exec-managerial,Husband,White,Male,15024,0,40,United-States,0.9986645744692731,0
51,Private,48343,Masters,14,Married-civ-spouse,Exec-managerial,Husband,White,Male,7298,0,50,United-States,0.9986582201330475,0
41,Private,101593,Masters,14,Married-civ-spouse,Prof-specialty,Husband,White,Male,15024,0,50,United-States,0.9986511291894637,0
40,State-gov,199381,Masters,14,Married-civ-spouse,Prof-specialty,Wife,White,Female,15024,0,37,United-States,0.9986509892362755,0
40,Federal-gov,121012,Bachelors,13,Married-civ-spouse,Adm-clerical,Husband,White,Male,7298,0,48,United-States,0.9986439912005509,0
34,Private,177437,Some-college,10,Married-civ-spouse,Craft-repair,Husband,White,Male,15024,0,45,United-States,0.9986430137589957,0
44,Private,172479,Bachelors,13,Married-civ-spouse,Prof-specialty,Husband,White,Male,7688,0,40,United-States,0.9986419623743358,0
51,Private,293196,Doctorate,16,Married-civ-spouse,Prof-specialty,Husband,White,Male,15024,0,60,Iran,0.998638811871129,1
33,Private,182926,Bachelors,13,Married-civ-spouse,Exec-managerial,Husband,White,Male,15024,0,50,United-States,0.9986386731762004,0
37,Self-emp-not-inc,164526,Doctorate,16,Never-married,Prof-specialty,Not-in-family,White,Male,14084,0,45,United-States,0.9986324319185933,1
55,Private,197399,Masters,14,Married-civ-spouse,Exec-managerial,Husband,White,Male,99999,0,55,United-States,0.9986248664906191,1
51,Private,154342,Masters,14,Married-civ-spouse,Prof-specialty,Husband,White,Male,7688,0,45,United-States,0.9986213811998923,0
40,Self-emp-inc,182437,Assoc-acdm,12,Married-civ-spouse,Sales,Husband,White,Male,15024,0,50,United-States,0.998621244755647,0
40,Private,287008,Prof-school,15,Married-civ-spouse,Prof-specialty,Husband,White,Male,15024,0,55,Germany,0.9986210500437454,0
47,Private,355320,Bachelors,13,Married-civ-spouse,Prof-specialty,Husband,White,Male,15024,0,40,United-States,0.998620884951541,0
32,Federal-gov,42900,Prof-school,15,Married-civ-spouse,Prof-specialty,Husband,White,Male,15024,0,50,United-States,0.9986134016425474,0
37,Self-emp-inc,186359,HS-grad,9,Married-civ-spouse,Sales,Husband,White,Male,7688,0,60,United-States,0.9986081312805374,0
57,Private,127728,Bachelors,13,Married-civ-spouse,Exec-managerial,Husband,White,Male,15024,0,50,United-States,0.9986079345401583,0
38,Private,192337,Bachelors,13,Married-civ-spouse,Exec-managerial,Husband,White,Male,7688,0,40,United-States,0.9986067576824079,0
52,Private,118025,Bachelors,13,Married-civ-spouse,Exec-managerial,Husband,White,Male,99999,0,50,United-States,0.9986056506297538,1
39,Private,103925,Bachelors,13,Married-civ-spouse,Prof-specialty,Wife,White,Female,7688,0,32,United-States,0.9985994362835128,0
40,Self-emp-not-inc,237293,Prof-school,15,Married-civ-spouse,Prof-specialty,Wife,White,Female,15024,0,40,United-States,0.9985979281745574,0
40,Self-emp-inc,157240,Masters,14,Married-civ-spouse,Exec-managerial,Wife,White,Female,15024,0,30,Iran,0.9985925172738371,0
49,Private,195612,Some-college,10,Married-civ-spouse,Exec-managerial,Husband,White,Male,7298,0,40,United-States,0.9985907056959529,0
37,Private,148015,Bachelors,13,Married-civ-spouse,Prof-specialty,Wife,Black,Female,15024,0,40,United-States,0.99858763520675,0
44,Private,148138,Doctorate,16,Married-civ-spouse,Exec-managerial,Husband,Asian-Pac-Islander,Male,15024,0,40,Japan,0.9985849969223106,2
46,Private,102569,Masters,14,Married-civ-spouse,Exec-managerial,Husband,White,Male,15024,0,65,United-States,0.9985838975716325,0
41,Self-emp-inc,253060,Bachelors,13,Married-civ-spouse,Sales,Husband,White,Male,7688,0,45,United-States,0.9985739002634911,0
41,Private,222596,Bachelors,13,Married-civ-spouse,Sales,Husband,White,Male,15024,0,45,United-States,0.9985705948901138,0
39,Private,198841,Masters,14,Married-civ-spouse,Prof-specialty,Husband,White,Male,7688,0,45,United-States,0.9985657878131411,0
32,Private,134737,Bachelors,13,Married-civ-spouse,Prof-specialty,Husband,White,Male,99999,0,50,United-States,0.9985652753787095,1
41,Self-emp-inc,194636,Bachelors,13,Married-civ-spouse,Sales,Husband,White,Male,99999,0,65,United-States,0.9985608149536789,1
34,Private,203408,Bachelors,13,Married-civ-spouse,Prof-specialty,Husband,White,Male,7688,0,50,United-States,0.998542755302149,0
41,Private,149909,Bachelors,13,Married-civ-spouse,Sales,Husband,White,Male,7688,0,50,United-States,0.9985407766097946,0
40,Private,154374,Masters,14,Married-civ-spouse,Prof-specialty,Husband,White,Male,7688,0,40,United-States,0.9985381096778464,0
42,Self-emp-not-inc,201908,Prof-school,15,Married-civ-spouse,Prof-specialty,Husband,White,Male,99999,0,50,United-States,0.9985303518414471,1
52,Private,284329,Assoc-voc,11,Married-civ-spouse,Prof-specialty,Husband,White,Male,15024,0,40,United-States,0.9985296502519515,0
41,Self-emp-not-inc,169023,Bachelors,13,Married-civ-spouse,Adm-clerical,Wife,White,Female,7688,0,40,United-States,0.9985250793010053,0
42,Private,175943,Assoc-voc,11,Married-civ-spouse,Exec-managerial,Wife,White,Female,7298,0,35,United-States,0.9985250607024688,0
44,Private,120277,Bachelors,13,Married-civ-spouse,Prof-specialty,Husband,White,Male,15024,0,50,Italy,0.998516258301011,0
37,Private,183800,Bachelors,13,Married-civ-spouse,Prof-specialty,Husband,White,Male,7688,0,50,United-States,0.9985150849039728,0
54,Private,249322,Bachelors,13,Married-civ-spouse,Sales,Husband,White,Male,7688,0,50,United-States,0.9985150440775182,0
57,Self-emp-inc,172654,Prof-school,15,Married-civ-spouse,Transport-moving,Husband,White,Male,15024,0,50,United-States,0.9985139817392394,0
30,Private,159589,Bachelors,13,Married-civ-spouse,Prof-specialty,Husband,White,Male,7688,0,50,United-States,0.9985078122902215,0
60,Self-emp-inc,197553,Some-college,10,Married-civ-spouse,Exec-managerial,Husband,White,Male,7688,0,50,United-States,0.9985042532397673,0
44,Private,242521,Bachelors,13,Married-civ-spouse,Sales,Husband,White,Male,7688,0,50,United-States,0.9985027569080134,0
52,Private,186303,Some-college,10,Married-civ-spouse,Exec-managerial,Husband,White,Male,15024,0,55,Canada,0.9985009195341036,0
42,Private,150533,Some-college,10,Married-civ-spouse,Exec-managerial,Husband,White,Male,7298,0,52,United-States,0.998500829858528,0
47,Private,294913,Prof-school,15,Married-civ-spouse,Exec-managerial,Husband,White,Male,99999,0,40,United-States,0.9984998830240907,1
37,Local-gov,233825,Bachelors,13,Married-civ-spouse,Prof-specialty,Wife,White,Female,15024,0,50,United-States,0.9984965598725869,0
46,Federal-gov,341762,Bachelors,13,Married-civ-spouse,Prof-specialty,Husband,White,Male,7688,0,45,United-States,0.9984931110990414,0
52,Private,338816,Some-college,10,Married-civ-spouse,Exec-managerial,Husband,White,Male,15024,0,45,United-States,0.9984920354919501,0
46,Self-emp-inc,198660,Bachelors,13,Married-civ-spouse,Sales,Husband,White,Male,99999,0,72,United-States,0.9984887598919251,1
35,Private,99357,Masters,14,Married-civ-spouse,Prof-specialty,Wife,White,Female,15024,0,50,United-States,0.9984795931400647,0
48,State-gov,171926,Prof-school,15,Married-civ-spouse,Prof-specialty,Husband,White,Male,15024,0,50,United-States,0.9984773285114296,0
54,Self-emp-inc,223752,Bachelors,13,Married-civ-spouse,Exec-managerial,Husband,White,Male,7688,0,40,?,0.9984729022482486,0
32,Private,204567,Bachelors,13,Married-civ-spouse,Sales,Husband,White,Male,99999,0,60,United-States,0.9984708313981261,1
43,State-gov,139734,Bachelors,13,Married-civ-spouse,Exec-managerial,Husband,White,Male,15024,0,40,United-States,0.9984705944375564,0
57,Private,180779,Bachelors,13,Married-civ-spouse,Prof-specialty,Husband,White,Male,7298,0,40,United-States,0.9984702634496636,0
60,State-gov,165827,Doctorate,16,Married-civ-spouse,Prof-specialty,Husband,White,Male,7688,0,60,United-States,0.9984699283111141,0
49,Private,198759,Assoc-acdm,12,Married-civ-spouse,Sales,Husband,White,Male,15024,0,60,United-States,0.9984649314905103,0
37,Private,171150,Bachelors,13,Married-civ-spouse,Sales,Husband,White,Male,99999,0,60,United-States,0.9984585499997053,1
50,Self-emp-inc,302708,Bachelors,13,Married-civ-spouse,Exec-managerial,Husband,Asian-Pac-Islander,Male,7688,0,50,Japan,0.9984556162572706,1
33,Private,192002,Masters,14,Married-civ-spouse,Exec-managerial,Husband,White,Male,7298,0,60,Canada,0.9984555952520233,0
38,State-gov,110426,Doctorate,16,Married-civ-spouse,Prof-specialty,Wife,White,Female,7688,0,40,?,0.9984532863756324,0
42,Private,252518,Prof-school,15,Married-civ-spouse,Exec-managerial,Husband,White,Male,15024,0,40,United-States,0.9984528543579089,0
43,Private,183273,Masters,14,Married-civ-spouse,Exec-managerial,Wife,White,Female,15024,0,32,United-States,0.9984477343572775,0
36,Private,261382,Masters,14,Married-civ-spouse,Sales,Husband,White,Male,15024,0,45,United-States,0.9984452657842299,0
36,Private,115834,Assoc-voc,11,Married-civ-spouse,Exec-managerial,Wife,White,Female,7298,0,55,United-States,0.9984442175271423,0
47,Private,162741,Assoc-acdm,12,Married-civ-spouse,Prof-specialty,Wife,Black,Female,15024,0,40,United-States,0.9984438260107308,0
43,Local-gov,188291,Prof-school,15,Married-civ-spouse,Prof-specialty,Husband,White,Male,15024,0,45,United-States,0.9984364840032064,0
37,Private,359001,Assoc-voc,11,Married-civ-spouse,Transport-moving,Husband,White,Male,15024,0,50,United-States,0.9984320314374654,0
39,Private,194404,Masters,14,Married-civ-spouse,Prof-specialty,Husband,White,Male,7688,0,40,United-States,0.9984313240323717,0
40,Private,111483,Bachelors,13,Married-civ-spouse,Exec-managerial,Husband,White,Male,7298,0,40,United-States,0.9984300864854928,0
44,Self-emp-inc,56651,Some-college,10,Married-civ-spouse,Exec-managerial,Husband,White,Male,7688,0,45,United-States,0.9984296108674312,0
42,State-gov,190044,Bachelors,13,Married-civ-spouse,Exec-managerial,Husband,White,Male,15024,0,50,United-States,0.9984214059424451,0
48,Private,102359,Bachelors,13,Married-civ-spouse,Exec-managerial,Husband,White,Male,7298,0,60,United-States,0.9984185823488725,0
46,Private,98637,Bachelors,13,Married-civ-spouse,Exec-managerial,Husband,White,Male,7298,0,50,United-States,0.9984185823488725,0
40,Private,121874,Assoc-acdm,12,Married-civ-spouse,Sales,Husband,White,Male,7688,0,50,United-States,0.9984131972595353,0
41,Self-emp-not-inc,153132,Prof-school,15,Married-civ-spouse,Exec-managerial,Husband,White,Male,15024,0,40,United-States,0.998411965690419,0
31,Private,43819,Bachelors,13,Married-civ-spouse,Prof-specialty,Wife,White,Female,7688,0,43,United-States,0.9984092038988828,0
36,Private,174717,Bachelors,13,Married-civ-spouse,Prof-specialty,Husband,White,Male,7688,0,40,United-States,0.9984009370640866,0
57,Federal-gov,425161,Masters,14,Married-civ-spouse,Sales,Husband,White,Male,15024,0,40,United-States,0.9983925159660728,0
46,Private,121124,Assoc-acdm,12,Married-civ-spouse,Exec-managerial,Husband,White,Male,15024,0,50,United-States,0.9983924293356192,0
50,Private,147629,Masters,14,Married-civ-spouse,Prof-specialty,Husband,White,Male,15024,0,45,United-States,0.9983912295597506,0
50,Private,43764,Doctorate,16,Married-civ-spouse,Prof-specialty,Husband,White,Male,15024,0,50,United-States,0.9983880918101685,0
59,Self-emp-inc,31359,Masters,14,Married-civ-spouse,Exec-managerial,Husband,White,Male,15024,0,80,United-States,0.9983803166308484,1
47,Private,121124,Bachelors,13,Married-civ-spouse,Craft-repair,Husband,White,Male,15024,0,50,United-States,0.9983798884910131,0
32,Self-emp-inc,275094,Bachelors,13,Married-civ-spouse,Sales,Husband,White,Male,7688,0,55,Mexico,0.9983789649873664,0
60,Private,93997,Bachelors,13,Married-civ-spouse,Exec-managerial,Husband,White,Male,15024,0,45,United-States,0.9983739415865452,0
51,Federal-gov,223206,Doctorate,16,Married-civ-spouse,Prof-specialty,Husband,Asian-Pac-Islander,Male,15024,0,40,Vietnam,0.9983703603730224,3
52,Self-emp-not-inc,64045,Prof-school,15,Married-civ-spouse,Prof-specialty,Husband,White,Male,99999,0,45,United-States,0.9983646544043602,1
52,Self-emp-inc,254211,Masters,14,Married-civ-spouse,Prof-specialty,Husband,White,Male,15024,0,60,United-States,0.9983602601744195,0
55,Self-emp-inc,392325,Bachelors,13,Married-civ-spouse,Sales,Husband,White,Male,99999,0,60,United-States,0.9983567365284904,1
32,Private,252752,Masters,14,Never-married,Exec-managerial,Not-in-family,White,Female,13550,0,60,United-States,0.9983540796114025,1
34,Private,242460,Bachelors,13,Married-civ-spouse,Exec-managerial,Husband,White,Male,7688,0,40,United-States,0.9983529730459707,0
43,Self-emp-not-inc,421837,Some-college,10,Married-civ-spouse,Sales,Husband,White,Male,7298,0,50,Mexico,0.9983502163283674,0
51,Private,221672,Masters,14,Married-civ-spouse,Sales,Husband,White,Male,15024,0,50,United-States,0.9983417513482019,0
32,Self-emp-inc,317660,HS-grad,9,Married-civ-spouse,Craft-repair,Husband,White,Male,7688,0,40,United-States,0.9983393341643434,0
38,Private,167140,Prof-school,15,Married-civ-spouse,Prof-specialty,Husband,White,Male,99999,0,70,United-States,0.9983373395844607,1
35,Private,119098,Doctorate,16,Married-civ-spouse,Prof-specialty,Husband,White,Male,7298,0,40,United-States,0.9983361341522193,0
36,Private,223433,Masters,14,Married-civ-spouse,Sales,Husband,White,Male,7688,0,50,United-States,0.998334719237245,0
41,Private,122215,Masters,14,Married-civ-spouse,Prof-specialty,Husband,White,Male,15024,0,40,United-States,0.9983262921478222,0
47,Private,98012,Masters,14,Married-civ-spouse,Prof-specialty,Wife,White,Female,7688,0,40,United-States,0.998325719545411,0
38,Private,87556,Bachelors,13,Married-civ-spouse,Exec-managerial,Husband,White,Male,7688,0,55,United-States,0.9983225703154032,0
28,Private,207513,Bachelors,13,Married-civ-spouse,Sales,Husband,White,Male,7298,0,42,United-States,0.9983219769809853,0
44,State-gov,141858,Prof-school,15,Married-civ-spouse,Prof-specialty,Husband,White,Male,15024,0,75,United-States,0.9983147295037051,1
39,Private,173175,Bachelors,13,Married-civ-spouse,Exec-managerial,Husband,White,Male,15024,0,50,United-States,0.9983122636606326,0
57,Self-emp-inc,119253,Masters,14,Married-civ-spouse,Sales,Husband,White,Male,15024,0,65,United-States,0.9983074129548752,0
58,Private,123436,Bachelors,13,Married-civ-spouse,Exec-managerial,Husband,White,Male,7688,0,50,United-States,0.9983073534206665,0
55,State-gov,296991,Prof-school,15,Married-civ-spouse,Prof-specialty,Husband,White,Male,15024,0,40,United-States,0.998303570651381,0
35,Private,64922,Bachelors,13,Married-civ-spouse,Exec-managerial,Husband,White,Male,7688,0,50,United-States,0.9983028442923672,0
31,State-gov,373432,Bachelors,13,Married-civ-spouse,Prof-specialty,Husband,White,Male,7298,0,55,United-States,0.9983013447010881,0
45,Private,543922,Masters,14,Divorced,Transport-moving,Not-in-family,White,Male,14344,0,48,United-States,0.9982995393273657,1
46,State-gov,27243,Doctorate,16,Married-civ-spouse,Prof-specialty,Husband,White,Male,7688,0,45,United-States,0.9982989711449723,0
49,Federal-gov,586657,Bachelors,13,Married-civ-spouse,Exec-managerial,Husband,White,Male,7298,0,40,United-States,0.9982964953234474,1
48,Private,155659,Assoc-voc,11,Married-civ-spouse,Craft-repair,Husband,White,Male,7688,0,40,United-States,0.9982897253376295,0
34,Private,340940,Bachelors,13,Married-civ-spouse,Sales,Husband,White,Male,7298,0,60,United-States,0.9982877017494332,0
38,Private,245372,Bachelors,13,Married-civ-spouse,Prof-specialty,Husband,White,Male,7688,0,45,United-States,0.9982846300960561,0
39,Private,174242,Bachelors,13,Married-civ-spouse,Exec-managerial,Husband,White,Male,15024,0,60,United-States,0.9982787067591027,0
48,Private,189462,Some-college,10,Married-civ-spouse,Craft-repair,Husband,White,Male,7688,0,40,United-States,0.9982755206390632,0
40,Private,219266,HS-grad,9,Married-civ-spouse,Exec-managerial,Husband,White,Male,7688,0,50,United-States,0.9982719619076005,0
42,Private,87284,Prof-school,15,Married-civ-spouse,Prof-specialty,Husband,White,Male,7298,0,35,United-States,0.9982703184930308,0
52,Private,145166,Bachelors,13,Married-civ-spouse,Exec-managerial,Husband,White,Male,15024,0,55,United-States,0.9982700138368928,0
56,Private,367984,Assoc-voc,11,Married-civ-spouse,Exec-managerial,Husband,White,Male,15024,0,40,United-States,0.9982680579167669,0
45,Private,390368,Some-college,10,Married-civ-spouse,Sales,Husband,Black,Male,15024,0,99,United-States,0.9982654432988141,1
49,Private,309033,Assoc-voc,11,Married-civ-spouse,Prof-specialty,Wife,White,Female,15024,0,60,United-States,0.9982627607546255,0
66,State-gov,162945,Prof-school,15,Married-civ-spouse,Exec-managerial,Husband,Black,Male,20051,0,55,United-States,0.9982624273909518,2
56,Federal-gov,156229,Bachelors,13,Married-civ-spouse,Exec-managerial,Husband,White,Male,7688,0,40,United-States,0.998258520277751,0
53,State-gov,43952,Masters,14,Married-civ-spouse,Exec-managerial,Husband,White,Male,15024,0,38,United-States,0.9982572487758014,0
46,Private,110171,Masters,14,Married-civ-spouse,Prof-specialty,Husband,White,Male,15024,0,50,United-States,0.9982421470953202,0
30,Private,340917,Masters,14,Married-civ-spouse,Exec-managerial,Husband,White,Male,15024,0,60,United-States,0.9982373768681658,0
36,Self-emp-inc,306156,Some-college,10,Married-civ-spouse,Sales,Husband,White,Male,15024,0,60,United-States,0.9982371804474612,0
34,Private,191856,Some-college,10,Married-civ-spouse,Exec-managerial,Wife,White,Female,7298,0,40,United-States,0.9982359849330643,0
57,Private,199847,Bachelors,13,Married-civ-spouse,Exec-managerial,Husband,White,Male,15024,0,60,United-States,0.9982358951308137,0
40,Private,177905,Assoc-voc,11,Married-civ-spouse,Exec-managerial,Husband,White,Male,7688,0,44,United-States,0.998231230457335,0
39,Private,375452,Prof-school,15,Married-civ-spouse,Exec-managerial,Wife,White,Female,15024,0,48,United-States,0.9982309149322633,0
46,Private,197332,Masters,14,Married-civ-spouse,Prof-specialty,Husband,White,Male,7688,0,46,United-States,0.9982280459628529,0
50,Local-gov,145166,Masters,14,Married-civ-spouse,Prof-specialty,Husband,White,Male,7298,0,40,United-States,0.9982205663534068,0
47,Private,246739,Bachelors,13,Married-civ-spouse,Exec-managerial,Husband,White,Male,99999,0,55,United-States,0.9982132919786451,1
39,Private,79331,Masters,14,Married-civ-spouse,Exec-managerial,Husband,Asian-Pac-Islander,Male,15024,0,40,United-States,0.9982073996111329,1
55,Private,199067,Bachelors,13,Married-civ-spouse,Exec-managerial,Husband,White,Male,15024,0,42,United-States,0.9982035943180737,0
50,Local-gov,259377,Masters,14,Married-civ-spouse,Prof-specialty,Wife,White,Female,15024,0,40,United-States,0.9982004731438606,0
51,Self-emp-inc,54342,Prof-school,15,Divorced,Prof-specialty,Not-in-family,White,Male,27828,0,60,United-States,0.9981999211401231,1
39,Private,202027,Bachelors,13,Married-civ-spouse,Exec-managerial,Husband,White,Male,15024,0,45,United-States,0.9981981248600279,0
56,Self-emp-inc,211804,Bachelors,13,Married-civ-spouse,Sales,Husband,White,Male,15024,0,50,United-States,0.9981954369314158,0
51,Private,44000,Masters,14,Married-civ-spouse,Prof-specialty,Wife,White,Female,99999,0,50,United-States,0.9981898100854676,1
41,Self-emp-inc,177905,Bachelors,13,Married-civ-spouse,Exec-managerial,Husband,White,Male,7688,0,70,United-States,0.9981897006689778,0
43,Private,191814,Assoc-acdm,12,Married-civ-spouse,Sales,Husband,White,Male,7688,0,50,United-States,0.9981859531024556,0
42,Private,402367,Some-college,10,Married-civ-spouse,Transport-moving,Husband,Black,Male,7688,0,45,United-States,0.9981806311133831,0
30,Self-emp-inc,321990,Masters,14,Married-civ-spouse,Exec-managerial,Husband,White,Male,15024,0,60,?,0.9981784959463911,0
50,Private,95469,HS-grad,9,Married-civ-spouse,Adm-clerical,Husband,White,Male,7298,0,45,United-States,0.9981766262122164,0
47,Private,278322,Some-college,10,Married-civ-spouse,Prof-specialty,Husband,White,Male,7688,0,40,United-States,0.9981728306153539,0
42,Private,266084,Some-college,10,Married-civ-spouse,Craft-repair,Husband,White,Male,7298,0,45,United-States,0.9981712797608135,0
43,Private,58447,Doctorate,16,Married-civ-spouse,Prof-specialty,Husband,White,Male,99999,0,55,United-States,0.9981694022171174,1
45,Private,101452,Masters,14,Married-civ-spouse,Exec-managerial,Husband,White,Male,15024,0,60,England,0.9981677198691605,0
57,Self-emp-inc,161662,Bachelors,13,Married-civ-spouse,Exec-managerial,Husband,White,Male,7688,0,60,United-States,0.9981675606592991,0
51,Self-emp-not-inc,120781,Prof-school,15,Married-civ-spouse,Prof-specialty,Husband,Other,Male,99999,0,70,India,0.9981664148842565,5
30,Private,341051,Masters,14,Married-civ-spouse,Exec-managerial,Husband,White,Male,15024,0,60,United-States,0.9981655130147715,0
51,Private,673764,Masters,14,Never-married,Prof-specialty,Not-in-family,White,Male,27828,0,40,United-States,0.9981561917421423,1
47,Private,185041,Some-college,10,Married-civ-spouse,Craft-repair,Husband,White,Male,7298,0,40,United-States,0.9981525857009664,0
33,Private,144949,Masters,14,Married-civ-spouse,Prof-specialty,Husband,White,Male,15024,0,40,United-States,0.9981464458687664,0
48,Federal-gov,166634,Bachelors,13,Married-civ-spouse,Adm-clerical,Wife,White,Female,7688,0,40,United-States,0.9981447562762241,0
44,Private,198316,Bachelors,13,Married-civ-spouse,Exec-managerial,Husband,White,Male,15024,0,50,United-States,0.9981417435514016,0
44,Private,172032,Assoc-voc,11,Married-civ-spouse,Adm-clerical,Husband,White,Male,7298,0,51,United-States,0.998141450944156,0
32,Private,137076,Some-college,10,Married-civ-spouse,Exec-managerial,Husband,White,Male,15024,0,60,United-States,0.9981405402267116,0
32,Private,312667,Bachelors,13,Married-civ-spouse,Prof-specialty,Husband,White,Male,15024,0,50,United-States,0.9981401454465129,0
54,Private,176240,Masters,14,Married-civ-spouse,Transport-moving,Husband,White,Male,7688,0,60,United-States,0.9981344356505831,0
44,Private,155930,Masters,14,Married-civ-spouse,Prof-specialty,Husband,White,Male,7688,0,55,United-States,0.9981337936515164,0
59,Self-emp-inc,169982,Some-college,10,Married-civ-spouse,Exec-managerial,Husband,White,Male,15024,0,60,United-States,0.9981251915406216,0
42,Private,149210,Bachelors,13,Married-civ-spouse,Prof-specialty,Husband,White,Male,7298,0,45,United-States,0.9981246091543751,0
58,Self-emp-inc,89922,Assoc-voc,11,Married-civ-spouse,Exec-managerial,Husband,White,Male,15024,0,40,United-States,0.9981202373964209,0
46,Self-emp-not-inc,43348,Prof-school,15,Married-civ-spouse,Exec-managerial,Husband,White,Male,15024,0,55,United-States,0.9981171302745693,0
51,Local-gov,133336,Masters,14,Married-civ-spouse,Prof-specialty,Husband,White,Male,15024,0,40,United-States,0.998113262939347,0
44,Private,198282,Bachelors,13,Married-civ-spouse,Exec-managerial,Husband,White,Male,15024,0,60,United-States,0.9981059195050237,0
37,Local-gov,99935,Masters,14,Married-civ-spouse,Protective-serv,Husband,White,Male,7688,0,50,United-States,0.9981013908357026,0
51,Private,237630,HS-grad,9,Married-civ-spouse,Tech-support,Husband,White,Male,7298,0,50,United-States,0.998100148549323,0
44,Private,267717,Masters,14,Married-civ-spouse,Craft-repair,Husband,White,Male,15024,0,45,United-States,0.9980965946140156,0
51,Private,289572,Bachelors,13,Married-civ-spouse,Sales,Husband,White,Male,7688,0,50,United-States,0.998093117658603,0
55,State-gov,146326,Masters,14,Married-civ-spouse,Prof-specialty,Husband,White,Male,7688,0,45,United-States,0.9980856191405462,0
47,Private,345493,Prof-school,15,Married-civ-spouse,Prof-specialty,Husband,Asian-Pac-Islander,Male,99999,0,55,Taiwan,0.9980771752767903,4
43,Private,345789,Bachelors,13,Married-civ-spouse,Prof-specialty,Wife,White,Female,15024,0,50,United-States,0.9980711861548383,0
43,Federal-gov,203637,Bachelors,13,Married-civ-spouse,Adm-clerical,Husband,White,Male,7298,0,40,United-States,0.9980686699858526,0
40,Private,105794,Prof-school,15,Never-married,Prof-specialty,Not-in-family,White,Female,14084,0,50,United-States,0.9980588867157719,1
36,Private,184456,Prof-school,15,Never-married,Exec-managerial,Not-in-family,White,Male,27828,0,50,United-States,0.9980513958682332,1
48,Private,248254,Some-college,10,Married-civ-spouse,Prof-specialty,Wife,White,Female,7298,0,40,United-States,0.9980439074657074,0
41,Self-emp-inc,236021,Bachelors,13,Married-civ-spouse,Prof-specialty,Husband,White,Male,15024,0,40,United-States,0.9980429788601279,0
55,Private,98361,Bachelors,13,Married-civ-spouse,Exec-managerial,Husband,White,Male,15024,0,55,United-States,0.9980416512520192,0
39,Private,85319,Prof-school,15,Married-civ-spouse,Prof-specialty,Wife,White,Female,7688,0,60,United-States,0.9980378027059927,0
50,Self-emp-inc,293196,HS-grad,9,Married-civ-spouse,Exec-managerial,Husband,White,Male,7298,0,40,United-States,0.9980355020741145,0
46,Private,332884,Bachelors,13,Married-civ-spouse,Exec-managerial,Husband,White,Male,7298,0,65,United-States,0.9980283766578217,0
45,State-gov,213646,Bachelors,13,Married-civ-spouse,Exec-managerial,Husband,White,Male,7298,0,40,United-States,0.9980282744656849,0
34,Private,134737,Masters,14,Married-civ-spouse,Prof-specialty,Husband,White,Male,7688,0,55,United-States,0.9980282528920648,0
47,Private,328216,Some-college,10,Married-civ-spouse,Tech-support,Husband,White,Male,7298,0,40,United-States,0.9980271476166418,0
44,State-gov,174325,Masters,14,Married-civ-spouse,Prof-specialty,Husband,Black,Male,7688,0,40,United-States,0.9980259753772707,0
38,Private,297449,Bachelors,13,Married-civ-spouse,Adm-clerical,Husband,White,Male,7298,0,50,United-States,0.9980248068763928,0
44,Private,201723,Bachelors,13,Married-civ-spouse,Exec-managerial,Husband,White,Male,15024,0,45,United-States,0.9980198940615943,0
47,Private,121836,Masters,14,Married-civ-spouse,Adm-clerical,Wife,White,Female,7688,0,38,United-States,0.9980151331435314,0
36,Self-emp-inc,216711,HS-grad,9,Married-civ-spouse,Exec-managerial,Husband,White,Male,99999,0,50,?,0.9980119092988873,1
41,Private,352834,Bachelors,13,Married-civ-spouse,Prof-specialty,Husband,White,Male,7688,0,55,United-States,0.9980071522235272,0
31,State-gov,75755,Doctorate,16,Married-civ-spouse,Exec-managerial,Husband,White,Male,7298,0,55,United-States,0.997999483831728,0
46,State-gov,192779,Bachelors,13,Married-civ-spouse,Exec-managerial,Husband,White,Male,7688,0,40,United-States,0.9979879065673705,0
51,Private,215404,Bachelors,13,Married-civ-spouse,Prof-specialty,Husband,Amer-Indian-Eskimo,Male,15024,0,40,United-States,0.9979853457160469,1
39,Private,110426,Assoc-acdm,12,Married-civ-spouse,Exec-managerial,Wife,White,Female,15024,0,45,United-States,0.9979829756642514,0
52,Self-emp-inc,100506,Some-college,10,Married-civ-spouse,Sales,Husband,White,Male,15024,0,50,United-States,0.9979816262682714,0
36,Private,198237,Bachelors,13,Married-civ-spouse,Prof-specialty,Husband,White,Male,15024,0,50,United-States,0.9979812176347161,0
43,Private,64631,HS-grad,9,Married-civ-spouse,Exec-managerial,Husband,White,Male,15024,0,50,United-States,0.9979702853233388,0
40,Private,79586,Prof-school,15,Married-civ-spouse,Prof-specialty,Husband,Asian-Pac-Islander,Male,99999,0,40,?,0.9979680611760681,3
55,Private,116878,Doctorate,16,Married-civ-spouse,Prof-specialty,Husband,White,Male,15024,0,30,United-States,0.9979631528242618,0
42,Private,325353,Assoc-acdm,12,Married-civ-spouse,Adm-clerical,Husband,White,Male,7688,0,42,United-States,0.9979631194377472,0
48,State-gov,212954,Masters,14,Married-civ-spouse,Prof-specialty,Husband,White,Male,15024,0,40,United-States,0.9979619145726768,0
35,Private,253006,Some-college,10,Married-civ-spouse,Prof-specialty,Husband,White,Male,7688,0,38,United-States,0.9979595783572092,0
42,Private,187720,Masters,14,Married-civ-spouse,Sales,Husband,White,Male,15024,0,50,?,0.9979564344439806,0
43,Private,303051,Assoc-voc,11,Married-civ-spouse,Exec-managerial,Husband,White,Male,15024,0,40,United-States,0.9979488262481835,0
47,Local-gov,114459,Masters,14,Married-civ-spouse,Prof-specialty,Husband,White,Male,7688,0,45,United-States,0.997948393384067,0
58,Federal-gov,200042,Some-college,10,Married-civ-spouse,Exec-managerial,Husband,White,Male,15024,0,40,United-States,0.9979457903240491,0
56,Self-emp-inc,105582,Some-college,10,Married-civ-spouse,Exec-managerial,Husband,White,Male,7688,0,50,United-States,0.9979414189459304,0
44,Private,198096,Bachelors,13,Married-civ-spouse,Sales,Husband,White,Male,7688,0,40,United-States,0.9979251925101764,0
40,Local-gov,188436,Some-college,10,Married-civ-spouse,Protective-serv,Husband,White,Male,7298,0,40,United-States,0.9979183192032876,0
31,Private,167725,Bachelors,13,Married-civ-spouse,Prof-specialty,Husband,Asian-Pac-Islander,Male,15024,0,48,Philippines,0.997916938821124,1
38,Local-gov,185394,Bachelors,13,Married-civ-spouse,Prof-specialty,Wife,White,Female,7688,0,40,United-States,0.9979123070396908,0
38,Private,91039,Bachelors,13,Married-civ-spouse,Sales,Husband,White,Male,15024,0,60,United-States,0.9979059053097874,0
46,Private,393715,Some-college,10,Married-civ-spouse,Exec-managerial,Husband,White,Male,15024,0,50,United-States,0.9979059003406415,0
31,Private,158162,Bachelors,13,Never-married,Exec-managerial,Not-in-family,White,Female,13550,0,50,United-States,0.9979002946821361,1
44,Private,181762,Bachelors,13,Married-civ-spouse,Transport-moving,Husband,White,Male,15024,0,55,United-States,0.9978890478578316,0
44,Private,110396,Masters,14,Never-married,Exec-managerial,Not-in-family,White,Male,14084,0,56,United-States,0.9978858803886097,1
33,Private,354573,Masters,14,Married-civ-spouse,Prof-specialty,Husband,White,Male,15024,0,44,United-States,0.9978849592910545,0
43,Private,152958,Bachelors,13,Married-civ-spouse,Exec-managerial,Husband,White,Male,7298,0,40,United-States,0.9978816024936206,0
38,Private,236391,Bachelors,13,Married-civ-spouse,Exec-managerial,Husband,White,Male,7688,0,40,United-States,0.99787258214761,0
41,Private,287306,Assoc-acdm,12,Married-civ-spouse,Prof-specialty,Husband,White,Male,15024,0,60,United-States,0.9978713516270583,0
42,Private,261929,Bachelors,13,Married-civ-spouse,Exec-managerial,Husband,White,Male,7688,0,40,United-States,0.9978696270684128,0
46,Private,328216,Bachelors,13,Married-civ-spouse,Exec-managerial,Husband,White,Male,15024,0,40,United-States,0.9978675074810236,0
49,Local-gov,119904,Bachelors,13,Married-civ-spouse,Prof-specialty,Wife,White,Female,7688,0,30,United-States,0.9978656880429874,0
37,Private,588003,Bachelors,13,Married-civ-spouse,Exec-managerial,Husband,White,Male,15024,0,40,United-States,0.9978601802424806,0
32,Private,195000,Bachelors,13,Married-civ-spouse,Exec-managerial,Husband,White,Male,7298,0,45,United-States,0.9978577490877291,0
46,Local-gov,303918,HS-grad,9,Married-civ-spouse,Protective-serv,Husband,White,Male,7688,0,96,United-States,0.997856652557911,1
39,Self-emp-inc,122742,Assoc-acdm,12,Married-civ-spouse,Exec-managerial,Husband,White,Male,15024,0,55,United-States,0.9978530910546747,0
33,Private,56701,Bachelors,13,Married-civ-spouse,Prof-specialty,Husband,White,Male,15024,0,75,United-States,0.9978434503296612,1
45,Local-gov,160173,Masters,14,Married-civ-spouse,Exec-managerial,Husband,White,Male,7688,0,50,United-States,0.9978413114013637,0
39,Self-emp-inc,283338,Bachelors,13,Married-civ-spouse,Exec-managerial,Husband,White,Male,7298,0,40,United-States,0.9978343198900022,0
42,Private,98211,Bachelors,13,Married-civ-spouse,Exec-managerial,Husband,White,Male,15024,0,45,United-States,0.9978282039354556,0
45,Private,148171,Assoc-voc,11,Married-civ-spouse,Craft-repair,Husband,White,Male,15024,0,40,United-States,0.9978237393806831,0
41,Private,359696,Bachelors,13,Married-civ-spouse,Protective-serv,Husband,White,Male,15024,0,60,United-States,0.997821898393003,0
53,Self-emp-inc,134793,Some-college,10,Married-civ-spouse,Exec-managerial,Husband,White,Male,15024,0,50,United-States,0.9978215065279566,0
46,Private,273575,Bachelors,13,Married-civ-spouse,Transport-moving,Husband,White,Male,15024,0,40,United-States,0.9978205902568092,0
35,Private,186183,HS-grad,9,Married-civ-spouse,Transport-moving,Husband,White,Male,15024,0,80,United-States,0.9978201096074969,1
46,Private,155659,Some-college,10,Married-civ-spouse,Craft-repair,Husband,White,Male,15024,0,45,United-States,0.9978143507399351,0
43,Self-emp-inc,117158,Bachelors,13,Married-civ-spouse,Sales,Husband,White,Male,15024,0,60,United-States,0.9978124372899869,0
58,Private,146477,Masters,14,Married-civ-spouse,Exec-managerial,Husband,White,Male,15024,0,40,Greece,0.9978114536582073,0
44,Private,236746,Masters,14,Divorced,Exec-managerial,Not-in-family,White,Male,10520,0,45,United-States,0.9978105769066534,0
49,State-gov,391585,Bachelors,13,Married-civ-spouse,Exec-managerial,Husband,White,Male,15024,0,40,United-States,0.9978061858214203,0
41,Private,95047,Assoc-voc,11,Married-civ-spouse,Adm-clerical,Wife,White,Female,7688,0,44,United-States,0.9978054890196234,0
39,Private,77005,Masters,14,Married-civ-spouse,Prof-specialty,Husband,White,Male,99999,0,40,United-States,0.9978048598292382,1
31,Private,352465,Some-college,10,Married-civ-spouse,Exec-managerial,Husband,White,Male,15024,0,50,United-States,0.997803010952152,0
35,Private,117381,Bachelors,13,Never-married,Exec-managerial,Not-in-family,White,Male,8614,0,45,United-States,0.9977848144157145,1
34,Self-emp-not-inc,179673,Prof-school,15,Married-civ-spouse,Prof-specialty,Husband,White,Male,7688,0,60,United-States,0.9977758508150925,0
57,Self-emp-inc,159028,Prof-school,15,Married-civ-spouse,Prof-specialty,Husband,White,Male,99999,0,60,United-States,0.9977682165681521,1
47,Private,168262,Masters,14,Separated,Exec-managerial,Not-in-family,White,Male,99999,0,50,United-States,0.9977642805398818,1
42,Private,187795,Some-college,10,Married-civ-spouse,Exec-managerial,Husband,White,Male,99999,0,55,United-States,0.997758835445882,1
40,Local-gov,153031,Masters,14,Married-civ-spouse,Prof-specialty,Husband,White,Male,7298,0,35,United-States,0.9977566322329312,0
53,Private,30244,Assoc-acdm,12,Married-civ-spouse,Exec-managerial,Husband,White,Male,15024,0,40,United-States,0.9977565676891177,0
47,Private,213140,Assoc-voc,11,Married-civ-spouse,Craft-repair,Husband,White,Male,7688,0,40,United-States,0.9977560180182878,0
40,Local-gov,163725,Bachelors,13,Married-civ-spouse,Prof-specialty,Husband,White,Male,7688,0,40,United-States,0.9977521742925148,0
45,Self-emp-inc,170871,HS-grad,9,Married-civ-spouse,Exec-managerial,Husband,White,Male,15024,0,55,United-States,0.9977515111212747,0
39,Private,102953,Bachelors,13,Married-civ-spouse,Sales,Husband,White,Male,7298,0,55,United-States,0.9977506040419946,0
40,Private,360884,Some-college,10,Married-civ-spouse,Adm-clerical,Wife,White,Female,7298,0,40,United-States,0.9977500627927723,0
61,Local-gov,144723,Masters,14,Married-civ-spouse,Exec-managerial,Husband,White,Male,7298,0,60,United-States,0.9977474617062245,0
53,Private,106176,Masters,14,Married-civ-spouse,Sales,Husband,White,Male,7298,0,60,United-States,0.9977456931488776,0
41,Self-emp-not-inc,100800,Masters,14,Married-civ-spouse,Exec-managerial,Husband,White,Male,7298,0,70,United-States,0.9977417563234311,1
62,Private,195343,Doctorate,16,Divorced,Prof-specialty,Unmarried,White,Male,15020,0,50,United-States,0.997737384915339,1
37,Private,202027,Masters,14,Married-civ-spouse,Adm-clerical,Husband,White,Male,7688,0,50,United-States,0.9977343699821055,0
60,Local-gov,124987,Bachelors,13,Married-civ-spouse,Prof-specialty,Husband,White,Male,7298,0,40,United-States,0.9977343080860296,0
39,Private,70995,Bachelors,13,Married-civ-spouse,Transport-moving,Husband,White,Male,15024,0,99,United-States,0.9977292739896061,1
50,Private,145409,Bachelors,13,Married-civ-spouse,Prof-specialty,Husband,White,Male,15024,0,40,United-States,0.9977290691559586,0
59,Private,165922,Bachelors,13,Married-civ-spouse,Prof-specialty,Husband,White,Male,15024,0,40,United-States,0.9977290691559586,0
34,Private,208043,Assoc-voc,11,Married-civ-spouse,Prof-specialty,Husband,White,Male,7298,0,45,United-States,0.9977271873946694,0
35,Private,81232,Bachelors,13,Married-civ-spouse,Sales,Husband,White,Male,15024,0,50,United-States,0.9977253889934504,0
59,Private,354037,Prof-school,15,Married-civ-spouse,Transport-moving,Husband,Black,Male,15024,0,50,United-States,0.9977246236235264,0
44,Private,54310,Masters,14,Married-civ-spouse,Prof-specialty,Husband,White,Male,7298,0,40,United-States,0.9977216910362562,0
48,Self-emp-not-inc,328606,Prof-school,15,Divorced,Prof-specialty,Unmarried,White,Male,14084,0,63,United-States,0.9977216203588162,1
32,Private,173730,Bachelors,13,Married-civ-spouse,Exec-managerial,Husband,White,Male,7688,0,40,United-States,0.9977198546419997,0
39,Private,183898,Assoc-acdm,12,Married-civ-spouse,Craft-repair,Husband,White,Male,7688,0,60,Germany,0.9977099427754966,0
30,Private,154950,Some-college,10,Married-civ-spouse,Exec-managerial,Husband,White,Male,15024,0,60,United-States,0.9977038008892423,0
50,Self-emp-not-inc,145419,Masters,14,Married-civ-spouse,Sales,Husband,White,Male,7688,0,45,United-States,0.9977025585675793,0
50,Private,238959,Bachelors,13,Married-civ-spouse,Sales,Husband,White,Male,99999,0,60,?,0.9977000804294431,1
38,Private,227945,Masters,14,Married-civ-spouse,Prof-specialty,Husband,White,Male,99999,0,65,United-States,0.9976977682894155,1
51,Private,192182,Some-college,10,Married-civ-spouse,Machine-op-inspct,Husband,White,Male,7298,0,40,United-States,0.9976932981051742,0
51,Private,137815,Some-college,10,Married-civ-spouse,Adm-clerical,Husband,White,Male,7298,0,40,United-States,0.9976893816093759,0
51,Private,196501,Bachelors,13,Divorced,Exec-managerial,Not-in-family,White,Male,14084,0,50,United-States,0.9976873339486212,1
45,Self-emp-inc,208802,Prof-school,15,Divorced,Prof-specialty,Unmarried,White,Male,25236,0,36,United-States,0.9976859357205735,1
54,Local-gov,173050,Masters,14,Married-civ-spouse,Prof-specialty,Husband,White,Male,7688,0,40,United-States,0.9976818356730561,0
42,Private,151408,Masters,14,Never-married,Exec-managerial,Not-in-family,White,Female,14084,0,50,United-States,0.9976802029551474,1
37,Private,105813,Assoc-voc,11,Married-civ-spouse,Adm-clerical,Husband,White,Male,7298,0,40,United-States,0.9976781096319561,0
40,Private,25005,Bachelors,13,Married-civ-spouse,Prof-specialty,Husband,White,Male,15024,0,99,United-States,0.9976737236915896,1
45,Private,197240,12th,8,Married-civ-spouse,Sales,Husband,White,Male,7688,0,40,United-States,0.9976736947366437,0
49,Local-gov,269527,Masters,14,Married-civ-spouse,Prof-specialty,Husband,White,Male,7298,0,40,United-States,0.9976692801524067,0
45,Private,30457,Bachelors,13,Married-civ-spouse,Exec-managerial,Husband,White,Male,15024,0,40,United-States,0.9976677911742122,0
46,Private,58683,Bachelors,13,Married-civ-spouse,Exec-managerial,Husband,White,Male,15024,0,55,United-States,0.9976677094277636,0
55,Private,198145,Bachelors,13,Married-civ-spouse,Prof-specialty,Husband,White,Male,7298,0,40,United-States,0.9976668932294714,0
42,Private,154076,HS-grad,9,Married-civ-spouse,Prof-specialty,Husband,White,Male,7688,0,50,United-States,0.9976637245129163,0
39,Private,43712,HS-grad,9,Married-civ-spouse,Exec-managerial,Husband,White,Male,7298,0,40,United-States,0.997654510085332,0
36,Private,171393,Masters,14,Married-civ-spouse,Prof-specialty,Husband,White,Male,7298,0,55,United-States,0.9976528221781172,0
29,State-gov,356089,Bachelors,13,Married-civ-spouse,Exec-managerial,Husband,White,Male,7688,0,40,United-States,0.9976524351125082,0
32,Private,193042,Prof-school,15,Married-civ-spouse,Sales,Husband,White,Male,15024,0,60,United-States,0.9976500339398258,0
42,Self-emp-not-inc,336513,Bachelors,13,Married-civ-spouse,Craft-repair,Husband,White,Male,15024,0,60,United-States,0.9976424227351232,0
42,Federal-gov,34218,Bachelors,13,Married-civ-spouse,Exec-managerial,Husband,White,Male,7298,0,50,United-States,0.9976408035173089,0
44,State-gov,33658,Masters,14,Married-civ-spouse,Prof-specialty,Husband,White,Male,7688,0,50,United-States,0.9976336999014404,0
52,Federal-gov,291096,Assoc-acdm,12,Married-civ-spouse,Other-service,Husband,White,Male,7298,0,40,United-States,0.99763076067503,0
55,Private,163083,Bachelors,13,Separated,Exec-managerial,Not-in-family,White,Male,14084,0,45,United-States,0.9976287329319325,1
41,State-gov,106900,Masters,14,Married-civ-spouse,Prof-specialty,Husband,White,Male,7298,0,60,United-States,0.9976283611404846,0
42,Self-emp-not-inc,269733,Masters,14,Married-civ-spouse,Sales,Husband,White,Male,99999,0,80,United-States,0.9976283142179809,1
47,Self-emp-inc,79627,Prof-school,15,Divorced,Prof-specialty,Not-in-family,White,Male,27828,0,50,United-States,0.9976180334680805,1
60,Self-emp-inc,210827,Bachelors,13,Married-civ-spouse,Prof-specialty,Husband,White,Male,7688,0,40,United-States,0.9976136629694056,0
29,Private,133696,Bachelors,13,Never-married,Prof-specialty,Not-in-family,White,Male,8614,0,45,United-States,0.9976082459149103,1
45,Private,34419,Some-college,10,Married-civ-spouse,Exec-managerial,Husband,White,Male,7298,0,40,United-States,0.99759869406096,0
38,Self-emp-inc,99146,Bachelors,13,Married-civ-spouse,Exec-managerial,Husband,White,Male,15024,0,80,United-States,0.9975962288869805,1
40,Private,99604,Masters,14,Married-civ-spouse,Prof-specialty,Wife,White,Female,15024,0,24,United-States,0.9975906345787791,1
43,Private,403467,Bachelors,13,Married-civ-spouse,Exec-managerial,Husband,Black,Male,7688,0,40,United-States,0.9975901423357321,0
42,Private,511068,Bachelors,13,Married-civ-spouse,Prof-specialty,Husband,White,Male,7688,0,40,United-States,0.9975820255986426,0
43,Local-gov,153132,Masters,14,Married-civ-spouse,Prof-specialty,Husband,White,Male,15024,0,40,United-States,0.9975755889142682,0
32,Self-emp-inc,199765,Bachelors,13,Married-civ-spouse,Craft-repair,Husband,White,Male,7688,0,50,United-States,0.9975621929707505,0
47,Local-gov,123681,Masters,14,Married-civ-spouse,Prof-specialty,Husband,White,Male,7688,0,60,United-States,0.997546368888508,0
48,Federal-gov,205707,Masters,14,Married-spouse-absent,Exec-managerial,Not-in-family,White,Female,10520,0,50,United-States,0.9975377714264105,0
38,Private,296478,Assoc-voc,11,Married-civ-spouse,Craft-repair,Husband,White,Male,7298,0,40,United-States,0.9975374064601128,0
49,Private,165468,HS-grad,9,Married-civ-spouse,Exec-managerial,Husband,White,Male,7688,0,55,United-States,0.9975366333374794,0
44,Private,75227,Prof-school,15,Never-married,Prof-specialty,Not-in-family,White,Male,14084,0,40,United-States,0.9975366132265963,1
38,Self-emp-inc,275223,Bachelors,13,Married-civ-spouse,Sales,Husband,White,Male,7688,0,40,United-States,0.9975303031528603,0
58,Private,147707,HS-grad,9,Married-civ-spouse,Exec-managerial,Husband,White,Male,15024,0,60,United-States,0.9975286965374217,0
31,Private,72630,Bachelors,13,Never-married,Exec-managerial,Not-in-family,White,Male,14084,0,50,United-States,0.9975258459238434,1
38,Private,187870,Bachelors,13,Married-civ-spouse,Prof-specialty,Husband,White,Male,7298,0,50,United-States,0.997525108843975,0
48,Private,182541,Bachelors,13,Married-civ-spouse,Prof-specialty,Husband,White,Male,15024,0,45,United-States,0.9975058645352362,0
43,Private,208613,Prof-school,15,Married-spouse-absent,Prof-specialty,Not-in-family,White,Male,99999,0,40,United-States,0.9975017661735766,1
44,Private,147206,Some-college,10,Married-civ-spouse,Craft-repair,Husband,White,Male,7688,0,45,United-States,0.9975010669651705,0
43,Private,154374,Some-college,10,Married-civ-spouse,Craft-repair,Husband,White,Male,15024,0,60,United-States,0.9974953205822695,0
52,Private,145409,Some-college,10,Married-civ-spouse,Transport-moving,Husband,White,Male,15024,0,60,Canada,0.9974951049626354,0
42,Private,171424,Bachelors,13,Married-civ-spouse,Tech-support,Husband,White,Male,7298,0,45,United-States,0.9974907022847296,0
50,Private,205803,Masters,14,Married-civ-spouse,Sales,Husband,White,Male,15024,0,40,United-States,0.9974826672787093,0
46,Private,133938,Masters,14,Divorced,Exec-managerial,Not-in-family,White,Female,27828,0,50,United-States,0.9974814075604493,1
44,Private,43711,Assoc-acdm,12,Married-civ-spouse,Sales,Husband,White,Male,7688,0,40,United-States,0.9974677744208714,0
30,Private,116138,Bachelors,13,Never-married,Exec-managerial,Not-in-family,White,Male,27828,0,60,United-States,0.9974666357102093,1
44,Private,196545,Bachelors,13,Married-civ-spouse,Craft-repair,Husband,White,Male,7298,0,40,United-States,0.9974658728075885,0
49,?,271346,Bachelors,13,Married-civ-spouse,?,Husband,White,Male,15024,0,60,United-States,0.9974592266503174,0
60,Self-emp-inc,105339,Bachelors,13,Married-civ-spouse,Exec-managerial,Husband,White,Male,7298,0,60,United-States,0.9974540678725347,0
54,Private,135803,Bachelors,13,Married-civ-spouse,Exec-managerial,Husband,Asian-Pac-Islander,Male,15024,0,60,South,0.9974519228672972,1
38,Private,276559,HS-grad,9,Married-civ-spouse,Exec-managerial,Husband,White,Male,7688,0,70,United-States,0.9974412684334095,1
49,Private,187454,HS-grad,9,Married-civ-spouse,Sales,Husband,White,Male,99999,0,65,United-States,0.997439603825474,1
54,Self-emp-inc,96460,HS-grad,9,Married-civ-spouse,Exec-managerial,Husband,White,Male,7688,0,60,United-States,0.9974387217842414,0
42,Private,52781,Bachelors,13,Married-civ-spouse,Prof-specialty,Husband,White,Male,7688,0,40,United-States,0.9974367921814086,0
59,State-gov,349910,Bachelors,13,Married-civ-spouse,Exec-managerial,Husband,White,Male,10605,0,50,United-States,0.9974363328762609,0
31,Private,187560,HS-grad,9,Married-civ-spouse,Prof-specialty,Husband,White,Male,15024,0,40,United-States,0.9974316412988271,0
30,Self-emp-inc,77689,Bachelors,13,Married-civ-spouse,Sales,Husband,White,Male,7688,0,50,United-States,0.9974294540007941,0
39,Private,33983,Some-college,10,Married-civ-spouse,Adm-clerical,Husband,White,Male,15024,0,40,United-States,0.9974239905156808,0
62,Private,244087,Doctorate,16,Married-civ-spouse,Prof-specialty,Husband,White,Male,15024,0,50,United-States,0.9974174469102981,0
37,Self-emp-not-inc,268598,Bachelors,13,Married-civ-spouse,Exec-managerial,Husband,Other,Male,7298,0,50,Puerto-Rico,0.9974112432483968,1
40,Self-emp-not-inc,204235,Masters,14,Married-civ-spouse,Exec-managerial,Husband,White,Male,99999,0,50,United-States,0.997403556231027,1
39,Private,184117,Bachelors,13,Married-civ-spouse,Prof-specialty,Wife,White,Female,7688,0,20,United-States,0.9974013176088433,1
47,Private,61885,Bachelors,13,Married-civ-spouse,Prof-specialty,Husband,White,Male,15024,0,50,United-States,0.997396857562536,0
37,Private,190987,Some-college,10,Married-civ-spouse,Sales,Wife,White,Female,7298,0,40,United-States,0.9973951791125233,0
38,Private,257250,Some-college,10,Married-civ-spouse,Transport-moving,Husband,White,Male,7298,0,60,United-States,0.9973930432178327,0
29,Federal-gov,244473,Bachelors,13,Married-civ-spouse,Exec-managerial,Husband,White,Male,7688,0,40,United-States,0.9973923659808742,0
47,Private,149700,Bachelors,13,Married-civ-spouse,Tech-support,Husband,White,Male,15024,0,40,United-States,0.9973788619663377,0
56,Self-emp-inc,109856,Bachelors,13,Married-civ-spouse,Exec-managerial,Husband,White,Male,15024,0,50,United-States,0.9973711106799588,0
42,Private,340234,HS-grad,9,Married-civ-spouse,Tech-support,Husband,Asian-Pac-Islander,Male,15024,0,40,United-States,0.9973709506506223,1
36,Self-emp-inc,77146,Bachelors,13,Married-civ-spouse,Sales,Husband,White,Male,15024,0,45,United-States,0.9973645369595813,0
48,Private,146268,Bachelors,13,Married-civ-spouse,Adm-clerical,Husband,White,Male,7688,0,40,United-States,0.9973548647685564,0
47,Private,168232,Bachelors,13,Married-civ-spouse,Adm-clerical,Husband,White,Male,7298,0,40,United-States,0.9973548647685564,0
43,Self-emp-inc,130126,Some-college,10,Married-civ-spouse,Exec-managerial,Husband,White,Male,15024,0,45,United-States,0.9973526179187616,0
49,State-gov,423222,Masters,14,Married-civ-spouse,Sales,Husband,White,Male,99999,0,80,United-States,0.9973408402853873,1
46,Private,273771,Bachelors,13,Married-civ-spouse,Sales,Husband,White,Male,99999,0,40,United-States,0.9973379586271015,1
27,Private,190525,Bachelors,13,Married-civ-spouse,Exec-managerial,Husband,White,Male,7298,0,55,United-States,0.9973358995889017,0
42,Private,119359,Prof-school,15,Married-civ-spouse,Sales,Wife,Amer-Indian-Eskimo,Female,15024,0,40,South,0.997321385403698,5
40,Local-gov,150755,Bachelors,13,Married-civ-spouse,Prof-specialty,Husband,White,Male,99999,0,75,United-States,0.9973207281440684,1
54,Private,104501,Some-college,10,Married-civ-spouse,Sales,Husband,White,Male,15024,0,40,United-States,0.9973171351957348,0
50,Federal-gov,98980,Bachelors,13,Married-civ-spouse,Exec-managerial,Husband,White,Male,7298,0,40,United-States,0.9973163805449692,0
34,Private,30497,Bachelors,13,Married-civ-spouse,Exec-managerial,Husband,White,Male,15024,0,60,United-States,0.9973142068755619,0
44,Local-gov,177240,Prof-school,15,Never-married,Prof-specialty,Not-in-family,White,Male,10520,0,40,United-States,0.9973100470417402,0
48,Self-emp-inc,192945,HS-grad,9,Married-civ-spouse,Exec-managerial,Husband,White,Male,7688,0,40,United-States,0.9972915388706222,0
56,Private,109015,Some-college,10,Married-civ-spouse,Exec-managerial,Wife,White,Female,7688,0,50,United-States,0.9972873547762977,0
36,Private,143486,HS-grad,9,Married-civ-spouse,Transport-moving,Husband,White,Male,7298,0,50,United-States,0.9972856240473085,0
54,Private,203635,HS-grad,9,Married-civ-spouse,Adm-clerical,Husband,White,Male,7298,0,60,United-States,0.9972836227968073,0
58,Private,306233,Bachelors,13,Married-civ-spouse,Sales,Husband,White,Male,15024,0,40,United-States,0.9972808833071933,0
35,Private,186934,HS-grad,9,Married-civ-spouse,Exec-managerial,Husband,White,Male,7688,0,50,United-States,0.9972767412025495,0
53,Private,177916,Bachelors,13,Married-civ-spouse,Adm-clerical,Husband,White,Male,7298,0,40,United-States,0.9972740044852841,0
40,Private,121956,Bachelors,13,Married-spouse-absent,Prof-specialty,Not-in-family,Asian-Pac-Islander,Male,13550,0,40,Cambodia,0.9972669666611157,4
39,Private,358753,Assoc-voc,11,Married-civ-spouse,Craft-repair,Husband,White,Male,7688,0,40,United-States,0.9972535820960716,0
43,Private,180599,Bachelors,13,Separated,Exec-managerial,Unmarried,White,Male,8614,0,40,United-States,0.9972531792005389,1
39,Private,173476,Prof-school,15,Married-civ-spouse,Craft-repair,Husband,White,Male,7688,0,40,United-States,0.9972382340655158,0
38,Private,117312,HS-grad,9,Married-civ-spouse,Exec-managerial,Wife,White,Female,15024,0,40,United-States,0.9972382006493083,0
36,Private,199739,HS-grad,9,Married-civ-spouse,Transport-moving,Husband,White,Male,7298,0,60,United-States,0.9972286101268891,0
46,Private,117849,Some-college,10,Married-civ-spouse,Sales,Husband,White,Male,15024,0,40,United-States,0.9972232132142754,0
37,Private,82521,Bachelors,13,Married-civ-spouse,Exec-managerial,Husband,White,Male,15024,0,40,United-States,0.9972213132165024,0
58,Self-emp-inc,113806,Bachelors,13,Married-civ-spouse,Exec-managerial,Husband,White,Male,7688,0,30,United-States,0.9972199424683406,0
59,Private,271571,Some-college,10,Married-civ-spouse,Craft-repair,Husband,White,Male,15024,0,50,United-States,0.9972164290931299,0
47,Private,252079,Bachelors,13,Married-civ-spouse,Machine-op-inspct,Husband,White,Male,7688,0,44,United-States,0.9972063840028558,0
44,Private,170924,Some-college,10,Married-civ-spouse,Craft-repair,Husband,White,Male,7298,0,40,United-States,0.9972032813827753,0
54,Private,225599,Masters,14,Married-civ-spouse,Prof-specialty,Husband,Asian-Pac-Islander,Male,7298,0,40,India,0.9972032747558024,1
31,Private,197886,Some-college,10,Married-civ-spouse,Sales,Husband,White,Male,15024,0,45,United-States,0.9971998690790379,0
30,Local-gov,182926,Some-college,10,Married-civ-spouse,Protective-serv,Husband,White,Male,15024,0,40,United-States,0.9971907341492703,0
44,Federal-gov,469454,Assoc-voc,11,Married-civ-spouse,Protective-serv,Husband,White,Male,7298,0,48,United-States,0.9971754499317943,0
39,Self-emp-not-inc,343476,Bachelors,13,Married-civ-spouse,Prof-specialty,Husband,White,Male,15024,0,50,Japan,0.9971730575900621,0
31,Private,168387,Bachelors,13,Married-civ-spouse,Prof-specialty,Husband,White,Male,7688,0,40,Canada,0.9971685735050076,0
38,Private,255941,Masters,14,Never-married,Exec-managerial,Not-in-family,White,Female,10520,0,50,United-States,0.9971670591746761,0
51,Self-emp-not-inc,145409,Bachelors,13,Married-civ-spouse,Sales,Husband,White,Male,15024,0,50,United-States,0.9971635164956246,0
52,Private,84278,Some-college,10,Married-civ-spouse,Exec-managerial,Husband,White,Male,7688,0,55,?,0.9971631342886839,0
53,Private,151580,Some-college,10,Married-civ-spouse,Prof-specialty,Husband,White,Male,15024,0,40,United-States,0.997161280951513,0
53,Private,124076,Doctorate,16,Married-civ-spouse,Prof-specialty,Wife,White,Female,99999,0,37,United-States,0.997156430607345,1
50,Private,48358,HS-grad,9,Married-civ-spouse,Craft-repair,Husband,White,Male,7688,0,40,United-States,0.9971539004527558,0
36,Self-emp-not-inc,182898,Bachelors,13,Married-civ-spouse,Exec-managerial,Husband,White,Male,7298,0,40,United-States,0.9971485505792019,0
32,Self-emp-not-inc,37232,Prof-school,15,Married-civ-spouse,Prof-specialty,Husband,White,Male,7688,0,45,United-States,0.9971434183279552,0
37,Private,263094,Bachelors,13,Married-civ-spouse,Exec-managerial,Husband,White,Male,7298,0,40,United-States,0.9971402540850499,0
56,Private,122390,Assoc-voc,11,Married-civ-spouse,Sales,Husband,White,Male,15024,0,40,United-States,0.997138569622525,0
41,Private,274363,Some-college,10,Married-civ-spouse,Machine-op-inspct,Husband,White,Male,7298,0,42,United-States,0.9971373526354023,0
59,State-gov,398626,Doctorate,16,Divorced,Prof-specialty,Unmarried,White,Male,25236,0,45,United-States,0.9971328008629533,3
37,Private,103986,Bachelors,13,Married-civ-spouse,Prof-specialty,Husband,White,Male,7688,0,39,United-States,0.9971256365890594,0
53,Local-gov,283602,Masters,14,Married-civ-spouse,Prof-specialty,Wife,White,Female,15024,0,40,United-States,0.9971239393934906,0
40,Private,228535,Assoc-acdm,12,Married-civ-spouse,Prof-specialty,Husband,White,Male,7298,0,36,United-States,0.9971199378504585,0
52,?,92968,Masters,14,Married-civ-spouse,?,Wife,White,Female,15024,0,40,United-States,0.9971184024392341,0
38,Private,43712,Bachelors,13,Married-civ-spouse,Prof-specialty,Husband,White,Male,7298,0,60,United-States,0.9971179593214746,0
55,Private,98361,Masters,14,Married-civ-spouse,Prof-specialty,Husband,White,Male,15024,0,50,?,0.9971155846557002,0
36,Private,187847,Bachelors,13,Married-civ-spouse,Exec-managerial,Husband,White,Male,7688,0,40,United-States,0.9971092250912751,0
41,Private,115932,Some-college,10,Married-civ-spouse,Exec-managerial,Husband,White,Male,99999,0,50,United-States,0.9971058749481845,1
38,Self-emp-not-inc,280169,Bachelors,13,Married-civ-spouse,Sales,Husband,White,Male,7298,0,50,United-States,0.9971030838079398,0
53,Self-emp-inc,263925,HS-grad,9,Married-civ-spouse,Sales,Husband,White,Male,99999,0,40,United-States,0.9970992996086224,1
42,Federal-gov,170230,Masters,14,Never-married,Exec-managerial,Not-in-family,White,Female,14084,0,60,United-States,0.9970904772995403,1
41,Private,220132,HS-grad,9,Married-civ-spouse,Exec-managerial,Husband,White,Male,7298,0,40,United-States,0.9970863095320478,0
51,Private,162632,HS-grad,9,Married-civ-spouse,Transport-moving,Husband,White,Male,7298,0,60,United-States,0.997083062220799,0
64,Self-emp-inc,185912,Prof-school,15,Married-civ-spouse,Prof-specialty,Husband,White,Male,99999,0,35,United-States,0.9970820623652143,1
44,Local-gov,171589,Assoc-voc,11,Married-civ-spouse,Craft-repair,Husband,White,Male,7688,0,40,United-States,0.9970792555745722,0
45,Local-gov,236586,Masters,14,Married-civ-spouse,Prof-specialty,Husband,White,Male,7688,0,55,United-States,0.9970705672528902,0
39,Private,322143,12th,8,Married-civ-spouse,Transport-moving,Husband,White,Male,15024,0,70,United-States,0.9970664474248926,0
63,Private,294009,Bachelors,13,Married-civ-spouse,Prof-specialty,Husband,White,Male,15024,0,45,United-States,0.9970621418359368,0
64,Private,218490,Bachelors,13,Divorced,Exec-managerial,Not-in-family,White,Male,27828,0,55,United-States,0.9970590828432304,1
56,Private,188856,Bachelors,13,Never-married,Exec-managerial,Not-in-family,White,Female,8614,0,55,United-States,0.997051710177665,1
43,Private,193882,Some-college,10,Married-civ-spouse,Sales,Husband,White,Male,7688,0,40,United-States,0.997045881850113,0
55,Self-emp-not-inc,157486,Masters,14,Married-civ-spouse,Prof-specialty,Husband,White,Male,7298,0,40,United-States,0.9970391691619055,0
46,Private,52291,Bachelors,13,Married-civ-spouse,Prof-specialty,Husband,White,Male,7688,0,45,United-States,0.9970381905736504,0
40,Private,124747,HS-grad,9,Married-civ-spouse,Craft-repair,Wife,White,Female,7298,0,40,United-States,0.9970361156769423,0
33,Local-gov,43959,Masters,14,Married-civ-spouse,Prof-specialty,Husband,White,Male,7688,0,50,United-States,0.9970322823215074,0
33,Private,222221,HS-grad,9,Married-civ-spouse,Exec-managerial,Husband,White,Male,7298,0,45,United-States,0.9970316358978334,0
33,Private,162572,Bachelors,13,Married-civ-spouse,Prof-specialty,Husband,White,Male,99999,0,40,United-States,0.9970269293134648,1
33,Private,198003,Some-college,10,Married-civ-spouse,Craft-repair,Husband,White,Male,7298,0,50,United-States,0.9970144477068259,0
36,Private,183892,Some-college,10,Married-civ-spouse,Craft-repair,Husband,White,Male,7298,0,44,United-States,0.9970135017226719,0
45,Federal-gov,88564,Some-college,10,Married-civ-spouse,Exec-managerial,Husband,White,Male,7688,0,40,United-States,0.9970121449041985,0
31,Private,220066,Bachelors,13,Never-married,Exec-managerial,Not-in-family,White,Female,14344,0,50,United-States,0.9970118653511655,1
29,Private,39484,Bachelors,13,Married-civ-spouse,Other-service,Husband,White,Male,7298,0,42,United-States,0.9970020448205099,0
45,Private,174533,Some-college,10,Married-civ-spouse,Transport-moving,Husband,White,Male,7298,0,50,United-States,0.99699434708551,0
45,Private,192776,Bachelors,13,Married-civ-spouse,Craft-repair,Husband,White,Male,7298,0,55,United-States,0.9969937470768454,0
54,Private,154728,Assoc-voc,11,Married-civ-spouse,Tech-support,Husband,White,Male,7688,0,40,United-States,0.9969800619206484,0
72,Self-emp-inc,172407,Prof-school,15,Married-civ-spouse,Prof-specialty,Husband,White,Male,99999,0,50,United-States,0.9969784704172233,1
43,Local-gov,209544,Masters,14,Never-married,Exec-managerial,Not-in-family,White,Female,10520,0,50,United-States,0.996966254864794,0
39,Private,191227,Bachelors,13,Divorced,Exec-managerial,Not-in-family,White,Female,13550,0,50,United-States,0.9969662328431628,1
55,Private,436861,Masters,14,Divorced,Prof-specialty,Not-in-family,White,Female,14084,0,40,United-States,0.9969648064417282,1
32,Private,133861,Bachelors,13,Never-married,Exec-managerial,Not-in-family,White,Male,13550,0,48,United-States,0.9969611549466972,1
56,Private,295067,Bachelors,13,Never-married,Exec-managerial,Not-in-family,White,Male,14084,0,45,United-States,0.9969607662182135,1
33,Self-emp-not-inc,272359,Bachelors,13,Married-civ-spouse,Sales,Husband,White,Male,7298,0,80,United-States,0.9969572869039308,1
50,Private,22211,Masters,14,Married-civ-spouse,Prof-specialty,Husband,White,Male,7688,0,50,United-States,0.9969526068810628,0
30,Private,207937,Prof-school,15,Divorced,Prof-specialty,Not-in-family,White,Male,10520,0,50,United-States,0.996946379268256,0
38,Federal-gov,115433,Assoc-acdm,12,Married-civ-spouse,Adm-clerical,Wife,White,Female,7688,0,33,United-States,0.9969402312791055,0
35,Private,376455,Some-college,10,Married-civ-spouse,Exec-managerial,Husband,White,Male,15024,0,60,United-States,0.9969361631508094,0
55,Private,282023,Bachelors,13,Married-civ-spouse,Sales,Husband,White,Male,15024,0,50,United-States,0.9969308292502067,0
59,Self-emp-not-inc,165315,Bachelors,13,Married-civ-spouse,Prof-specialty,Husband,White,Male,99999,0,43,United-States,0.996928694095945,1
37,Federal-gov,93225,Some-college,10,Married-civ-spouse,Adm-clerical,Husband,White,Male,7688,0,40,United-States,0.9969215520416709,0
48,Self-emp-inc,185041,HS-grad,9,Married-civ-spouse,Craft-repair,Husband,White,Male,7298,0,50,United-States,0.9969153763993375,0
65,Self-emp-inc,184965,Doctorate,16,Married-civ-spouse,Exec-managerial,Husband,White,Male,99999,0,40,United-States,0.996907012214469,1
56,Local-gov,381965,Bachelors,13,Married-civ-spouse,Prof-specialty,Husband,White,Male,15024,0,40,United-States,0.9968973789269767,0
39,Self-emp-inc,116358,Bachelors,13,Married-civ-spouse,Sales,Husband,Asian-Pac-Islander,Male,7688,0,40,?,0.9968920529187019,1
51,Private,279156,HS-grad,9,Married-civ-spouse,Exec-managerial,Husband,White,Male,7298,0,40,United-States,0.9968857006668997,0
59,Self-emp-not-inc,174056,Bachelors,13,Married-civ-spouse,Sales,Husband,White,Male,15024,0,40,United-States,0.9968770996462429,0
47,Private,181307,Some-college,10,Married-civ-spouse,Sales,Husband,White,Male,99999,0,60,United-States,0.9968709551882459,1
42,Private,126701,Bachelors,13,Divorced,Adm-clerical,Unmarried,White,Male,9562,0,45,United-States,0.9968639794651437,0
39,Private,179668,Bachelors,13,Married-civ-spouse,Tech-support,Husband,White,Male,15024,0,40,United-States,0.9968623284630346,0
33,?,193172,Assoc-voc,11,Married-civ-spouse,?,Own-child,White,Female,7688,0,50,United-States,0.9968610699274577,0
30,Private,426431,Masters,14,Never-married,Prof-specialty,Not-in-family,White,Male,10520,0,40,United-States,0.996858937849208,0
59,Private,122283,Prof-school,15,Married-civ-spouse,Prof-specialty,Husband,Asian-Pac-Islander,Male,99999,0,40,India,0.9968531270584768,3
41,Private,116797,HS-grad,9,Married-civ-spouse,Sales,Husband,White,Male,7298,0,50,United-States,0.9968492651418194,0
49,Private,186172,HS-grad,9,Married-civ-spouse,Craft-repair,Husband,White,Male,7688,0,45,United-States,0.9968429640257698,0
45,Private,148995,Bachelors,13,Married-civ-spouse,Craft-repair,Husband,White,Male,15024,0,40,United-States,0.9968404735167139,0
43,State-gov,506329,Bachelors,13,Married-civ-spouse,Prof-specialty,Husband,Asian-Pac-Islander,Male,15024,0,40,?,0.9968391592532285,2
51,Self-emp-not-inc,165001,Masters,14,Divorced,Exec-managerial,Unmarried,White,Male,25236,0,50,United-States,0.9968389064722963,1
36,Self-emp-inc,184456,Bachelors,13,Never-married,Tech-support,Not-in-family,White,Male,27828,0,55,United-States,0.9968362844504614,1
32,Private,159442,Prof-school,15,Never-married,Sales,Not-in-family,White,Female,13550,0,50,United-States,0.9968346908934557,1
46,Self-emp-inc,320124,HS-grad,9,Married-civ-spouse,Exec-managerial,Wife,Amer-Indian-Eskimo,Female,15024,0,40,United-States,0.996833747569315,1
40,Federal-gov,75313,Bachelors,13,Married-civ-spouse,Prof-specialty,Husband,White,Male,7688,0,66,United-States,0.9968244600575711,0
30,Private,196385,Bachelors,13,Married-civ-spouse,Prof-specialty,Husband,White,Male,15024,0,35,United-States,0.996821300390434,0
65,Self-emp-inc,210381,Bachelors,13,Married-civ-spouse,Exec-managerial,Husband,White,Male,99999,0,65,United-States,0.9968212969462595,1
29,Private,191722,Some-college,10,Married-civ-spouse,Protective-serv,Husband,White,Male,7688,0,54,United-States,0.9968193241399563,0
31,Private,345122,Prof-school,15,Divorced,Prof-specialty,Not-in-family,White,Male,14084,0,50,United-States,0.9968091181372717,1
60,Local-gov,138502,Bachelors,13,Married-civ-spouse,Protective-serv,Husband,White,Male,7298,0,48,United-States,0.9968090215593389,0
37,Private,82576,Prof-school,15,Divorced,Prof-specialty,Not-in-family,White,Male,14084,0,36,United-States,0.9968015232044557,1
52,Private,102828,HS-grad,9,Married-civ-spouse,Prof-specialty,Husband,White,Male,7688,0,40,United-States,0.9967890352426868,0
38,State-gov,125499,Bachelors,13,Married-civ-spouse,Prof-specialty,Husband,Asian-Pac-Islander,Male,7688,0,60,India,0.996783479353689,1
58,Self-emp-inc,112945,Prof-school,15,Never-married,Prof-specialty,Not-in-family,White,Male,27828,0,40,United-States,0.9967828830919532,1
47,Local-gov,149700,Masters,14,Married-civ-spouse,Prof-specialty,Husband,White,Male,15024,0,35,United-States,0.9967744200264654,0
54,Private,215990,Some-college,10,Married-civ-spouse,Tech-support,Husband,White,Male,7688,0,40,United-States,0.9967740299327623,0
51,Private,159910,Bachelors,13,Divorced,Exec-managerial,Not-in-family,Black,Male,10520,0,40,United-States,0.9967672013493389,0
36,Private,607848,Some-college,10,Married-civ-spouse,Sales,Husband,White,Male,7688,0,45,United-States,0.99676717586447,0
59,Private,153484,Bachelors,13,Married-civ-spouse,Craft-repair,Husband,White,Male,15024,0,50,United-States,0.9967663290616221,0
33,Private,198660,HS-grad,9,Married-civ-spouse,Machine-op-inspct,Husband,White,Male,99999,0,56,United-States,0.9967576921095206,1
36,Private,262688,Some-college,10,Married-civ-spouse,Sales,Husband,Black,Male,7688,0,50,United-States,0.9967484957688122,0
50,Self-emp-not-inc,44368,HS-grad,9,Married-civ-spouse,Sales,Husband,White,Male,15024,0,55,El-Salvador,0.9967391517071668,0
52,Self-emp-inc,287927,HS-grad,9,Married-civ-spouse,Exec-managerial,Wife,White,Female,15024,0,40,United-States,0.9967371059128306,0
44,Private,235786,Some-college,10,Married-civ-spouse,Prof-specialty,Husband,White,Male,7298,0,45,United-States,0.9967358507695483,0
37,Private,152909,Assoc-voc,11,Married-civ-spouse,Adm-clerical,Husband,White,Male,7688,0,40,United-States,0.9967356453661907,0
34,State-gov,98101,Bachelors,13,Married-civ-spouse,Exec-managerial,Husband,White,Male,7688,0,45,?,0.9967319737583703,0
35,Private,75855,Masters,14,Married-civ-spouse,Prof-specialty,Husband,Black,Male,7298,0,40,?,0.9967284542677739,0
39,Private,191807,HS-grad,9,Married-civ-spouse,Sales,Husband,White,Male,15024,0,50,United-States,0.9967077510134121,0
30,Private,176410,Assoc-voc,11,Married-civ-spouse,Prof-specialty,Own-child,White,Female,7298,0,16,United-States,0.9967069847712959,1
38,Private,132879,HS-grad,9,Married-civ-spouse,Craft-repair,Husband,White,Male,7298,0,50,United-States,0.9966983422925189,0
55,State-gov,175127,Bachelors,13,Married-civ-spouse,Adm-clerical,Husband,White,Male,7688,0,38,United-States,0.9966931577678876,0
50,Local-gov,196307,Some-college,10,Married-civ-spouse,Craft-repair,Husband,White,Male,7688,0,40,United-States,0.9966846454942471,0
38,State-gov,188303,Some-college,10,Married-civ-spouse,Protective-serv,Husband,White,Male,7688,0,40,United-States,0.9966842131928988,0
45,Federal-gov,352094,Some-college,10,Married-civ-spouse,Tech-support,Husband,White,Male,7688,0,40,Guatemala,0.9966832572366421,0
34,Private,203488,Bachelors,13,Married-civ-spouse,Sales,Husband,White,Male,15024,0,40,United-States,0.9966824269829803,0
53,Local-gov,216691,Doctorate,16,Divorced,Prof-specialty,Not-in-family,White,Female,10520,0,40,United-States,0.9966793949158717,0
57,Private,61474,Some-college,10,Married-civ-spouse,Exec-managerial,Husband,White,Male,7688,0,45,United-States,0.9966733685428064,0
60,Federal-gov,119832,Some-college,10,Married-civ-spouse,Adm-clerical,Husband,White,Male,7298,0,40,United-States,0.9966673851706301,0
41,Private,113555,Some-college,10,Married-civ-spouse,Craft-repair,Husband,Amer-Indian-Eskimo,Male,7298,0,50,United-States,0.9966648962088617,1
44,Local-gov,189956,Bachelors,13,Married-civ-spouse,Protective-serv,Wife,Black,Female,15024,0,40,United-States,0.996664712676663,0
39,Local-gov,203482,Masters,14,Married-civ-spouse,Prof-specialty,Husband,White,Male,7298,0,40,United-States,0.9966645651929317,0
39,Private,188391,HS-grad,9,Married-civ-spouse,Craft-repair,Husband,White,Male,7298,0,50,United-States,0.9966588028812955,0
56,Self-emp-not-inc,172618,Bachelors,13,Married-civ-spouse,Prof-specialty,Husband,White,Male,7688,0,40,United-States,0.9966550501932523,0
43,State-gov,261929,Doctorate,16,Married-spouse-absent,Prof-specialty,Unmarried,White,Male,25236,0,64,United-States,0.9966550154717934,3
37,Private,186934,HS-grad,9,Married-civ-spouse,Sales,Husband,White,Male,15024,0,60,United-States,0.9966528924924216,0
49,Self-emp-not-inc,219718,Bachelors,13,Married-civ-spouse,Sales,Husband,White,Male,15024,0,40,United-States,0.9966421200459564,0
38,Private,122076,Some-college,10,Married-civ-spouse,Transport-moving,Husband,White,Male,7298,0,43,United-States,0.996638003691993,0
62,State-gov,202056,Bachelors,13,Divorced,Prof-specialty,Not-in-family,White,Male,14084,0,40,United-States,0.9966355109420983,1
52,Federal-gov,617021,Bachelors,13,Married-civ-spouse,Tech-support,Husband,Black,Male,7688,0,40,United-States,0.9966337941100478,2
42,Private,161510,Bachelors,13,Married-civ-spouse,Sales,Husband,White,Male,7298,0,40,United-States,0.996622907846133,0
56,Self-emp-inc,70720,Masters,14,Divorced,Exec-managerial,Not-in-family,White,Male,27828,0,60,United-States,0.9966209184822867,1
46,Self-emp-inc,219962,Bachelors,13,Married-civ-spouse,Machine-op-inspct,Husband,White,Male,7298,0,40,?,0.9966208271011848,0
57,Self-emp-inc,376230,Masters,14,Married-civ-spouse,Sales,Husband,White,Male,99999,0,40,United-States,0.9966180679768241,1
42,State-gov,117583,Doctorate,16,Divorced,Prof-specialty,Not-in-family,White,Female,8614,0,60,United-States,0.996616961930465,1
56,Self-emp-inc,205601,Doctorate,16,Married-civ-spouse,Prof-specialty,Husband,White,Male,99999,0,70,United-States,0.9965983077620111,2
52,Self-emp-not-inc,140985,Bachelors,13,Married-civ-spouse,Adm-clerical,Wife,White,Female,99999,0,30,United-States,0.9965981311776643,1
46,Private,184169,Masters,14,Married-civ-spouse,Prof-specialty,Wife,White,Female,7688,0,35,United-States,0.99659405084129,0
30,Private,296453,Bachelors,13,Married-civ-spouse,Adm-clerical,Husband,White,Male,7298,0,40,United-States,0.9965901074888271,0
53,Local-gov,221722,Masters,14,Never-married,Exec-managerial,Not-in-family,White,Female,14344,0,50,United-States,0.9965793062098646,1
36,Private,169469,Some-college,10,Married-civ-spouse,Exec-managerial,Husband,White,Male,7298,0,40,United-States,0.9965729283967062,0
55,?,270228,Assoc-acdm,12,Married-civ-spouse,?,Husband,Black,Male,7688,0,40,United-States,0.9965721395079932,0
47,Private,155489,HS-grad,9,Married-civ-spouse,Transport-moving,Husband,White,Male,7688,0,55,United-States,0.9965651657445508,0
45,Private,214627,Doctorate,16,Widowed,Prof-specialty,Unmarried,White,Male,15020,0,40,Iran,0.9965630598890017,2
32,Private,170154,Assoc-acdm,12,Separated,Exec-managerial,Unmarried,White,Female,25236,0,50,United-States,0.9965516821094224,1
44,Local-gov,136986,Masters,14,Married-civ-spouse,Prof-specialty,Husband,White,Male,15024,0,35,United-States,0.9965462849218235,0
46,Private,219021,HS-grad,9,Married-civ-spouse,Transport-moving,Husband,White,Male,15024,0,44,United-States,0.9965425905960856,0
34,State-gov,34104,Masters,14,Married-civ-spouse,Prof-specialty,Husband,White,Male,7688,0,38,United-States,0.9965358743235792,0
49,Private,149049,Some-college,10,Divorced,Exec-managerial,Not-in-family,White,Male,14344,0,45,United-States,0.9965354260669935,1
38,Private,111499,Some-college,10,Married-civ-spouse,Transport-moving,Husband,White,Male,7298,0,50,United-States,0.9965279958852579,0
35,Private,589809,Some-college,10,Never-married,Exec-managerial,Not-in-family,White,Male,13550,0,60,United-States,0.9965212177361459,1
28,Local-gov,229223,Assoc-voc,11,Married-civ-spouse,Prof-specialty,Wife,White,Female,7688,0,36,United-States,0.9965101959369469,0
50,Private,183173,HS-grad,9,Married-civ-spouse,Prof-specialty,Husband,White,Male,99999,0,40,United-States,0.996497110291332,1
50,Self-emp-not-inc,68898,Masters,14,Married-civ-spouse,Sales,Husband,White,Male,7688,0,55,United-States,0.9964898476964557,0
47,Private,284916,HS-grad,9,Married-civ-spouse,Sales,Husband,White,Male,7298,0,45,United-States,0.9964832944178423,0
53,Private,171924,Bachelors,13,Divorced,Prof-specialty,Not-in-family,White,Male,14344,0,55,United-States,0.996482186724765,1
40,Private,254478,Some-college,10,Married-civ-spouse,Craft-repair,Husband,White,Male,7298,0,50,United-States,0.9964766477765961,0
54,Private,35557,Some-college,10,Married-civ-spouse,Sales,Husband,White,Male,7298,0,50,United-States,0.9964751336843876,0
39,Self-emp-not-inc,274683,Some-college,10,Married-civ-spouse,Sales,Husband,White,Male,7688,0,50,United-States,0.996459680704267,0
40,Private,284303,Some-college,10,Married-civ-spouse,Exec-managerial,Wife,White,Female,7688,0,40,United-States,0.9964586806462846,0
50,Private,268553,HS-grad,9,Married-civ-spouse,Transport-moving,Husband,White,Male,7298,0,40,United-States,0.9964410754567267,0
50,Private,88842,Bachelors,13,Married-civ-spouse,Transport-moving,Husband,White,Male,7298,0,40,United-States,0.9964362801431584,0
54,Self-emp-inc,304570,Bachelors,13,Married-civ-spouse,Machine-op-inspct,Husband,Asian-Pac-Islander,Male,7688,0,40,?,0.9964292187636643,1
51,Private,90363,Some-college,10,Married-civ-spouse,Adm-clerical,Husband,White,Male,15024,0,40,United-States,0.9964283534320518,0
31,Private,178623,Bachelors,13,Never-married,Prof-specialty,Not-in-family,Black,Female,14084,0,60,United-States,0.9964228798331133,1
52,Self-emp-not-inc,194995,Bachelors,13,Married-civ-spouse,Sales,Husband,White,Male,15024,0,55,United-States,0.9964218969929437,0
43,Private,111483,Some-college,10,Married-civ-spouse,Sales,Husband,White,Male,7298,0,40,United-States,0.9964185915850519,0
38,Private,59660,Bachelors,13,Married-civ-spouse,Sales,Husband,White,Male,7298,0,40,United-States,0.9964091824162727,0
37,Private,361888,Bachelors,13,Never-married,Prof-specialty,Not-in-family,White,Male,10520,0,40,United-States,0.9964072590652002,0
29,Private,241431,Masters,14,Married-civ-spouse,Sales,Husband,White,Male,7298,0,40,United-States,0.9963963893332429,0
46,Private,28419,Prof-school,15,Married-civ-spouse,Prof-specialty,Husband,White,Male,99999,0,50,United-States,0.9963908687972926,1
38,Self-emp-not-inc,194534,Masters,14,Married-civ-spouse,Prof-specialty,Husband,Black,Male,99999,0,60,United-States,0.9963903313970154,1
41,Private,163287,HS-grad,9,Married-civ-spouse,Prof-specialty,Husband,White,Male,7688,0,43,United-States,0.9963874458391817,0
30,Self-emp-not-inc,167990,Assoc-voc,11,Married-civ-spouse,Prof-specialty,Husband,White,Male,15024,0,65,United-States,0.996361687025564,0
53,State-gov,281590,HS-grad,9,Married-civ-spouse,Exec-managerial,Wife,White,Female,15024,0,40,United-States,0.9963556196317175,0
58,Private,289364,Some-college,10,Married-civ-spouse,Exec-managerial,Husband,White,Male,7688,0,45,United-States,0.9963533978821075,0
33,Private,220939,HS-grad,9,Married-civ-spouse,Sales,Husband,White,Male,7298,0,45,United-States,0.9963504256308731,0
52,Local-gov,317733,Bachelors,13,Married-civ-spouse,Prof-specialty,Husband,White,Male,7688,0,40,United-States,0.9963454557733754,0
52,Private,99185,HS-grad,9,Married-civ-spouse,Sales,Husband,White,Male,7298,0,50,United-States,0.9963282576381851,0
33,Private,168981,Masters,14,Divorced,Exec-managerial,Own-child,White,Female,14084,0,50,United-States,0.9963227982305246,1
40,Federal-gov,56795,Masters,14,Never-married,Exec-managerial,Not-in-family,White,Female,14084,0,55,United-States,0.9963185362500393,1
39,Federal-gov,376455,Prof-school,15,Married-civ-spouse,Prof-specialty,Husband,White,Male,0,1887,50,United-States,0.996312495870926,0
52,Self-emp-not-inc,138611,HS-grad,9,Married-civ-spouse,Sales,Husband,White,Male,7688,0,55,United-States,0.9962995253742237,0
36,State-gov,179488,Bachelors,13,Married-civ-spouse,Protective-serv,Husband,White,Male,7298,0,55,United-States,0.9962950439118734,0
34,Private,157747,Some-college,10,Married-civ-spouse,Exec-managerial,Husband,White,Male,7298,0,40,United-States,0.9962910134205233,0
53,Private,89587,Some-college,10,Married-civ-spouse,Transport-moving,Husband,White,Male,7298,0,45,United-States,0.9962746705092884,0
43,Private,170525,Bachelors,13,Divorced,Prof-specialty,Not-in-family,White,Female,14344,0,40,United-States,0.9962726407808212,1
43,Federal-gov,105936,Assoc-voc,11,Never-married,Prof-specialty,Not-in-family,White,Female,13550,0,40,United-States,0.99625852935381,1
37,Private,109133,Masters,14,Separated,Exec-managerial,Not-in-family,White,Male,27828,0,60,Iran,0.9962511220123083,1
30,Private,347166,Bachelors,13,Never-married,Prof-specialty,Not-in-family,White,Male,13550,0,45,United-States,0.996247755996037,1
35,Private,202027,Bachelors,13,Divorced,Exec-managerial,Not-in-family,White,Male,27828,0,50,United-States,0.9962100136857954,1
38,Private,125933,Bachelors,13,Separated,Exec-managerial,Not-in-family,White,Male,27828,0,45,United-States,0.9962061934120365,1
47,Private,151267,HS-grad,9,Married-civ-spouse,Machine-op-inspct,Wife,Black,Female,15024,0,40,United-States,0.9961869424939648,0
49,Private,196707,HS-grad,9,Married-civ-spouse,Machine-op-inspct,Husband,White,Male,7298,0,43,United-States,0.9961792190112411,0
52,Private,99736,Masters,14,Divorced,Prof-specialty,Unmarried,White,Male,15020,0,50,United-States,0.9961751991065605,1
58,Self-emp-inc,78104,Some-college,10,Married-civ-spouse,Exec-managerial,Husband,White,Male,7298,0,60,United-States,0.996172774260202,0
47,Self-emp-not-inc,168109,HS-grad,9,Married-civ-spouse,Farming-fishing,Husband,White,Male,15024,0,50,United-States,0.9961680668609277,0
48,Local-gov,493862,HS-grad,9,Married-civ-spouse,Exec-managerial,Husband,Black,Male,7298,0,38,United-States,0.996162927895529,0
47,Self-emp-not-inc,165468,HS-grad,9,Married-civ-spouse,Machine-op-inspct,Husband,White,Male,7298,0,40,United-States,0.9961525443404332,0
55,Private,223594,Some-college,10,Married-civ-spouse,Craft-repair,Husband,Black,Male,7688,0,40,Puerto-Rico,0.9961500856250274,0
34,Private,142897,Masters,14,Married-civ-spouse,Exec-managerial,Husband,Asian-Pac-Islander,Male,7298,0,35,Taiwan,0.9961404352386621,1
45,Self-emp-not-inc,210364,HS-grad,9,Married-civ-spouse,Sales,Husband,White,Male,15024,0,80,United-States,0.9961356190275039,1
51,Private,139347,HS-grad,9,Married-civ-spouse,Adm-clerical,Wife,White,Female,7688,0,40,United-States,0.9961118608143024,0
43,Self-emp-inc,172826,Some-college,10,Married-civ-spouse,Sales,Husband,White,Male,99999,0,55,United-States,0.99610674927377,1
48,Self-emp-not-inc,164582,Some-college,10,Married-civ-spouse,Farming-fishing,Husband,White,Male,7298,0,60,United-States,0.9961000759830698,0
35,Federal-gov,287031,Masters,14,Never-married,Exec-managerial,Not-in-family,White,Male,8614,0,40,United-States,0.9960931805435618,1
65,Private,154171,Prof-school,15,Married-civ-spouse,Prof-specialty,Husband,White,Male,20051,0,60,United-States,0.9960915617216312,1
37,Local-gov,160910,Bachelors,13,Married-civ-spouse,Adm-clerical,Husband,White,Male,7298,0,40,United-States,0.9960910663764894,0
38,Private,333651,Bachelors,13,Married-civ-spouse,Prof-specialty,Husband,White,Male,15024,0,70,United-States,0.9960901920484627,0
50,Private,34832,Bachelors,13,Married-civ-spouse,Tech-support,Husband,White,Male,15024,0,40,United-States,0.9960721941467221,0
54,Private,36480,HS-grad,9,Married-civ-spouse,Sales,Husband,White,Male,15024,0,50,United-States,0.9960716704426653,0
62,Private,109190,Bachelors,13,Married-civ-spouse,Exec-managerial,Husband,White,Male,15024,0,40,United-States,0.9960506254206213,0
41,Private,58880,Bachelors,13,Married-civ-spouse,Prof-specialty,Wife,White,Female,7688,0,10,United-States,0.9960432241086677,1
43,Local-gov,198096,HS-grad,9,Married-civ-spouse,Craft-repair,Husband,White,Male,7688,0,40,United-States,0.9960303937995725,0
29,Private,122127,Bachelors,13,Never-married,Prof-specialty,Not-in-family,White,Female,8614,0,40,United-States,0.9960301201700208,1
52,Federal-gov,30731,HS-grad,9,Married-civ-spouse,Exec-managerial,Husband,White,Male,7298,0,40,United-States,0.9960292900351088,0
44,Private,247880,Assoc-voc,11,Divorced,Exec-managerial,Not-in-family,White,Male,8614,0,40,United-States,0.9960162552794835,1
54,Self-emp-not-inc,123011,HS-grad,9,Married-civ-spouse,Craft-repair,Husband,White,Male,15024,0,52,United-States,0.9959877850660881,0
32,Self-emp-not-inc,112115,Bachelors,13,Married-civ-spouse,Prof-specialty,Husband,White,Male,7688,0,40,United-States,0.9959875779594035,0
53,Self-emp-not-inc,137547,Prof-school,15,Never-married,Prof-specialty,Not-in-family,Asian-Pac-Islander,Male,27828,0,40,Philippines,0.9959701343128453,4
29,Private,148431,Assoc-acdm,12,Married-civ-spouse,Sales,Wife,Other,Female,7688,0,45,United-States,0.995968675224558,1
51,Private,162745,HS-grad,9,Married-civ-spouse,Craft-repair,Husband,White,Male,7298,0,50,United-States,0.9959473285727629,0
57,Private,334224,Some-college,10,Married-civ-spouse,Craft-repair,Wife,White,Female,9386,0,40,United-States,0.9959449453519981,0
45,Private,203653,HS-grad,9,Married-civ-spouse,Adm-clerical,Husband,Black,Male,7298,0,40,United-States,0.995942285971977,0
48,Self-emp-not-inc,107231,Bachelors,13,Married-civ-spouse,Exec-managerial,Husband,White,Male,99999,0,50,United-States,0.9959415830814639,1
53,Private,73134,HS-grad,9,Married-civ-spouse,Sales,Husband,White,Male,15024,0,60,United-States,0.9959393594738043,0
38,Private,31033,Bachelors,13,Married-civ-spouse,Sales,Husband,White,Male,7298,0,40,United-States,0.9959362557475229,0
49,Private,120629,Bachelors,13,Divorced,Exec-managerial,Not-in-family,Black,Female,27828,0,60,United-States,0.9959248170041587,1
36,Private,111499,Masters,14,Never-married,Exec-managerial,Not-in-family,White,Female,14084,0,40,United-States,0.9959134453594742,1
67,Self-emp-not-inc,148690,Masters,14,Widowed,Prof-specialty,Not-in-family,White,Male,18481,0,2,United-States,0.9958924906507327,2
50,Private,164198,Assoc-acdm,12,Married-civ-spouse,Handlers-cleaners,Husband,Black,Male,15024,0,45,United-States,0.9958849349200009,0
40,Local-gov,290660,Assoc-acdm,12,Divorced,Exec-managerial,Not-in-family,White,Male,8614,0,50,United-States,0.9958830083197067,1
25,Private,99126,Assoc-voc,11,Married-civ-spouse,Prof-specialty,Wife,White,Female,7688,0,40,United-States,0.9958824097534916,0
58,Local-gov,217775,HS-grad,9,Married-civ-spouse,Exec-managerial,Husband,White,Male,7298,0,40,United-States,0.995849015561483,0
34,Private,122612,Bachelors,13,Married-civ-spouse,Other-service,Wife,Asian-Pac-Islander,Female,7688,0,50,Philippines,0.9958379986631641,2
49,Private,159816,Bachelors,13,Married-civ-spouse,Prof-specialty,Wife,White,Female,99999,0,20,United-States,0.9958299511211633,1
36,State-gov,86805,Some-college,10,Married-civ-spouse,Exec-managerial,Wife,White,Female,7298,0,39,United-States,0.99582862520474,0
34,Self-emp-not-inc,198664,Bachelors,13,Married-civ-spouse,Craft-repair,Husband,Asian-Pac-Islander,Male,15024,0,70,South,0.9958271752501513,1
64,Private,60940,HS-grad,9,Widowed,Sales,Not-in-family,White,Female,8614,0,50,France,0.9958120263172353,1
27,Private,186454,Bachelors,13,Never-married,Prof-specialty,Not-in-family,Asian-Pac-Islander,Male,13550,0,40,United-States,0.9958097440644693,1
50,Self-emp-not-inc,172281,HS-grad,9,Married-civ-spouse,Exec-managerial,Husband,White,Male,7688,0,50,United-States,0.9957923374082042,0
47,Private,155659,Some-college,10,Married-civ-spouse,Craft-repair,Husband,White,Male,7688,0,55,United-States,0.9957903887920815,0
52,Private,74275,Some-college,10,Married-civ-spouse,Sales,Husband,White,Male,7298,0,45,United-States,0.9957857422385101,0
37,Self-emp-not-inc,353298,HS-grad,9,Married-civ-spouse,Sales,Husband,White,Male,99999,0,50,United-States,0.9957783841107688,1
39,Federal-gov,363630,HS-grad,9,Married-civ-spouse,Adm-clerical,Husband,Black,Male,7688,0,52,United-States,0.9957753547901591,0
28,Local-gov,168524,Masters,14,Married-civ-spouse,Prof-specialty,Wife,White,Female,7688,0,35,United-States,0.9957546035396098,0
55,Private,175071,Some-college,10,Married-civ-spouse,Craft-repair,Husband,Black,Male,15024,0,40,United-States,0.9957496442176773,0
51,Private,114927,Assoc-voc,11,Married-civ-spouse,Tech-support,Husband,White,Male,7298,0,40,United-States,0.9956941296773938,0
36,Self-emp-not-inc,112497,Prof-school,15,Divorced,Prof-specialty,Unmarried,White,Male,25236,0,40,United-States,0.9956587424609696,1
41,Private,290660,Bachelors,13,Married-civ-spouse,Craft-repair,Husband,White,Male,7688,0,55,United-States,0.9956583610469075,0
47,Self-emp-inc,214169,HS-grad,9,Married-civ-spouse,Farming-fishing,Husband,White,Male,15024,0,40,United-States,0.995637911376344,0
45,Self-emp-not-inc,315984,HS-grad,9,Married-civ-spouse,Craft-repair,Husband,White,Male,7688,0,50,United-States,0.9956363898640201,0
33,Private,356823,Bachelors,13,Never-married,Prof-specialty,Not-in-family,White,Female,10520,0,45,United-States,0.9956352548718886,0
58,?,266792,Some-college,10,Married-civ-spouse,?,Husband,White,Male,99999,0,40,United-States,0.9956316256495548,1
29,Self-emp-not-inc,69132,Prof-school,15,Divorced,Prof-specialty,Not-in-family,White,Male,99999,0,60,United-States,0.9956079363597435,1
52,Private,163998,HS-grad,9,Married-civ-spouse,Sales,Husband,White,Male,99999,0,45,United-States,0.995607222855751,1
60,Private,282923,Some-college,10,Married-civ-spouse,Prof-specialty,Husband,White,Male,7298,0,40,United-States,0.9956051455915197,0
59,Private,146391,Assoc-voc,11,Married-civ-spouse,Tech-support,Husband,White,Male,7298,0,40,United-States,0.9956011851094737,0
30,Local-gov,125159,Bachelors,13,Never-married,Prof-specialty,Not-in-family,Black,Male,14084,0,45,?,0.995598743131445,1
45,Private,170871,HS-grad,9,Married-civ-spouse,Craft-repair,Husband,White,Male,7298,0,60,United-States,0.995581303787366,0
43,Private,128170,Some-college,10,Married-civ-spouse,Sales,Husband,White,Male,7688,0,40,United-States,0.9955696529198705,0
34,Private,199934,Some-college,10,Married-civ-spouse,Machine-op-inspct,Husband,Black,Male,7298,0,40,United-States,0.9955691420120584,0
38,Private,103323,Some-college,10,Married-civ-spouse,Craft-repair,Husband,White,Male,7688,0,40,United-States,0.9955417650380062,0
54,Private,185407,HS-grad,9,Married-civ-spouse,Craft-repair,Husband,White,Male,7688,0,40,United-States,0.9955413515613866,0
47,Local-gov,56482,Some-college,10,Married-civ-spouse,Prof-specialty,Husband,Black,Male,7688,0,50,United-States,0.9955264263956584,0
29,Private,157612,Bachelors,13,Never-married,Prof-specialty,Not-in-family,White,Female,14344,0,40,United-States,0.9955237133262406,1
33,Private,274222,Bachelors,13,Married-civ-spouse,Other-service,Husband,Asian-Pac-Islander,Male,7688,0,38,United-States,0.9955192602539915,0
42,Local-gov,121998,Some-college,10,Married-civ-spouse,Exec-managerial,Husband,White,Male,15024,0,40,United-States,0.9954862458640998,0
47,Private,274200,11th,7,Married-civ-spouse,Craft-repair,Husband,White,Male,7298,0,40,United-States,0.9954761489123652,0
43,Federal-gov,195897,HS-grad,9,Married-civ-spouse,Farming-fishing,Husband,White,Male,7298,0,40,United-States,0.9954563471080455,0
28,Private,285294,Bachelors,13,Married-civ-spouse,Sales,Wife,Black,Female,15024,0,45,United-States,0.9954550755653971,0
57,Private,548256,12th,8,Married-civ-spouse,Transport-moving,Husband,Black,Male,7688,0,40,United-States,0.9954540212264354,1
49,Local-gov,149210,Bachelors,13,Married-civ-spouse,Protective-serv,Husband,Black,Male,15024,0,40,United-States,0.9954533543091737,0
46,Self-emp-not-inc,176319,HS-grad,9,Married-civ-spouse,Sales,Own-child,White,Female,7298,0,40,United-States,0.995450217809184,0
28,Private,119793,Assoc-voc,11,Divorced,Exec-managerial,Not-in-family,White,Male,10520,0,50,United-States,0.9954369069875462,0
49,Self-emp-inc,362795,Masters,14,Divorced,Prof-specialty,Unmarried,White,Male,99999,0,80,Mexico,0.9954361272101646,5
64,Self-emp-inc,165667,Doctorate,16,Married-civ-spouse,Prof-specialty,Husband,White,Male,7688,0,60,Canada,0.9954249005338025,1
55,Private,117299,HS-grad,9,Married-civ-spouse,Craft-repair,Husband,White,Male,7688,0,40,United-States,0.9954215332842313,0
49,Private,139268,HS-grad,9,Married-civ-spouse,Craft-repair,Husband,White,Male,7298,0,40,United-States,0.9954215332842313,0
37,State-gov,367237,Assoc-voc,11,Never-married,Prof-specialty,Not-in-family,White,Male,8614,0,40,United-States,0.9954154999721115,1
45,Local-gov,348172,Bachelors,13,Married-civ-spouse,Farming-fishing,Husband,Asian-Pac-Islander,Male,7298,0,40,United-States,0.9954154295042407,1
37,Local-gov,218490,HS-grad,9,Married-civ-spouse,Protective-serv,Husband,White,Male,7688,0,35,United-States,0.9954012322446206,0
36,Local-gov,61778,HS-grad,9,Married-civ-spouse,Prof-specialty,Husband,White,Male,15024,0,40,United-States,0.9954006906591187,0
48,Private,155664,HS-grad,9,Married-civ-spouse,Craft-repair,Husband,White,Male,7688,0,70,United-States,0.9953910597659279,1
31,Private,45781,Masters,14,Never-married,Prof-specialty,Not-in-family,White,Female,14084,0,50,United-States,0.9953598389978114,1
48,Private,83444,HS-grad,9,Married-civ-spouse,Prof-specialty,Husband,White,Male,7298,0,40,United-States,0.9953596210677808,0
54,Local-gov,31533,Masters,14,Married-civ-spouse,Adm-clerical,Husband,White,Male,7298,0,40,United-States,0.9953535636500082,0
56,Private,132026,Bachelors,13,Married-civ-spouse,Sales,Husband,Black,Male,7688,0,45,United-States,0.9953527400464082,0
39,Private,150061,Masters,14,Divorced,Exec-managerial,Unmarried,Black,Female,15020,0,60,United-States,0.9953461943057528,1
42,Private,331651,Masters,14,Never-married,Prof-specialty,Not-in-family,White,Female,8614,0,50,United-States,0.9953249947320579,1
47,Private,233511,Masters,14,Divorced,Sales,Not-in-family,White,Male,27828,0,60,United-States,0.9953210430900543,1
42,Private,124792,HS-grad,9,Married-civ-spouse,Craft-repair,Husband,Black,Male,7688,0,45,United-States,0.995316836937281,0
33,Private,168030,Some-college,10,Married-civ-spouse,Prof-specialty,Wife,White,Female,7298,0,21,United-States,0.9953086304798386,1
40,Private,409922,Some-college,10,Married-civ-spouse,Prof-specialty,Husband,White,Male,7298,0,40,United-States,0.9952626805101792,0
51,Private,143822,Some-college,10,Married-civ-spouse,Craft-repair,Husband,White,Male,7298,0,40,United-States,0.9952578492263334,0
46,Private,110171,Some-college,10,Married-civ-spouse,Craft-repair,Husband,White,Male,7688,0,40,United-States,0.9952405555885777,0
39,Private,315776,Masters,14,Never-married,Exec-managerial,Not-in-family,Black,Male,8614,0,52,United-States,0.9952395795587974,1
74,Self-emp-inc,228075,Some-college,10,Married-civ-spouse,Exec-managerial,Husband,White,Male,20051,0,25,United-States,0.9952214404549015,1
47,Private,164113,Some-college,10,Married-civ-spouse,Craft-repair,Husband,Black,Male,7688,0,40,United-States,0.9952183105138377,0
35,Private,360799,HS-grad,9,Married-civ-spouse,Craft-repair,Husband,White,Male,7298,0,40,United-States,0.9952072216565799,0
32,Private,167990,Masters,14,Never-married,Exec-managerial,Not-in-family,White,Male,14084,0,40,United-States,0.9952002152478484,1
29,Private,152461,Bachelors,13,Never-married,Prof-specialty,Unmarried,White,Female,14344,0,50,United-States,0.9951898998908261,1
33,Private,164190,Assoc-voc,11,Married-civ-spouse,Craft-repair,Husband,White,Male,7298,0,40,United-States,0.9951897315113623,0
51,Self-emp-inc,210736,HS-grad,9,Never-married,Exec-managerial,Not-in-family,White,Male,10520,0,40,United-States,0.9951886941475653,0
54,Private,511668,Doctorate,16,Married-civ-spouse,Exec-managerial,Husband,White,Male,0,1977,43,United-States,0.9951853457407952,0
35,Private,188069,Masters,14,Never-married,Prof-specialty,Not-in-family,White,Male,13550,0,55,?,0.9951822606686509,1
40,Private,48087,HS-grad,9,Married-civ-spouse,Sales,Husband,White,Male,7298,0,45,United-States,0.9951806573550134,0
45,Private,154430,Bachelors,13,Widowed,Prof-specialty,Not-in-family,White,Female,10520,0,50,United-States,0.9951802725207205,0
58,Self-emp-inc,210563,HS-grad,9,Married-civ-spouse,Sales,Wife,White,Female,15024,0,35,United-States,0.9951750463159396,0
43,Private,75993,Some-college,10,Married-civ-spouse,Sales,Husband,White,Male,7688,0,40,United-States,0.9951706313936493,0
36,Private,329980,Bachelors,13,Never-married,Exec-managerial,Not-in-family,White,Male,27828,0,40,United-States,0.9951504943305768,1
36,Private,208358,Prof-school,15,Divorced,Prof-specialty,Not-in-family,White,Male,99999,0,45,United-States,0.995150333783871,1
46,Private,321327,Some-college,10,Married-civ-spouse,Transport-moving,Husband,White,Male,7298,0,45,United-States,0.9951117058773419,0
26,Private,164488,Bachelors,13,Never-married,Prof-specialty,Not-in-family,White,Male,13550,0,50,United-States,0.9951017257473933,1
45,Private,339863,Bachelors,13,Divorced,Sales,Not-in-family,White,Male,8614,0,48,United-States,0.9950948685084074,1
44,Private,203761,Bachelors,13,Never-married,Prof-specialty,Own-child,White,Male,10520,0,40,United-States,0.9950860503703364,0
39,Private,33355,HS-grad,9,Married-civ-spouse,Transport-moving,Husband,White,Male,7298,0,48,United-States,0.9950654180707857,0
41,Private,143003,Assoc-voc,11,Married-civ-spouse,Other-service,Husband,Asian-Pac-Islander,Male,7298,0,60,India,0.9950631572164571,1
60,Private,116707,Some-college,10,Married-civ-spouse,Sales,Husband,White,Male,7298,0,40,United-States,0.9950485487495659,0
38,Private,217349,Assoc-voc,11,Divorced,Prof-specialty,Not-in-family,White,Female,14344,0,40,United-States,0.9950461053136177,1
36,Private,178815,Bachelors,13,Never-married,Exec-managerial,Not-in-family,White,Male,8614,0,40,United-States,0.9950403247471041,1
52,Private,152234,HS-grad,9,Married-civ-spouse,Exec-managerial,Husband,Asian-Pac-Islander,Male,99999,0,40,Japan,0.9950301120799209,1
31,Private,246439,Some-college,10,Married-civ-spouse,Farming-fishing,Husband,White,Male,7298,0,50,United-States,0.9950276903802148,0
27,Private,128730,Assoc-voc,11,Never-married,Exec-managerial,Not-in-family,White,Male,10520,0,65,Greece,0.9950272472892457,0
38,Local-gov,286405,Doctorate,16,Married-civ-spouse,Exec-managerial,Husband,White,Male,0,1887,50,United-States,0.9949975159460684,0
35,Federal-gov,49657,Bachelors,13,Married-civ-spouse,Prof-specialty,Husband,White,Male,7298,0,40,United-States,0.9949596773426739,0
59,Private,159724,Masters,14,Married-civ-spouse,Sales,Husband,White,Male,7298,0,55,United-States,0.9949589923854327,0
36,Private,29702,HS-grad,9,Married-civ-spouse,Sales,Husband,White,Male,7688,0,40,United-States,0.9949561299001184,0
50,Private,89041,HS-grad,9,Married-civ-spouse,Craft-repair,Husband,White,Male,15024,0,50,United-States,0.9949549527780033,0
45,Self-emp-inc,108100,Bachelors,13,Married-civ-spouse,Exec-managerial,Wife,Asian-Pac-Islander,Female,99999,0,25,?,0.9949512721943691,5
53,Private,386773,HS-grad,9,Married-civ-spouse,Craft-repair,Husband,White,Male,7298,0,40,United-States,0.9949262592170613,0
42,Self-emp-not-inc,24763,Doctorate,16,Married-civ-spouse,Prof-specialty,Husband,White,Male,15024,0,40,United-States,0.9949134316400754,0
42,Private,227065,Some-college,10,Married-civ-spouse,Prof-specialty,Husband,White,Male,15024,0,32,United-States,0.9948976520739793,0
37,Private,269329,Assoc-voc,11,Divorced,Prof-specialty,Not-in-family,White,Female,8614,0,45,United-States,0.9948927590583297,1
35,Self-emp-not-inc,170174,HS-grad,9,Married-civ-spouse,Craft-repair,Husband,White,Male,7298,0,60,United-States,0.9948853166397743,0
49,Self-emp-not-inc,43348,Doctorate,16,Never-married,Prof-specialty,Not-in-family,White,Male,99999,0,70,United-States,0.9948720644191668,1
46,Private,113806,12th,8,Married-civ-spouse,Craft-repair,Husband,White,Male,7298,0,40,?,0.9948681070309724,0
42,Self-emp-inc,277256,Doctorate,16,Married-civ-spouse,Prof-specialty,Husband,White,Male,0,1977,60,United-States,0.9948628531913923,0
38,Self-emp-not-inc,108947,Some-college,10,Married-civ-spouse,Machine-op-inspct,Husband,White,Male,7688,0,40,United-States,0.9948599773626071,0
32,Private,154120,HS-grad,9,Married-civ-spouse,Transport-moving,Husband,White,Male,7298,0,40,United-States,0.9948581941780487,0
38,Private,139180,Bachelors,13,Divorced,Prof-specialty,Unmarried,Black,Female,15020,0,45,United-States,0.9948404336186302,1
44,Self-emp-inc,357679,Bachelors,13,Married-civ-spouse,Farming-fishing,Husband,White,Male,15024,0,65,United-States,0.9948336968030238,0
36,Private,175360,Masters,14,Never-married,Adm-clerical,Not-in-family,White,Male,13550,0,50,United-States,0.9948308417306261,1
53,Private,104461,Bachelors,13,Never-married,Other-service,Not-in-family,White,Male,8614,0,50,Italy,0.9948017462735536,1
51,Private,339905,HS-grad,9,Married-civ-spouse,Sales,Husband,White,Male,7688,0,40,United-States,0.994794566008349,0
48,Self-emp-not-inc,243631,Some-college,10,Married-civ-spouse,Craft-repair,Husband,Amer-Indian-Eskimo,Male,7688,0,40,United-States,0.9947645514210507,1
45,Self-emp-inc,191776,Masters,14,Divorced,Sales,Unmarried,White,Female,25236,0,42,United-States,0.9947387832160748,1
48,Private,108557,Bachelors,13,Married-civ-spouse,Tech-support,Wife,White,Female,99999,0,40,United-States,0.9947367761326148,1
49,Private,84298,Some-college,10,Married-civ-spouse,Sales,Husband,White,Male,7688,0,40,United-States,0.994735544998236,0
60,Private,240521,HS-grad,9,Married-civ-spouse,Craft-repair,Husband,White,Male,7298,0,40,United-States,0.9947346415389239,0
59,Self-emp-not-inc,201263,Bachelors,13,Married-civ-spouse,Sales,Husband,White,Male,15024,0,55,United-States,0.9947042390298868,0
38,Private,179117,Assoc-acdm,12,Never-married,Machine-op-inspct,Not-in-family,Black,Female,10520,0,50,United-States,0.9947021198323784,0
53,Private,88842,HS-grad,9,Married-civ-spouse,Exec-managerial,Husband,White,Male,99999,0,40,United-States,0.9946695580115726,1
39,Private,224531,HS-grad,9,Married-civ-spouse,Craft-repair,Husband,White,Male,7298,0,40,United-States,0.9946506841427851,0
38,Federal-gov,338320,Prof-school,15,Married-civ-spouse,Prof-specialty,Husband,White,Male,0,1977,50,United-States,0.9946324134560419,0
28,Private,37359,Assoc-voc,11,Married-civ-spouse,Prof-specialty,Husband,White,Male,99999,0,50,United-States,0.9945662636816255,1
53,Private,126592,Some-college,10,Married-civ-spouse,Craft-repair,Husband,Black,Male,7688,0,40,United-States,0.9945495254143605,0
29,Private,82242,Prof-school,15,Never-married,Prof-specialty,Unmarried,White,Male,27828,0,45,Germany,0.9945457859999102,1
60,Private,142494,Some-college,10,Married-civ-spouse,Exec-managerial,Husband,White,Male,15024,0,40,United-States,0.9945412483927544,0
33,Local-gov,183923,Masters,14,Married-civ-spouse,Prof-specialty,Wife,White,Female,7688,0,35,United-States,0.994526622682273,0
38,Private,275223,Some-college,10,Married-civ-spouse,Sales,Husband,White,Male,7298,0,40,United-States,0.9945011417945521,0
38,?,94559,Bachelors,13,Married-civ-spouse,?,Wife,Other,Female,7688,0,50,?,0.9944879699376971,5
40,Private,163215,Bachelors,13,Divorced,Exec-managerial,Not-in-family,White,Female,10520,0,40,United-States,0.994469067669499,0
34,Federal-gov,419691,Bachelors,13,Married-civ-spouse,Protective-serv,Husband,White,Male,7298,0,54,United-States,0.9944681664370887,0
46,Private,364548,Bachelors,13,Divorced,Sales,Not-in-family,White,Male,8614,0,40,United-States,0.994465265615366,1
64,Self-emp-not-inc,134960,Bachelors,13,Married-civ-spouse,Exec-managerial,Husband,White,Male,15024,0,35,United-States,0.9944380745265606,0
29,Private,176037,Assoc-voc,11,Divorced,Tech-support,Not-in-family,Black,Male,14344,0,40,United-States,0.9944091009367004,1
41,Private,124956,Bachelors,13,Separated,Prof-specialty,Not-in-family,Black,Female,99999,0,60,United-States,0.9944040652378462,1
68,Private,193666,Doctorate,16,Married-civ-spouse,Prof-specialty,Husband,White,Male,20051,0,55,United-States,0.9943975089787871,1
39,Local-gov,267893,Assoc-acdm,12,Married-civ-spouse,Craft-repair,Husband,Black,Male,7298,0,40,United-States,0.9943869930021518,0
50,Local-gov,117496,HS-grad,9,Married-civ-spouse,Adm-clerical,Wife,White,Female,7298,0,30,United-States,0.9943758494166951,0
53,Private,283602,Bachelors,13,Divorced,Sales,Not-in-family,White,Female,13550,0,43,United-States,0.994367103476936,1
28,Private,119287,Bachelors,13,Married-civ-spouse,Exec-managerial,Wife,White,Female,15024,0,28,United-States,0.9943656804970346,0
58,Self-emp-not-inc,93664,HS-grad,9,Married-civ-spouse,Exec-managerial,Husband,White,Male,15024,0,60,United-States,0.9943378012568962,0
35,Private,207066,Bachelors,13,Never-married,Sales,Not-in-family,White,Male,10520,0,45,United-States,0.9943204545256853,0
42,Private,184837,HS-grad,9,Married-civ-spouse,Machine-op-inspct,Wife,White,Female,7298,0,40,United-States,0.9943089729845687,0
58,Self-emp-inc,349910,Prof-school,15,Married-civ-spouse,Prof-specialty,Husband,White,Male,0,1977,50,United-States,0.9942881479218696,0
50,Self-emp-not-inc,401118,HS-grad,9,Married-civ-spouse,Craft-repair,Husband,White,Male,99999,0,50,United-States,0.9942693557633339,1
55,Private,182460,HS-grad,9,Married-civ-spouse,Craft-repair,Husband,White,Male,15024,0,35,United-States,0.9942602243279998,0
58,Private,349910,HS-grad,9,Married-civ-spouse,Exec-managerial,Husband,White,Male,7688,0,40,United-States,0.9942480763136373,0
46,Local-gov,121124,Bachelors,13,Married-civ-spouse,Protective-serv,Husband,White,Male,15024,0,40,United-States,0.9942402589343055,0
35,Private,109351,Bachelors,13,Never-married,Sales,Not-in-family,White,Female,8614,0,45,United-States,0.9942238123903172,1
40,Private,175935,Bachelors,13,Divorced,Sales,Not-in-family,White,Male,14084,0,40,United-States,0.9942061968738979,1
53,State-gov,156877,HS-grad,9,Married-civ-spouse,Adm-clerical,Husband,White,Male,15024,0,35,United-States,0.994189712099647,0
32,Private,194426,Bachelors,13,Married-civ-spouse,Tech-support,Husband,White,Male,15024,0,40,United-States,0.9941800519924039,0
55,Private,197422,HS-grad,9,Married-civ-spouse,Transport-moving,Husband,White,Male,7688,0,40,United-States,0.9941761997362206,0
69,Self-emp-not-inc,240562,Prof-school,15,Married-civ-spouse,Prof-specialty,Husband,White,Male,99999,0,40,United-States,0.994167374387832,1
49,Local-gov,194895,Some-college,10,Married-civ-spouse,Handlers-cleaners,Husband,White,Male,7298,0,40,United-States,0.9941654751080415,0
51,Self-emp-not-inc,246820,HS-grad,9,Married-civ-spouse,Craft-repair,Husband,White,Male,7298,0,48,United-States,0.9941634628447162,0
46,State-gov,30219,Some-college,10,Married-civ-spouse,Exec-managerial,Husband,White,Male,7688,0,38,United-States,0.9941338226715143,0
51,Private,162238,Masters,14,Married-civ-spouse,Exec-managerial,Husband,White,Male,0,1887,47,United-States,0.9941299581642523,0
30,Private,235124,HS-grad,9,Married-civ-spouse,Transport-moving,Husband,White,Male,99999,0,40,United-States,0.994122604545499,1
61,Private,176839,Bachelors,13,Married-civ-spouse,Prof-specialty,Husband,White,Male,15024,0,50,United-States,0.9940920166880631,0
57,Private,200453,HS-grad,9,Married-civ-spouse,Craft-repair,Husband,White,Male,15024,0,40,United-States,0.9940913878207364,0
26,Private,256000,Prof-school,15,Married-civ-spouse,Prof-specialty,Husband,White,Male,99999,0,60,United-States,0.9940798906828803,1
35,Local-gov,302149,Bachelors,13,Married-civ-spouse,Sales,Husband,Asian-Pac-Islander,Male,7298,0,40,Philippines,0.9940749624183817,1
45,Self-emp-not-inc,319122,Bachelors,13,Never-married,Sales,Not-in-family,White,Male,14084,0,45,United-States,0.9940553737588655,1
44,Federal-gov,281739,Some-college,10,Never-married,Adm-clerical,Not-in-family,White,Male,13550,0,50,United-States,0.9940064700176405,1
60,Federal-gov,404023,HS-grad,9,Divorced,Exec-managerial,Not-in-family,White,Male,10520,0,40,United-States,0.9940006080648123,0
46,Private,295566,Doctorate,16,Divorced,Prof-specialty,Unmarried,White,Female,25236,0,65,United-States,0.9939565524237416,2
28,Private,119545,Some-college,10,Married-civ-spouse,Exec-managerial,Own-child,White,Male,7688,0,50,United-States,0.993943166879182,0
33,Private,170769,Doctorate,16,Divorced,Sales,Not-in-family,White,Male,99999,0,60,United-States,0.9939253642351468,1
46,State-gov,238648,HS-grad,9,Married-civ-spouse,Other-service,Husband,Black,Male,7298,0,40,United-States,0.9939167637303773,0
42,Private,24982,Some-college,10,Married-civ-spouse,Craft-repair,Husband,White,Male,7688,0,40,United-States,0.9938980531702123,0
34,Private,49469,Bachelors,13,Never-married,Sales,Not-in-family,White,Male,99999,0,50,United-States,0.9938908372559035,1
34,Private,181091,HS-grad,9,Married-civ-spouse,Craft-repair,Husband,White,Male,7688,0,40,United-States,0.9938753396608276,0
38,Private,478346,HS-grad,9,Married-civ-spouse,Exec-managerial,Wife,White,Female,7688,0,40,United-States,0.9938574131076076,0
58,Private,234213,HS-grad,9,Divorced,Craft-repair,Not-in-family,White,Male,14344,0,48,United-States,0.9937956598635825,1
36,Private,297449,Bachelors,13,Divorced,Prof-specialty,Not-in-family,White,Male,14084,0,40,United-States,0.9937948742761615,1
42,Private,54202,Bachelors,13,Never-married,Sales,Not-in-family,White,Male,10520,0,50,United-States,0.9937550500565526,0
58,Private,172333,HS-grad,9,Married-civ-spouse,Sales,Husband,White,Male,7688,0,40,United-States,0.9937448722220874,0
36,Private,128757,Bachelors,13,Married-civ-spouse,Other-service,Husband,Black,Male,7298,0,36,United-States,0.9937156894921216,0
30,Private,129707,Bachelors,13,Married-civ-spouse,Prof-specialty,Husband,White,Male,99999,0,35,United-States,0.9937132764298909,1
45,Local-gov,318280,Some-college,10,Married-civ-spouse,Prof-specialty,Husband,White,Male,7688,0,50,United-States,0.9936848579394371,0
53,Self-emp-inc,251675,Some-college,10,Divorced,Sales,Not-in-family,White,Male,8614,0,50,Cuba,0.993682020101927,1
60,Private,178312,HS-grad,9,Married-civ-spouse,Sales,Husband,White,Male,7298,0,65,United-States,0.9936794210733292,0
44,Self-emp-not-inc,127482,HS-grad,9,Married-civ-spouse,Craft-repair,Husband,White,Male,7298,0,50,England,0.9936510111364172,0
54,Private,215990,Masters,14,Married-civ-spouse,Exec-managerial,Husband,White,Male,0,1887,44,United-States,0.9936440742750265,0
38,?,70282,Masters,14,Married-civ-spouse,?,Wife,Black,Female,15024,0,2,United-States,0.9936118172184559,3
51,Private,138852,HS-grad,9,Married-civ-spouse,Other-service,Husband,White,Male,7298,0,40,El-Salvador,0.9935750375933093,0
41,Private,100451,HS-grad,9,Married-civ-spouse,Craft-repair,Husband,White,Male,7688,0,38,United-States,0.9935585352287495,0
32,Private,131584,HS-grad,9,Married-civ-spouse,Sales,Husband,White,Male,7298,0,40,United-States,0.9935338698998991,0
60,Private,103344,HS-grad,9,Married-civ-spouse,Craft-repair,Husband,White,Male,15024,0,40,United-States,0.9935301061917996,0
45,Private,186272,HS-grad,9,Married-civ-spouse,Handlers-cleaners,Husband,Black,Male,7298,0,40,United-States,0.9935137914159651,0
68,Local-gov,242095,Bachelors,13,Married-civ-spouse,Exec-managerial,Husband,White,Male,20051,0,40,United-States,0.9935024107374908,1
50,Private,145333,Doctorate,16,Divorced,Prof-specialty,Other-relative,White,Male,10520,0,50,United-States,0.9935006809465433,0
27,Private,388998,Bachelors,13,Never-married,Sales,Not-in-family,White,Male,13550,0,46,United-States,0.9934684367486087,1
24,Private,585203,Bachelors,13,Married-civ-spouse,Exec-managerial,Wife,White,Female,7688,0,45,United-States,0.9934556677339621,1
38,Private,241998,12th,8,Married-civ-spouse,Craft-repair,Husband,White,Male,7688,0,40,United-States,0.993366504504449,0
31,Private,265706,HS-grad,9,Married-civ-spouse,Craft-repair,Husband,White,Male,7298,0,40,United-States,0.9933478371522169,0
58,Self-emp-not-inc,248841,HS-grad,9,Married-civ-spouse,Sales,Husband,White,Male,15024,0,40,United-States,0.9933404447439657,0
40,Local-gov,197012,Bachelors,13,Divorced,Tech-support,Not-in-family,White,Female,8614,0,40,England,0.9933232872738882,1
39,Private,347960,Prof-school,15,Never-married,Prof-specialty,Not-in-family,White,Female,14084,0,35,United-States,0.9932997529968587,1
36,Private,225399,HS-grad,9,Married-civ-spouse,Craft-repair,Husband,White,Male,7298,0,40,United-States,0.9932809977774999,0
36,Private,169426,HS-grad,9,Married-civ-spouse,Machine-op-inspct,Husband,White,Male,7298,0,40,United-States,0.9932803542661466,0
66,Private,169804,Bachelors,13,Married-civ-spouse,Sales,Husband,White,Male,20051,0,40,United-States,0.9932554500044682,1
51,Private,87205,Bachelors,13,Married-civ-spouse,Adm-clerical,Wife,White,Female,7688,0,20,United-States,0.9932498225525822,1
46,Private,243190,HS-grad,9,Married-civ-spouse,Adm-clerical,Wife,White,Female,7688,0,40,United-States,0.9932110494003642,0
41,Private,347653,Prof-school,15,Married-civ-spouse,Prof-specialty,Husband,White,Male,0,1977,50,United-States,0.9931994997045033,0
47,Self-emp-not-inc,112200,Bachelors,13,Never-married,Exec-managerial,Not-in-family,Black,Male,10520,0,45,United-States,0.9931630391820804,0
55,Self-emp-not-inc,145574,HS-grad,9,Divorced,Exec-managerial,Not-in-family,White,Male,34095,0,60,United-States,0.9931467619269218,1
35,Private,138992,Masters,14,Married-civ-spouse,Prof-specialty,Other-relative,White,Male,7298,0,40,United-States,0.9931217332553784,0
31,Private,1033222,Bachelors,13,Never-married,Adm-clerical,Not-in-family,White,Male,8614,0,40,United-States,0.9931041100379672,2
42,Private,341204,Assoc-acdm,12,Divorced,Prof-specialty,Unmarried,White,Female,8614,0,40,United-States,0.9930775910339156,1
60,Private,325971,HS-grad,9,Married-civ-spouse,Machine-op-inspct,Husband,White,Male,7688,0,40,United-States,0.9930705570000667,0
26,Private,180246,Some-college,10,Married-civ-spouse,Exec-managerial,Husband,White,Male,7688,0,40,United-States,0.9930368879288182,0
43,Local-gov,209899,Masters,14,Never-married,Tech-support,Not-in-family,Black,Female,8614,0,47,United-States,0.993033965685841,1
35,State-gov,126569,HS-grad,9,Married-civ-spouse,Craft-repair,Husband,White,Male,7298,0,40,United-States,0.9930313687252195,0
40,Private,177027,Bachelors,13,Married-civ-spouse,Other-service,Wife,Asian-Pac-Islander,Female,7688,0,52,Japan,0.9930170243777516,2
49,Private,192776,Masters,14,Married-civ-spouse,Exec-managerial,Husband,White,Male,0,1977,45,United-States,0.9929915945090068,0
59,Private,159008,Assoc-acdm,12,Married-civ-spouse,Craft-repair,Husband,White,Male,7298,0,20,United-States,0.9928700052524642,1
36,Self-emp-not-inc,164526,Masters,14,Never-married,Sales,Not-in-family,White,Male,10520,0,45,United-States,0.9928137889239083,0
59,Private,154100,Masters,14,Never-married,Sales,Not-in-family,White,Female,27828,0,45,United-States,0.9928072877441866,1
68,Private,117236,Bachelors,13,Married-civ-spouse,Exec-managerial,Husband,White,Male,20051,0,45,United-States,0.9927982635787521,1
35,Private,44780,Some-college,10,Married-civ-spouse,Adm-clerical,Wife,White,Female,7688,0,20,United-States,0.9927928747855855,1
34,Private,96483,Assoc-acdm,12,Never-married,Adm-clerical,Not-in-family,Asian-Pac-Islander,Female,8614,0,60,United-States,0.9927903665278958,1
37,Local-gov,51158,Some-college,10,Married-civ-spouse,Tech-support,Wife,White,Female,7298,0,36,United-States,0.9927788444989559,0
46,Private,337050,Masters,14,Married-civ-spouse,Exec-managerial,Husband,White,Male,0,1977,45,United-States,0.9927570787156897,0
36,Private,383518,Some-college,10,Married-civ-spouse,Adm-clerical,Wife,Black,Female,99999,0,40,United-States,0.9927099817959602,1
45,Private,145636,Masters,14,Married-civ-spouse,Exec-managerial,Husband,White,Male,0,1977,43,United-States,0.9927006665111056,0
51,Private,172046,Masters,14,Married-civ-spouse,Exec-managerial,Husband,White,Male,0,1977,50,United-States,0.9927006665111056,0
55,Private,153484,Masters,14,Married-civ-spouse,Exec-managerial,Husband,White,Male,0,1977,50,United-States,0.9926655905190924,0
71,Self-emp-inc,38822,Masters,14,Married-civ-spouse,Exec-managerial,Husband,White,Male,99999,0,40,United-States,0.9926468874217401,1
60,Private,191446,HS-grad,9,Married-civ-spouse,Exec-managerial,Husband,White,Male,99999,0,40,United-States,0.9925769771919741,1
41,Private,182108,Masters,14,Never-married,Prof-specialty,Not-in-family,White,Female,27828,0,35,United-States,0.9925116845726923,1
41,Private,445382,Masters,14,Married-civ-spouse,Exec-managerial,Husband,White,Male,0,1977,65,United-States,0.9925113617922177,0
47,Private,304857,Masters,14,Separated,Tech-support,Not-in-family,White,Male,27828,0,40,United-States,0.9924973941920718,1
29,Private,236436,Assoc-acdm,12,Never-married,Prof-specialty,Not-in-family,White,Female,8614,0,40,United-States,0.9924920592516501,1
53,Private,152810,Masters,14,Married-civ-spouse,Exec-managerial,Husband,White,Male,0,1977,55,United-States,0.9924575864768838,0
43,Private,409922,Bachelors,13,Married-civ-spouse,Exec-managerial,Husband,White,Male,0,1977,50,United-States,0.9924389226602182,0
32,Private,330715,HS-grad,9,Married-civ-spouse,Craft-repair,Husband,White,Male,99999,0,40,United-States,0.9924110887873612,1
54,Private,182314,Doctorate,16,Married-civ-spouse,Exec-managerial,Husband,White,Male,0,1977,50,United-States,0.9923947867781497,0
57,Local-gov,189824,Some-college,10,Married-civ-spouse,Handlers-cleaners,Husband,Black,Male,7298,0,40,United-States,0.9923755612902261,0
28,Private,78870,Bachelors,13,Never-married,Sales,Not-in-family,White,Male,8614,0,40,United-States,0.9923134715664432,1
44,Self-emp-not-inc,172479,HS-grad,9,Married-civ-spouse,Farming-fishing,Husband,White,Male,15024,0,60,United-States,0.9922563612823276,0
54,Private,182187,Assoc-voc,11,Married-civ-spouse,Protective-serv,Husband,Black,Male,15024,0,38,Jamaica,0.9922172795679413,0
36,Federal-gov,192443,Some-college,10,Never-married,Exec-managerial,Not-in-family,Black,Male,13550,0,40,United-States,0.9922047801862784,1
37,State-gov,191841,Bachelors,13,Never-married,Adm-clerical,Not-in-family,White,Female,8614,0,40,United-States,0.9922047070101537,1
41,Self-emp-not-inc,57924,Some-college,10,Married-civ-spouse,Farming-fishing,Husband,White,Male,7688,0,50,United-States,0.9921843466671334,0
63,Self-emp-inc,137940,Prof-school,15,Married-civ-spouse,Prof-specialty,Husband,White,Male,15024,0,50,United-States,0.9921466176958486,0
34,Private,112115,Prof-school,15,Married-civ-spouse,Prof-specialty,Husband,White,Male,0,1977,55,United-States,0.9920843242500222,0
50,Self-emp-not-inc,27539,Some-college,10,Married-civ-spouse,Farming-fishing,Husband,White,Male,7688,0,40,United-States,0.9920643828127031,0
30,Private,225231,Some-college,10,Divorced,Exec-managerial,Not-in-family,White,Male,8614,0,50,United-States,0.9920627740772019,1
39,Private,209867,Some-college,10,Never-married,Adm-clerical,Not-in-family,White,Female,13550,0,45,United-States,0.992028613370663,1
31,Private,100252,Bachelors,13,Divorced,Other-service,Not-in-family,Asian-Pac-Islander,Male,99999,0,70,United-States,0.9919827064964709,2
26,Private,94477,Some-college,10,Married-civ-spouse,Transport-moving,Husband,White,Male,7298,0,55,United-States,0.9919398779530421,0
40,State-gov,174283,Doctorate,16,Married-civ-spouse,Prof-specialty,Husband,White,Male,0,1887,50,United-States,0.9918935753895022,0
47,Self-emp-inc,139268,Prof-school,15,Married-civ-spouse,Prof-specialty,Husband,White,Male,0,1977,60,United-States,0.9918816657561934,0
34,Private,50276,Bachelors,13,Never-married,Sales,Not-in-family,White,Male,27828,0,40,United-States,0.9918293437124053,1
59,Private,140569,Some-college,10,Separated,Sales,Not-in-family,White,Male,14084,0,60,United-States,0.9918262137463654,1
45,Private,148995,Doctorate,16,Never-married,Prof-specialty,Not-in-family,White,Male,99999,0,30,United-States,0.9918012630849874,1
54,Private,155233,Bachelors,13,Never-married,Adm-clerical,Not-in-family,White,Female,14084,0,40,United-States,0.9917977026491495,1
39,Private,134367,Masters,14,Married-civ-spouse,Prof-specialty,Wife,White,Female,0,1977,24,United-States,0.9917929441090297,0
59,Self-emp-inc,223215,Bachelors,13,Married-civ-spouse,Exec-managerial,Husband,White,Male,0,1977,50,United-States,0.9917641110128705,0
58,Private,111625,Bachelors,13,Widowed,Exec-managerial,Unmarried,White,Male,8614,0,40,United-States,0.9917452705470758,1
43,Local-gov,143828,Masters,14,Divorced,Prof-specialty,Unmarried,Black,Female,9562,0,40,United-States,0.9917043497210527,0
41,Self-emp-inc,114580,Prof-school,15,Married-civ-spouse,Exec-managerial,Wife,White,Female,0,2415,55,United-States,0.9917000740508458,1
67,Self-emp-not-inc,217892,Doctorate,16,Married-civ-spouse,Prof-specialty,Husband,White,Male,10605,0,35,United-States,0.9916706103416051,0
57,Self-emp-not-inc,225334,Prof-school,15,Married-civ-spouse,Sales,Wife,White,Female,15024,0,35,United-States,0.9916538031043504,0
57,?,300104,5th-6th,3,Married-civ-spouse,?,Husband,White,Male,7298,0,84,United-States,0.9916516321103407,2
42,Local-gov,180985,10th,6,Married-civ-spouse,Handlers-cleaners,Husband,White,Male,99999,0,40,United-States,0.9916310309598468,1
40,Private,320451,Doctorate,16,Married-civ-spouse,Prof-specialty,Husband,Asian-Pac-Islander,Male,0,1977,45,Hong,0.9916225830671378,3
40,Private,46990,Doctorate,16,Married-civ-spouse,Prof-specialty,Wife,White,Female,0,1977,20,United-States,0.9916171363000752,1
65,Private,105491,Bachelors,13,Married-civ-spouse,Exec-managerial,Husband,White,Male,99999,0,40,United-States,0.9916137681674356,1
45,Private,363677,Doctorate,16,Married-civ-spouse,Prof-specialty,Wife,White,Female,0,1977,30,United-States,0.991597428059219,0
64,Federal-gov,388594,Prof-school,15,Married-civ-spouse,Prof-specialty,Husband,White,Male,15024,0,45,?,0.9915671564814765,1
39,Private,91367,Masters,14,Married-civ-spouse,Exec-managerial,Husband,White,Male,0,1848,45,United-States,0.9915637758777878,1
30,Private,19302,Some-college,10,Married-civ-spouse,Prof-specialty,Husband,White,Male,7688,0,40,United-States,0.9914790477598097,0
29,Local-gov,115305,Assoc-voc,11,Married-civ-spouse,Protective-serv,Husband,White,Male,7688,0,40,United-States,0.9913770594673921,0
59,?,154236,HS-grad,9,Married-civ-spouse,?,Wife,White,Female,7688,0,40,United-States,0.9913765489302956,0
57,Private,437727,Masters,14,Married-civ-spouse,Prof-specialty,Husband,White,Male,0,1977,45,United-States,0.9913530643592059,0
71,Self-emp-inc,118119,Some-college,10,Married-civ-spouse,Exec-managerial,Husband,White,Male,20051,0,50,United-States,0.9913356278531187,1
45,Private,229967,HS-grad,9,Divorced,Exec-managerial,Not-in-family,White,Male,13550,0,50,United-States,0.9913131995203136,1
36,Private,225516,Assoc-acdm,12,Never-married,Sales,Not-in-family,Black,Male,10520,0,43,United-States,0.9912950682028719,0
62,Self-emp-inc,245491,Bachelors,13,Divorced,Sales,Not-in-family,White,Male,99999,0,40,United-States,0.9912836259533361,1
62,?,191118,Some-college,10,Married-civ-spouse,?,Husband,White,Male,7298,0,40,United-States,0.9912445290814856,0
64,Self-emp-inc,179436,Bachelors,13,Married-civ-spouse,Exec-managerial,Husband,White,Male,15024,0,55,United-States,0.9912308215664662,0
48,?,175653,Assoc-acdm,12,Divorced,?,Not-in-family,White,Female,14084,0,40,United-States,0.9912265634734598,1
55,Self-emp-not-inc,124975,HS-grad,9,Divorced,Craft-repair,Unmarried,White,Male,27828,0,55,United-States,0.9911828393219807,1
37,Federal-gov,22201,Bachelors,13,Married-civ-spouse,Adm-clerical,Husband,Asian-Pac-Islander,Male,7298,0,40,Philippines,0.9911813243530041,2
37,Private,93717,Some-college,10,Married-civ-spouse,Adm-clerical,Wife,White,Female,7298,0,45,United-States,0.991122312088432,0
28,Local-gov,33662,Masters,14,Married-civ-spouse,Prof-specialty,Wife,White,Female,7298,0,40,United-States,0.9911190302913347,0
34,?,166545,Some-college,10,Married-civ-spouse,?,Wife,White,Female,7688,0,6,United-States,0.9911177738396204,1
60,Private,109530,Assoc-voc,11,Married-civ-spouse,Tech-support,Husband,White,Male,7298,0,40,United-States,0.9910712704382462,0
55,Private,368797,Masters,14,Married-civ-spouse,Exec-managerial,Husband,White,Male,0,1977,60,United-States,0.9909896435825467,0
45,Private,360393,Masters,14,Married-civ-spouse,Exec-managerial,Husband,White,Male,0,1902,50,United-States,0.9908976770163435,0
28,Self-emp-not-inc,209205,Some-college,10,Married-civ-spouse,Craft-repair,Husband,White,Male,7298,0,40,United-States,0.9908603345966729,0
46,Self-emp-inc,216414,Masters,14,Married-civ-spouse,Sales,Husband,White,Male,0,1977,60,United-States,0.9908380743035803,0
47,Self-emp-not-inc,213668,Prof-school,15,Married-civ-spouse,Prof-specialty,Husband,White,Male,0,1977,50,United-States,0.9908127786711429,0
41,Private,67339,11th,7,Married-civ-spouse,Handlers-cleaners,Husband,White,Male,7688,0,40,United-States,0.9907938942383773,0
63,Self-emp-not-inc,289741,Masters,14,Married-civ-spouse,Farming-fishing,Husband,White,Male,41310,0,50,United-States,0.9907619087514873,1
61,Private,119684,Prof-school,15,Married-civ-spouse,Prof-specialty,Husband,White,Male,15024,0,20,United-States,0.9907188343090559,1
62,Private,134768,Doctorate,16,Married-civ-spouse,Prof-specialty,Husband,White,Male,7688,0,40,?,0.9906250178731859,0
28,Private,312372,HS-grad,9,Married-civ-spouse,Exec-managerial,Husband,Black,Male,15024,0,40,United-States,0.9906226489147749,0
35,Private,91839,Bachelors,13,Married-civ-spouse,Other-service,Husband,Amer-Indian-Eskimo,Male,7688,0,20,United-States,0.9906170206290449,2
54,State-gov,103179,Doctorate,16,Married-civ-spouse,Exec-managerial,Husband,White,Male,0,1902,50,United-States,0.9905908949773256,0
58,Self-emp-not-inc,222311,HS-grad,9,Married-civ-spouse,Other-service,Husband,White,Male,7688,0,55,United-States,0.9905668395824644,0
42,Local-gov,339671,Bachelors,13,Married-spouse-absent,Prof-specialty,Not-in-family,White,Female,8614,0,45,United-States,0.9905108432358899,1
67,Private,231559,Prof-school,15,Married-civ-spouse,Prof-specialty,Husband,White,Male,20051,0,48,United-States,0.990496097817607,1
48,Private,109814,Prof-school,15,Married-civ-spouse,Prof-specialty,Husband,White,Male,0,1977,45,United-States,0.9904907657386146,0
48,Private,25468,Masters,14,Divorced,Exec-managerial,Not-in-family,White,Male,99999,0,50,United-States,0.9904895109734386,1
42,Self-emp-not-inc,185129,Prof-school,15,Married-civ-spouse,Prof-specialty,Husband,White,Male,0,1887,40,United-States,0.9904886062658534,0
67,?,129188,Doctorate,16,Married-civ-spouse,?,Husband,White,Male,20051,0,5,United-States,0.9904085658936517,2
43,State-gov,24763,Masters,14,Married-civ-spouse,Prof-specialty,Husband,White,Male,0,1887,45,United-States,0.9903728545462254,0
45,Private,192835,Bachelors,13,Married-civ-spouse,Exec-managerial,Husband,White,Male,0,1977,55,United-States,0.9902826143901327,0
49,Private,185041,Masters,14,Married-civ-spouse,Exec-managerial,Husband,White,Male,0,1977,40,United-States,0.9902735751268801,0
47,Private,284871,Bachelors,13,Married-civ-spouse,Exec-managerial,Husband,White,Male,0,1887,40,United-States,0.9902479883448021,0
30,Private,430283,HS-grad,9,Married-civ-spouse,Adm-clerical,Wife,White,Female,7298,0,40,United-States,0.9902416881222135,0
61,Self-emp-not-inc,32423,HS-grad,9,Married-civ-spouse,Farming-fishing,Wife,White,Female,22040,0,40,United-States,0.9901738011017991,1
46,Self-emp-not-inc,353012,Doctorate,16,Married-civ-spouse,Prof-specialty,Husband,White,Male,0,1902,50,United-States,0.9901727680362216,0
49,Private,153536,Some-college,10,Divorced,Prof-specialty,Not-in-family,White,Male,14084,0,44,United-States,0.9901144795812767,1
45,Private,148549,Some-college,10,Divorced,Craft-repair,Not-in-family,White,Male,27828,0,56,United-States,0.989943144395897,1
37,Private,126569,Masters,14,Married-civ-spouse,Exec-managerial,Husband,White,Male,0,1977,40,United-States,0.9899294279400261,0
61,?,139391,Some-college,10,Married-civ-spouse,?,Husband,White,Male,99999,0,30,United-States,0.9899204369655951,1
35,Private,359131,Bachelors,13,Married-civ-spouse,Prof-specialty,Wife,White,Female,7298,0,8,?,0.9898995136309652,1
43,Self-emp-inc,221172,Prof-school,15,Married-civ-spouse,Prof-specialty,Husband,White,Male,0,1977,40,United-States,0.989860508373598,0
46,Federal-gov,213140,Masters,14,Married-civ-spouse,Exec-managerial,Husband,White,Male,0,1977,40,United-States,0.9898569481754982,0
26,Private,102476,Bachelors,13,Never-married,Prof-specialty,Own-child,White,Male,10520,0,64,United-States,0.9898523632247003,0
53,Private,110977,Masters,14,Married-civ-spouse,Exec-managerial,Husband,White,Male,0,1902,50,United-States,0.9898327948093204,0
52,Private,159755,Bachelors,13,Married-civ-spouse,Exec-managerial,Husband,White,Male,0,1887,40,United-States,0.989830132465985,0
26,Private,122999,Masters,14,Never-married,Prof-specialty,Not-in-family,White,Male,8614,0,40,United-States,0.9897615263071818,1
28,Private,167336,Some-college,10,Never-married,Exec-managerial,Not-in-family,White,Female,10520,0,40,United-States,0.9897611635715864,0
28,Private,378460,Bachelors,13,Never-married,Adm-clerical,Not-in-family,White,Male,10520,0,60,United-States,0.989697357217073,0
33,Private,133503,HS-grad,9,Married-civ-spouse,Protective-serv,Husband,White,Male,7688,0,48,United-States,0.9896879960087797,0
58,Local-gov,311409,Masters,14,Married-civ-spouse,Prof-specialty,Husband,Black,Male,7688,0,30,United-States,0.9895910856547807,0
60,Self-emp-inc,376133,HS-grad,9,Married-civ-spouse,Adm-clerical,Wife,White,Female,15024,0,15,United-States,0.9895850085260391,1
55,Private,110748,Bachelors,13,Married-civ-spouse,Exec-managerial,Husband,White,Male,0,1887,40,United-States,0.9895179945464105,0
38,Private,234901,Masters,14,Married-civ-spouse,Exec-managerial,Husband,White,Male,0,1977,60,United-States,0.9894607082118915,0
67,Self-emp-not-inc,106143,Doctorate,16,Married-civ-spouse,Sales,Husband,White,Male,20051,0,40,United-States,0.9894248358181079,1
46,Local-gov,222115,Bachelors,13,Divorced,Adm-clerical,Not-in-family,White,Female,99999,0,40,United-States,0.9893791521758003,1
42,Private,46221,Doctorate,16,Married-spouse-absent,Other-service,Not-in-family,White,Male,27828,0,60,?,0.9893599088188617,3
46,Local-gov,398986,Doctorate,16,Married-civ-spouse,Prof-specialty,Wife,White,Female,0,1902,52,United-States,0.9893507610959994,1
37,Federal-gov,90881,Some-college,10,Separated,Exec-managerial,Not-in-family,White,Male,8614,0,55,United-States,0.9893440535497253,1
45,Private,25649,Some-college,10,Married-civ-spouse,Transport-moving,Husband,White,Male,7298,0,50,United-States,0.9893248240776662,0
31,Local-gov,158291,Bachelors,13,Never-married,Craft-repair,Not-in-family,White,Male,8614,0,40,United-States,0.9892771575892025,1
45,Private,126889,Bachelors,13,Married-civ-spouse,Sales,Husband,White,Male,0,1887,60,United-States,0.9892705039254642,0
39,Self-emp-not-inc,202027,Prof-school,15,Married-civ-spouse,Prof-specialty,Husband,White,Male,0,1977,50,United-States,0.9892495022054418,0
37,Private,73471,Bachelors,13,Married-civ-spouse,Exec-managerial,Husband,White,Male,0,1887,47,United-States,0.989242164116597,0
54,Private,88278,Doctorate,16,Married-civ-spouse,Prof-specialty,Husband,White,Male,0,1977,50,United-States,0.9892187143289587,0
33,Private,149184,Prof-school,15,Married-civ-spouse,Prof-specialty,Husband,White,Male,0,1977,50,United-States,0.9892152704302876,0
74,Self-emp-not-inc,199136,Bachelors,13,Widowed,Craft-repair,Not-in-family,White,Male,15831,0,8,Germany,0.9891914970628548,1
39,State-gov,221059,Masters,14,Married-civ-spouse,Prof-specialty,Other-relative,Other,Female,7688,0,38,United-States,0.9891769112213652,3
27,Private,279580,Bachelors,13,Never-married,Sales,Not-in-family,White,Male,10520,0,45,United-States,0.9891326315337583,0
39,Local-gov,344855,Masters,14,Married-civ-spouse,Prof-specialty,Wife,White,Female,0,1977,20,United-States,0.9891266061509882,1
55,Private,359972,Bachelors,13,Married-civ-spouse,Exec-managerial,Husband,White,Male,0,1887,40,United-States,0.9891222487316129,0
58,?,353244,Bachelors,13,Widowed,?,Unmarried,White,Female,27828,0,50,United-States,0.9891052045663191,1
55,Self-emp-not-inc,141409,10th,6,Married-civ-spouse,Sales,Husband,White,Male,7688,0,50,United-States,0.9890842819193957,0
61,Private,86067,Assoc-acdm,12,Married-civ-spouse,Sales,Husband,White,Male,15024,0,40,United-States,0.9890694952023249,0
46,Private,241935,11th,7,Married-civ-spouse,Other-service,Husband,Black,Male,7688,0,40,United-States,0.9890639356625328,0
45,Private,187370,Masters,14,Divorced,Exec-managerial,Unmarried,White,Male,7430,0,70,United-States,0.9890518995724861,1
76,Private,199949,Bachelors,13,Married-civ-spouse,Adm-clerical,Husband,White,Male,20051,0,50,United-States,0.9890492936591385,1
55,Private,175942,Doctorate,16,Married-civ-spouse,Prof-specialty,Husband,White,Male,0,1977,55,?,0.989048426576072,0
48,Local-gov,238959,Masters,14,Divorced,Exec-managerial,Unmarried,Black,Female,9562,0,40,United-States,0.9889894995226218,0
68,?,146645,Doctorate,16,Married-civ-spouse,?,Husband,White,Male,20051,0,50,United-States,0.9889130102788565,1
32,Self-emp-inc,46807,HS-grad,9,Married-civ-spouse,Craft-repair,Husband,White,Male,99999,0,40,United-States,0.9888840714094115,1
24,Private,279472,Some-college,10,Married-civ-spouse,Machine-op-inspct,Wife,White,Female,7298,0,48,United-States,0.9888744714189998,0
34,Private,195136,Bachelors,13,Married-civ-spouse,Prof-specialty,Wife,White,Female,0,1887,40,United-States,0.9888664202829264,0
36,State-gov,119272,HS-grad,9,Married-civ-spouse,Protective-serv,Husband,White,Male,7298,0,40,United-States,0.9888104740201606,0
37,Private,19899,HS-grad,9,Married-civ-spouse,Craft-repair,Husband,White,Male,15024,0,45,United-States,0.9887941509090413,0
75,?,111177,Bachelors,13,Widowed,?,Not-in-family,White,Female,25124,0,16,United-States,0.9887876210574159,1
48,?,151584,Some-college,10,Never-married,?,Not-in-family,White,Male,8614,0,60,United-States,0.9887657847346512,1
35,Private,252897,Assoc-acdm,12,Never-married,Adm-clerical,Not-in-family,White,Female,14344,0,40,United-States,0.9887558164302164,1
25,Private,163620,HS-grad,9,Married-civ-spouse,Exec-managerial,Husband,White,Male,7298,0,84,United-States,0.988754782490589,1
44,Private,192381,Bachelors,13,Married-civ-spouse,Prof-specialty,Husband,White,Male,0,1848,40,United-States,0.9887193180740902,1
42,Self-emp-not-inc,214242,Prof-school,15,Married-civ-spouse,Prof-specialty,Husband,White,Male,0,1902,50,United-States,0.988689663768392,0
36,Local-gov,52532,Doctorate,16,Married-civ-spouse,Prof-specialty,Husband,White,Male,0,1887,50,United-States,0.988648192460445,0
33,Private,238381,Some-college,10,Never-married,Craft-repair,Not-in-family,Black,Male,8614,0,40,United-States,0.9886481834017168,1
47,Private,176893,HS-grad,9,Divorced,Craft-repair,Not-in-family,Black,Male,8614,0,44,United-States,0.9885984227702315,1
42,Self-emp-inc,123838,Prof-school,15,Married-civ-spouse,Prof-specialty,Husband,White,Male,0,1977,50,United-States,0.9885946884261322,0
35,Private,127306,Assoc-voc,11,Never-married,Adm-clerical,Own-child,White,Female,14344,0,40,United-States,0.9885923832054693,1
62,Private,208711,Bachelors,13,Married-civ-spouse,Craft-repair,Husband,White,Male,7688,0,50,United-States,0.9885657290843504,0
42,Private,146659,Doctorate,16,Married-civ-spouse,Prof-specialty,Husband,White,Male,0,1902,50,United-States,0.9885369301689692,0
38,Private,278924,Bachelors,13,Married-civ-spouse,Exec-managerial,Husband,White,Male,0,1887,50,United-States,0.9885321577994128,0
41,Self-emp-not-inc,200574,Prof-school,15,Married-civ-spouse,Prof-specialty,Husband,White,Male,0,1977,60,United-States,0.9884720601473078,0
40,Self-emp-not-inc,284706,Prof-school,15,Married-civ-spouse,Prof-specialty,Husband,Amer-Indian-Eskimo,Male,0,1977,60,United-States,0.9884647219429852,2
53,Self-emp-not-inc,135339,Bachelors,13,Married-civ-spouse,Exec-managerial,Husband,Asian-Pac-Islander,Male,7688,0,20,China,0.988425923823563,2
58,Private,136841,Bachelors,13,Married-civ-spouse,Prof-specialty,Wife,White,Female,99999,0,35,United-States,0.9884197981157867,1
65,?,224472,Prof-school,15,Never-married,?,Not-in-family,White,Male,25124,0,80,United-States,0.9883899904651495,1
66,Private,115498,Bachelors,13,Married-civ-spouse,Exec-managerial,Husband,White,Male,99999,0,55,?,0.9883684140126272,1
28,Self-emp-inc,201186,HS-grad,9,Married-civ-spouse,Sales,Husband,Black,Male,99999,0,40,United-States,0.9883627273285923,1
47,Local-gov,324791,Masters,14,Married-civ-spouse,Prof-specialty,Husband,White,Male,0,1887,50,United-States,0.988346557318532,0
53,Federal-gov,205288,HS-grad,9,Married-civ-spouse,Adm-clerical,Wife,White,Female,7688,0,35,United-States,0.9883028762877542,0
38,Private,172571,Bachelors,13,Married-civ-spouse,Exec-managerial,Husband,White,Male,0,1848,54,United-States,0.988291989340765,1
50,State-gov,289207,Doctorate,16,Married-civ-spouse,Prof-specialty,Husband,White,Male,0,1902,45,United-States,0.9882711947477297,0
35,Private,199352,Prof-school,15,Married-civ-spouse,Prof-specialty,Husband,White,Male,0,1977,80,United-States,0.9882682399442609,1
46,Local-gov,140219,Masters,14,Divorced,Prof-specialty,Not-in-family,White,Female,8614,0,55,United-States,0.9882207323349973,1
36,Private,337039,Assoc-acdm,12,Never-married,Tech-support,Not-in-family,Black,Male,14344,0,40,England,0.9881854453871267,1
55,Private,134120,10th,6,Married-civ-spouse,Craft-repair,Husband,White,Male,99999,0,40,United-States,0.9881656707812402,1
65,Self-emp-inc,139272,Bachelors,13,Married-civ-spouse,Sales,Husband,White,Male,99999,0,60,United-States,0.9880468291314702,1
46,Private,102771,Masters,14,Married-civ-spouse,Tech-support,Husband,White,Male,0,1977,40,United-States,0.9880166707736924,0
43,Private,201723,Masters,14,Married-civ-spouse,Exec-managerial,Husband,White,Male,0,1902,40,United-States,0.9879754656073537,0
44,Private,151089,Masters,14,Married-civ-spouse,Prof-specialty,Husband,White,Male,0,1887,60,United-States,0.9879591651189727,0
42,Local-gov,175642,Bachelors,13,Never-married,Adm-clerical,Not-in-family,White,Female,99999,0,40,United-States,0.9879473533914624,1
36,Private,174938,Bachelors,13,Married-civ-spouse,Prof-specialty,Husband,White,Male,0,1887,50,United-States,0.9879123499171012,0
46,Private,261059,Masters,14,Married-civ-spouse,Prof-specialty,Husband,White,Male,0,1977,50,United-States,0.9878948789946316,0
27,Self-emp-not-inc,37302,Assoc-acdm,12,Married-civ-spouse,Transport-moving,Husband,White,Male,7688,0,70,United-States,0.9878730191637921,1
34,Private,24266,Assoc-voc,11,Married-civ-spouse,Craft-repair,Husband,White,Male,7688,0,40,United-States,0.9878647980039486,0
62,Private,69867,Assoc-voc,11,Married-civ-spouse,Prof-specialty,Husband,White,Male,7298,0,50,United-States,0.9878237158254037,0
41,Self-emp-not-inc,27305,HS-grad,9,Married-civ-spouse,Farming-fishing,Husband,White,Male,7688,0,40,United-States,0.9877736608205435,0
48,Private,276664,Doctorate,16,Married-civ-spouse,Prof-specialty,Husband,White,Male,0,1902,50,United-States,0.9877476795491797,0
50,Private,134766,Bachelors,13,Married-civ-spouse,Exec-managerial,Husband,White,Male,0,1902,50,United-States,0.9876960208385704,0
46,Private,172581,Bachelors,13,Married-civ-spouse,Exec-managerial,Husband,White,Male,0,1902,50,United-States,0.9876960208385704,0
52,State-gov,254285,Doctorate,16,Married-civ-spouse,Prof-specialty,Husband,White,Male,0,1887,70,Germany,0.9876733243080098,3
40,Private,209547,Bachelors,13,Married-civ-spouse,Sales,Husband,White,Male,0,1977,60,United-States,0.9876711609373057,0
49,State-gov,133917,Doctorate,16,Married-civ-spouse,Prof-specialty,Husband,Black,Male,0,1902,60,?,0.9876635760602914,3
36,Private,83089,5th-6th,3,Married-civ-spouse,Machine-op-inspct,Husband,White,Male,7298,0,40,Mexico,0.9876452796208451,0
24,Local-gov,452640,Some-college,10,Never-married,Tech-support,Not-in-family,White,Male,14344,0,50,United-States,0.9876385907606903,1
48,Private,109832,Masters,14,Married-civ-spouse,Prof-specialty,Husband,White,Male,0,1902,40,United-States,0.987607463114835,0
44,Private,157249,Bachelors,13,Married-civ-spouse,Prof-specialty,Husband,Black,Male,0,1977,50,United-States,0.9875910456896554,0
37,Private,103121,Bachelors,13,Married-civ-spouse,Exec-managerial,Wife,White,Female,0,1848,40,United-States,0.9875826587263519,1
47,Self-emp-inc,102308,Prof-school,15,Married-civ-spouse,Prof-specialty,Husband,White,Male,0,2415,45,United-States,0.9875785544534629,0
60,Private,125019,Bachelors,13,Divorced,Prof-specialty,Not-in-family,White,Female,8614,0,48,United-States,0.9875702243192971,1
45,Private,225456,Bachelors,13,Married-civ-spouse,Prof-specialty,Husband,White,Male,0,1977,40,United-States,0.9875293183057394,0
50,Self-emp-inc,167793,Prof-school,15,Married-civ-spouse,Prof-specialty,Husband,White,Male,0,2415,60,United-States,0.9875001982703143,0
44,Private,146659,Masters,14,Married-civ-spouse,Prof-specialty,Husband,White,Male,0,1887,35,United-States,0.9874907071150338,0
37,Private,241998,Bachelors,13,Married-civ-spouse,Tech-support,Husband,White,Male,0,1977,40,United-States,0.9874610520858026,0
57,Private,186386,Bachelors,13,Widowed,Prof-specialty,Unmarried,White,Male,10520,0,40,United-States,0.9874504239028656,0
41,Private,116493,HS-grad,9,Divorced,Craft-repair,Not-in-family,White,Male,13550,0,44,United-States,0.9874014814604612,1
63,State-gov,194682,Doctorate,16,Married-civ-spouse,Exec-managerial,Husband,White,Male,0,1902,50,United-States,0.9873798273152421,0
51,Local-gov,146325,Doctorate,16,Married-civ-spouse,Prof-specialty,Husband,White,Male,0,1887,40,United-States,0.9873618182658619,0
37,Private,99146,Bachelors,13,Married-civ-spouse,Exec-managerial,Husband,White,Male,0,1977,50,United-States,0.9872435483331754,0
46,Private,189498,Bachelors,13,Married-civ-spouse,Prof-specialty,Husband,White,Male,0,1848,45,United-States,0.9872326087180224,1
57,Private,141570,Masters,14,Married-civ-spouse,Exec-managerial,Husband,Black,Male,0,1977,40,United-States,0.9872145357938279,0
36,Private,126675,Masters,14,Married-civ-spouse,Prof-specialty,Husband,White,Male,0,1977,50,United-States,0.9871605463732396,0
51,Self-emp-inc,98642,HS-grad,9,Divorced,Exec-managerial,Not-in-family,White,Male,14084,0,40,United-States,0.9871305722072699,1
38,Local-gov,172855,Bachelors,13,Married-civ-spouse,Prof-specialty,Wife,Black,Female,0,1887,40,United-States,0.9871234173201657,0
29,Private,112847,Assoc-voc,11,Married-civ-spouse,Craft-repair,Husband,Asian-Pac-Islander,Male,7298,0,32,United-States,0.9870965557124731,0
35,Local-gov,300681,HS-grad,9,Married-civ-spouse,Protective-serv,Husband,Black,Male,7298,0,35,United-States,0.9870920216354008,0
45,Local-gov,159816,Masters,14,Married-civ-spouse,Prof-specialty,Wife,White,Female,0,1977,35,United-States,0.9870868843194514,0
44,Private,325461,Bachelors,13,Married-civ-spouse,Exec-managerial,Husband,White,Male,0,1902,50,United-States,0.9870780764868187,0
67,Local-gov,190661,Doctorate,16,Never-married,Prof-specialty,Not-in-family,White,Female,7896,0,50,United-States,0.9870683978821554,1
35,Private,86648,Masters,14,Married-civ-spouse,Prof-specialty,Husband,White,Male,0,1977,45,United-States,0.986903517072573,0
57,Private,140426,Doctorate,16,Married-civ-spouse,Tech-support,Husband,White,Male,0,1977,40,Germany,0.986894230835857,0
57,Local-gov,110417,HS-grad,9,Married-civ-spouse,Craft-repair,Husband,White,Male,99999,0,40,United-States,0.9868816374636884,1
42,Private,378384,Prof-school,15,Married-civ-spouse,Prof-specialty,Husband,White,Male,0,1902,60,United-States,0.9868299944655715,0
50,Private,150999,Masters,14,Married-civ-spouse,Prof-specialty,Husband,White,Male,0,1977,40,United-States,0.9868055776746731,0
36,Private,218689,Masters,14,Married-civ-spouse,Sales,Husband,White,Male,0,1977,50,United-States,0.9867997140837781,0
69,Private,36956,Some-college,10,Married-civ-spouse,Exec-managerial,Husband,White,Male,20051,0,50,United-States,0.9867824987902125,1
49,Private,101825,Masters,14,Married-civ-spouse,Prof-specialty,Wife,White,Female,0,1977,40,United-States,0.9866786305423569,0
53,Private,104501,Bachelors,13,Married-civ-spouse,Exec-managerial,Husband,White,Male,0,1902,55,United-States,0.9865886562369334,0
41,Private,214242,Bachelors,13,Married-civ-spouse,Prof-specialty,Husband,White,Male,0,1887,40,United-States,0.9865529671373562,0
57,Self-emp-not-inc,95280,Some-college,10,Married-civ-spouse,Sales,Husband,White,Male,99999,0,45,United-States,0.9865351518733,1
57,Private,314153,Bachelors,13,Married-civ-spouse,Sales,Husband,White,Male,0,1887,55,United-States,0.9865100632194446,0
35,Private,185556,Masters,14,Married-civ-spouse,Prof-specialty,Husband,White,Male,0,1887,40,United-States,0.9865072707879476,0
41,Federal-gov,253770,Some-college,10,Married-civ-spouse,Transport-moving,Wife,White,Female,7298,0,40,United-States,0.9865009643762888,0
64,Self-emp-inc,59145,Doctorate,16,Married-civ-spouse,Exec-managerial,Husband,White,Male,0,1902,60,United-States,0.9864573026329028,0
49,Local-gov,298445,Prof-school,15,Married-civ-spouse,Prof-specialty,Wife,White,Female,0,1977,60,United-States,0.986430037134517,0
39,Private,186191,Masters,14,Married-civ-spouse,Prof-specialty,Husband,White,Male,0,1848,50,United-States,0.9863811197303589,1
45,Private,233511,Bachelors,13,Married-civ-spouse,Exec-managerial,Husband,White,Male,0,1977,60,United-States,0.9863388574608976,0
66,Self-emp-inc,197816,Bachelors,13,Married-civ-spouse,Exec-managerial,Husband,White,Male,10605,0,40,United-States,0.9862659760229321,0
39,Private,174924,HS-grad,9,Separated,Exec-managerial,Not-in-family,White,Male,14344,0,40,United-States,0.9862583274573962,1
48,Private,140782,Masters,14,Married-civ-spouse,Exec-managerial,Wife,White,Female,0,1902,38,United-States,0.9861286339472907,0
32,Private,204374,Prof-school,15,Married-civ-spouse,Prof-specialty,Husband,White,Male,0,1977,60,United-States,0.9861212211296585,0
43,Private,118308,Bachelors,13,Married-civ-spouse,Prof-specialty,Husband,White,Male,0,1977,50,United-States,0.9860621399853262,0
22,Private,100345,Bachelors,13,Never-married,Craft-repair,Not-in-family,White,Male,13550,0,55,United-States,0.9860217904929958,1
52,Private,108435,Masters,14,Married-civ-spouse,Exec-managerial,Husband,White,Male,0,1902,50,Greece,0.9859664989553887,0
59,Private,170104,Bachelors,13,Married-civ-spouse,Exec-managerial,Husband,White,Male,0,1977,50,United-States,0.9859110957631204,0
44,Self-emp-not-inc,274562,HS-grad,9,Never-married,Craft-repair,Not-in-family,White,Male,14344,0,40,United-States,0.9859088195282079,1
48,Self-emp-not-inc,191277,Doctorate,16,Married-civ-spouse,Prof-specialty,Husband,White,Male,0,1902,60,United-States,0.9858548270953963,0
50,Private,128143,Bachelors,13,Married-civ-spouse,Craft-repair,Husband,White,Male,0,1887,50,United-States,0.9857421620626141,0
35,Private,152909,Bachelors,13,Married-civ-spouse,Exec-managerial,Husband,White,Male,0,1887,45,United-States,0.9857093478417364,0
67,Private,105252,Some-college,10,Divorced,Adm-clerical,Not-in-family,White,Male,7978,0,35,United-States,0.9856994273748116,1
50,Private,168212,Doctorate,16,Married-civ-spouse,Prof-specialty,Husband,White,Male,0,1902,65,United-States,0.9856418217383253,0
43,Private,125461,Bachelors,13,Married-civ-spouse,Sales,Husband,White,Male,0,1902,55,United-States,0.9856400883864348,0
41,Private,137126,Bachelors,13,Married-civ-spouse,Prof-specialty,Husband,White,Male,0,1977,45,United-States,0.9855889530081604,0
58,Federal-gov,72998,11th,7,Divorced,Craft-repair,Not-in-family,Black,Female,14084,0,40,United-States,0.9855640710683128,1
46,Private,456062,Doctorate,16,Married-civ-spouse,Prof-specialty,Husband,White,Male,0,2415,55,United-States,0.9855529880286912,1
35,Private,202027,Bachelors,13,Married-civ-spouse,Handlers-cleaners,Husband,White,Male,7298,0,35,United-States,0.9855297134707832,0
68,Private,195868,Bachelors,13,Married-civ-spouse,Sales,Husband,White,Male,20051,0,40,United-States,0.9855286521916038,1
40,Private,107433,Bachelors,13,Married-civ-spouse,Exec-managerial,Husband,White,Male,0,1977,50,United-States,0.985490014462339,0
36,Private,201769,11th,7,Never-married,Protective-serv,Not-in-family,Black,Male,13550,0,40,United-States,0.9854457400763879,1
25,Private,469572,Some-college,10,Never-married,Prof-specialty,Not-in-family,White,Male,8614,0,40,United-States,0.9852934853836312,1
61,State-gov,379885,Doctorate,16,Married-civ-spouse,Prof-specialty,Husband,White,Male,0,1902,40,United-States,0.985278351125643,0
39,Self-emp-inc,239755,Prof-school,15,Married-civ-spouse,Prof-specialty,Husband,White,Male,0,1902,50,United-States,0.9852764093701339,0
46,Self-emp-not-inc,168195,Prof-school,15,Married-civ-spouse,Prof-specialty,Husband,White,Male,0,1902,45,United-States,0.9852606892968621,0
79,?,76641,Masters,14,Married-civ-spouse,?,Husband,White,Male,20051,0,40,Poland,0.9852443269842535,1
62,Private,103344,Bachelors,13,Widowed,Exec-managerial,Not-in-family,White,Male,10520,0,50,United-States,0.9852351128243031,0
39,Private,284166,Bachelors,13,Married-civ-spouse,Prof-specialty,Husband,White,Male,0,1902,50,United-States,0.9852052352733222,0
31,Private,147284,Doctorate,16,Married-civ-spouse,Prof-specialty,Husband,White,Male,0,1977,99,United-States,0.985134889018317,2
66,Private,113323,Bachelors,13,Married-civ-spouse,Prof-specialty,Husband,White,Male,20051,0,40,United-States,0.9849502722455595,1
54,Private,145714,HS-grad,9,Married-civ-spouse,Tech-support,Husband,White,Male,7688,0,25,United-States,0.9849077358976949,1
43,Private,170730,Bachelors,13,Married-civ-spouse,Exec-managerial,Husband,White,Male,0,1977,50,United-States,0.9849058122636393,0
32,Private,95885,11th,7,Never-married,Craft-repair,Not-in-family,Amer-Indian-Eskimo,Male,13550,0,60,United-States,0.9848478087215735,2
60,State-gov,234854,Doctorate,16,Married-civ-spouse,Prof-specialty,Husband,White,Male,0,1902,40,United-States,0.9848368220305965,0
50,Private,133963,Bachelors,13,Married-civ-spouse,Prof-specialty,Wife,White,Female,0,1977,40,United-States,0.984687299881019,0
24,Private,161092,Some-college,10,Married-civ-spouse,Adm-clerical,Husband,White,Male,7298,0,40,United-States,0.984640894985026,0
36,Private,386726,Masters,14,Married-civ-spouse,Prof-specialty,Wife,White,Female,0,1977,44,United-States,0.9846180463942799,0
53,Self-emp-not-inc,145419,1st-4th,2,Married-civ-spouse,Exec-managerial,Husband,White,Male,7688,0,67,Italy,0.9846107006184064,3
45,Local-gov,160472,Bachelors,13,Married-civ-spouse,Exec-managerial,Husband,White,Male,0,1977,50,United-States,0.9846087968745069,0
27,Private,224105,HS-grad,9,Married-civ-spouse,Machine-op-inspct,Husband,White,Male,7298,0,40,United-States,0.9846037446912904,0
28,Private,183151,11th,7,Married-civ-spouse,Handlers-cleaners,Husband,White,Male,7688,0,40,United-States,0.9845779690289798,0
43,Private,112763,HS-grad,9,Never-married,Adm-clerical,Unmarried,White,Female,8614,0,43,United-States,0.9845501279447644,1
43,Private,274363,Bachelors,13,Married-civ-spouse,Exec-managerial,Husband,White,Male,0,1902,40,England,0.9845321066417114,0
25,Private,169905,Assoc-voc,11,Never-married,Sales,Not-in-family,White,Male,27828,0,40,United-States,0.9844895599227007,1
53,Self-emp-not-inc,100109,Masters,14,Married-civ-spouse,Exec-managerial,Husband,White,Male,0,1977,40,United-States,0.9843874456725484,0
37,Local-gov,312232,Bachelors,13,Married-civ-spouse,Protective-serv,Husband,White,Male,5178,0,40,United-States,0.9843843883085693,0
41,Self-emp-inc,140365,Bachelors,13,Married-civ-spouse,Exec-managerial,Husband,White,Male,0,1902,55,United-States,0.9843432305255461,0
42,Self-emp-inc,191196,Bachelors,13,Married-civ-spouse,Exec-managerial,Husband,White,Male,0,1977,60,?,0.9843394241845614,0
39,Private,77146,Bachelors,13,Married-civ-spouse,Exec-managerial,Husband,White,Male,0,1887,50,United-States,0.9843353647380516,0
33,State-gov,208785,Some-college,10,Separated,Prof-specialty,Not-in-family,White,Male,10520,0,40,United-States,0.9843054024367077,0
36,Private,206951,Bachelors,13,Married-civ-spouse,Sales,Husband,White,Male,0,1902,45,United-States,0.9841501396582963,0
39,Private,218490,Bachelors,13,Married-civ-spouse,Exec-managerial,Husband,White,Male,0,1977,40,United-States,0.9841104580074055,0
65,Private,198766,Masters,14,Married-civ-spouse,Sales,Husband,White,Male,20051,0,40,United-States,0.9840890220816964,1
56,Private,192869,Masters,14,Married-civ-spouse,Craft-repair,Husband,White,Male,0,1977,44,United-States,0.9840592116128326,0
42,Self-emp-not-inc,351161,Bachelors,13,Married-civ-spouse,Prof-specialty,Husband,White,Male,0,1887,40,United-States,0.9840523873650331,0
34,Private,181091,Bachelors,13,Married-civ-spouse,Exec-managerial,Husband,White,Male,0,1977,45,United-States,0.9840265202546596,0
44,Private,35910,Bachelors,13,Married-civ-spouse,Exec-managerial,Husband,White,Male,0,1902,56,United-States,0.9839628944820705,0
44,State-gov,136546,Doctorate,16,Married-civ-spouse,Prof-specialty,Husband,White,Male,0,1902,40,United-States,0.9839451952557187,0
53,Self-emp-inc,96062,Bachelors,13,Married-civ-spouse,Exec-managerial,Husband,White,Male,0,1902,48,United-States,0.9839060397965173,0
32,Private,116539,Bachelors,13,Married-civ-spouse,Exec-managerial,Husband,White,Male,0,1887,55,United-States,0.983903120809467,0
42,Private,145711,Masters,14,Married-civ-spouse,Prof-specialty,Husband,White,Male,0,1902,50,United-States,0.9838767876914911,0
70,Private,141742,Assoc-voc,11,Married-civ-spouse,Machine-op-inspct,Husband,White,Male,9386,0,50,United-States,0.9838282781064343,0
44,Private,147110,Some-college,10,Divorced,Adm-clerical,Own-child,White,Male,14344,0,40,United-States,0.9837808126312022,1
67,Private,195161,Masters,14,Married-civ-spouse,Prof-specialty,Husband,White,Male,20051,0,60,United-States,0.9837270828133634,1
52,State-gov,125796,Masters,14,Married-civ-spouse,Prof-specialty,Wife,Black,Female,0,1848,40,United-States,0.9837181147870189,2
66,Local-gov,174486,Doctorate,16,Married-civ-spouse,Prof-specialty,Husband,Black,Male,20051,0,35,Jamaica,0.983714928897645,4
57,Local-gov,174132,Masters,14,Married-civ-spouse,Prof-specialty,Wife,Black,Female,0,1977,40,United-States,0.9835998661877905,1
36,Self-emp-not-inc,35945,7th-8th,4,Married-civ-spouse,Machine-op-inspct,Husband,White,Male,7298,0,45,United-States,0.983499111073745,0
42,Self-emp-inc,130126,Bachelors,13,Married-civ-spouse,Prof-specialty,Husband,White,Male,0,1977,40,United-States,0.9834638803609581,0
55,Private,31905,Masters,14,Married-civ-spouse,Exec-managerial,Husband,White,Male,0,1977,40,United-States,0.9833746515672248,0
37,Private,538443,HS-grad,9,Divorced,Craft-repair,Not-in-family,White,Male,14344,0,40,United-States,0.9833633083436019,1
31,State-gov,181824,Bachelors,13,Married-civ-spouse,Prof-specialty,Wife,White,Female,0,1902,35,United-States,0.9833056285232876,0
60,Self-emp-inc,336188,Prof-school,15,Married-civ-spouse,Prof-specialty,Husband,White,Male,0,2415,80,United-States,0.9832941856862405,3
36,Self-emp-inc,108293,Bachelors,13,Married-civ-spouse,Exec-managerial,Wife,White,Female,0,1977,45,United-States,0.9832742139559668,0
41,Private,106900,Bachelors,13,Married-civ-spouse,Tech-support,Husband,White,Male,0,1902,42,United-States,0.9832415921565336,0
55,Private,208311,Masters,14,Married-civ-spouse,Tech-support,Husband,White,Male,0,1977,20,United-States,0.9831814893329588,1
47,Private,189680,Bachelors,13,Married-civ-spouse,Sales,Husband,White,Male,0,1977,40,United-States,0.9831755945023565,0
51,Private,106728,Bachelors,13,Married-civ-spouse,Exec-managerial,Husband,White,Male,5178,0,60,United-States,0.9831724324078036,0
39,Private,165215,Masters,14,Married-civ-spouse,Prof-specialty,Wife,White,Female,0,1902,18,United-States,0.9831620917533374,1
35,Private,200117,Bachelors,13,Married-civ-spouse,Exec-managerial,Husband,Asian-Pac-Islander,Male,0,1887,50,?,0.9831058773193537,1
37,Private,135436,Bachelors,13,Married-civ-spouse,Exec-managerial,Husband,White,Male,0,1977,60,United-States,0.9831053102630656,0
33,Private,236396,Bachelors,13,Married-civ-spouse,Sales,Husband,White,Male,0,1902,55,United-States,0.9830183015922795,0
37,Private,292855,Assoc-voc,11,Married-civ-spouse,Prof-specialty,Wife,White,Female,0,1887,35,United-States,0.9830119947896618,0
40,Private,207578,Assoc-acdm,12,Married-civ-spouse,Tech-support,Husband,White,Male,0,1977,60,United-States,0.98300423939193,0
51,State-gov,285747,Masters,14,Married-civ-spouse,Prof-specialty,Husband,White,Male,0,1977,60,United-States,0.9829942853766908,0
32,Private,317378,Bachelors,13,Never-married,Exec-managerial,Own-child,White,Female,10520,0,40,United-States,0.9829539130820066,0
42,Private,212894,Bachelors,13,Married-civ-spouse,Sales,Husband,White,Male,0,1887,40,United-States,0.9829495753358322,0
50,Private,320510,Bachelors,13,Married-civ-spouse,Exec-managerial,Husband,White,Male,0,1902,40,United-States,0.9828892092356042,0
49,Private,148549,Bachelors,13,Married-civ-spouse,Exec-managerial,Husband,White,Male,0,1902,50,United-States,0.9826938042729174,0
51,Private,199688,Bachelors,13,Married-civ-spouse,Exec-managerial,Husband,White,Male,0,1977,60,?,0.9826430391100883,0
28,Local-gov,250135,Masters,14,Married-civ-spouse,Prof-specialty,Wife,White,Female,0,1902,55,United-States,0.9825395891426911,0
35,Private,161637,Doctorate,16,Married-civ-spouse,Prof-specialty,Husband,Asian-Pac-Islander,Male,0,1902,40,Taiwan,0.9824725737090073,2
54,Private,22743,Some-college,10,Married-civ-spouse,Transport-moving,Husband,White,Male,15024,0,60,United-States,0.9824631150804788,0
35,Private,99357,Bachelors,13,Married-civ-spouse,Exec-managerial,Wife,White,Female,0,1977,30,United-States,0.9824485173876344,0
51,Local-gov,123011,Masters,14,Married-civ-spouse,Prof-specialty,Husband,White,Male,0,1977,35,United-States,0.982416399479688,0
41,Federal-gov,36651,Masters,14,Married-civ-spouse,Exec-managerial,Husband,White,Male,0,1848,40,United-States,0.9824150744107958,1
53,Local-gov,200190,Masters,14,Married-civ-spouse,Prof-specialty,Husband,White,Male,0,1977,55,United-States,0.9824009411769014,0
32,Private,127610,Bachelors,13,Married-civ-spouse,Prof-specialty,Wife,White,Female,0,1902,32,United-States,0.9823950060014617,0
79,Self-emp-inc,97082,12th,8,Widowed,Sales,Not-in-family,White,Male,18481,0,45,United-States,0.9823741253048877,2
59,Local-gov,296253,Masters,14,Divorced,Prof-specialty,Unmarried,White,Female,8614,0,60,United-States,0.9822213744367251,1
35,Private,182898,HS-grad,9,Never-married,Adm-clerical,Not-in-family,White,Male,8614,0,40,United-States,0.9821658233759546,1
36,Private,20507,HS-grad,9,Married-civ-spouse,Craft-repair,Husband,White,Male,7688,0,50,United-States,0.9821493340672902,0
37,Private,219141,11th,7,Married-civ-spouse,Handlers-cleaners,Husband,Black,Male,7688,0,40,United-States,0.9821354332066428,0
65,Self-emp-not-inc,118474,11th,7,Married-civ-spouse,Exec-managerial,Husband,White,Male,9386,0,59,?,0.9821330195016681,0
47,Self-emp-not-inc,122307,Bachelors,13,Married-civ-spouse,Sales,Husband,White,Male,0,1887,40,United-States,0.9820814751536585,0
61,Private,181219,Bachelors,13,Married-civ-spouse,Prof-specialty,Husband,White,Male,0,1848,40,United-States,0.9820614695741385,1
44,Private,343591,HS-grad,9,Divorced,Craft-repair,Not-in-family,White,Female,14344,0,40,United-States,0.9820509321223242,1
35,Private,340110,Bachelors,13,Married-civ-spouse,Exec-managerial,Husband,White,Male,0,1848,70,United-States,0.9820488446897503,1
47,Self-emp-inc,192894,Bachelors,13,Married-civ-spouse,Exec-managerial,Husband,White,Male,0,1902,45,United-States,0.9819031418663822,0
58,State-gov,194068,Masters,14,Married-civ-spouse,Prof-specialty,Husband,White,Male,0,1977,50,United-States,0.9818182901854602,0
44,State-gov,193524,Masters,14,Married-civ-spouse,Exec-managerial,Husband,White,Male,0,1902,40,United-States,0.9816993518465263,0
61,Private,170262,HS-grad,9,Married-civ-spouse,Exec-managerial,Wife,White,Female,15024,0,38,United-States,0.9816747691200505,0
50,Local-gov,168672,Masters,14,Married-civ-spouse,Prof-specialty,Wife,White,Female,0,1902,40,United-States,0.9815204219877551,0
52,Self-emp-inc,230767,Bachelors,13,Married-civ-spouse,Exec-managerial,Husband,White,Male,0,1902,60,Cuba,0.9815160980930939,0
47,Local-gov,285060,Masters,14,Married-civ-spouse,Exec-managerial,Husband,White,Male,0,1977,41,United-States,0.9815090501968997,0
31,Private,340917,HS-grad,9,Never-married,Craft-repair,Unmarried,White,Male,14344,0,40,United-States,0.9814779979485765,1
55,Self-emp-not-inc,248841,Masters,14,Married-civ-spouse,Prof-specialty,Husband,White,Male,0,1977,40,United-States,0.9814002407190086,0
28,Private,233796,Some-college,10,Married-civ-spouse,Adm-clerical,Wife,White,Female,7298,0,32,United-States,0.9813393408384048,0
46,Self-emp-inc,328216,Bachelors,13,Married-civ-spouse,Sales,Husband,White,Male,0,1902,42,?,0.9813047193069615,0
90,Self-emp-not-inc,155981,Bachelors,13,Married-civ-spouse,Prof-specialty,Husband,White,Male,10566,0,50,United-States,0.9812994741831054,0
51,Federal-gov,20795,HS-grad,9,Married-civ-spouse,Transport-moving,Husband,White,Male,7688,0,40,United-States,0.9812494628633889,0
51,Private,175070,Assoc-acdm,12,Married-civ-spouse,Sales,Husband,White,Male,5178,0,45,United-States,0.9811347970470428,0
42,Private,230959,Bachelors,13,Married-civ-spouse,Adm-clerical,Wife,Asian-Pac-Islander,Female,0,1887,40,Philippines,0.9811120659583884,2
53,?,158352,Masters,14,Never-married,?,Not-in-family,White,Female,8614,0,35,United-States,0.9810563549538851,1
47,Local-gov,29819,Masters,14,Married-civ-spouse,Exec-managerial,Husband,Black,Male,0,1977,50,United-States,0.9810087665899702,1
60,Private,162347,Prof-school,15,Married-civ-spouse,Exec-managerial,Husband,White,Male,0,1902,40,United-States,0.9809908327933885,0
43,Local-gov,147328,Masters,14,Married-civ-spouse,Exec-managerial,Husband,White,Male,0,1977,60,United-States,0.9808958405103851,0
63,Private,213945,Bachelors,13,Married-civ-spouse,Sales,Husband,White,Male,15024,0,40,Iran,0.9808088881366135,0
43,State-gov,33331,Prof-school,15,Married-civ-spouse,Prof-specialty,Husband,White,Male,0,1977,70,United-States,0.9807506548781418,0
50,Private,162327,Bachelors,13,Married-civ-spouse,Adm-clerical,Husband,White,Male,0,1902,50,?,0.9807404105580515,0
33,Self-emp-not-inc,170979,Prof-school,15,Married-civ-spouse,Prof-specialty,Husband,White,Male,0,1887,40,United-States,0.9806951263933023,0
34,Private,299635,Masters,14,Married-civ-spouse,Exec-managerial,Husband,White,Male,0,1902,50,United-States,0.9806391153765361,0
31,Private,37546,Bachelors,13,Married-civ-spouse,Exec-managerial,Wife,White,Female,0,1902,35,United-States,0.9805790193102176,0
42,Local-gov,188291,Bachelors,13,Married-civ-spouse,Protective-serv,Husband,White,Male,0,1902,40,United-States,0.9805694474913415,0
43,Private,214781,Masters,14,Married-civ-spouse,Prof-specialty,Husband,White,Male,5178,0,40,United-States,0.9804201627200151,0
46,Local-gov,114160,Masters,14,Married-civ-spouse,Exec-managerial,Husband,White,Male,0,1902,45,United-States,0.9804078011014906,0
28,Private,176683,Bachelors,13,Married-civ-spouse,Exec-managerial,Husband,White,Male,5178,0,50,United-States,0.9803995219671833,0
42,Private,154374,Bachelors,13,Married-civ-spouse,Exec-managerial,Husband,White,Male,0,2415,60,United-States,0.9803554265374583,0
44,Private,151089,Bachelors,13,Married-civ-spouse,Prof-specialty,Husband,White,Male,0,1902,50,United-States,0.9803544807464498,0
40,Private,104196,Bachelors,13,Married-civ-spouse,Prof-specialty,Husband,White,Male,0,1887,40,United-States,0.9803150704486686,0
56,Self-emp-not-inc,94156,Prof-school,15,Married-civ-spouse,Prof-specialty,Husband,White,Male,0,1977,50,United-States,0.9802403598007764,0
54,Self-emp-not-inc,172898,Prof-school,15,Married-civ-spouse,Prof-specialty,Husband,White,Male,5178,0,50,United-States,0.9801154150719953,0
58,Private,280309,Assoc-acdm,12,Married-civ-spouse,Exec-managerial,Husband,White,Male,5178,0,60,United-States,0.9800959795978731,0
68,Self-emp-inc,52052,Assoc-voc,11,Widowed,Sales,Not-in-family,White,Female,25124,0,50,United-States,0.9800500466520164,1
46,Private,265266,Bachelors,13,Married-civ-spouse,Prof-specialty,Husband,White,Male,0,1902,40,United-States,0.9800400349761398,0
33,Private,111567,Masters,14,Married-civ-spouse,Exec-managerial,Husband,White,Male,0,1902,45,Germany,0.9799717483030822,0
34,Private,189759,Bachelors,13,Married-civ-spouse,Exec-managerial,Husband,White,Male,0,1977,45,United-States,0.9798754482214442,0
37,Private,220237,Bachelors,13,Married-civ-spouse,Exec-managerial,Husband,White,Male,5178,0,40,United-States,0.9797534744434908,0
32,Self-emp-inc,244665,HS-grad,9,Married-civ-spouse,Craft-repair,Husband,White,Male,5178,0,45,United-States,0.9797521994789946,0
61,State-gov,186451,Prof-school,15,Married-civ-spouse,Prof-specialty,Husband,White,Male,0,1902,40,United-States,0.979690168548374,0
44,Self-emp-not-inc,402397,Masters,14,Married-civ-spouse,Exec-managerial,Wife,White,Female,0,1902,60,United-States,0.9795607642721141,0
35,Self-emp-not-inc,225399,HS-grad,9,Never-married,Machine-op-inspct,Own-child,White,Male,8614,0,40,United-States,0.9795485298855665,1
77,?,28678,Masters,14,Married-civ-spouse,?,Husband,White,Male,9386,0,6,United-States,0.9794533825677828,1
36,Private,272944,Bachelors,13,Married-civ-spouse,Exec-managerial,Husband,White,Male,0,1887,40,United-States,0.9793582760380488,0
42,Self-emp-not-inc,323790,Bachelors,13,Married-civ-spouse,Exec-managerial,Husband,White,Male,0,1977,70,United-States,0.9793285840895973,0
37,Local-gov,218184,Bachelors,13,Married-civ-spouse,Prof-specialty,Husband,White,Male,0,1887,40,United-States,0.9792988263957809,0
55,Private,124808,Assoc-voc,11,Married-civ-spouse,Prof-specialty,Husband,White,Male,0,1977,50,Germany,0.9792170200553885,0
43,Self-emp-not-inc,396758,Bachelors,13,Married-civ-spouse,Prof-specialty,Wife,White,Female,0,1887,70,United-States,0.9792128040092242,1
31,Private,110643,Bachelors,13,Married-civ-spouse,Exec-managerial,Husband,White,Male,0,1977,55,United-States,0.9790776423744247,0
55,?,141807,HS-grad,9,Never-married,?,Not-in-family,White,Male,13550,0,40,United-States,0.9790638333293215,1
39,Local-gov,180686,Masters,14,Married-civ-spouse,Prof-specialty,Husband,White,Male,0,1977,45,United-States,0.9790407937317815,0
38,Private,207568,Bachelors,13,Married-civ-spouse,Exec-managerial,Husband,White,Male,5178,0,40,United-States,0.978992234783532,0
30,Self-emp-not-inc,115932,HS-grad,9,Never-married,Craft-repair,Not-in-family,White,Male,99999,0,50,United-States,0.9789786928792567,1
40,Private,160369,Masters,14,Married-civ-spouse,Exec-managerial,Husband,White,Male,0,2415,45,United-States,0.9789698304698905,0
55,Self-emp-inc,298449,Bachelors,13,Married-civ-spouse,Exec-managerial,Husband,White,Male,0,2415,50,United-States,0.9789207836894984,0
63,Private,383058,Bachelors,13,Married-civ-spouse,Sales,Husband,White,Male,0,1848,40,United-States,0.9788955985431625,1
51,Private,123011,Bachelors,13,Divorced,Exec-managerial,Not-in-family,White,Male,0,2559,50,United-States,0.9788561772692641,1
44,Private,286750,Bachelors,13,Married-civ-spouse,Exec-managerial,Husband,Black,Male,0,1902,40,United-States,0.9788448544204855,0
40,Private,198692,Some-college,10,Married-civ-spouse,Adm-clerical,Husband,White,Male,5178,0,60,United-States,0.9788244630991916,0
29,Private,124680,Bachelors,13,Never-married,Sales,Not-in-family,White,Female,13550,0,35,United-States,0.9786944109588878,1
36,Private,156667,Bachelors,13,Married-civ-spouse,Prof-specialty,Husband,White,Male,0,1902,50,United-States,0.9786816321731043,0
36,Private,192939,Masters,14,Married-civ-spouse,Prof-specialty,Husband,White,Male,0,1977,60,United-States,0.9786619004891379,0
59,Private,348430,Bachelors,13,Married-civ-spouse,Prof-specialty,Husband,White,Male,0,1902,43,United-States,0.9786388909465871,0
60,Self-emp-not-inc,282066,Bachelors,13,Married-civ-spouse,Exec-managerial,Husband,White,Male,0,1977,45,United-States,0.9786321326859331,0
64,Private,319371,Bachelors,13,Married-civ-spouse,Exec-managerial,Husband,White,Male,15024,0,40,United-States,0.9786271956262509,0
51,Private,22211,Masters,14,Married-civ-spouse,Prof-specialty,Husband,White,Male,0,1902,60,United-States,0.9786050880857204,0
54,Self-emp-not-inc,109418,Bachelors,13,Married-civ-spouse,Exec-managerial,Wife,White,Female,0,1977,35,United-States,0.978464211147081,0
61,Federal-gov,221943,Some-college,10,Married-civ-spouse,Adm-clerical,Husband,White,Male,9386,0,40,United-States,0.9784342034111682,0
34,Private,275438,Some-college,10,Married-civ-spouse,Prof-specialty,Husband,White,Male,5178,0,40,United-States,0.9783357496821466,0
39,Private,185520,Some-college,10,Divorced,Exec-managerial,Not-in-family,White,Female,8614,0,40,United-States,0.978328946714338,1
39,Private,218490,Bachelors,13,Married-civ-spouse,Sales,Husband,White,Male,0,1848,40,United-States,0.9783034036274154,1
69,Self-emp-not-inc,58213,Bachelors,13,Married-civ-spouse,Prof-specialty,Husband,White,Male,20051,0,45,United-States,0.9782979554055943,1
58,Private,150560,Bachelors,13,Divorced,Adm-clerical,Not-in-family,White,Female,14084,0,40,United-States,0.9782646023377026,1
36,Private,247558,Prof-school,15,Married-civ-spouse,Prof-specialty,Husband,White,Male,5178,0,60,?,0.9782106349230357,0
48,State-gov,55863,Doctorate,16,Married-civ-spouse,Prof-specialty,Wife,White,Female,0,1902,46,United-States,0.9782076659352179,1
68,Self-emp-inc,182131,Some-college,10,Married-civ-spouse,Exec-managerial,Husband,White,Male,10605,0,20,United-States,0.9781316488022027,0
41,Self-emp-inc,93227,Bachelors,13,Married-civ-spouse,Exec-managerial,Husband,Asian-Pac-Islander,Male,0,1977,60,Taiwan,0.9780978861402583,2
48,Private,143098,Doctorate,16,Married-civ-spouse,Prof-specialty,Husband,Asian-Pac-Islander,Male,0,1902,40,China,0.9780700326068978,2
50,Private,168212,Masters,14,Married-civ-spouse,Craft-repair,Husband,White,Male,0,1902,45,United-States,0.9780221900385251,0
51,Self-emp-not-inc,174824,HS-grad,9,Never-married,Farming-fishing,Not-in-family,White,Male,8614,0,40,United-States,0.9780124326238525,1
44,Self-emp-inc,320984,Some-college,10,Married-civ-spouse,Sales,Husband,White,Male,5178,0,60,United-States,0.9779406916484431,0
48,Private,331482,Prof-school,15,Married-civ-spouse,Tech-support,Husband,White,Male,0,1977,40,United-States,0.9779144913000414,0
42,Local-gov,121718,Masters,14,Married-civ-spouse,Exec-managerial,Husband,White,Male,0,1902,60,United-States,0.977872624075354,0
51,Federal-gov,163671,Bachelors,13,Married-civ-spouse,Exec-managerial,Husband,White,Male,0,1902,40,United-States,0.9778286289956816,0
36,Local-gov,410034,Bachelors,13,Married-civ-spouse,Prof-specialty,Husband,White,Male,0,1887,40,United-States,0.9777645002844747,0
63,Self-emp-inc,38472,Some-college,10,Widowed,Sales,Not-in-family,White,Female,14084,0,60,United-States,0.9777193711766071,1
38,Private,189623,Bachelors,13,Married-civ-spouse,Prof-specialty,Husband,White,Male,0,1887,40,United-States,0.9777054936536974,0
53,Private,139671,Bachelors,13,Married-civ-spouse,Prof-specialty,Husband,White,Male,0,1902,40,United-States,0.9776809377855114,0
39,Private,30529,Bachelors,13,Married-civ-spouse,Exec-managerial,Husband,White,Male,0,1887,40,United-States,0.9775231773606132,0
46,Federal-gov,97863,Assoc-voc,11,Married-civ-spouse,Adm-clerical,Husband,White,Male,5178,0,40,United-States,0.9775151152113551,0
45,Private,198223,Bachelors,13,Married-civ-spouse,Sales,Husband,White,Male,0,1902,45,United-States,0.9774681536333338,0
32,Private,108116,Bachelors,13,Married-civ-spouse,Exec-managerial,Husband,White,Male,0,1902,60,United-States,0.9773757634077376,0
53,Private,608184,Bachelors,13,Married-civ-spouse,Exec-managerial,Husband,Black,Male,0,1902,40,United-States,0.9773142173333569,1
55,Self-emp-inc,227856,Bachelors,13,Married-civ-spouse,Exec-managerial,Husband,White,Male,0,2415,50,United-States,0.9773018403659286,0
67,Local-gov,103315,Masters,14,Never-married,Exec-managerial,Other-relative,White,Female,15831,0,72,United-States,0.9772223791936533,2
46,Self-emp-not-inc,198759,Prof-school,15,Married-civ-spouse,Prof-specialty,Husband,White,Male,0,2415,80,United-States,0.9771853267283858,1
46,Private,324655,Masters,14,Married-civ-spouse,Tech-support,Husband,White,Male,0,1902,40,?,0.9771443281704777,0
34,Private,345705,Bachelors,13,Married-civ-spouse,Sales,Husband,White,Male,0,1977,50,United-States,0.977130710476755,0
33,Federal-gov,331615,Doctorate,16,Married-civ-spouse,Prof-specialty,Husband,White,Male,0,1848,40,United-States,0.9771190355088193,1
54,Private,206369,HS-grad,9,Married-civ-spouse,Machine-op-inspct,Husband,White,Male,5178,0,50,United-States,0.9770874287545447,0
43,Federal-gov,156996,Prof-school,15,Married-civ-spouse,Prof-specialty,Husband,Asian-Pac-Islander,Male,0,2415,55,?,0.9770511043432091,3
37,Private,265737,Some-college,10,Married-civ-spouse,Exec-managerial,Husband,Black,Male,0,1887,60,Cuba,0.9770331160711364,1
36,Self-emp-not-inc,20333,HS-grad,9,Married-civ-spouse,Sales,Wife,White,Female,7688,0,40,United-States,0.9770229066421603,0
30,Private,186932,Doctorate,16,Married-civ-spouse,Prof-specialty,Husband,White,Male,5178,0,75,United-States,0.9770194041213367,0
31,Private,183043,Masters,14,Married-civ-spouse,Exec-managerial,Husband,White,Male,0,1977,48,United-States,0.9768994973011763,0
36,Federal-gov,186934,Bachelors,13,Married-civ-spouse,Adm-clerical,Husband,White,Male,0,1848,55,United-States,0.9768747392591697,1
39,Private,179731,Masters,14,Married-civ-spouse,Exec-managerial,Wife,White,Female,0,2415,65,United-States,0.9768433556835103,0
49,Private,176814,Bachelors,13,Married-civ-spouse,Adm-clerical,Husband,White,Male,5178,0,40,United-States,0.9768073768472504,0
36,Private,32776,Bachelors,13,Married-civ-spouse,Exec-managerial,Husband,White,Male,0,1977,40,United-States,0.9768066656591748,0
53,Local-gov,186303,Some-college,10,Married-civ-spouse,Protective-serv,Husband,White,Male,0,1887,40,United-States,0.976703972065747,0
54,Private,288992,10th,6,Divorced,Prof-specialty,Unmarried,White,Male,14344,0,68,United-States,0.9766063081146865,1
34,Self-emp-not-inc,234960,Bachelors,13,Married-civ-spouse,Prof-specialty,Husband,Black,Male,0,1887,48,United-States,0.9764588904896127,0
31,Private,183801,Masters,14,Married-civ-spouse,Prof-specialty,Husband,White,Male,0,1902,43,United-States,0.9764252069007127,0
42,Private,198341,Masters,14,Married-civ-spouse,Prof-specialty,Husband,Asian-Pac-Islander,Male,0,1902,55,India,0.9764215283915302,1
31,Private,473133,Masters,14,Married-civ-spouse,Prof-specialty,Husband,White,Male,5178,0,40,United-States,0.9763037468537605,0
43,Private,293305,Bachelors,13,Married-civ-spouse,Sales,Husband,White,Male,0,1887,40,United-States,0.9762920470113924,0
45,State-gov,103406,Bachelors,13,Married-civ-spouse,Exec-managerial,Husband,White,Male,0,1977,60,United-States,0.9761438412251678,0
25,Self-emp-not-inc,182809,HS-grad,9,Married-civ-spouse,Craft-repair,Husband,White,Male,7298,0,40,United-States,0.9761065988422227,0
50,Private,88926,HS-grad,9,Married-civ-spouse,Adm-clerical,Wife,White,Female,5178,0,40,United-States,0.9761017850446589,0
46,Private,127089,Some-college,10,Married-civ-spouse,Prof-specialty,Husband,White,Male,5178,0,38,United-States,0.9760240717804864,0
54,Local-gov,185846,Masters,14,Married-civ-spouse,Prof-specialty,Husband,White,Male,0,1977,40,United-States,0.9759266350837422,0
39,Private,128715,HS-grad,9,Divorced,Adm-clerical,Not-in-family,White,Male,10520,0,40,United-States,0.975886647079507,0
71,Self-emp-not-inc,143437,Masters,14,Married-civ-spouse,Sales,Husband,White,Male,10605,0,40,United-States,0.9758773402416427,0
42,Self-emp-inc,187702,Prof-school,15,Married-civ-spouse,Prof-specialty,Husband,White,Male,0,2415,60,United-States,0.9758736529433567,0
54,Self-emp-not-inc,28186,Bachelors,13,Divorced,Farming-fishing,Not-in-family,White,Male,27828,0,50,United-States,0.9758700335305486,1
40,Private,199900,Assoc-acdm,12,Married-civ-spouse,Exec-managerial,Husband,White,Male,0,1848,55,United-States,0.9758670288131787,1
39,Self-emp-not-inc,218490,Prof-school,15,Married-civ-spouse,Prof-specialty,Husband,White,Male,0,2415,50,?,0.9758555192708576,1
45,Private,84298,Assoc-voc,11,Married-civ-spouse,Exec-managerial,Husband,White,Male,0,1977,50,United-States,0.9758537436996113,0
38,Private,172538,Bachelors,13,Married-civ-spouse,Tech-support,Husband,White,Male,0,1977,40,United-States,0.9756917363405105,0
51,Private,102615,Masters,14,Married-civ-spouse,Protective-serv,Husband,White,Male,0,1977,40,United-States,0.9755854649516863,0
42,Private,159449,Bachelors,13,Married-civ-spouse,Exec-managerial,Husband,White,Male,5178,0,40,United-States,0.9755764484773054,0
35,Local-gov,116960,Masters,14,Married-civ-spouse,Prof-specialty,Husband,White,Male,0,1887,40,United-States,0.9755409297312948,0
37,Private,234807,Bachelors,13,Divorced,Exec-managerial,Unmarried,White,Female,7430,0,45,United-States,0.9754040989746914,1
71,Private,182395,Bachelors,13,Never-married,Craft-repair,Not-in-family,White,Male,11678,0,45,United-States,0.9753913662934429,0
39,Private,237713,Prof-school,15,Married-civ-spouse,Sales,Husband,White,Male,0,2415,99,United-States,0.9752960937433122,1
33,Private,154981,Bachelors,13,Married-civ-spouse,Adm-clerical,Husband,White,Male,0,1902,50,United-States,0.9751381937775355,0
65,?,191380,10th,6,Married-civ-spouse,?,Husband,White,Male,9386,0,50,United-States,0.975042781172848,0
41,State-gov,108945,HS-grad,9,Never-married,Transport-moving,Not-in-family,White,Female,14344,0,40,United-States,0.9750332604331217,1
33,Private,112115,Bachelors,13,Married-civ-spouse,Exec-managerial,Husband,White,Male,0,1902,45,United-States,0.9750028242436494,0
32,State-gov,182556,Bachelors,13,Married-civ-spouse,Protective-serv,Husband,White,Male,0,1887,45,United-States,0.9749079953137814,0
59,Private,530099,Some-college,10,Married-civ-spouse,Craft-repair,Husband,White,Male,0,1887,55,United-States,0.974780751600129,0
36,Private,86459,Assoc-voc,11,Married-civ-spouse,Exec-managerial,Husband,White,Male,0,1887,50,United-States,0.9747354923270659,0
41,Self-emp-not-inc,186909,Masters,14,Married-civ-spouse,Sales,Wife,White,Female,0,1902,35,United-States,0.9747189932631508,0
42,Local-gov,111252,Masters,14,Married-civ-spouse,Exec-managerial,Husband,White,Male,0,1977,40,United-States,0.9746799716685337,0
47,Private,51835,Prof-school,15,Married-civ-spouse,Prof-specialty,Wife,White,Female,0,1902,60,Honduras,0.9745274080212302,2
46,Federal-gov,344415,Masters,14,Married-civ-spouse,Armed-Forces,Husband,White,Male,0,1887,40,United-States,0.9745083033885784,0
37,Private,329980,Masters,14,Married-civ-spouse,Exec-managerial,Husband,White,Male,0,2415,60,United-States,0.9744912263000075,0
59,Private,126668,Assoc-voc,11,Married-civ-spouse,Prof-specialty,Husband,White,Male,5178,0,50,United-States,0.9744649563939877,0
42,Private,173704,Some-college,10,Married-civ-spouse,Sales,Husband,White,Male,0,1887,50,United-States,0.9744420941142448,0
34,Private,223212,Bachelors,13,Married-civ-spouse,Prof-specialty,Husband,White,Male,0,1848,40,Peru,0.974383290953565,1
52,Private,218550,Some-college,10,Married-spouse-absent,Adm-clerical,Not-in-family,White,Female,14084,0,16,United-States,0.9743728725876918,1
36,Private,237943,Bachelors,13,Married-civ-spouse,Prof-specialty,Husband,White,Male,0,1977,45,United-States,0.9743431541352365,0
44,Self-emp-not-inc,343190,Some-college,10,Married-civ-spouse,Craft-repair,Husband,White,Male,0,1887,55,United-States,0.974323214962983,0
46,Local-gov,238162,Assoc-acdm,12,Married-civ-spouse,Protective-serv,Husband,White,Male,0,1887,50,United-States,0.9743072756710727,0
46,Private,173243,Some-college,10,Married-civ-spouse,Tech-support,Husband,White,Male,5178,0,40,United-States,0.9742103211008243,0
74,Private,129879,HS-grad,9,Widowed,Adm-clerical,Not-in-family,White,Female,15831,0,40,United-States,0.9741733266822191,1
65,Private,242580,Some-college,10,Divorced,Prof-specialty,Not-in-family,White,Male,11678,0,50,United-States,0.9741575635107677,0
41,Self-emp-inc,223671,HS-grad,9,Married-civ-spouse,Sales,Husband,White,Male,0,1887,55,United-States,0.97411068891122,0
50,Private,213290,Assoc-voc,11,Married-civ-spouse,Prof-specialty,Wife,White,Female,0,1887,36,United-States,0.9740374435813981,0
36,Self-emp-not-inc,241998,Some-college,10,Married-civ-spouse,Sales,Husband,White,Male,99999,0,20,United-States,0.9739761391328873,1
46,Self-emp-not-inc,131091,Bachelors,13,Married-civ-spouse,Sales,Husband,White,Male,0,1902,40,United-States,0.9738772914419235,0
37,Self-emp-not-inc,32239,HS-grad,9,Divorced,Farming-fishing,Not-in-family,White,Male,27828,0,40,United-States,0.973806686005496,1
39,Private,80324,Some-college,10,Married-civ-spouse,Exec-managerial,Husband,White,Male,0,1977,62,United-States,0.9737684605930395,0
55,Private,61708,HS-grad,9,Married-civ-spouse,Adm-clerical,Husband,White,Male,6418,0,50,United-States,0.9736849701123098,1
42,Self-emp-not-inc,32546,Prof-school,15,Divorced,Prof-specialty,Unmarried,White,Male,7430,0,40,United-States,0.9736541327094023,1
33,?,369386,Some-college,10,Married-civ-spouse,?,Wife,White,Female,5178,0,40,United-States,0.9736164663462713,0
69,Private,128348,Bachelors,13,Married-civ-spouse,Exec-managerial,Husband,Black,Male,9386,0,50,United-States,0.973477132679869,0
59,Private,81929,Doctorate,16,Married-civ-spouse,Prof-specialty,Husband,White,Male,0,2415,45,United-States,0.973259029411317,0
42,Local-gov,245307,Bachelors,13,Married-civ-spouse,Exec-managerial,Husband,White,Male,0,1977,48,United-States,0.973226151460554,0
65,?,249043,Bachelors,13,Married-civ-spouse,?,Husband,White,Male,10605,0,40,United-States,0.973205736533552,0
39,Self-emp-inc,543042,HS-grad,9,Married-civ-spouse,Craft-repair,Husband,White,Male,5178,0,50,United-States,0.9731928042829788,0
32,Private,168854,Bachelors,13,Married-civ-spouse,Sales,Husband,White,Male,0,1848,50,United-States,0.9731832834060152,1
46,Federal-gov,349230,Assoc-voc,11,Married-civ-spouse,Tech-support,Husband,White,Male,0,1848,40,United-States,0.9731288857924861,1
34,Federal-gov,190228,Bachelors,13,Married-civ-spouse,Protective-serv,Husband,White,Male,0,1902,48,United-States,0.9731235169731866,0
46,Private,129007,Bachelors,13,Married-civ-spouse,Sales,Husband,White,Male,0,1977,40,United-States,0.9731009824378418,0
32,Private,295589,Masters,14,Married-civ-spouse,Exec-managerial,Husband,Black,Male,0,1977,40,United-States,0.9730754464349327,0
52,Private,143953,Bachelors,13,Married-civ-spouse,Prof-specialty,Husband,White,Male,0,1902,40,United-States,0.9730417335440783,0
40,Self-emp-not-inc,175943,Assoc-voc,11,Married-civ-spouse,Prof-specialty,Wife,White,Female,0,1977,15,United-States,0.9729206758813703,1
53,Private,95469,Bachelors,13,Married-civ-spouse,Adm-clerical,Husband,White,Male,0,1902,40,United-States,0.9729140109290786,0
40,Local-gov,244522,Masters,14,Married-civ-spouse,Prof-specialty,Husband,White,Male,0,1902,48,United-States,0.9727746368352964,0
52,Private,146567,HS-grad,9,Divorced,Machine-op-inspct,Not-in-family,Black,Male,14344,0,40,United-States,0.9727508993633046,1
62,Local-gov,113443,Masters,14,Divorced,Prof-specialty,Not-in-family,White,Female,10520,0,33,United-States,0.9726722458566968,0
49,Local-gov,193960,Masters,14,Married-civ-spouse,Prof-specialty,Husband,White,Male,0,1902,40,United-States,0.9726662979045494,0
43,Private,187728,Some-college,10,Married-civ-spouse,Prof-specialty,Wife,White,Female,0,1887,50,United-States,0.972645291379195,0
38,Self-emp-not-inc,93206,Bachelors,13,Married-civ-spouse,Exec-managerial,Husband,Asian-Pac-Islander,Male,0,1902,65,United-States,0.9725981352927523,1
38,Private,187870,Prof-school,15,Married-civ-spouse,Prof-specialty,Husband,White,Male,0,2415,90,United-States,0.9724266869984564,1
41,Private,221947,Some-college,10,Married-civ-spouse,Exec-managerial,Husband,White,Male,0,1887,50,United-States,0.9723217779842606,0
50,Private,102346,Bachelors,13,Married-civ-spouse,Exec-managerial,Wife,White,Female,0,2415,20,United-States,0.9722467339707259,0
69,Self-emp-inc,107850,Masters,14,Married-civ-spouse,Exec-managerial,Husband,White,Male,6514,0,40,United-States,0.972133530977382,1
51,Private,191659,Some-college,10,Married-civ-spouse,Exec-managerial,Husband,White,Male,0,1887,65,United-States,0.9720570933878672,0
37,Private,200374,Bachelors,13,Married-civ-spouse,Sales,Husband,White,Male,0,1902,40,United-States,0.9719641014329609,0
61,Federal-gov,229062,Some-college,10,Married-civ-spouse,Adm-clerical,Husband,White,Male,0,1887,40,United-States,0.9719345298094224,0
38,Private,169926,Assoc-acdm,12,Married-civ-spouse,Exec-managerial,Wife,White,Female,0,1902,40,United-States,0.9719129410386953,0
27,Private,215504,Bachelors,13,Married-civ-spouse,Sales,Husband,White,Male,0,1848,55,United-States,0.9718369129808244,1
31,Private,467579,Bachelors,13,Married-civ-spouse,Exec-managerial,Husband,Black,Male,0,1887,40,United-States,0.9717744081199516,0
39,Self-emp-inc,131288,Assoc-acdm,12,Married-civ-spouse,Sales,Husband,White,Male,5178,0,48,United-States,0.9716032753559731,0
49,Private,199029,Bachelors,13,Married-civ-spouse,Sales,Husband,White,Male,0,2415,55,United-States,0.97152553449121,0
44,Private,99651,Masters,14,Married-civ-spouse,Exec-managerial,Husband,White,Male,5178,0,40,United-States,0.9714783216411755,0
41,Private,132222,Prof-school,15,Married-civ-spouse,Prof-specialty,Husband,White,Male,0,2415,40,United-States,0.9714110627325099,0
25,Self-emp-not-inc,368115,Bachelors,13,Never-married,Exec-managerial,Not-in-family,White,Male,13550,0,35,United-States,0.9713561631520383,1
29,Private,46442,Bachelors,13,Married-civ-spouse,Prof-specialty,Wife,White,Female,0,1902,50,United-States,0.9713336129796093,0
41,Local-gov,112763,Masters,14,Divorced,Prof-specialty,Unmarried,White,Female,7430,0,36,United-States,0.9713078581719304,1
36,Private,189404,Bachelors,13,Married-civ-spouse,Sales,Husband,White,Male,0,1977,35,United-States,0.9712764603052754,0
32,Private,195602,Bachelors,13,Married-civ-spouse,Sales,Husband,White,Male,0,1977,45,United-States,0.9712382858608879,0
57,Self-emp-not-inc,413373,Doctorate,16,Married-civ-spouse,Sales,Husband,White,Male,0,1902,40,United-States,0.9711584525465157,0
67,Self-emp-inc,182581,Some-college,10,Married-civ-spouse,Exec-managerial,Husband,White,Male,20051,0,20,United-States,0.9709723829766966,1
42,?,212206,Masters,14,Married-civ-spouse,?,Wife,White,Female,0,1887,48,United-States,0.9707270981438086,0
41,Private,84610,Bachelors,13,Married-civ-spouse,Exec-managerial,Husband,White,Male,0,1902,60,United-States,0.9706179757103649,0
37,Private,171150,HS-grad,9,Married-civ-spouse,Exec-managerial,Husband,White,Male,0,1887,50,United-States,0.9705853647320327,0
31,State-gov,207505,Doctorate,16,Married-civ-spouse,Prof-specialty,Husband,White,Male,0,1977,70,United-States,0.9705533258537279,0
57,Private,132704,Masters,14,Separated,Prof-specialty,Not-in-family,White,Male,10520,0,32,United-States,0.970445157657128,0
69,Private,197080,12th,8,Married-civ-spouse,Transport-moving,Husband,White,Male,9386,0,60,United-States,0.9702920878205674,0
22,Private,233955,Bachelors,13,Never-married,Prof-specialty,Not-in-family,Amer-Indian-Eskimo,Female,14344,0,40,United-States,0.9701618703632892,2
45,Private,246891,Bachelors,13,Married-civ-spouse,Sales,Husband,White,Male,0,1902,40,United-States,0.9700194274065029,0
39,Local-gov,177907,HS-grad,9,Married-civ-spouse,Protective-serv,Husband,White,Male,0,1887,40,United-States,0.9700164432720894,0
43,Private,266439,Bachelors,13,Married-civ-spouse,Machine-op-inspct,Husband,White,Male,0,1887,40,United-States,0.9698975629751067,0
70,Local-gov,88638,Masters,14,Never-married,Prof-specialty,Unmarried,White,Female,7896,0,50,United-States,0.9698773643792327,1
46,Private,326857,Masters,14,Married-civ-spouse,Sales,Husband,White,Male,0,2415,65,United-States,0.9698058974837956,0
77,Self-emp-inc,84979,Doctorate,16,Married-civ-spouse,Farming-fishing,Husband,White,Male,20051,0,40,United-States,0.9697754598639642,2
47,Private,148995,Bachelors,13,Married-civ-spouse,Exec-managerial,Husband,White,Male,0,2415,60,United-States,0.9697561886498358,0
39,State-gov,122011,Masters,14,Married-civ-spouse,Prof-specialty,Wife,White,Female,5178,0,38,United-States,0.9693962415348846,0
49,Private,329603,Bachelors,13,Married-civ-spouse,Craft-repair,Husband,White,Male,0,1902,40,United-States,0.9693393953304362,0
55,Private,184882,Assoc-voc,11,Married-civ-spouse,Transport-moving,Husband,White,Male,5178,0,50,United-States,0.9693085251829386,0
63,Private,108097,Some-college,10,Married-civ-spouse,Craft-repair,Husband,White,Male,10566,0,45,United-States,0.9691515323677841,0
41,Local-gov,297248,Prof-school,15,Married-civ-spouse,Prof-specialty,Husband,White,Male,0,2415,45,United-States,0.9691437033776641,0
45,Local-gov,374450,HS-grad,9,Married-civ-spouse,Transport-moving,Wife,White,Female,5178,0,40,United-States,0.9690879362142916,0
49,Private,34545,Some-college,10,Married-civ-spouse,Exec-managerial,Husband,White,Male,0,1887,40,United-States,0.9690544591867655,0
39,Self-emp-not-inc,154641,HS-grad,9,Divorced,Farming-fishing,Not-in-family,White,Male,8614,0,50,United-States,0.9689056542274378,1
63,?,222289,Bachelors,13,Married-civ-spouse,?,Husband,White,Male,7688,0,54,United-States,0.9688375111598635,0
57,Private,173832,Bachelors,13,Married-civ-spouse,Sales,Husband,White,Male,0,1902,40,United-States,0.9687907049257594,0
39,Local-gov,132879,Bachelors,13,Married-civ-spouse,Prof-specialty,Husband,White,Male,0,1887,40,United-States,0.9687526848193737,0
27,Self-emp-inc,120126,Bachelors,13,Married-civ-spouse,Exec-managerial,Husband,White,Male,0,1887,45,United-States,0.9687437239856371,0
35,Private,105821,HS-grad,9,Married-civ-spouse,Exec-managerial,Husband,White,Male,5178,0,40,United-States,0.9686987806895632,0
48,Local-gov,242923,HS-grad,9,Married-civ-spouse,Tech-support,Wife,White,Female,0,1848,40,United-States,0.968573532277896,1
70,Self-emp-not-inc,36311,Bachelors,13,Married-civ-spouse,Prof-specialty,Husband,White,Male,20051,0,35,United-States,0.9685678645487171,1
45,Private,89028,HS-grad,9,Divorced,Craft-repair,Not-in-family,Asian-Pac-Islander,Male,10520,0,40,United-States,0.9684276266665081,0
44,Private,340885,Bachelors,13,Married-civ-spouse,Machine-op-inspct,Husband,White,Male,0,1977,40,United-States,0.968394528472655,0
48,State-gov,120131,HS-grad,9,Divorced,Craft-repair,Own-child,White,Male,8614,0,40,United-States,0.9683553785218665,1
67,Self-emp-not-inc,191380,Prof-school,15,Married-civ-spouse,Prof-specialty,Husband,White,Male,20051,0,25,United-States,0.9683172269361671,1
54,Federal-gov,75235,HS-grad,9,Married-civ-spouse,Exec-managerial,Husband,White,Male,5178,0,40,United-States,0.9682674430884581,0
34,Private,209101,Bachelors,13,Married-civ-spouse,Exec-managerial,Husband,White,Male,5178,0,55,United-States,0.9682549792745514,0
46,Self-emp-inc,191978,Masters,14,Married-civ-spouse,Exec-managerial,Husband,White,Male,0,2392,50,United-States,0.9682213233652074,0
58,Private,314092,Assoc-voc,11,Married-civ-spouse,Craft-repair,Husband,White,Male,0,1887,48,United-States,0.968164879280942,0
52,Private,198863,Prof-school,15,Divorced,Exec-managerial,Not-in-family,White,Male,0,2559,60,United-States,0.9680967035443825,2
70,Self-emp-inc,379819,Some-college,10,Married-civ-spouse,Sales,Husband,White,Male,10566,0,40,United-States,0.9680825156449048,0
61,Private,85548,Some-college,10,Married-civ-spouse,Tech-support,Husband,White,Male,15024,0,18,United-States,0.9680276039542466,1
53,Private,193720,Some-college,10,Married-civ-spouse,Exec-managerial,Husband,White,Male,0,1977,40,United-States,0.9680146725862948,0
51,Local-gov,176751,Bachelors,13,Married-civ-spouse,Prof-specialty,Husband,White,Male,0,1902,40,United-States,0.967900375065244,0
53,Self-emp-inc,152810,HS-grad,9,Married-civ-spouse,Craft-repair,Husband,White,Male,5178,0,45,United-States,0.9678960646632107,0
33,Self-emp-inc,117963,Assoc-acdm,12,Married-civ-spouse,Exec-managerial,Husband,White,Male,0,1887,60,United-States,0.9676611548118782,0
59,Private,100313,HS-grad,9,Married-civ-spouse,Exec-managerial,Husband,White,Male,0,1887,40,United-States,0.9674682217227029,0
47,Private,97883,Bachelors,13,Widowed,Priv-house-serv,Unmarried,White,Female,25236,0,35,United-States,0.9674205307491115,1
42,Federal-gov,52781,Masters,14,Married-civ-spouse,Prof-specialty,Husband,White,Male,0,1902,40,United-States,0.9673277473495371,0
64,Private,66634,Bachelors,13,Divorced,Exec-managerial,Unmarried,White,Male,27828,0,50,United-States,0.9673092198054393,1
63,Self-emp-not-inc,167501,Some-college,10,Married-civ-spouse,Prof-specialty,Wife,White,Female,20051,0,10,United-States,0.9672888750250831,1
23,Self-emp-not-inc,282604,11th,7,Married-civ-spouse,Transport-moving,Husband,White,Male,7688,0,60,United-States,0.9671348528804694,0
52,Private,23780,Assoc-voc,11,Married-civ-spouse,Exec-managerial,Husband,White,Male,0,1977,45,United-States,0.967124410944277,0
28,Private,34335,HS-grad,9,Divorced,Sales,Not-in-family,Amer-Indian-Eskimo,Male,14084,0,40,United-States,0.9670329010626488,2
46,Private,459189,Some-college,10,Married-civ-spouse,Craft-repair,Husband,White,Male,0,1902,50,United-States,0.9669512083088937,0
79,Private,120707,Doctorate,16,Married-civ-spouse,Prof-specialty,Husband,White,Male,20051,0,35,El-Salvador,0.9668322938891168,2
56,Private,193453,Bachelors,13,Married-civ-spouse,Prof-specialty,Husband,White,Male,0,1902,65,United-States,0.9667082038598781,0
45,Private,341995,Assoc-voc,11,Married-civ-spouse,Prof-specialty,Husband,White,Male,0,1902,42,United-States,0.9665555513423655,0
67,Self-emp-inc,171564,HS-grad,9,Married-civ-spouse,Prof-specialty,Wife,White,Female,20051,0,30,England,0.9664559176274824,1
42,Private,172297,Masters,14,Married-civ-spouse,Adm-clerical,Husband,White,Male,0,1902,40,United-States,0.9664080199766354,0
50,Self-emp-not-inc,42402,Prof-school,15,Married-civ-spouse,Prof-specialty,Husband,White,Male,0,2415,30,United-States,0.9663621979806287,0
52,Private,139671,Some-college,10,Married-civ-spouse,Exec-managerial,Husband,White,Male,0,1977,50,United-States,0.9663539429428313,0
57,Private,98350,Prof-school,15,Married-civ-spouse,Craft-repair,Husband,Asian-Pac-Islander,Male,0,1902,40,Philippines,0.9663446186867963,1
33,Local-gov,173005,Bachelors,13,Married-civ-spouse,Adm-clerical,Husband,White,Male,0,1848,45,United-States,0.9662931600983673,1
39,Self-emp-inc,329980,Bachelors,13,Married-civ-spouse,Sales,Husband,White,Male,0,2415,60,United-States,0.9661713532244639,0
25,Private,242700,Some-college,10,Never-married,Transport-moving,Not-in-family,White,Male,10520,0,50,United-States,0.9661631984989261,0
39,Private,355468,HS-grad,9,Married-civ-spouse,Sales,Husband,White,Male,0,1887,46,United-States,0.9659020315947073,0
43,Private,110970,Bachelors,13,Married-civ-spouse,Prof-specialty,Husband,White,Male,0,1902,40,United-States,0.9657185438047148,0
45,Private,33300,Assoc-voc,11,Married-civ-spouse,Sales,Husband,White,Male,0,1977,50,United-States,0.9656261507769961,0
51,State-gov,155594,Some-college,10,Married-civ-spouse,Sales,Husband,White,Male,0,1887,40,United-States,0.9654188201629155,0
47,Private,201699,Assoc-acdm,12,Married-civ-spouse,Sales,Husband,White,Male,5178,0,50,United-States,0.9653001726779197,0
63,Self-emp-not-inc,298249,Bachelors,13,Married-civ-spouse,Sales,Husband,White,Male,10605,0,40,United-States,0.9652750928592851,0
42,Self-emp-not-inc,199143,Prof-school,15,Divorced,Prof-specialty,Unmarried,White,Female,7430,0,44,United-States,0.965066532516953,1
47,Local-gov,200471,HS-grad,9,Married-civ-spouse,Transport-moving,Husband,White,Male,5178,0,40,United-States,0.9650486855041208,0
36,Private,145576,Masters,14,Married-civ-spouse,Adm-clerical,Husband,White,Male,0,1977,40,Japan,0.9650303083813617,0
28,Private,138692,Bachelors,13,Married-civ-spouse,Prof-specialty,Husband,White,Male,0,1887,40,United-States,0.9649280935256105,0
24,Self-emp-inc,493034,HS-grad,9,Never-married,Other-service,Not-in-family,Black,Male,13550,0,50,United-States,0.9649231647641625,1
44,Self-emp-inc,191712,Masters,14,Married-civ-spouse,Prof-specialty,Husband,White,Male,0,2415,55,United-States,0.9649090108635768,0
61,Private,230292,Some-college,10,Married-civ-spouse,Adm-clerical,Husband,White,Male,7688,0,40,United-States,0.9648801110206812,0
37,Self-emp-inc,183800,Assoc-acdm,12,Married-civ-spouse,Sales,Husband,White,Male,0,1887,40,United-States,0.9646997202434868,0
54,Self-emp-inc,206964,Some-college,10,Married-civ-spouse,Sales,Husband,White,Male,0,1977,40,United-States,0.9646425629322788,0
73,Private,183213,Assoc-voc,11,Widowed,Prof-specialty,Not-in-family,White,Male,25124,0,60,United-States,0.9646378626002288,1
22,Private,195532,Bachelors,13,Never-married,Prof-specialty,Not-in-family,White,Female,8614,0,40,United-States,0.964405855351628,1
62,Private,71751,Some-college,10,Married-civ-spouse,Exec-managerial,Husband,White,Male,0,1977,98,United-States,0.9641900033888069,2
36,Private,346478,Bachelors,13,Married-civ-spouse,Sales,Husband,White,Male,0,2415,45,United-States,0.9641599422029412,0
56,Private,204049,Some-college,10,Married-civ-spouse,Sales,Husband,White,Male,0,1848,50,United-States,0.964141518185602,1
67,?,182378,Bachelors,13,Married-civ-spouse,?,Husband,White,Male,9386,0,60,United-States,0.9641393741331636,0
36,Private,33394,Bachelors,13,Married-civ-spouse,Sales,Husband,White,Male,0,1887,35,United-States,0.9640198516016335,0
69,?,254834,Bachelors,13,Married-civ-spouse,?,Husband,White,Male,10605,0,10,United-States,0.9639918224549586,0
45,Private,67716,HS-grad,9,Never-married,Craft-repair,Own-child,White,Male,10520,0,48,United-States,0.9639724472012962,0
57,Self-emp-inc,258883,HS-grad,9,Married-civ-spouse,Transport-moving,Husband,White,Male,5178,0,60,Hungary,0.9638209075243982,0
45,Private,186272,9th,5,Married-civ-spouse,Adm-clerical,Husband,Black,Male,5178,0,40,United-States,0.9637853803269388,0
56,Private,116143,Bachelors,13,Married-civ-spouse,Adm-clerical,Husband,White,Male,5178,0,44,United-States,0.9637408055348685,0
46,Private,114032,Some-college,10,Married-civ-spouse,Tech-support,Husband,White,Male,0,1887,45,United-States,0.9636915044449845,0
55,Private,323706,Some-college,10,Married-civ-spouse,Exec-managerial,Husband,White,Male,0,1902,40,United-States,0.9635270488047534,0
49,Private,137192,Bachelors,13,Married-civ-spouse,Sales,Husband,Asian-Pac-Islander,Male,0,1977,50,South,0.9634375211226562,1
64,Federal-gov,301383,Assoc-acdm,12,Married-civ-spouse,Exec-managerial,Husband,White,Male,9386,0,45,United-States,0.9632928409525849,0
67,Self-emp-inc,411007,HS-grad,9,Widowed,Exec-managerial,Not-in-family,White,Female,15831,0,40,United-States,0.9630127507496217,1
39,Private,198654,Prof-school,15,Married-civ-spouse,Prof-specialty,Husband,Asian-Pac-Islander,Male,0,2415,67,India,0.9629791398683129,3
47,Private,70943,HS-grad,9,Married-civ-spouse,Machine-op-inspct,Husband,White,Male,5178,0,40,United-States,0.9629331114388704,0
55,Private,162205,HS-grad,9,Married-civ-spouse,Transport-moving,Husband,White,Male,5178,0,72,United-States,0.9628571829246588,0
46,Private,190115,Some-college,10,Married-civ-spouse,Sales,Husband,White,Male,0,1887,40,United-States,0.9628349285351788,0
41,Federal-gov,168294,HS-grad,9,Married-civ-spouse,Adm-clerical,Husband,White,Male,5178,0,40,United-States,0.9626123023831641,0
35,Private,282979,HS-grad,9,Married-civ-spouse,Sales,Husband,White,Male,5178,0,50,United-States,0.9625708363709167,0
55,Self-emp-inc,138594,HS-grad,9,Married-civ-spouse,Exec-managerial,Husband,White,Male,0,1977,45,United-States,0.962339327648158,0
50,Private,192982,HS-grad,9,Married-civ-spouse,Tech-support,Husband,White,Male,0,1848,40,United-States,0.9620863268240725,1
63,Federal-gov,39181,Doctorate,16,Divorced,Exec-managerial,Not-in-family,White,Female,0,2559,60,United-States,0.9619168108475827,4
36,Private,188563,Some-college,10,Married-civ-spouse,Sales,Husband,White,Male,5178,0,50,United-States,0.9618893643658804,0
40,Private,572751,Prof-school,15,Married-civ-spouse,Craft-repair,Husband,White,Male,5178,0,40,Mexico,0.961885248778452,0
42,Private,230684,HS-grad,9,Married-civ-spouse,Sales,Husband,White,Male,5178,0,50,United-States,0.9618757385032122,0
80,?,29020,Prof-school,15,Married-civ-spouse,?,Husband,White,Male,10605,0,10,United-States,0.9618733301181562,1
30,Local-gov,226443,Masters,14,Married-civ-spouse,Prof-specialty,Husband,White,Male,0,1887,45,United-States,0.9616955598819641,0
38,Private,269318,Bachelors,13,Married-civ-spouse,Adm-clerical,Husband,White,Male,5178,0,50,United-States,0.9616546501136661,0
44,Self-emp-inc,151089,HS-grad,9,Married-civ-spouse,Exec-managerial,Husband,White,Male,0,1887,70,United-States,0.9616453022900509,1
71,Self-emp-inc,66624,Bachelors,13,Married-civ-spouse,Exec-managerial,Husband,White,Male,0,2392,60,United-States,0.9616289812649171,1
42,Private,94600,HS-grad,9,Married-civ-spouse,Craft-repair,Husband,White,Male,5178,0,40,United-States,0.9613837409473384,0
30,Private,164190,Assoc-voc,11,Married-civ-spouse,Prof-specialty,Husband,White,Male,5178,0,52,United-States,0.9613611796146727,0
41,Private,352812,Some-college,10,Married-civ-spouse,Exec-managerial,Wife,White,Female,0,1902,40,United-States,0.9612252126389478,0
37,Private,287031,Some-college,10,Married-civ-spouse,Craft-repair,Husband,White,Male,5178,0,75,United-States,0.9609443003502902,0
57,Local-gov,118481,Bachelors,13,Married-civ-spouse,Prof-specialty,Husband,White,Male,0,1902,40,United-States,0.9609127308147782,0
37,Private,125550,HS-grad,9,Never-married,Tech-support,Not-in-family,White,Female,14084,0,35,United-States,0.9609063060649811,1
59,Self-emp-inc,122390,Some-college,10,Married-civ-spouse,Exec-managerial,Husband,White,Male,0,1977,48,United-States,0.9608519798970093,0
29,Private,87905,HS-grad,9,Divorced,Other-service,Not-in-family,White,Male,10520,0,40,United-States,0.9607075530919965,0
39,Private,201410,Bachelors,13,Married-civ-spouse,Transport-moving,Husband,White,Male,0,1977,45,Philippines,0.9606423499306861,0
27,Self-emp-not-inc,420054,HS-grad,9,Never-married,Craft-repair,Unmarried,White,Male,9562,0,50,United-States,0.9605272740831149,0
47,Private,160187,HS-grad,9,Separated,Prof-specialty,Other-relative,Black,Female,14084,0,38,United-States,0.9603145503373449,1
64,Self-emp-inc,161325,Assoc-acdm,12,Married-civ-spouse,Sales,Husband,White,Male,0,1887,50,United-States,0.9603062499283934,0
49,Self-emp-inc,213140,HS-grad,9,Married-civ-spouse,Exec-managerial,Husband,White,Male,0,1902,60,United-States,0.9602832096508335,0
27,Private,183627,Bachelors,13,Married-civ-spouse,Exec-managerial,Husband,White,Male,0,1977,50,United-States,0.9601112143479958,0
55,Federal-gov,238192,HS-grad,9,Married-civ-spouse,Tech-support,Husband,White,Male,0,1887,40,United-States,0.9600156245091847,0
33,Private,59083,Bachelors,13,Married-civ-spouse,Adm-clerical,Husband,White,Male,0,1902,45,United-States,0.9600086424622715,0
51,Private,230858,Some-college,10,Married-civ-spouse,Craft-repair,Husband,White,Male,0,1977,60,United-States,0.95996792203494,0
64,Self-emp-inc,132832,HS-grad,9,Married-civ-spouse,Adm-clerical,Wife,White,Female,20051,0,40,?,0.9596579630334016,1
51,Private,337195,Some-college,10,Married-civ-spouse,Sales,Husband,White,Male,0,1902,50,United-States,0.9596035766209898,0
51,Private,96062,Some-college,10,Married-civ-spouse,Sales,Husband,White,Male,0,1977,40,United-States,0.9594351022358497,0
31,Private,201122,Bachelors,13,Married-civ-spouse,Sales,Husband,White,Male,0,1902,45,United-States,0.959418195177705,0
35,Self-emp-inc,111319,Assoc-acdm,12,Married-civ-spouse,Sales,Husband,White,Male,0,1887,45,United-States,0.9593949944929105,0
60,Private,166330,HS-grad,9,Married-civ-spouse,Other-service,Wife,White,Female,99999,0,40,United-States,0.9589199714923029,1
44,Private,216907,Assoc-acdm,12,Married-civ-spouse,Craft-repair,Husband,White,Male,0,1848,40,United-States,0.958883822602668,1
47,Private,187440,HS-grad,9,Married-civ-spouse,Craft-repair,Husband,White,Male,5178,0,40,United-States,0.9587322898197026,0
37,Private,188540,HS-grad,9,Married-civ-spouse,Exec-managerial,Husband,White,Male,0,1902,45,United-States,0.9584216371703944,0
31,Private,118710,Masters,14,Married-civ-spouse,Tech-support,Husband,White,Male,0,1902,40,United-States,0.958205359267273,0
44,Private,175669,11th,7,Married-civ-spouse,Prof-specialty,Wife,White,Female,5178,0,36,United-States,0.9581615473667736,0
36,Private,186035,11th,7,Married-civ-spouse,Craft-repair,Husband,White,Male,5178,0,40,United-States,0.9580816917370039,0
51,Federal-gov,282680,Doctorate,16,Never-married,Prof-specialty,Not-in-family,White,Female,0,1564,70,United-States,0.9580486671460517,1
37,Private,167735,Assoc-voc,11,Married-civ-spouse,Craft-repair,Husband,White,Male,0,1887,40,United-States,0.9580004610251434,0
41,Self-emp-inc,125831,HS-grad,9,Married-civ-spouse,Sales,Husband,White,Male,0,1887,55,United-States,0.9577143988476826,0
26,?,370727,Bachelors,13,Married-civ-spouse,?,Wife,White,Female,0,1977,40,United-States,0.9576064875948307,0
37,Private,187589,HS-grad,9,Married-civ-spouse,Handlers-cleaners,Husband,White,Male,5178,0,40,United-States,0.9574766537328645,0
50,Private,285200,Some-college,10,Married-civ-spouse,Craft-repair,Husband,White,Male,0,1887,35,United-States,0.95704574492304,0
39,Federal-gov,99146,Bachelors,13,Married-civ-spouse,Protective-serv,Husband,White,Male,0,1887,60,United-States,0.9569383191117589,0
55,Self-emp-inc,124137,Prof-school,15,Married-civ-spouse,Prof-specialty,Husband,White,Male,0,2415,35,Greece,0.9568678955756965,2
28,Federal-gov,163862,Bachelors,13,Married-civ-spouse,Exec-managerial,Husband,White,Male,5178,0,40,United-States,0.9567993322369226,0
26,Private,164488,Masters,14,Married-civ-spouse,Prof-specialty,Husband,White,Male,0,1887,40,United-States,0.9566827096113011,0
59,Private,231377,Some-college,10,Married-civ-spouse,Exec-managerial,Husband,White,Male,0,1848,45,United-States,0.9564856024734759,1
43,Local-gov,96102,Some-college,10,Married-civ-spouse,Protective-serv,Husband,White,Male,0,1887,40,United-States,0.9564831971574471,0
53,Private,304504,Some-college,10,Married-civ-spouse,Transport-moving,Husband,White,Male,0,1887,45,United-States,0.9559049743571841,0
55,State-gov,153451,HS-grad,9,Married-civ-spouse,Tech-support,Wife,White,Female,0,1887,40,United-States,0.9559033625693203,0
43,Private,339814,Some-college,10,Married-civ-spouse,Prof-specialty,Husband,White,Male,5178,0,40,United-States,0.9558600922502315,0
65,Self-emp-inc,66360,11th,7,Married-civ-spouse,Exec-managerial,Husband,White,Male,6418,0,35,United-States,0.955828808130455,1
59,Federal-gov,117299,HS-grad,9,Married-civ-spouse,Craft-repair,Husband,White,Male,0,1887,40,United-States,0.955733491405396,0
50,Local-gov,153064,HS-grad,9,Married-civ-spouse,Exec-managerial,Husband,White,Male,5178,0,40,United-States,0.9555314599303905,0
68,Private,211287,Masters,14,Married-civ-spouse,Exec-managerial,Husband,White,Male,0,2392,40,United-States,0.9552416353937373,0
53,Federal-gov,173093,Some-college,10,Married-civ-spouse,Exec-managerial,Wife,Asian-Pac-Islander,Female,0,1887,40,Philippines,0.9552249149381533,3
24,Private,243190,Assoc-acdm,12,Separated,Craft-repair,Unmarried,Asian-Pac-Islander,Male,8614,0,40,United-States,0.9551145110369316,2
41,Private,351161,HS-grad,9,Married-civ-spouse,Sales,Husband,White,Male,0,1848,45,United-States,0.954925577387801,1
26,Private,97153,Assoc-acdm,12,Married-civ-spouse,Machine-op-inspct,Husband,White,Male,5178,0,40,United-States,0.9548262161496658,0
32,Private,106014,Some-college,10,Married-civ-spouse,Sales,Husband,White,Male,5178,0,50,United-States,0.9547009581013307,0
41,Private,121718,Assoc-voc,11,Married-civ-spouse,Tech-support,Husband,White,Male,0,1848,48,United-States,0.9543644661029745,1
50,Private,184424,Some-college,10,Married-civ-spouse,Adm-clerical,Wife,White,Female,0,1902,38,United-States,0.9543063767673534,0
58,Private,34788,Some-college,10,Married-civ-spouse,Sales,Husband,White,Male,0,1887,40,United-States,0.9542234494652345,0
48,State-gov,118330,Bachelors,13,Married-civ-spouse,Exec-managerial,Husband,White,Male,5178,0,40,United-States,0.9539905252534749,0
31,Private,151053,Some-college,10,Married-civ-spouse,Transport-moving,Husband,White,Male,5178,0,40,United-States,0.9537521956288184,0
67,Self-emp-not-inc,431426,Assoc-acdm,12,Married-civ-spouse,Exec-managerial,Wife,White,Female,20051,0,4,United-States,0.9537368549486474,3
69,Private,182862,HS-grad,9,Never-married,Transport-moving,Not-in-family,White,Male,15831,0,40,United-States,0.9536731880955943,1
36,Private,175232,HS-grad,9,Married-civ-spouse,Craft-repair,Husband,White,Male,5178,0,40,United-States,0.9534325243300698,0
45,Private,261278,Bachelors,13,Married-civ-spouse,Prof-specialty,Wife,Asian-Pac-Islander,Female,5178,0,40,Philippines,0.953395350357211,1
31,Private,132996,HS-grad,9,Married-civ-spouse,Prof-specialty,Husband,White,Male,5178,0,45,United-States,0.9533458867243975,0
69,?,323016,Bachelors,13,Married-civ-spouse,?,Husband,White,Male,99999,0,40,United-States,0.9532458025495938,1
78,Self-emp-inc,385242,Bachelors,13,Married-civ-spouse,Exec-managerial,Husband,White,Male,9386,0,45,United-States,0.9531248960525093,0
44,Self-emp-not-inc,201742,Bachelors,13,Married-civ-spouse,Exec-managerial,Husband,White,Male,0,2415,50,United-States,0.9530985307607793,0
30,Private,159187,Bachelors,13,Married-civ-spouse,Prof-specialty,Husband,White,Male,0,1902,55,United-States,0.9530922482642614,0
45,Local-gov,199590,Some-college,10,Married-civ-spouse,Craft-repair,Husband,White,Male,0,1887,40,Mexico,0.9530115856808246,0
49,Private,102583,Some-college,10,Married-civ-spouse,Prof-specialty,Husband,White,Male,0,1848,44,United-States,0.9529727179354887,1
50,Private,150876,HS-grad,9,Married-civ-spouse,Exec-managerial,Husband,Black,Male,0,1887,55,United-States,0.9524684667261162,0
37,Private,109133,Assoc-acdm,12,Married-civ-spouse,Sales,Husband,White,Male,0,1977,45,United-States,0.9524279108411656,0
47,Private,239865,HS-grad,9,Married-civ-spouse,Craft-repair,Husband,White,Male,0,1977,45,United-States,0.9524090077859982,0
44,Private,112262,Bachelors,13,Married-civ-spouse,Tech-support,Husband,White,Male,5178,0,40,United-States,0.952387751119854,0
32,Private,107843,HS-grad,9,Married-civ-spouse,Machine-op-inspct,Husband,White,Male,5178,0,50,United-States,0.9522888669189811,0
36,Private,183892,HS-grad,9,Divorced,Transport-moving,Not-in-family,White,Male,8614,0,45,United-States,0.952272495453735,1
57,Private,317847,Masters,14,Divorced,Exec-managerial,Not-in-family,White,Male,0,2824,50,United-States,0.952087339230066,2
48,Private,194772,Assoc-acdm,12,Married-civ-spouse,Sales,Husband,White,Male,0,1902,40,United-States,0.9520367489595978,0
33,Private,141841,Bachelors,13,Married-civ-spouse,Exec-managerial,Husband,Black,Male,5178,0,40,United-States,0.9520184660979258,0
32,Private,231043,HS-grad,9,Married-civ-spouse,Craft-repair,Husband,White,Male,5178,0,48,United-States,0.9518125142565775,0
44,Private,74680,Some-college,10,Married-civ-spouse,Craft-repair,Husband,White,Male,5178,0,50,United-States,0.9518024414489253,0
46,Private,167515,Some-college,10,Married-civ-spouse,Prof-specialty,Husband,White,Male,0,1977,50,United-States,0.9514017607301042,0
33,Local-gov,182971,Some-college,10,Married-civ-spouse,Protective-serv,Husband,White,Male,0,1887,40,United-States,0.9513924288636246,0
40,Self-emp-not-inc,335549,Prof-school,15,Never-married,Prof-specialty,Not-in-family,White,Male,0,2444,45,United-States,0.9511226449781579,0
53,Self-emp-not-inc,105478,Bachelors,13,Married-civ-spouse,Exec-managerial,Husband,White,Male,0,2415,40,United-States,0.9510359352495028,0
38,Private,159179,Some-college,10,Married-civ-spouse,Exec-managerial,Husband,White,Male,0,1902,50,United-States,0.9508770717401419,0
34,Private,182274,Some-college,10,Married-civ-spouse,Exec-managerial,Wife,White,Female,0,1887,40,United-States,0.9507875451332632,0
26,Private,291968,Prof-school,15,Married-civ-spouse,Prof-specialty,Husband,White,Male,0,1977,40,United-States,0.9507860280094389,0
51,Private,197163,Prof-school,15,Never-married,Prof-specialty,Not-in-family,White,Female,0,2559,50,United-States,0.9507293280355154,2
31,Self-emp-not-inc,325355,Bachelors,13,Married-civ-spouse,Exec-managerial,Wife,White,Female,0,1902,40,United-States,0.9507083785091484,0
40,Federal-gov,298635,Masters,14,Married-civ-spouse,Tech-support,Husband,Asian-Pac-Islander,Male,0,1902,40,Philippines,0.9505995115194132,4
54,Private,167770,HS-grad,9,Married-civ-spouse,Exec-managerial,Husband,White,Male,0,1902,55,United-States,0.9503252412218791,0
37,Private,116358,HS-grad,9,Never-married,Craft-repair,Other-relative,Amer-Indian-Eskimo,Male,27828,0,48,United-States,0.950201398072418,2
47,Self-emp-not-inc,228660,Some-college,10,Married-civ-spouse,Craft-repair,Husband,White,Male,0,1977,40,United-States,0.9501349208264828,0
43,Private,336513,Some-college,10,Married-civ-spouse,Exec-managerial,Husband,White,Male,0,1902,40,United-States,0.9501146006750761,0
35,Self-emp-inc,186845,Bachelors,13,Married-civ-spouse,Sales,Own-child,White,Male,5178,0,50,United-States,0.9495086360582727,0
35,Private,401930,HS-grad,9,Married-civ-spouse,Adm-clerical,Wife,White,Female,0,1887,42,United-States,0.9492841704149267,0
46,Private,45363,Prof-school,15,Divorced,Prof-specialty,Not-in-family,White,Male,0,2824,40,United-States,0.9492787887085032,2
49,Private,142287,Some-college,10,Married-civ-spouse,Adm-clerical,Husband,White,Male,0,1902,50,United-States,0.9488584091239127,0
27,Private,311446,HS-grad,9,Married-civ-spouse,Adm-clerical,Wife,White,Female,5178,0,40,United-States,0.9487979580640907,0
37,Self-emp-inc,30529,Bachelors,13,Married-civ-spouse,Sales,Husband,White,Male,0,2415,50,United-States,0.9485793992809105,0
63,Private,346975,Bachelors,13,Married-civ-spouse,Prof-specialty,Wife,White,Female,7688,0,36,United-States,0.9482547181954281,0
42,Federal-gov,108183,Masters,14,Married-civ-spouse,Prof-specialty,Husband,Asian-Pac-Islander,Male,0,1902,40,South,0.9482375563108373,2
50,Private,138179,Assoc-acdm,12,Married-civ-spouse,Craft-repair,Husband,White,Male,0,1902,40,United-States,0.9482321719425851,0
65,?,115513,Bachelors,13,Married-civ-spouse,?,Husband,White,Male,5556,0,48,United-States,0.9482192886343728,1
40,Private,119101,Some-college,10,Married-civ-spouse,Craft-repair,Husband,White,Male,5178,0,40,United-States,0.9481529545444806,0
49,Private,101320,Assoc-acdm,12,Married-civ-spouse,Sales,Wife,White,Female,0,1902,40,United-States,0.9480751782754799,0
67,Private,197816,Some-college,10,Married-civ-spouse,Sales,Husband,White,Male,0,1844,70,United-States,0.9480279471590416,1
34,Private,277314,Assoc-acdm,12,Married-civ-spouse,Sales,Husband,Black,Male,0,1902,50,United-States,0.9479902956138534,0
57,Private,64960,Assoc-voc,11,Married-civ-spouse,Prof-specialty,Husband,White,Male,0,1902,45,United-States,0.9479884066195905,0
50,Self-emp-not-inc,371305,HS-grad,9,Married-civ-spouse,Sales,Husband,White,Male,0,1902,60,United-States,0.9477595044746299,0
50,Private,102615,HS-grad,9,Married-civ-spouse,Exec-managerial,Husband,White,Male,0,1902,40,United-States,0.9471882455245404,0
41,Private,122381,Some-college,10,Married-civ-spouse,Craft-repair,Husband,White,Male,0,1887,50,United-States,0.9471566360092153,0
58,Private,250206,10th,6,Married-civ-spouse,Craft-repair,Husband,White,Male,5178,0,40,United-States,0.946920957962789,0
61,Private,115023,Assoc-voc,11,Married-civ-spouse,Craft-repair,Husband,White,Male,0,1887,60,United-States,0.9468402882643973,0
29,Self-emp-not-inc,169544,HS-grad,9,Married-civ-spouse,Transport-moving,Husband,White,Male,5178,0,40,United-States,0.9468267838032777,0
62,Private,122246,Some-college,10,Never-married,Craft-repair,Not-in-family,White,Female,8614,0,39,United-States,0.946812628633836,1
30,Private,174789,Assoc-acdm,12,Married-civ-spouse,Exec-managerial,Husband,White,Male,0,1848,50,United-States,0.9467480309864316,1
32,Private,396745,Bachelors,13,Married-civ-spouse,Prof-specialty,Husband,White,Male,0,2415,48,United-States,0.9463707387063378,0
40,Private,153238,Bachelors,13,Married-civ-spouse,Exec-managerial,Husband,White,Male,0,1902,32,United-States,0.9462943900507834,0
31,Private,279015,Masters,14,Married-civ-spouse,Exec-managerial,Husband,White,Male,0,2415,70,Taiwan,0.9461903285591136,1
56,Self-emp-not-inc,48102,Some-college,10,Married-civ-spouse,Exec-managerial,Wife,White,Female,0,1977,50,United-States,0.9461722975885246,0
44,Self-emp-not-inc,179557,HS-grad,9,Married-civ-spouse,Exec-managerial,Husband,White,Male,0,1977,45,United-States,0.9458291034060551,0
48,State-gov,31141,Some-college,10,Married-civ-spouse,Protective-serv,Husband,White,Male,0,1902,40,United-States,0.9457902092635943,0
70,Self-emp-not-inc,37203,Masters,14,Married-civ-spouse,Prof-specialty,Husband,White,Male,9386,0,30,United-States,0.9454690800565108,0
62,Self-emp-inc,118725,HS-grad,9,Married-civ-spouse,Exec-managerial,Husband,Black,Male,20051,0,72,United-States,0.9452724623099344,1
50,?,204577,Bachelors,13,Married-civ-spouse,?,Husband,Black,Male,0,1902,60,United-States,0.9451289127322542,0
42,Local-gov,174575,Bachelors,13,Married-civ-spouse,Prof-specialty,Husband,White,Male,5178,0,40,United-States,0.9449678455125914,0
31,Self-emp-not-inc,348038,Bachelors,13,Married-civ-spouse,Prof-specialty,Husband,White,Male,0,1902,50,Puerto-Rico,0.94486186892578,0
42,Self-emp-not-inc,157562,Bachelors,13,Married-civ-spouse,Farming-fishing,Husband,White,Male,0,1902,80,United-States,0.9447332750090087,1
50,Self-emp-not-inc,312477,HS-grad,9,Married-civ-spouse,Exec-managerial,Husband,White,Male,0,1887,40,United-States,0.9444533640065436,0
45,Private,26522,Some-college,10,Married-civ-spouse,Adm-clerical,Wife,White,Female,0,1902,35,United-States,0.9442281769579635,0
37,Private,22463,Assoc-voc,11,Married-civ-spouse,Craft-repair,Husband,White,Male,0,1977,40,United-States,0.9441062489238774,0
68,Self-emp-not-inc,133736,Some-college,10,Married-civ-spouse,Sales,Husband,White,Male,20051,0,40,United-States,0.9440797130277904,1
25,Private,203871,Assoc-voc,11,Married-civ-spouse,Prof-specialty,Wife,White,Female,0,1887,40,United-States,0.9438683873205312,0
46,State-gov,119904,Prof-school,15,Never-married,Prof-specialty,Not-in-family,White,Female,0,1564,55,United-States,0.9435775036469529,0
45,Private,120131,Some-college,10,Married-civ-spouse,Craft-repair,Husband,White,Male,0,1887,40,United-States,0.9433993472405666,0
56,Self-emp-inc,208809,HS-grad,9,Married-civ-spouse,Sales,Husband,White,Male,0,1902,40,United-States,0.9432444712177877,0
41,Private,194360,HS-grad,9,Married-civ-spouse,Craft-repair,Husband,White,Male,0,1887,40,United-States,0.9429985827232525,0
42,Private,213821,HS-grad,9,Married-civ-spouse,Craft-repair,Husband,White,Male,0,1887,40,United-States,0.9429985827232525,0
90,Local-gov,227796,Masters,14,Married-civ-spouse,Exec-managerial,Husband,White,Male,20051,0,60,United-States,0.9428346122224854,1
44,Private,277647,HS-grad,9,Married-civ-spouse,Sales,Husband,White,Male,0,1902,40,United-States,0.942674313178626,0
39,Federal-gov,30916,Some-college,10,Married-civ-spouse,Exec-managerial,Husband,White,Male,0,1902,50,United-States,0.9426519111058749,0
51,Federal-gov,97934,Bachelors,13,Married-civ-spouse,Farming-fishing,Husband,White,Male,5178,0,40,United-States,0.9426452811115897,0
42,Local-gov,97688,Some-college,10,Married-civ-spouse,Craft-repair,Husband,White,Male,5178,0,40,United-States,0.9426081945560086,0
37,Local-gov,365430,Some-college,10,Married-civ-spouse,Craft-repair,Husband,White,Male,5178,0,40,United-States,0.9424765868956032,0
62,Self-emp-not-inc,82388,HS-grad,9,Married-civ-spouse,Craft-repair,Husband,White,Male,10566,0,40,United-States,0.9423708639040683,0
56,Private,189975,Some-college,10,Married-civ-spouse,Craft-repair,Husband,White,Male,0,1902,60,United-States,0.9421560351610211,0
54,Private,135388,HS-grad,9,Married-civ-spouse,Craft-repair,Husband,White,Male,5178,0,40,United-States,0.9421274421887323,0
52,Private,210736,Some-college,10,Married-civ-spouse,Exec-managerial,Husband,White,Male,3103,0,55,United-States,0.9419502080470793,0
28,Private,114158,Bachelors,13,Married-civ-spouse,Prof-specialty,Wife,White,Female,0,1977,24,United-States,0.9419009890298919,0
43,Private,254146,Some-college,10,Married-civ-spouse,Craft-repair,Husband,White,Male,0,1902,40,United-States,0.9417699212668449,0
42,Self-emp-inc,188738,HS-grad,9,Married-civ-spouse,Exec-managerial,Husband,White,Male,0,1977,60,Italy,0.9417608609858291,0
71,?,35303,Bachelors,13,Married-civ-spouse,?,Husband,White,Male,9386,0,30,United-States,0.9414620055271159,0
41,Private,149909,HS-grad,9,Married-civ-spouse,Craft-repair,Husband,White,Male,0,1848,40,United-States,0.9414321091718567,1
45,Private,102771,HS-grad,9,Married-civ-spouse,Craft-repair,Husband,White,Male,0,1887,40,United-States,0.9413494567247012,0
55,Local-gov,143949,Masters,14,Married-civ-spouse,Prof-specialty,Wife,White,Female,3103,0,45,United-States,0.9410050331775968,0
65,Private,350498,Bachelors,13,Married-civ-spouse,Adm-clerical,Husband,White,Male,10605,0,20,United-States,0.9409880017704418,0
46,Private,192963,Bachelors,13,Married-civ-spouse,Adm-clerical,Husband,Asian-Pac-Islander,Male,0,2415,35,Philippines,0.9405861918871977,1
35,Private,46385,HS-grad,9,Married-civ-spouse,Transport-moving,Husband,White,Male,5178,0,90,United-States,0.9403569909210115,0
58,Private,100313,Some-college,10,Married-civ-spouse,Protective-serv,Husband,White,Male,0,1902,40,United-States,0.9401356676435744,0
67,Private,397831,Some-college,10,Married-civ-spouse,Exec-managerial,Husband,White,Male,0,1539,40,United-States,0.9398822914799344,1
26,Private,247455,Bachelors,13,Married-civ-spouse,Sales,Wife,White,Female,5178,0,42,United-States,0.9393717424863954,0
64,?,159938,HS-grad,9,Divorced,?,Not-in-family,White,Male,8614,0,40,United-States,0.9393076130440206,1
72,Self-emp-not-inc,52138,Doctorate,16,Married-civ-spouse,Prof-specialty,Husband,White,Male,0,2392,25,United-States,0.9391573939274661,2
46,Self-emp-not-inc,102308,Bachelors,13,Married-civ-spouse,Sales,Husband,White,Male,0,2415,40,United-States,0.939137166038516,0
37,Self-emp-not-inc,137527,Doctorate,16,Never-married,Prof-specialty,Not-in-family,White,Female,0,2559,60,United-States,0.9391216610387663,2
36,Private,226013,HS-grad,9,Married-civ-spouse,Machine-op-inspct,Husband,Black,Male,5178,0,40,United-States,0.9390372024984912,0
74,Private,188709,Prof-school,15,Married-civ-spouse,Prof-specialty,Husband,White,Male,99999,0,50,United-States,0.9390351971521389,1
41,Private,529216,Bachelors,13,Divorced,Tech-support,Unmarried,Black,Male,7430,0,45,?,0.9388368689130147,4
43,Local-gov,105862,Some-college,10,Married-civ-spouse,Adm-clerical,Wife,White,Female,0,1902,40,United-States,0.9387321914402781,0
52,Private,168553,HS-grad,9,Married-civ-spouse,Craft-repair,Husband,White,Male,0,1977,40,United-States,0.9386671275303473,0
40,Private,119101,Some-college,10,Married-civ-spouse,Craft-repair,Husband,White,Male,0,1887,68,United-States,0.938619044533883,1
46,Private,423222,Some-college,10,Married-civ-spouse,Craft-repair,Husband,White,Male,3103,0,60,United-States,0.9385452263476073,0
32,Private,175856,Bachelors,13,Married-civ-spouse,Tech-support,Husband,White,Male,0,1902,40,United-States,0.9376606593612925,0
40,Private,220977,Doctorate,16,Married-civ-spouse,Exec-managerial,Husband,Asian-Pac-Islander,Male,3103,0,40,India,0.9376002365975875,1
31,?,85077,Bachelors,13,Married-civ-spouse,?,Wife,White,Female,0,1902,20,United-States,0.9368037256134427,1
39,Private,248011,Assoc-voc,11,Married-civ-spouse,Machine-op-inspct,Husband,White,Male,5178,0,40,United-States,0.9367478732175548,0
38,Self-emp-not-inc,164526,Prof-school,15,Never-married,Prof-specialty,Not-in-family,White,Male,0,2824,45,United-States,0.9361715407148826,2
73,Private,336007,Bachelors,13,Married-civ-spouse,Prof-specialty,Husband,White,Male,0,2246,40,United-States,0.9355829564852035,0
51,Federal-gov,73670,Doctorate,16,Married-civ-spouse,Prof-specialty,Husband,White,Male,4386,0,52,United-States,0.9354124622933262,0
58,Private,275859,HS-grad,9,Widowed,Craft-repair,Unmarried,White,Male,8614,0,52,Mexico,0.9352502734611142,1
28,Private,141957,Assoc-acdm,12,Married-civ-spouse,Tech-support,Husband,White,Male,0,1887,70,United-States,0.9352074419357933,1
48,Local-gov,31264,Some-college,10,Married-civ-spouse,Exec-managerial,Wife,White,Female,5178,0,40,United-States,0.9351411750881533,0
36,Private,334291,Some-college,10,Married-civ-spouse,Craft-repair,Husband,White,Male,0,1887,40,United-States,0.9351096398468052,0
32,Private,194740,Bachelors,13,Married-civ-spouse,Sales,Husband,White,Male,0,1902,40,United-States,0.9344202208046489,0
30,Private,167309,Bachelors,13,Married-civ-spouse,Adm-clerical,Husband,White,Male,0,1902,40,United-States,0.9344202208046489,0
38,Private,111499,HS-grad,9,Married-civ-spouse,Sales,Husband,White,Male,0,1977,99,United-States,0.934232018168381,1
39,Self-emp-inc,135500,HS-grad,9,Married-civ-spouse,Exec-managerial,Husband,White,Male,0,1977,40,United-States,0.9342248777687128,0
55,Private,408537,9th,5,Divorced,Craft-repair,Unmarried,White,Female,99999,0,37,United-States,0.9342091274338107,1
61,Self-emp-inc,139391,Some-college,10,Married-civ-spouse,Sales,Husband,White,Male,0,1902,35,United-States,0.9342025030743375,0
32,Private,29933,HS-grad,9,Married-civ-spouse,Machine-op-inspct,Husband,White,Male,5178,0,40,United-States,0.9337971352747305,0
47,Self-emp-not-inc,33300,Assoc-acdm,12,Never-married,Farming-fishing,Other-relative,White,Male,10520,0,45,United-States,0.9336172397460561,0
23,State-gov,287988,Bachelors,13,Never-married,Prof-specialty,Not-in-family,White,Male,10520,0,40,United-States,0.9335444523319406,0
53,Federal-gov,271544,HS-grad,9,Married-civ-spouse,Adm-clerical,Husband,Black,Male,0,1977,40,United-States,0.9335167841185469,0
44,Private,186916,Some-college,10,Married-civ-spouse,Transport-moving,Husband,White,Male,0,1887,60,United-States,0.9334739303145216,0
47,Private,168232,HS-grad,9,Married-civ-spouse,Transport-moving,Husband,White,Male,0,1887,45,United-States,0.9324424901760132,0
47,?,109832,HS-grad,9,Married-civ-spouse,?,Husband,White,Male,5178,0,30,Canada,0.9324287077672706,0
49,State-gov,185800,Masters,14,Divorced,Prof-specialty,Unmarried,Black,Female,7430,0,40,United-States,0.9321633455204409,1
30,Private,315640,Doctorate,16,Married-civ-spouse,Prof-specialty,Husband,Asian-Pac-Islander,Male,0,1977,40,China,0.9320170122810769,3
44,Private,326232,Bachelors,13,Divorced,Exec-managerial,Unmarried,White,Male,0,2547,50,United-States,0.9320132334805383,1
66,Private,146454,Some-college,10,Married-civ-spouse,Sales,Husband,White,Male,5556,0,40,United-States,0.9319341784156902,1
43,Private,196545,Bachelors,13,Married-civ-spouse,Machine-op-inspct,Husband,White,Male,0,1902,40,United-States,0.9312485315118201,0
65,Private,344152,Masters,14,Married-civ-spouse,Prof-specialty,Husband,White,Male,5556,0,50,United-States,0.9312024495383325,1
29,Local-gov,190525,Bachelors,13,Married-civ-spouse,Prof-specialty,Husband,White,Male,0,1848,60,Germany,0.9310058106583725,1
37,Private,298539,HS-grad,9,Married-civ-spouse,Exec-managerial,Husband,White,Male,0,1902,55,United-States,0.9302134473783253,0
29,Private,228860,Some-college,10,Married-civ-spouse,Exec-managerial,Husband,White,Male,0,1887,50,United-States,0.9299614926495751,0
59,Self-emp-not-inc,325732,HS-grad,9,Married-civ-spouse,Exec-managerial,Husband,White,Male,0,1902,52,United-States,0.9299262759310842,0
78,Self-emp-inc,188044,Bachelors,13,Married-civ-spouse,Exec-managerial,Husband,White,Male,0,2392,40,United-States,0.9297884039377821,0
36,Private,180667,HS-grad,9,Married-civ-spouse,Craft-repair,Husband,White,Male,0,1887,60,United-States,0.9297748596791637,0
48,Self-emp-not-inc,353012,HS-grad,9,Married-civ-spouse,Craft-repair,Husband,White,Male,0,1902,40,United-States,0.9290033747781204,0
41,Self-emp-not-inc,111772,Assoc-acdm,12,Married-civ-spouse,Craft-repair,Husband,White,Male,0,1887,40,United-States,0.9289176747040051,0
34,Private,242984,HS-grad,9,Married-civ-spouse,Exec-managerial,Husband,White,Male,0,1887,45,United-States,0.9288296251164411,0
66,State-gov,132055,HS-grad,9,Married-civ-spouse,Exec-managerial,Husband,White,Male,0,1825,40,United-States,0.9285673515535017,1
43,Private,112181,Assoc-voc,11,Married-civ-spouse,Tech-support,Wife,White,Female,0,1902,32,United-States,0.9284069549404846,0
46,Private,377401,HS-grad,9,Married-civ-spouse,Transport-moving,Husband,White,Male,0,1902,70,Canada,0.9282510996757045,1
40,Private,187802,Some-college,10,Married-civ-spouse,Handlers-cleaners,Husband,White,Male,0,1887,40,United-States,0.9280052651438608,0
60,Federal-gov,165630,HS-grad,9,Married-civ-spouse,Tech-support,Husband,White,Male,0,1977,40,United-States,0.9276056278146161,0
63,Self-emp-not-inc,35021,Bachelors,13,Married-civ-spouse,Prof-specialty,Husband,Asian-Pac-Islander,Male,0,1977,32,China,0.9275986650519651,2
40,Private,146908,HS-grad,9,Married-civ-spouse,Prof-specialty,Husband,White,Male,0,1902,40,United-States,0.9273923863438869,0
57,Private,169329,HS-grad,9,Married-civ-spouse,Tech-support,Husband,Black,Male,0,1887,40,Trinadad&Tobago,0.9267192432477983,1
53,Private,53197,Masters,14,Married-civ-spouse,Prof-specialty,Husband,White,Male,3103,0,40,United-States,0.9266590945761022,0
55,Self-emp-inc,183869,Prof-school,15,Married-civ-spouse,Exec-managerial,Husband,White,Male,0,0,50,?,0.9266491402738042,0
41,Private,77373,Some-college,10,Married-civ-spouse,Transport-moving,Husband,White,Male,0,1848,65,United-States,0.926541333949715,1
58,Private,225394,HS-grad,9,Married-civ-spouse,Craft-repair,Husband,White,Male,0,1902,40,United-States,0.9264188185424422,0
51,Private,110747,HS-grad,9,Married-civ-spouse,Craft-repair,Husband,White,Male,0,1887,40,United-States,0.9262193088507719,0
69,Self-emp-not-inc,204645,Some-college,10,Married-civ-spouse,Craft-repair,Husband,White,Male,9386,0,72,United-States,0.9262047665734326,0
45,Private,54744,Some-college,10,Married-civ-spouse,Craft-repair,Husband,White,Male,0,1848,40,United-States,0.9261735450830618,1
44,Private,68729,Some-college,10,Married-civ-spouse,Sales,Husband,Asian-Pac-Islander,Male,0,1902,40,United-States,0.9259751751235241,1
52,Private,144361,Assoc-voc,11,Married-civ-spouse,Craft-repair,Husband,White,Male,0,1902,40,United-States,0.9257556142763164,0
56,Self-emp-not-inc,162130,5th-6th,3,Married-civ-spouse,Exec-managerial,Husband,White,Male,0,1887,67,United-States,0.9255671557939541,1
28,Private,51461,Bachelors,13,Married-civ-spouse,Adm-clerical,Husband,White,Male,0,1887,40,United-States,0.9252003322235747,0
36,Private,99146,Some-college,10,Married-civ-spouse,Machine-op-inspct,Husband,White,Male,0,1887,40,United-States,0.9250415124617267,0
68,State-gov,202699,Masters,14,Married-civ-spouse,Prof-specialty,Husband,White,Male,0,2377,42,?,0.9247271148575397,1
33,Private,191335,Assoc-acdm,12,Married-civ-spouse,Craft-repair,Husband,White,Male,0,1902,50,United-States,0.9243997903173821,0
37,Self-emp-not-inc,241463,HS-grad,9,Married-civ-spouse,Exec-managerial,Husband,White,Male,0,1848,65,United-States,0.9243885988278847,1
73,Private,148003,Some-college,10,Married-civ-spouse,Adm-clerical,Wife,White,Female,20051,0,36,United-States,0.9242620124987792,1
61,Self-emp-not-inc,215591,HS-grad,9,Married-civ-spouse,Exec-managerial,Husband,White,Male,0,1887,40,United-States,0.9240735128635797,0
39,Private,141584,Masters,14,Never-married,Sales,Not-in-family,White,Male,0,2444,45,United-States,0.9235265507510505,0
61,Local-gov,95450,Bachelors,13,Married-civ-spouse,Exec-managerial,Husband,White,Male,5178,0,50,United-States,0.9233737189965051,0
54,Private,163671,HS-grad,9,Married-civ-spouse,Transport-moving,Husband,White,Male,0,1887,65,United-States,0.9233408411032822,0
32,Private,207668,Bachelors,13,Never-married,Exec-managerial,Other-relative,White,Male,0,2444,50,United-States,0.9231863910674132,0
39,Self-emp-inc,336226,HS-grad,9,Married-civ-spouse,Exec-managerial,Husband,White,Male,3103,0,60,United-States,0.9231393573723258,0
57,Private,20953,Some-college,10,Married-civ-spouse,Sales,Husband,White,Male,0,1902,40,United-States,0.9230399226232073,0
46,Private,54985,HS-grad,9,Married-civ-spouse,Machine-op-inspct,Husband,White,Male,0,1887,40,United-States,0.9228866614600711,0
51,Self-emp-not-inc,160724,Bachelors,13,Married-civ-spouse,Sales,Husband,Asian-Pac-Islander,Male,0,2415,40,China,0.9227998188823393,1
43,Private,174575,Bachelors,13,Divorced,Exec-managerial,Not-in-family,White,Male,0,1564,45,United-States,0.9223970741603189,0
37,Private,193855,HS-grad,9,Married-civ-spouse,Craft-repair,Husband,White,Male,0,1902,50,United-States,0.922194692841054,0
34,Private,175856,Bachelors,13,Married-civ-spouse,Exec-managerial,Husband,White,Male,3103,0,55,United-States,0.9214836148053728,0
72,?,33608,Some-college,10,Married-civ-spouse,?,Husband,White,Male,9386,0,30,United-States,0.9213497179194884,0
25,Private,161027,Bachelors,13,Married-civ-spouse,Tech-support,Husband,White,Male,5178,0,40,United-States,0.9207488732869342,0
40,Self-emp-not-inc,26892,Bachelors,13,Married-AF-spouse,Prof-specialty,Husband,White,Male,7298,0,50,United-States,0.9204549050891067,1
46,Private,102318,Some-college,10,Married-civ-spouse,Transport-moving,Husband,White,Male,0,1887,40,United-States,0.9202515384174172,0
41,Federal-gov,219155,Prof-school,15,Married-civ-spouse,Prof-specialty,Husband,White,Male,0,0,50,India,0.9201469144820885,0
57,Private,173796,HS-grad,9,Married-civ-spouse,Transport-moving,Husband,White,Male,0,1887,40,United-States,0.9201056895504334,0
90,Private,87372,Prof-school,15,Married-civ-spouse,Prof-specialty,Husband,White,Male,20051,0,72,United-States,0.9200836615101419,2
67,Self-emp-inc,73559,HS-grad,9,Married-civ-spouse,Exec-managerial,Husband,White,Male,9386,0,50,United-States,0.9200189562377837,0
45,Private,47314,Some-college,10,Married-civ-spouse,Craft-repair,Husband,White,Male,0,1902,40,?,0.9199745804100034,0
30,Private,114912,Bachelors,13,Married-civ-spouse,Exec-managerial,Husband,White,Male,3103,0,60,United-States,0.9197673946609439,0
57,Private,298507,Bachelors,13,Married-civ-spouse,Prof-specialty,Husband,White,Male,3103,0,40,United-States,0.919124384552844,0
61,Private,159822,7th-8th,4,Married-civ-spouse,Craft-repair,Husband,White,Male,7688,0,40,Poland,0.919027841435962,0
37,Self-emp-inc,39089,Some-college,10,Married-civ-spouse,Exec-managerial,Husband,White,Male,3103,0,50,United-States,0.9187613133653394,0
83,Self-emp-inc,153183,Bachelors,13,Married-civ-spouse,Exec-managerial,Husband,White,Male,0,2392,55,United-States,0.918642410865005,1
25,Local-gov,90730,Bachelors,13,Married-civ-spouse,Prof-specialty,Husband,White,Male,0,1977,40,United-States,0.9173508083213592,0
31,Private,123397,HS-grad,9,Married-civ-spouse,Transport-moving,Wife,White,Female,5178,0,35,United-States,0.9173459201521066,0
34,State-gov,318982,Masters,14,Married-civ-spouse,Machine-op-inspct,Husband,White,Male,0,1848,40,United-States,0.9171271026930846,1
30,Self-emp-inc,127651,HS-grad,9,Married-civ-spouse,Craft-repair,Husband,White,Male,0,1887,48,United-States,0.9168402522645503,0
58,Federal-gov,244830,Bachelors,13,Separated,Prof-specialty,Not-in-family,White,Male,4787,0,40,United-States,0.9168048691859169,0
43,Federal-gov,325706,Prof-school,15,Married-civ-spouse,Prof-specialty,Husband,Asian-Pac-Islander,Male,0,0,50,India,0.9162992417254725,2
33,Private,169879,Bachelors,13,Married-civ-spouse,Prof-specialty,Husband,White,Male,3103,0,47,United-States,0.9161294955216664,0
43,Private,115323,Bachelors,13,Married-civ-spouse,Exec-managerial,Husband,White,Male,3103,0,40,United-States,0.9157117071714512,0
68,State-gov,235882,Doctorate,16,Married-civ-spouse,Prof-specialty,Husband,White,Male,0,2377,60,United-States,0.9151324679792133,2
39,Private,280570,Bachelors,13,Married-civ-spouse,Exec-managerial,Husband,White,Male,3103,0,50,United-States,0.9149211174087737,0
43,Private,99212,Assoc-voc,11,Married-civ-spouse,Exec-managerial,Husband,White,Male,3103,0,48,United-States,0.9141687232323257,0
45,Self-emp-inc,311231,Prof-school,15,Married-civ-spouse,Prof-specialty,Husband,White,Male,0,1485,50,United-States,0.9138670896354923,0
41,Private,174575,HS-grad,9,Married-civ-spouse,Transport-moving,Husband,White,Male,0,1887,45,United-States,0.9137716767169165,0
50,Self-emp-inc,201689,7th-8th,4,Married-civ-spouse,Craft-repair,Husband,White,Male,0,1977,63,?,0.9134327471337791,0
65,Private,193216,HS-grad,9,Married-civ-spouse,Sales,Husband,White,Male,9386,0,40,United-States,0.9130241295805024,0
63,Private,118798,HS-grad,9,Married-civ-spouse,Craft-repair,Husband,White,Male,99999,0,40,United-States,0.9122049496567594,1
36,Private,531055,HS-grad,9,Married-civ-spouse,Craft-repair,Husband,White,Male,0,1902,48,United-States,0.9119835118883719,0
66,Self-emp-inc,249043,Bachelors,13,Married-civ-spouse,Sales,Husband,White,Male,5556,0,26,United-States,0.9118631186707284,1
62,?,160155,7th-8th,4,Married-civ-spouse,?,Husband,White,Male,6418,0,40,United-States,0.9118005416786773,1
54,Private,308087,Some-college,10,Married-civ-spouse,Tech-support,Husband,White,Male,0,1977,18,United-States,0.9113215561870015,1
34,Private,160261,HS-grad,9,Never-married,Tech-support,Own-child,Asian-Pac-Islander,Male,14084,0,35,China,0.9112452108673512,2
32,Self-emp-not-inc,410615,HS-grad,9,Married-civ-spouse,Transport-moving,Husband,White,Male,0,1887,60,United-States,0.9112044191593626,0
45,Private,179659,Bachelors,13,Married-civ-spouse,Craft-repair,Husband,White,Male,3103,0,40,United-States,0.9111440403983362,0
37,Private,204277,HS-grad,9,Married-civ-spouse,Machine-op-inspct,Husband,White,Male,0,1848,48,United-States,0.9110448017985643,1
63,Private,137843,Some-college,10,Married-civ-spouse,Sales,Husband,White,Male,7298,0,48,United-States,0.9106517138722579,0
32,Private,185027,Assoc-acdm,12,Married-civ-spouse,Craft-repair,Husband,White,Male,0,1887,40,Ireland,0.9096955304348291,0
31,Private,263561,Bachelors,13,Married-civ-spouse,Exec-managerial,Husband,White,Male,0,2246,45,United-States,0.9095966279951055,0
42,Private,344624,HS-grad,9,Married-civ-spouse,Transport-moving,Husband,White,Male,0,1902,50,United-States,0.9093615445283423,0
70,Self-emp-inc,207938,Bachelors,13,Married-civ-spouse,Exec-managerial,Husband,White,Male,0,2377,50,United-States,0.9093587776487256,0
27,Private,210498,HS-grad,9,Married-civ-spouse,Craft-repair,Husband,White,Male,5178,0,40,United-States,0.9091819895959696,0
50,Private,158294,Assoc-voc,11,Married-civ-spouse,Tech-support,Husband,White,Male,3103,0,40,United-States,0.9090388821457964,0
45,Private,168262,HS-grad,9,Married-civ-spouse,Machine-op-inspct,Husband,White,Male,0,1887,40,United-States,0.90848602743121,0
41,Private,287306,HS-grad,9,Married-civ-spouse,Prof-specialty,Husband,White,Male,0,1902,40,United-States,0.9081591703229402,0
25,Private,120238,11th,7,Married-civ-spouse,Transport-moving,Husband,White,Male,5178,0,40,Poland,0.9079291020403323,0
43,Private,358199,Some-college,10,Married-civ-spouse,Sales,Husband,White,Male,3103,0,40,United-States,0.907884487966072,0
29,Private,250967,Assoc-voc,11,Married-civ-spouse,Machine-op-inspct,Husband,White,Male,0,1887,48,United-States,0.9077931835127222,0
54,Private,93605,HS-grad,9,Married-civ-spouse,Sales,Husband,White,Male,0,1848,40,United-States,0.9075046884755469,1
35,Private,267866,HS-grad,9,Married-civ-spouse,Sales,Husband,Asian-Pac-Islander,Male,0,1887,50,Iran,0.9074558570283038,1
61,Self-emp-inc,61040,Some-college,10,Married-civ-spouse,Sales,Husband,White,Male,7688,0,36,United-States,0.9070979627431922,0
24,?,151153,Some-college,10,Never-married,?,Not-in-family,Asian-Pac-Islander,Male,99999,0,50,South,0.9068820083436214,2
65,State-gov,209280,Masters,14,Married-civ-spouse,Prof-specialty,Husband,White,Male,6514,0,35,United-States,0.9066784638266292,1
52,Private,229983,Prof-school,15,Married-civ-spouse,Prof-specialty,Wife,White,Female,3103,0,30,United-States,0.9066420254098146,0
62,Private,121319,Bachelors,13,Married-civ-spouse,Prof-specialty,Husband,White,Male,3103,0,40,United-States,0.906385519280389,0
33,Private,133503,HS-grad,9,Married-civ-spouse,Sales,Husband,White,Male,0,1977,45,United-States,0.9062858176556675,0
30,Self-emp-not-inc,146161,HS-grad,9,Married-civ-spouse,Exec-managerial,Husband,White,Male,0,1887,50,United-States,0.9060873077757149,0
47,Private,33710,Bachelors,13,Married-civ-spouse,Exec-managerial,Husband,White,Male,3103,0,60,United-States,0.9058933507086177,0
50,Self-emp-inc,321822,Prof-school,15,Married-civ-spouse,Prof-specialty,Husband,White,Male,0,0,75,United-States,0.9056449751653982,0
34,Private,155343,HS-grad,9,Married-civ-spouse,Craft-repair,Husband,White,Male,0,1848,50,United-States,0.9054572933700936,1
35,Federal-gov,105138,Prof-school,15,Married-civ-spouse,Prof-specialty,Husband,White,Male,0,0,55,United-States,0.9052973348571492,0
61,Private,81132,5th-6th,3,Married-civ-spouse,Handlers-cleaners,Husband,Asian-Pac-Islander,Male,7298,0,40,Philippines,0.9052148064713282,4
55,Private,193130,HS-grad,9,Married-civ-spouse,Handlers-cleaners,Husband,White,Male,0,1887,40,United-States,0.9051142397393322,0
55,Local-gov,176046,Masters,14,Married-civ-spouse,Prof-specialty,Wife,White,Female,0,2267,40,United-States,0.9048046602227674,0
39,Federal-gov,175232,Some-college,10,Married-civ-spouse,Handlers-cleaners,Husband,White,Male,0,1977,60,United-States,0.9043492746663419,0
34,Private,55717,HS-grad,9,Married-civ-spouse,Craft-repair,Husband,White,Male,0,1848,50,United-States,0.903724867133886,1
54,Private,86837,HS-grad,9,Married-civ-spouse,Craft-repair,Husband,Asian-Pac-Islander,Male,0,1902,40,United-States,0.9032866934431625,1
38,Private,76878,11th,7,Married-civ-spouse,Craft-repair,Husband,White,Male,5178,0,40,United-States,0.9031101712809674,0
63,Federal-gov,97855,Masters,14,Married-civ-spouse,Exec-managerial,Husband,White,Male,0,0,50,United-States,0.9025392347816054,0
57,Private,211804,Bachelors,13,Married-civ-spouse,Prof-specialty,Husband,White,Male,3103,0,50,United-States,0.9024236522312167,0
33,Self-emp-inc,239018,Doctorate,16,Married-civ-spouse,Prof-specialty,Husband,White,Male,0,0,60,United-States,0.90220731642507,0
59,Self-emp-inc,253062,Prof-school,15,Married-civ-spouse,Prof-specialty,Husband,White,Male,0,0,55,United-States,0.9013005010337104,0
41,Self-emp-inc,151089,Some-college,10,Married-civ-spouse,Exec-managerial,Husband,White,Male,0,2415,55,United-States,0.9007282301726227,0
44,Self-emp-not-inc,124692,HS-grad,9,Married-civ-spouse,Prof-specialty,Husband,White,Male,0,1902,40,United-States,0.8999715032923318,0
38,Federal-gov,325538,Prof-school,15,Married-civ-spouse,Prof-specialty,Husband,White,Male,0,0,50,United-States,0.8992464916559897,0
47,Local-gov,162187,Some-college,10,Married-civ-spouse,Transport-moving,Husband,White,Male,0,1887,40,United-States,0.8989839491585377,0
37,Self-emp-not-inc,162834,HS-grad,9,Married-civ-spouse,Sales,Husband,White,Male,0,1902,45,United-States,0.8989289153658342,0
46,Self-emp-inc,120902,Bachelors,13,Married-civ-spouse,Exec-managerial,Husband,White,Male,3103,0,37,United-States,0.8984346871385399,0
27,Private,31659,Bachelors,13,Married-civ-spouse,Machine-op-inspct,Husband,White,Male,0,1887,60,United-States,0.8982077357401886,0
44,Federal-gov,344060,Prof-school,15,Married-civ-spouse,Prof-specialty,Husband,White,Male,0,0,40,United-States,0.8981966394533971,0
52,Private,99307,Assoc-acdm,12,Married-civ-spouse,Sales,Husband,White,Male,3103,0,48,United-States,0.8976283494943909,0
40,Self-emp-inc,344060,Prof-school,15,Married-civ-spouse,Prof-specialty,Husband,White,Male,0,0,50,United-States,0.8975978524944576,0
54,Private,421561,Masters,14,Married-civ-spouse,Exec-managerial,Husband,White,Male,0,0,45,United-States,0.8975365710602524,0
48,Self-emp-inc,382242,Doctorate,16,Married-civ-spouse,Exec-managerial,Wife,White,Female,0,0,40,United-States,0.896883604739933,0
59,Private,168569,HS-grad,9,Married-civ-spouse,Machine-op-inspct,Husband,White,Male,0,1887,40,United-States,0.8965476806651033,0
46,Self-emp-inc,214627,Doctorate,16,Married-civ-spouse,Prof-specialty,Husband,White,Male,0,0,60,United-States,0.8963601664878046,0
72,Self-emp-not-inc,285408,Prof-school,15,Married-civ-spouse,Prof-specialty,Husband,White,Male,0,2246,28,United-States,0.8957922259588644,0
47,Federal-gov,102771,Doctorate,16,Married-civ-spouse,Prof-specialty,Husband,White,Male,0,0,40,United-States,0.895777962879713,0
62,Private,218009,HS-grad,9,Married-civ-spouse,Transport-moving,Husband,White,Male,0,1977,60,United-States,0.8956541004353987,0
43,Private,266324,HS-grad,9,Married-civ-spouse,Craft-repair,Husband,White,Male,0,1902,99,United-States,0.895551613484577,1
51,Private,142717,Doctorate,16,Divorced,Craft-repair,Not-in-family,White,Female,4787,0,60,United-States,0.8952683184649949,0
56,Self-emp-not-inc,335605,HS-grad,9,Married-civ-spouse,Other-service,Husband,White,Male,0,1887,50,Canada,0.8946968251359729,0
54,Private,169719,Bachelors,13,Married-civ-spouse,Sales,Husband,White,Male,3103,0,40,United-States,0.894170285153325,0
36,Private,183612,HS-grad,9,Married-civ-spouse,Prof-specialty,Husband,White,Male,0,1977,40,United-States,0.8936248864134625,0
46,Local-gov,36228,HS-grad,9,Married-civ-spouse,Craft-repair,Husband,White,Male,0,1902,40,United-States,0.8935829339289062,0
46,Private,403911,HS-grad,9,Married-civ-spouse,Craft-repair,Husband,Black,Male,0,1902,40,United-States,0.8935159662317346,0
29,Private,81648,HS-grad,9,Married-civ-spouse,Sales,Husband,White,Male,0,1887,55,United-States,0.89311440925176,0
43,Private,155106,Assoc-acdm,12,Divorced,Craft-repair,Not-in-family,White,Male,0,2444,70,United-States,0.8930098440761427,0
46,Private,186172,Bachelors,13,Married-civ-spouse,Prof-specialty,Husband,White,Male,3103,0,40,United-States,0.8925342434164585,0
65,Self-emp-not-inc,139960,HS-grad,9,Married-civ-spouse,Farming-fishing,Husband,White,Male,10605,0,60,United-States,0.8924315501030239,0
40,Self-emp-not-inc,167081,Masters,14,Married-civ-spouse,Sales,Husband,White,Male,3103,0,50,United-States,0.8914183902802332,0
69,Self-emp-inc,169717,Bachelors,13,Married-civ-spouse,Exec-managerial,Husband,White,Male,6418,0,45,United-States,0.8911351468419413,1
60,?,191118,HS-grad,9,Married-civ-spouse,?,Husband,White,Male,0,1848,40,United-States,0.8910192789912736,1
67,Private,279980,Some-college,10,Married-civ-spouse,Transport-moving,Husband,White,Male,10605,0,10,United-States,0.890827163398352,0
50,Self-emp-not-inc,155118,HS-grad,9,Divorced,Exec-managerial,Not-in-family,White,Female,99999,0,35,United-States,0.8907700904532591,1
45,Private,172274,Doctorate,16,Divorced,Prof-specialty,Unmarried,Black,Female,0,3004,35,United-States,0.8904608035252224,4
60,State-gov,194252,Masters,14,Married-civ-spouse,Exec-managerial,Wife,White,Female,3103,0,40,United-States,0.889405996324155,0
52,Private,25826,10th,6,Married-civ-spouse,Craft-repair,Husband,White,Male,0,1887,47,United-States,0.8892166625068447,0
61,Federal-gov,151369,Prof-school,15,Married-civ-spouse,Prof-specialty,Husband,White,Male,0,0,50,United-States,0.8889053891536235,0
46,Federal-gov,43206,Doctorate,16,Never-married,Prof-specialty,Not-in-family,White,Female,0,1564,50,United-States,0.8888085552348087,0
57,Self-emp-inc,165881,Prof-school,15,Married-civ-spouse,Prof-specialty,Husband,White,Male,0,0,40,United-States,0.8884589779037007,0
32,Private,136204,Masters,14,Separated,Exec-managerial,Not-in-family,White,Male,0,2824,55,United-States,0.8883125822633974,2
66,?,213149,Some-college,10,Married-civ-spouse,?,Husband,White,Male,0,1825,40,United-States,0.8881901028198799,1
61,Private,96660,Some-college,10,Married-civ-spouse,Adm-clerical,Wife,White,Female,15024,0,34,United-States,0.8880987791582903,0
58,Private,156040,Assoc-acdm,12,Married-civ-spouse,Machine-op-inspct,Husband,Black,Male,0,1848,40,United-States,0.8879059801533314,1
33,Local-gov,281784,Bachelors,13,Never-married,Tech-support,Not-in-family,Black,Male,0,1564,52,United-States,0.8876003005931619,0
67,Self-emp-inc,106175,Bachelors,13,Married-civ-spouse,Exec-managerial,Husband,White,Male,0,2392,75,United-States,0.8875837976020381,1
39,Private,128392,HS-grad,9,Married-civ-spouse,Machine-op-inspct,Husband,White,Male,0,1887,40,United-States,0.8875763138404162,0
43,Private,55213,HS-grad,9,Married-civ-spouse,Machine-op-inspct,Husband,White,Male,0,1977,52,United-States,0.8872852908578711,0
30,Private,129707,Some-college,10,Married-civ-spouse,Sales,Husband,White,Male,0,1848,40,United-States,0.887048382980083,1
32,Private,156464,HS-grad,9,Married-civ-spouse,Sales,Husband,White,Male,0,1902,50,United-States,0.8866330189942292,0
46,Self-emp-inc,201865,Prof-school,15,Married-civ-spouse,Prof-specialty,Husband,White,Male,0,0,60,United-States,0.8862842419479284,0
49,Private,165953,HS-grad,9,Married-civ-spouse,Machine-op-inspct,Husband,White,Male,0,1902,40,United-States,0.8859404496625417,0
34,Federal-gov,149368,Prof-school,15,Married-civ-spouse,Prof-specialty,Husband,White,Male,0,0,40,United-States,0.8858643998211283,0
44,Private,124747,HS-grad,9,Married-civ-spouse,Exec-managerial,Wife,White,Female,3103,0,40,United-States,0.8848836380555019,0
28,?,123147,Some-college,10,Married-civ-spouse,?,Wife,White,Female,0,1887,40,United-States,0.8847988762805655,0
54,Private,139703,Some-college,10,Married-civ-spouse,Craft-repair,Husband,White,Male,3103,0,40,Germany,0.8841215461049453,0
62,?,125493,HS-grad,9,Married-civ-spouse,?,Wife,White,Female,5178,0,40,Scotland,0.8839522682991849,1
39,Private,127772,HS-grad,9,Married-civ-spouse,Sales,Husband,White,Male,3103,0,44,United-States,0.8838815877744733,0
69,Self-emp-not-inc,185039,HS-grad,9,Married-civ-spouse,Exec-managerial,Husband,White,Male,9386,0,12,United-States,0.8836350515371029,0
59,Private,384246,Doctorate,16,Married-civ-spouse,Prof-specialty,Husband,White,Male,0,0,50,United-States,0.8835483096349962,0
38,Self-emp-not-inc,122493,10th,6,Married-civ-spouse,Sales,Husband,White,Male,0,1887,40,United-States,0.8834175721792028,0
30,Private,220148,HS-grad,9,Married-civ-spouse,Craft-repair,Husband,White,Male,0,1848,50,United-States,0.8832290306245055,1
36,Self-emp-not-inc,36270,HS-grad,9,Married-civ-spouse,Farming-fishing,Husband,White,Male,0,1977,65,United-States,0.8830727337152899,0
44,Self-emp-inc,311357,Prof-school,15,Married-civ-spouse,Prof-specialty,Husband,White,Male,0,0,50,United-States,0.8829089203073054,0
39,Private,306646,Some-college,10,Married-civ-spouse,Sales,Husband,White,Male,3103,0,50,United-States,0.8826739999964927,0
61,Private,298400,Bachelors,13,Divorced,Sales,Not-in-family,Black,Male,4787,0,48,United-States,0.882500170221713,0
42,Self-emp-inc,443508,Doctorate,16,Married-civ-spouse,Prof-specialty,Husband,White,Male,0,0,45,United-States,0.8823512715792758,0
49,Self-emp-inc,101722,Prof-school,15,Married-civ-spouse,Prof-specialty,Husband,White,Male,0,0,60,United-States,0.8822314333008708,0
40,Private,179717,Bachelors,13,Divorced,Sales,Not-in-family,White,Male,0,1564,60,United-States,0.880626914767289,0
52,Local-gov,194788,Masters,14,Divorced,Exec-managerial,Not-in-family,White,Female,4787,0,60,United-States,0.8800553082248788,0
29,Private,278637,Bachelors,13,Married-civ-spouse,Sales,Husband,White,Male,3103,0,45,United-States,0.8796451907127276,0
49,Self-emp-not-inc,107597,HS-grad,9,Divorced,Exec-managerial,Unmarried,White,Female,14084,0,30,United-States,0.8795019614627027,1
43,Self-emp-inc,602513,Masters,14,Married-civ-spouse,Exec-managerial,Husband,White,Male,0,0,50,United-States,0.879097327356078,0
29,Self-emp-inc,260729,HS-grad,9,Married-civ-spouse,Sales,Wife,White,Female,0,1977,25,United-States,0.8789282902677827,0
62,Self-emp-inc,56248,Bachelors,13,Married-civ-spouse,Farming-fishing,Husband,White,Male,0,2415,60,United-States,0.8781505164268467,1
48,Private,121253,Bachelors,13,Married-spouse-absent,Sales,Unmarried,White,Female,0,2472,70,United-States,0.8779665497428499,1
25,Private,102476,Bachelors,13,Never-married,Farming-fishing,Own-child,White,Male,27828,0,50,United-States,0.8777526717698008,1
33,Private,34748,HS-grad,9,Married-civ-spouse,Adm-clerical,Wife,White,Female,0,1887,20,United-States,0.876549276334323,1
43,Private,113324,HS-grad,9,Married-civ-spouse,Craft-repair,Husband,White,Male,0,1902,40,United-States,0.8764379765456575,0
41,Private,267252,Some-college,10,Married-civ-spouse,Machine-op-inspct,Husband,Black,Male,0,1902,40,United-States,0.8761488507131536,0
39,Private,49020,Bachelors,13,Married-civ-spouse,Sales,Husband,White,Male,3103,0,48,United-States,0.8759698614708561,0
46,Federal-gov,33794,Bachelors,13,Married-civ-spouse,Tech-support,Husband,White,Male,3103,0,40,United-States,0.8758726782983635,0
43,Private,115806,Masters,14,Divorced,Exec-managerial,Unmarried,White,Female,0,2547,40,United-States,0.8755257306062839,2
51,Self-emp-not-inc,111283,HS-grad,9,Divorced,Exec-managerial,Not-in-family,White,Female,99999,0,35,United-States,0.8754407935793076,1
49,Self-emp-inc,94606,Doctorate,16,Married-civ-spouse,Prof-specialty,Husband,Black,Male,0,0,60,United-States,0.8753881367147498,0
47,Private,148995,Masters,14,Married-civ-spouse,Exec-managerial,Husband,White,Male,0,0,65,United-States,0.8750317453983341,0
39,Self-emp-inc,372525,Masters,14,Married-civ-spouse,Exec-managerial,Husband,White,Male,0,0,60,United-States,0.8749268667469615,0
54,Self-emp-inc,99185,Doctorate,16,Married-civ-spouse,Prof-specialty,Husband,White,Male,0,0,50,?,0.8745899112636328,0
41,Private,156566,Bachelors,13,Married-civ-spouse,Exec-managerial,Husband,White,Male,4386,0,50,United-States,0.8743057988156399,0
38,Self-emp-not-inc,43712,11th,7,Married-civ-spouse,Exec-managerial,Husband,White,Male,0,1887,45,United-States,0.8742799559380546,0
55,Private,160662,Doctorate,16,Married-civ-spouse,Exec-managerial,Husband,White,Male,0,0,80,United-States,0.8740046381930143,0
52,Private,96359,Doctorate,16,Married-civ-spouse,Exec-managerial,Husband,White,Male,0,0,57,United-States,0.8739406033274689,0
50,Private,206862,Masters,14,Married-civ-spouse,Exec-managerial,Husband,White,Male,0,0,65,United-States,0.8738681923838962,0
48,Private,204629,Masters,14,Married-civ-spouse,Exec-managerial,Husband,White,Male,0,0,50,United-States,0.8738681923838962,0
50,Self-emp-inc,104849,Prof-school,15,Married-civ-spouse,Prof-specialty,Husband,Asian-Pac-Islander,Male,0,0,40,India,0.8730871581643506,1
41,Private,37869,HS-grad,9,Married-civ-spouse,Sales,Husband,White,Male,0,1902,40,United-States,0.8727477179465835,0
48,Private,233802,Masters,14,Married-civ-spouse,Exec-managerial,Husband,Black,Male,0,0,45,United-States,0.8726835447930481,0
48,Private,235646,Some-college,10,Married-civ-spouse,Sales,Husband,White,Male,3103,0,40,United-States,0.8721067259307308,0
61,Private,160942,Masters,14,Married-civ-spouse,Sales,Husband,White,Male,3103,0,50,United-States,0.8719130345677463,0
53,Private,123011,Masters,14,Married-civ-spouse,Exec-managerial,Husband,White,Male,0,0,45,United-States,0.8701852489071878,0
49,Self-emp-inc,125892,Masters,14,Married-civ-spouse,Exec-managerial,Husband,White,Male,0,0,50,United-States,0.8699600679135323,0
90,Private,175491,HS-grad,9,Married-civ-spouse,Craft-repair,Husband,White,Male,9386,0,50,Ecuador,0.8696212349355461,0
59,Self-emp-inc,146477,Prof-school,15,Married-civ-spouse,Prof-specialty,Husband,White,Male,0,0,40,United-States,0.8693388953862954,0
23,Private,106957,11th,7,Never-married,Craft-repair,Own-child,Asian-Pac-Islander,Male,14344,0,40,Vietnam,0.8690386723722135,2
55,Self-emp-inc,222615,Masters,14,Married-civ-spouse,Exec-managerial,Husband,White,Male,0,0,60,United-States,0.8688912963304604,0
51,Self-emp-inc,304955,Masters,14,Married-civ-spouse,Exec-managerial,Husband,White,Male,0,0,50,United-States,0.8688508406220616,0
49,Private,99361,Prof-school,15,Married-civ-spouse,Prof-specialty,Husband,White,Male,0,0,45,United-States,0.8686176225828675,0
59,Self-emp-inc,107287,10th,6,Widowed,Exec-managerial,Unmarried,White,Female,0,2559,50,United-States,0.8685664503761634,4
67,Private,224984,HS-grad,9,Widowed,Adm-clerical,Not-in-family,White,Female,15831,0,16,Germany,0.8685145691769443,1
49,Private,287647,Masters,14,Divorced,Sales,Not-in-family,White,Male,4787,0,45,United-States,0.8684877470100917,0
38,Self-emp-inc,112847,Prof-school,15,Married-civ-spouse,Prof-specialty,Husband,Asian-Pac-Islander,Male,0,0,40,United-States,0.8678178971799226,1
45,Self-emp-inc,201699,Doctorate,16,Married-civ-spouse,Prof-specialty,Husband,White,Male,0,0,60,United-States,0.8674856612051093,0
38,Private,237608,Bachelors,13,Never-married,Sales,Not-in-family,White,Female,0,2444,45,United-States,0.8674841084444909,0
48,Self-emp-inc,155664,Prof-school,15,Married-civ-spouse,Prof-specialty,Husband,White,Male,0,0,60,United-States,0.8669876373761897,0
54,Self-emp-inc,147239,Doctorate,16,Married-civ-spouse,Prof-specialty,Husband,White,Male,0,0,60,United-States,0.866819315167667,0
50,State-gov,116211,Prof-school,15,Married-civ-spouse,Exec-managerial,Husband,White,Male,0,0,52,United-States,0.8667709870778848,0
46,Private,155489,Masters,14,Married-civ-spouse,Exec-managerial,Husband,White,Male,0,0,50,United-States,0.8665897672716188,0
51,Private,146574,Masters,14,Married-civ-spouse,Exec-managerial,Husband,White,Male,0,0,50,United-States,0.8665897672716188,0
47,Private,423222,Prof-school,15,Married-civ-spouse,Exec-managerial,Husband,White,Male,0,0,45,United-States,0.8665135021868403,0
30,Private,206046,HS-grad,9,Married-civ-spouse,Craft-repair,Husband,White,Male,0,1848,40,United-States,0.8663170972546739,1
53,Local-gov,216931,Some-college,10,Married-civ-spouse,Protective-serv,Husband,White,Male,4386,0,40,United-States,0.8663043484220112,0
51,?,172175,Doctorate,16,Never-married,?,Not-in-family,White,Male,0,2824,40,United-States,0.8662354717353059,2
44,Private,104196,Masters,14,Married-civ-spouse,Exec-managerial,Husband,White,Male,0,0,45,United-States,0.8660141426792841,0
47,Private,150768,Bachelors,13,Divorced,Handlers-cleaners,Not-in-family,White,Male,0,1564,51,United-States,0.8658164746843288,0
34,Private,164190,Some-college,10,Married-civ-spouse,Prof-specialty,Husband,White,Male,0,1902,38,United-States,0.8658010982535012,0
38,Private,132879,HS-grad,9,Married-civ-spouse,Craft-repair,Husband,White,Male,0,1902,40,United-States,0.8655546119257896,0
50,Private,176157,Masters,14,Married-civ-spouse,Exec-managerial,Husband,White,Male,0,0,50,United-States,0.8654986694146984,0
65,Private,101104,HS-grad,9,Married-civ-spouse,Sales,Husband,White,Male,9386,0,10,United-States,0.8648064854202787,0
45,Private,188950,Masters,14,Married-civ-spouse,Exec-managerial,Husband,White,Male,0,0,50,United-States,0.8645108540630104,0
36,Private,131239,Bachelors,13,Married-civ-spouse,Prof-specialty,Husband,White,Male,3103,0,45,United-States,0.8640942507378803,0
67,Private,257557,7th-8th,4,Married-civ-spouse,Transport-moving,Husband,Black,Male,10566,0,40,United-States,0.8638244358384677,0
45,Private,201865,Doctorate,16,Married-civ-spouse,Exec-managerial,Husband,White,Male,0,0,45,United-States,0.863340703551081,0
53,Self-emp-inc,100029,Doctorate,16,Married-civ-spouse,Prof-specialty,Husband,White,Male,0,0,40,United-States,0.8627075116846616,0
43,Private,456236,Masters,14,Married-civ-spouse,Exec-managerial,Husband,White,Male,0,0,50,United-States,0.8626202507070535,0
56,Federal-gov,196307,Doctorate,16,Married-civ-spouse,Prof-specialty,Husband,White,Male,0,0,40,United-States,0.862610514064217,0
41,Self-emp-inc,75742,Prof-school,15,Married-civ-spouse,Prof-specialty,Husband,White,Male,0,0,45,El-Salvador,0.8624409789576529,0
37,Private,188774,Bachelors,13,Never-married,Exec-managerial,Not-in-family,White,Male,0,2824,40,United-States,0.8622878489376626,2
62,Self-emp-inc,354075,Bachelors,13,Married-civ-spouse,Exec-managerial,Husband,White,Male,0,0,50,United-States,0.8621826851660456,0
42,Federal-gov,294431,Masters,14,Married-civ-spouse,Prof-specialty,Husband,White,Male,0,0,40,United-States,0.8618839781933111,0
45,Private,198759,Doctorate,16,Married-civ-spouse,Exec-managerial,Husband,White,Male,0,0,60,United-States,0.8617583542578802,0
49,Private,181363,Masters,14,Married-civ-spouse,Exec-managerial,Husband,White,Male,0,0,45,United-States,0.8616815265369931,0
64,Self-emp-not-inc,65991,HS-grad,9,Married-civ-spouse,Farming-fishing,Husband,White,Male,7298,0,45,United-States,0.8615166115974494,0
44,Private,125461,Doctorate,16,Married-civ-spouse,Exec-managerial,Husband,White,Male,0,0,60,United-States,0.861262143146818,0
44,Private,183342,Prof-school,15,Married-civ-spouse,Exec-managerial,Husband,White,Male,0,0,55,United-States,0.861262143146818,0
36,Private,58343,Bachelors,13,Married-civ-spouse,Tech-support,Husband,White,Male,3103,0,42,United-States,0.8608602164672957,0
41,Self-emp-inc,145441,Masters,14,Married-civ-spouse,Exec-managerial,Husband,White,Male,0,0,50,United-States,0.8607077565444337,0
50,Private,234373,Masters,14,Married-civ-spouse,Exec-managerial,Wife,White,Female,0,1485,40,United-States,0.8606344178593109,0
46,Self-emp-inc,116338,Masters,14,Married-civ-spouse,Exec-managerial,Wife,White,Female,0,0,50,United-States,0.8603112444406814,0
37,Self-emp-inc,382802,Doctorate,16,Married-civ-spouse,Prof-specialty,Husband,Black,Male,0,0,99,United-States,0.8602026434665946,3
67,Self-emp-not-inc,123393,HS-grad,9,Married-civ-spouse,Transport-moving,Husband,White,Male,6418,0,58,United-States,0.8599968938298923,1
50,Self-emp-not-inc,341797,Prof-school,15,Married-civ-spouse,Prof-specialty,Husband,White,Male,0,0,50,United-States,0.859571961336593,0
52,State-gov,149650,Doctorate,16,Married-civ-spouse,Prof-specialty,Husband,White,Male,0,0,40,Iran,0.8593462081058292,0
35,Private,36214,Bachelors,13,Married-civ-spouse,Exec-managerial,Husband,White,Male,4386,0,47,United-States,0.8584139445528131,0
46,Private,117849,Masters,14,Married-civ-spouse,Exec-managerial,Husband,White,Male,0,0,55,United-States,0.8582766932693869,0
41,Private,118212,Bachelors,13,Married-civ-spouse,Craft-repair,Husband,White,Male,3103,0,40,United-States,0.858183927412719,0
45,Private,341762,Masters,14,Married-civ-spouse,Exec-managerial,Husband,White,Male,0,0,65,United-States,0.8578694557123612,0
67,Private,171584,Bachelors,13,Married-civ-spouse,Protective-serv,Husband,White,Male,6514,0,7,United-States,0.8578062481622839,1
44,Self-emp-inc,64632,Doctorate,16,Married-civ-spouse,Prof-specialty,Husband,White,Male,0,0,60,United-States,0.8577293463321378,0
63,Self-emp-not-inc,29859,7th-8th,4,Married-civ-spouse,Farming-fishing,Husband,White,Male,7688,0,60,United-States,0.8575511673639643,1
28,Private,303954,HS-grad,9,Married-civ-spouse,Craft-repair,Husband,White,Male,0,1848,42,United-States,0.8574921475328768,1
43,Local-gov,34640,HS-grad,9,Married-civ-spouse,Exec-managerial,Husband,Other,Male,0,1887,40,United-States,0.8574424091792,1
50,Local-gov,124963,HS-grad,9,Married-civ-spouse,Craft-repair,Husband,White,Male,0,1977,35,United-States,0.8572526546331906,0
40,Private,180985,Masters,14,Married-civ-spouse,Exec-managerial,Husband,White,Male,0,0,50,United-States,0.8569261389151962,0
48,Local-gov,328610,Prof-school,15,Married-civ-spouse,Prof-specialty,Husband,White,Male,0,0,45,United-States,0.8568467314917112,0
51,Private,120173,Assoc-voc,11,Married-civ-spouse,Craft-repair,Husband,White,Male,3103,0,50,United-States,0.8566483009454251,0
51,Private,252903,10th,6,Married-civ-spouse,Sales,Husband,White,Male,0,1977,40,United-States,0.8566430324922584,0
56,Private,176118,HS-grad,9,Married-civ-spouse,Craft-repair,Husband,White,Male,3103,0,40,United-States,0.8566428745079182,0
70,Self-emp-inc,272896,Doctorate,16,Married-civ-spouse,Exec-managerial,Husband,White,Male,0,0,40,United-States,0.8563623182505813,0
53,Self-emp-inc,128272,Doctorate,16,Married-civ-spouse,Exec-managerial,Husband,White,Male,0,0,70,United-States,0.8563203220505979,0
49,Private,281647,Masters,14,Married-civ-spouse,Exec-managerial,Husband,White,Male,0,0,45,United-States,0.8558467304073292,0
38,Self-emp-not-inc,146042,Bachelors,13,Married-civ-spouse,Prof-specialty,Husband,Asian-Pac-Islander,Male,3103,0,60,United-States,0.8554579852104061,0
41,Self-emp-inc,94113,Prof-school,15,Married-civ-spouse,Prof-specialty,Husband,White,Male,0,0,60,United-States,0.8552341525848508,0
28,Private,181291,Bachelors,13,Never-married,Exec-managerial,Not-in-family,White,Female,0,1564,50,United-States,0.854972753185673,0
45,Private,120724,Masters,14,Married-civ-spouse,Exec-managerial,Husband,White,Male,4386,0,40,United-States,0.8547379300830823,0
33,Private,150570,Bachelors,13,Married-civ-spouse,Prof-specialty,Husband,White,Male,3103,0,43,United-States,0.8542521100772512,0
53,Private,22978,Masters,14,Married-civ-spouse,Exec-managerial,Wife,White,Female,0,0,50,United-States,0.8541094912999933,0
39,Private,108140,Masters,14,Married-civ-spouse,Exec-managerial,Husband,White,Male,0,0,50,United-States,0.853580214254728,0
43,Private,188808,Masters,14,Married-civ-spouse,Exec-managerial,Husband,White,Male,0,0,45,United-States,0.853389275004917,0
34,Federal-gov,341051,Masters,14,Married-civ-spouse,Adm-clerical,Husband,White,Male,0,0,50,United-States,0.8533845072777776,0
46,Self-emp-inc,110457,Masters,14,Married-civ-spouse,Exec-managerial,Husband,White,Male,0,0,55,United-States,0.8531699594462736,0
42,Local-gov,209752,Prof-school,15,Married-civ-spouse,Exec-managerial,Husband,White,Male,0,0,55,United-States,0.8531169455658517,0
55,Private,125000,Prof-school,15,Married-civ-spouse,Exec-managerial,Husband,White,Male,0,0,60,United-States,0.8527916070358177,0
53,Private,48343,HS-grad,9,Married-civ-spouse,Transport-moving,Husband,White,Male,0,1902,40,United-States,0.852780906430021,0
39,Private,286789,Doctorate,16,Married-civ-spouse,Exec-managerial,Husband,White,Male,0,0,45,United-States,0.8527473352032362,0
38,Private,169104,Masters,14,Married-civ-spouse,Exec-managerial,Husband,White,Male,0,0,60,United-States,0.8527200112848737,0
39,Private,176296,HS-grad,9,Married-civ-spouse,Transport-moving,Husband,Black,Male,0,1887,40,United-States,0.8524268951404701,0
47,Private,370119,Prof-school,15,Married-civ-spouse,Prof-specialty,Husband,White,Male,0,0,50,United-States,0.8523005031029959,0
53,Private,229465,Masters,14,Married-civ-spouse,Exec-managerial,Husband,White,Male,0,0,55,United-States,0.852293085859381,0
53,State-gov,104501,Doctorate,16,Married-civ-spouse,Prof-specialty,Husband,White,Male,0,0,40,?,0.852291592536399,0
51,Private,145409,Some-college,10,Married-civ-spouse,Craft-repair,Husband,White,Male,3103,0,48,United-States,0.8515305672956832,0
53,Self-emp-inc,55139,Masters,14,Married-civ-spouse,Exec-managerial,Husband,White,Male,0,0,40,United-States,0.8514227179408577,0
50,Private,177896,Doctorate,16,Married-civ-spouse,Prof-specialty,Husband,White,Male,0,0,40,United-States,0.8511820249130736,0
45,Self-emp-inc,40666,Prof-school,15,Married-civ-spouse,Prof-specialty,Husband,White,Male,0,0,55,United-States,0.8509605961925161,0
67,?,157403,Prof-school,15,Married-civ-spouse,?,Husband,White,Male,6418,0,10,United-States,0.850801248938427,1
31,Private,339482,HS-grad,9,Married-civ-spouse,Craft-repair,Husband,White,Male,0,1848,40,United-States,0.8507280602242328,1
46,Private,203067,Prof-school,15,Married-civ-spouse,Prof-specialty,Husband,White,Male,0,0,40,United-States,0.8501079030091733,0
41,Private,166662,Prof-school,15,Married-civ-spouse,Exec-managerial,Husband,White,Male,0,0,50,United-States,0.849998695615842,0
49,Local-gov,358668,Doctorate,16,Married-civ-spouse,Prof-specialty,Husband,White,Male,0,0,45,United-States,0.8499566742324545,0
34,Private,198265,Some-college,10,Married-civ-spouse,Tech-support,Husband,White,Male,3103,0,40,United-States,0.8499087422458271,0
43,Self-emp-inc,35662,Doctorate,16,Married-civ-spouse,Prof-specialty,Wife,White,Female,0,0,70,United-States,0.8495102871377259,0
49,State-gov,183710,Doctorate,16,Married-civ-spouse,Exec-managerial,Husband,White,Male,0,0,50,United-States,0.8494954351560486,0
54,Private,338620,Masters,14,Married-civ-spouse,Exec-managerial,Husband,White,Male,0,0,52,United-States,0.8492828553379005,0
61,Private,423297,Doctorate,16,Married-civ-spouse,Prof-specialty,Husband,White,Male,0,0,40,United-States,0.8490923778605196,0
41,Private,242089,Masters,14,Married-civ-spouse,Exec-managerial,Husband,White,Male,0,0,45,United-States,0.8487947148078598,0
48,State-gov,106377,Doctorate,16,Married-civ-spouse,Prof-specialty,Husband,White,Male,0,0,65,United-States,0.8482318110456594,0
33,Private,235847,Prof-school,15,Married-civ-spouse,Exec-managerial,Wife,White,Female,0,0,40,United-States,0.8481195632299631,0
52,Self-emp-inc,179951,Prof-school,15,Married-civ-spouse,Exec-managerial,Husband,White,Male,0,0,40,United-States,0.8475635779463591,0
49,Self-emp-inc,315998,Bachelors,13,Married-civ-spouse,Exec-managerial,Husband,White,Male,0,0,50,United-States,0.8472754224278471,0
42,Private,203554,Masters,14,Married-civ-spouse,Exec-managerial,Husband,White,Male,0,0,60,United-States,0.8471065785356604,0
40,Private,173590,Masters,14,Married-civ-spouse,Exec-managerial,Husband,White,Male,0,0,50,United-States,0.8471065785356604,0
40,Private,221172,Masters,14,Married-civ-spouse,Exec-managerial,Husband,White,Male,0,0,65,United-States,0.8471065785356604,0
50,Private,158680,Masters,14,Married-civ-spouse,Exec-managerial,Husband,White,Male,0,0,50,United-States,0.8467662287926333,0
47,Private,158286,Masters,14,Married-civ-spouse,Exec-managerial,Husband,White,Male,0,0,50,United-States,0.8467662287926333,0
51,Private,123429,Masters,14,Married-civ-spouse,Exec-managerial,Husband,White,Male,0,0,50,United-States,0.8467662287926333,0
45,Private,142287,Masters,14,Married-civ-spouse,Exec-managerial,Husband,White,Male,0,0,50,United-States,0.8467662287926333,0
46,Private,139268,Masters,14,Married-civ-spouse,Exec-managerial,Husband,White,Male,0,0,45,United-States,0.8467662287926333,0
49,Private,170871,Masters,14,Married-civ-spouse,Exec-managerial,Husband,White,Male,0,0,45,United-States,0.8467662287926333,0
50,Private,237868,Masters,14,Married-civ-spouse,Exec-managerial,Husband,White,Male,0,0,50,United-States,0.8467662287926333,0
41,Private,433989,Assoc-voc,11,Married-civ-spouse,Sales,Husband,White,Male,4386,0,60,United-States,0.8465523845847552,0
56,Self-emp-not-inc,145574,HS-grad,9,Married-civ-spouse,Other-service,Husband,White,Male,0,1902,60,United-States,0.8464649330868079,0
38,Local-gov,194630,Bachelors,13,Never-married,Protective-serv,Not-in-family,White,Female,4787,0,43,United-States,0.846319016026421,0
50,Self-emp-inc,175070,Prof-school,15,Married-civ-spouse,Prof-specialty,Husband,White,Male,0,0,45,United-States,0.8460900690138496,0
45,Local-gov,167159,Bachelors,13,Married-civ-spouse,Protective-serv,Husband,White,Male,0,0,50,United-States,0.8457940656578996,0
53,Private,201127,Masters,14,Married-civ-spouse,Exec-managerial,Husband,White,Male,0,0,48,United-States,0.8453038111278783,0
44,Private,162028,Some-college,10,Married-civ-spouse,Adm-clerical,Wife,White,Female,0,2415,6,United-States,0.8449318902278511,1
34,Private,99872,Masters,14,Married-civ-spouse,Exec-managerial,Husband,Asian-Pac-Islander,Male,3103,0,40,India,0.8449190128831319,1
37,Federal-gov,325538,Masters,14,Married-civ-spouse,Prof-specialty,Husband,White,Male,0,0,40,?,0.8445694147205932,0
39,Private,186130,Prof-school,15,Married-civ-spouse,Exec-managerial,Husband,White,Male,0,0,55,United-States,0.844540441879933,0
47,Local-gov,148576,Prof-school,15,Married-civ-spouse,Prof-specialty,Husband,White,Male,0,0,35,United-States,0.8445316861140146,0
52,Private,160703,Doctorate,16,Married-civ-spouse,Prof-specialty,Husband,White,Male,0,0,65,United-States,0.8444429093411375,0
46,Self-emp-not-inc,328216,Prof-school,15,Married-civ-spouse,Prof-specialty,Husband,White,Male,0,0,45,United-States,0.8442214278506489,0
37,Private,259785,Masters,14,Married-civ-spouse,Exec-managerial,Husband,White,Male,0,0,50,United-States,0.8441537550957448,0
38,Private,266645,Masters,14,Married-civ-spouse,Exec-managerial,Husband,White,Male,0,0,60,United-States,0.8441537550957448,0
47,Self-emp-inc,362835,Bachelors,13,Married-civ-spouse,Exec-managerial,Husband,White,Male,0,0,50,United-States,0.8438963682388924,0
45,Private,260490,Masters,14,Married-civ-spouse,Exec-managerial,Husband,White,Male,0,0,50,United-States,0.8438662842165998,0
40,Private,130760,Doctorate,16,Married-civ-spouse,Prof-specialty,Husband,White,Male,0,0,45,United-States,0.8437356501432836,0
39,Private,165106,Bachelors,13,Married-spouse-absent,Craft-repair,Not-in-family,White,Male,0,1564,50,?,0.8436624250321761,0
51,Private,138022,Masters,14,Married-civ-spouse,Exec-managerial,Husband,White,Male,0,0,60,United-States,0.8435516850465806,0
49,Private,262116,Prof-school,15,Married-civ-spouse,Prof-specialty,Husband,White,Male,0,0,48,United-States,0.8433021645602058,0
40,Private,111483,Masters,14,Married-civ-spouse,Exec-managerial,Husband,White,Male,0,0,50,United-States,0.843020601406767,0
41,Private,101593,Masters,14,Married-civ-spouse,Exec-managerial,Husband,White,Male,0,0,50,United-States,0.843020601406767,0
50,Private,172175,Prof-school,15,Married-civ-spouse,Prof-specialty,Husband,White,Male,0,0,50,United-States,0.8426250948162579,0
50,Private,178530,Prof-school,15,Married-civ-spouse,Prof-specialty,Husband,White,Male,0,0,60,United-States,0.8421603011193812,0
67,Private,105252,Bachelors,13,Widowed,Exec-managerial,Not-in-family,White,Male,0,2392,40,United-States,0.841671590601208,0
42,Private,383493,Masters,14,Married-civ-spouse,Prof-specialty,Husband,White,Male,0,0,50,United-States,0.841543639180086,0
45,Private,178319,Doctorate,16,Married-civ-spouse,Prof-specialty,Husband,White,Male,0,0,56,United-States,0.84150104824242,0
40,Private,144995,Assoc-voc,11,Married-civ-spouse,Tech-support,Husband,White,Male,4386,0,40,United-States,0.8415008317296473,0
48,Private,192894,Doctorate,16,Married-civ-spouse,Prof-specialty,Husband,White,Male,0,0,40,United-States,0.8413331067265438,0
53,Private,156843,Masters,14,Never-married,Prof-specialty,Not-in-family,White,Female,0,1564,54,United-States,0.8407389040543009,0
57,Private,159319,Masters,14,Married-civ-spouse,Exec-managerial,Husband,White,Male,0,0,50,United-States,0.8406890928219044,0
46,Self-emp-inc,125892,Masters,14,Married-civ-spouse,Sales,Husband,White,Male,0,0,50,United-States,0.8404667137601906,0
39,State-gov,99156,Doctorate,16,Married-civ-spouse,Prof-specialty,Husband,White,Male,0,0,50,United-States,0.840438958309317,0
59,Private,108496,Masters,14,Married-civ-spouse,Exec-managerial,Husband,White,Male,0,0,45,United-States,0.8403577763309903,0
45,Private,175958,Prof-school,15,Married-civ-spouse,Exec-managerial,Husband,White,Male,0,0,40,United-States,0.8399225487635027,0
46,Private,123053,Masters,14,Married-civ-spouse,Exec-managerial,Husband,Asian-Pac-Islander,Male,0,0,50,Japan,0.8394789986144596,2
39,Self-emp-inc,143123,Assoc-voc,11,Married-civ-spouse,Craft-repair,Husband,White,Male,0,2415,40,United-States,0.8393227217324074,0
50,Self-emp-not-inc,198581,Prof-school,15,Married-civ-spouse,Prof-specialty,Husband,White,Male,0,0,50,United-States,0.8392490417131891,0
49,Private,193366,Masters,14,Married-civ-spouse,Exec-managerial,Husband,White,Male,0,0,65,United-States,0.8391939270909989,0
44,Private,116632,Masters,14,Married-civ-spouse,Exec-managerial,Husband,White,Male,0,0,50,United-States,0.8391839084961186,0
38,Private,193815,Masters,14,Married-civ-spouse,Exec-managerial,Husband,White,Male,0,0,45,United-States,0.8391585269364911,0
35,Private,92028,Masters,14,Married-civ-spouse,Exec-managerial,Husband,White,Male,0,0,50,United-States,0.838844300601098,0
45,Private,214068,Doctorate,16,Married-civ-spouse,Prof-specialty,Husband,White,Male,0,0,50,United-States,0.8385556609563911,0
70,Self-emp-not-inc,124449,Masters,14,Married-civ-spouse,Exec-managerial,Husband,White,Male,0,2246,8,United-States,0.8384958303475915,1
37,Private,333305,Doctorate,16,Married-civ-spouse,Prof-specialty,Wife,White,Female,0,0,35,United-States,0.8383773533157977,0
49,Private,133969,Doctorate,16,Married-civ-spouse,Prof-specialty,Husband,Other,Male,0,0,50,United-States,0.8377454386324378,2
64,State-gov,194894,Doctorate,16,Never-married,Prof-specialty,Not-in-family,White,Female,4787,0,40,United-States,0.8371231438756531,0
48,Private,148995,Masters,14,Married-civ-spouse,Exec-managerial,Husband,White,Male,0,0,40,United-States,0.836963699864546,0
74,Self-emp-not-inc,292915,Bachelors,13,Married-civ-spouse,Exec-managerial,Husband,White,Male,0,1825,12,United-States,0.8367463203120995,1
60,Private,355865,Masters,14,Married-civ-spouse,Exec-managerial,Husband,White,Male,0,0,50,United-States,0.8365353492744487,0
55,Federal-gov,88876,Masters,14,Married-civ-spouse,Exec-managerial,Husband,Asian-Pac-Islander,Male,0,0,60,United-States,0.8365259657620975,1
44,State-gov,691903,Masters,14,Married-civ-spouse,Prof-specialty,Husband,Black,Male,0,0,60,United-States,0.8364507156255852,2
27,Private,285897,HS-grad,9,Married-civ-spouse,Prof-specialty,Husband,White,Male,0,1848,45,United-States,0.8361967963986799,1
45,Federal-gov,358242,Bachelors,13,Married-civ-spouse,Prof-specialty,Husband,White,Male,0,0,45,United-States,0.8361317182481289,0
52,Local-gov,155141,Doctorate,16,Married-civ-spouse,Prof-specialty,Wife,White,Female,0,0,40,United-States,0.8360801309481052,0
59,Private,146391,Doctorate,16,Married-civ-spouse,Prof-specialty,Husband,White,Male,0,0,50,United-States,0.8360332865470385,0
47,Private,114459,Doctorate,16,Married-civ-spouse,Prof-specialty,Husband,White,Male,0,0,50,United-States,0.8360184375316708,0
37,Private,105803,HS-grad,9,Married-civ-spouse,Craft-repair,Husband,White,Male,3103,0,45,United-States,0.8359981908003439,0
40,Private,185145,Doctorate,16,Married-civ-spouse,Prof-specialty,Husband,White,Male,0,0,40,United-States,0.8358121742574303,0
33,Self-emp-not-inc,127894,Prof-school,15,Married-civ-spouse,Prof-specialty,Husband,White,Male,0,0,60,United-States,0.8357964133833753,0
43,Private,102180,Masters,14,Married-civ-spouse,Exec-managerial,Husband,White,Male,0,0,50,United-States,0.835684606724992,0
48,Private,123075,Doctorate,16,Married-civ-spouse,Prof-specialty,Husband,White,Male,0,0,45,United-States,0.8356813643052807,0
28,Private,147560,Some-college,10,Married-civ-spouse,Sales,Husband,White,Male,0,1902,55,United-States,0.835456163546103,0
56,Private,89922,HS-grad,9,Married-civ-spouse,Transport-moving,Husband,White,Male,3103,0,45,United-States,0.8350680465089736,0
46,Private,295334,Doctorate,16,Married-civ-spouse,Prof-specialty,Husband,White,Male,0,0,60,United-States,0.8349699330161573,0
44,Private,152629,Bachelors,13,Married-civ-spouse,Adm-clerical,Husband,White,Male,3103,0,40,United-States,0.8344446074477143,0
40,Private,145160,Doctorate,16,Married-civ-spouse,Prof-specialty,Husband,White,Male,0,0,40,United-States,0.8342947230792708,0
62,Private,266624,HS-grad,9,Married-civ-spouse,Farming-fishing,Husband,White,Male,6418,0,40,United-States,0.8342034569703553,1
45,Private,114032,Prof-school,15,Married-civ-spouse,Prof-specialty,Husband,White,Male,0,0,60,United-States,0.8341783662746235,0
52,Self-emp-not-inc,123011,Prof-school,15,Married-civ-spouse,Prof-specialty,Husband,White,Male,0,0,50,United-States,0.8339930389515657,0
48,Federal-gov,435503,Masters,14,Married-civ-spouse,Prof-specialty,Husband,White,Male,0,0,40,United-States,0.8339173718634457,0
55,Self-emp-not-inc,322691,Masters,14,Married-civ-spouse,Sales,Husband,White,Male,3103,0,55,United-States,0.8338239474755369,0
22,Self-emp-not-inc,202920,HS-grad,9,Never-married,Prof-specialty,Unmarried,White,Female,99999,0,40,Dominican-Republic,0.8338040145486362,1
58,Self-emp-not-inc,147653,10th,6,Married-civ-spouse,Craft-repair,Wife,White,Female,0,1977,35,?,0.8334680948186578,0
52,Self-emp-not-inc,34973,HS-grad,9,Married-civ-spouse,Farming-fishing,Husband,White,Male,0,1887,60,United-States,0.8334323460411222,0
45,Private,165484,Doctorate,16,Married-civ-spouse,Prof-specialty,Husband,White,Male,0,0,50,United-States,0.833349731482827,0
44,Private,119281,Prof-school,15,Married-civ-spouse,Prof-specialty,Husband,White,Male,0,0,50,United-States,0.8333419728837932,0
37,Private,167415,Prof-school,15,Married-civ-spouse,Prof-specialty,Husband,White,Male,0,0,60,United-States,0.8329868517140123,0
50,Self-emp-not-inc,167728,Doctorate,16,Married-civ-spouse,Prof-specialty,Husband,White,Male,0,0,60,United-States,0.8328668422311313,0
46,Local-gov,148995,Bachelors,13,Never-married,Prof-specialty,Own-child,White,Male,4787,0,45,United-States,0.8326732243824526,0
51,Private,415287,HS-grad,9,Married-civ-spouse,Machine-op-inspct,Husband,Black,Male,0,1902,40,United-States,0.8324628737823208,0
39,Private,204501,Masters,14,Married-civ-spouse,Exec-managerial,Husband,White,Male,0,0,50,United-States,0.8323450053245555,0
51,Federal-gov,140516,Masters,14,Married-civ-spouse,Prof-specialty,Husband,White,Male,0,0,40,United-States,0.8318329205259994,0
35,Private,189623,Doctorate,16,Married-civ-spouse,Exec-managerial,Husband,White,Male,0,0,45,United-States,0.8316438955402488,0
47,Private,190139,Masters,14,Married-civ-spouse,Exec-managerial,Husband,White,Male,0,0,40,United-States,0.8316241021271812,0
57,Private,245193,Masters,14,Married-civ-spouse,Exec-managerial,Husband,White,Male,0,0,60,United-States,0.831514993146506,0
41,State-gov,293485,Some-college,10,Married-civ-spouse,Adm-clerical,Wife,White,Female,3103,0,40,United-States,0.8314493747623974,0
39,Private,204527,Doctorate,16,Married-civ-spouse,Prof-specialty,Husband,White,Male,0,0,50,United-States,0.8312894169687222,0
41,Private,220531,Prof-school,15,Married-civ-spouse,Prof-specialty,Husband,White,Male,0,0,60,United-States,0.8312894169687222,0
40,Private,146908,Doctorate,16,Married-civ-spouse,Prof-specialty,Husband,White,Male,0,0,60,United-States,0.8304383503885566,0
44,Private,186916,Masters,14,Married-civ-spouse,Exec-managerial,Husband,White,Male,0,0,50,United-States,0.8298129115175519,0
56,Private,158752,Masters,14,Married-civ-spouse,Exec-managerial,Wife,White,Female,0,0,50,United-States,0.8297962437626772,0
51,Federal-gov,237819,Bachelors,13,Married-civ-spouse,Prof-specialty,Husband,White,Male,0,0,50,United-States,0.829617332808898,0
39,Self-emp-not-inc,164593,Doctorate,16,Never-married,Prof-specialty,Not-in-family,White,Male,4787,0,40,United-States,0.8295026587965671,0
38,Self-emp-not-inc,239045,Doctorate,16,Married-civ-spouse,Prof-specialty,Husband,White,Male,0,0,50,United-States,0.8293629084302577,0
58,Self-emp-inc,258883,Bachelors,13,Married-civ-spouse,Prof-specialty,Husband,White,Male,0,0,60,United-States,0.8292651960199438,0
39,Private,202027,Prof-school,15,Married-civ-spouse,Prof-specialty,Husband,White,Male,0,0,45,United-States,0.8289546898444794,0
47,Private,141511,Doctorate,16,Married-civ-spouse,Prof-specialty,Husband,White,Male,0,0,60,United-States,0.8289540856994099,0
42,Local-gov,195124,11th,7,Divorced,Sales,Unmarried,White,Male,7430,0,50,Puerto-Rico,0.8287007824349178,1
43,State-gov,345969,Prof-school,15,Married-civ-spouse,Prof-specialty,Husband,White,Male,0,0,50,United-States,0.8285788500272852,0
59,State-gov,139616,Masters,14,Married-civ-spouse,Exec-managerial,Husband,White,Male,0,0,50,United-States,0.8284898144359469,0
34,Self-emp-not-inc,77209,HS-grad,9,Married-civ-spouse,Sales,Husband,White,Male,0,1902,60,United-States,0.8283673399842667,0
49,Self-emp-not-inc,163352,Prof-school,15,Married-civ-spouse,Prof-specialty,Husband,White,Male,0,0,85,United-States,0.8282075389148753,0
40,Self-emp-not-inc,125206,Prof-school,15,Married-civ-spouse,Prof-specialty,Husband,White,Male,0,0,40,United-States,0.8276709533299869,0
48,Private,173243,Doctorate,16,Married-civ-spouse,Prof-specialty,Husband,White,Male,0,0,45,United-States,0.827599920109696,0
41,Private,112763,Prof-school,15,Married-civ-spouse,Prof-specialty,Wife,White,Female,0,0,40,United-States,0.8273806318498684,0
46,Private,99835,Prof-school,15,Married-civ-spouse,Prof-specialty,Husband,White,Male,0,0,60,United-States,0.827281127819547,0
48,Private,355978,Masters,14,Married-civ-spouse,Exec-managerial,Husband,White,Male,0,0,40,United-States,0.8272569908900623,0
53,State-gov,229465,Doctorate,16,Married-civ-spouse,Prof-specialty,Husband,White,Male,0,0,50,United-States,0.8272488176426251,0
42,Private,171841,Prof-school,15,Married-civ-spouse,Prof-specialty,Husband,White,Male,0,0,60,United-States,0.8271460824695834,0
47,State-gov,80282,Doctorate,16,Married-civ-spouse,Prof-specialty,Husband,White,Male,0,0,45,United-States,0.8271156002439256,0
45,Private,265097,HS-grad,9,Married-civ-spouse,Other-service,Husband,White,Male,0,1902,40,United-States,0.8271152867150808,0
45,Self-emp-inc,151584,Prof-school,15,Married-civ-spouse,Prof-specialty,Husband,White,Male,0,0,35,United-States,0.8268739610652385,0
38,Private,91039,Masters,14,Married-civ-spouse,Exec-managerial,Husband,White,Male,0,0,65,United-States,0.8268243600108639,0
54,Private,139850,Masters,14,Married-civ-spouse,Exec-managerial,Husband,Asian-Pac-Islander,Male,0,0,45,United-States,0.8267145346895828,0
35,Private,275364,Bachelors,13,Divorced,Tech-support,Unmarried,White,Male,7430,0,40,Germany,0.8263094136867168,1
52,Federal-gov,221532,Bachelors,13,Married-civ-spouse,Exec-managerial,Husband,White,Male,0,0,45,United-States,0.8257542595796344,0
38,State-gov,104280,Doctorate,16,Married-civ-spouse,Prof-specialty,Husband,White,Male,0,0,55,United-States,0.8256220856021704,0
60,Private,151369,Masters,14,Married-civ-spouse,Exec-managerial,Husband,White,Male,0,0,60,United-States,0.8256179598553498,0
51,Self-emp-inc,162943,Prof-school,15,Married-civ-spouse,Prof-specialty,Husband,White,Male,0,0,40,United-States,0.8252792815243596,0
33,Private,134886,Some-college,10,Never-married,Adm-clerical,Own-child,White,Female,99999,0,30,United-States,0.8247859270001883,1
54,Private,35576,Some-college,10,Married-civ-spouse,Sales,Husband,White,Male,0,2415,50,United-States,0.8245255092867548,0
37,Self-emp-not-inc,143368,Doctorate,16,Married-civ-spouse,Prof-specialty,Husband,White,Male,0,0,60,United-States,0.8244808094932176,0
39,Self-emp-inc,241153,Masters,14,Married-civ-spouse,Exec-managerial,Husband,White,Male,0,0,50,United-States,0.8244170373635529,0
53,Federal-gov,276868,Masters,14,Married-civ-spouse,Adm-clerical,Husband,White,Male,0,0,40,United-States,0.8243568486883912,0
61,Self-emp-not-inc,30073,HS-grad,9,Married-civ-spouse,Farming-fishing,Husband,White,Male,0,1848,60,United-States,0.8243151166766071,1
51,Self-emp-inc,28765,Prof-school,15,Married-civ-spouse,Prof-specialty,Husband,White,Male,0,0,60,United-States,0.8243073980750387,0
34,Private,117963,Prof-school,15,Married-civ-spouse,Prof-specialty,Husband,White,Male,0,0,50,United-States,0.824209670807433,0
34,Private,226443,Prof-school,15,Married-civ-spouse,Prof-specialty,Husband,White,Male,0,0,55,United-States,0.8241109557480348,0
44,Private,146906,Prof-school,15,Married-civ-spouse,Prof-specialty,Husband,White,Male,0,0,50,United-States,0.8240216539718684,0
48,Private,141511,Masters,14,Married-civ-spouse,Exec-managerial,Husband,White,Male,0,0,40,United-States,0.8239241533230038,0
63,Self-emp-inc,267101,Bachelors,13,Married-civ-spouse,Exec-managerial,Husband,White,Male,0,0,60,United-States,0.8238733639065238,0
52,Private,180142,Masters,14,Married-civ-spouse,Tech-support,Husband,White,Male,0,0,45,United-States,0.8236146346866868,0
32,Private,168443,Masters,14,Married-civ-spouse,Exec-managerial,Wife,White,Female,0,0,40,United-States,0.8230604737388292,0
41,Federal-gov,214838,Masters,14,Married-civ-spouse,Exec-managerial,Husband,White,Male,0,0,60,United-States,0.8229798839987831,0
55,Federal-gov,35723,Masters,14,Married-civ-spouse,Exec-managerial,Husband,White,Male,0,0,60,United-States,0.8229341186672411,0
83,Self-emp-inc,240150,10th,6,Married-civ-spouse,Farming-fishing,Husband,White,Male,20051,0,50,United-States,0.8224019402753733,2
30,Private,101345,Bachelors,13,Married-civ-spouse,Sales,Wife,White,Female,3103,0,55,United-States,0.8223848776540131,0
46,Private,357338,Bachelors,13,Married-civ-spouse,Tech-support,Husband,White,Male,0,0,40,United-States,0.8223554621579071,0
33,Private,181372,Masters,14,Married-civ-spouse,Exec-managerial,Wife,White,Female,0,0,50,United-States,0.822333800410729,0
61,Federal-gov,28291,Bachelors,13,Married-civ-spouse,Exec-managerial,Wife,White,Female,0,0,40,United-States,0.8222649564531749,0
49,Private,81654,Prof-school,15,Married-civ-spouse,Prof-specialty,Husband,White,Male,0,0,60,United-States,0.8222518240337464,0
52,Private,347519,Bachelors,13,Married-civ-spouse,Exec-managerial,Husband,White,Male,0,0,55,United-States,0.8216639934616237,0
35,Private,374524,Prof-school,15,Married-civ-spouse,Prof-specialty,Husband,White,Male,0,0,75,United-States,0.8213157846562084,0
53,State-gov,246820,Doctorate,16,Married-civ-spouse,Prof-specialty,Husband,White,Male,0,0,50,United-States,0.8212651934020029,0
46,Federal-gov,39606,Masters,14,Married-civ-spouse,Exec-managerial,Husband,White,Male,0,0,40,England,0.8208762274733881,0
40,State-gov,141858,Prof-school,15,Married-civ-spouse,Prof-specialty,Husband,White,Male,0,0,72,United-States,0.8208423241267832,0
54,Private,37289,Masters,14,Married-civ-spouse,Exec-managerial,Wife,White,Female,0,0,55,United-States,0.8206824198843117,0
41,Private,204662,Masters,14,Married-civ-spouse,Exec-managerial,Husband,White,Male,0,0,45,United-States,0.8202739549140822,0
43,Private,214781,Masters,14,Married-civ-spouse,Exec-managerial,Husband,White,Male,0,0,45,United-States,0.8202739549140822,0
64,Private,192884,Prof-school,15,Married-civ-spouse,Exec-managerial,Husband,White,Male,0,0,60,United-States,0.8202640005422164,0
40,Private,259307,Masters,14,Married-civ-spouse,Exec-managerial,Husband,White,Male,0,0,50,United-States,0.8202443021887821,0
66,Self-emp-inc,253741,HS-grad,9,Married-civ-spouse,Sales,Husband,White,Male,0,1825,10,United-States,0.8201646086168776,1
36,Self-emp-not-inc,408427,Prof-school,15,Married-civ-spouse,Prof-specialty,Husband,White,Male,0,0,60,United-States,0.8201053165313338,0
54,Local-gov,34832,Doctorate,16,Married-civ-spouse,Exec-managerial,Husband,White,Male,0,0,60,United-States,0.8192029964470968,0
40,Private,71738,Masters,14,Married-civ-spouse,Exec-managerial,Husband,White,Male,0,0,46,United-States,0.8188921874817886,0
40,Private,188291,Prof-school,15,Married-civ-spouse,Prof-specialty,Husband,White,Male,0,0,40,United-States,0.8188170503233686,0
43,Self-emp-not-inc,101534,Some-college,10,Married-civ-spouse,Exec-managerial,Husband,White,Male,0,1902,15,United-States,0.8187526401426768,1
45,Self-emp-not-inc,118081,Some-college,10,Married-civ-spouse,Other-service,Husband,White,Male,3103,0,42,United-States,0.8180077463588535,0
57,Self-emp-inc,125000,Prof-school,15,Married-civ-spouse,Prof-specialty,Husband,White,Male,0,0,35,United-States,0.8179539423466645,0
42,Self-emp-inc,348886,Bachelors,13,Married-civ-spouse,Exec-managerial,Husband,White,Male,0,0,45,United-States,0.8178305010940298,0
40,Private,225660,Bachelors,13,Married-civ-spouse,Exec-managerial,Wife,White,Female,0,0,45,United-States,0.8176952899085034,0
41,State-gov,309056,Doctorate,16,Married-civ-spouse,Prof-specialty,Husband,White,Male,0,0,50,United-States,0.8176007109457591,0
60,Private,185836,Prof-school,15,Married-civ-spouse,Exec-managerial,Husband,White,Male,0,0,40,United-States,0.8175129505682952,0
37,Private,377798,Some-college,10,Married-civ-spouse,Craft-repair,Husband,White,Male,3103,0,40,United-States,0.8173795851531932,0
38,Private,348739,Prof-school,15,Married-civ-spouse,Prof-specialty,Husband,White,Male,0,0,60,United-States,0.8172459042191084,0
42,Self-emp-inc,152071,Prof-school,15,Married-civ-spouse,Prof-specialty,Husband,White,Male,0,0,60,Cuba,0.8169908003250401,0
45,Private,242391,Bachelors,13,Married-civ-spouse,Exec-managerial,Husband,White,Male,0,0,60,United-States,0.8169584812162143,0
53,Private,70387,Masters,14,Married-civ-spouse,Prof-specialty,Husband,Asian-Pac-Islander,Male,4386,0,40,India,0.8169352890696433,1
75,Self-emp-not-inc,309955,Prof-school,15,Married-civ-spouse,Prof-specialty,Husband,White,Male,0,2174,50,United-States,0.8168798879275797,0
57,Self-emp-inc,37345,Prof-school,15,Married-civ-spouse,Prof-specialty,Husband,White,Male,0,0,36,United-States,0.8168053983910247,0
47,Private,185866,Prof-school,15,Married-civ-spouse,Prof-specialty,Husband,White,Male,0,0,60,?,0.8167715850043538,0
37,Private,284582,Masters,14,Married-civ-spouse,Exec-managerial,Wife,White,Female,0,0,40,United-States,0.8162506755449852,0
61,?,202106,HS-grad,9,Married-civ-spouse,?,Husband,White,Male,0,1902,40,United-States,0.8161725535331595,0
40,Self-emp-inc,110862,Assoc-acdm,12,Married-civ-spouse,Craft-repair,Husband,White,Male,0,2377,50,United-States,0.81612377076102,0
53,Self-emp-not-inc,159876,HS-grad,9,Married-civ-spouse,Craft-repair,Husband,Black,Male,3103,0,72,United-States,0.8159119380061358,0
43,Private,227065,Masters,14,Married-civ-spouse,Exec-managerial,Husband,White,Male,0,0,43,United-States,0.815822532673395,0
37,Private,112497,Prof-school,15,Married-civ-spouse,Prof-specialty,Husband,White,Male,0,0,50,United-States,0.8157974959935993,0
41,Private,146908,Doctorate,16,Married-civ-spouse,Prof-specialty,Husband,White,Male,0,0,60,United-States,0.8155343231918283,0
47,Private,192793,Doctorate,16,Married-civ-spouse,Prof-specialty,Husband,White,Male,0,0,40,Iran,0.8148895686848745,0
37,Self-emp-not-inc,180150,Prof-school,15,Married-civ-spouse,Prof-specialty,Husband,White,Male,0,0,45,United-States,0.8148775247308527,0
37,State-gov,160910,Doctorate,16,Married-civ-spouse,Prof-specialty,Husband,White,Male,0,0,45,United-States,0.8144584216603366,0
53,Private,194259,Some-college,10,Married-civ-spouse,Adm-clerical,Wife,White,Female,4386,0,40,United-States,0.8141336242631825,0
44,Private,145160,Doctorate,16,Married-civ-spouse,Prof-specialty,Husband,White,Male,0,0,40,United-States,0.813841474701452,0
40,State-gov,86912,Doctorate,16,Married-civ-spouse,Prof-specialty,Husband,White,Male,0,0,50,United-States,0.8137236649873834,0
53,State-gov,58913,Masters,14,Married-civ-spouse,Exec-managerial,Husband,White,Male,0,0,42,United-States,0.8137065137868514,0
42,Private,268183,Bachelors,13,Married-civ-spouse,Exec-managerial,Husband,White,Male,0,1485,60,United-States,0.8134996134702054,0
43,Self-emp-not-inc,193494,Prof-school,15,Married-civ-spouse,Prof-specialty,Husband,White,Male,0,0,60,United-States,0.8134929764386106,0
46,Private,31432,HS-grad,9,Married-civ-spouse,Adm-clerical,Wife,White,Female,3103,0,52,United-States,0.8132735644881666,0
41,Federal-gov,564135,Masters,14,Married-civ-spouse,Exec-managerial,Husband,White,Male,0,0,40,United-States,0.8131514481900666,0
42,Federal-gov,122861,Masters,14,Married-civ-spouse,Exec-managerial,Husband,White,Male,0,0,40,United-States,0.8130723235074055,0
26,Private,366219,HS-grad,9,Married-civ-spouse,Craft-repair,Husband,Black,Male,0,1848,60,United-States,0.8130528630166031,1
52,Self-emp-inc,132178,Bachelors,13,Married-civ-spouse,Exec-managerial,Husband,White,Male,0,0,50,United-States,0.8130185547096562,0
48,Private,248164,Bachelors,13,Married-civ-spouse,Sales,Husband,White,Male,4386,0,50,United-States,0.8127227249179826,0
48,Self-emp-inc,103713,Masters,14,Married-civ-spouse,Sales,Husband,White,Male,0,0,40,United-States,0.8127046550806469,0
42,Private,115511,Doctorate,16,Married-civ-spouse,Prof-specialty,Husband,White,Male,0,0,50,United-States,0.8126338416008503,0
47,Private,144351,Bachelors,13,Married-civ-spouse,Exec-managerial,Husband,White,Male,0,0,45,United-States,0.8123529374821684,0
51,Private,193720,Bachelors,13,Married-civ-spouse,Exec-managerial,Husband,White,Male,0,0,45,United-States,0.8123529374821684,0
27,Private,141545,HS-grad,9,Married-civ-spouse,Transport-moving,Husband,White,Male,0,1902,45,United-States,0.8123414435355488,0
33,State-gov,220066,Doctorate,16,Married-civ-spouse,Prof-specialty,Wife,White,Female,0,0,48,United-States,0.8122369717105847,0
54,Self-emp-inc,298215,Bachelors,13,Married-civ-spouse,Exec-managerial,Husband,White,Male,0,0,50,United-States,0.8121361767942654,0
38,Self-emp-inc,159179,Prof-school,15,Married-civ-spouse,Prof-specialty,Husband,White,Male,0,0,45,United-States,0.812088555823711,0
45,Private,266860,Bachelors,13,Married-civ-spouse,Exec-managerial,Husband,White,Male,0,0,50,United-States,0.8119342791816492,0
46,Private,330087,Bachelors,13,Married-civ-spouse,Exec-managerial,Husband,White,Male,0,0,55,United-States,0.8119342791816492,0
60,State-gov,165827,Doctorate,16,Married-civ-spouse,Prof-specialty,Husband,White,Male,0,0,55,United-States,0.8117800461635947,0
53,Private,312446,Bachelors,13,Married-civ-spouse,Exec-managerial,Husband,White,Male,0,0,60,United-States,0.8117630670957376,0
65,?,240857,Bachelors,13,Married-civ-spouse,?,Husband,White,Male,0,2377,40,United-States,0.8116109545239213,0
40,Self-emp-not-inc,238574,Prof-school,15,Married-civ-spouse,Prof-specialty,Husband,White,Male,0,0,55,United-States,0.8113931513030243,0
55,State-gov,117357,Doctorate,16,Married-civ-spouse,Prof-specialty,Husband,Asian-Pac-Islander,Male,0,0,70,?,0.8106875826420586,3
58,Private,222247,10th,6,Married-civ-spouse,Transport-moving,Husband,White,Male,0,1887,40,United-States,0.8105143826881425,0
39,Private,150480,Prof-school,15,Married-civ-spouse,Prof-specialty,Husband,White,Male,0,0,55,United-States,0.8104171137443376,0
44,Private,296728,Masters,14,Married-civ-spouse,Exec-managerial,Husband,White,Male,0,0,40,United-States,0.8103880244955334,0
35,Self-emp-inc,289430,Masters,14,Married-civ-spouse,Sales,Husband,White,Male,0,0,45,Mexico,0.8102518177798566,0
40,Self-emp-not-inc,123306,Prof-school,15,Married-civ-spouse,Prof-specialty,Husband,White,Male,0,0,45,United-States,0.810216602400705,0
58,Private,172618,Prof-school,15,Married-civ-spouse,Prof-specialty,Husband,White,Male,0,0,45,United-States,0.8100473703339348,0
55,Private,50164,Doctorate,16,Married-civ-spouse,Exec-managerial,Husband,White,Male,0,0,60,United-States,0.8099374500185,0
67,Private,264095,Some-college,10,Married-civ-spouse,Handlers-cleaners,Husband,White,Male,9386,0,24,Cuba,0.8099079514411163,0
52,Self-emp-inc,138497,Bachelors,13,Married-civ-spouse,Exec-managerial,Husband,White,Male,0,0,60,United-States,0.8098880021951989,0
48,Private,121424,Bachelors,13,Married-civ-spouse,Exec-managerial,Husband,White,Male,0,0,55,United-States,0.809818255017029,0
47,Self-emp-not-inc,159869,Doctorate,16,Married-civ-spouse,Craft-repair,Husband,White,Male,0,0,50,United-States,0.8096435248180807,0
42,Self-emp-inc,120277,Masters,14,Married-civ-spouse,Exec-managerial,Husband,White,Male,0,0,40,United-States,0.8096288746919865,0
44,Self-emp-inc,352971,Bachelors,13,Married-civ-spouse,Exec-managerial,Husband,White,Male,0,0,45,United-States,0.809540548016918,0
49,Private,224393,Bachelors,13,Married-civ-spouse,Exec-managerial,Husband,White,Male,0,0,55,United-States,0.8093104242955178,0
48,Private,138970,Bachelors,13,Married-civ-spouse,Exec-managerial,Husband,White,Male,0,0,45,United-States,0.8093104242955178,0
47,Private,212120,Bachelors,13,Married-civ-spouse,Exec-managerial,Husband,White,Male,0,0,45,United-States,0.8093104242955178,0
47,Private,129513,Bachelors,13,Married-civ-spouse,Exec-managerial,Husband,White,Male,0,0,60,United-States,0.8093104242955178,0
53,Private,129525,Bachelors,13,Married-civ-spouse,Exec-managerial,Husband,White,Male,0,0,50,United-States,0.8093104242955178,0
50,Private,128143,Bachelors,13,Married-civ-spouse,Exec-managerial,Husband,White,Male,0,0,50,United-States,0.8093104242955178,0
46,Private,249935,Doctorate,16,Married-civ-spouse,Prof-specialty,Husband,White,Male,0,0,70,United-States,0.8092571157550288,0
48,Private,199058,Masters,14,Married-civ-spouse,Exec-managerial,Husband,White,Male,0,0,40,United-States,0.809176292033841,0
48,Private,185143,Masters,14,Married-civ-spouse,Exec-managerial,Husband,White,Male,0,0,40,United-States,0.809176292033841,0
66,Self-emp-not-inc,427422,Doctorate,16,Married-civ-spouse,Sales,Husband,White,Male,0,2377,25,United-States,0.8088900525568826,2
35,Private,186845,Prof-school,15,Married-civ-spouse,Prof-specialty,Husband,White,Male,0,0,45,United-States,0.8088591256472135,0
37,Self-emp-inc,196123,Masters,14,Married-civ-spouse,Exec-managerial,Husband,White,Male,0,0,70,United-States,0.8088061209325419,0
61,Private,147280,Masters,14,Married-civ-spouse,Exec-managerial,Husband,White,Male,0,0,60,United-States,0.8087163637457684,0
59,Private,91384,Doctorate,16,Married-civ-spouse,Prof-specialty,Husband,White,Male,0,0,60,United-States,0.8087141581413277,0
48,Local-gov,317360,Masters,14,Married-civ-spouse,Prof-specialty,Wife,White,Female,0,0,40,United-States,0.8086360417548072,0
42,Private,116632,Doctorate,16,Married-civ-spouse,Prof-specialty,Husband,White,Male,0,0,45,United-States,0.8086021987033485,0
57,Private,265099,Prof-school,15,Married-civ-spouse,Prof-specialty,Husband,White,Male,0,0,60,United-States,0.8083987544498803,0
56,Private,245215,Doctorate,16,Married-civ-spouse,Prof-specialty,Husband,White,Male,0,0,50,United-States,0.8083987544498803,0
58,Private,320102,Doctorate,16,Married-civ-spouse,Prof-specialty,Husband,White,Male,0,0,50,United-States,0.8083987544498803,0
57,Self-emp-inc,180211,Prof-school,15,Married-civ-spouse,Prof-specialty,Husband,Asian-Pac-Islander,Male,0,0,50,Taiwan,0.8083368301399103,2
34,Private,204461,Doctorate,16,Married-civ-spouse,Prof-specialty,Husband,White,Male,0,0,60,United-States,0.8082518681542195,0
50,Self-emp-inc,160107,Masters,14,Married-civ-spouse,Prof-specialty,Husband,White,Male,0,0,55,United-States,0.8080086495307192,0
49,Private,122385,Masters,14,Married-civ-spouse,Exec-managerial,Husband,White,Male,0,0,40,United-States,0.8079346086806467,0
45,Private,207277,Bachelors,13,Married-civ-spouse,Exec-managerial,Husband,White,Male,0,0,50,United-States,0.8078791051608017,0
52,Private,236497,Bachelors,13,Married-civ-spouse,Exec-managerial,Husband,White,Male,0,0,48,United-States,0.8078791051608017,0
42,Private,269028,Doctorate,16,Married-civ-spouse,Prof-specialty,Husband,White,Male,0,0,40,France,0.8078031800297443,0
53,State-gov,197184,Masters,14,Married-civ-spouse,Exec-managerial,Husband,White,Male,0,0,70,United-States,0.8077840343770987,0
53,State-gov,123011,Masters,14,Married-civ-spouse,Exec-managerial,Husband,White,Male,0,0,60,United-States,0.8077840343770987,0
48,Federal-gov,326048,Bachelors,13,Married-civ-spouse,Prof-specialty,Husband,White,Male,0,0,44,United-States,0.8077418116484922,0
41,Local-gov,235951,Prof-school,15,Married-civ-spouse,Prof-specialty,Husband,White,Male,0,0,50,United-States,0.8077080543787167,0
37,Private,294292,Prof-school,15,Married-civ-spouse,Exec-managerial,Husband,White,Male,0,0,40,United-States,0.8075981783306293,0
41,Self-emp-not-inc,204235,Prof-school,15,Married-civ-spouse,Prof-specialty,Husband,White,Male,0,0,50,United-States,0.8075796289774106,0
41,Self-emp-not-inc,150533,Prof-school,15,Married-civ-spouse,Prof-specialty,Husband,White,Male,0,0,50,United-States,0.8075796289774106,0
52,Private,167794,Doctorate,16,Married-civ-spouse,Exec-managerial,Husband,White,Male,0,0,38,United-States,0.8075479692638879,0
50,Local-gov,100480,Masters,14,Married-civ-spouse,Exec-managerial,Husband,White,Male,0,0,60,United-States,0.8075258494239616,0
51,State-gov,172962,Doctorate,16,Married-civ-spouse,Prof-specialty,Husband,White,Male,0,0,40,United-States,0.807224975879664,0
36,Private,280169,Masters,14,Married-civ-spouse,Exec-managerial,Husband,White,Male,0,0,50,United-States,0.8071784220724254,0
58,Self-emp-inc,329793,Bachelors,13,Married-civ-spouse,Exec-managerial,Husband,White,Male,0,0,45,United-States,0.8071514788605285,0
36,Federal-gov,106297,Masters,14,Married-civ-spouse,Exec-managerial,Husband,White,Male,0,0,40,United-States,0.8068577598305844,0
34,Private,207668,Some-college,10,Married-civ-spouse,Handlers-cleaners,Husband,White,Male,0,1887,40,United-States,0.8065876225456835,0
38,Private,136081,Prof-school,15,Married-civ-spouse,Prof-specialty,Husband,White,Male,0,0,60,United-States,0.8065098941267526,0
40,Private,193524,Doctorate,16,Married-civ-spouse,Prof-specialty,Husband,White,Male,0,0,60,United-States,0.8065098941267526,0
39,Self-emp-not-inc,195253,Prof-school,15,Married-civ-spouse,Prof-specialty,Husband,White,Male,0,0,45,United-States,0.8065084130718796,0
45,Private,243631,Doctorate,16,Married-civ-spouse,Prof-specialty,Husband,Asian-Pac-Islander,Male,0,0,45,China,0.8064510401841517,1
43,Self-emp-not-inc,116666,Prof-school,15,Married-civ-spouse,Prof-specialty,Husband,Other,Male,0,0,35,United-States,0.8064067467120147,2
44,Private,120057,Assoc-acdm,12,Married-civ-spouse,Exec-managerial,Husband,White,Male,4386,0,45,United-States,0.806310077556984,0
34,Self-emp-inc,154120,Masters,14,Married-civ-spouse,Sales,Husband,White,Male,0,0,60,United-States,0.8062537610435865,0
45,Private,216932,Masters,14,Married-civ-spouse,Exec-managerial,Husband,White,Male,0,0,40,United-States,0.8061627463323344,0
45,Federal-gov,171335,Masters,14,Married-civ-spouse,Sales,Husband,White,Male,0,0,50,United-States,0.8059645808666538,0
49,Private,177211,Bachelors,13,Married-civ-spouse,Exec-managerial,Husband,White,Male,0,0,50,United-States,0.8058306576162949,0
48,Private,186172,Bachelors,13,Married-civ-spouse,Exec-managerial,Husband,White,Male,0,0,45,United-States,0.8058306576162949,0
56,Private,282023,Prof-school,15,Married-civ-spouse,Prof-specialty,Husband,White,Male,0,0,45,United-States,0.8057844261101462,0
51,Private,207449,Bachelors,13,Married-civ-spouse,Exec-managerial,Husband,White,Male,0,0,55,United-States,0.8057407028772728,0
47,Self-emp-not-inc,107231,Doctorate,16,Married-civ-spouse,Prof-specialty,Husband,White,Male,0,0,35,United-States,0.805729508542087,0
45,Self-emp-inc,173664,Bachelors,13,Married-civ-spouse,Exec-managerial,Husband,White,Male,0,0,45,United-States,0.805631753698281,0
52,Private,110748,Masters,14,Married-civ-spouse,Prof-specialty,Husband,White,Male,0,0,50,United-States,0.805605867784431,0
52,Private,386397,Bachelors,13,Married-civ-spouse,Exec-managerial,Husband,White,Male,0,0,45,United-States,0.8049642778927625,0
58,Private,98725,Doctorate,16,Married-civ-spouse,Prof-specialty,Husband,White,Male,0,0,50,United-States,0.8049417422279241,0
57,Private,170287,Masters,14,Married-civ-spouse,Tech-support,Husband,White,Male,0,0,40,United-States,0.804889390090185,0
74,State-gov,88638,Doctorate,16,Never-married,Prof-specialty,Other-relative,White,Female,0,3683,20,United-States,0.804754395991323,4
39,Private,96452,Masters,14,Married-civ-spouse,Exec-managerial,Husband,White,Male,0,0,55,United-States,0.804705868400909,0
37,Private,49115,Masters,14,Married-civ-spouse,Exec-managerial,Husband,White,Male,0,0,60,United-States,0.8044955272282333,0
54,Private,185407,Bachelors,13,Married-civ-spouse,Exec-managerial,Husband,White,Male,0,0,60,United-States,0.8044314343537926,0
36,Private,357619,Bachelors,13,Married-civ-spouse,Exec-managerial,Wife,White,Female,0,0,60,Germany,0.8044071426256342,0
51,Self-emp-inc,124963,Masters,14,Married-civ-spouse,Sales,Husband,White,Male,0,0,40,United-States,0.8042673400828315,0
37,Federal-gov,129573,Doctorate,16,Married-civ-spouse,Prof-specialty,Husband,White,Male,0,0,72,?,0.8036790985100124,0
55,Private,104724,Doctorate,16,Married-civ-spouse,Prof-specialty,Husband,White,Male,0,0,40,United-States,0.8036186292749837,0
55,State-gov,200497,Masters,14,Married-civ-spouse,Exec-managerial,Husband,White,Male,0,0,45,United-States,0.803605824781404,0
33,Private,51471,HS-grad,9,Married-civ-spouse,Tech-support,Wife,White,Female,0,1902,40,United-States,0.8034057419545991,0
48,Private,131309,Masters,14,Married-civ-spouse,Prof-specialty,Husband,White,Male,0,0,45,United-States,0.8032395229779793,0
40,Private,174373,Bachelors,13,Married-civ-spouse,Exec-managerial,Husband,White,Male,0,0,50,United-States,0.8028802405115756,0
27,Private,211032,Preschool,1,Married-civ-spouse,Farming-fishing,Other-relative,White,Male,41310,0,24,Mexico,0.8028133661026561,4
40,Federal-gov,280167,Masters,14,Married-civ-spouse,Prof-specialty,Husband,White,Male,0,0,40,United-States,0.8026303305804029,0
37,Private,321943,Prof-school,15,Married-civ-spouse,Prof-specialty,Husband,White,Male,0,0,40,United-States,0.8026048739084259,0
54,Private,171924,Bachelors,13,Married-civ-spouse,Tech-support,Husband,White,Male,0,0,48,United-States,0.8025342314777069,0
46,Private,283037,Bachelors,13,Married-civ-spouse,Exec-managerial,Husband,White,Male,0,0,50,United-States,0.8023567079456357,0
22,Self-emp-not-inc,214014,Some-college,10,Never-married,Sales,Own-child,Black,Male,99999,0,55,United-States,0.8023207422179702,1
45,Self-emp-inc,188330,Bachelors,13,Married-civ-spouse,Exec-managerial,Husband,White,Male,0,0,60,United-States,0.8021945189835613,0
34,Private,418020,Doctorate,16,Married-civ-spouse,Prof-specialty,Husband,White,Male,0,0,50,United-States,0.8021449558206315,0
44,Private,427952,Bachelors,13,Married-civ-spouse,Prof-specialty,Husband,White,Male,0,0,40,United-States,0.802035436491819,0
59,Private,182460,Bachelors,13,Married-civ-spouse,Exec-managerial,Husband,White,Male,0,0,60,United-States,0.8019899077713526,0
64,Federal-gov,175534,Doctorate,16,Married-civ-spouse,Prof-specialty,Husband,Asian-Pac-Islander,Male,0,0,40,China,0.8019426958726268,3
38,Private,22494,Some-college,10,Divorced,Adm-clerical,Not-in-family,White,Female,7443,0,40,United-States,0.8016094004401679,1
34,Private,228873,Doctorate,16,Married-civ-spouse,Prof-specialty,Husband,White,Male,0,0,45,United-States,0.8013154662408073,0
51,Self-emp-not-inc,103257,Prof-school,15,Married-civ-spouse,Prof-specialty,Husband,White,Male,0,0,40,United-States,0.8012944260818174,0
38,Private,277248,Masters,14,Married-civ-spouse,Exec-managerial,Husband,White,Male,0,0,60,Cuba,0.8012616851607559,0
45,Federal-gov,283037,Bachelors,13,Married-civ-spouse,Exec-managerial,Husband,White,Male,0,0,40,United-States,0.8011667672182263,0
51,Private,108435,Masters,14,Married-civ-spouse,Prof-specialty,Husband,White,Male,0,0,47,United-States,0.80076930720858,0
44,Private,286750,Bachelors,13,Married-civ-spouse,Exec-managerial,Husband,Black,Male,0,0,50,United-States,0.8006671298799513,1
38,Private,368140,Bachelors,13,Married-civ-spouse,Exec-managerial,Husband,White,Male,0,0,50,United-States,0.8006538425163612,0
37,Private,189878,Prof-school,15,Married-civ-spouse,Prof-specialty,Husband,White,Male,0,0,50,United-States,0.8006196891314749,0
56,Private,161662,Bachelors,13,Married-civ-spouse,Exec-managerial,Husband,White,Male,0,0,42,United-States,0.8002322908375031,0
44,Local-gov,193425,Masters,14,Married-civ-spouse,Prof-specialty,Wife,White,Female,4386,0,40,United-States,0.7998117075196374,0
64,Private,98586,Doctorate,16,Married-civ-spouse,Prof-specialty,Husband,White,Male,0,0,60,United-States,0.7997227833544454,0
46,Local-gov,209057,Masters,14,Married-civ-spouse,Exec-managerial,Husband,White,Male,0,0,50,United-States,0.7996677275544336,0
41,Private,211253,Masters,14,Married-civ-spouse,Exec-managerial,Wife,White,Female,0,0,40,United-States,0.7995827791523581,0
42,Local-gov,138077,Masters,14,Married-civ-spouse,Prof-specialty,Wife,White,Female,0,0,38,United-States,0.7995676882463032,0
53,State-gov,53197,Doctorate,16,Married-civ-spouse,Adm-clerical,Husband,White,Male,0,0,50,United-States,0.7992832174375748,0
35,Private,139364,HS-grad,9,Married-civ-spouse,Sales,Husband,White,Male,0,1902,40,United-States,0.7992724614376953,0
50,Private,220019,Masters,14,Married-civ-spouse,Prof-specialty,Wife,White,Female,0,0,40,United-States,0.799194214236794,0
48,Self-emp-not-inc,246891,Prof-school,15,Married-civ-spouse,Craft-repair,Husband,White,Male,0,0,60,United-States,0.7991860312286123,0
41,Private,130126,Prof-school,15,Married-civ-spouse,Prof-specialty,Husband,White,Male,0,0,80,United-States,0.7989058902452911,0
59,Local-gov,303455,Masters,14,Widowed,Prof-specialty,Unmarried,White,Female,4787,0,60,United-States,0.798884122551671,0
35,Private,113481,Doctorate,16,Married-civ-spouse,Prof-specialty,Husband,White,Male,0,0,60,United-States,0.7987525944162658,0
51,Local-gov,166461,Doctorate,16,Married-civ-spouse,Prof-specialty,Wife,Black,Female,0,0,40,United-States,0.7983303695986262,0
53,Self-emp-inc,155983,Masters,14,Married-civ-spouse,Sales,Husband,White,Male,0,0,65,United-States,0.7981880818148321,0
36,Private,185099,Prof-school,15,Married-civ-spouse,Prof-specialty,Husband,White,Male,0,0,55,United-States,0.7981857467591024,0
53,Private,311350,Bachelors,13,Married-civ-spouse,Exec-managerial,Husband,White,Male,0,0,50,United-States,0.7981707071395595,0
46,Private,389843,Bachelors,13,Married-civ-spouse,Sales,Husband,White,Male,0,0,50,Germany,0.7980952116969057,0
44,Private,120277,Masters,14,Married-civ-spouse,Exec-managerial,Husband,White,Male,0,0,38,United-States,0.7980265810519385,0
54,Private,161691,Masters,14,Divorced,Prof-specialty,Not-in-family,White,Female,0,2559,40,United-States,0.7979536562157519,2
44,Private,209174,Bachelors,13,Married-civ-spouse,Exec-managerial,Husband,White,Male,0,0,70,United-States,0.7979194634897041,0
49,Private,110243,Bachelors,13,Married-civ-spouse,Exec-managerial,Husband,White,Male,0,0,45,United-States,0.797669310356719,0
50,Self-emp-inc,251240,Masters,14,Married-civ-spouse,Sales,Husband,White,Male,0,0,40,United-States,0.797612265856987,0
36,Private,143123,Prof-school,15,Married-civ-spouse,Prof-specialty,Husband,White,Male,0,0,50,United-States,0.7975595522415962,0
36,Private,186865,Doctorate,16,Married-civ-spouse,Prof-specialty,Husband,White,Male,0,0,60,United-States,0.7975595522415962,0
52,Private,74660,Masters,14,Married-civ-spouse,Exec-managerial,Husband,White,Male,0,0,40,United-States,0.7975334932922238,0
37,Self-emp-not-inc,348739,Prof-school,15,Married-civ-spouse,Prof-specialty,Husband,White,Male,0,0,50,United-States,0.7975158189007585,0
44,Private,104196,Masters,14,Married-civ-spouse,Prof-specialty,Husband,White,Male,0,0,45,United-States,0.7974305211620716,0
43,Private,304175,Masters,14,Married-civ-spouse,Prof-specialty,Husband,White,Male,0,0,50,United-States,0.7973513166461694,0
35,Private,316141,Some-college,10,Divorced,Prof-specialty,Unmarried,White,Female,7443,0,40,United-States,0.7973128618086783,1
47,Private,170850,Bachelors,13,Married-civ-spouse,Tech-support,Husband,White,Male,0,0,48,United-States,0.7971988216389038,0
38,Private,204501,Bachelors,13,Married-civ-spouse,Exec-managerial,Husband,White,Male,0,0,55,United-States,0.7971871831979332,0
53,Private,313243,Some-college,10,Separated,Craft-repair,Not-in-family,White,Male,0,2444,45,United-States,0.7971818181712615,0
59,Private,95165,Doctorate,16,Married-civ-spouse,Sales,Husband,White,Male,0,0,40,United-States,0.7968047178750965,0
40,Local-gov,202872,Masters,14,Married-civ-spouse,Prof-specialty,Wife,White,Female,0,0,40,United-States,0.7966490412042724,0
58,Private,265086,Bachelors,13,Married-civ-spouse,Exec-managerial,Husband,White,Male,0,0,50,United-States,0.7964773175244322,0
45,Private,154308,Masters,14,Married-civ-spouse,Exec-managerial,Husband,Black,Male,0,0,40,United-States,0.7964369100687734,1
49,Private,185385,Masters,14,Married-civ-spouse,Prof-specialty,Husband,White,Male,0,0,50,United-States,0.7964127663217163,0
58,Private,170108,Masters,14,Married-civ-spouse,Exec-managerial,Husband,White,Male,0,0,40,United-States,0.7964102754672379,0
59,Private,232672,Masters,14,Married-civ-spouse,Exec-managerial,Husband,White,Male,0,0,40,United-States,0.7964102754672379,0
58,Private,115605,Masters,14,Married-civ-spouse,Prof-specialty,Husband,White,Male,0,0,50,United-States,0.7963964824895917,0
53,State-gov,231472,Doctorate,16,Married-civ-spouse,Prof-specialty,Husband,White,Male,0,0,40,United-States,0.7963318829892272,0
36,Private,199346,Masters,14,Married-civ-spouse,Prof-specialty,Wife,White,Female,0,0,50,United-States,0.796311172187814,0
36,Private,90159,Bachelors,13,Married-civ-spouse,Prof-specialty,Wife,White,Female,0,0,32,United-States,0.7960979085511432,0
38,Private,455379,Bachelors,13,Married-civ-spouse,Exec-managerial,Husband,White,Male,0,0,63,United-States,0.7959173323896257,0
46,Federal-gov,219967,Bachelors,13,Married-civ-spouse,Exec-managerial,Husband,White,Male,0,0,40,United-States,0.7957583505250503,0
46,Private,55720,Masters,14,Married-civ-spouse,Exec-managerial,Husband,White,Male,0,0,45,United-States,0.7955842599136418,0
45,Local-gov,209482,Masters,14,Married-civ-spouse,Prof-specialty,Wife,White,Female,0,0,45,United-States,0.7954688966144599,0
66,?,212759,Bachelors,13,Married-civ-spouse,?,Husband,White,Male,6767,0,20,United-States,0.7954400578071489,1
49,Local-gov,186539,Masters,14,Married-civ-spouse,Protective-serv,Husband,White,Male,0,0,40,United-States,0.7954093494924196,0
33,Private,144064,Doctorate,16,Married-civ-spouse,Prof-specialty,Husband,White,Male,0,0,55,United-States,0.7953517579616135,0
47,Private,156926,Bachelors,13,Married-civ-spouse,Exec-managerial,Husband,White,Male,0,0,45,Canada,0.7953150807993639,0
54,State-gov,312897,Doctorate,16,Married-civ-spouse,Prof-specialty,Husband,White,Male,0,0,46,England,0.7951607091259344,0
39,Self-emp-inc,189092,Bachelors,13,Married-civ-spouse,Exec-managerial,Husband,White,Male,0,0,45,United-States,0.795033418673527,0
33,Private,118941,Bachelors,13,Married-civ-spouse,Exec-managerial,Wife,White,Female,0,0,32,United-States,0.7949860792922825,0
57,State-gov,32694,Doctorate,16,Married-civ-spouse,Prof-specialty,Husband,White,Male,0,0,40,United-States,0.794599564772243,0
48,Private,379883,Masters,14,Married-civ-spouse,Prof-specialty,Husband,White,Male,0,0,40,Cuba,0.7945052253150895,0
90,Private,46786,Bachelors,13,Married-civ-spouse,Sales,Husband,White,Male,9386,0,15,United-States,0.7942843509618787,0
56,Private,37394,Masters,14,Married-civ-spouse,Exec-managerial,Husband,White,Male,0,0,40,United-States,0.7942707799614199,0
46,Private,128796,Bachelors,13,Married-civ-spouse,Exec-managerial,Husband,White,Male,0,0,44,United-States,0.7941592487169958,0
46,Self-emp-not-inc,103538,Prof-school,15,Married-civ-spouse,Prof-specialty,Husband,White,Male,0,0,65,United-States,0.7940300891378248,0
51,Private,182314,Masters,14,Married-civ-spouse,Tech-support,Husband,White,Male,0,0,40,United-States,0.7940278941388866,0
42,Private,78765,Some-college,10,Married-civ-spouse,Craft-repair,Husband,White,Male,3103,0,45,United-States,0.7939358924009543,0
47,Federal-gov,323798,Bachelors,13,Married-civ-spouse,Exec-managerial,Husband,White,Male,0,0,40,United-States,0.793926813465397,0
44,Self-emp-not-inc,264740,Prof-school,15,Married-civ-spouse,Prof-specialty,Husband,White,Male,0,0,40,United-States,0.7938815799644783,0
57,Federal-gov,310320,Bachelors,13,Married-civ-spouse,Tech-support,Husband,White,Male,0,0,48,United-States,0.7938159002810277,0
66,Private,142624,Assoc-acdm,12,Married-civ-spouse,Machine-op-inspct,Husband,White,Male,5556,0,40,Yugoslavia,0.7938062327897834,1
50,Private,400630,Prof-school,15,Married-civ-spouse,Prof-specialty,Husband,White,Male,0,0,36,United-States,0.7937378857403794,0
47,Private,173938,Bachelors,13,Married-civ-spouse,Exec-managerial,Husband,White,Male,0,0,57,United-States,0.7936998026935156,0
41,Private,268183,Prof-school,15,Married-civ-spouse,Prof-specialty,Husband,White,Male,0,0,45,United-States,0.793457621551925,0
49,Local-gov,337768,Masters,14,Married-civ-spouse,Exec-managerial,Husband,White,Male,0,0,50,United-States,0.7931388361726855,0
46,Private,144351,Masters,14,Married-civ-spouse,Prof-specialty,Husband,White,Male,0,0,40,United-States,0.7931217248376139,0
34,Self-emp-not-inc,140011,Prof-school,15,Married-civ-spouse,Prof-specialty,Husband,White,Male,0,0,55,United-States,0.7930679510847998,0
36,Federal-gov,184556,Bachelors,13,Married-civ-spouse,Exec-managerial,Wife,White,Female,0,0,40,United-States,0.7927531435341925,0
61,Self-emp-not-inc,176965,Prof-school,15,Married-civ-spouse,Prof-specialty,Husband,White,Male,0,0,50,United-States,0.7923441924073877,0
44,Local-gov,83286,Masters,14,Married-civ-spouse,Prof-specialty,Wife,White,Female,0,0,40,United-States,0.7922696506212229,0
53,Private,250034,Bachelors,13,Married-civ-spouse,Exec-managerial,Husband,Black,Male,0,0,50,United-States,0.7922415947564116,1
38,Private,241153,Masters,14,Married-civ-spouse,Exec-managerial,Husband,White,Male,0,0,48,United-States,0.7921707320842382,0
50,Private,69345,Assoc-voc,11,Married-civ-spouse,Transport-moving,Husband,White,Male,3103,0,55,United-States,0.792158445979633,0
45,Private,127111,Masters,14,Married-civ-spouse,Prof-specialty,Husband,White,Male,0,0,55,United-States,0.7921539817703523,0
44,Private,115323,Masters,14,Married-civ-spouse,Exec-managerial,Husband,White,Male,0,0,40,United-States,0.7920784484204537,0
54,Self-emp-inc,383365,Bachelors,13,Married-civ-spouse,Sales,Husband,White,Male,0,0,70,United-States,0.7918720516308353,0
41,Self-emp-inc,94113,Masters,14,Married-civ-spouse,Exec-managerial,Husband,White,Male,0,0,60,United-States,0.791698404167638,0
49,Self-emp-inc,197038,Bachelors,13,Married-civ-spouse,Exec-managerial,Husband,White,Male,0,0,50,United-States,0.7915210542324506,0
46,Private,251474,Bachelors,13,Married-civ-spouse,Exec-managerial,Husband,White,Male,0,0,60,United-States,0.7914583867360568,0
50,Private,270194,Bachelors,13,Married-civ-spouse,Exec-managerial,Husband,White,Male,0,0,60,United-States,0.7914583867360568,0
45,Private,285060,Bachelors,13,Married-civ-spouse,Exec-managerial,Husband,White,Male,0,0,50,United-States,0.7914583867360568,0
46,Local-gov,207677,Bachelors,13,Married-civ-spouse,Protective-serv,Husband,White,Male,0,0,40,United-States,0.7914190251389654,0
39,Private,505119,Masters,14,Married-civ-spouse,Exec-managerial,Husband,White,Male,0,0,40,Cuba,0.7914002840200747,0
36,Local-gov,578377,Masters,14,Married-civ-spouse,Prof-specialty,Wife,White,Female,0,0,40,United-States,0.7913351445091579,0
40,Private,102606,Masters,14,Married-civ-spouse,Exec-managerial,Husband,White,Male,0,0,40,United-States,0.7913086698603173,0
56,Federal-gov,67153,Masters,14,Married-civ-spouse,Exec-managerial,Husband,White,Male,0,0,40,Portugal,0.7911114988405489,0
49,Local-gov,349633,Masters,14,Married-civ-spouse,Prof-specialty,Wife,White,Female,0,0,50,United-States,0.7908634685027749,0
58,Private,197319,Bachelors,13,Married-civ-spouse,Exec-managerial,Husband,White,Male,0,0,45,United-States,0.7906467760143566,0
57,Private,190997,Bachelors,13,Married-civ-spouse,Exec-managerial,Husband,White,Male,0,0,50,United-States,0.7906467760143566,0
50,Local-gov,172175,Prof-school,15,Married-civ-spouse,Prof-specialty,Husband,White,Male,0,0,40,United-States,0.7905734902561988,0
42,Private,201466,Bachelors,13,Married-civ-spouse,Exec-managerial,Husband,White,Male,0,0,45,United-States,0.7904039128438001,0
39,Local-gov,423605,12th,8,Married-civ-spouse,Transport-moving,Husband,White,Male,0,1848,40,Nicaragua,0.7904014399889729,1
53,Private,321865,Masters,14,Married-civ-spouse,Exec-managerial,Husband,White,Male,0,0,40,United-States,0.7901313067146394,0
38,Private,237713,Bachelors,13,Married-civ-spouse,Exec-managerial,Husband,White,Male,0,0,60,United-States,0.7901053484490886,0
38,State-gov,22245,Doctorate,16,Married-civ-spouse,Prof-specialty,Husband,White,Male,0,0,45,United-States,0.789897185801824,0
37,Local-gov,196529,Masters,14,Married-civ-spouse,Prof-specialty,Wife,White,Female,0,0,45,United-States,0.7897600897052889,0
54,Private,117674,Masters,14,Married-civ-spouse,Prof-specialty,Husband,White,Male,0,0,40,United-States,0.7896854272911855,0
34,State-gov,366198,Doctorate,16,Married-civ-spouse,Prof-specialty,Husband,White,Male,0,0,45,Germany,0.7896086358172845,0
38,Private,200818,Prof-school,15,Married-civ-spouse,Prof-specialty,Husband,White,Male,0,0,40,United-States,0.7895077353434078,0
44,Private,164678,Masters,14,Married-civ-spouse,Prof-specialty,Wife,White,Female,0,0,45,United-States,0.7893492608099272,0
42,State-gov,102343,Prof-school,15,Married-civ-spouse,Prof-specialty,Husband,Asian-Pac-Islander,Male,0,0,72,India,0.7890961694434274,2
46,Private,265275,Masters,14,Married-civ-spouse,Prof-specialty,Husband,White,Male,0,0,60,United-States,0.7888351188647118,0
37,Private,51264,Doctorate,16,Married-civ-spouse,Prof-specialty,Husband,White,Male,0,0,99,France,0.7887803742485769,1
59,Private,171355,Doctorate,16,Married-civ-spouse,Exec-managerial,Husband,White,Male,0,0,40,United-States,0.7887501145931393,0
46,Self-emp-inc,278322,Bachelors,13,Married-civ-spouse,Sales,Husband,White,Male,0,0,45,United-States,0.7886884380025945,0
54,Private,291755,Bachelors,13,Married-civ-spouse,Exec-managerial,Husband,White,Male,0,0,45,United-States,0.7886742963150328,0
38,Private,191103,Prof-school,15,Married-civ-spouse,Prof-specialty,Husband,White,Male,0,0,99,United-States,0.788671192638068,0
36,Self-emp-not-inc,283122,HS-grad,9,Married-civ-spouse,Farming-fishing,Husband,White,Male,0,1902,60,United-States,0.7884177314552966,0
43,Self-emp-not-inc,182217,Bachelors,13,Married-civ-spouse,Prof-specialty,Wife,White,Female,0,0,35,United-States,0.7883825370620207,0
40,Self-emp-inc,33126,Masters,14,Married-civ-spouse,Craft-repair,Husband,White,Male,0,0,50,United-States,0.7881763728978894,0
55,Private,189719,Bachelors,13,Married-civ-spouse,Exec-managerial,Husband,White,Male,0,0,45,United-States,0.7881076272644058,0
49,Private,123681,Masters,14,Married-civ-spouse,Prof-specialty,Husband,White,Male,0,0,43,United-States,0.7881039142804782,0
49,Private,175622,Masters,14,Married-civ-spouse,Prof-specialty,Husband,White,Male,0,0,40,United-States,0.7881013621089288,0
41,Private,331651,Prof-school,15,Married-civ-spouse,Exec-managerial,Wife,White,Female,0,0,50,Japan,0.7878037362517903,0
41,Private,253060,Prof-school,15,Married-civ-spouse,Sales,Husband,White,Male,0,0,50,United-States,0.7877460962249572,0
46,Private,273629,Masters,14,Married-civ-spouse,Exec-managerial,Husband,White,Male,0,0,40,United-States,0.7877380629946561,0
50,Local-gov,163998,Bachelors,13,Married-civ-spouse,Protective-serv,Husband,White,Male,0,0,44,United-States,0.7877036275088452,0
32,Private,209538,Masters,14,Married-civ-spouse,Exec-managerial,Husband,White,Male,0,0,55,United-States,0.7876845960037867,0
52,Private,127315,Masters,14,Married-civ-spouse,Prof-specialty,Husband,White,Male,0,0,40,United-States,0.7875906750311338,0
44,Self-emp-not-inc,103111,Prof-school,15,Married-civ-spouse,Prof-specialty,Husband,White,Male,0,0,60,United-States,0.7872540413337124,0
46,Local-gov,14878,Prof-school,15,Married-civ-spouse,Prof-specialty,Husband,Asian-Pac-Islander,Male,0,0,40,Philippines,0.7872253473423192,2
52,Local-gov,236497,Bachelors,13,Married-civ-spouse,Tech-support,Husband,White,Male,0,0,40,United-States,0.7871327658315077,0
39,Local-gov,327164,Masters,14,Married-civ-spouse,Exec-managerial,Husband,White,Male,0,0,45,United-States,0.7871120430200655,0
43,Private,346321,Masters,14,Married-civ-spouse,Prof-specialty,Husband,White,Male,0,0,45,United-States,0.787033213089049,0
44,Federal-gov,191295,Bachelors,13,Married-civ-spouse,Exec-managerial,Husband,Black,Male,0,0,48,United-States,0.7870041636991613,0
72,Local-gov,144515,Doctorate,16,Married-civ-spouse,Exec-managerial,Husband,White,Male,0,1258,40,United-States,0.786844228358611,1
51,Private,259323,Bachelors,13,Married-civ-spouse,Exec-managerial,Husband,White,Male,0,0,50,United-States,0.7863906028500417,0
52,Private,256861,Bachelors,13,Married-civ-spouse,Exec-managerial,Husband,White,Male,0,0,50,United-States,0.7863906028500417,0
49,Private,155489,Masters,14,Married-civ-spouse,Prof-specialty,Husband,White,Male,0,0,50,United-States,0.786293137855427,0
42,Self-emp-not-inc,54202,Prof-school,15,Married-civ-spouse,Prof-specialty,Husband,White,Male,0,0,50,United-States,0.7860829013644333,0
43,Local-gov,163434,Bachelors,13,Married-civ-spouse,Protective-serv,Husband,White,Male,0,0,55,United-States,0.7858962544452199,0
36,Private,199439,Masters,14,Married-civ-spouse,Exec-managerial,Husband,White,Male,0,0,45,United-States,0.7858260488198209,0
66,Self-emp-not-inc,291362,Prof-school,15,Married-civ-spouse,Prof-specialty,Husband,White,Male,0,0,50,United-States,0.7857931258216515,0
34,Self-emp-inc,215382,Masters,14,Separated,Prof-specialty,Not-in-family,White,Female,4787,0,40,United-States,0.7855779789375122,0
51,Private,310774,Prof-school,15,Married-civ-spouse,Prof-specialty,Husband,White,Male,0,0,50,United-States,0.7855177079628033,0
52,Federal-gov,30731,Bachelors,13,Married-civ-spouse,Exec-managerial,Husband,White,Male,0,0,45,United-States,0.7855068416930737,0
72,?,118902,Doctorate,16,Married-civ-spouse,?,Husband,White,Male,0,2392,6,United-States,0.7852263852778941,2
61,Self-emp-not-inc,96073,Prof-school,15,Married-civ-spouse,Prof-specialty,Husband,White,Male,0,0,50,England,0.7851873294759625,0
37,Private,134367,Bachelors,13,Married-civ-spouse,Exec-managerial,Wife,White,Female,0,0,37,United-States,0.7851486753968717,0
44,Private,207685,HS-grad,9,Never-married,Exec-managerial,Not-in-family,White,Male,0,1564,55,England,0.7849605752705329,0
53,Local-gov,204447,Masters,14,Married-civ-spouse,Exec-managerial,Husband,White,Male,0,0,43,United-States,0.784861770258305,0
33,Private,115496,Doctorate,16,Married-civ-spouse,Prof-specialty,Husband,White,Male,0,0,60,United-States,0.7847897298392047,0
55,Private,32365,Bachelors,13,Married-civ-spouse,Exec-managerial,Husband,White,Male,0,0,45,United-States,0.7845634819544736,0
41,Private,149102,Bachelors,13,Married-civ-spouse,Exec-managerial,Husband,White,Male,0,0,60,United-States,0.7842469688122512,0
43,Private,176138,Bachelors,13,Married-civ-spouse,Exec-managerial,Husband,White,Male,0,0,50,United-States,0.7842469688122512,0
59,Private,151616,Masters,14,Married-civ-spouse,Prof-specialty,Husband,White,Male,0,0,55,United-States,0.7842060062223063,0
48,Private,105838,Bachelors,13,Married-civ-spouse,Exec-managerial,Husband,White,Male,0,0,45,United-States,0.784080772558649,0
36,Private,150601,Prof-school,15,Married-civ-spouse,Prof-specialty,Husband,White,Male,0,0,50,?,0.7840453529278921,0
44,Private,267717,Masters,14,Married-civ-spouse,Prof-specialty,Husband,White,Male,0,0,42,United-States,0.784023154446136,0
51,Local-gov,117496,Masters,14,Married-civ-spouse,Prof-specialty,Wife,White,Female,0,0,40,United-States,0.7839916818758668,0
42,Federal-gov,132125,Bachelors,13,Married-civ-spouse,Exec-managerial,Husband,White,Male,0,0,52,United-States,0.7838332180209422,0
53,Private,113995,Bachelors,13,Married-civ-spouse,Exec-managerial,Husband,White,Male,0,0,45,United-States,0.7837778399473867,0
36,State-gov,340091,Doctorate,16,Married-civ-spouse,Prof-specialty,Wife,White,Female,0,0,36,United-States,0.7837299049083771,0
56,Private,182062,Bachelors,13,Married-civ-spouse,Tech-support,Husband,White,Male,0,0,48,United-States,0.7837217738242296,0
48,Private,148995,Masters,14,Married-civ-spouse,Prof-specialty,Husband,White,Male,0,0,55,United-States,0.7836825140850796,0
51,Private,410114,Masters,14,Married-civ-spouse,Craft-repair,Husband,White,Male,0,0,40,United-States,0.7836431079780581,0
52,State-gov,349795,Bachelors,13,Married-civ-spouse,Protective-serv,Husband,White,Male,0,0,40,United-States,0.7835017896056604,0
55,State-gov,120781,Doctorate,16,Married-civ-spouse,Prof-specialty,Husband,Asian-Pac-Islander,Male,0,0,40,India,0.7834618106429188,1
34,Private,209691,Assoc-voc,11,Married-civ-spouse,Prof-specialty,Husband,White,Male,4386,0,50,United-States,0.7833951145584446,0
37,Private,126954,Bachelors,13,Married-civ-spouse,Exec-managerial,Husband,White,Male,0,0,50,United-States,0.7833890953586852,0
37,Private,127772,Bachelors,13,Married-civ-spouse,Exec-managerial,Husband,White,Male,0,0,50,United-States,0.7833890953586852,0
37,Local-gov,265038,Prof-school,15,Married-civ-spouse,Prof-specialty,Husband,White,Male,0,0,60,United-States,0.7833670306286961,0
39,Private,167140,Masters,14,Married-civ-spouse,Exec-managerial,Husband,White,Male,0,0,40,United-States,0.7833144633763424,0
45,Private,275995,Bachelors,13,Married-civ-spouse,Tech-support,Husband,White,Male,0,0,50,United-States,0.783192420283912,0
47,Private,28035,Bachelors,13,Married-civ-spouse,Exec-managerial,Husband,White,Male,0,0,50,United-States,0.783096499000678,0
45,Self-emp-not-inc,216402,Prof-school,15,Married-civ-spouse,Prof-specialty,Husband,Asian-Pac-Islander,Male,0,0,50,India,0.7830788128180056,1
36,Federal-gov,403489,Masters,14,Married-civ-spouse,Prof-specialty,Husband,White,Male,0,0,45,United-States,0.7829801778213499,0
50,Self-emp-not-inc,146603,Prof-school,15,Married-civ-spouse,Prof-specialty,Husband,White,Male,0,0,40,United-States,0.7829450674059907,0
52,Self-emp-not-inc,42984,Prof-school,15,Married-civ-spouse,Prof-specialty,Husband,White,Male,0,0,70,United-States,0.7828755862862768,0
50,Local-gov,234143,Masters,14,Married-civ-spouse,Exec-managerial,Husband,Black,Male,0,0,45,United-States,0.7828409464282333,0
50,Self-emp-not-inc,363405,Bachelors,13,Married-civ-spouse,Tech-support,Wife,White,Female,0,0,50,United-States,0.7827485614658595,0
53,Private,346871,HS-grad,9,Divorced,Prof-specialty,Not-in-family,White,Male,4787,0,46,United-States,0.7825587471335106,0
27,Private,169117,HS-grad,9,Married-civ-spouse,Adm-clerical,Wife,Black,Female,0,1887,40,United-States,0.7821998778628858,0
51,Private,99185,Bachelors,13,Married-civ-spouse,Exec-managerial,Husband,White,Male,0,0,60,United-States,0.7819853027255657,0
41,Private,199018,Prof-school,15,Married-civ-spouse,Exec-managerial,Husband,White,Male,0,0,40,United-States,0.7819611033864186,0
50,Private,135465,Bachelors,13,Married-civ-spouse,Exec-managerial,Husband,White,Male,0,0,50,United-States,0.7819589798228513,0
56,Private,290641,Bachelors,13,Married-civ-spouse,Exec-managerial,Husband,White,Male,0,0,50,United-States,0.7818748410553856,0
57,Private,278228,Bachelors,13,Married-civ-spouse,Exec-managerial,Husband,White,Male,0,0,50,United-States,0.7818748410553856,0
43,Self-emp-inc,198316,Bachelors,13,Married-civ-spouse,Exec-managerial,Husband,White,Male,0,0,50,United-States,0.7818402115446889,0
45,Self-emp-inc,122206,Assoc-acdm,12,Married-civ-spouse,Exec-managerial,Husband,White,Male,0,0,50,United-States,0.781795730386006,0
45,Self-emp-inc,121124,Prof-school,15,Never-married,Craft-repair,Not-in-family,White,Male,0,0,50,United-States,0.781706199375995,0
34,Private,204470,Masters,14,Married-civ-spouse,Exec-managerial,Husband,White,Male,0,0,50,United-States,0.7817031045501248,0
37,Private,112497,Masters,14,Married-civ-spouse,Exec-managerial,Husband,White,Male,0,0,40,United-States,0.7815905041417249,0
48,Self-emp-inc,369522,Bachelors,13,Married-civ-spouse,Exec-managerial,Wife,White,Female,0,0,25,United-States,0.7815872121091693,0
65,Federal-gov,23494,Some-college,10,Married-civ-spouse,Exec-managerial,Husband,Black,Male,0,2174,40,United-States,0.7812831207148514,1
44,Private,176063,Bachelors,13,Married-civ-spouse,Exec-managerial,Husband,White,Male,0,0,45,United-States,0.7812531164060121,0
50,Self-emp-inc,101094,Masters,14,Married-civ-spouse,Sales,Husband,White,Male,0,0,55,United-States,0.7811575423949035,0
52,Self-emp-not-inc,289436,Doctorate,16,Married-civ-spouse,Prof-specialty,Husband,White,Male,0,0,60,United-States,0.7810504631425483,0
55,Local-gov,133201,Masters,14,Married-civ-spouse,Exec-managerial,Husband,White,Male,0,0,50,United-States,0.780717834277398,0
39,Private,91711,Masters,14,Married-civ-spouse,Exec-managerial,Husband,White,Male,0,0,40,United-States,0.7806110398606542,0
59,Private,81973,Masters,14,Married-civ-spouse,Exec-managerial,Husband,Asian-Pac-Islander,Male,0,0,40,United-States,0.7804255907040604,1
40,Private,118853,Bachelors,13,Married-civ-spouse,Exec-managerial,Husband,White,Male,0,0,60,United-States,0.78028685320694,0
40,Private,197344,Bachelors,13,Married-civ-spouse,Exec-managerial,Husband,White,Male,0,0,65,United-States,0.7800417723297023,0
54,Private,177927,Masters,14,Married-civ-spouse,Prof-specialty,Husband,White,Male,0,0,60,United-States,0.7798778955689891,0
48,Private,119471,Doctorate,16,Married-civ-spouse,Prof-specialty,Husband,Asian-Pac-Islander,Male,0,0,40,India,0.779776822149964,1
47,State-gov,216414,Doctorate,16,Married-civ-spouse,Prof-specialty,Husband,White,Male,0,0,40,United-States,0.7797477970963533,0
42,Local-gov,185129,Doctorate,16,Married-civ-spouse,Exec-managerial,Husband,White,Male,0,0,43,?,0.7796331931658655,0
38,Private,234807,Bachelors,13,Married-civ-spouse,Exec-managerial,Wife,White,Female,0,0,50,United-States,0.7795336468840512,0
40,Private,273425,Bachelors,13,Married-civ-spouse,Exec-managerial,Husband,White,Male,0,0,50,United-States,0.7794989575711706,0
44,Self-emp-not-inc,149943,Prof-school,15,Married-civ-spouse,Prof-specialty,Husband,Asian-Pac-Islander,Male,0,0,60,Taiwan,0.7794798118204721,1
52,Local-gov,35092,Doctorate,16,Married-civ-spouse,Exec-managerial,Husband,White,Male,0,0,40,United-States,0.7794100928442679,0
34,Private,294064,Masters,14,Married-civ-spouse,Exec-managerial,Husband,White,Male,0,0,50,France,0.7793541946864716,0
52,Federal-gov,22428,Bachelors,13,Married-civ-spouse,Protective-serv,Husband,White,Male,0,0,60,United-States,0.7792034492613762,0
51,Self-emp-not-inc,170086,Bachelors,13,Married-civ-spouse,Tech-support,Husband,White,Male,0,0,45,United-States,0.7792011479872715,0
47,Private,586657,Masters,14,Married-civ-spouse,Exec-managerial,Husband,White,Male,0,0,40,Japan,0.7791882878363255,0
37,Private,128715,Bachelors,13,Married-civ-spouse,Exec-managerial,Husband,White,Male,0,0,60,United-States,0.7790219709048781,0
61,Self-emp-inc,113544,Masters,14,Married-civ-spouse,Sales,Husband,White,Male,0,0,40,United-States,0.7789227902046736,0
43,Private,169383,Bachelors,13,Married-civ-spouse,Exec-managerial,Husband,White,Male,0,0,45,United-States,0.7787260334840375,0
49,Private,186078,Masters,14,Married-civ-spouse,Prof-specialty,Wife,White,Female,0,0,50,United-States,0.778491075240038,0
34,Self-emp-not-inc,108247,Prof-school,15,Married-civ-spouse,Prof-specialty,Husband,White,Male,0,0,55,United-States,0.7783759228073563,0
53,Private,254285,Masters,14,Married-civ-spouse,Prof-specialty,Husband,White,Male,0,0,40,United-States,0.7783588752592763,0
48,Private,254291,Masters,14,Married-civ-spouse,Prof-specialty,Husband,White,Male,0,0,40,United-States,0.7783588752592763,0
55,Private,208451,Masters,14,Married-civ-spouse,Exec-managerial,Husband,White,Male,0,0,40,United-States,0.7783475822991215,0
50,Self-emp-inc,304955,Bachelors,13,Married-civ-spouse,Sales,Husband,White,Male,0,0,60,United-States,0.7781833015526477,0
45,Private,178341,Masters,14,Married-civ-spouse,Prof-specialty,Husband,White,Male,0,0,50,United-States,0.7781264566342982,0
35,Private,258339,Prof-school,15,Married-civ-spouse,Prof-specialty,Husband,White,Male,0,0,55,United-States,0.7780338347611184,0
44,Private,257758,Doctorate,16,Married-civ-spouse,Prof-specialty,Husband,White,Male,0,0,40,United-States,0.7779512671400962,0
44,Private,165346,Masters,14,Married-civ-spouse,Exec-managerial,Husband,White,Male,0,0,40,United-States,0.7779421679265981,0
33,Local-gov,33727,Masters,14,Married-civ-spouse,Prof-specialty,Wife,White,Female,0,0,40,United-States,0.7777661923851873,0
46,Self-emp-not-inc,246212,Masters,14,Married-civ-spouse,Exec-managerial,Husband,White,Male,0,0,45,United-States,0.7776963352644952,0
37,Private,218490,Masters,14,Married-civ-spouse,Exec-managerial,Husband,White,Male,0,0,55,El-Salvador,0.777613243732595,0
44,Self-emp-inc,212760,Bachelors,13,Married-civ-spouse,Exec-managerial,Husband,White,Male,0,0,60,United-States,0.7775919419586553,0
60,Private,198170,Bachelors,13,Married-civ-spouse,Exec-managerial,Husband,White,Male,0,0,45,United-States,0.777554537112972,0
35,Self-emp-not-inc,198841,Prof-school,15,Married-civ-spouse,Prof-specialty,Husband,White,Male,0,0,50,United-States,0.7774484194473096,0
59,State-gov,192258,Doctorate,16,Married-civ-spouse,Prof-specialty,Husband,White,Male,0,0,40,United-States,0.7773981200157216,0
36,Federal-gov,153066,Masters,14,Married-civ-spouse,Prof-specialty,Husband,White,Male,0,0,40,United-States,0.7773692845220732,0
43,Private,187795,Bachelors,13,Married-civ-spouse,Exec-managerial,Husband,White,Male,0,0,45,United-States,0.7773053442058991,0
57,Federal-gov,62020,Prof-school,15,Divorced,Exec-managerial,Not-in-family,Black,Male,0,0,55,United-States,0.7772744623839052,0
47,Private,181363,Masters,14,Married-civ-spouse,Prof-specialty,Husband,White,Male,0,0,40,United-States,0.7772504314848719,0
45,Private,246891,Bachelors,13,Married-civ-spouse,Exec-managerial,Husband,White,Male,0,0,72,Canada,0.7772191276885911,0
59,State-gov,186308,Masters,14,Married-civ-spouse,Prof-specialty,Husband,White,Male,0,0,50,United-States,0.7770313367385807,0
38,State-gov,321943,Doctorate,16,Married-civ-spouse,Prof-specialty,Husband,White,Male,0,0,40,United-States,0.7769987680765037,0
60,State-gov,352156,Prof-school,15,Married-civ-spouse,Prof-specialty,Husband,White,Male,0,0,40,United-States,0.7768482410407277,0
52,Private,155983,Bachelors,13,Married-civ-spouse,Exec-managerial,Husband,White,Male,0,0,40,United-States,0.7768174857174946,0
49,Private,121602,Bachelors,13,Married-civ-spouse,Exec-managerial,Husband,White,Male,0,0,40,United-States,0.7768174857174946,0
43,State-gov,310969,Prof-school,15,Married-civ-spouse,Prof-specialty,Husband,Black,Male,0,0,40,United-States,0.7767607005612523,0
49,Self-emp-not-inc,51620,Doctorate,16,Married-civ-spouse,Prof-specialty,Husband,White,Male,0,0,60,United-States,0.7766808101012794,0
44,Private,175935,Doctorate,16,Married-civ-spouse,Adm-clerical,Husband,White,Male,0,0,55,United-States,0.7766698441287474,0
70,Self-emp-not-inc,155141,Bachelors,13,Married-civ-spouse,Craft-repair,Husband,White,Male,0,2377,12,United-States,0.7766600893191336,1
63,?,83043,Bachelors,13,Married-civ-spouse,?,Husband,White,Male,0,2179,45,United-States,0.7763855496515384,0
43,Private,145441,Bachelors,13,Married-civ-spouse,Exec-managerial,Husband,White,Male,0,0,50,United-States,0.7763458743111952,0
41,Private,170866,Bachelors,13,Married-civ-spouse,Exec-managerial,Husband,White,Male,0,0,50,United-States,0.7763458743111952,0
58,Self-emp-inc,143266,Bachelors,13,Married-civ-spouse,Prof-specialty,Husband,White,Male,0,0,40,United-States,0.7763170937176979,0
56,Private,345730,Bachelors,13,Married-civ-spouse,Prof-specialty,Husband,White,Male,0,0,45,United-States,0.7763094113102662,0
44,Private,184105,Assoc-acdm,12,Married-civ-spouse,Sales,Husband,White,Male,4386,0,40,United-States,0.77598885369458,0
60,Private,131681,Bachelors,13,Married-civ-spouse,Exec-managerial,Husband,White,Male,0,0,50,United-States,0.7758342319862342,0
51,Private,289436,Bachelors,13,Married-civ-spouse,Exec-managerial,Husband,White,Male,0,0,60,United-States,0.775804136717807,0
47,Private,46044,Masters,14,Married-civ-spouse,Exec-managerial,Husband,White,Male,0,0,40,United-States,0.7757796271875417,0
42,Private,183241,Masters,14,Married-civ-spouse,Prof-specialty,Wife,White,Female,0,0,45,United-States,0.7757337507096966,0
32,Self-emp-inc,161153,HS-grad,9,Married-civ-spouse,Farming-fishing,Husband,White,Male,0,1902,55,United-States,0.7755539513260113,0
36,Private,166988,Bachelors,13,Married-civ-spouse,Prof-specialty,Wife,White,Female,0,0,40,United-States,0.7754792248736043,0
42,Private,356934,Masters,14,Married-civ-spouse,Exec-managerial,Husband,White,Male,0,0,40,United-States,0.775383688758248,0
38,Private,98360,Masters,14,Married-civ-spouse,Prof-specialty,Husband,White,Male,0,0,40,United-States,0.775338267966731,0
46,Private,186410,Prof-school,15,Never-married,Exec-managerial,Not-in-family,White,Male,0,0,50,United-States,0.7749610618099471,0
48,Self-emp-inc,81513,Bachelors,13,Married-civ-spouse,Exec-managerial,Husband,White,Male,0,0,50,United-States,0.7749208051541233,0
53,State-gov,71417,Doctorate,16,Married-civ-spouse,Prof-specialty,Husband,White,Male,0,0,40,United-States,0.7747356641966605,0
49,Self-emp-inc,431245,Some-college,10,Married-civ-spouse,Sales,Husband,White,Male,0,0,50,United-States,0.774726516629101,0
46,Private,105444,Bachelors,13,Married-civ-spouse,Exec-managerial,Husband,White,Male,0,0,50,United-States,0.7746571703714499,0
55,Private,102058,Bachelors,13,Married-civ-spouse,Exec-managerial,Husband,White,Male,0,0,50,United-States,0.7746420313783194,0
46,Private,196858,Masters,14,Married-civ-spouse,Prof-specialty,Husband,White,Male,0,0,35,United-States,0.7745339637186673,1
69,State-gov,203072,Doctorate,16,Married-civ-spouse,Prof-specialty,Husband,White,Male,0,0,50,United-States,0.7744549345456062,0
48,Local-gov,378221,Bachelors,13,Married-civ-spouse,Exec-managerial,Husband,White,Male,0,0,60,Mexico,0.7743187829722186,0
53,Private,151411,Bachelors,13,Married-civ-spouse,Prof-specialty,Husband,White,Male,0,0,45,United-States,0.7742996976818673,0
51,Private,171914,Bachelors,13,Married-civ-spouse,Prof-specialty,Husband,White,Male,0,0,50,United-States,0.7742996976818673,0
43,Private,174295,Masters,14,Married-civ-spouse,Prof-specialty,Husband,White,Male,0,0,55,United-States,0.7740599881590531,0
41,Private,194636,Bachelors,13,Married-civ-spouse,Exec-managerial,Husband,White,Male,0,0,60,United-States,0.7740252778904393,0
42,Self-emp-inc,1097453,Bachelors,13,Married-civ-spouse,Sales,Husband,White,Male,0,0,60,United-States,0.7739638355527577,2
35,Private,475324,Bachelors,13,Married-civ-spouse,Exec-managerial,Husband,White,Male,0,0,45,United-States,0.7738910542108938,0
42,Federal-gov,198316,Masters,14,Married-civ-spouse,Exec-managerial,Husband,White,Male,0,0,40,United-States,0.7737064548737895,0
41,Self-emp-inc,397280,Bachelors,13,Married-civ-spouse,Exec-managerial,Husband,White,Male,0,0,72,?,0.7737027453592866,0
37,State-gov,76767,Prof-school,15,Married-civ-spouse,Prof-specialty,Wife,White,Female,0,0,39,United-States,0.773570874349979,0
56,Federal-gov,277420,Bachelors,13,Married-civ-spouse,Exec-managerial,Husband,White,Male,0,0,40,Puerto-Rico,0.7735446379844837,0
55,Private,349304,Bachelors,13,Married-civ-spouse,Exec-managerial,Husband,White,Male,0,0,40,United-States,0.773459570583473,0
52,Local-gov,175339,Bachelors,13,Married-civ-spouse,Protective-serv,Husband,White,Male,0,0,40,United-States,0.7734473977245295,0
39,Private,269722,Bachelors,13,Married-civ-spouse,Exec-managerial,Husband,White,Male,0,0,70,United-States,0.7733111774069428,0
37,Private,221850,Masters,14,Married-civ-spouse,Exec-managerial,Husband,White,Male,0,0,50,Ecuador,0.7730604730864619,0
55,Private,163083,Masters,14,Married-civ-spouse,Prof-specialty,Husband,White,Male,0,0,40,United-States,0.7728599745314007,0
57,Private,191318,Masters,14,Married-civ-spouse,Prof-specialty,Husband,White,Male,0,0,40,United-States,0.7728599745314007,0
39,Private,214816,Bachelors,13,Married-civ-spouse,Exec-managerial,Husband,White,Male,0,0,60,United-States,0.7726492656748519,0
38,Private,229015,Bachelors,13,Married-civ-spouse,Exec-managerial,Husband,White,Male,0,0,50,United-States,0.7726492656748519,0
37,Private,140854,Bachelors,13,Married-civ-spouse,Exec-managerial,Husband,White,Male,0,0,50,United-States,0.7726492656748519,0
31,Private,44464,Bachelors,13,Never-married,Exec-managerial,Not-in-family,White,Female,0,1564,60,United-States,0.7726300708768504,0
47,Private,175958,Prof-school,15,Married-civ-spouse,Sales,Husband,White,Male,0,0,45,United-States,0.772575621101665,0
50,Local-gov,173224,Masters,14,Married-civ-spouse,Prof-specialty,Wife,White,Female,0,0,40,United-States,0.7725426657024327,0
38,Private,75826,Prof-school,15,Married-civ-spouse,Prof-specialty,Wife,White,Female,0,0,40,United-States,0.7725349365787375,0
34,Private,203034,Bachelors,13,Separated,Sales,Not-in-family,White,Male,0,2824,50,United-States,0.7723966857588168,2
39,Private,746786,Bachelors,13,Married-civ-spouse,Prof-specialty,Husband,White,Male,0,0,55,United-States,0.7723913014548199,1
42,Private,124692,Masters,14,Married-civ-spouse,Exec-managerial,Husband,White,Male,0,0,40,United-States,0.7723477629206352,0
33,Private,140206,Prof-school,15,Married-civ-spouse,Prof-specialty,Husband,White,Male,0,0,40,United-States,0.7723169958166651,0
38,Private,65324,Prof-school,15,Married-civ-spouse,Prof-specialty,Husband,White,Male,0,0,40,United-States,0.7723075917711401,0
70,Private,187292,Bachelors,13,Married-civ-spouse,Handlers-cleaners,Husband,White,Male,6418,0,40,United-States,0.7721243286339902,1
50,Self-emp-inc,240374,Masters,14,Married-civ-spouse,Sales,Husband,White,Male,0,0,40,United-States,0.7718847042894349,0
49,Federal-gov,125892,Bachelors,13,Married-civ-spouse,Exec-managerial,Husband,White,Male,0,0,40,United-States,0.7718292364089806,0
48,Private,47343,Masters,14,Married-civ-spouse,Prof-specialty,Husband,White,Male,0,0,40,United-States,0.7718064641813022,0
51,Federal-gov,306784,HS-grad,9,Married-civ-spouse,Craft-repair,Husband,White,Male,4386,0,40,United-States,0.7716361935512341,0
46,Local-gov,215895,Bachelors,13,Married-civ-spouse,Protective-serv,Husband,White,Male,0,0,40,United-States,0.7715372071084682,0
39,Self-emp-inc,216473,Bachelors,13,Married-civ-spouse,Exec-managerial,Husband,White,Male,0,0,60,United-States,0.771378950747343,0
56,Private,110003,Masters,14,Married-civ-spouse,Prof-specialty,Husband,White,Male,0,0,40,United-States,0.7712777662237537,0
35,Self-emp-not-inc,350247,Prof-school,15,Married-civ-spouse,Prof-specialty,Husband,White,Male,0,0,50,United-States,0.7712269284270473,0
43,Private,241895,Bachelors,13,Married-civ-spouse,Exec-managerial,Husband,White,Male,0,0,50,United-States,0.7712120616081835,0
35,Private,236910,Bachelors,13,Married-civ-spouse,Exec-managerial,Husband,White,Male,0,0,60,United-States,0.7711434468646988,0
35,Private,200153,Masters,14,Married-civ-spouse,Exec-managerial,Husband,White,Male,0,0,45,United-States,0.7710604532657502,0
54,Self-emp-not-inc,242606,Masters,14,Married-civ-spouse,Sales,Husband,White,Male,4386,0,45,United-States,0.7709367685961458,0
51,Private,311350,Bachelors,13,Married-civ-spouse,Exec-managerial,Husband,White,Male,0,0,40,United-States,0.7708071364547053,0
53,Private,288353,Bachelors,13,Married-civ-spouse,Exec-managerial,Husband,White,Male,0,0,40,United-States,0.7708071364547053,0
50,Federal-gov,32801,Bachelors,13,Married-civ-spouse,Exec-managerial,Wife,Amer-Indian-Eskimo,Female,0,0,40,United-States,0.7703891210209678,1
40,Private,137225,Masters,14,Married-civ-spouse,Exec-managerial,Husband,White,Male,0,0,40,United-States,0.7703263755111026,0
46,Private,428405,Bachelors,13,Married-civ-spouse,Exec-managerial,Husband,White,Male,0,0,40,United-States,0.7701123000651319,0
41,Private,116825,Masters,14,Married-civ-spouse,Prof-specialty,Husband,White,Male,0,0,55,United-States,0.7700904903315245,0
46,Federal-gov,297906,Bachelors,13,Married-civ-spouse,Prof-specialty,Husband,Asian-Pac-Islander,Male,0,0,50,United-States,0.7699027393406137,0
46,Private,164733,Masters,14,Married-civ-spouse,Prof-specialty,Husband,White,Male,0,0,41,United-States,0.7697903588604217,0
37,Private,340614,Masters,14,Married-civ-spouse,Prof-specialty,Husband,White,Male,0,0,50,United-States,0.7695295611653302,0
55,Private,101468,HS-grad,9,Married-civ-spouse,Craft-repair,Husband,White,Male,3103,0,40,United-States,0.7695096983261167,0
36,Private,356838,Doctorate,16,Married-civ-spouse,Prof-specialty,Husband,White,Male,0,0,50,Canada,0.7692983153651485,0
39,Self-emp-inc,202937,Masters,14,Married-civ-spouse,Prof-specialty,Wife,White,Female,0,0,40,United-States,0.7692028208150231,0
41,Private,171546,Bachelors,13,Married-civ-spouse,Tech-support,Husband,White,Male,0,0,45,United-States,0.7690945057589529,0
48,Private,96359,Bachelors,13,Married-civ-spouse,Exec-managerial,Husband,White,Male,0,0,60,Greece,0.7690796954333669,0
33,Private,72338,Prof-school,15,Married-civ-spouse,Exec-managerial,Husband,Asian-Pac-Islander,Male,0,0,65,Japan,0.7690005051355757,2
52,Private,178983,Doctorate,16,Married-civ-spouse,Prof-specialty,Husband,White,Male,0,0,40,?,0.7689525464171125,0
35,Private,160120,Masters,14,Married-civ-spouse,Exec-managerial,Husband,Asian-Pac-Islander,Male,0,0,50,United-States,0.7688575478371282,1
41,Private,220531,Doctorate,16,Married-civ-spouse,Prof-specialty,Husband,White,Male,0,0,50,United-States,0.7686894086353032,0
44,Local-gov,101967,Masters,14,Married-civ-spouse,Prof-specialty,Wife,White,Female,0,0,40,United-States,0.7686886394222134,0
41,Private,177905,Masters,14,Married-civ-spouse,Prof-specialty,Husband,White,Male,0,0,45,United-States,0.7685118815635553,0
61,Self-emp-inc,98350,Doctorate,16,Married-civ-spouse,Exec-managerial,Husband,Asian-Pac-Islander,Male,0,0,40,Taiwan,0.7683784923235969,2
51,Local-gov,420917,Bachelors,13,Married-civ-spouse,Prof-specialty,Husband,White,Male,0,0,45,United-States,0.7683505646658622,0
47,Federal-gov,197038,Bachelors,13,Married-civ-spouse,Prof-specialty,Husband,White,Male,0,0,50,United-States,0.7683432077542789,0
45,Private,304570,Bachelors,13,Married-civ-spouse,Exec-managerial,Husband,Asian-Pac-Islander,Male,0,0,60,China,0.7682533817689198,1
44,Private,353396,Bachelors,13,Married-civ-spouse,Prof-specialty,Husband,White,Male,0,0,45,United-States,0.7681823832947706,0
64,Private,134378,Masters,14,Married-civ-spouse,Exec-managerial,Husband,White,Male,0,0,50,United-States,0.7681520067029384,0
35,Private,49020,Masters,14,Married-civ-spouse,Exec-managerial,Husband,White,Male,0,0,60,United-States,0.7680315935748676,0
46,Local-gov,324561,Masters,14,Married-civ-spouse,Prof-specialty,Wife,White,Female,0,0,45,United-States,0.7679839755076767,0
57,Self-emp-not-inc,315460,Prof-school,15,Married-civ-spouse,Prof-specialty,Husband,White,Male,0,0,36,United-States,0.7679505910673154,0
49,Federal-gov,128990,Bachelors,13,Married-civ-spouse,Prof-specialty,Husband,White,Male,0,0,40,United-States,0.7678804492724149,0
43,Local-gov,216070,Masters,14,Married-civ-spouse,Exec-managerial,Wife,Amer-Indian-Eskimo,Female,0,0,50,United-States,0.7678448026270095,1
41,Private,104892,Masters,14,Married-civ-spouse,Exec-managerial,Husband,White,Male,0,0,40,United-States,0.7674589084630528,0
36,Private,347491,Bachelors,13,Married-civ-spouse,Exec-managerial,Husband,White,Male,0,0,50,United-States,0.7672716563644626,0
36,Private,230329,Bachelors,13,Married-civ-spouse,Exec-managerial,Husband,White,Male,0,0,50,United-States,0.7671141856053011,0
41,State-gov,116520,Doctorate,16,Married-civ-spouse,Prof-specialty,Husband,White,Male,0,0,40,United-States,0.7669944147233453,0
36,Self-emp-inc,242080,Prof-school,15,Married-civ-spouse,Prof-specialty,Husband,White,Male,0,0,80,United-States,0.766960514768361,0
70,Self-emp-inc,158437,Prof-school,15,Married-civ-spouse,Prof-specialty,Husband,White,Male,0,0,35,United-States,0.7669429063116183,0
40,Self-emp-inc,218558,Bachelors,13,Married-civ-spouse,Exec-managerial,Husband,White,Male,0,0,45,United-States,0.7667255852873694,0
52,Self-emp-inc,210736,Bachelors,13,Married-civ-spouse,Sales,Husband,White,Male,0,0,60,United-States,0.7667223851019486,0
42,Private,303155,Bachelors,13,Married-civ-spouse,Exec-managerial,Husband,White,Male,0,0,50,United-States,0.7667147264824211,0
40,Private,146520,Masters,14,Married-civ-spouse,Exec-managerial,Husband,White,Male,0,0,40,United-States,0.7661977229692148,0
41,Private,201495,Masters,14,Married-civ-spouse,Exec-managerial,Husband,White,Male,0,0,40,United-States,0.7661977229692148,0
38,Private,39606,Bachelors,13,Married-civ-spouse,Exec-managerial,Wife,White,Female,0,0,40,United-States,0.7661104049153921,0
40,Private,346189,Doctorate,16,Married-civ-spouse,Prof-specialty,Husband,White,Male,0,0,40,United-States,0.7658703076728394,0
32,Federal-gov,454508,Bachelors,13,Married-civ-spouse,Exec-managerial,Husband,White,Male,0,0,40,United-States,0.7656900762815582,0
43,Self-emp-inc,304906,Bachelors,13,Married-civ-spouse,Sales,Husband,White,Male,0,0,45,United-States,0.7656876547456379,0
36,Self-emp-not-inc,175769,Prof-school,15,Married-civ-spouse,Craft-repair,Husband,White,Male,0,0,60,United-States,0.7656720185791525,0
48,Private,287480,Masters,14,Married-civ-spouse,Tech-support,Husband,White,Male,0,0,40,United-States,0.7656560765169247,0
36,Private,201117,Bachelors,13,Married-civ-spouse,Exec-managerial,Husband,White,Male,0,0,50,United-States,0.7656091784372848,0
45,Private,199058,Bachelors,13,Married-civ-spouse,Exec-managerial,Husband,White,Male,0,0,48,?,0.7655937731237156,0
50,Self-emp-not-inc,127151,Masters,14,Married-civ-spouse,Prof-specialty,Wife,White,Female,0,0,40,Canada,0.7654034486902686,0
40,Private,32627,Masters,14,Married-civ-spouse,Prof-specialty,Husband,White,Male,0,0,60,United-States,0.7653932147835357,0
48,Self-emp-inc,51579,Bachelors,13,Married-civ-spouse,Exec-managerial,Husband,White,Male,0,0,60,United-States,0.7653418317143398,0
54,Private,260052,Masters,14,Married-civ-spouse,Prof-specialty,Husband,White,Male,0,0,40,United-States,0.7652209779679745,0
56,Private,98361,Masters,14,Married-civ-spouse,Prof-specialty,Husband,White,Male,0,0,40,?,0.7651825825494176,0
51,Private,138847,Bachelors,13,Married-civ-spouse,Exec-managerial,Husband,White,Male,0,0,40,United-States,0.7651249749633314,0
46,Private,159869,Bachelors,13,Married-civ-spouse,Exec-managerial,Husband,White,Male,0,0,40,United-States,0.7651249749633314,0
54,Private,174102,Bachelors,13,Married-civ-spouse,Exec-managerial,Husband,White,Male,0,0,40,United-States,0.7651249749633314,0
57,Private,199934,Bachelors,13,Married-civ-spouse,Exec-managerial,Husband,White,Male,0,0,40,United-States,0.7651249749633314,0
49,Private,195727,Bachelors,13,Married-civ-spouse,Exec-managerial,Husband,White,Male,0,0,40,United-States,0.7651249749633314,0
49,Private,204629,Bachelors,13,Married-civ-spouse,Exec-managerial,Husband,White,Male,0,0,40,United-States,0.7651249749633314,0
43,Private,208277,Masters,14,Married-civ-spouse,Prof-specialty,Wife,White,Female,0,0,45,United-States,0.7649071714657123,0
36,Private,269722,Bachelors,13,Married-civ-spouse,Exec-managerial,Husband,White,Male,0,0,55,United-States,0.7648766554619643,0
57,Self-emp-not-inc,177271,Doctorate,16,Married-civ-spouse,Prof-specialty,Husband,White,Male,0,0,35,United-States,0.7648010416112331,0
36,Private,107302,Masters,14,Married-civ-spouse,Prof-specialty,Husband,White,Male,0,0,60,United-States,0.7645260958493575,0
49,Local-gov,174981,Masters,14,Married-civ-spouse,Exec-managerial,Husband,Black,Male,0,0,47,United-States,0.7645172575968016,0
46,Private,368561,Bachelors,13,Married-civ-spouse,Sales,Husband,White,Male,0,0,55,United-States,0.7644480798730695,0
49,Private,423222,Masters,14,Married-civ-spouse,Sales,Husband,White,Male,0,0,50,United-States,0.7644221297201153,0
30,Private,467108,Masters,14,Married-civ-spouse,Prof-specialty,Husband,White,Male,0,0,44,United-States,0.764317472749227,0
39,Private,154641,Bachelors,13,Married-civ-spouse,Exec-managerial,Husband,White,Male,0,0,45,United-States,0.764232797392945,0
53,Private,135840,Bachelors,13,Married-civ-spouse,Prof-specialty,Husband,White,Male,0,0,55,United-States,0.7641053975746795,0
56,Private,155449,Bachelors,13,Married-civ-spouse,Prof-specialty,Husband,White,Male,0,0,50,United-States,0.7640474588338715,0
46,Private,155659,11th,7,Married-civ-spouse,Craft-repair,Husband,White,Male,0,1902,40,United-States,0.7639954052595204,0
52,Federal-gov,290856,Bachelors,13,Married-civ-spouse,Prof-specialty,Husband,White,Male,0,0,40,United-States,0.7639777207802085,0
41,Private,58484,Bachelors,13,Married-civ-spouse,Exec-managerial,Wife,White,Female,0,0,40,United-States,0.7639678272305361,0
46,Private,268022,Masters,14,Married-civ-spouse,Exec-managerial,Husband,White,Male,0,0,55,?,0.7639477560958557,0
47,Private,420986,Bachelors,13,Married-civ-spouse,Exec-managerial,Husband,White,Male,0,0,40,United-States,0.7639163473242017,0
43,Private,150528,Masters,14,Married-civ-spouse,Prof-specialty,Husband,White,Male,0,0,40,United-States,0.7638533576326056,0
52,Private,68982,Bachelors,13,Married-civ-spouse,Exec-managerial,Husband,White,Male,0,0,50,United-States,0.7637720137072377,0
45,Self-emp-inc,142719,Bachelors,13,Married-civ-spouse,Exec-managerial,Husband,White,Male,0,0,40,United-States,0.7637561312564725,0
44,Federal-gov,316120,Prof-school,15,Divorced,Prof-specialty,Unmarried,White,Male,0,0,40,United-States,0.763336421069284,0
67,Self-emp-inc,330144,Masters,14,Married-civ-spouse,Sales,Husband,White,Male,0,0,48,United-States,0.7632145285655533,0
37,Private,215503,HS-grad,9,Married-civ-spouse,Exec-managerial,Husband,White,Male,4386,0,45,United-States,0.7631799360618684,0
38,Local-gov,115076,Masters,14,Married-civ-spouse,Exec-managerial,Husband,White,Male,0,0,70,United-States,0.7625954631579153,0
47,State-gov,54887,Doctorate,16,Married-civ-spouse,Prof-specialty,Husband,White,Male,0,0,40,United-States,0.7624881854477146,0
37,Private,270059,Some-college,10,Divorced,Adm-clerical,Unmarried,White,Female,25236,0,25,United-States,0.7624791025165076,1
53,Self-emp-inc,298215,Bachelors,13,Married-civ-spouse,Sales,Husband,White,Male,0,0,45,United-States,0.7624614136900234,0
46,Self-emp-inc,276934,Bachelors,13,Married-civ-spouse,Sales,Husband,White,Male,0,0,70,United-States,0.7624614136900234,0
44,Private,193882,Bachelors,13,Married-civ-spouse,Exec-managerial,Husband,White,Male,0,0,40,United-States,0.7623804258836047,0
44,Private,151985,Masters,14,Married-civ-spouse,Exec-managerial,Wife,White,Female,0,0,24,United-States,0.762287878898519,0
48,Self-emp-not-inc,219021,Prof-school,15,Married-civ-spouse,Prof-specialty,Husband,White,Male,0,0,35,United-States,0.7620829142960204,0
48,Local-gov,273402,7th-8th,4,Married-civ-spouse,Transport-moving,Husband,White,Male,0,1902,40,United-States,0.7620634290728571,0
61,Self-emp-not-inc,84409,Doctorate,16,Married-civ-spouse,Prof-specialty,Husband,White,Male,0,0,40,United-States,0.761700490606178,0
39,Private,211154,Bachelors,13,Married-civ-spouse,Tech-support,Husband,White,Male,0,0,50,United-States,0.7616647764255822,0
42,Private,240628,Bachelors,13,Married-civ-spouse,Exec-managerial,Wife,White,Female,0,0,40,United-States,0.7615777389389294,0
49,Private,129513,Masters,14,Married-civ-spouse,Sales,Husband,White,Male,0,0,45,United-States,0.76151689024434,0
28,Private,215955,Bachelors,13,Married-civ-spouse,Exec-managerial,Husband,White,Male,3103,0,40,United-States,0.7614743843029043,0
36,Private,201519,Bachelors,13,Married-civ-spouse,Exec-managerial,Wife,White,Female,0,0,40,United-States,0.7613979835708492,0
37,Private,117381,Masters,14,Married-civ-spouse,Prof-specialty,Husband,White,Male,0,0,45,United-States,0.7613101684103404,0
39,Private,76417,Masters,14,Married-civ-spouse,Prof-specialty,Husband,White,Male,0,0,40,United-States,0.7612958800666741,0
49,Self-emp-not-inc,182752,Doctorate,16,Married-civ-spouse,Prof-specialty,Wife,White,Female,0,0,35,United-States,0.7612516673239694,0
37,Private,40955,Prof-school,15,Married-civ-spouse,Prof-specialty,Husband,White,Male,0,0,50,United-States,0.7611828396284158,0
39,State-gov,201105,Bachelors,13,Married-civ-spouse,Exec-managerial,Wife,White,Female,0,0,55,United-States,0.7610249988920125,0
45,State-gov,101299,Doctorate,16,Married-civ-spouse,Prof-specialty,Husband,White,Male,0,0,40,United-States,0.7610217532821686,0
35,Private,282951,Bachelors,13,Married-civ-spouse,Exec-managerial,Husband,White,Male,0,0,70,United-States,0.7609238762297594,0
63,Self-emp-inc,54052,Masters,14,Married-civ-spouse,Sales,Husband,White,Male,0,0,68,United-States,0.7608786539673358,0
63,?,310396,9th,5,Married-civ-spouse,?,Husband,White,Male,5178,0,40,United-States,0.7608378022932716,0
47,Federal-gov,34845,Bachelors,13,Married-civ-spouse,Adm-clerical,Husband,White,Male,0,0,45,Germany,0.7606969714879818,0
34,Self-emp-not-inc,319165,Doctorate,16,Married-civ-spouse,Prof-specialty,Husband,White,Male,0,0,50,United-States,0.7606483304499644,0
34,Private,195576,Bachelors,13,Married-civ-spouse,Exec-managerial,Husband,White,Male,0,0,50,United-States,0.7606084967615562,0
39,Private,280570,Bachelors,13,Married-civ-spouse,Exec-managerial,Husband,White,Male,0,0,45,United-States,0.7605733054804653,0
38,Private,108140,Masters,14,Married-civ-spouse,Prof-specialty,Husband,White,Male,0,0,50,United-States,0.7605597779268722,0
51,Private,146767,Bachelors,13,Married-civ-spouse,Prof-specialty,Husband,White,Male,0,0,40,United-States,0.7604400962350336,0
50,Private,767403,HS-grad,9,Married-civ-spouse,Machine-op-inspct,Husband,White,Male,3103,0,40,United-States,0.7600740442349512,0
55,Federal-gov,270859,Bachelors,13,Married-civ-spouse,Prof-specialty,Husband,White,Male,0,0,40,United-States,0.7599635160337768,0
62,Private,664366,Bachelors,13,Married-civ-spouse,Sales,Husband,White,Male,0,0,60,United-States,0.7599104686409488,1
54,Private,231482,Bachelors,13,Married-civ-spouse,Exec-managerial,Husband,White,Male,0,0,40,United-States,0.7595899042283939,0
38,Federal-gov,99527,Masters,14,Married-civ-spouse,Exec-managerial,Husband,White,Male,0,0,40,United-States,0.7595048766636863,0
61,State-gov,124971,Doctorate,16,Married-civ-spouse,Prof-specialty,Husband,White,Male,0,0,40,?,0.7593102020235727,0
44,Private,60414,Masters,14,Married-civ-spouse,Exec-managerial,Husband,White,Male,0,0,40,United-States,0.7591758933126402,0
46,Self-emp-not-inc,119944,Masters,14,Married-civ-spouse,Exec-managerial,Husband,White,Male,0,0,50,United-States,0.7591443403299263,0
44,Private,178385,Masters,14,Married-civ-spouse,Exec-managerial,Husband,Asian-Pac-Islander,Male,0,0,48,India,0.7591057022852835,1
45,Private,240554,Bachelors,13,Married-civ-spouse,Exec-managerial,Husband,White,Male,0,0,40,United-States,0.7589046134552255,0
43,Private,289669,Masters,14,Divorced,Prof-specialty,Unmarried,White,Female,0,2547,40,United-States,0.7588389277731378,2
44,Private,180985,Bachelors,13,Married-civ-spouse,Prof-specialty,Husband,White,Male,0,0,50,?,0.7588193646627377,0
46,Private,269045,Prof-school,15,Married-civ-spouse,Prof-specialty,Husband,Black,Male,0,0,40,United-States,0.7586122466878338,1
43,Private,220776,Masters,14,Married-civ-spouse,Exec-managerial,Husband,White,Male,0,0,35,United-States,0.7585752311538042,1
51,Local-gov,33863,Masters,14,Married-civ-spouse,Prof-specialty,Husband,White,Male,0,0,45,United-States,0.7583739425336838,0
49,Self-emp-inc,119565,Masters,14,Married-civ-spouse,Sales,Husband,White,Male,0,0,40,United-States,0.7583449360674108,0
29,Private,201022,Bachelors,13,Married-civ-spouse,Exec-managerial,Wife,White,Female,0,0,50,United-States,0.7583178618808776,0
47,Private,169324,Bachelors,13,Married-civ-spouse,Exec-managerial,Wife,Black,Female,0,0,35,United-States,0.7582104887410119,0
42,Private,226902,Bachelors,13,Married-civ-spouse,Tech-support,Husband,White,Male,0,0,45,United-States,0.7582099251737424,0
34,Self-emp-inc,174215,Masters,14,Never-married,Exec-managerial,Not-in-family,White,Female,4787,0,45,France,0.7581400851190255,0
42,Private,107762,Masters,14,Married-civ-spouse,Prof-specialty,Husband,White,Male,0,0,40,United-States,0.7579621965496262,0
50,Local-gov,30682,Masters,14,Married-civ-spouse,Prof-specialty,Husband,White,Male,0,0,50,United-States,0.757921304472088,0
36,Self-emp-not-inc,180686,Prof-school,15,Married-civ-spouse,Prof-specialty,Husband,White,Male,0,0,50,United-States,0.7578968386706434,0
37,Private,280464,Some-college,10,Married-civ-spouse,Exec-managerial,Husband,Black,Male,0,0,80,United-States,0.7578377858206606,0
44,Local-gov,177937,Doctorate,16,Married-civ-spouse,Prof-specialty,Husband,White,Male,0,0,36,United-States,0.7577832118139851,0
44,Self-emp-inc,398473,Some-college,10,Married-civ-spouse,Sales,Husband,White,Male,0,0,70,United-States,0.7576728817497722,0
55,Private,70088,Masters,14,Married-civ-spouse,Prof-specialty,Husband,White,Male,0,0,40,United-States,0.7575069793352535,0
66,Self-emp-inc,179951,Bachelors,13,Married-civ-spouse,Exec-managerial,Husband,White,Male,0,0,70,United-States,0.7574384529954991,0
40,State-gov,40024,Prof-school,15,Married-civ-spouse,Prof-specialty,Husband,White,Male,0,0,38,United-States,0.7574275564461087,0
44,Private,106900,Masters,14,Married-civ-spouse,Prof-specialty,Husband,White,Male,0,0,44,United-States,0.7573166937138728,0
53,Private,168107,Bachelors,13,Married-civ-spouse,Exec-managerial,Husband,White,Male,0,0,40,United-States,0.7571833745761245,0
62,Private,153891,Bachelors,13,Married-civ-spouse,Exec-managerial,Husband,White,Male,0,0,50,United-States,0.7571073637948734,0
56,Local-gov,216851,Bachelors,13,Married-civ-spouse,Tech-support,Husband,White,Male,0,0,40,United-States,0.756988657441959,0
60,Private,317083,Bachelors,13,Married-civ-spouse,Exec-managerial,Husband,White,Male,0,0,45,United-States,0.7569489905155276,0
33,Private,171216,Bachelors,13,Married-civ-spouse,Exec-managerial,Husband,White,Male,0,0,50,United-States,0.7569334540217801,0
42,Private,169383,Masters,14,Married-civ-spouse,Prof-specialty,Husband,White,Male,0,0,40,United-States,0.7568978180494379,0
45,State-gov,199326,Masters,14,Married-civ-spouse,Prof-specialty,Husband,White,Male,0,0,45,United-States,0.7568843992510658,0
47,Self-emp-not-inc,218676,Masters,14,Married-civ-spouse,Exec-managerial,Husband,White,Male,0,0,45,United-States,0.7568457061911148,0
41,Private,174395,Masters,14,Married-civ-spouse,Prof-specialty,Husband,White,Male,0,0,40,United-States,0.7568258239541643,0
34,Private,245378,Bachelors,13,Married-civ-spouse,Exec-managerial,Husband,White,Male,0,0,45,United-States,0.7567645318277806,0
37,Private,50837,Masters,14,Married-civ-spouse,Prof-specialty,Husband,White,Male,0,0,45,United-States,0.756626392682124,0
40,Local-gov,333530,Masters,14,Married-civ-spouse,Prof-specialty,Wife,White,Female,0,0,40,United-States,0.756564494981503,0
61,Self-emp-inc,119986,Bachelors,13,Married-civ-spouse,Sales,Husband,White,Male,0,0,50,United-States,0.7565260186249054,0
51,Self-emp-not-inc,125417,Masters,14,Married-civ-spouse,Exec-managerial,Husband,White,Male,0,0,42,United-States,0.75641687021507,0
39,Private,230054,Masters,14,Married-civ-spouse,Prof-specialty,Husband,White,Male,0,0,50,United-States,0.756159442988928,0
44,Private,227065,Bachelors,13,Married-civ-spouse,Exec-managerial,Husband,White,Male,0,0,40,United-States,0.7557844973253882,0
34,State-gov,118551,Bachelors,13,Married-civ-spouse,Tech-support,Own-child,White,Female,5178,0,25,?,0.755735110132052,0
48,Private,449354,HS-grad,9,Married-civ-spouse,Adm-clerical,Husband,White,Male,4386,0,45,United-States,0.7557199796460637,0
50,Self-emp-inc,121441,11th,7,Never-married,Exec-managerial,Other-relative,White,Male,0,2444,40,United-States,0.7552493485340896,0
53,Private,96062,Bachelors,13,Married-civ-spouse,Exec-managerial,Husband,White,Male,0,0,40,Greece,0.7552124450137577,0
43,Private,184321,10th,6,Married-civ-spouse,Machine-op-inspct,Husband,Black,Male,0,1887,40,United-States,0.7550377837514751,0
56,Private,208451,Bachelors,13,Married-civ-spouse,Prof-specialty,Husband,White,Male,0,0,40,United-States,0.7548747168095425,0
51,Private,200618,Bachelors,13,Married-civ-spouse,Prof-specialty,Husband,White,Male,0,0,40,United-States,0.7548747168095425,0
56,Private,212864,Bachelors,13,Married-civ-spouse,Prof-specialty,Husband,White,Male,0,0,40,United-States,0.7548747168095425,0
44,Self-emp-inc,71556,Masters,14,Married-civ-spouse,Sales,Husband,White,Male,0,0,50,?,0.7548561069193537,0
33,Private,118941,Bachelors,13,Married-civ-spouse,Exec-managerial,Wife,White,Female,0,0,40,United-States,0.7548369344603162,0
43,Self-emp-inc,150533,Assoc-acdm,12,Married-civ-spouse,Exec-managerial,Husband,White,Male,0,0,50,United-States,0.7547871451057949,0
42,Self-emp-not-inc,178780,Masters,14,Married-civ-spouse,Exec-managerial,Husband,White,Male,0,0,50,United-States,0.7547014621808642,0
47,Federal-gov,96854,Bachelors,13,Married-civ-spouse,Prof-specialty,Husband,White,Male,0,0,40,United-States,0.75457252225162,0
42,Private,173704,Masters,14,Married-civ-spouse,Prof-specialty,Husband,White,Male,0,0,40,United-States,0.7545094811529841,0
45,Self-emp-inc,32356,Bachelors,13,Married-civ-spouse,Exec-managerial,Husband,White,Male,0,0,51,United-States,0.7544940146269091,0
38,Local-gov,161463,Prof-school,15,Married-civ-spouse,Prof-specialty,Husband,Black,Male,0,0,40,United-States,0.7543988812525046,0
38,Private,314310,Masters,14,Married-civ-spouse,Prof-specialty,Husband,White,Male,0,0,45,United-States,0.7542530520045215,0
35,Federal-gov,475324,Bachelors,13,Married-civ-spouse,Exec-managerial,Husband,White,Male,0,0,40,United-States,0.7542146586021333,0
56,Federal-gov,130454,Bachelors,13,Married-civ-spouse,Prof-specialty,Husband,White,Male,0,0,40,United-States,0.7541357552732129,0
57,Federal-gov,140711,Bachelors,13,Married-civ-spouse,Prof-specialty,Husband,White,Male,0,0,40,United-States,0.7541357552732129,0
44,Private,160829,Bachelors,13,Married-civ-spouse,Tech-support,Wife,White,Female,0,0,20,United-States,0.7540688023756232,0
60,Self-emp-inc,226355,Assoc-voc,11,Married-civ-spouse,Machine-op-inspct,Husband,White,Male,0,2415,70,?,0.7538934965097843,1
49,Self-emp-inc,349230,Assoc-voc,11,Married-civ-spouse,Exec-managerial,Husband,White,Male,0,0,60,United-States,0.7537005279837424,0
63,Private,213095,Bachelors,13,Married-civ-spouse,Exec-managerial,Husband,White,Male,0,0,50,United-States,0.7536313239161646,0
33,Private,276221,Doctorate,16,Married-civ-spouse,Prof-specialty,Husband,White,Male,0,0,40,United-States,0.7535407786825022,0
54,Self-emp-inc,124963,Bachelors,13,Married-civ-spouse,Exec-managerial,Husband,White,Male,0,0,40,United-States,0.753451417410669,0
51,Self-emp-inc,189183,Bachelors,13,Married-civ-spouse,Exec-managerial,Husband,White,Male,0,0,40,United-States,0.753451417410669,0
51,Private,82578,Masters,14,Married-civ-spouse,Prof-specialty,Husband,White,Male,0,0,38,Canada,0.7534442347493113,0
39,Private,238415,Bachelors,13,Married-civ-spouse,Exec-managerial,Husband,White,Male,0,0,50,United-States,0.7531814612897892,0
39,Private,224566,Bachelors,13,Married-civ-spouse,Exec-managerial,Husband,White,Male,0,0,60,United-States,0.7531814612897892,0
47,Private,362835,Bachelors,13,Married-civ-spouse,Sales,Husband,White,Male,0,0,60,United-States,0.7531123982628946,0
33,Private,155343,HS-grad,9,Married-civ-spouse,Sales,Husband,White,Male,3103,0,40,United-States,0.7531020180917655,0
41,Private,118619,Bachelors,13,Married-civ-spouse,Exec-managerial,Husband,Black,Male,0,0,50,United-States,0.7530400425222156,1
33,Local-gov,220430,Bachelors,13,Married-civ-spouse,Protective-serv,Husband,Black,Male,0,0,70,United-States,0.7530394756545948,0
61,Private,232719,Masters,14,Married-civ-spouse,Prof-specialty,Husband,White,Male,0,0,50,United-States,0.7529107643220148,0
43,Private,196084,Masters,14,Married-civ-spouse,Prof-specialty,Husband,White,Male,0,0,55,United-States,0.7529085668223295,0
44,Local-gov,323790,Bachelors,13,Married-civ-spouse,Protective-serv,Husband,White,Male,0,0,40,United-States,0.7528976756915388,0
42,Self-emp-not-inc,174216,Prof-school,15,Married-civ-spouse,Prof-specialty,Husband,White,Male,0,0,38,United-States,0.7528620857703227,0
44,Private,125461,Masters,14,Married-civ-spouse,Exec-managerial,Husband,White,Male,0,0,35,United-States,0.7528570077330478,1
35,State-gov,119421,Bachelors,13,Married-civ-spouse,Exec-managerial,Wife,White,Female,0,0,35,United-States,0.7524675242802904,0
38,Private,187999,Bachelors,13,Married-civ-spouse,Tech-support,Husband,White,Male,0,0,45,United-States,0.7524643699850455,0
34,Private,217460,Bachelors,13,Married-civ-spouse,Exec-managerial,Husband,White,Male,0,0,45,United-States,0.7524615919006149,0
58,State-gov,279878,Masters,14,Married-civ-spouse,Exec-managerial,Husband,White,Male,0,0,40,United-States,0.7522536842225489,0
37,Self-emp-not-inc,120130,Masters,14,Married-civ-spouse,Exec-managerial,Husband,White,Male,0,0,60,United-States,0.752153080803483,0
41,Private,92775,Bachelors,13,Married-civ-spouse,Exec-managerial,Husband,White,Male,0,0,60,United-States,0.7519022476876759,0
61,Self-emp-not-inc,163174,Prof-school,15,Married-civ-spouse,Prof-specialty,Husband,White,Male,0,0,35,United-States,0.7515223360045881,0
57,Self-emp-inc,146103,Bachelors,13,Married-civ-spouse,Prof-specialty,Husband,White,Male,0,0,45,United-States,0.7515092804388784,0
41,Federal-gov,510072,Bachelors,13,Married-civ-spouse,Exec-managerial,Husband,White,Male,0,0,40,United-States,0.751436851506486,0
41,Local-gov,189956,Bachelors,13,Married-civ-spouse,Prof-specialty,Wife,Black,Female,0,0,40,United-States,0.7510595388876513,0
44,Private,147265,Masters,14,Married-civ-spouse,Prof-specialty,Husband,White,Male,0,0,40,United-States,0.7508368710726061,0
37,Private,117567,Bachelors,13,Married-civ-spouse,Exec-managerial,Husband,White,Male,0,0,60,United-States,0.7508349898467137,0
44,Private,76196,Bachelors,13,Married-civ-spouse,Exec-managerial,Husband,White,Male,0,0,50,United-States,0.7506198049544356,0
53,Federal-gov,84278,Bachelors,13,Married-civ-spouse,Exec-managerial,Husband,White,Male,0,0,48,United-States,0.7505745187277603,0
35,Private,320451,Masters,14,Married-civ-spouse,Exec-managerial,Husband,Asian-Pac-Islander,Male,0,0,65,Hong,0.7505372403395437,2
47,Local-gov,246891,Bachelors,13,Married-civ-spouse,Protective-serv,Husband,White,Male,0,0,40,United-States,0.7504099177447539,0
43,Federal-gov,95902,Assoc-acdm,12,Married-civ-spouse,Prof-specialty,Wife,Black,Female,0,0,40,United-States,0.7503389648903473,0
53,Local-gov,236873,Masters,14,Married-civ-spouse,Exec-managerial,Husband,Black,Male,0,0,40,United-States,0.7502202427965466,0
33,Private,208405,Masters,14,Married-civ-spouse,Prof-specialty,Husband,White,Male,0,0,50,United-States,0.7502180999457655,0
46,Local-gov,125457,Masters,14,Married-civ-spouse,Prof-specialty,Husband,Black,Male,0,0,38,United-States,0.750041410509216,0
50,Federal-gov,65160,Bachelors,13,Married-civ-spouse,Exec-managerial,Husband,White,Male,0,0,40,United-States,0.7498961906807542,0
45,Private,146857,Bachelors,13,Married-civ-spouse,Exec-managerial,Husband,White,Male,0,0,38,United-States,0.7494796062755258,0
52,Self-emp-inc,260938,Some-college,10,Married-civ-spouse,Exec-managerial,Husband,White,Male,0,0,60,United-States,0.7494252380266346,0
32,Private,212064,Bachelors,13,Married-civ-spouse,Exec-managerial,Wife,White,Female,0,0,40,United-States,0.7493666680778517,0
47,Self-emp-inc,120131,Bachelors,13,Married-civ-spouse,Exec-managerial,Husband,White,Male,0,0,50,Cuba,0.7491570952386242,0
38,Private,112561,Bachelors,13,Married-civ-spouse,Exec-managerial,Husband,White,Male,0,0,55,United-States,0.7491112915823309,0
46,Self-emp-inc,120121,Bachelors,13,Married-civ-spouse,Sales,Husband,White,Male,0,0,50,United-States,0.748970261805725,0
48,Private,202467,Bachelors,13,Married-civ-spouse,Prof-specialty,Husband,White,Male,0,1485,40,United-States,0.7489141653734404,0
53,Private,195813,5th-6th,3,Married-civ-spouse,Craft-repair,Husband,Other,Male,5178,0,40,Puerto-Rico,0.7487790671183602,3
38,Private,187983,Prof-school,15,Married-civ-spouse,Sales,Wife,White,Female,0,0,40,United-States,0.7487602033227344,0
50,Private,123174,Doctorate,16,Married-civ-spouse,Prof-specialty,Husband,Black,Male,0,0,37,?,0.7485312505331837,1
53,Self-emp-inc,148532,Bachelors,13,Married-civ-spouse,Sales,Husband,White,Male,0,0,60,United-States,0.7484544596607213,0
33,Self-emp-inc,281832,Doctorate,16,Married-civ-spouse,Prof-specialty,Husband,White,Male,0,0,40,Cuba,0.7484258727260936,0
45,Private,90758,Bachelors,13,Married-civ-spouse,Exec-managerial,Husband,White,Male,0,0,55,United-States,0.7484206046967905,0
39,Private,216256,Bachelors,13,Married-civ-spouse,Exec-managerial,Husband,White,Male,0,0,60,Italy,0.7483590067719817,0
45,Federal-gov,76008,Bachelors,13,Married-civ-spouse,Exec-managerial,Husband,White,Male,0,0,50,United-States,0.7483285708095265,0
53,State-gov,143822,Masters,14,Married-civ-spouse,Prof-specialty,Husband,White,Male,0,0,36,United-States,0.748287601640476,0
48,Local-gov,142719,Masters,14,Married-civ-spouse,Prof-specialty,Husband,White,Male,0,0,40,United-States,0.748287601640476,0
47,Local-gov,121124,Masters,14,Married-civ-spouse,Prof-specialty,Husband,White,Male,0,0,35,United-States,0.748287601640476,0
59,Local-gov,140478,Masters,14,Married-civ-spouse,Prof-specialty,Husband,White,Male,0,0,40,United-States,0.748287601640476,0
37,Private,305379,Bachelors,13,Married-civ-spouse,Exec-managerial,Husband,White,Male,0,0,50,United-States,0.7482772835935569,0
58,Self-emp-not-inc,130714,Masters,14,Married-civ-spouse,Exec-managerial,Husband,White,Male,0,0,50,United-States,0.7482385687008548,0
49,Private,237920,Doctorate,16,Married-civ-spouse,Sales,Husband,White,Male,0,0,60,United-States,0.7480136351390121,0
32,Private,53277,Masters,14,Married-civ-spouse,Exec-managerial,Husband,White,Male,0,0,60,United-States,0.7479669059604239,0
34,Private,178841,Bachelors,13,Married-civ-spouse,Exec-managerial,Wife,White,Female,0,0,40,United-States,0.7477926126959222,0
53,Private,94081,Bachelors,13,Married-civ-spouse,Exec-managerial,Husband,White,Male,0,0,44,United-States,0.7477428186290972,0
30,Private,122042,Masters,14,Married-civ-spouse,Exec-managerial,Husband,White,Male,0,0,45,United-States,0.7476971360271107,0
65,Private,90377,Assoc-voc,11,Married-civ-spouse,Farming-fishing,Husband,White,Male,6767,0,60,United-States,0.7476784947009546,1
64,Private,47298,Doctorate,16,Married-civ-spouse,Prof-specialty,Husband,White,Male,0,0,60,United-States,0.7476492064384936,0
57,Local-gov,52267,Masters,14,Married-civ-spouse,Exec-managerial,Husband,White,Male,0,0,50,United-States,0.7476000352336046,0
50,Private,104501,Masters,14,Married-civ-spouse,Prof-specialty,Husband,White,Male,0,0,40,United-States,0.7475615223118146,0
43,Self-emp-inc,286750,Prof-school,15,Married-civ-spouse,Prof-specialty,Husband,Black,Male,0,0,99,United-States,0.7475610488351198,1
58,Private,281792,Bachelors,13,Married-civ-spouse,Prof-specialty,Husband,White,Male,0,0,40,United-States,0.747204585854083,0
52,Private,294991,Bachelors,13,Married-civ-spouse,Prof-specialty,Husband,White,Male,0,0,40,United-States,0.747204585854083,0
53,Private,196328,Bachelors,13,Married-civ-spouse,Exec-managerial,Husband,Black,Male,0,0,40,United-States,0.7471222725215405,1
45,Private,148900,Bachelors,13,Married-civ-spouse,Prof-specialty,Husband,White,Male,0,0,50,United-States,0.746646365482347,0
47,Private,192776,Bachelors,13,Married-civ-spouse,Prof-specialty,Husband,White,Male,0,0,50,United-States,0.746646365482347,0
46,Private,279661,Masters,14,Married-civ-spouse,Prof-specialty,Husband,Black,Male,0,0,35,United-States,0.7465888578950962,1
44,Local-gov,145246,Masters,14,Married-civ-spouse,Prof-specialty,Husband,White,Male,0,0,44,United-States,0.7463675137391124,0
38,Private,266325,Bachelors,13,Married-civ-spouse,Prof-specialty,Wife,White,Female,0,0,32,United-States,0.7462395054214273,0
35,Self-emp-not-inc,97277,Prof-school,15,Married-civ-spouse,Prof-specialty,Husband,White,Male,0,0,65,United-States,0.746220652906984,0
54,Private,57758,Masters,14,Married-civ-spouse,Sales,Husband,White,Male,0,0,68,United-States,0.7461279340443435,0
48,Private,109421,Bachelors,13,Married-civ-spouse,Prof-specialty,Husband,White,Male,0,0,55,United-States,0.74605316474518,0
52,Self-emp-inc,81436,Prof-school,15,Married-civ-spouse,Sales,Husband,White,Male,0,0,40,United-States,0.7460359765318519,0
56,Self-emp-not-inc,163212,HS-grad,9,Widowed,Adm-clerical,Unmarried,White,Female,99999,0,40,United-States,0.7458680265293332,1
48,Self-emp-inc,36020,Bachelors,13,Married-civ-spouse,Exec-managerial,Husband,White,Male,0,0,50,United-States,0.745837999617418,0
49,Self-emp-inc,102771,Bachelors,13,Married-civ-spouse,Sales,Husband,White,Male,0,0,52,United-States,0.7449885759557078,0
49,Self-emp-inc,246891,Bachelors,13,Married-civ-spouse,Adm-clerical,Husband,White,Male,0,0,40,United-States,0.7448594276660675,0
30,Self-emp-not-inc,404062,HS-grad,9,Married-civ-spouse,Prof-specialty,Husband,White,Male,0,1977,15,United-States,0.7448379741910913,1
67,Private,105252,Masters,14,Married-civ-spouse,Exec-managerial,Husband,White,Male,0,0,40,United-States,0.7447081213535017,0
55,Federal-gov,145401,Bachelors,13,Married-civ-spouse,Exec-managerial,Husband,White,Male,0,0,40,United-States,0.7446687553964542,0
33,Private,144064,Bachelors,13,Married-civ-spouse,Exec-managerial,Husband,White,Male,0,0,50,United-States,0.7446492257185133,0
33,Private,169496,Bachelors,13,Married-civ-spouse,Exec-managerial,Husband,White,Male,0,0,50,United-States,0.7446492257185133,0
44,Self-emp-not-inc,197558,Prof-school,15,Married-civ-spouse,Prof-specialty,Husband,White,Male,0,0,70,United-States,0.7445202410867289,0
43,Federal-gov,222756,Masters,14,Married-civ-spouse,Craft-repair,Husband,White,Male,0,0,40,United-States,0.7445047219658678,0
34,State-gov,56964,Doctorate,16,Married-civ-spouse,Prof-specialty,Wife,White,Female,0,0,50,United-States,0.744280751860929,0
50,Private,171924,Bachelors,13,Married-civ-spouse,Prof-specialty,Husband,White,Male,0,0,43,United-States,0.7438255909041,0
42,Private,254773,Bachelors,13,Married-civ-spouse,Exec-managerial,Wife,Black,Female,0,0,50,United-States,0.7437272622762563,0
56,Private,314149,Doctorate,16,Married-civ-spouse,Prof-specialty,Husband,White,Male,0,0,50,United-States,0.7435812191473512,0
49,Private,93639,Bachelors,13,Married-civ-spouse,Exec-managerial,Wife,White,Female,0,0,43,United-States,0.743544727383505,0
39,Private,186183,Masters,14,Married-civ-spouse,Prof-specialty,Husband,White,Male,0,0,40,United-States,0.7433771609001807,0
57,Private,112840,Masters,14,Married-civ-spouse,Prof-specialty,Husband,White,Male,0,0,55,United-States,0.7433237394088421,0
46,Private,79874,Bachelors,13,Married-civ-spouse,Exec-managerial,Husband,White,Male,0,0,53,United-States,0.7433019911671932,0
52,State-gov,71344,Masters,14,Married-civ-spouse,Prof-specialty,Husband,White,Male,0,0,40,United-States,0.7432911470439812,0
50,Private,71417,HS-grad,9,Married-civ-spouse,Craft-repair,Husband,White,Male,3103,0,40,United-States,0.743205846119989,0
47,Private,287828,Bachelors,13,Married-civ-spouse,Exec-managerial,Wife,White,Female,0,0,40,United-States,0.7430978410283521,0
57,Private,170411,Bachelors,13,Married-civ-spouse,Protective-serv,Husband,White,Male,0,0,40,United-States,0.7430057731770597,0
47,Federal-gov,202560,Bachelors,13,Married-civ-spouse,Exec-managerial,Wife,White,Female,0,0,40,United-States,0.7429496446270741,0
59,Private,322691,Masters,14,Married-civ-spouse,Prof-specialty,Husband,White,Male,0,0,50,United-States,0.742795983018428,0
55,Self-emp-not-inc,52888,Prof-school,15,Married-civ-spouse,Prof-specialty,Wife,White,Female,0,0,10,United-States,0.7427429164888308,0
30,Private,345122,Prof-school,15,Married-civ-spouse,Prof-specialty,Husband,White,Male,0,0,50,United-States,0.7426826964780625,0
43,Local-gov,265698,Bachelors,13,Married-civ-spouse,Prof-specialty,Wife,White,Female,0,0,45,United-States,0.7425653706292679,0
53,Local-gov,197054,Masters,14,Married-civ-spouse,Prof-specialty,Husband,White,Male,0,0,40,United-States,0.7425364148761843,0
47,Self-emp-not-inc,235646,Masters,14,Married-civ-spouse,Prof-specialty,Husband,White,Male,0,0,40,United-States,0.7424970966450789,0
50,Private,189811,Bachelors,13,Married-civ-spouse,Exec-managerial,Husband,White,Male,0,0,40,United-States,0.7424286061396927,0
52,Private,180881,Bachelors,13,Married-civ-spouse,Exec-managerial,Husband,White,Male,0,0,40,United-States,0.7424286061396927,0
49,Private,149337,Bachelors,13,Married-civ-spouse,Exec-managerial,Husband,White,Male,0,0,40,United-States,0.7424286061396927,0
50,Private,167065,Bachelors,13,Married-civ-spouse,Exec-managerial,Husband,White,Male,0,0,40,United-States,0.7421472294011151,0
52,State-gov,109600,Masters,14,Married-spouse-absent,Exec-managerial,Unmarried,White,Female,4787,0,44,United-States,0.7419374830313665,0
61,Self-emp-inc,134768,Bachelors,13,Married-civ-spouse,Exec-managerial,Husband,White,Male,0,0,50,Germany,0.7418507726840737,0
34,Private,173730,Bachelors,13,Married-civ-spouse,Exec-managerial,Husband,White,Male,0,0,50,United-States,0.7417659585650883,0
34,Private,159322,Bachelors,13,Married-civ-spouse,Exec-managerial,Husband,White,Male,0,0,50,United-States,0.7417659585650883,0
45,Private,331482,Bachelors,13,Married-civ-spouse,Prof-specialty,Husband,White,Male,0,0,50,United-States,0.7416200679193072,0
47,Local-gov,228372,Masters,14,Married-civ-spouse,Prof-specialty,Husband,White,Male,0,0,48,United-States,0.7414748319024669,0
34,Private,188900,Bachelors,13,Married-civ-spouse,Exec-managerial,Wife,White,Female,0,0,40,United-States,0.7413436384674414,0
33,Private,117186,Bachelors,13,Married-civ-spouse,Exec-managerial,Husband,White,Male,0,0,45,United-States,0.7411010683900692,0
39,Private,113481,Bachelors,13,Married-civ-spouse,Exec-managerial,Husband,White,Male,0,0,45,United-States,0.7410983931925506,0
56,Self-emp-inc,75214,Prof-school,15,Married-civ-spouse,Prof-specialty,Husband,White,Male,0,0,32,United-States,0.74097664215515,0
40,Private,170108,Masters,14,Married-civ-spouse,Prof-specialty,Husband,White,Male,0,0,40,United-States,0.7408833662872839,0
30,State-gov,199539,HS-grad,9,Married-civ-spouse,Adm-clerical,Husband,White,Male,0,1902,40,United-States,0.7408531701426784,0
42,Private,246011,Bachelors,13,Married-civ-spouse,Prof-specialty,Wife,White,Female,0,0,55,United-States,0.7407971048377148,0
59,Self-emp-inc,125000,Bachelors,13,Married-civ-spouse,Exec-managerial,Husband,White,Male,0,0,40,England,0.7407653766932819,0
46,Self-emp-inc,168796,Bachelors,13,Married-civ-spouse,Sales,Husband,White,Male,0,0,55,United-States,0.7407517151253662,0
58,Self-emp-not-inc,43221,Some-college,10,Married-civ-spouse,Farming-fishing,Husband,White,Male,0,2415,40,United-States,0.7406831549785214,0
36,Private,306646,Bachelors,13,Married-civ-spouse,Exec-managerial,Husband,White,Male,0,0,55,United-States,0.7405863575318459,0
47,Local-gov,126754,Masters,14,Married-civ-spouse,Prof-specialty,Husband,White,Male,0,0,40,United-States,0.7404113190110557,0
47,Private,202812,Masters,14,Married-civ-spouse,Prof-specialty,Husband,White,Male,0,0,40,?,0.7402721119274596,0
45,Private,235646,Bachelors,13,Married-civ-spouse,Exec-managerial,Husband,White,Male,0,0,40,United-States,0.7401207010914027,0
51,Local-gov,35211,Masters,14,Married-civ-spouse,Prof-specialty,Husband,Amer-Indian-Eskimo,Male,0,0,40,United-States,0.7400993892066982,2
51,Private,63424,Masters,14,Married-civ-spouse,Prof-specialty,Wife,White,Female,0,0,40,United-States,0.7398950263721157,0
56,Self-emp-not-inc,233312,Masters,14,Married-civ-spouse,Craft-repair,Husband,White,Male,0,0,50,United-States,0.7398277604900835,0
43,Private,91959,Bachelors,13,Married-civ-spouse,Exec-managerial,Husband,White,Male,0,0,45,United-States,0.7398060889732757,0
49,State-gov,122066,Masters,14,Married-civ-spouse,Prof-specialty,Husband,White,Male,0,0,45,United-States,0.7397985265672766,0
51,Private,255412,Bachelors,13,Married-civ-spouse,Exec-managerial,Husband,White,Male,0,0,50,France,0.7397936542910452,0
42,Private,141558,Masters,14,Married-civ-spouse,Prof-specialty,Husband,White,Male,0,0,60,United-States,0.7396803127101886,0
37,Private,151835,Prof-school,15,Married-civ-spouse,Sales,Husband,White,Male,0,0,45,United-States,0.7396085890402067,0
41,Private,167106,Bachelors,13,Married-civ-spouse,Adm-clerical,Husband,Asian-Pac-Islander,Male,3103,0,35,Philippines,0.7395685967912983,1
55,Private,463072,Bachelors,13,Married-civ-spouse,Prof-specialty,Husband,White,Male,0,0,60,United-States,0.739465053341777,0
44,Private,210648,Bachelors,13,Married-civ-spouse,Tech-support,Husband,White,Male,0,0,40,United-States,0.7394176992672853,0
45,Private,306889,Bachelors,13,Married-civ-spouse,Exec-managerial,Wife,White,Female,0,0,40,United-States,0.7393445669162547,0
62,Local-gov,115763,Masters,14,Married-civ-spouse,Prof-specialty,Wife,White,Female,0,0,40,United-States,0.7393006652849792,0
43,Private,145762,Bachelors,13,Married-civ-spouse,Exec-managerial,Husband,White,Male,0,0,40,United-States,0.739182272712957,0
44,Self-emp-not-inc,202692,Masters,14,Married-civ-spouse,Prof-specialty,Husband,White,Male,0,0,40,United-States,0.7391442884681964,0
36,Self-emp-not-inc,138940,Bachelors,13,Married-civ-spouse,Exec-managerial,Husband,White,Male,4386,0,50,United-States,0.7391213097818502,0
55,Local-gov,161662,Masters,14,Married-civ-spouse,Exec-managerial,Husband,White,Male,0,0,55,United-States,0.7390158170592991,0
50,Federal-gov,20179,Masters,14,Married-civ-spouse,Tech-support,Husband,White,Male,0,0,40,United-States,0.7390056283105271,0
51,State-gov,237141,Masters,14,Married-civ-spouse,Exec-managerial,Husband,White,Male,0,0,40,United-States,0.7389683933218862,0
55,Self-emp-inc,141807,Bachelors,13,Married-civ-spouse,Sales,Husband,White,Male,0,0,60,United-States,0.7389415700732579,0
58,Federal-gov,208640,Bachelors,13,Married-civ-spouse,Exec-managerial,Husband,White,Male,0,0,40,United-States,0.7387997112718608,0
39,Self-emp-inc,172538,Bachelors,13,Married-civ-spouse,Prof-specialty,Husband,White,Male,0,0,50,United-States,0.7386629786603419,0
43,Federal-gov,114537,Bachelors,13,Married-civ-spouse,Prof-specialty,Husband,White,Male,0,0,40,United-States,0.7386155452141053,0
29,Private,216481,Masters,14,Married-civ-spouse,Exec-managerial,Wife,White,Female,0,0,40,United-States,0.7385897268871087,0
53,Federal-gov,155594,Bachelors,13,Married-civ-spouse,Prof-specialty,Husband,White,Male,0,0,40,United-States,0.7384570458744408,0
26,Private,167350,Some-college,10,Married-civ-spouse,Tech-support,Husband,White,Male,3103,0,40,United-States,0.738410242899259,0
33,Private,594187,Masters,14,Married-civ-spouse,Prof-specialty,Husband,White,Male,0,0,45,United-States,0.7382759611050275,0
33,Private,341187,Bachelors,13,Married-civ-spouse,Exec-managerial,Husband,White,Male,0,0,50,United-States,0.7380676637959179,0
33,Private,123253,Bachelors,13,Married-civ-spouse,Exec-managerial,Husband,White,Male,0,0,55,United-States,0.737953872763862,0
53,Self-emp-not-inc,46704,Masters,14,Married-civ-spouse,Prof-specialty,Husband,White,Male,0,0,50,United-States,0.7379150892913706,0
31,Private,127610,Bachelors,13,Married-civ-spouse,Exec-managerial,Wife,White,Female,0,0,50,United-States,0.7376316791491022,0
34,Private,192002,Masters,14,Married-civ-spouse,Prof-specialty,Husband,White,Male,0,0,55,United-States,0.7375442011402124,0
60,Self-emp-not-inc,135285,Masters,14,Married-civ-spouse,Prof-specialty,Husband,White,Male,0,0,40,United-States,0.7374624301279419,0
33,State-gov,119628,Doctorate,16,Married-civ-spouse,Prof-specialty,Husband,Asian-Pac-Islander,Male,0,0,50,Hong,0.7373517298730579,3
46,Self-emp-inc,181413,Assoc-acdm,12,Married-civ-spouse,Exec-managerial,Wife,White,Female,0,0,40,United-States,0.7373137919672255,0
57,Self-emp-inc,199768,HS-grad,9,Married-civ-spouse,Sales,Husband,White,Male,0,1902,30,United-States,0.7373037270404312,0
37,Private,91711,Bachelors,13,Married-civ-spouse,Exec-managerial,Husband,White,Male,0,0,60,United-States,0.7372892930117826,0
33,Private,392812,Bachelors,13,Married-civ-spouse,Exec-managerial,Husband,White,Male,0,0,45,United-States,0.7371887510135763,0
45,Private,126141,Bachelors,13,Married-civ-spouse,Exec-managerial,Husband,White,Male,0,0,40,United-States,0.7370073842195212,0
47,Private,131002,Bachelors,13,Married-civ-spouse,Prof-specialty,Husband,White,Male,0,0,50,United-States,0.7369432855952494,0
46,Private,35969,Bachelors,13,Married-civ-spouse,Exec-managerial,Husband,White,Male,0,0,51,United-States,0.7369356396794641,0
45,Self-emp-inc,34091,Bachelors,13,Married-civ-spouse,Exec-managerial,Husband,White,Male,0,0,38,United-States,0.7366733150276987,0
37,Private,86551,Bachelors,13,Married-civ-spouse,Exec-managerial,Husband,White,Male,0,0,50,United-States,0.7366450590323033,0
37,Private,77820,Bachelors,13,Married-civ-spouse,Exec-managerial,Husband,White,Male,0,0,50,United-States,0.7366450590323033,0
48,Private,174386,Masters,14,Married-civ-spouse,Prof-specialty,Husband,White,Male,0,0,40,El-Salvador,0.7366152877229493,0
35,?,98080,Prof-school,15,Never-married,?,Not-in-family,Asian-Pac-Islander,Male,4787,0,45,Japan,0.7365290472795998,2
57,Private,346963,Bachelors,13,Married-civ-spouse,Exec-managerial,Husband,White,Male,0,0,40,United-States,0.7364946011548952,0
46,Private,191357,Bachelors,13,Married-civ-spouse,Tech-support,Husband,White,Male,0,0,40,United-States,0.7364397527116787,0
37,Private,379522,Bachelors,13,Married-civ-spouse,Sales,Husband,White,Male,0,0,55,United-States,0.7364259700679939,0
41,Private,180138,Bachelors,13,Married-civ-spouse,Exec-managerial,Husband,White,Male,0,0,50,Iran,0.736328779149623,0
52,Local-gov,108083,Masters,14,Married-civ-spouse,Prof-specialty,Husband,White,Male,0,0,50,United-States,0.7362820251720406,0
51,Local-gov,201560,Bachelors,13,Married-civ-spouse,Prof-specialty,Wife,White,Female,0,0,40,United-States,0.7362764680795819,0
48,Local-gov,334409,Bachelors,13,Married-civ-spouse,Prof-specialty,Wife,White,Female,0,0,50,United-States,0.7362550282625832,0
40,Private,247469,Doctorate,16,Married-civ-spouse,Prof-specialty,Wife,White,Female,0,0,30,United-States,0.7359484211881566,0
52,Private,74024,Masters,14,Married-civ-spouse,Prof-specialty,Husband,White,Male,0,0,45,United-States,0.7358876463129411,0
46,Federal-gov,162187,Bachelors,13,Married-civ-spouse,Prof-specialty,Husband,White,Male,0,0,40,United-States,0.7358872217832181,0
41,Self-emp-inc,218302,Bachelors,13,Married-civ-spouse,Sales,Husband,White,Male,0,0,60,United-States,0.7358503856244208,0
52,Local-gov,298035,Masters,14,Married-civ-spouse,Prof-specialty,Husband,White,Male,0,0,40,United-States,0.7358070972230502,0
46,Local-gov,175428,Masters,14,Married-civ-spouse,Prof-specialty,Husband,White,Male,0,0,40,United-States,0.7356574769816367,0
37,Private,174150,Masters,14,Married-civ-spouse,Exec-managerial,Husband,White,Male,0,0,40,United-States,0.73542847104458,0
42,Private,280167,Masters,14,Married-civ-spouse,Prof-specialty,Husband,White,Male,0,0,40,United-States,0.7352966992621061,0
36,Private,182863,Bachelors,13,Married-civ-spouse,Exec-managerial,Husband,White,Male,0,0,50,United-States,0.7352722118482753,0
54,Local-gov,224934,Masters,14,Married-civ-spouse,Prof-specialty,Husband,White,Male,0,0,50,United-States,0.7352650197637429,0
62,Self-emp-inc,200577,Masters,14,Married-civ-spouse,Sales,Husband,White,Male,0,0,45,United-States,0.7351772947735374,0
47,Private,158451,Masters,14,Married-civ-spouse,Prof-specialty,Wife,White,Female,0,0,2,United-States,0.735020274862114,0
37,Private,305597,Bachelors,13,Married-civ-spouse,Prof-specialty,Husband,White,Male,0,0,45,United-States,0.7349289328571609,0
34,Private,117444,Bachelors,13,Married-civ-spouse,Exec-managerial,Husband,White,Male,0,0,65,United-States,0.7348597824755289,0
45,Self-emp-inc,185497,Bachelors,13,Married-civ-spouse,Exec-managerial,Wife,Asian-Pac-Islander,Female,0,0,70,?,0.7345307461785273,2
40,Private,51290,Masters,14,Married-civ-spouse,Prof-specialty,Husband,White,Male,0,0,50,United-States,0.7344733863522298,0
44,State-gov,165108,Masters,14,Married-civ-spouse,Prof-specialty,Husband,White,Male,0,0,40,United-States,0.734386319324338,0
39,Private,72338,Masters,14,Married-civ-spouse,Prof-specialty,Husband,Asian-Pac-Islander,Male,0,0,40,Philippines,0.7342781321587327,1
43,State-gov,129298,Masters,14,Married-civ-spouse,Exec-managerial,Husband,White,Male,0,0,40,United-States,0.7341188703312252,0
38,Private,201328,Bachelors,13,Married-civ-spouse,Prof-specialty,Husband,White,Male,0,0,50,United-States,0.7341116183255814,0
45,Local-gov,188823,Masters,14,Married-civ-spouse,Prof-specialty,Husband,White,Male,0,0,50,United-States,0.7339238053442896,0
35,Self-emp-inc,187046,Masters,14,Married-civ-spouse,Adm-clerical,Husband,White,Male,0,0,50,United-States,0.7339175095349024,0
33,Private,238912,Doctorate,16,Married-civ-spouse,Prof-specialty,Husband,White,Male,0,0,60,United-States,0.7338031475816016,0
51,Local-gov,199688,Bachelors,13,Married-civ-spouse,Protective-serv,Husband,White,Male,0,0,40,United-States,0.733757041992839,0
48,Private,307440,Bachelors,13,Married-civ-spouse,Tech-support,Husband,Asian-Pac-Islander,Male,0,0,45,Philippines,0.7337413076247831,1
37,Local-gov,221740,Bachelors,13,Married-civ-spouse,Prof-specialty,Wife,White,Female,0,0,30,United-States,0.7336307666414623,0
41,Private,113823,Masters,14,Married-civ-spouse,Prof-specialty,Husband,White,Male,0,0,40,England,0.7335323696200123,0
56,Private,282023,Masters,14,Married-civ-spouse,Prof-specialty,Husband,White,Male,0,0,40,United-States,0.7334953180569865,0
35,Self-emp-inc,135436,Prof-school,15,Married-civ-spouse,Prof-specialty,Husband,White,Male,0,0,50,United-States,0.7333572748381914,0
44,Private,230478,Bachelors,13,Married-civ-spouse,Exec-managerial,Husband,White,Male,0,0,40,United-States,0.7330376403548602,0
49,Federal-gov,94754,Masters,14,Married-civ-spouse,Adm-clerical,Husband,White,Male,0,0,40,United-States,0.7329821131671383,0
42,Self-emp-inc,119281,Bachelors,13,Married-civ-spouse,Exec-managerial,Husband,White,Male,0,0,60,United-States,0.7329150773600024,0
40,Private,79531,Bachelors,13,Married-civ-spouse,Exec-managerial,Husband,White,Male,0,0,75,United-States,0.7328409699342784,0
45,Private,102096,Bachelors,13,Married-civ-spouse,Exec-managerial,Husband,White,Male,0,0,40,?,0.7328119609946241,0
57,Private,73051,Bachelors,13,Married-civ-spouse,Exec-managerial,Husband,White,Male,0,0,40,United-States,0.7327606301062926,0
45,Private,209912,Bachelors,13,Married-civ-spouse,Exec-managerial,Husband,Asian-Pac-Islander,Male,0,0,40,India,0.7326761604728029,1
30,Self-emp-inc,173858,Some-college,10,Married-civ-spouse,Exec-managerial,Husband,Asian-Pac-Islander,Male,0,1902,40,South,0.7326248010188535,1
36,Private,269318,Bachelors,13,Married-civ-spouse,Exec-managerial,Husband,White,Male,0,0,50,United-States,0.7326121473211453,0
32,Private,132601,Prof-school,15,Married-civ-spouse,Prof-specialty,Husband,White,Male,0,0,40,United-States,0.7324794620708952,0
46,Private,33842,Some-college,10,Married-civ-spouse,Transport-moving,Husband,White,Male,3103,0,40,United-States,0.7324375700730221,0
54,Self-emp-inc,108435,Bachelors,13,Married-civ-spouse,Sales,Husband,White,Male,0,0,50,United-States,0.7323365068083173,0
46,Local-gov,200947,Bachelors,13,Married-civ-spouse,Protective-serv,Husband,White,Male,0,0,40,United-States,0.7321061146355052,0
43,Private,195212,Bachelors,13,Married-civ-spouse,Exec-managerial,Wife,Black,Female,0,0,40,?,0.73205413013621,0
44,Private,167005,Some-college,10,Married-civ-spouse,Craft-repair,Husband,White,Male,4386,0,55,United-States,0.7319759705701397,0
48,Local-gov,407495,Assoc-acdm,12,Married-civ-spouse,Protective-serv,Husband,White,Male,0,0,56,United-States,0.7319161975861954,0
36,Private,354078,Bachelors,13,Married-civ-spouse,Prof-specialty,Husband,White,Male,0,0,60,United-States,0.7318727956190403,0
45,Private,82797,Bachelors,13,Married-civ-spouse,Exec-managerial,Husband,White,Male,0,0,45,United-States,0.731783999051316,0
68,Self-emp-not-inc,89011,Doctorate,16,Married-civ-spouse,Prof-specialty,Husband,White,Male,0,0,50,Canada,0.7317573952266272,0
71,Private,110380,HS-grad,9,Married-civ-spouse,Sales,Husband,White,Male,0,2467,52,United-States,0.7316864321536692,0
47,State-gov,80914,Masters,14,Married-civ-spouse,Exec-managerial,Husband,White,Male,0,0,47,United-States,0.7316314141322023,0
44,Private,98211,Bachelors,13,Married-civ-spouse,Exec-managerial,Husband,White,Male,0,0,40,United-States,0.731575441629495,0
31,Private,99928,Masters,14,Married-civ-spouse,Prof-specialty,Wife,White,Female,0,0,50,United-States,0.7315692148658522,0
41,Private,56795,Masters,14,Married-civ-spouse,Prof-specialty,Wife,White,Female,0,0,45,England,0.7315231937314788,0
60,Private,159049,Prof-school,15,Married-civ-spouse,Prof-specialty,Husband,White,Male,0,0,70,Germany,0.7314156610816369,0
47,State-gov,123219,Masters,14,Married-civ-spouse,Prof-specialty,Husband,White,Male,0,0,38,United-States,0.7313960570699177,0
36,Private,66304,Bachelors,13,Married-civ-spouse,Exec-managerial,Husband,White,Male,0,0,55,United-States,0.7312797069704227,0
43,Local-gov,174395,Masters,14,Married-civ-spouse,Prof-specialty,Husband,White,Male,0,0,50,United-States,0.730951021948732,0
58,Private,154950,Bachelors,13,Married-civ-spouse,Tech-support,Husband,White,Male,0,0,40,United-States,0.7306935289164257,0
41,Private,116379,Masters,14,Married-civ-spouse,Prof-specialty,Husband,Asian-Pac-Islander,Male,0,0,55,Taiwan,0.73041809868311,1
39,Private,99146,Masters,14,Married-civ-spouse,Prof-specialty,Husband,White,Male,0,0,40,?,0.7302545699624043,0
46,Private,265105,Bachelors,13,Married-civ-spouse,Prof-specialty,Husband,White,Male,0,0,50,United-States,0.730235672982438,0
58,Private,310320,Bachelors,13,Married-civ-spouse,Exec-managerial,Husband,White,Male,0,0,40,United-States,0.7300481910401463,0
60,Local-gov,165982,Masters,14,Married-civ-spouse,Exec-managerial,Husband,White,Male,0,0,50,United-States,0.7299426241110669,0
57,Local-gov,215175,Masters,14,Married-civ-spouse,Prof-specialty,Husband,White,Male,0,0,60,United-States,0.7299300666921027,0
48,Local-gov,177018,Masters,14,Married-civ-spouse,Prof-specialty,Husband,White,Male,0,0,50,United-States,0.7298351891253867,0
39,Self-emp-inc,206253,Bachelors,13,Married-civ-spouse,Prof-specialty,Wife,White,Female,0,0,40,United-States,0.7297193701515473,0
40,Local-gov,319271,Masters,14,Married-civ-spouse,Exec-managerial,Husband,White,Male,0,0,60,United-States,0.729703240482435,0
49,State-gov,269417,Doctorate,16,Never-married,Exec-managerial,Not-in-family,White,Female,0,2258,50,United-States,0.7297008575227991,0
42,State-gov,345969,Bachelors,13,Married-civ-spouse,Exec-managerial,Husband,White,Male,0,0,48,United-States,0.7294399858743816,0
51,Local-gov,96678,Masters,14,Married-civ-spouse,Prof-specialty,Husband,White,Male,0,0,60,United-States,0.7294198142335802,0
52,Self-emp-not-inc,240013,Masters,14,Married-civ-spouse,Sales,Husband,White,Male,0,0,70,United-States,0.7292669060719287,0
43,Private,167265,Bachelors,13,Married-civ-spouse,Craft-repair,Husband,White,Male,0,0,84,United-States,0.7291703890694005,0
49,State-gov,231961,Doctorate,16,Divorced,Prof-specialty,Unmarried,White,Male,0,0,50,United-States,0.7291650930069717,0
35,Private,154410,Bachelors,13,Married-civ-spouse,Exec-managerial,Husband,White,Male,0,0,50,United-States,0.7290895705679924,0
35,Private,166416,Bachelors,13,Married-civ-spouse,Exec-managerial,Husband,White,Male,0,0,50,United-States,0.7290895705679924,0
35,Private,119272,Bachelors,13,Married-civ-spouse,Exec-managerial,Husband,White,Male,0,0,55,United-States,0.7290895705679924,0
34,Private,158420,Bachelors,13,Married-civ-spouse,Exec-managerial,Husband,White,Male,0,0,70,United-States,0.7290895705679924,0
34,Private,158800,Bachelors,13,Married-civ-spouse,Exec-managerial,Husband,White,Male,0,0,50,United-States,0.7290895705679924,0
45,Private,329603,Doctorate,16,Married-civ-spouse,Prof-specialty,Husband,White,Male,0,0,40,Poland,0.7290189932755524,0
49,Private,281647,Bachelors,13,Married-civ-spouse,Sales,Husband,White,Male,0,0,45,United-States,0.7289734521912744,0
42,Private,201495,Bachelors,13,Married-civ-spouse,Exec-managerial,Husband,White,Male,0,0,40,United-States,0.7289707032327074,0
36,Private,130620,Bachelors,13,Married-civ-spouse,Prof-specialty,Wife,Asian-Pac-Islander,Female,0,0,35,Philippines,0.7289341618765424,1
31,Self-emp-not-inc,182177,HS-grad,9,Married-civ-spouse,Craft-repair,Husband,White,Male,0,1902,40,United-States,0.7288209496974017,0
50,Self-emp-inc,123429,Bachelors,13,Married-civ-spouse,Prof-specialty,Husband,White,Male,0,0,45,Italy,0.7288201801407517,0
53,Self-emp-not-inc,33304,Prof-school,15,Married-civ-spouse,Prof-specialty,Husband,White,Male,0,0,38,United-States,0.7288087417390302,0
48,Private,265295,Bachelors,13,Married-civ-spouse,Exec-managerial,Husband,White,Male,0,0,40,United-States,0.72863997646188,0
36,Self-emp-not-inc,342719,Doctorate,16,Married-civ-spouse,Prof-specialty,Husband,White,Male,0,0,45,?,0.7284326011849911,0
34,Private,206297,Bachelors,13,Married-civ-spouse,Exec-managerial,Husband,White,Male,0,0,48,United-States,0.7284230729709389,0
44,Private,215304,Bachelors,13,Married-civ-spouse,Prof-specialty,Husband,White,Male,0,0,45,United-States,0.7284190556168997,0
33,Private,409172,Bachelors,13,Married-civ-spouse,Exec-managerial,Own-child,White,Male,0,0,55,United-States,0.7283804874398345,0
64,State-gov,216160,Doctorate,16,Married-civ-spouse,Prof-specialty,Husband,White,Male,0,0,50,Columbia,0.7283270269829107,0
44,Private,131650,Assoc-acdm,12,Married-civ-spouse,Exec-managerial,Husband,White,Male,0,0,54,United-States,0.7283162221031911,0
53,Local-gov,248834,Bachelors,13,Married-civ-spouse,Prof-specialty,Wife,White,Female,0,0,50,United-States,0.728203682207391,0
50,Self-emp-inc,140516,Bachelors,13,Married-civ-spouse,Adm-clerical,Husband,White,Male,0,0,40,United-States,0.7281806707524051,0
45,Private,257609,Bachelors,13,Married-civ-spouse,Exec-managerial,Husband,White,Male,0,0,40,United-States,0.7281238334644801,0
37,Private,188576,Doctorate,16,Married-civ-spouse,Prof-specialty,Husband,Asian-Pac-Islander,Male,0,0,40,?,0.7280195825249361,1
41,Private,384508,Bachelors,13,Married-civ-spouse,Prof-specialty,Husband,White,Male,0,0,40,United-States,0.7280080492396013,0
62,Self-emp-inc,137354,Masters,14,Married-civ-spouse,Prof-specialty,Husband,Asian-Pac-Islander,Male,0,0,40,South,0.7278862374260381,1
42,Self-emp-inc,188615,Bachelors,13,Married-civ-spouse,Sales,Husband,White,Male,0,0,60,United-States,0.7278241672768664,0
42,Private,185413,Bachelors,13,Married-civ-spouse,Exec-managerial,Husband,White,Male,0,0,40,United-States,0.727807805339759,0
42,Private,173628,Bachelors,13,Married-civ-spouse,Exec-managerial,Husband,White,Male,0,0,40,United-States,0.727807805339759,0
36,Local-gov,196529,Masters,14,Married-civ-spouse,Prof-specialty,Wife,White,Female,0,0,40,United-States,0.7277960434073338,0
62,Private,205643,Prof-school,15,Married-civ-spouse,Craft-repair,Husband,White,Male,0,0,45,United-States,0.727748106449019,0
31,Private,43953,Bachelors,13,Married-civ-spouse,Prof-specialty,Wife,White,Female,0,0,35,United-States,0.7276287830897162,0
43,Local-gov,92374,Masters,14,Married-civ-spouse,Prof-specialty,Wife,Black,Female,0,0,35,United-States,0.727620719285586,0
33,Federal-gov,37546,Prof-school,15,Married-civ-spouse,Prof-specialty,Wife,White,Female,0,0,40,United-States,0.7274890128568415,0
48,Private,355320,Bachelors,13,Married-civ-spouse,Prof-specialty,Husband,White,Male,0,0,45,Canada,0.7274773514471156,0
42,Private,37937,Bachelors,13,Married-civ-spouse,Exec-managerial,Husband,White,Male,0,0,55,United-States,0.727437396297389,0
31,Self-emp-inc,203488,Bachelors,13,Married-civ-spouse,Exec-managerial,Husband,White,Male,0,0,50,United-States,0.7272472626030411,0
39,Local-gov,119421,Bachelors,13,Married-civ-spouse,Prof-specialty,Wife,White,Female,0,0,42,United-States,0.7272357755634664,0
54,Federal-gov,392502,Some-college,10,Married-civ-spouse,Prof-specialty,Husband,White,Male,0,0,40,United-States,0.7271092541104035,0
32,Private,34104,HS-grad,9,Married-civ-spouse,Exec-managerial,Husband,White,Male,3103,0,55,United-States,0.7269470211332825,0
44,Private,173704,Bachelors,13,Married-civ-spouse,Exec-managerial,Husband,White,Male,0,0,40,United-States,0.7269112791786343,0
47,Local-gov,287480,Masters,14,Married-civ-spouse,Prof-specialty,Husband,White,Male,0,0,40,United-States,0.7269050760176579,0
43,Private,111895,Bachelors,13,Married-civ-spouse,Prof-specialty,Husband,White,Male,0,0,50,United-States,0.7266072770309788,0
40,Private,101593,Bachelors,13,Married-civ-spouse,Prof-specialty,Husband,White,Male,0,0,50,United-States,0.7266072770309788,0
41,Local-gov,144995,Masters,14,Married-civ-spouse,Exec-managerial,Husband,White,Male,0,0,55,United-States,0.7265188395443941,0
44,Private,192225,Bachelors,13,Married-civ-spouse,Exec-managerial,Husband,White,Male,0,0,40,United-States,0.726404695582455,0
49,Self-emp-not-inc,349986,Bachelors,13,Married-civ-spouse,Prof-specialty,Husband,White,Male,0,0,60,United-States,0.7263525912060513,0
39,Private,348521,Some-college,10,Married-civ-spouse,Farming-fishing,Husband,White,Male,0,2415,99,United-States,0.7263453566757658,1
45,State-gov,144351,Masters,14,Married-civ-spouse,Prof-specialty,Husband,White,Male,0,0,40,United-States,0.7263261239087982,0
51,Local-gov,159755,Masters,14,Married-civ-spouse,Prof-specialty,Husband,White,Male,0,0,40,United-States,0.7263261239087982,0
50,Private,128798,Bachelors,13,Married-civ-spouse,Tech-support,Husband,White,Male,0,0,40,United-States,0.7262968114323284,0
46,Private,269652,Some-college,10,Married-civ-spouse,Craft-repair,Husband,White,Male,4386,0,38,United-States,0.7262230222982453,0
31,Self-emp-not-inc,108468,Prof-school,15,Married-civ-spouse,Prof-specialty,Husband,White,Male,0,0,60,United-States,0.7262146237912637,0
58,Local-gov,147428,Masters,14,Married-civ-spouse,Prof-specialty,Husband,White,Male,0,0,40,United-States,0.7261872191046128,0
40,Local-gov,289403,7th-8th,4,Married-civ-spouse,Craft-repair,Husband,Black,Male,0,1887,40,?,0.7261051274733564,1
68,?,257269,Bachelors,13,Married-civ-spouse,?,Husband,White,Male,0,2377,35,United-States,0.7257649836759281,0
40,Private,186916,Bachelors,13,Married-civ-spouse,Prof-specialty,Husband,White,Male,0,0,40,United-States,0.7256232051466344,0
47,Private,160440,Bachelors,13,Married-civ-spouse,Sales,Husband,White,Male,0,0,55,United-States,0.7255877895663836,0
46,Private,203039,Bachelors,13,Married-civ-spouse,Sales,Husband,White,Male,0,0,48,United-States,0.7255877895663836,0
45,Private,162187,Bachelors,13,Married-civ-spouse,Sales,Husband,White,Male,0,0,52,United-States,0.7255877895663836,0
51,Self-emp-not-inc,199005,Bachelors,13,Married-civ-spouse,Exec-managerial,Wife,White,Female,0,0,40,United-States,0.7255858708841243,0
40,Private,124692,Bachelors,13,Married-civ-spouse,Exec-managerial,Husband,White,Male,0,0,40,United-States,0.7255327934384711,0
49,Private,54772,HS-grad,9,Married-civ-spouse,Craft-repair,Husband,White,Male,3103,0,45,United-States,0.7251280078947481,0
37,Private,219546,Assoc-voc,11,Married-civ-spouse,Craft-repair,Husband,White,Male,4386,0,44,United-States,0.7251089906535422,0
38,State-gov,200289,Doctorate,16,Married-civ-spouse,Prof-specialty,Husband,Asian-Pac-Islander,Male,0,0,40,Taiwan,0.7250765540374544,1
53,Private,177705,Bachelors,13,Married-civ-spouse,Craft-repair,Husband,White,Male,0,0,44,United-States,0.7250709969938253,0
54,Private,186117,Bachelors,13,Married-civ-spouse,Craft-repair,Husband,White,Male,0,0,45,United-States,0.7250709969938253,0
54,Self-emp-not-inc,83311,Prof-school,15,Married-civ-spouse,Prof-specialty,Husband,White,Male,0,0,30,United-States,0.7250652112418238,0
33,Private,202051,Masters,14,Married-civ-spouse,Prof-specialty,Husband,White,Male,0,0,50,United-States,0.7250115853500972,0
44,Private,277488,Some-college,10,Married-civ-spouse,Machine-op-inspct,Husband,White,Male,3103,0,40,United-States,0.7249689381160952,0
50,Local-gov,124076,Bachelors,13,Married-civ-spouse,Prof-specialty,Wife,White,Female,0,0,40,United-States,0.7244052859650668,0
51,Private,160724,Doctorate,16,Married-civ-spouse,Prof-specialty,Husband,Asian-Pac-Islander,Male,0,0,99,South,0.7243910796771109,3
60,Private,43235,Bachelors,13,Married-civ-spouse,Prof-specialty,Husband,White,Male,0,0,50,United-States,0.7243212327516535,0
43,Federal-gov,197069,Bachelors,13,Married-civ-spouse,Prof-specialty,Husband,White,Male,0,0,40,Philippines,0.7243131584635047,0
49,Private,124356,Bachelors,13,Married-civ-spouse,Sales,Husband,White,Male,0,0,60,United-States,0.7241905695225505,0
40,Private,197462,Bachelors,13,Married-civ-spouse,Tech-support,Husband,White,Male,0,0,40,United-States,0.7241669509702363,0
46,State-gov,394860,Bachelors,13,Married-civ-spouse,Prof-specialty,Husband,White,Male,0,0,38,United-States,0.7239883334844898,0
44,State-gov,115932,Masters,14,Married-civ-spouse,Exec-managerial,Husband,White,Male,0,0,40,United-States,0.7239574145154506,0
50,State-gov,288353,Bachelors,13,Married-civ-spouse,Protective-serv,Husband,White,Male,0,0,40,United-States,0.7238167949118234,0
55,Private,272656,Bachelors,13,Married-civ-spouse,Tech-support,Husband,White,Male,0,0,55,United-States,0.723711644205129,0
42,Private,118947,Bachelors,13,Married-civ-spouse,Exec-managerial,Husband,White,Male,0,0,40,United-States,0.7236684795931494,0
40,Private,221172,Assoc-acdm,12,Married-civ-spouse,Exec-managerial,Husband,White,Male,0,0,50,United-States,0.7236649148787819,0
40,State-gov,182460,Masters,14,Married-civ-spouse,Prof-specialty,Wife,Asian-Pac-Islander,Female,0,0,38,China,0.7235692896302892,1
55,Local-gov,107308,Masters,14,Married-civ-spouse,Prof-specialty,Husband,White,Male,0,0,40,United-States,0.7235551996653578,0
45,Local-gov,287920,Masters,14,Married-civ-spouse,Prof-specialty,Husband,White,Male,0,0,50,United-States,0.7234265731949117,0
33,Private,199227,Bachelors,13,Married-civ-spouse,Exec-managerial,Husband,White,Male,0,0,55,United-States,0.7232438466785586,0
45,Private,242391,Bachelors,13,Married-civ-spouse,Exec-managerial,Husband,White,Male,0,0,40,United-States,0.7232136751767245,0
44,Federal-gov,68729,Bachelors,13,Married-civ-spouse,Exec-managerial,Husband,Asian-Pac-Islander,Male,0,0,40,United-States,0.7231501234392228,0
50,Private,176227,Bachelors,13,Married-civ-spouse,Exec-managerial,Husband,White,Male,0,0,40,?,0.7231086431697636,0
46,Private,243743,Bachelors,13,Married-civ-spouse,Prof-specialty,Husband,White,Male,0,0,40,United-States,0.7230554139184194,0
34,State-gov,595000,Masters,14,Married-civ-spouse,Prof-specialty,Wife,Black,Female,0,0,40,United-States,0.7230077250768149,0
78,Self-emp-not-inc,316261,Bachelors,13,Never-married,Exec-managerial,Not-in-family,White,Male,99999,0,20,United-States,0.7229504864017331,1
49,Private,268022,Bachelors,13,Married-civ-spouse,Sales,Husband,White,Male,0,0,50,United-States,0.7227398453343744,0
46,Private,192360,Bachelors,13,Married-civ-spouse,Exec-managerial,Husband,White,Male,0,0,35,United-States,0.7226783011930665,1
45,Private,294671,Assoc-voc,11,Married-civ-spouse,Craft-repair,Husband,White,Male,4386,0,38,United-States,0.7224069435939707,0
37,Self-emp-inc,217054,Bachelors,13,Married-civ-spouse,Prof-specialty,Husband,White,Male,0,0,35,United-States,0.7224000011269124,0
38,Local-gov,421446,Bachelors,13,Married-civ-spouse,Exec-managerial,Husband,Black,Male,0,0,50,United-States,0.7223861525430485,0
43,Private,102180,Masters,14,Married-civ-spouse,Prof-specialty,Husband,White,Male,0,0,40,United-States,0.7221699042477341,0
49,Private,196571,Bachelors,13,Married-civ-spouse,Sales,Husband,White,Male,0,0,45,United-States,0.7221083284063641,0
43,Federal-gov,32016,Masters,14,Married-civ-spouse,Prof-specialty,Husband,White,Male,0,0,40,United-States,0.721855745885733,0
33,Private,156192,Masters,14,Married-civ-spouse,Prof-specialty,Husband,White,Male,0,0,45,United-States,0.7218522054295544,0
54,Local-gov,204325,Some-college,10,Married-civ-spouse,Protective-serv,Husband,White,Male,0,0,52,United-States,0.7218286752464051,0
46,Private,165953,Bachelors,13,Married-civ-spouse,Adm-clerical,Husband,White,Male,0,0,45,United-States,0.7217176608067936,0
32,Private,206609,Bachelors,13,Married-civ-spouse,Exec-managerial,Husband,White,Male,0,0,60,United-States,0.7217124368307306,0
48,Private,227714,Bachelors,13,Married-civ-spouse,Sales,Husband,White,Male,0,0,60,United-States,0.7216817093005149,0
40,Private,77357,Prof-school,15,Married-civ-spouse,Prof-specialty,Husband,White,Male,0,0,40,United-States,0.7215123077481388,0
44,Self-emp-inc,178510,Some-college,10,Never-married,Sales,Not-in-family,White,Male,0,2258,60,United-States,0.7214947788595824,0
56,Private,318450,Masters,14,Married-civ-spouse,Adm-clerical,Husband,White,Male,0,0,80,United-States,0.7212533041228758,0
37,Self-emp-not-inc,188563,Some-college,10,Married-civ-spouse,Exec-managerial,Husband,White,Male,4386,0,50,United-States,0.7211117877962964,0
34,Self-emp-not-inc,192259,Prof-school,15,Married-civ-spouse,Prof-specialty,Husband,White,Male,0,0,35,United-States,0.7210242892882676,0
41,State-gov,47170,Bachelors,13,Married-civ-spouse,Prof-specialty,Wife,Amer-Indian-Eskimo,Female,0,0,48,United-States,0.7209627093626888,1
35,Self-emp-inc,196373,Bachelors,13,Married-civ-spouse,Exec-managerial,Husband,White,Male,0,0,45,United-States,0.7207368532850755,0
47,Federal-gov,160646,Assoc-voc,11,Married-civ-spouse,Adm-clerical,Wife,White,Female,0,0,35,United-States,0.7207171161825483,0
65,Private,115880,Doctorate,16,Married-civ-spouse,Exec-managerial,Husband,White,Male,0,0,40,United-States,0.7206011152245169,0
52,Private,235307,Bachelors,13,Married-civ-spouse,Prof-specialty,Husband,White,Male,0,0,40,United-States,0.7204227284506944,0
45,Private,267967,Bachelors,13,Married-civ-spouse,Prof-specialty,Husband,White,Male,0,0,45,United-States,0.7202189281119764,0
39,Self-emp-inc,117555,Bachelors,13,Married-civ-spouse,Exec-managerial,Husband,White,Male,0,0,60,United-States,0.7200510066628479,0
50,Private,171225,Bachelors,13,Married-civ-spouse,Exec-managerial,Husband,Asian-Pac-Islander,Male,0,0,40,Philippines,0.7199813111665053,1
30,Private,35724,Prof-school,15,Married-civ-spouse,Prof-specialty,Wife,White,Female,0,0,45,United-States,0.7198657447670109,0
37,Self-emp-inc,395831,Bachelors,13,Married-civ-spouse,Exec-managerial,Husband,White,Male,0,0,80,United-States,0.7198262094139143,0
37,Private,175759,Bachelors,13,Married-civ-spouse,Tech-support,Husband,White,Male,0,0,40,United-States,0.7197783216325296,0
60,Local-gov,141637,Masters,14,Married-civ-spouse,Prof-specialty,Husband,White,Male,0,0,40,United-States,0.7197721416016098,0
38,Private,33001,Bachelors,13,Married-civ-spouse,Exec-managerial,Husband,White,Male,0,0,55,United-States,0.7197491454344843,0
55,Private,320835,Bachelors,13,Married-civ-spouse,Sales,Husband,White,Male,0,0,50,United-States,0.7193175444316433,0
45,Private,129336,Masters,14,Married-civ-spouse,Adm-clerical,Husband,White,Male,0,0,45,United-States,0.7193011450807528,0
33,Private,188246,Bachelors,13,Married-civ-spouse,Exec-managerial,Husband,White,Male,0,0,65,United-States,0.7191792691817006,0
46,Self-emp-inc,98929,Bachelors,13,Married-civ-spouse,Sales,Husband,White,Male,0,0,52,United-States,0.7190736657624991,0
56,Private,247337,Bachelors,13,Married-civ-spouse,Prof-specialty,Husband,White,Male,0,0,50,United-States,0.7190453672268434,0
47,Private,162034,Bachelors,13,Married-civ-spouse,Sales,Husband,White,Male,0,0,60,United-States,0.7190372764313014,0
41,Local-gov,183224,Masters,14,Married-civ-spouse,Prof-specialty,Wife,Asian-Pac-Islander,Female,0,0,40,Taiwan,0.7190101620116596,1
59,Private,258579,Some-college,10,Married-civ-spouse,Transport-moving,Husband,White,Male,3103,0,35,United-States,0.7189973142942008,0
34,Private,379798,Masters,14,Married-civ-spouse,Exec-managerial,Husband,White,Male,0,0,40,United-States,0.7189956789646879,0
62,Private,98076,Bachelors,13,Married-civ-spouse,Exec-managerial,Husband,White,Male,0,0,40,United-States,0.7188871609660247,0
45,Private,202812,Bachelors,13,Married-civ-spouse,Prof-specialty,Husband,White,Male,0,0,40,United-States,0.7188264733902784,0
39,Local-gov,170382,Masters,14,Married-civ-spouse,Prof-specialty,Wife,White,Female,0,0,50,England,0.7187702896276162,0
44,Private,266135,Bachelors,13,Married-civ-spouse,Prof-specialty,Husband,White,Male,0,0,50,United-States,0.7187358118778043,0
37,Private,241998,Bachelors,13,Married-civ-spouse,Tech-support,Husband,White,Male,0,0,50,United-States,0.7185606546622372,0
37,Private,86551,Bachelors,13,Married-civ-spouse,Exec-managerial,Husband,White,Male,0,0,45,United-States,0.7185130865177175,0
51,Private,169112,Masters,14,Married-civ-spouse,Sales,Husband,White,Male,0,0,40,United-States,0.7184637804022038,0
30,Local-gov,181372,Bachelors,13,Married-civ-spouse,Prof-specialty,Wife,White,Female,0,0,33,United-States,0.7183995594160874,0
58,Local-gov,205267,Bachelors,13,Married-civ-spouse,Prof-specialty,Wife,White,Female,0,0,40,United-States,0.7183513720688761,0
31,Private,150309,Doctorate,16,Married-civ-spouse,Prof-specialty,Wife,White,Female,0,0,90,United-States,0.7182486004908764,0
36,Federal-gov,343052,HS-grad,9,Married-civ-spouse,Adm-clerical,Wife,White,Female,0,0,40,United-States,0.7181321766002784,0
53,State-gov,151580,Assoc-voc,11,Married-civ-spouse,Prof-specialty,Husband,White,Male,4386,0,40,United-States,0.7179790690828749,0
34,Private,73585,Masters,14,Married-civ-spouse,Prof-specialty,Husband,White,Male,0,0,40,?,0.7179649313591013,0
43,Federal-gov,369468,Bachelors,13,Married-civ-spouse,Prof-specialty,Husband,White,Male,0,0,40,United-States,0.7177039986877151,0
52,Private,146711,Bachelors,13,Married-civ-spouse,Prof-specialty,Husband,White,Male,0,0,50,United-States,0.7175899325617499,0
48,Local-gov,148549,Bachelors,13,Married-civ-spouse,Prof-specialty,Husband,White,Male,0,0,40,United-States,0.7174941470647219,0
51,Private,673764,Assoc-voc,11,Married-civ-spouse,Exec-managerial,Husband,White,Male,0,0,50,United-States,0.7174805695603037,0
43,Private,274731,Bachelors,13,Married-civ-spouse,Prof-specialty,Husband,White,Male,0,0,40,United-States,0.71738330619353,0
54,State-gov,93449,Masters,14,Married-civ-spouse,Prof-specialty,Husband,Asian-Pac-Islander,Male,0,0,40,India,0.7173770819875557,1
41,Private,324629,Bachelors,13,Married-civ-spouse,Exec-managerial,Husband,White,Male,0,0,40,Yugoslavia,0.7172003381224319,0
44,Private,160785,Bachelors,13,Married-civ-spouse,Sales,Husband,White,Male,0,0,60,United-States,0.7170979058330558,0
36,Private,659504,Bachelors,13,Married-civ-spouse,Exec-managerial,Husband,Black,Male,0,0,45,United-States,0.7169670536590985,0
51,Local-gov,168539,Bachelors,13,Married-civ-spouse,Exec-managerial,Husband,White,Male,0,0,50,United-States,0.7168919623892206,0
41,Private,227968,Bachelors,13,Married-civ-spouse,Prof-specialty,Wife,Black,Female,0,0,35,Haiti,0.7167299576201284,0
38,Private,312271,Bachelors,13,Married-civ-spouse,Prof-specialty,Husband,White,Male,0,0,50,United-States,0.7167242098041704,0
42,Private,285066,Bachelors,13,Married-civ-spouse,Prof-specialty,Husband,White,Male,0,0,45,United-States,0.7165687478658387,0
61,Private,226297,Bachelors,13,Married-civ-spouse,Exec-managerial,Husband,White,Male,0,0,40,United-States,0.7165351696406005,0
36,Private,202662,Masters,14,Married-civ-spouse,Prof-specialty,Husband,White,Male,0,0,40,United-States,0.7163954115901945,0
44,Local-gov,144778,Bachelors,13,Married-civ-spouse,Prof-specialty,Husband,White,Male,0,0,40,United-States,0.716260483211171,0
35,Private,241998,Bachelors,13,Married-civ-spouse,Exec-managerial,Husband,White,Male,0,0,45,United-States,0.7161339669272365,0
57,Private,182028,Bachelors,13,Married-civ-spouse,Exec-managerial,Wife,White,Female,0,0,40,United-States,0.7160182387370554,0
59,Private,75867,Masters,14,Married-civ-spouse,Prof-specialty,Husband,White,Male,0,0,60,United-States,0.7159708862621033,0
46,Self-emp-not-inc,148599,Masters,14,Married-civ-spouse,Craft-repair,Husband,White,Male,0,0,50,United-States,0.7158565775868293,0
40,Self-emp-inc,301007,Bachelors,13,Married-civ-spouse,Prof-specialty,Husband,White,Male,0,0,60,United-States,0.715654014154761,0
55,Private,185459,Masters,14,Married-civ-spouse,Sales,Husband,White,Male,0,0,50,United-States,0.7156072310691848,0
51,Private,111939,Bachelors,13,Married-civ-spouse,Prof-specialty,Husband,White,Male,0,0,50,United-States,0.7154073837377991,0
39,Private,218916,Prof-school,15,Divorced,Exec-managerial,Not-in-family,White,Male,0,0,50,United-States,0.7153012380170349,0
44,Self-emp-inc,229466,Some-college,10,Married-civ-spouse,Exec-managerial,Husband,White,Male,0,0,50,United-States,0.7152605443709749,0
42,Local-gov,29075,Assoc-acdm,12,Married-civ-spouse,Prof-specialty,Wife,Amer-Indian-Eskimo,Female,0,0,40,United-States,0.7152273907054152,1
52,Local-gov,205767,Masters,14,Married-civ-spouse,Prof-specialty,Husband,Black,Male,0,0,40,United-States,0.7149812173277951,0
47,Private,162034,Bachelors,13,Married-civ-spouse,Sales,Husband,White,Male,0,0,70,United-States,0.7149365612326322,0
31,Private,170983,Bachelors,13,Married-civ-spouse,Exec-managerial,Husband,White,Male,0,0,60,United-States,0.7149210914549563,0
31,Private,137290,Bachelors,13,Married-civ-spouse,Exec-managerial,Husband,White,Male,0,0,55,United-States,0.7149210914549563,0
43,Local-gov,35824,Masters,14,Married-civ-spouse,Prof-specialty,Wife,White,Female,0,0,40,United-States,0.714895488859149,0
48,Self-emp-inc,193188,Bachelors,13,Married-civ-spouse,Exec-managerial,Husband,White,Male,0,0,40,United-States,0.714878210213337,0
37,Private,343721,Bachelors,13,Married-civ-spouse,Prof-specialty,Husband,White,Male,0,0,40,United-States,0.7148404492756995,0
34,Private,34862,Bachelors,13,Divorced,Sales,Not-in-family,Amer-Indian-Eskimo,Male,0,1564,60,United-States,0.7148268428342348,1
35,Local-gov,103260,Masters,14,Married-civ-spouse,Prof-specialty,Wife,White,Female,0,0,35,United-States,0.7147964384675262,0
50,Private,195844,Assoc-acdm,12,Married-civ-spouse,Exec-managerial,Husband,White,Male,0,0,50,United-States,0.7147576218091105,0
35,Private,172571,Bachelors,13,Married-civ-spouse,Prof-specialty,Husband,White,Male,0,0,50,United-States,0.7147157134600228,0
41,Local-gov,396467,Assoc-acdm,12,Married-civ-spouse,Exec-managerial,Husband,Black,Male,0,0,50,United-States,0.7146854885339604,0
27,Private,221366,Some-college,10,Married-civ-spouse,Prof-specialty,Husband,White,Male,3103,0,50,United-States,0.7146550566438542,0
52,Local-gov,74784,Masters,14,Married-civ-spouse,Prof-specialty,Wife,White,Female,0,0,40,United-States,0.7145303597884456,0
35,Private,119098,Masters,14,Married-civ-spouse,Exec-managerial,Husband,White,Male,0,0,40,United-States,0.7145082983376739,0
23,Private,143003,Masters,14,Married-civ-spouse,Prof-specialty,Husband,Asian-Pac-Islander,Male,0,1887,50,India,0.714501794591766,1
47,Private,332727,Bachelors,13,Married-civ-spouse,Prof-specialty,Husband,White,Male,0,0,60,United-States,0.7143930431650243,0
38,Private,229700,Masters,14,Married-civ-spouse,Prof-specialty,Husband,Black,Male,0,0,40,United-States,0.7142263728576616,1
37,Private,77820,Bachelors,13,Married-civ-spouse,Exec-managerial,Husband,White,Male,0,0,45,United-States,0.7140647918864756,0
61,Private,119986,Masters,14,Married-civ-spouse,Prof-specialty,Husband,White,Male,0,0,40,?,0.7139973116115519,0
55,Self-emp-not-inc,183810,Masters,14,Married-civ-spouse,Prof-specialty,Husband,White,Male,0,0,55,United-States,0.7139849066292808,0
44,Local-gov,254146,Masters,14,Married-civ-spouse,Prof-specialty,Husband,White,Male,0,0,40,United-States,0.7137319456662746,0
44,Private,210525,Bachelors,13,Married-civ-spouse,Prof-specialty,Husband,White,Male,0,0,40,United-States,0.7134795493284253,0
55,Private,156430,Bachelors,13,Married-civ-spouse,Prof-specialty,Husband,White,Male,0,0,40,United-States,0.7134718455326758,0
55,Private,193130,Bachelors,13,Married-civ-spouse,Prof-specialty,Husband,White,Male,0,0,40,United-States,0.7134718455326758,0
56,Federal-gov,101338,Bachelors,13,Married-civ-spouse,Sales,Husband,White,Male,0,0,40,United-States,0.7133619107434903,0
47,Private,102308,Masters,14,Married-civ-spouse,Sales,Husband,White,Male,0,0,40,United-States,0.713166215472742,0
31,Private,236599,Bachelors,13,Married-civ-spouse,Exec-managerial,Husband,White,Male,0,0,45,United-States,0.7131272554729691,0
43,Private,178780,Assoc-acdm,12,Married-civ-spouse,Exec-managerial,Husband,White,Male,0,0,45,United-States,0.7130845792115776,0
48,Private,188432,HS-grad,9,Married-civ-spouse,Machine-op-inspct,Husband,White,Male,3103,0,46,United-States,0.7129839654677019,0
28,Private,377095,Bachelors,13,Married-civ-spouse,Exec-managerial,Wife,White,Female,0,0,40,United-States,0.7127996879059432,0
46,Private,238162,Bachelors,13,Married-civ-spouse,Craft-repair,Husband,White,Male,0,0,45,United-States,0.7126960264627022,0
43,Private,158926,Masters,14,Married-civ-spouse,Prof-specialty,Wife,Asian-Pac-Islander,Female,0,0,50,South,0.7126908408235655,1
44,Private,106900,Bachelors,13,Married-civ-spouse,Prof-specialty,Husband,White,Male,0,0,60,United-States,0.7126372151334576,0
31,Private,127610,Bachelors,13,Married-civ-spouse,Prof-specialty,Wife,White,Female,0,0,40,United-States,0.7125860110045362,0
35,Self-emp-inc,65624,Bachelors,13,Married-civ-spouse,Exec-managerial,Husband,White,Male,0,0,50,United-States,0.7125495670184078,0
61,Private,539563,Some-college,10,Married-civ-spouse,Exec-managerial,Husband,White,Male,0,0,45,United-States,0.7125213807073625,0
42,Private,136986,Bachelors,13,Married-civ-spouse,Exec-managerial,Husband,White,Male,0,0,40,United-States,0.7124314137484199,0
46,Local-gov,344172,Assoc-acdm,12,Married-civ-spouse,Protective-serv,Husband,White,Male,0,0,49,United-States,0.7123693813852329,0
57,Private,135339,Bachelors,13,Married-civ-spouse,Exec-managerial,Husband,Asian-Pac-Islander,Male,0,0,40,Philippines,0.7121976538260424,1
31,Private,348504,Bachelors,13,Married-civ-spouse,Exec-managerial,Husband,White,Male,0,0,50,United-States,0.7121371926590707,0
36,Private,200352,Bachelors,13,Married-civ-spouse,Prof-specialty,Husband,White,Male,0,0,45,United-States,0.7121093338911744,0
38,Private,205852,Bachelors,13,Married-civ-spouse,Exec-managerial,Husband,White,Male,0,0,40,United-States,0.7120727132463429,0
35,Private,102268,Bachelors,13,Married-civ-spouse,Exec-managerial,Husband,White,Male,0,0,45,United-States,0.7120428219098456,0
36,Private,114059,Bachelors,13,Married-civ-spouse,Exec-managerial,Husband,White,Male,0,0,45,United-States,0.7120428219098456,0
44,Private,211759,Bachelors,13,Married-civ-spouse,Exec-managerial,Husband,Other,Male,0,0,40,Puerto-Rico,0.7118661549771065,2
62,Private,176839,Bachelors,13,Married-civ-spouse,Tech-support,Husband,White,Male,0,0,38,United-States,0.7118285569678294,0
59,Self-emp-inc,200453,Masters,14,Married-civ-spouse,Sales,Husband,White,Male,0,0,40,United-States,0.7117525426005947,0
41,Private,182567,Bachelors,13,Married-civ-spouse,Exec-managerial,Husband,White,Male,0,0,40,?,0.7116897990385637,0
47,Local-gov,183486,Bachelors,13,Married-civ-spouse,Prof-specialty,Wife,White,Female,0,0,50,United-States,0.7116607323261175,0
43,Local-gov,36924,Masters,14,Married-civ-spouse,Prof-specialty,Husband,White,Male,0,0,40,United-States,0.7116315415972743,0
50,State-gov,276241,Bachelors,13,Married-civ-spouse,Exec-managerial,Husband,White,Male,0,0,40,United-States,0.7114717154348978,0
44,Private,175943,Bachelors,13,Married-civ-spouse,Prof-specialty,Wife,White,Female,0,0,20,United-States,0.7113616763586927,0
37,Private,119098,Bachelors,13,Married-civ-spouse,Prof-specialty,Husband,White,Male,0,0,50,United-States,0.7113311493288985,0
57,Private,127277,Doctorate,16,Married-civ-spouse,Prof-specialty,Husband,Asian-Pac-Islander,Male,0,0,40,Taiwan,0.7112975770664347,1
43,Private,242968,Masters,14,Married-civ-spouse,Exec-managerial,Husband,Asian-Pac-Islander,Male,0,0,40,India,0.7110470713686234,1
32,Private,348152,Masters,14,Married-civ-spouse,Exec-managerial,Husband,White,Male,0,0,40,United-States,0.7110011684791255,0
31,Private,240441,Masters,14,Never-married,Exec-managerial,Not-in-family,White,Male,0,1564,40,United-States,0.7109676848275743,0
33,Private,709798,Bachelors,13,Married-civ-spouse,Prof-specialty,Husband,White,Male,0,0,60,United-States,0.710947717146385,1
43,Private,119721,Bachelors,13,Married-civ-spouse,Exec-managerial,Husband,White,Male,0,0,40,United-States,0.710918570395937,0
41,Private,110562,Bachelors,13,Married-civ-spouse,Exec-managerial,Husband,White,Male,0,0,40,United-States,0.7106250136647745,0
43,Private,145441,Bachelors,13,Married-civ-spouse,Exec-managerial,Husband,White,Male,0,0,38,United-States,0.710624302139201,0
43,Private,96102,Masters,14,Married-spouse-absent,Exec-managerial,Not-in-family,White,Male,0,0,50,United-States,0.7102650881734383,0
46,Local-gov,180010,Bachelors,13,Married-civ-spouse,Prof-specialty,Wife,White,Female,0,0,40,United-States,0.7101902840294293,0
56,Local-gov,273084,Masters,14,Married-civ-spouse,Exec-managerial,Husband,Black,Male,0,0,40,United-States,0.7100397910630553,0
71,?,144872,Some-college,10,Married-civ-spouse,?,Husband,White,Male,6514,0,40,United-States,0.7100281578859325,1
34,Private,88215,Masters,14,Married-civ-spouse,Prof-specialty,Wife,Asian-Pac-Islander,Female,0,0,40,China,0.7099510550704907,1
34,Private,48935,Bachelors,13,Married-civ-spouse,Prof-specialty,Wife,White,Female,0,0,40,United-States,0.709848718130442,0
34,Federal-gov,198265,Bachelors,13,Married-civ-spouse,Protective-serv,Husband,White,Male,0,0,60,United-States,0.7097802322193266,0
41,Private,173938,Prof-school,15,Married-civ-spouse,Adm-clerical,Husband,White,Male,0,0,50,?,0.7094798459504943,0
37,Federal-gov,45937,Assoc-acdm,12,Married-civ-spouse,Exec-managerial,Wife,White,Female,0,0,40,United-States,0.7093929221959264,0
40,Private,224799,Bachelors,13,Married-civ-spouse,Prof-specialty,Husband,White,Male,0,0,45,United-States,0.7093709981549721,0
39,Private,206074,Bachelors,13,Married-civ-spouse,Prof-specialty,Husband,White,Male,0,0,45,United-States,0.7093709981549721,0
64,Self-emp-not-inc,149698,Prof-school,15,Married-civ-spouse,Prof-specialty,Husband,White,Male,0,0,40,United-States,0.7093129521880801,0
34,Private,230246,Bachelors,13,Married-civ-spouse,Prof-specialty,Husband,White,Male,0,0,42,United-States,0.7090744787632446,0
30,Private,183284,Bachelors,13,Married-civ-spouse,Exec-managerial,Husband,White,Male,0,0,50,United-States,0.7089374512705725,0
34,Private,204461,Bachelors,13,Married-civ-spouse,Prof-specialty,Husband,White,Male,0,0,55,United-States,0.7088927038682675,0
50,Private,165001,Bachelors,13,Married-civ-spouse,Craft-repair,Husband,White,Male,0,0,50,United-States,0.7086977676534826,0
37,Private,183800,Bachelors,13,Married-civ-spouse,Exec-managerial,Husband,White,Male,0,0,40,United-States,0.7086234218017032,0
33,State-gov,291494,Doctorate,16,Married-civ-spouse,Prof-specialty,Husband,White,Male,0,0,50,United-States,0.7085932409889635,0
44,Private,104440,Bachelors,13,Married-civ-spouse,Exec-managerial,Husband,White,Male,0,0,40,United-States,0.708566431464519,0
32,State-gov,147215,Bachelors,13,Married-civ-spouse,Exec-managerial,Wife,White,Female,0,0,55,United-States,0.7085650362456578,0
32,Private,205152,HS-grad,9,Married-civ-spouse,Exec-managerial,Husband,White,Male,3103,0,40,United-States,0.7084853909268252,0
50,Federal-gov,186272,Some-college,10,Married-civ-spouse,Exec-managerial,Husband,White,Male,0,0,40,United-States,0.708457068888328,0
54,Private,98535,Bachelors,13,Married-civ-spouse,Exec-managerial,Husband,White,Male,0,0,40,United-States,0.7083805601064286,0
43,Private,144778,Bachelors,13,Married-civ-spouse,Prof-specialty,Husband,White,Male,0,0,55,Italy,0.7082401730894912,0
59,Federal-gov,293971,Some-college,10,Married-civ-spouse,Tech-support,Husband,White,Male,0,0,40,United-States,0.7082076929525946,0
41,Federal-gov,133060,Assoc-acdm,12,Married-civ-spouse,Prof-specialty,Husband,White,Male,0,0,40,United-States,0.7080119011397268,0
43,Local-gov,180096,Masters,14,Married-civ-spouse,Prof-specialty,Husband,White,Male,0,0,40,United-States,0.7078807104763747,0
43,Private,180303,Bachelors,13,Married-civ-spouse,Exec-managerial,Husband,Asian-Pac-Islander,Male,0,0,50,United-States,0.7077531614417033,1
50,Private,159650,Some-college,10,Married-civ-spouse,Tech-support,Husband,White,Male,0,0,60,United-States,0.7076501949011572,0
55,Private,377061,Bachelors,13,Married-civ-spouse,Protective-serv,Husband,White,Male,0,0,40,United-States,0.7074596137911611,0
34,State-gov,204461,Masters,14,Married-civ-spouse,Prof-specialty,Husband,White,Male,0,0,50,United-States,0.7073290699455084,0
52,Private,175714,Assoc-acdm,12,Married-civ-spouse,Exec-managerial,Husband,White,Male,0,0,55,United-States,0.7072069780148924,0
41,Self-emp-inc,230168,Some-college,10,Married-civ-spouse,Sales,Husband,White,Male,0,0,91,United-States,0.7071475722779834,0
43,State-gov,198965,Masters,14,Married-civ-spouse,Prof-specialty,Husband,White,Male,0,0,40,United-States,0.7071393947601753,0
44,Private,171424,Bachelors,13,Married-civ-spouse,Prof-specialty,Husband,White,Male,0,0,40,United-States,0.7070850059774075,0
60,Self-emp-not-inc,176839,Prof-school,15,Married-civ-spouse,Sales,Husband,White,Male,0,0,45,United-States,0.7070599996486625,0
55,Local-gov,104917,Masters,14,Married-civ-spouse,Prof-specialty,Husband,Black,Male,0,0,40,United-States,0.7070537868698301,1
35,Private,1226583,Bachelors,13,Married-civ-spouse,Sales,Husband,White,Male,0,0,52,United-States,0.7069645926001723,2
57,Local-gov,132717,Bachelors,13,Married-civ-spouse,Exec-managerial,Husband,White,Male,0,0,45,United-States,0.7066591022191147,0
49,Self-emp-inc,191681,Some-college,10,Married-civ-spouse,Exec-managerial,Husband,White,Male,0,0,50,United-States,0.7066170459403237,0
39,Private,126675,Masters,14,Married-civ-spouse,Sales,Husband,White,Male,0,0,50,United-States,0.7065327331470197,0
40,Local-gov,63042,Bachelors,13,Married-civ-spouse,Prof-specialty,Wife,White,Female,0,0,40,United-States,0.7064302006120795,0
47,Self-emp-not-inc,118506,Bachelors,13,Married-civ-spouse,Exec-managerial,Own-child,White,Male,0,0,60,United-States,0.7064195132495517,0
47,Self-emp-inc,239321,Bachelors,13,Married-civ-spouse,Sales,Husband,White,Male,0,0,40,United-States,0.7063108429965391,0
52,Self-emp-not-inc,185407,Bachelors,13,Married-civ-spouse,Exec-managerial,Husband,White,Male,0,0,50,United-States,0.7062567741013797,0
54,Self-emp-not-inc,179704,Bachelors,13,Married-civ-spouse,Exec-managerial,Husband,White,Male,0,0,45,United-States,0.7062567741013797,0
48,Private,247895,Bachelors,13,Married-civ-spouse,Exec-managerial,Husband,Black,Male,0,0,40,United-States,0.7062147503219739,0
37,Private,164526,Bachelors,13,Married-civ-spouse,Prof-specialty,Husband,White,Male,0,0,40,United-States,0.7060968001330252,0
52,Private,298215,Bachelors,13,Married-civ-spouse,Craft-repair,Husband,White,Male,0,0,50,United-States,0.7058810901247669,0
44,Private,110355,Bachelors,13,Married-civ-spouse,Exec-managerial,Husband,White,Male,0,0,40,United-States,0.7055954908031589,0
36,Private,398931,Bachelors,13,Married-civ-spouse,Prof-specialty,Husband,White,Male,0,1485,50,United-States,0.7055792964931795,0
48,Private,164966,Bachelors,13,Married-civ-spouse,Exec-managerial,Husband,Asian-Pac-Islander,Male,0,0,40,India,0.7055020358484042,1
43,Federal-gov,287008,Masters,14,Married-civ-spouse,Protective-serv,Husband,White,Male,0,0,35,United-States,0.7054313238942167,0
38,Private,203138,Bachelors,13,Married-civ-spouse,Adm-clerical,Wife,White,Female,0,0,50,United-States,0.7053799815956078,0
57,Self-emp-not-inc,103529,Masters,14,Married-civ-spouse,Tech-support,Husband,White,Male,0,0,38,United-States,0.7053394686217312,0
37,Private,126569,Masters,14,Married-civ-spouse,Tech-support,Husband,White,Male,0,0,60,United-States,0.7051801229582848,0
58,Private,104613,Assoc-acdm,12,Married-civ-spouse,Exec-managerial,Husband,White,Male,0,0,50,United-States,0.7049594119318303,0
57,Private,49893,Masters,14,Married-civ-spouse,Prof-specialty,Husband,White,Male,0,0,60,United-States,0.7049400927451535,0
53,Private,203173,Assoc-voc,11,Married-civ-spouse,Exec-managerial,Husband,White,Male,0,0,45,United-States,0.7048888439802318,0
53,Private,149650,HS-grad,9,Never-married,Sales,Not-in-family,White,Male,0,2559,48,United-States,0.7048178032503847,1
32,Local-gov,235109,Bachelors,13,Married-civ-spouse,Adm-clerical,Wife,White,Female,0,0,40,United-States,0.7047285289947016,0
48,Local-gov,123075,Masters,14,Married-civ-spouse,Prof-specialty,Husband,White,Male,0,0,35,United-States,0.7047232749753516,0
41,Local-gov,67671,Masters,14,Married-civ-spouse,Prof-specialty,Husband,White,Male,0,0,50,United-States,0.7047169405459723,0
36,Private,105021,Bachelors,13,Married-civ-spouse,Prof-specialty,Husband,White,Male,0,0,55,United-States,0.7046974916985208,0
45,Private,168598,12th,8,Married-civ-spouse,Adm-clerical,Wife,Black,Female,3103,0,40,United-States,0.7046342125298268,0
41,Private,175674,Bachelors,13,Married-civ-spouse,Tech-support,Husband,White,Male,0,0,40,United-States,0.7044981493180604,0
62,Private,185503,Bachelors,13,Married-civ-spouse,Prof-specialty,Husband,White,Male,0,0,50,United-States,0.7044914346179434,0
44,Private,107218,Bachelors,13,Married-civ-spouse,Exec-managerial,Husband,Asian-Pac-Islander,Male,0,0,40,United-States,0.7044268304670052,0
34,Private,98283,Prof-school,15,Never-married,Tech-support,Not-in-family,Asian-Pac-Islander,Male,0,1564,40,India,0.704348611697407,1
45,Private,46406,Masters,14,Married-civ-spouse,Prof-specialty,Husband,White,Male,0,0,36,England,0.7043119042464266,1
44,State-gov,111483,Masters,14,Married-civ-spouse,Prof-specialty,Husband,White,Male,0,0,40,United-States,0.7042659833581038,0
30,Private,509500,Bachelors,13,Never-married,Tech-support,Not-in-family,White,Female,4787,0,45,United-States,0.704203796956673,0
57,Self-emp-inc,412952,Some-college,10,Married-civ-spouse,Prof-specialty,Husband,White,Male,0,0,40,United-States,0.704200355279021,0
49,Private,62546,Bachelors,13,Married-civ-spouse,Exec-managerial,Husband,White,Male,0,0,40,United-States,0.7041746891956162,0
33,Private,176992,Masters,14,Married-civ-spouse,Prof-specialty,Husband,White,Male,0,0,40,United-States,0.7041495577104087,0
45,Private,109434,Bachelors,13,Married-civ-spouse,Prof-specialty,Husband,White,Male,0,0,55,United-States,0.704146145468535,0
37,Private,79586,Bachelors,13,Married-civ-spouse,Exec-managerial,Husband,Asian-Pac-Islander,Male,0,0,40,Iran,0.7040364331700713,1
65,Self-emp-inc,115922,Bachelors,13,Married-civ-spouse,Exec-managerial,Husband,White,Male,0,0,40,United-States,0.7040355426528798,0
46,Private,364548,Some-college,10,Married-civ-spouse,Exec-managerial,Husband,White,Male,0,0,48,United-States,0.7040252090038942,0
39,Self-emp-inc,222641,Bachelors,13,Married-civ-spouse,Sales,Husband,White,Male,0,0,40,United-States,0.7039568536565294,0
41,Federal-gov,19914,Bachelors,13,Married-civ-spouse,Adm-clerical,Wife,Asian-Pac-Islander,Female,0,0,40,Philippines,0.7038828517994742,2
33,Private,206609,Bachelors,13,Married-civ-spouse,Exec-managerial,Husband,White,Male,0,0,45,United-States,0.7038412796953211,0
32,Private,130057,Bachelors,13,Married-civ-spouse,Exec-managerial,Husband,White,Male,0,0,45,United-States,0.7038412796953211,0
34,Private,342709,Masters,14,Married-civ-spouse,Exec-managerial,Husband,White,Male,0,0,40,United-States,0.7037924368212328,0
38,Self-emp-inc,199346,Some-college,10,Married-civ-spouse,Exec-managerial,Wife,White,Female,0,0,45,United-States,0.7037351074262167,0
63,Private,30813,Masters,14,Married-civ-spouse,Prof-specialty,Husband,White,Male,0,0,50,United-States,0.7035281807106596,0
51,Local-gov,387250,Bachelors,13,Married-civ-spouse,Adm-clerical,Husband,White,Male,0,0,50,United-States,0.703431538330366,0
42,State-gov,293791,Bachelors,13,Married-civ-spouse,Exec-managerial,Husband,White,Male,0,0,50,United-States,0.7033200528283353,0
58,Self-emp-inc,190763,Bachelors,13,Married-civ-spouse,Prof-specialty,Husband,White,Male,0,0,40,United-States,0.703270695086906,0
58,Self-emp-inc,130454,Some-college,10,Married-civ-spouse,Exec-managerial,Husband,White,Male,0,0,50,United-States,0.7032414664078535,0
36,Self-emp-not-inc,347491,Doctorate,16,Married-civ-spouse,Prof-specialty,Husband,White,Male,0,0,35,United-States,0.7031789829516621,0
33,Private,177675,Bachelors,13,Married-civ-spouse,Exec-managerial,Husband,White,Male,0,0,50,Germany,0.7030401779607522,0
52,Private,145271,Bachelors,13,Married-civ-spouse,Craft-repair,Husband,Asian-Pac-Islander,Male,0,0,40,United-States,0.7029533401706144,1
32,Private,318647,Bachelors,13,Married-civ-spouse,Exec-managerial,Husband,White,Male,0,0,48,United-States,0.7029248055829094,0
47,Private,329144,HS-grad,9,Married-civ-spouse,Sales,Husband,White,Male,4386,0,45,United-States,0.7028202122688233,0
41,Private,116391,Bachelors,13,Married-civ-spouse,Exec-managerial,Husband,White,Male,0,0,40,United-States,0.7028113470330348,0
40,Private,107306,Bachelors,13,Married-civ-spouse,Exec-managerial,Husband,White,Male,0,0,40,United-States,0.7028113470330348,0
41,Private,93793,Masters,14,Married-civ-spouse,Prof-specialty,Husband,White,Male,0,0,38,United-States,0.7028037703032193,0
60,Local-gov,204062,Masters,14,Married-civ-spouse,Prof-specialty,Husband,White,Male,0,0,48,United-States,0.7027375000993383,0
57,Self-emp-not-inc,102058,Masters,14,Married-civ-spouse,Prof-specialty,Husband,White,Male,0,0,40,United-States,0.70271217404518,0
29,Private,85572,Bachelors,13,Married-civ-spouse,Exec-managerial,Wife,White,Female,0,0,42,United-States,0.7026073214770889,0
53,Local-gov,192982,Masters,14,Married-civ-spouse,Adm-clerical,Husband,White,Male,0,0,38,United-States,0.7025677773340082,0
62,State-gov,33142,Masters,14,Married-civ-spouse,Prof-specialty,Husband,White,Male,0,0,60,United-States,0.7025340519466526,0
46,Local-gov,216214,Bachelors,13,Married-civ-spouse,Prof-specialty,Husband,White,Male,0,0,35,United-States,0.7025107761422215,0
36,Private,183902,Bachelors,13,Married-civ-spouse,Prof-specialty,Wife,White,Female,0,0,4,United-States,0.7025077923937562,0
45,Private,247869,Bachelors,13,Married-civ-spouse,Prof-specialty,Husband,White,Male,0,0,60,United-States,0.7022940953410314,0
54,Private,337992,Bachelors,13,Married-civ-spouse,Exec-managerial,Husband,Asian-Pac-Islander,Male,0,0,50,Japan,0.7021583395453206,2
46,Local-gov,149949,Bachelors,13,Married-civ-spouse,Prof-specialty,Husband,White,Male,0,0,45,United-States,0.7020780049340796,0
39,Private,129150,Bachelors,13,Married-civ-spouse,Tech-support,Husband,White,Male,0,0,50,United-States,0.7019945167621731,0
54,Private,162238,Masters,14,Divorced,Exec-managerial,Not-in-family,White,Male,0,0,50,United-States,0.7019437001388926,0
34,State-gov,216283,Bachelors,13,Married-civ-spouse,Prof-specialty,Wife,White,Female,0,0,45,United-States,0.7018128374319086,0
36,Private,190759,Bachelors,13,Married-civ-spouse,Prof-specialty,Husband,White,Male,0,0,45,United-States,0.7015213589509737,0
59,Private,69884,Prof-school,15,Married-spouse-absent,Prof-specialty,Unmarried,White,Male,0,0,50,United-States,0.7014353329923527,0
46,Private,122026,Bachelors,13,Married-civ-spouse,Craft-repair,Husband,White,Male,0,0,44,United-States,0.701375356837976,0
43,Private,206139,Bachelors,13,Married-civ-spouse,Prof-specialty,Husband,White,Male,0,0,50,United-States,0.7013176057965771,0
40,Private,70539,Some-college,10,Married-civ-spouse,Sales,Husband,White,Male,4386,0,50,United-States,0.7012871655276618,0
48,Private,125892,Bachelors,13,Married-civ-spouse,Tech-support,Husband,White,Male,0,0,40,United-States,0.7010673638890133,0
47,Local-gov,172246,Masters,14,Married-civ-spouse,Prof-specialty,Husband,White,Male,0,0,60,United-States,0.7009043714689238,0
51,Private,335997,HS-grad,9,Married-civ-spouse,Exec-managerial,Husband,White,Male,4386,0,55,United-States,0.7008322124787006,0
43,Local-gov,33331,Masters,14,Married-civ-spouse,Exec-managerial,Husband,White,Male,0,0,40,United-States,0.7007783103142058,0
53,Self-emp-inc,290640,Some-college,10,Married-civ-spouse,Sales,Husband,White,Male,0,0,50,United-States,0.7006755728557874,0
38,Self-emp-not-inc,243484,Bachelors,13,Married-civ-spouse,Adm-clerical,Wife,White,Female,0,0,28,United-States,0.7006052480558923,0
37,State-gov,29145,Bachelors,13,Married-civ-spouse,Exec-managerial,Husband,White,Male,0,0,50,United-States,0.7005790257053871,0
43,Private,226902,Bachelors,13,Married-civ-spouse,Sales,Husband,White,Male,0,0,50,United-States,0.7004320838537144,0
38,Self-emp-inc,299036,Bachelors,13,Married-civ-spouse,Sales,Husband,White,Male,0,0,55,United-States,0.7003420929099314,0
42,State-gov,160369,Masters,14,Married-civ-spouse,Prof-specialty,Husband,White,Male,0,0,50,United-States,0.7003223553563116,0
39,Private,327435,Bachelors,13,Married-civ-spouse,Prof-specialty,Wife,White,Female,0,0,36,United-States,0.7002049901949735,0
35,Private,278403,Prof-school,15,Married-civ-spouse,Prof-specialty,Husband,White,Male,0,0,80,United-States,0.7000609180602682,0
31,Private,176185,Masters,14,Married-civ-spouse,Exec-managerial,Husband,White,Male,0,0,60,France,0.7000433497652224,0
40,Private,247880,Bachelors,13,Married-civ-spouse,Tech-support,Husband,White,Male,0,0,40,United-States,0.7000389265666763,0
34,State-gov,173730,Masters,14,Married-civ-spouse,Exec-managerial,Husband,White,Male,0,0,38,United-States,0.6997725504367114,0
44,Private,174283,Bachelors,13,Married-civ-spouse,Sales,Husband,White,Male,0,0,50,United-States,0.6997573307087795,0
59,Private,195176,Bachelors,13,Married-civ-spouse,Sales,Husband,White,Male,0,0,72,United-States,0.69938988256423,0
39,Federal-gov,65324,Prof-school,15,Never-married,Prof-specialty,Not-in-family,White,Male,0,0,55,United-States,0.6993837459819066,0
73,Self-emp-inc,191540,Bachelors,13,Married-civ-spouse,Sales,Husband,White,Male,0,0,50,United-States,0.6992186792290903,0
54,State-gov,197184,Bachelors,13,Married-civ-spouse,Exec-managerial,Husband,White,Male,0,0,38,United-States,0.6991827900712447,0
31,Self-emp-not-inc,286282,Bachelors,13,Married-civ-spouse,Adm-clerical,Wife,White,Female,0,0,20,United-States,0.699064091959799,0
32,Private,164197,Bachelors,13,Married-civ-spouse,Exec-managerial,Husband,White,Male,0,0,60,United-States,0.69901950526545,0
39,Private,146091,Bachelors,13,Married-civ-spouse,Prof-specialty,Wife,White,Female,0,0,20,United-States,0.6989888756118309,0
56,State-gov,175057,Bachelors,13,Married-civ-spouse,Exec-managerial,Husband,White,Male,0,0,40,United-States,0.6989242735877366,0
42,Private,219591,Bachelors,13,Married-civ-spouse,Adm-clerical,Husband,White,Male,0,0,55,United-States,0.6985763116536274,0
40,Private,175674,Bachelors,13,Married-civ-spouse,Sales,Husband,White,Male,0,0,50,United-States,0.6983851397375205,0
39,Private,99270,Bachelors,13,Married-civ-spouse,Prof-specialty,Wife,White,Female,0,0,50,Germany,0.6982974140481192,0
40,Private,132222,Some-college,10,Married-civ-spouse,Machine-op-inspct,Husband,White,Male,4386,0,50,United-States,0.6982395033234908,0
47,Private,102308,Bachelors,13,Married-civ-spouse,Prof-specialty,Husband,White,Male,0,0,50,United-States,0.6981235409561348,0
30,Private,378009,Masters,14,Married-civ-spouse,Exec-managerial,Husband,White,Male,0,0,50,United-States,0.6980686592674095,0
34,Private,36385,Masters,14,Married-civ-spouse,Prof-specialty,Husband,White,Male,0,0,45,United-States,0.6980328577913854,0
56,Federal-gov,141877,Bachelors,13,Married-civ-spouse,Adm-clerical,Husband,White,Male,0,0,40,United-States,0.6978655590859041,0
38,Self-emp-not-inc,109133,Masters,14,Married-civ-spouse,Exec-managerial,Husband,White,Male,0,0,70,United-States,0.6978244862542128,0
51,Private,118793,Bachelors,13,Married-civ-spouse,Prof-specialty,Husband,White,Male,0,0,70,United-States,0.6976609257962632,0
48,Self-emp-inc,250674,Assoc-voc,11,Married-civ-spouse,Craft-repair,Husband,White,Male,0,0,60,United-States,0.6975518368982395,0
50,Local-gov,117496,Bachelors,13,Married-civ-spouse,Prof-specialty,Wife,White,Female,0,0,24,United-States,0.6975111164723522,0
49,State-gov,324791,Bachelors,13,Married-civ-spouse,Prof-specialty,Husband,White,Male,0,0,50,United-States,0.6974996321715674,0
41,Private,24763,HS-grad,9,Divorced,Transport-moving,Unmarried,White,Male,7443,0,40,United-States,0.6973774503078964,1
34,Private,318641,Bachelors,13,Married-civ-spouse,Exec-managerial,Husband,Black,Male,0,0,45,United-States,0.6972295269019061,0
62,Private,69867,Bachelors,13,Married-civ-spouse,Prof-specialty,Husband,White,Male,0,0,55,United-States,0.6968572336326438,0
51,Self-emp-not-inc,159755,Assoc-voc,11,Married-civ-spouse,Tech-support,Husband,White,Male,0,0,38,United-States,0.6966741366335596,0
51,Self-emp-inc,166459,Assoc-voc,11,Married-civ-spouse,Exec-managerial,Husband,White,Male,0,0,40,United-States,0.6965345609505473,0
38,Private,132879,Bachelors,13,Married-civ-spouse,Exec-managerial,Husband,White,Male,0,0,40,United-States,0.6964170386893822,0
38,Private,143123,Bachelors,13,Married-civ-spouse,Exec-managerial,Husband,White,Male,0,0,40,United-States,0.6964170386893822,0
39,Private,167728,Bachelors,13,Married-civ-spouse,Exec-managerial,Husband,White,Male,0,0,40,United-States,0.6964170386893822,0
51,Self-emp-inc,260938,Some-college,10,Married-civ-spouse,Exec-managerial,Husband,White,Male,0,0,50,United-States,0.6962501465090981,0
47,Private,168283,Bachelors,13,Married-civ-spouse,Prof-specialty,Husband,White,Male,0,0,40,United-States,0.6962325354073808,0
45,Private,144579,Bachelors,13,Married-civ-spouse,Prof-specialty,Husband,White,Male,0,0,40,United-States,0.6962325354073808,0
30,Private,185177,Bachelors,13,Married-civ-spouse,Exec-managerial,Husband,White,Male,0,0,43,United-States,0.6961980503677307,0
30,Local-gov,154950,Bachelors,13,Married-civ-spouse,Protective-serv,Husband,White,Male,0,0,72,United-States,0.6961939146738121,0
46,Local-gov,109089,Prof-school,15,Married-civ-spouse,Protective-serv,Husband,White,Male,0,0,40,United-States,0.6961251467701367,0
33,Private,201988,Masters,14,Married-civ-spouse,Prof-specialty,Husband,White,Male,0,0,45,United-States,0.6961083841000832,0
54,Self-emp-not-inc,114758,Masters,14,Married-civ-spouse,Sales,Husband,White,Male,0,0,50,United-States,0.6959792651446967,0
46,Federal-gov,330901,Some-college,10,Married-civ-spouse,Exec-managerial,Husband,Black,Male,0,0,40,United-States,0.6959647212735294,0
47,Federal-gov,227244,Bachelors,13,Married-civ-spouse,Protective-serv,Husband,Black,Male,0,0,50,United-States,0.6959367698406753,0
42,Private,121055,Bachelors,13,Married-civ-spouse,Sales,Husband,White,Male,0,0,60,United-States,0.6959218569393515,0
44,Self-emp-not-inc,155930,Bachelors,13,Married-civ-spouse,Exec-managerial,Husband,White,Male,0,0,60,United-States,0.6959212031469333,0
43,Self-emp-inc,244945,Bachelors,13,Married-civ-spouse,Prof-specialty,Husband,White,Male,0,0,60,United-States,0.6958027979743441,0
37,Local-gov,593246,Bachelors,13,Married-civ-spouse,Prof-specialty,Wife,White,Female,0,0,50,United-States,0.6957358021018908,0
28,Private,100829,Bachelors,13,Married-civ-spouse,Exec-managerial,Wife,White,Female,0,0,50,United-States,0.6957169708287901,0
45,Federal-gov,320818,HS-grad,9,Married-civ-spouse,Adm-clerical,Husband,Black,Male,0,0,80,United-States,0.6957133096663121,0
50,Private,38795,Bachelors,13,Married-civ-spouse,Prof-specialty,Husband,White,Male,0,0,50,United-States,0.6956664679414886,0
38,Private,192337,Masters,14,Married-civ-spouse,Prof-specialty,Husband,White,Male,0,0,40,England,0.6955274381187329,0
44,State-gov,167265,Masters,14,Married-civ-spouse,Prof-specialty,Husband,White,Male,0,0,60,United-States,0.6955003180286923,0
43,Private,102025,Masters,14,Married-civ-spouse,Prof-specialty,Husband,Other,Male,0,0,50,United-States,0.695484032431591,2
30,Private,181651,Bachelors,13,Married-civ-spouse,Exec-managerial,Husband,White,Male,0,0,50,United-States,0.6954474667677494,0
39,Private,24342,Bachelors,13,Married-civ-spouse,Prof-specialty,Husband,White,Male,0,0,40,United-States,0.6953840663635097,0
49,Federal-gov,213668,Masters,14,Never-married,Exec-managerial,Not-in-family,White,Male,0,0,56,United-States,0.6952020974502204,0
50,Private,302372,Bachelors,13,Married-civ-spouse,Prof-specialty,Husband,White,Male,0,0,40,United-States,0.6951573582144789,0
34,Private,80058,Prof-school,15,Never-married,Exec-managerial,Own-child,White,Male,0,0,50,United-States,0.695104705882077,0
38,Private,29702,Bachelors,13,Married-civ-spouse,Exec-managerial,Husband,White,Male,0,0,45,United-States,0.695000052883893,0
42,Private,221172,Bachelors,13,Married-civ-spouse,Exec-managerial,Husband,White,Male,0,0,40,United-States,0.6949637383337814,0
52,Private,138497,Bachelors,13,Married-civ-spouse,Sales,Husband,White,Male,0,0,45,United-States,0.6948899564363362,0
51,Private,175339,Bachelors,13,Married-civ-spouse,Sales,Husband,White,Male,0,0,47,United-States,0.6948899564363362,0
41,Private,203761,Bachelors,13,Married-civ-spouse,Prof-specialty,Husband,White,Male,0,0,40,United-States,0.6947835009780232,0
36,Private,198841,Masters,14,Married-civ-spouse,Exec-managerial,Husband,White,Male,0,0,40,United-States,0.6946965723883959,0
44,Private,320984,Bachelors,13,Married-civ-spouse,Sales,Husband,White,Male,0,0,60,United-States,0.6946478733415514,0
51,Private,104651,Bachelors,13,Married-civ-spouse,Craft-repair,Husband,White,Male,0,0,50,United-States,0.6946092289014323,0
38,Private,219546,Bachelors,13,Married-civ-spouse,Prof-specialty,Husband,White,Male,0,0,40,United-States,0.6946079941175985,0
47,Private,184579,Some-college,10,Married-civ-spouse,Tech-support,Husband,White,Male,0,0,60,United-States,0.6945818560829145,0
55,Local-gov,209535,Masters,14,Married-civ-spouse,Prof-specialty,Husband,White,Male,0,0,40,United-States,0.6942726953212925,0
43,Private,131899,Bachelors,13,Married-civ-spouse,Exec-managerial,Husband,White,Male,0,0,40,United-States,0.6941689907735297,0
62,Self-emp-inc,134768,Masters,14,Married-civ-spouse,Sales,Husband,White,Male,0,0,35,United-States,0.6941116200568783,0
51,Private,233149,Assoc-acdm,12,Married-civ-spouse,Exec-managerial,Husband,White,Male,0,0,45,United-States,0.6939174248824396,0
41,Self-emp-not-inc,252986,Masters,14,Married-civ-spouse,Prof-specialty,Husband,White,Male,0,0,40,United-States,0.6937348326343938,0
38,Self-emp-not-inc,403391,Bachelors,13,Married-civ-spouse,Exec-managerial,Husband,White,Male,0,0,60,United-States,0.6936905079553412,0
49,Private,160647,Bachelors,13,Married-civ-spouse,Adm-clerical,Wife,White,Female,0,0,40,United-States,0.6935170786390382,0
41,Local-gov,158688,Bachelors,13,Married-civ-spouse,Protective-serv,Husband,White,Male,0,0,50,United-States,0.6935124685602455,0
37,State-gov,210452,Masters,14,Married-civ-spouse,Exec-managerial,Husband,White,Male,0,0,38,United-States,0.6935062367191033,0
41,State-gov,36999,Masters,14,Married-civ-spouse,Prof-specialty,Husband,White,Male,0,0,75,United-States,0.6934324382056174,0
39,Local-gov,153976,Masters,14,Married-civ-spouse,Prof-specialty,Husband,White,Male,0,0,40,United-States,0.6933463647901872,0
61,Private,208919,Masters,14,Married-civ-spouse,Sales,Husband,White,Male,0,0,60,United-States,0.6932384837539473,0
36,Private,153078,Bachelors,13,Married-civ-spouse,Exec-managerial,Husband,Asian-Pac-Islander,Male,0,0,60,?,0.693095540493147,1
38,Private,156728,Bachelors,13,Married-civ-spouse,Adm-clerical,Husband,White,Male,0,0,56,United-States,0.693013045737212,0
38,Private,184801,Bachelors,13,Married-civ-spouse,Sales,Husband,White,Male,0,0,60,United-States,0.693013045737212,0
34,Local-gov,97723,Prof-school,15,Married-civ-spouse,Prof-specialty,Husband,White,Male,0,0,40,United-States,0.6929374655658495,0
51,Local-gov,110327,Bachelors,13,Married-civ-spouse,Exec-managerial,Husband,White,Male,0,0,40,United-States,0.6929242691035962,0
51,Self-emp-not-inc,290290,Bachelors,13,Married-civ-spouse,Prof-specialty,Husband,White,Male,0,0,45,United-States,0.6928546226974502,0
51,Local-gov,116286,Masters,14,Married-civ-spouse,Prof-specialty,Husband,White,Male,0,0,60,United-States,0.6927333184565034,0
54,Self-emp-not-inc,278230,Some-college,10,Divorced,Farming-fishing,Unmarried,White,Female,10520,0,30,United-States,0.6925418834789887,0
38,Federal-gov,125933,Masters,14,Married-civ-spouse,Prof-specialty,Husband,White,Male,0,0,40,Iran,0.6925039702424385,0
42,Self-emp-inc,204033,Bachelors,13,Married-civ-spouse,Adm-clerical,Wife,White,Female,0,0,35,?,0.6924221407071167,0
38,Private,174717,Bachelors,13,Married-civ-spouse,Sales,Husband,White,Male,0,0,50,United-States,0.6924145316494511,0
42,Local-gov,126319,Bachelors,13,Married-civ-spouse,Prof-specialty,Wife,White,Female,0,0,40,United-States,0.6923334125058659,0
44,Private,523484,Bachelors,13,Married-civ-spouse,Exec-managerial,Husband,Black,Male,0,0,40,United-States,0.6923300392780215,0
42,Private,168103,Bachelors,13,Married-civ-spouse,Exec-managerial,Husband,White,Male,0,0,40,United-States,0.692291566160555,0
52,Local-gov,89705,Masters,14,Married-civ-spouse,Prof-specialty,Husband,White,Male,0,0,40,United-States,0.6922454332568514,0
34,Local-gov,93886,Bachelors,13,Married-civ-spouse,Prof-specialty,Wife,White,Female,0,0,46,United-States,0.6921738812147408,0
41,Private,120277,Bachelors,13,Married-civ-spouse,Prof-specialty,Husband,White,Male,0,0,40,United-States,0.6921228634176483,0
42,Private,201785,Masters,14,Married-civ-spouse,Sales,Husband,White,Male,0,0,50,United-States,0.6920860416122376,0
42,Private,139012,Doctorate,16,Married-civ-spouse,Prof-specialty,Husband,Asian-Pac-Islander,Male,0,0,40,Taiwan,0.6920724387446677,1
40,Private,209547,Bachelors,13,Married-civ-spouse,Prof-specialty,Husband,White,Male,0,0,60,United-States,0.6918570052003247,0
38,Private,176101,Bachelors,13,Married-civ-spouse,Exec-managerial,Husband,White,Male,0,0,40,United-States,0.6918283084415436,0
47,Private,191411,Masters,14,Married-civ-spouse,Prof-specialty,Husband,Asian-Pac-Islander,Male,0,0,45,India,0.6917177511207048,1
30,Private,186932,Bachelors,13,Married-civ-spouse,Exec-managerial,Husband,White,Male,0,0,70,United-States,0.691679566771955,0
36,Private,139364,Bachelors,13,Married-civ-spouse,Sales,Husband,White,Male,0,0,50,United-States,0.6916599945097505,0
29,Private,282944,Doctorate,16,Married-civ-spouse,Prof-specialty,Husband,White,Male,0,0,50,United-States,0.6916364331695167,0
38,Private,103408,Masters,14,Married-civ-spouse,Exec-managerial,Husband,Black,Male,0,0,40,?,0.6915461288712956,0
35,Private,143058,Bachelors,13,Married-civ-spouse,Prof-specialty,Husband,White,Male,0,0,60,United-States,0.6915069367029621,0
44,Private,456236,Masters,14,Married-civ-spouse,Adm-clerical,Husband,White,Male,0,0,40,United-States,0.691493823733081,0
40,State-gov,188693,Masters,14,Married-civ-spouse,Prof-specialty,Husband,White,Male,0,0,35,United-States,0.6914140582693581,0
37,Local-gov,44694,Masters,14,Married-civ-spouse,Prof-specialty,Wife,White,Female,0,0,45,United-States,0.6914123718007473,0
59,Private,200700,Bachelors,13,Married-civ-spouse,Craft-repair,Husband,Black,Male,0,0,48,United-States,0.691412216693474,1
57,Private,201991,Bachelors,13,Married-civ-spouse,Prof-specialty,Husband,White,Male,0,0,40,United-States,0.6913645653302819,0
46,Private,181363,Assoc-acdm,12,Married-civ-spouse,Exec-managerial,Husband,White,Male,0,0,40,United-States,0.6911937931057219,0
35,State-gov,226789,Masters,14,Married-civ-spouse,Prof-specialty,Husband,White,Male,0,0,75,United-States,0.6911741904125853,0
44,Local-gov,241851,Assoc-voc,11,Married-civ-spouse,Transport-moving,Husband,White,Male,4386,0,40,United-States,0.6910193377970247,0
39,Private,245053,Bachelors,13,Married-civ-spouse,Prof-specialty,Husband,White,Male,0,0,50,United-States,0.6910110147521316,0
57,Self-emp-inc,33725,Bachelors,13,Married-civ-spouse,Craft-repair,Husband,White,Male,0,0,50,United-States,0.6909993694161142,0
41,Private,206470,Bachelors,13,Married-civ-spouse,Prof-specialty,Husband,White,Male,0,0,40,Germany,0.690764846749849,0
43,Self-emp-not-inc,198096,Masters,14,Married-civ-spouse,Sales,Husband,White,Male,0,0,60,United-States,0.6906390353854667,0
59,Private,160631,Bachelors,13,Married-civ-spouse,Craft-repair,Husband,White,Male,0,0,60,United-States,0.6906114253735597,0
52,Self-emp-inc,51048,Bachelors,13,Married-civ-spouse,Sales,Husband,White,Male,0,0,55,United-States,0.6905667300161278,0
52,Private,128378,Bachelors,13,Married-civ-spouse,Prof-specialty,Husband,White,Male,0,0,40,United-States,0.6905617057046349,0
58,Federal-gov,139290,Bachelors,13,Married-civ-spouse,Adm-clerical,Husband,White,Male,0,0,40,United-States,0.6904384208318846,0
36,Private,241998,Bachelors,13,Married-civ-spouse,Craft-repair,Husband,White,Male,0,0,50,United-States,0.6904283061488499,0
47,Private,199058,Bachelors,13,Married-civ-spouse,Prof-specialty,Husband,White,Male,0,0,60,United-States,0.6903931431924183,0
54,Private,68985,Masters,14,Married-civ-spouse,Sales,Husband,White,Male,0,0,55,United-States,0.6903728138563234,0
34,Private,317809,Bachelors,13,Married-civ-spouse,Exec-managerial,Husband,White,Male,0,0,50,?,0.6903065589408837,0
41,Private,170331,Bachelors,13,Married-civ-spouse,Prof-specialty,Husband,White,Male,0,0,60,United-States,0.6902355529359341,0
44,Private,101593,Bachelors,13,Married-civ-spouse,Sales,Husband,White,Male,0,0,60,United-States,0.6901356493611822,0
63,Self-emp-inc,272425,Assoc-voc,11,Married-civ-spouse,Exec-managerial,Husband,White,Male,0,0,40,United-States,0.6900987287840054,0
58,Self-emp-inc,181974,Doctorate,16,Never-married,Prof-specialty,Not-in-family,White,Female,0,0,99,?,0.6899976999236166,2
51,State-gov,172281,Bachelors,13,Married-civ-spouse,Exec-managerial,Husband,White,Male,0,0,35,United-States,0.6899100390136115,0
49,Local-gov,163229,HS-grad,9,Married-civ-spouse,Protective-serv,Husband,White,Male,0,0,56,United-States,0.6897570053798869,0
33,Private,36539,Bachelors,13,Married-civ-spouse,Exec-managerial,Wife,White,Female,0,0,40,United-States,0.6896517658321624,0
36,Private,187983,Bachelors,13,Married-civ-spouse,Prof-specialty,Wife,White,Female,0,0,40,United-States,0.6896367151050906,0
39,Local-gov,287031,Masters,14,Married-civ-spouse,Prof-specialty,Husband,White,Male,0,0,45,United-States,0.6894523154879749,0
58,Local-gov,292379,Bachelors,13,Married-civ-spouse,Exec-managerial,Husband,White,Male,0,0,40,United-States,0.6894485768584957,0
35,Private,115792,Bachelors,13,Married-civ-spouse,Prof-specialty,Husband,White,Male,0,0,55,United-States,0.6891312170674879,0
49,Self-emp-inc,119539,Some-college,10,Married-civ-spouse,Exec-managerial,Husband,White,Male,0,0,60,?,0.6890258738288829,0
62,Private,167098,Bachelors,13,Married-civ-spouse,Exec-managerial,Husband,White,Male,0,0,40,United-States,0.6889763128856187,0
56,Private,357118,Masters,14,Married-civ-spouse,Prof-specialty,Wife,White,Female,0,0,40,United-States,0.6889387349362678,0
57,Private,165695,Bachelors,13,Married-civ-spouse,Exec-managerial,Husband,White,Male,0,0,40,?,0.688858080189702,0
44,Private,188436,Bachelors,13,Married-civ-spouse,Adm-clerical,Husband,White,Male,0,0,45,United-States,0.6888542231904996,0
48,Private,97863,Bachelors,13,Married-civ-spouse,Prof-specialty,Husband,White,Male,0,0,45,Italy,0.6887972606968615,0
41,State-gov,170924,Masters,14,Married-civ-spouse,Prof-specialty,Husband,White,Male,0,0,40,United-States,0.6887214484069932,0
44,Self-emp-not-inc,483201,Bachelors,13,Married-civ-spouse,Exec-managerial,Husband,White,Male,0,0,40,United-States,0.6887102519808036,0
42,Private,214503,Bachelors,13,Married-civ-spouse,Prof-specialty,Husband,White,Male,0,0,44,United-States,0.6886343209556842,0
48,State-gov,327886,Doctorate,16,Divorced,Prof-specialty,Own-child,White,Male,0,0,50,United-States,0.6885073496851005,0
52,Local-gov,392668,Assoc-voc,11,Married-civ-spouse,Protective-serv,Husband,White,Male,0,0,40,United-States,0.6884235416099812,0
53,Private,302868,Bachelors,13,Married-civ-spouse,Sales,Husband,White,Male,0,0,50,United-States,0.6883567130300675,0
50,Self-emp-not-inc,386397,Bachelors,13,Married-civ-spouse,Sales,Husband,White,Male,0,0,60,United-States,0.6882625948444667,0
40,Private,63503,Bachelors,13,Married-civ-spouse,Exec-managerial,Husband,White,Male,0,0,40,United-States,0.6880803322252261,0
42,Local-gov,238188,Masters,14,Married-civ-spouse,Prof-specialty,Husband,White,Male,0,0,35,United-States,0.6880117779869309,0
39,Private,184801,Bachelors,13,Married-civ-spouse,Prof-specialty,Husband,White,Male,0,0,40,United-States,0.6879775933959548,0
41,Private,185267,Bachelors,13,Married-civ-spouse,Prof-specialty,Husband,White,Male,0,0,40,United-States,0.6879775933959548,0
40,Private,145441,Bachelors,13,Married-civ-spouse,Prof-specialty,Husband,White,Male,0,0,40,United-States,0.6879775933959548,0
38,Private,187748,Bachelors,13,Married-civ-spouse,Prof-specialty,Husband,White,Male,0,0,40,United-States,0.6879775933959548,0
56,Local-gov,268213,Masters,14,Married-civ-spouse,Prof-specialty,Husband,White,Male,0,0,35,?,0.6879485336860681,0
49,Self-emp-not-inc,263568,Bachelors,13,Married-civ-spouse,Exec-managerial,Husband,White,Male,0,0,60,United-States,0.6878029203780847,0
32,Private,103860,Bachelors,13,Married-civ-spouse,Exec-managerial,Husband,White,Male,0,0,50,United-States,0.6877856242181678,0
38,Private,320451,Masters,14,Married-civ-spouse,Prof-specialty,Husband,Asian-Pac-Islander,Male,0,0,40,?,0.6877461413228452,1
35,Private,163237,Bachelors,13,Married-civ-spouse,Sales,Husband,White,Male,0,0,52,United-States,0.68771173102369,0
34,Private,197886,Bachelors,13,Married-civ-spouse,Sales,Husband,White,Male,0,0,60,United-States,0.68771173102369,0
56,Private,187295,Bachelors,13,Married-civ-spouse,Prof-specialty,Husband,White,Male,0,0,40,United-States,0.687676635837255,0
40,Local-gov,112362,Masters,14,Married-civ-spouse,Prof-specialty,Husband,White,Male,0,0,40,United-States,0.6876309428010702,0
36,Private,414683,Bachelors,13,Married-civ-spouse,Prof-specialty,Husband,Black,Male,0,0,40,United-States,0.6875958102540402,0
77,Private,117898,Bachelors,13,Married-civ-spouse,Exec-managerial,Husband,White,Male,0,0,50,United-States,0.6875549085662596,0
50,State-gov,159219,Bachelors,13,Married-civ-spouse,Exec-managerial,Husband,White,Male,0,0,40,Canada,0.6875439425464296,0
60,Local-gov,227332,Masters,14,Married-civ-spouse,Exec-managerial,Husband,White,Male,0,0,40,United-States,0.6875351618463189,0
52,Federal-gov,221532,Bachelors,13,Married-civ-spouse,Protective-serv,Husband,White,Male,0,0,45,United-States,0.6873979711748126,0
58,Private,111394,Bachelors,13,Married-civ-spouse,Prof-specialty,Husband,White,Male,0,0,40,United-States,0.6873662047983274,0
30,Private,202051,Bachelors,13,Married-civ-spouse,Exec-managerial,Husband,White,Male,0,0,42,United-States,0.6871064243500415,0
51,Private,205884,Some-college,10,Married-civ-spouse,Tech-support,Wife,White,Female,0,0,40,United-States,0.6870008266380662,0
38,Self-emp-inc,308686,Bachelors,13,Married-civ-spouse,Prof-specialty,Husband,White,Male,0,0,70,United-States,0.6868730292682332,0
36,Federal-gov,54159,Bachelors,13,Married-civ-spouse,Exec-managerial,Husband,White,Male,0,0,45,United-States,0.6866857383347911,0
28,Private,214702,Bachelors,13,Married-civ-spouse,Exec-managerial,Husband,White,Male,0,0,60,United-States,0.6866429689820038,0
41,Private,32878,Bachelors,13,Married-civ-spouse,Prof-specialty,Husband,White,Male,0,0,45,United-States,0.6865262027085299,0
38,Private,374524,Bachelors,13,Married-civ-spouse,Prof-specialty,Husband,White,Male,0,0,40,United-States,0.686346169373444,0
37,Self-emp-inc,342084,Some-college,10,Married-civ-spouse,Exec-managerial,Husband,White,Male,0,0,60,United-States,0.68631113333768,0
35,Private,186934,Bachelors,13,Married-civ-spouse,Sales,Husband,White,Male,0,0,50,United-States,0.6861753136512664,0
44,Self-emp-inc,138991,Some-college,10,Married-civ-spouse,Exec-managerial,Husband,White,Male,0,0,50,United-States,0.6861279798173022,0
36,Private,232874,Bachelors,13,Married-civ-spouse,Tech-support,Husband,White,Male,0,0,40,United-States,0.6859585081104177,0
36,Private,111128,Bachelors,13,Married-civ-spouse,Prof-specialty,Husband,White,Male,0,0,48,United-States,0.6859331287126733,0
48,State-gov,44434,Masters,14,Married-civ-spouse,Prof-specialty,Husband,White,Male,0,0,61,United-States,0.6859126056801241,0
40,Private,210648,Bachelors,13,Married-civ-spouse,Prof-specialty,Husband,White,Male,0,0,44,United-States,0.6856874616889023,0
48,Local-gov,127921,Bachelors,13,Married-civ-spouse,Prof-specialty,Husband,White,Male,0,0,40,United-States,0.685669602455627,0
48,Self-emp-inc,200471,Bachelors,13,Married-civ-spouse,Exec-managerial,Husband,White,Male,0,0,40,United-States,0.6856082499525039,0
28,State-gov,445824,Masters,14,Married-civ-spouse,Prof-specialty,Wife,White,Female,0,0,50,United-States,0.6855109853116903,0
32,Private,331539,Bachelors,13,Married-civ-spouse,Exec-managerial,Husband,Asian-Pac-Islander,Male,0,0,50,China,0.6851770011327253,2
76,Private,125784,Bachelors,13,Married-civ-spouse,Exec-managerial,Husband,White,Male,0,0,40,United-States,0.6850236515322414,0
37,Private,254202,Bachelors,13,Married-civ-spouse,Sales,Husband,White,Male,0,0,50,United-States,0.6850060096070019,0
40,Private,510072,Bachelors,13,Married-civ-spouse,Sales,Husband,White,Male,0,0,55,United-States,0.6849539018399495,0
55,Self-emp-not-inc,308746,Prof-school,15,Widowed,Prof-specialty,Not-in-family,White,Male,0,0,55,United-States,0.6847916419486271,0
50,Federal-gov,69345,Assoc-acdm,12,Married-civ-spouse,Exec-managerial,Husband,White,Male,0,0,60,United-States,0.6847880579930747,0
52,Private,162238,Bachelors,13,Married-civ-spouse,Prof-specialty,Husband,White,Male,0,0,38,United-States,0.6847840023611294,0
51,Private,95946,Bachelors,13,Married-civ-spouse,Prof-specialty,Husband,White,Male,0,0,50,United-States,0.6846761130208213,0
36,Self-emp-not-inc,223789,Masters,14,Married-civ-spouse,Prof-specialty,Husband,White,Male,0,0,45,United-States,0.6846729091907924,0
64,Self-emp-inc,195366,Bachelors,13,Married-civ-spouse,Prof-specialty,Husband,White,Male,0,0,40,United-States,0.6846587577891008,0
32,Private,273241,Bachelors,13,Married-civ-spouse,Exec-managerial,Wife,White,Female,0,0,40,United-States,0.6846371674529079,0
36,Local-gov,223433,Assoc-voc,11,Married-civ-spouse,Protective-serv,Husband,White,Male,0,0,53,United-States,0.6846294117498093,0
47,State-gov,188386,Bachelors,13,Married-civ-spouse,Prof-specialty,Husband,White,Male,0,0,45,United-States,0.6846251344989239,0
41,Private,134130,Bachelors,13,Married-civ-spouse,Sales,Husband,White,Male,0,0,50,United-States,0.6845059650173717,0
49,Federal-gov,311671,Some-college,10,Married-civ-spouse,Exec-managerial,Husband,White,Male,0,0,40,United-States,0.6844422037907485,0
50,Federal-gov,339905,Some-college,10,Married-civ-spouse,Exec-managerial,Husband,White,Male,0,0,40,United-States,0.6843577350462959,0
40,State-gov,506329,Doctorate,16,Married-civ-spouse,Prof-specialty,Husband,Asian-Pac-Islander,Male,0,0,40,Taiwan,0.6843266770023066,4
48,State-gov,201177,Bachelors,13,Married-civ-spouse,Exec-managerial,Husband,Black,Male,0,0,40,United-States,0.6843235916375726,0
42,Private,227397,Bachelors,13,Married-civ-spouse,Adm-clerical,Wife,White,Female,0,0,40,United-States,0.6842067882317585,0
42,Local-gov,186909,Assoc-acdm,12,Married-civ-spouse,Exec-managerial,Wife,White,Female,0,0,45,United-States,0.6840382519124396,0
37,Self-emp-not-inc,607848,Bachelors,13,Married-civ-spouse,Tech-support,Husband,White,Male,0,0,40,United-States,0.68398609182003,0
43,Self-emp-inc,155293,Bachelors,13,Married-civ-spouse,Sales,Husband,White,Male,0,0,60,United-States,0.6839529301363678,0
43,Private,153489,Bachelors,13,Married-civ-spouse,Sales,Husband,White,Male,0,0,50,United-States,0.6839508975275292,0
38,Private,107630,Bachelors,13,Married-civ-spouse,Exec-managerial,Husband,White,Male,0,0,40,United-States,0.6837252042055865,0
80,Private,86111,Doctorate,16,Married-civ-spouse,Prof-specialty,Husband,White,Male,0,0,30,United-States,0.6837163510247112,1
43,Private,320277,Bachelors,13,Married-civ-spouse,Exec-managerial,Husband,White,Male,0,0,40,United-States,0.6836965260729589,0
45,Private,155659,Bachelors,13,Married-civ-spouse,Prof-specialty,Husband,White,Male,0,0,60,United-States,0.6836690374118612,0
47,Private,359461,Bachelors,13,Married-civ-spouse,Craft-repair,Husband,White,Male,0,0,40,United-States,0.6836277983387591,0
38,Private,278557,Bachelors,13,Married-civ-spouse,Sales,Husband,White,Male,0,0,50,United-States,0.6836254906836542,0
36,Private,173542,Bachelors,13,Married-civ-spouse,Prof-specialty,Husband,White,Male,0,0,40,United-States,0.6835991004651176,0
44,Private,212894,Prof-school,15,Divorced,Prof-specialty,Not-in-family,White,Male,0,0,55,United-States,0.6833143345492672,0
41,Private,128354,Bachelors,13,Married-civ-spouse,Tech-support,Wife,White,Female,0,0,25,United-States,0.6829455344554103,0
43,Private,125461,Bachelors,13,Married-civ-spouse,Sales,Husband,White,Male,0,0,65,United-States,0.6829246071053316,0
66,Private,216856,Masters,14,Married-civ-spouse,Sales,Husband,White,Male,0,0,50,United-States,0.6829155102719952,0
71,Federal-gov,422149,Some-college,10,Married-civ-spouse,Exec-managerial,Husband,White,Male,20051,0,40,United-States,0.6828031061391083,1
41,Private,237452,Bachelors,13,Married-civ-spouse,Prof-specialty,Wife,White,Female,0,0,15,Cuba,0.6827315626607802,0
43,Private,194636,Bachelors,13,Married-civ-spouse,Craft-repair,Husband,White,Male,0,0,48,United-States,0.6826632451340188,0
61,Private,105384,Bachelors,13,Married-civ-spouse,Prof-specialty,Husband,White,Male,0,0,40,United-States,0.6826556172272238,0
56,Private,274111,Bachelors,13,Married-civ-spouse,Adm-clerical,Husband,White,Male,0,0,45,United-States,0.6826117073727308,0
33,Private,106670,Bachelors,13,Married-civ-spouse,Prof-specialty,Wife,White,Female,0,0,40,United-States,0.6825678664004452,0
45,Self-emp-not-inc,420986,Bachelors,13,Married-civ-spouse,Prof-specialty,Husband,White,Male,0,0,40,United-States,0.6825189127355388,0
52,Private,162576,Assoc-acdm,12,Married-civ-spouse,Tech-support,Husband,White,Male,0,0,40,United-States,0.6823409343447926,0
42,Private,279914,Bachelors,13,Married-civ-spouse,Tech-support,Husband,White,Male,0,0,40,United-States,0.6822963398145209,0
31,Private,179186,Bachelors,13,Married-civ-spouse,Sales,Husband,Black,Male,0,0,90,United-States,0.68225540678411,0
38,Local-gov,414791,Bachelors,13,Married-civ-spouse,Exec-managerial,Husband,White,Male,0,0,42,United-States,0.6821126906973554,0
38,Private,165848,Bachelors,13,Married-civ-spouse,Sales,Husband,White,Male,0,0,44,United-States,0.682056189738534,0
44,Self-emp-inc,181762,Some-college,10,Married-civ-spouse,Exec-managerial,Husband,White,Male,0,0,50,United-States,0.6820358914791249,0
38,Private,58108,Bachelors,13,Married-civ-spouse,Exec-managerial,Husband,White,Male,0,0,50,United-States,0.6820277528271823,0
38,Private,180303,Bachelors,13,Married-civ-spouse,Exec-managerial,Husband,Asian-Pac-Islander,Male,0,0,50,Japan,0.6818628337864078,2
40,Private,223277,Bachelors,13,Married-civ-spouse,Adm-clerical,Husband,White,Male,0,0,50,United-States,0.6818314000869181,0
39,Private,211440,Bachelors,13,Married-civ-spouse,Sales,Husband,White,Male,0,0,50,United-States,0.6818314000869181,0
62,Private,232308,Bachelors,13,Married-civ-spouse,Exec-managerial,Husband,White,Male,0,0,40,United-States,0.6818163823906739,0
38,Private,338320,Bachelors,13,Married-civ-spouse,Prof-specialty,Husband,White,Male,0,0,40,Canada,0.6817696984510283,0
34,Self-emp-not-inc,100079,Bachelors,13,Married-civ-spouse,Sales,Husband,Asian-Pac-Islander,Male,0,0,55,India,0.6817477920997602,2
45,Private,238567,Bachelors,13,Married-civ-spouse,Exec-managerial,Husband,White,Male,0,0,40,England,0.6816581552377301,0
40,Private,224658,Bachelors,13,Married-civ-spouse,Sales,Husband,White,Male,0,0,45,United-States,0.681588201912508,0
37,Private,109633,Bachelors,13,Married-civ-spouse,Prof-specialty,Wife,White,Female,0,0,16,United-States,0.6815204131479815,0
37,Self-emp-not-inc,298444,Masters,14,Married-civ-spouse,Prof-specialty,Husband,White,Male,0,0,40,United-States,0.6814383167114823,0
54,Private,457237,Masters,14,Married-civ-spouse,Sales,Husband,White,Male,0,0,40,United-States,0.6813430010281395,0
34,Private,165737,Masters,14,Married-civ-spouse,Prof-specialty,Husband,Asian-Pac-Islander,Male,0,0,43,India,0.6813108729975168,1
33,Self-emp-inc,144949,Bachelors,13,Married-civ-spouse,Sales,Husband,White,Male,0,0,65,United-States,0.6810875594796502,0
41,Private,70037,Some-college,10,Never-married,Craft-repair,Unmarried,White,Male,0,3004,60,?,0.6810660352975209,2
48,Local-gov,195949,Some-college,10,Married-civ-spouse,Protective-serv,Husband,White,Male,0,0,42,United-States,0.6810585370364416,0
50,Local-gov,226497,Some-college,10,Married-civ-spouse,Protective-serv,Husband,White,Male,0,0,52,United-States,0.6810585370364416,0
38,Private,243872,Bachelors,13,Married-civ-spouse,Sales,Husband,White,Male,0,0,70,United-States,0.6807414969666846,0
45,Self-emp-not-inc,201080,Masters,14,Married-civ-spouse,Sales,Husband,White,Male,0,0,40,United-States,0.6807078742045243,0
57,Private,124507,Bachelors,13,Married-civ-spouse,Sales,Husband,White,Male,0,0,55,United-States,0.6806137136493673,0
49,Private,340755,Masters,14,Married-civ-spouse,Sales,Husband,White,Male,0,0,40,United-States,0.680563788103099,0
31,Private,188246,Masters,14,Married-civ-spouse,Prof-specialty,Husband,White,Male,0,0,50,United-States,0.6804589444393604,0
31,Local-gov,199368,Bachelors,13,Married-civ-spouse,Protective-serv,Husband,Black,Male,0,0,50,United-States,0.6804396072114229,0
59,Local-gov,223215,Some-college,10,Married-civ-spouse,Protective-serv,Husband,White,Male,0,0,42,United-States,0.6802578131155986,0
36,Private,218490,Bachelors,13,Married-civ-spouse,Prof-specialty,Husband,White,Male,0,0,45,Germany,0.6802406234824186,0
37,State-gov,239409,Masters,14,Married-civ-spouse,Prof-specialty,Husband,White,Male,0,0,60,United-States,0.6801512375189431,0
47,Local-gov,198660,Bachelors,13,Married-civ-spouse,Prof-specialty,Husband,White,Male,0,0,40,United-States,0.6801164388248957,0
37,Private,348739,Bachelors,13,Married-civ-spouse,Prof-specialty,Husband,White,Male,0,0,45,United-States,0.6800158767593998,0
45,Self-emp-inc,36228,Bachelors,13,Married-civ-spouse,Farming-fishing,Husband,White,Male,4386,0,35,United-States,0.679877966951819,0
34,Private,454508,Bachelors,13,Married-civ-spouse,Prof-specialty,Husband,White,Male,0,0,65,Iran,0.6798467058085385,0
46,Private,205100,Assoc-voc,11,Married-civ-spouse,Exec-managerial,Husband,White,Male,0,0,48,United-States,0.679832804772805,0
60,Private,238913,Bachelors,13,Married-civ-spouse,Sales,Husband,White,Male,0,0,46,United-States,0.6798137991348111,0
47,State-gov,187087,Bachelors,13,Married-civ-spouse,Exec-managerial,Husband,White,Male,0,0,40,United-States,0.6798132450018741,0
29,Private,87507,Doctorate,16,Married-civ-spouse,Prof-specialty,Husband,Asian-Pac-Islander,Male,0,0,60,India,0.6796512290690703,3
41,Private,152292,Bachelors,13,Married-civ-spouse,Prof-specialty,Husband,White,Male,0,0,50,United-States,0.6796032704257132,0
38,Private,179668,Bachelors,13,Married-civ-spouse,Prof-specialty,Husband,White,Male,0,0,50,United-States,0.6796032704257132,0
38,Private,186959,Bachelors,13,Married-civ-spouse,Prof-specialty,Husband,White,Male,0,0,50,United-States,0.6796032704257132,0
39,Federal-gov,110622,Bachelors,13,Married-civ-spouse,Adm-clerical,Wife,Asian-Pac-Islander,Female,0,0,40,Philippines,0.6795971574671597,1
67,Private,212705,Masters,14,Married-spouse-absent,Exec-managerial,Not-in-family,White,Male,0,0,55,United-States,0.6795271853019164,0
28,Private,175710,Bachelors,13,Married-civ-spouse,Exec-managerial,Wife,White,Female,0,0,40,United-States,0.6795223786125059,0
28,Private,191088,Bachelors,13,Married-civ-spouse,Exec-managerial,Wife,White,Female,0,0,40,United-States,0.6795223786125059,0
53,Self-emp-not-inc,98829,Bachelors,13,Married-civ-spouse,Prof-specialty,Husband,White,Male,0,0,50,United-States,0.6795141958106792,0
34,Private,42900,Bachelors,13,Married-civ-spouse,Exec-managerial,Husband,White,Male,0,0,50,United-States,0.6795008380370992,0
38,Private,165472,Bachelors,13,Married-civ-spouse,Prof-specialty,Husband,White,Male,0,0,40,United-States,0.6794763771697568,0
60,Private,167670,Bachelors,13,Married-civ-spouse,Prof-specialty,Husband,White,Male,0,0,35,United-States,0.6794423865923925,0
46,Private,503923,HS-grad,9,Married-civ-spouse,Machine-op-inspct,Husband,Black,Male,4386,0,40,United-States,0.679431438533,0
48,Private,99835,Assoc-acdm,12,Married-civ-spouse,Exec-managerial,Husband,White,Male,0,0,50,United-States,0.6791897052091868,0
38,State-gov,318886,Bachelors,13,Married-civ-spouse,Protective-serv,Husband,Black,Male,0,0,52,United-States,0.6791409238580725,0
46,Private,147640,5th-6th,3,Married-civ-spouse,Transport-moving,Husband,Amer-Indian-Eskimo,Male,0,1902,40,United-States,0.6790244688753413,1
43,Private,115562,Bachelors,13,Married-civ-spouse,Prof-specialty,Husband,White,Male,0,0,42,United-States,0.6788992102241855,0
36,Private,165799,Masters,14,Married-civ-spouse,Sales,Husband,White,Male,0,0,50,United-States,0.6788981334479426,0
41,Private,304906,Bachelors,13,Married-civ-spouse,Exec-managerial,Husband,White,Male,0,0,40,United-States,0.6788031587092096,0
47,State-gov,199512,Bachelors,13,Married-civ-spouse,Exec-managerial,Husband,White,Male,0,0,40,United-States,0.6787404575517901,0
36,Local-gov,114719,Masters,14,Married-civ-spouse,Prof-specialty,Husband,White,Male,0,0,50,United-States,0.67871449568018,0
54,Self-emp-not-inc,230951,Bachelors,13,Married-civ-spouse,Exec-managerial,Husband,White,Male,0,0,40,United-States,0.6786834062549242,0
49,State-gov,36177,Bachelors,13,Married-civ-spouse,Exec-managerial,Husband,White,Male,0,0,45,United-States,0.6784772232625316,0
59,Self-emp-inc,52822,Bachelors,13,Married-civ-spouse,Craft-repair,Husband,White,Male,0,0,60,United-States,0.6782221556397676,0
36,Private,224531,Bachelors,13,Married-civ-spouse,Sales,Husband,White,Male,0,0,50,United-States,0.6781606738218183,0
37,Self-emp-not-inc,265266,Prof-school,15,Married-civ-spouse,Prof-specialty,Husband,White,Male,0,0,40,Cuba,0.678140301699107,0
77,Self-emp-inc,192230,Some-college,10,Married-civ-spouse,Exec-managerial,Husband,White,Male,0,0,40,United-States,0.6781060402757398,0
38,Private,160808,HS-grad,9,Married-civ-spouse,Craft-repair,Husband,Black,Male,4386,0,48,United-States,0.6780182834361608,0
62,Private,270092,Masters,14,Married-civ-spouse,Prof-specialty,Husband,White,Male,0,0,40,United-States,0.6779881474970529,0
40,Self-emp-inc,64885,Masters,14,Married-civ-spouse,Sales,Husband,White,Male,0,0,70,United-States,0.6779777663610799,0
38,Private,242720,Masters,14,Married-civ-spouse,Prof-specialty,Husband,White,Male,0,0,35,United-States,0.6777558479305604,1
46,Local-gov,316205,Bachelors,13,Married-civ-spouse,Exec-managerial,Husband,Black,Male,0,0,40,United-States,0.6776208537732463,0
56,Private,220187,Some-college,10,Married-civ-spouse,Tech-support,Husband,White,Male,0,0,45,United-States,0.6775415848142292,0
47,Private,340982,Some-college,10,Married-civ-spouse,Machine-op-inspct,Husband,Asian-Pac-Islander,Male,3103,0,40,Philippines,0.6774958797731988,1
51,Self-emp-not-inc,205100,Masters,14,Married-civ-spouse,Prof-specialty,Wife,White,Female,0,0,30,United-States,0.6772772286057325,0
45,Private,223999,9th,5,Married-civ-spouse,Other-service,Husband,White,Male,0,1848,40,United-States,0.677276639976733,1
51,Private,153870,Some-college,10,Married-civ-spouse,Transport-moving,Husband,White,Male,0,2603,40,United-States,0.6772758031314378,1
50,State-gov,24185,Bachelors,13,Married-civ-spouse,Exec-managerial,Husband,White,Male,0,0,38,United-States,0.6772010141347005,0
55,Federal-gov,321333,Some-college,10,Married-civ-spouse,Adm-clerical,Husband,White,Male,0,0,40,United-States,0.6771883790766091,0
44,Private,127592,Bachelors,13,Married-civ-spouse,Tech-support,Husband,White,Male,0,0,40,United-States,0.6771554856016019,0
37,Self-emp-inc,107164,10th,6,Never-married,Transport-moving,Not-in-family,White,Male,0,2559,50,United-States,0.6770752423766662,1
40,State-gov,377018,Bachelors,13,Married-civ-spouse,Prof-specialty,Husband,White,Male,0,0,60,United-States,0.6770115925948919,0
51,Federal-gov,36186,Bachelors,13,Married-civ-spouse,Prof-specialty,Husband,White,Male,0,0,40,United-States,0.6769256213621963,0
37,Self-emp-not-inc,112497,Masters,14,Married-civ-spouse,Exec-managerial,Husband,White,Male,0,0,50,United-States,0.6767668384902278,0
57,State-gov,32694,Masters,14,Married-civ-spouse,Prof-specialty,Husband,White,Male,0,0,50,United-States,0.6767287322103396,0
46,Private,149388,Bachelors,13,Married-civ-spouse,Craft-repair,Husband,White,Male,0,0,40,United-States,0.676726657993672,0
34,Private,347166,Doctorate,16,Never-married,Prof-specialty,Not-in-family,White,Male,0,0,50,United-States,0.6766092251326304,0
49,Self-emp-inc,38819,Bachelors,13,Married-civ-spouse,Sales,Husband,White,Male,0,0,50,United-States,0.6765525170131319,0
38,Self-emp-inc,189679,Bachelors,13,Married-civ-spouse,Prof-specialty,Husband,White,Male,0,0,50,United-States,0.6765250404614394,0
53,Local-gov,549341,Bachelors,13,Married-civ-spouse,Prof-specialty,Husband,Black,Male,0,0,35,United-States,0.6764993445072408,0
37,Self-emp-inc,205852,Bachelors,13,Married-civ-spouse,Prof-specialty,Husband,White,Male,0,0,45,United-States,0.6764732800259816,0
34,Private,146161,Bachelors,13,Married-civ-spouse,Prof-specialty,Husband,White,Male,0,0,60,United-States,0.6764552791012342,0
59,Local-gov,102442,Bachelors,13,Married-civ-spouse,Prof-specialty,Wife,White,Female,0,0,45,United-States,0.6764184489537421,0
31,Private,288566,Bachelors,13,Married-civ-spouse,Tech-support,Husband,White,Male,0,0,43,United-States,0.6764025961146647,0
44,Private,376072,HS-grad,9,Married-civ-spouse,Tech-support,Husband,White,Male,0,0,45,United-States,0.6762795274651119,0
33,Self-emp-not-inc,134886,Bachelors,13,Married-civ-spouse,Prof-specialty,Wife,White,Female,0,0,50,United-States,0.6762774327094959,0
50,Self-emp-not-inc,196504,Doctorate,16,Married-civ-spouse,Prof-specialty,Husband,White,Male,0,0,23,United-States,0.6761842908586201,0
39,Private,185099,Bachelors,13,Married-civ-spouse,Prof-specialty,Husband,White,Male,0,0,48,United-States,0.6761218809867301,0
68,Private,138714,Bachelors,13,Married-civ-spouse,Prof-specialty,Husband,White,Male,0,0,55,United-States,0.6760274791915445,0
46,Private,249686,Prof-school,15,Separated,Prof-specialty,Not-in-family,White,Male,0,0,50,United-States,0.6759733333942758,0
37,Local-gov,189878,Some-college,10,Married-civ-spouse,Protective-serv,Husband,White,Male,0,0,60,United-States,0.675908297340054,0
48,Private,75104,Bachelors,13,Married-civ-spouse,Prof-specialty,Husband,White,Male,0,0,50,United-States,0.6758544216921969,0
64,Private,270333,Bachelors,13,Married-civ-spouse,Prof-specialty,Husband,White,Male,0,0,40,United-States,0.6757727177232292,0
50,Self-emp-inc,52565,Some-college,10,Married-civ-spouse,Sales,Husband,White,Male,0,1485,40,United-States,0.6756483553464083,0
46,Local-gov,167159,Some-college,10,Married-civ-spouse,Protective-serv,Husband,White,Male,0,0,70,United-States,0.675633848261707,0
41,Private,99870,Bachelors,13,Married-civ-spouse,Sales,Husband,White,Male,0,0,55,United-States,0.6755745938177627,0
56,Self-emp-not-inc,258752,Bachelors,13,Married-civ-spouse,Exec-managerial,Husband,White,Male,0,0,60,United-States,0.6752815359968924,0
34,Self-emp-inc,209538,Bachelors,13,Married-civ-spouse,Sales,Husband,White,Male,0,0,50,United-States,0.6752006177768745,0
52,Private,416059,Bachelors,13,Married-civ-spouse,Prof-specialty,Husband,Black,Male,0,0,40,United-States,0.6751677126398934,0
43,Private,174051,Bachelors,13,Married-civ-spouse,Craft-repair,Husband,White,Male,0,0,48,United-States,0.675004305702207,0
55,Private,238638,HS-grad,9,Married-civ-spouse,Sales,Husband,White,Male,4386,0,40,United-States,0.674961814050913,0
61,Private,147393,Prof-school,15,Married-civ-spouse,Exec-managerial,Husband,White,Male,0,0,20,United-States,0.6749573896450758,0
44,Federal-gov,220563,Some-college,10,Married-civ-spouse,Tech-support,Husband,White,Male,0,0,40,United-States,0.674953634013691,0
27,Private,160786,11th,7,Married-civ-spouse,Craft-repair,Husband,White,Male,0,1902,40,United-States,0.6748377579243229,0
51,Self-emp-inc,192973,Bachelors,13,Married-civ-spouse,Protective-serv,Husband,Black,Male,0,0,40,United-States,0.6748082041113846,0
55,Federal-gov,31728,Some-college,10,Married-civ-spouse,Adm-clerical,Wife,White,Female,0,0,40,United-States,0.6747776801240726,0
42,Private,366180,Some-college,10,Married-civ-spouse,Exec-managerial,Husband,White,Male,0,0,55,United-States,0.6747458666785864,0
39,Private,342448,Bachelors,13,Married-civ-spouse,Adm-clerical,Husband,White,Male,0,0,45,United-States,0.6747209185213355,0
49,Local-gov,37353,Masters,14,Married-civ-spouse,Exec-managerial,Husband,White,Male,0,0,40,United-States,0.6746814469583825,0
42,Local-gov,569930,Bachelors,13,Married-civ-spouse,Adm-clerical,Husband,White,Male,0,0,45,United-States,0.6745851162271655,0
29,Local-gov,177398,Masters,14,Married-civ-spouse,Prof-specialty,Wife,White,Female,0,0,40,United-States,0.6744903441027379,0
49,Federal-gov,233059,Assoc-voc,11,Married-civ-spouse,Craft-repair,Husband,White,Male,0,0,40,United-States,0.6743053916078633,0
37,Private,191754,Bachelors,13,Married-civ-spouse,Adm-clerical,Husband,White,Male,0,0,50,United-States,0.6742446548667922,0
42,Local-gov,328581,Masters,14,Married-civ-spouse,Prof-specialty,Husband,White,Male,0,0,55,United-States,0.674230114894152,0
38,Private,95336,Bachelors,13,Married-civ-spouse,Sales,Husband,White,Male,0,0,50,United-States,0.6741229640440372,0
30,Private,112115,Bachelors,13,Married-civ-spouse,Exec-managerial,Husband,White,Male,0,0,50,United-States,0.6740442030900416,0
37,Private,99146,Bachelors,13,Married-civ-spouse,Sales,Husband,White,Male,0,0,60,United-States,0.67395142085521,0
39,Private,113151,Bachelors,13,Married-civ-spouse,Sales,Husband,White,Male,0,0,55,United-States,0.67395142085521,0
40,Private,240504,Bachelors,13,Married-civ-spouse,Sales,Husband,White,Male,0,0,45,United-States,0.6739135965102575,0
57,Federal-gov,313929,Some-college,10,Married-civ-spouse,Prof-specialty,Husband,Amer-Indian-Eskimo,Male,0,0,40,United-States,0.673841825319094,2
46,Local-gov,187749,Bachelors,13,Married-civ-spouse,Prof-specialty,Husband,Asian-Pac-Islander,Male,0,0,40,Philippines,0.6737551332384899,1
29,Private,137476,Bachelors,13,Married-civ-spouse,Prof-specialty,Wife,White,Female,0,0,35,United-States,0.673746892787314,0
44,Private,48087,Bachelors,13,Married-civ-spouse,Exec-managerial,Husband,White,Male,0,0,40,United-States,0.6736482047549371,0
50,Federal-gov,343014,Some-college,10,Married-civ-spouse,Exec-managerial,Husband,Black,Male,0,0,40,United-States,0.6734377699882709,0
33,Private,184306,Bachelors,13,Married-civ-spouse,Prof-specialty,Husband,White,Male,0,0,45,United-States,0.6734290190390385,0
60,Local-gov,212856,Masters,14,Married-civ-spouse,Prof-specialty,Husband,White,Male,0,0,40,?,0.6733789440684951,0
46,Self-emp-inc,284799,Some-college,10,Married-civ-spouse,Sales,Husband,White,Male,0,0,60,United-States,0.6733701456588533,0
49,Private,242987,Bachelors,13,Married-civ-spouse,Prof-specialty,Husband,White,Male,0,0,40,Columbia,0.6733694557239813,0
44,Local-gov,124692,Masters,14,Married-civ-spouse,Prof-specialty,Husband,White,Male,0,0,35,United-States,0.6733553278179109,0
43,State-gov,270721,Bachelors,13,Married-civ-spouse,Exec-managerial,Husband,White,Male,0,0,55,United-States,0.6733514352639106,0
36,Private,135289,Bachelors,13,Married-civ-spouse,Craft-repair,Husband,White,Male,0,0,48,United-States,0.673316774781758,0
50,Private,163948,Masters,14,Married-civ-spouse,Sales,Husband,White,Male,0,0,40,United-States,0.6732963893591556,0
58,Private,312131,Masters,14,Married-civ-spouse,Sales,Husband,White,Male,0,0,40,United-States,0.6732897266062452,0
45,Private,189792,Masters,14,Married-civ-spouse,Sales,Husband,White,Male,0,0,40,United-States,0.6732693382320573,0
65,Self-emp-inc,172684,Bachelors,13,Married-civ-spouse,Exec-managerial,Husband,White,Male,0,0,44,Mexico,0.6731541386286057,0
35,Private,191502,Bachelors,13,Married-civ-spouse,Sales,Husband,White,Male,0,0,60,United-States,0.6731236904750202,0
35,Private,125933,Bachelors,13,Married-civ-spouse,Sales,Husband,White,Male,0,0,60,United-States,0.6731236904750202,0
61,Private,80896,Masters,14,Married-civ-spouse,Prof-specialty,Husband,Asian-Pac-Islander,Male,0,0,45,India,0.6731198281509185,1
44,Local-gov,162506,Masters,14,Married-civ-spouse,Prof-specialty,Husband,White,Male,0,0,35,United-States,0.6731035346937371,0
46,Private,213140,Bachelors,13,Married-civ-spouse,Prof-specialty,Husband,White,Male,0,0,40,?,0.6730960210606566,0
54,Local-gov,219276,Bachelors,13,Married-civ-spouse,Exec-managerial,Husband,Asian-Pac-Islander,Male,0,0,40,Philippines,0.6729801564455978,1
43,Local-gov,94937,Bachelors,13,Married-civ-spouse,Prof-specialty,Wife,White,Female,0,0,28,United-States,0.6727491394255964,0
48,Private,67725,Bachelors,13,Married-civ-spouse,Sales,Husband,White,Male,0,0,45,United-States,0.6725753654022161,0
45,Private,83064,Bachelors,13,Married-civ-spouse,Sales,Husband,White,Male,0,0,50,United-States,0.6725753654022161,0
30,Private,252752,Bachelors,13,Married-civ-spouse,Prof-specialty,Wife,White,Female,0,0,40,United-States,0.6723479846984923,0
37,Private,107737,Bachelors,13,Married-civ-spouse,Prof-specialty,Husband,White,Male,0,0,55,United-States,0.6721771967836775,0
29,Local-gov,302422,Assoc-voc,11,Never-married,Protective-serv,Not-in-family,White,Male,0,1564,56,United-States,0.6721592344701454,0
49,Local-gov,329144,Some-college,10,Married-civ-spouse,Protective-serv,Husband,White,Male,0,0,44,United-States,0.6720886892146594,0
48,Private,128796,Assoc-acdm,12,Married-civ-spouse,Exec-managerial,Husband,White,Male,0,0,40,United-States,0.6719863653663645,0
90,Private,221832,Bachelors,13,Married-civ-spouse,Exec-managerial,Husband,White,Male,0,0,45,United-States,0.6719672175265086,1
36,Private,416745,Bachelors,13,Married-civ-spouse,Prof-specialty,Husband,White,Male,0,0,40,United-States,0.67191526569166,0
51,Self-emp-inc,194995,Some-college,10,Married-civ-spouse,Exec-managerial,Husband,White,Male,0,0,45,United-States,0.6718199176301807,0
36,Private,95654,Bachelors,13,Married-civ-spouse,Prof-specialty,Wife,White,Female,0,0,50,Iran,0.6717889742035759,0
38,Private,40955,Bachelors,13,Married-civ-spouse,Prof-specialty,Husband,White,Male,0,0,40,England,0.671753697086838,0
41,Private,204415,Bachelors,13,Married-civ-spouse,Sales,Husband,White,Male,0,0,48,United-States,0.6715480007083765,0
44,Federal-gov,243636,Assoc-voc,11,Married-civ-spouse,Craft-repair,Husband,White,Male,0,0,40,United-States,0.6713637013337597,0
56,Self-emp-not-inc,39380,Some-college,10,Married-spouse-absent,Farming-fishing,Not-in-family,White,Female,27828,0,20,United-States,0.6712896508025991,1
58,State-gov,40925,Bachelors,13,Married-civ-spouse,Exec-managerial,Husband,White,Male,0,0,40,United-States,0.6711745548123554,0
37,Private,380614,Assoc-acdm,12,Married-civ-spouse,Prof-specialty,Wife,White,Female,0,0,13,United-States,0.670825565221828,0
38,Local-gov,223237,Masters,14,Married-civ-spouse,Prof-specialty,Husband,White,Male,0,0,40,United-States,0.6707721528163827,0
47,Private,60267,Bachelors,13,Married-civ-spouse,Exec-managerial,Husband,White,Male,0,0,38,United-States,0.670746451189565,0
34,Federal-gov,345259,Doctorate,16,Never-married,Prof-specialty,Not-in-family,White,Female,0,0,99,United-States,0.6706190292804137,0
48,Private,166929,Bachelors,13,Married-civ-spouse,Adm-clerical,Husband,White,Male,0,0,45,?,0.6705717752001349,0
45,Self-emp-not-inc,225456,Bachelors,13,Married-civ-spouse,Exec-managerial,Husband,White,Male,0,0,50,United-States,0.6705475363230508,0
58,Private,142076,HS-grad,9,Divorced,Tech-support,Not-in-family,White,Male,4787,0,39,United-States,0.6703374212093346,0
42,Private,273230,Bachelors,13,Married-civ-spouse,Prof-specialty,Husband,White,Male,0,0,90,United-States,0.6702050329037659,0
48,Self-emp-not-inc,187454,Bachelors,13,Married-civ-spouse,Prof-specialty,Husband,White,Male,0,0,40,United-States,0.6701563239859131,0
37,Private,241174,Bachelors,13,Married-civ-spouse,Prof-specialty,Husband,White,Male,0,0,99,United-States,0.6701056550215104,0
41,Private,101739,Assoc-acdm,12,Married-civ-spouse,Exec-managerial,Wife,White,Female,0,0,50,United-States,0.6700982501270698,0
56,Local-gov,370045,Bachelors,13,Married-civ-spouse,Prof-specialty,Husband,White,Male,0,0,40,United-States,0.6700085108901364,0
48,Self-emp-not-inc,379883,Masters,14,Married-civ-spouse,Exec-managerial,Husband,White,Male,0,0,40,Mexico,0.6699825877409845,0
61,Private,97128,Bachelors,13,Married-civ-spouse,Sales,Husband,White,Male,0,0,45,United-States,0.6699541351817045,0
57,Self-emp-not-inc,437281,Some-college,10,Married-civ-spouse,Tech-support,Husband,White,Male,0,0,38,United-States,0.6699131835767574,0
36,Private,116358,Masters,14,Married-civ-spouse,Exec-managerial,Husband,Asian-Pac-Islander,Male,0,0,40,Taiwan,0.6699049147074553,1
52,State-gov,254285,Bachelors,13,Married-civ-spouse,Prof-specialty,Husband,White,Male,0,0,40,United-States,0.6698440563756296,0
53,Local-gov,293941,Bachelors,13,Married-civ-spouse,Prof-specialty,Husband,White,Male,0,0,40,United-States,0.6698440563756296,0
38,Private,125933,Bachelors,13,Married-civ-spouse,Exec-managerial,Husband,White,Male,0,0,40,?,0.6698345460892637,0
55,Self-emp-not-inc,185195,Bachelors,13,Married-civ-spouse,Exec-managerial,Husband,White,Male,0,0,99,United-States,0.6697784950292929,0
25,Self-emp-not-inc,259299,Some-college,10,Married-civ-spouse,Craft-repair,Husband,White,Male,3103,0,50,United-States,0.6696878897261775,0
56,Self-emp-inc,303090,Some-college,10,Married-civ-spouse,Sales,Husband,White,Male,0,0,50,United-States,0.6696186404231237,0
57,Self-emp-inc,244605,Some-college,10,Married-civ-spouse,Sales,Husband,White,Male,0,0,50,United-States,0.6696186404231237,0
88,Self-emp-not-inc,206291,Prof-school,15,Married-civ-spouse,Prof-specialty,Husband,White,Male,0,0,40,United-States,0.6695740397755952,1
53,Private,285621,Masters,14,Married-civ-spouse,Adm-clerical,Wife,White,Female,0,0,40,United-States,0.6695440402610645,0
62,Private,178249,Bachelors,13,Married-civ-spouse,Exec-managerial,Husband,White,Male,0,0,35,United-States,0.6695093747916241,0
43,State-gov,144811,Prof-school,15,Divorced,Prof-specialty,Not-in-family,White,Male,0,0,50,United-States,0.6693256187112868,0
52,Private,180062,Some-college,10,Married-civ-spouse,Exec-managerial,Husband,White,Male,0,0,60,United-States,0.6693078656356762,0
50,Private,195298,Some-college,10,Married-civ-spouse,Exec-managerial,Husband,White,Male,0,0,50,United-States,0.6693078656356762,0
48,Private,165484,Some-college,10,Married-civ-spouse,Exec-managerial,Husband,White,Male,0,0,65,United-States,0.6693078656356762,0
33,Private,231413,Bachelors,13,Married-civ-spouse,Prof-specialty,Husband,White,Male,0,0,40,United-States,0.6690755909496107,0
33,Private,209768,Bachelors,13,Married-civ-spouse,Prof-specialty,Husband,White,Male,0,0,40,United-States,0.6690755909496107,0
33,Private,178429,Bachelors,13,Married-civ-spouse,Prof-specialty,Husband,White,Male,0,0,40,United-States,0.6690755909496107,0
55,Private,387569,HS-grad,9,Married-civ-spouse,Craft-repair,Husband,White,Male,4386,0,40,United-States,0.6689871713258935,0
38,Private,193815,Assoc-acdm,12,Married-civ-spouse,Exec-managerial,Husband,White,Male,0,0,55,Italy,0.6689505963194239,0
61,Local-gov,177189,Bachelors,13,Married-civ-spouse,Prof-specialty,Husband,White,Male,0,0,42,United-States,0.6688534227017675,0
42,Private,111483,Bachelors,13,Married-civ-spouse,Tech-support,Husband,White,Male,0,0,50,United-States,0.6687874824870936,0
32,State-gov,253354,Masters,14,Married-civ-spouse,Prof-specialty,Husband,White,Male,0,0,50,United-States,0.6687861490034992,0
41,Local-gov,184466,Masters,14,Married-civ-spouse,Prof-specialty,Husband,White,Male,0,0,38,United-States,0.6687186696013198,0
38,Local-gov,116580,Bachelors,13,Married-civ-spouse,Prof-specialty,Wife,White,Female,0,0,20,United-States,0.6686675557966862,0
42,Local-gov,266135,Some-college,10,Married-civ-spouse,Protective-serv,Husband,White,Male,0,0,52,United-States,0.6685309225908252,0
47,Private,82797,Bachelors,13,Married-civ-spouse,Prof-specialty,Husband,White,Male,0,0,50,United-States,0.6684488458387327,0
52,Private,260938,Masters,14,Married-civ-spouse,Sales,Husband,White,Male,0,0,40,United-States,0.6684077766296248,0
55,Self-emp-not-inc,170166,Bachelors,13,Married-civ-spouse,Exec-managerial,Wife,White,Female,0,0,25,United-States,0.6684007964716094,0
30,Local-gov,159773,Bachelors,13,Married-civ-spouse,Protective-serv,Husband,White,Male,0,0,45,United-States,0.6683619503410242,0
58,Private,356067,Bachelors,13,Married-civ-spouse,Adm-clerical,Husband,White,Male,0,0,40,United-States,0.6683304441989125,0
48,Private,345831,Some-college,10,Married-civ-spouse,Tech-support,Husband,White,Male,0,0,40,United-States,0.6681572964478032,0
31,Private,298871,Doctorate,16,Married-civ-spouse,Prof-specialty,Husband,Asian-Pac-Islander,Male,0,0,40,China,0.6680890339929902,1
40,Self-emp-inc,169878,Assoc-acdm,12,Married-civ-spouse,Exec-managerial,Wife,White,Female,0,0,40,United-States,0.6679939991930031,0
29,Private,370509,Bachelors,13,Married-civ-spouse,Exec-managerial,Husband,White,Male,0,0,50,France,0.6679285439392739,0
55,Private,393768,Assoc-voc,11,Married-civ-spouse,Exec-managerial,Husband,White,Male,0,0,40,United-States,0.6679167311218469,0
45,Local-gov,192793,Some-college,10,Married-civ-spouse,Protective-serv,Husband,White,Male,0,0,40,United-States,0.6679098793902827,0
57,Self-emp-not-inc,291529,Bachelors,13,Married-civ-spouse,Exec-managerial,Husband,White,Male,4386,0,13,United-States,0.6674875847771962,0
41,Private,233955,Masters,14,Married-civ-spouse,Prof-specialty,Husband,Asian-Pac-Islander,Male,0,0,45,China,0.6673818753388084,1
75,Self-emp-not-inc,208426,Prof-school,15,Married-civ-spouse,Prof-specialty,Husband,White,Male,0,0,35,United-States,0.667334019147009,0
39,Private,126161,Doctorate,16,Never-married,Prof-specialty,Not-in-family,White,Male,0,0,45,United-States,0.6672923794805964,0
36,Private,206521,Bachelors,13,Married-civ-spouse,Sales,Husband,White,Male,0,0,60,United-States,0.6671961756632441,0
41,State-gov,27305,Masters,14,Married-civ-spouse,Prof-specialty,Husband,White,Male,0,0,40,United-States,0.6671693733167762,0
34,Private,737315,Bachelors,13,Married-civ-spouse,Prof-specialty,Husband,White,Male,0,0,40,United-States,0.6670173375897163,0
53,Private,31588,Bachelors,13,Married-civ-spouse,Prof-specialty,Husband,White,Male,0,0,52,United-States,0.6669604432718474,0
47,Self-emp-not-inc,274800,Bachelors,13,Married-civ-spouse,Prof-specialty,Husband,White,Male,0,0,60,United-States,0.6667280034930652,0
49,Local-gov,275074,Bachelors,13,Married-civ-spouse,Prof-specialty,Husband,White,Male,0,0,60,United-States,0.6667280034930652,0
50,Self-emp-not-inc,183915,Bachelors,13,Married-civ-spouse,Craft-repair,Husband,White,Male,0,0,45,United-States,0.6667254066131455,0
69,Private,230417,Doctorate,16,Married-civ-spouse,Prof-specialty,Husband,White,Male,0,0,40,China,0.6666756041797431,1
58,Self-emp-inc,182062,Doctorate,16,Married-civ-spouse,Prof-specialty,Husband,White,Male,0,0,24,United-States,0.666655355704166,0
32,State-gov,111363,Prof-school,15,Married-civ-spouse,Prof-specialty,Husband,White,Male,0,0,75,United-States,0.6666489508045326,0
51,Local-gov,108435,Masters,14,Married-civ-spouse,Prof-specialty,Husband,White,Male,0,0,80,United-States,0.6666209598399182,0
51,Federal-gov,106257,Assoc-acdm,12,Married-civ-spouse,Tech-support,Husband,Black,Male,0,0,40,United-States,0.666569771398704,0
35,Private,224512,Masters,14,Married-civ-spouse,Sales,Husband,White,Male,0,0,55,United-States,0.6664489084727153,0
47,Local-gov,352614,Assoc-acdm,12,Married-civ-spouse,Protective-serv,Husband,White,Male,0,0,40,United-States,0.6663582124878686,0
39,Private,99452,Bachelors,13,Married-civ-spouse,Prof-specialty,Husband,White,Male,0,0,50,United-States,0.6663223891383893,0
54,Self-emp-inc,138852,Some-college,10,Married-civ-spouse,Sales,Husband,White,Male,0,0,45,United-States,0.6663015860860857,0
33,Private,162930,Bachelors,13,Married-civ-spouse,Prof-specialty,Husband,White,Male,0,0,50,Italy,0.6660842260646298,0
43,Private,184378,Bachelors,13,Married-civ-spouse,Prof-specialty,Husband,White,Male,0,0,35,United-States,0.6659796511969218,1
52,Private,123011,Some-college,10,Married-civ-spouse,Exec-managerial,Husband,White,Male,0,0,45,United-States,0.6656924446068702,0
49,Private,277946,Some-college,10,Married-civ-spouse,Exec-managerial,Husband,White,Male,0,0,50,United-States,0.6656195891265564,0
51,Private,259363,Some-college,10,Married-civ-spouse,Exec-managerial,Husband,White,Male,0,0,60,United-States,0.6656195891265564,0
47,Private,254367,Some-college,10,Married-civ-spouse,Exec-managerial,Husband,White,Male,0,0,50,United-States,0.6656195891265564,0
30,Private,149184,Bachelors,13,Married-civ-spouse,Exec-managerial,Husband,White,Male,0,0,45,United-States,0.6655109470314238,0
44,Local-gov,190020,Bachelors,13,Married-civ-spouse,Prof-specialty,Husband,White,Male,0,0,50,United-States,0.6654804075950498,0
35,Private,261382,Bachelors,13,Married-civ-spouse,Sales,Husband,White,Male,0,0,50,United-States,0.6654761520263169,0
37,Self-emp-inc,199265,Some-college,10,Married-civ-spouse,Exec-managerial,Husband,White,Male,0,0,50,United-States,0.6652794791950043,0
42,Local-gov,159931,Bachelors,13,Married-civ-spouse,Prof-specialty,Wife,White,Female,0,0,45,United-States,0.6652126079535483,0
42,Private,29320,Bachelors,13,Married-civ-spouse,Prof-specialty,Husband,White,Male,0,0,40,United-States,0.6651474174096095,0
34,?,353881,Assoc-voc,11,Married-civ-spouse,?,Husband,White,Male,3103,0,60,United-States,0.6650955395793215,0
43,Private,91209,Bachelors,13,Married-civ-spouse,Exec-managerial,Husband,White,Male,0,0,40,United-States,0.6648572389988845,0
45,Private,55720,Bachelors,13,Married-civ-spouse,Prof-specialty,Husband,White,Male,0,0,40,United-States,0.664853457411648,0
45,Private,175925,Some-college,10,Married-civ-spouse,Exec-managerial,Husband,White,Male,0,0,60,United-States,0.664690050872305,0
37,Self-emp-inc,126569,Bachelors,13,Married-civ-spouse,Craft-repair,Husband,White,Male,0,0,60,United-States,0.6645786515768835,0
40,Private,163455,Some-college,10,Married-civ-spouse,Tech-support,Husband,White,Male,0,0,55,United-States,0.6644511936391663,0
44,Federal-gov,251305,Assoc-acdm,12,Married-civ-spouse,Adm-clerical,Husband,White,Male,0,0,40,United-States,0.6644135390448344,0
42,Self-emp-not-inc,206066,Masters,14,Married-civ-spouse,Prof-specialty,Husband,White,Male,0,0,65,United-States,0.6641985831406639,0
40,Local-gov,243580,Bachelors,13,Married-civ-spouse,Prof-specialty,Husband,White,Male,0,0,48,United-States,0.6641114639708743,0
50,Self-emp-inc,132716,Some-college,10,Married-civ-spouse,Exec-managerial,Husband,White,Male,0,0,50,Germany,0.664096840348146,0
63,Private,221072,Bachelors,13,Married-civ-spouse,Craft-repair,Husband,White,Male,0,0,49,?,0.6639212354519911,0
60,State-gov,152711,Bachelors,13,Married-civ-spouse,Exec-managerial,Husband,White,Male,0,0,40,United-States,0.6639037369073013,0
53,Private,123429,Some-college,10,Married-civ-spouse,Exec-managerial,Husband,White,Male,0,0,60,United-States,0.6639002678685111,0
36,Private,153205,Bachelors,13,Married-civ-spouse,Prof-specialty,Husband,Asian-Pac-Islander,Male,0,0,45,?,0.663889513621626,1
41,Private,320744,Bachelors,13,Married-civ-spouse,Prof-specialty,Husband,White,Male,0,0,40,United-States,0.6638219880931392,0
31,Private,111567,Bachelors,13,Married-civ-spouse,Exec-managerial,Husband,White,Male,0,0,70,United-States,0.663800280049216,0
57,Self-emp-inc,42959,Bachelors,13,Married-civ-spouse,Sales,Wife,White,Female,0,0,40,United-States,0.6637655642147303,0
44,State-gov,244974,Bachelors,13,Married-civ-spouse,Protective-serv,Husband,White,Male,0,0,44,United-States,0.663744739566949,0
51,Federal-gov,293196,Some-college,10,Married-civ-spouse,Prof-specialty,Husband,White,Male,0,0,40,United-States,0.6635559361169246,0
51,Local-gov,155118,Masters,14,Married-civ-spouse,Prof-specialty,Wife,White,Female,0,0,70,United-States,0.6632560466648787,0
47,Self-emp-not-inc,109421,Bachelors,13,Married-civ-spouse,Exec-managerial,Husband,White,Male,0,0,50,United-States,0.6631102974413969,0
64,Private,292639,Some-college,10,Married-civ-spouse,Exec-managerial,Wife,White,Female,10566,0,35,United-States,0.6630056130433897,0
34,Local-gov,226296,Bachelors,13,Married-civ-spouse,Protective-serv,Husband,White,Male,0,0,40,United-States,0.6628928766495708,0
57,Private,375868,Masters,14,Married-civ-spouse,Adm-clerical,Husband,White,Male,0,0,40,United-States,0.6628121955795966,0
40,Private,29841,Bachelors,13,Married-civ-spouse,Adm-clerical,Wife,White,Female,0,0,40,United-States,0.6627184104389361,0
47,Private,386136,Assoc-acdm,12,Married-civ-spouse,Prof-specialty,Husband,White,Male,0,0,40,United-States,0.6625816339778756,0
51,Private,185283,Some-college,10,Married-civ-spouse,Exec-managerial,Husband,White,Male,0,0,45,United-States,0.662535115094797,0
45,Private,140644,Doctorate,16,Divorced,Prof-specialty,Not-in-family,White,Male,0,0,45,United-States,0.6624568377632116,0
51,Self-emp-inc,96062,Assoc-acdm,12,Married-civ-spouse,Sales,Husband,White,Male,0,0,60,United-States,0.6623211893836249,0
30,Private,167990,Prof-school,15,Married-civ-spouse,Prof-specialty,Husband,White,Male,0,0,60,United-States,0.6622815109213095,0
27,State-gov,553473,Bachelors,13,Married-civ-spouse,Protective-serv,Wife,Black,Female,0,0,48,United-States,0.6622698864203315,2
36,State-gov,183735,Masters,14,Married-civ-spouse,Prof-specialty,Husband,White,Male,0,0,40,United-States,0.6621946419133163,0
42,Private,127314,Bachelors,13,Married-civ-spouse,Tech-support,Husband,White,Male,0,0,45,United-States,0.6621804100689868,0
62,State-gov,162678,Bachelors,13,Married-civ-spouse,Exec-managerial,Husband,White,Male,0,0,40,United-States,0.6621477890445628,0
40,State-gov,31627,Bachelors,13,Married-civ-spouse,Exec-managerial,Wife,White,Female,0,0,20,United-States,0.6619728336585514,0
54,Private,37237,Bachelors,13,Married-civ-spouse,Prof-specialty,Husband,White,Male,0,0,40,United-States,0.661934057861739,0
39,Local-gov,301614,Assoc-voc,11,Married-civ-spouse,Protective-serv,Husband,White,Male,0,0,48,United-States,0.6619308315605118,0
53,Private,288020,Bachelors,13,Married-civ-spouse,Prof-specialty,Husband,Asian-Pac-Islander,Male,0,0,40,Japan,0.6618830650033513,1
31,State-gov,190305,Masters,14,Married-civ-spouse,Prof-specialty,Husband,White,Male,0,0,50,United-States,0.6618284244382721,0
41,Self-emp-inc,151089,Some-college,10,Married-civ-spouse,Exec-managerial,Husband,White,Male,0,0,50,United-States,0.6617855956948966,0
47,Private,304133,Some-college,10,Married-civ-spouse,Exec-managerial,Husband,White,Male,0,0,45,United-States,0.6617647270399202,0
33,Private,195576,HS-grad,9,Married-civ-spouse,Exec-managerial,Husband,White,Male,4386,0,60,United-States,0.661718872055269,0
35,Private,186126,Masters,14,Married-civ-spouse,Prof-specialty,Husband,White,Male,0,0,38,?,0.6617057630173189,1
36,Private,220585,Assoc-acdm,12,Married-civ-spouse,Exec-managerial,Husband,White,Male,0,0,50,United-States,0.6616425543056194,0
49,Self-emp-not-inc,126268,Bachelors,13,Married-civ-spouse,Craft-repair,Husband,White,Male,0,0,50,United-States,0.6616050295661312,0
30,Private,100734,Bachelors,13,Married-civ-spouse,Prof-specialty,Wife,White,Female,0,0,38,United-States,0.661601576233287,0
30,Private,143392,Bachelors,13,Married-civ-spouse,Adm-clerical,Wife,White,Female,0,0,40,United-States,0.6615856620638594,0
59,Local-gov,196013,Bachelors,13,Married-civ-spouse,Prof-specialty,Husband,White,Male,0,0,40,United-States,0.6615724465769807,0
50,Private,24013,Some-college,10,Married-civ-spouse,Exec-managerial,Husband,White,Male,0,0,84,United-States,0.661560948625617,0
50,Private,230951,Bachelors,13,Married-civ-spouse,Sales,Husband,White,Male,0,0,40,United-States,0.6615077550143327,0
42,State-gov,39586,Masters,14,Married-civ-spouse,Prof-specialty,Wife,White,Female,0,0,20,United-States,0.6614503607045004,0
27,Local-gov,230885,Bachelors,13,Married-civ-spouse,Protective-serv,Husband,White,Male,0,0,45,United-States,0.6612003700788582,0
60,Self-emp-not-inc,143932,Masters,14,Married-civ-spouse,Exec-managerial,Husband,White,Male,0,0,40,United-States,0.6611634843630997,0
37,Local-gov,108320,Bachelors,13,Married-civ-spouse,Tech-support,Husband,White,Male,0,0,45,United-States,0.6609399822697397,0
41,State-gov,75409,Bachelors,13,Married-civ-spouse,Prof-specialty,Wife,White,Female,0,0,40,United-States,0.6609065976931058,0
32,Private,473133,Masters,14,Married-civ-spouse,Prof-specialty,Husband,White,Male,0,0,40,United-States,0.6609036417690114,0
47,Private,120131,Bachelors,13,Married-civ-spouse,Sales,Husband,White,Male,0,0,40,United-States,0.6606914148020501,0
46,Private,123598,Bachelors,13,Married-civ-spouse,Sales,Husband,White,Male,0,0,40,United-States,0.6606914148020501,0
45,Private,84790,Bachelors,13,Married-civ-spouse,Prof-specialty,Husband,White,Male,0,0,55,United-States,0.6605683524113494,0
46,Federal-gov,140664,Some-college,10,Married-civ-spouse,Exec-managerial,Husband,White,Male,0,0,48,United-States,0.6605638252135052,0
48,Self-emp-inc,191277,Assoc-voc,11,Married-civ-spouse,Exec-managerial,Husband,White,Male,0,0,50,United-States,0.6605570453015468,0
38,Private,187847,Assoc-voc,11,Married-civ-spouse,Exec-managerial,Husband,White,Male,0,0,50,United-States,0.6605131962513838,0
54,Self-emp-not-inc,175804,Bachelors,13,Married-civ-spouse,Exec-managerial,Husband,White,Male,0,0,40,United-States,0.6604644202890256,0
34,Private,30673,Masters,14,Married-civ-spouse,Prof-specialty,Husband,White,Male,0,0,55,United-States,0.6604313146345032,0
48,Private,313925,Assoc-acdm,12,Married-civ-spouse,Prof-specialty,Wife,White,Female,0,0,30,United-States,0.660343856564342,0
46,Local-gov,192323,Some-college,10,Married-civ-spouse,Protective-serv,Husband,White,Male,0,0,38,United-States,0.6602990183945368,0
50,Private,226497,Some-college,10,Married-civ-spouse,Tech-support,Husband,White,Male,0,0,45,United-States,0.6602971330784153,0
50,Private,137253,Bachelors,13,Married-civ-spouse,Adm-clerical,Wife,White,Female,0,0,40,United-States,0.6602951156858861,0
61,Private,178312,Assoc-acdm,12,Married-civ-spouse,Exec-managerial,Husband,White,Male,0,0,42,United-States,0.6602254681635584,0
33,Self-emp-inc,201763,Bachelors,13,Married-civ-spouse,Sales,Husband,White,Male,0,0,50,United-States,0.6601945518894784,0
38,Private,80771,Bachelors,13,Married-civ-spouse,Prof-specialty,Wife,White,Female,0,0,40,United-States,0.6601364181758667,0
54,Local-gov,168553,Bachelors,13,Married-civ-spouse,Exec-managerial,Husband,White,Male,0,0,40,United-States,0.6601002652577577,0
36,Private,85272,Assoc-acdm,12,Married-civ-spouse,Prof-specialty,Wife,White,Female,0,0,30,United-States,0.6600824222953547,0
51,Private,199688,Some-college,10,Married-civ-spouse,Exec-managerial,Husband,White,Male,0,0,45,United-States,0.6599622256573724,0
49,Federal-gov,195437,Assoc-acdm,12,Married-civ-spouse,Adm-clerical,Husband,White,Male,0,0,60,United-States,0.6597630589221962,0
37,Private,233571,Assoc-voc,11,Married-civ-spouse,Tech-support,Wife,White,Female,0,0,37,United-States,0.6597612455426194,0
39,Private,286789,Bachelors,13,Married-civ-spouse,Exec-managerial,Husband,White,Male,0,0,40,United-States,0.6596342147478587,0
35,Private,193026,Bachelors,13,Married-civ-spouse,Sales,Husband,White,Male,0,0,45,United-States,0.6596334657874002,0
36,Private,214604,Bachelors,13,Married-civ-spouse,Sales,Husband,White,Male,0,0,42,United-States,0.6596334657874002,0
43,Self-emp-not-inc,145441,Prof-school,15,Married-civ-spouse,Prof-specialty,Husband,White,Male,0,0,30,United-States,0.6596217264540585,0
29,Private,383745,HS-grad,9,Married-civ-spouse,Machine-op-inspct,Husband,White,Male,0,1887,30,United-States,0.659419712962313,0
42,Self-emp-inc,161532,Bachelors,13,Married-civ-spouse,Craft-repair,Husband,Black,Male,0,0,60,United-States,0.6592765906804577,0
38,Local-gov,169104,Bachelors,13,Married-civ-spouse,Protective-serv,Husband,Asian-Pac-Islander,Male,0,0,40,Philippines,0.6592105604663606,1
49,Local-gov,59612,Masters,14,Married-civ-spouse,Prof-specialty,Husband,White,Male,0,0,40,United-States,0.6591757306218933,0
44,Private,156413,Some-college,10,Married-civ-spouse,Tech-support,Husband,White,Male,0,0,44,United-States,0.659092637350786,0
35,Private,292472,Doctorate,16,Married-civ-spouse,Prof-specialty,Husband,Asian-Pac-Islander,Male,0,0,40,Taiwan,0.658974697680896,1
34,Private,212781,Bachelors,13,Married-civ-spouse,Exec-managerial,Husband,White,Male,0,0,40,United-States,0.6589505892741107,0
36,Private,136343,Bachelors,13,Married-civ-spouse,Prof-specialty,Husband,White,Male,0,0,40,United-States,0.6588809658465591,0
63,Self-emp-not-inc,125178,Bachelors,13,Married-civ-spouse,Prof-specialty,Husband,White,Male,0,0,40,United-States,0.6584742943388104,0
36,Local-gov,95855,Masters,14,Married-civ-spouse,Prof-specialty,Wife,White,Female,0,0,60,United-States,0.6584251241617348,0
63,Local-gov,57674,Masters,14,Married-civ-spouse,Prof-specialty,Husband,White,Male,0,0,48,United-States,0.6583677397011547,0
28,State-gov,200775,Masters,14,Married-civ-spouse,Exec-managerial,Wife,White,Female,0,0,40,United-States,0.6583540504258766,0
41,Private,146659,Bachelors,13,Married-civ-spouse,Prof-specialty,Husband,White,Male,0,0,70,United-States,0.6583075265881149,0
44,Private,211531,Some-college,10,Married-civ-spouse,Exec-managerial,Husband,White,Male,0,0,50,United-States,0.65819373708113,0
34,Private,36385,Masters,14,Never-married,Prof-specialty,Not-in-family,White,Male,0,2258,50,United-States,0.6581366919981478,0
76,Private,124191,Masters,14,Married-civ-spouse,Exec-managerial,Husband,White,Male,0,0,40,United-States,0.6580314874079687,0
29,Private,185908,Bachelors,13,Married-civ-spouse,Exec-managerial,Husband,Black,Male,0,0,55,United-States,0.6580141135803114,1
34,Private,150324,Bachelors,13,Married-civ-spouse,Prof-specialty,Husband,White,Male,0,0,40,United-States,0.6578718599465233,0
29,State-gov,159782,Masters,14,Married-civ-spouse,Prof-specialty,Wife,White,Female,0,0,45,United-States,0.6577526965852548,0
28,Private,328949,Prof-school,15,Married-civ-spouse,Prof-specialty,Husband,White,Male,0,0,60,United-States,0.6577178527825887,0
41,Private,213019,Assoc-voc,11,Married-civ-spouse,Tech-support,Wife,White,Female,0,0,38,United-States,0.6577010571989682,0
50,Self-emp-not-inc,156951,Assoc-acdm,12,Married-civ-spouse,Machine-op-inspct,Husband,White,Male,3103,0,40,United-States,0.6576781467643368,0
37,State-gov,160402,Bachelors,13,Married-civ-spouse,Prof-specialty,Husband,White,Male,0,0,55,United-States,0.657576972483365,0
44,Private,203943,Bachelors,13,Married-civ-spouse,Exec-managerial,Husband,Black,Male,0,0,35,United-States,0.6575175615725407,0
42,Private,194636,Bachelors,13,Married-civ-spouse,Prof-specialty,Husband,White,Male,0,0,45,United-States,0.6575089402136343,0
43,State-gov,260960,Bachelors,13,Married-civ-spouse,Prof-specialty,Husband,White,Male,0,0,50,United-States,0.6574815013726241,0
33,Private,132601,Bachelors,13,Married-civ-spouse,Sales,Husband,White,Male,0,0,55,United-States,0.6573838929928921,0
32,Private,136480,Bachelors,13,Married-civ-spouse,Sales,Husband,White,Male,0,0,60,United-States,0.6573838929928921,0
59,Private,205759,Doctorate,16,Never-married,Prof-specialty,Not-in-family,White,Male,0,0,50,United-States,0.6572055791437859,0
34,Private,177675,Bachelors,13,Married-civ-spouse,Tech-support,Husband,White,Male,0,0,40,United-States,0.657173839114107,0
50,Private,209320,Bachelors,13,Married-civ-spouse,Sales,Husband,White,Male,0,0,40,United-States,0.6570297786414008,0
43,Federal-gov,56063,Bachelors,13,Married-civ-spouse,Sales,Husband,White,Male,0,0,60,United-States,0.6569281442543496,0
32,Private,212276,Bachelors,13,Married-civ-spouse,Prof-specialty,Husband,White,Male,0,0,60,United-States,0.656883539953003,0
38,Private,102945,Bachelors,13,Married-civ-spouse,Sales,Husband,White,Male,0,0,52,United-States,0.6568286048361807,0
50,Federal-gov,184007,Some-college,10,Married-civ-spouse,Adm-clerical,Husband,White,Male,0,0,40,United-States,0.6566376369569653,0
53,Federal-gov,170354,Some-college,10,Married-civ-spouse,Adm-clerical,Husband,White,Male,0,0,40,United-States,0.6566376369569653,0
45,Private,189564,Bachelors,13,Married-civ-spouse,Sales,Wife,White,Female,0,0,42,United-States,0.656487078548342,0
51,Private,197656,Some-college,10,Married-civ-spouse,Exec-managerial,Husband,White,Male,0,0,45,United-States,0.6564845546990554,0
46,Private,156926,Some-college,10,Married-civ-spouse,Exec-managerial,Husband,White,Male,0,0,60,United-States,0.6564845546990554,0
34,Private,164190,Bachelors,13,Married-civ-spouse,Exec-managerial,Husband,White,Male,0,0,40,United-States,0.6564487728695287,0
38,Private,296212,Bachelors,13,Married-civ-spouse,Craft-repair,Husband,White,Male,0,0,45,United-States,0.6564314323515308,0
47,Local-gov,37672,Bachelors,13,Married-civ-spouse,Prof-specialty,Wife,White,Female,0,0,45,United-States,0.656423505866075,0
34,Private,153326,Bachelors,13,Married-civ-spouse,Prof-specialty,Husband,White,Male,0,0,40,United-States,0.6564103540446075,0
50,Private,175804,Bachelors,13,Married-civ-spouse,Sales,Husband,White,Male,0,0,40,United-States,0.6562310777436515,0
32,Private,255885,Bachelors,13,Married-civ-spouse,Exec-managerial,Husband,White,Male,0,0,43,United-States,0.6561448381644235,0
50,Private,125417,Assoc-acdm,12,Married-civ-spouse,Exec-managerial,Wife,Black,Female,0,0,40,United-States,0.656096404893474,0
46,Private,415051,Some-college,10,Married-civ-spouse,Sales,Husband,Black,Male,0,0,60,United-States,0.6560861617633535,0
39,Private,160916,Assoc-acdm,12,Married-civ-spouse,Tech-support,Wife,White,Female,0,0,45,United-States,0.6559578442674723,0
40,Private,91959,Bachelors,13,Married-civ-spouse,Prof-specialty,Husband,White,Male,0,0,46,United-States,0.6557623816435916,0
37,Federal-gov,289653,HS-grad,9,Married-civ-spouse,Adm-clerical,Husband,White,Male,0,0,50,United-States,0.6554805410275244,0
57,Self-emp-not-inc,103948,Prof-school,15,Married-civ-spouse,Prof-specialty,Husband,White,Male,0,0,30,United-States,0.6554479983243752,0
37,Private,105021,Bachelors,13,Married-civ-spouse,Sales,Husband,White,Male,0,0,50,United-States,0.6552973757251477,0
52,Private,180195,Bachelors,13,Married-civ-spouse,Sales,Husband,White,Male,0,0,40,United-States,0.6551505665791489,0
51,Private,186303,Bachelors,13,Married-civ-spouse,Sales,Husband,White,Male,0,0,40,United-States,0.6551505665791489,0
35,Private,214816,Bachelors,13,Married-civ-spouse,Exec-managerial,Husband,White,Male,0,0,40,United-States,0.6551210090963816,0
49,State-gov,102308,Bachelors,13,Married-civ-spouse,Prof-specialty,Husband,White,Male,0,0,42,United-States,0.6551116241995921,0
49,Self-emp-not-inc,175622,Bachelors,13,Married-civ-spouse,Prof-specialty,Husband,White,Male,0,0,40,United-States,0.6550034009958953,0
35,Private,255191,Bachelors,13,Married-civ-spouse,Prof-specialty,Husband,White,Male,0,0,45,United-States,0.6549474209568278,0
59,Private,126677,Some-college,10,Married-civ-spouse,Exec-managerial,Husband,White,Male,0,0,50,United-States,0.6548873234356632,0
34,Private,384150,Bachelors,13,Married-civ-spouse,Exec-managerial,Husband,White,Male,0,0,40,United-States,0.654818425792498,0
41,Private,171615,Assoc-acdm,12,Married-civ-spouse,Tech-support,Husband,White,Male,0,0,45,United-States,0.6547723516460082,0
52,Private,159670,Assoc-acdm,12,Married-civ-spouse,Exec-managerial,Husband,White,Male,0,0,40,United-States,0.6547708687518415,0
53,Private,158746,Some-college,10,Married-civ-spouse,Tech-support,Husband,White,Male,0,0,40,United-States,0.6546945472935564,0
35,Private,185325,Bachelors,13,Married-civ-spouse,Prof-specialty,Husband,White,Male,0,0,50,United-States,0.6545189886033552,0
62,Private,160143,Prof-school,15,Married-civ-spouse,Prof-specialty,Husband,White,Male,0,0,30,United-States,0.6543057901844931,0
36,Private,393673,Assoc-acdm,12,Married-civ-spouse,Exec-managerial,Wife,White,Female,0,0,50,United-States,0.6542813650168221,0
51,Local-gov,349431,HS-grad,9,Married-civ-spouse,Craft-repair,Husband,White,Male,4386,0,40,United-States,0.6541063327544677,0
32,Private,44675,Doctorate,16,Married-civ-spouse,Prof-specialty,Husband,White,Male,0,0,65,United-States,0.6540902372940243,0
54,Private,391016,Bachelors,13,Married-civ-spouse,Sales,Husband,White,Male,0,0,40,United-States,0.6540673241910653,0
30,Local-gov,181091,Bachelors,13,Married-civ-spouse,Protective-serv,Husband,White,Male,0,0,40,United-States,0.6540608663208363,0
36,Federal-gov,51089,Bachelors,13,Married-civ-spouse,Adm-clerical,Husband,White,Male,0,0,50,United-States,0.6539875729316165,0
39,Private,22245,Bachelors,13,Married-civ-spouse,Prof-specialty,Not-in-family,White,Male,0,0,60,United-States,0.6539497097859325,0
53,Private,71772,Doctorate,16,Divorced,Prof-specialty,Not-in-family,White,Male,0,0,50,United-States,0.6537587943251902,0
54,State-gov,119565,Bachelors,13,Married-civ-spouse,Exec-managerial,Husband,White,Male,0,0,40,Puerto-Rico,0.6536794955585778,0
36,Private,120760,Masters,14,Married-civ-spouse,Prof-specialty,Husband,Asian-Pac-Islander,Male,0,0,40,China,0.6536772278790572,1
46,Private,268022,Bachelors,13,Married-civ-spouse,Sales,Husband,White,Male,0,0,40,United-States,0.6535962781148504,0
32,Private,132601,Bachelors,13,Married-civ-spouse,Prof-specialty,Husband,White,Male,0,0,50,United-States,0.6535677817980299,0
38,Local-gov,82880,Bachelors,13,Married-civ-spouse,Prof-specialty,Wife,White,Female,0,0,15,United-States,0.6535428603811693,0
36,Private,74791,Bachelors,13,Married-civ-spouse,Sales,Wife,White,Male,0,0,60,?,0.6532883468391835,0
63,Private,117473,Some-college,10,Married-civ-spouse,Prof-specialty,Husband,White,Male,4386,0,40,United-States,0.6532317552498282,0
22,Private,119592,Assoc-acdm,12,Never-married,Handlers-cleaners,Not-in-family,Black,Male,0,2824,40,?,0.6530717385974091,2
55,Private,342121,Some-college,10,Married-civ-spouse,Tech-support,Husband,White,Male,0,0,40,United-States,0.6530673512551896,0
28,Private,134566,Bachelors,13,Married-civ-spouse,Exec-managerial,Husband,White,Male,0,0,45,United-States,0.6530360156180998,0
45,Private,170846,Assoc-voc,11,Married-civ-spouse,Exec-managerial,Wife,White,Female,0,0,40,United-States,0.6530303857532763,0
56,Self-emp-inc,24127,Assoc-voc,11,Married-civ-spouse,Sales,Husband,White,Male,0,0,54,United-States,0.6529461981458662,0
60,State-gov,69251,Masters,14,Married-civ-spouse,Prof-specialty,Husband,Asian-Pac-Islander,Male,0,0,38,China,0.6528848405061208,1
53,Private,277471,Assoc-voc,11,Married-civ-spouse,Tech-support,Husband,White,Male,0,0,40,United-States,0.6525985534687377,0
53,Private,180439,Bachelors,13,Married-civ-spouse,Craft-repair,Husband,White,Male,0,0,40,United-States,0.6525962396140775,0
45,Local-gov,238386,Some-college,10,Married-civ-spouse,Protective-serv,Husband,White,Male,0,0,40,United-States,0.6525711299184059,0
46,Private,220269,Some-college,10,Married-civ-spouse,Tech-support,Husband,White,Male,0,0,40,United-States,0.6525618667952554,0
55,Local-gov,110490,Bachelors,13,Married-civ-spouse,Prof-specialty,Wife,White,Female,0,0,60,United-States,0.6524553821176595,0
32,Local-gov,100135,Bachelors,13,Married-civ-spouse,Prof-specialty,Wife,White,Female,0,0,35,United-States,0.652395585406173,0
55,Private,160362,Bachelors,13,Married-civ-spouse,Adm-clerical,Husband,White,Male,0,0,40,United-States,0.6523847989497232,0
56,Private,181220,Bachelors,13,Married-civ-spouse,Sales,Husband,White,Male,0,0,40,United-States,0.6523847989497232,0
34,Private,133122,Bachelors,13,Married-civ-spouse,Exec-managerial,Husband,White,Male,0,0,40,United-States,0.6522752882626557,0
48,Private,94342,Bachelors,13,Married-civ-spouse,Craft-repair,Husband,White,Male,0,0,55,United-States,0.6522461255203826,0
46,Self-emp-inc,285335,Some-college,10,Married-civ-spouse,Sales,Husband,White,Male,0,0,60,United-States,0.6520509555247606,0
44,Private,130126,Prof-school,15,Divorced,Prof-specialty,Not-in-family,White,Male,0,0,45,United-States,0.6520462121250432,0
34,Private,157747,Bachelors,13,Married-civ-spouse,Exec-managerial,Husband,White,Male,0,0,40,United-States,0.6519358245305393,0
35,Private,189092,Bachelors,13,Married-civ-spouse,Exec-managerial,Husband,White,Male,0,0,40,United-States,0.6519358245305393,0
31,Self-emp-not-inc,162442,Bachelors,13,Married-civ-spouse,Exec-managerial,Wife,White,Female,0,0,40,United-States,0.6519336865029368,0
37,Private,308691,Bachelors,13,Married-civ-spouse,Craft-repair,Husband,White,Male,0,0,45,United-States,0.6517586172509217,0
39,Private,272950,Bachelors,13,Married-civ-spouse,Craft-repair,Husband,White,Male,0,0,45,United-States,0.6517586172509217,0
73,Self-emp-not-inc,102510,7th-8th,4,Married-civ-spouse,Farming-fishing,Husband,White,Male,6418,0,99,United-States,0.651513962255854,3
60,Private,232618,Bachelors,13,Married-civ-spouse,Exec-managerial,Husband,White,Male,0,0,35,United-States,0.6515095289058181,0
46,Self-emp-not-inc,236852,Bachelors,13,Married-civ-spouse,Sales,Husband,White,Male,0,0,45,United-States,0.6514835388892933,0
52,Private,400004,Assoc-voc,11,Married-civ-spouse,Exec-managerial,Husband,White,Male,0,0,40,United-States,0.6514089505346984,0
46,Federal-gov,219293,HS-grad,9,Married-civ-spouse,Adm-clerical,Husband,Black,Male,0,0,80,United-States,0.6513704530812634,0
33,Self-emp-not-inc,58702,Assoc-voc,11,Married-civ-spouse,Prof-specialty,Wife,White,Female,3103,0,50,United-States,0.6513260544050969,0
55,Self-emp-not-inc,477867,Bachelors,13,Married-civ-spouse,Exec-managerial,Husband,White,Male,0,0,40,United-States,0.6512772206386604,0
42,Private,44402,Bachelors,13,Married-civ-spouse,Sales,Husband,White,Male,0,0,60,United-States,0.6512322547498266,0
48,Private,332465,Bachelors,13,Married-civ-spouse,Prof-specialty,Husband,White,Male,0,0,35,United-States,0.6509033355305432,0
29,Private,273051,Bachelors,13,Married-civ-spouse,Exec-managerial,Husband,White,Male,0,0,52,Yugoslavia,0.6507850945992393,0
34,Self-emp-inc,175761,Bachelors,13,Married-civ-spouse,Prof-specialty,Husband,White,Male,0,0,60,United-States,0.6507604826372217,0
41,Local-gov,32185,Masters,14,Married-civ-spouse,Exec-managerial,Husband,White,Male,0,0,40,United-States,0.6506861022654803,0
27,Private,144133,Bachelors,13,Married-civ-spouse,Exec-managerial,Other-relative,White,Male,0,0,50,United-States,0.6506578087392692,0
54,Self-emp-inc,119570,Assoc-acdm,12,Married-civ-spouse,Sales,Husband,White,Male,0,0,50,United-States,0.6506389899664015,0
39,Federal-gov,290321,Assoc-voc,11,Married-civ-spouse,Prof-specialty,Husband,White,Male,0,0,50,United-States,0.6506028728674208,0
47,Private,94809,Assoc-voc,11,Married-civ-spouse,Exec-managerial,Wife,White,Female,0,0,45,United-States,0.6505862354419862,0
70,Self-emp-not-inc,143833,Some-college,10,Married-civ-spouse,Exec-managerial,Husband,White,Male,0,2246,40,United-States,0.6505675720735016,0
59,Federal-gov,23789,HS-grad,9,Married-civ-spouse,Sales,Wife,White,Female,0,0,40,United-States,0.6505563311404768,0
34,Private,163110,Masters,14,Married-civ-spouse,Sales,Husband,White,Male,0,0,40,United-States,0.650293870660846,0
58,Self-emp-not-inc,31732,Bachelors,13,Married-civ-spouse,Exec-managerial,Husband,White,Male,0,0,50,United-States,0.6502110274907198,0
48,Self-emp-not-inc,317360,Bachelors,13,Married-civ-spouse,Prof-specialty,Wife,White,Female,0,0,20,United-States,0.6501329171560879,0
44,State-gov,166597,Masters,14,Married-civ-spouse,Adm-clerical,Husband,White,Male,0,0,40,United-States,0.6501149199955008,0
46,Local-gov,141944,Bachelors,13,Married-civ-spouse,Prof-specialty,Husband,White,Male,0,0,38,United-States,0.649738759555059,0
30,Local-gov,194740,Bachelors,13,Married-civ-spouse,Protective-serv,Husband,White,Male,0,0,40,United-States,0.6496575455680046,0
57,Federal-gov,414994,Some-college,10,Married-civ-spouse,Exec-managerial,Husband,White,Male,0,0,40,United-States,0.649644306521345,0
30,Private,111415,Bachelors,13,Married-civ-spouse,Exec-managerial,Husband,White,Male,0,0,45,United-States,0.6496274191793541,0
40,Self-emp-not-inc,406811,Some-college,10,Married-civ-spouse,Prof-specialty,Wife,White,Female,0,0,40,United-States,0.649511747661259,0
31,Self-emp-inc,114937,Bachelors,13,Married-civ-spouse,Exec-managerial,Husband,White,Male,0,0,55,United-States,0.649450558554181,0
47,Self-emp-inc,201699,Assoc-acdm,12,Married-civ-spouse,Exec-managerial,Husband,White,Male,0,0,50,United-States,0.6493656456628624,0
39,Private,121590,Some-college,10,Never-married,Prof-specialty,Not-in-family,Black,Male,4787,0,40,United-States,0.6493621204947677,0
50,State-gov,103063,Bachelors,13,Married-civ-spouse,Exec-managerial,Husband,White,Male,0,0,40,United-States,0.649356536332156,0
51,Private,84278,Bachelors,13,Married-civ-spouse,Prof-specialty,Husband,White,Male,0,0,55,United-States,0.6492672959208257,0
33,Private,198660,Bachelors,13,Married-civ-spouse,Sales,Husband,White,Male,0,0,50,United-States,0.6492172499469745,0
39,Private,257942,Bachelors,13,Married-civ-spouse,Sales,Husband,White,Male,0,0,60,United-States,0.6492120997504705,0
31,Private,156743,Masters,14,Married-civ-spouse,Sales,Husband,White,Male,0,0,76,United-States,0.6490885223006889,0
51,Private,237735,HS-grad,9,Married-civ-spouse,Handlers-cleaners,Husband,White,Male,3103,0,40,United-States,0.6490621988993341,0
54,Private,343242,Some-college,10,Married-civ-spouse,Exec-managerial,Husband,White,Male,0,0,44,United-States,0.6490543531290187,0
62,Private,94318,Bachelors,13,Married-civ-spouse,Prof-specialty,Husband,White,Male,0,0,50,United-States,0.6490461229419815,0
50,Self-emp-not-inc,186565,Bachelors,13,Married-civ-spouse,Sales,Husband,White,Male,0,0,50,United-States,0.6486239690847534,0
62,Self-emp-inc,197060,Assoc-voc,11,Married-civ-spouse,Exec-managerial,Husband,White,Male,0,0,50,United-States,0.6485932137941101,0
54,Self-emp-not-inc,200960,Bachelors,13,Married-civ-spouse,Sales,Husband,White,Male,0,0,50,United-States,0.6485651574847635,0
39,Private,306646,Assoc-acdm,12,Married-civ-spouse,Exec-managerial,Husband,White,Male,0,0,50,United-States,0.648439903483981,0
44,Self-emp-inc,121352,Some-college,10,Married-civ-spouse,Exec-managerial,Husband,White,Male,0,0,50,United-States,0.6484355353639297,0
44,Self-emp-inc,69333,Bachelors,13,Married-civ-spouse,Craft-repair,Husband,White,Male,0,0,50,United-States,0.6482771183519959,0
39,Private,206951,Bachelors,13,Married-civ-spouse,Prof-specialty,Husband,White,Male,0,0,40,United-States,0.6482637454666342,0
50,Private,305147,Bachelors,13,Married-civ-spouse,Craft-repair,Husband,White,Male,0,0,40,United-States,0.6481567125103846,0
42,Private,190543,Some-college,10,Married-civ-spouse,Tech-support,Wife,White,Female,0,0,40,United-States,0.6480566518142967,0
58,Local-gov,489085,Bachelors,13,Married-civ-spouse,Prof-specialty,Husband,Black,Male,0,0,40,United-States,0.6479758963790466,0
40,Private,114537,Assoc-voc,11,Married-civ-spouse,Exec-managerial,Husband,White,Male,0,0,50,United-States,0.647923943403548,0
43,Federal-gov,214541,Some-college,10,Married-civ-spouse,Exec-managerial,Husband,White,Male,0,0,40,United-States,0.6477992193450658,0
34,Private,108116,Bachelors,13,Married-civ-spouse,Prof-specialty,Husband,White,Male,0,0,50,United-States,0.647611255881529,0
50,Private,185407,Assoc-voc,11,Married-civ-spouse,Tech-support,Husband,White,Male,0,0,38,United-States,0.6475987908488804,0
32,Federal-gov,111567,Prof-school,15,Married-civ-spouse,Prof-specialty,Husband,White,Male,0,0,40,United-States,0.6475765677994367,0
58,Self-emp-not-inc,450544,Bachelors,13,Married-civ-spouse,Exec-managerial,Husband,White,Male,0,0,40,United-States,0.647516828249512,0
38,Private,383239,10th,6,Married-civ-spouse,Craft-repair,Husband,White,Male,3103,0,40,United-States,0.6474918063980288,0
42,Private,255847,HS-grad,9,Married-civ-spouse,Machine-op-inspct,Husband,White,Male,4386,0,48,United-States,0.6474758518334648,0
36,Private,176634,Bachelors,13,Married-civ-spouse,Sales,Wife,White,Female,0,0,35,United-States,0.647455043641198,0
54,Self-emp-not-inc,156800,Bachelors,13,Married-civ-spouse,Craft-repair,Husband,White,Male,0,0,50,United-States,0.6474035108169596,0
55,Private,193374,Some-college,10,Married-civ-spouse,Tech-support,Husband,White,Male,0,0,40,United-States,0.6473136744399504,0
46,State-gov,178686,Bachelors,13,Married-civ-spouse,Prof-specialty,Husband,White,Male,0,0,38,United-States,0.6472882842456429,0
53,Private,375134,Some-college,10,Married-civ-spouse,Sales,Husband,White,Male,0,0,60,United-States,0.6470374122040214,0
50,Private,400004,Some-college,10,Married-civ-spouse,Sales,Husband,White,Male,0,0,60,United-States,0.6470374122040214,0
28,Private,96020,Bachelors,13,Married-civ-spouse,Exec-managerial,Wife,White,Female,0,0,50,United-States,0.6469525645148152,0
38,Private,284166,Prof-school,15,Never-married,Prof-specialty,Not-in-family,White,Male,0,0,50,United-States,0.6469083486549135,0
50,Private,152810,Bachelors,13,Married-civ-spouse,Sales,Husband,White,Male,0,0,40,United-States,0.646855973666591,0
51,Private,124963,Bachelors,13,Married-civ-spouse,Sales,Husband,White,Male,0,0,40,United-States,0.646855973666591,0
59,Self-emp-not-inc,357943,Bachelors,13,Married-civ-spouse,Exec-managerial,Husband,White,Male,0,0,40,United-States,0.6466772750116241,0
29,Private,144592,Prof-school,15,Married-civ-spouse,Prof-specialty,Husband,White,Male,0,0,50,United-States,0.6466712214292,0
47,State-gov,148171,Doctorate,16,Divorced,Prof-specialty,Unmarried,White,Male,0,0,50,France,0.6466110018904012,0
52,Private,129177,Bachelors,13,Widowed,Other-service,Not-in-family,White,Female,0,2824,20,United-States,0.6465769231661518,2
44,Private,83237,Bachelors,13,Married-civ-spouse,Prof-specialty,Husband,White,Male,0,0,55,United-States,0.6465001965344684,0
39,Local-gov,113253,Bachelors,13,Married-civ-spouse,Prof-specialty,Wife,White,Female,0,0,50,United-States,0.6464538805009307,0
56,Private,125000,Bachelors,13,Married-civ-spouse,Adm-clerical,Husband,White,Male,0,0,40,United-States,0.6463132006606409,0
45,Self-emp-inc,204205,Some-college,10,Married-civ-spouse,Exec-managerial,Husband,White,Male,0,0,50,United-States,0.6461365629395468,0
45,Local-gov,54190,Masters,14,Married-civ-spouse,Prof-specialty,Husband,White,Male,0,0,50,United-States,0.6460829337815952,0
44,Private,205474,Bachelors,13,Married-civ-spouse,Sales,Husband,White,Male,0,0,40,United-States,0.6460210918801361,0
31,Private,234500,Bachelors,13,Married-civ-spouse,Adm-clerical,Wife,White,Female,0,0,40,United-States,0.6459884216676782,0
41,Private,55854,Bachelors,13,Married-civ-spouse,Prof-specialty,Husband,White,Male,0,0,56,United-States,0.6458849364680176,0
40,Self-emp-not-inc,199303,Bachelors,13,Married-civ-spouse,Prof-specialty,Husband,White,Male,0,0,40,United-States,0.645881184829273,0
32,Private,193042,Bachelors,13,Married-civ-spouse,Sales,Husband,White,Male,0,0,44,United-States,0.6458083363233389,0
41,Private,443508,Bachelors,13,Married-civ-spouse,Transport-moving,Husband,White,Male,0,0,48,Canada,0.6457297805229337,0
40,Private,237671,Some-college,10,Married-civ-spouse,Tech-support,Wife,White,Female,0,0,40,United-States,0.6456007970011571,0
40,Private,272960,Assoc-acdm,12,Married-civ-spouse,Tech-support,Husband,White,Male,0,0,42,United-States,0.6454498070955085,0
41,Local-gov,195897,Masters,14,Married-civ-spouse,Prof-specialty,Husband,White,Male,0,0,60,United-States,0.6454443379415714,0
62,Private,210142,Assoc-voc,11,Married-civ-spouse,Exec-managerial,Husband,White,Male,0,0,50,United-States,0.6453487932559033,0
50,Self-emp-inc,176751,Masters,14,Divorced,Exec-managerial,Not-in-family,White,Male,0,0,80,United-States,0.6453260219607595,0
32,Private,191856,Masters,14,Married-civ-spouse,Sales,Wife,White,Female,0,0,45,United-States,0.6452438551598415,0
46,Self-emp-inc,182655,Assoc-voc,11,Married-civ-spouse,Exec-managerial,Husband,White,Male,0,0,60,United-States,0.6451979448644193,0
45,State-gov,94754,Masters,14,Married-civ-spouse,Adm-clerical,Husband,White,Male,0,0,40,India,0.6451969404494913,0
29,Self-emp-inc,206903,Prof-school,15,Married-civ-spouse,Prof-specialty,Husband,White,Male,0,0,55,United-States,0.6451905318158446,0
39,Private,103456,Bachelors,13,Married-civ-spouse,Adm-clerical,Husband,White,Male,0,0,45,United-States,0.6451692700841068,0
49,Local-gov,184428,Masters,14,Married-civ-spouse,Adm-clerical,Husband,White,Male,0,0,40,United-States,0.6451548928253932,0
49,Self-emp-inc,330874,Some-college,10,Married-civ-spouse,Sales,Husband,White,Male,0,0,70,United-States,0.6451111624693151,0
36,Local-gov,380614,Bachelors,13,Married-civ-spouse,Adm-clerical,Wife,White,Female,0,0,35,Germany,0.6451101013203691,0
42,Federal-gov,33521,Bachelors,13,Married-civ-spouse,Prof-specialty,Husband,White,Male,0,0,40,United-States,0.6449968280928841,0
31,Private,110554,HS-grad,9,Married-civ-spouse,Machine-op-inspct,Wife,White,Female,4386,0,40,United-States,0.6449605370358911,0
41,Self-emp-not-inc,120539,Some-college,10,Married-civ-spouse,Machine-op-inspct,Husband,White,Male,3103,0,40,United-States,0.6449557777837771,0
39,Private,110713,Bachelors,13,Married-civ-spouse,Sales,Husband,White,Male,0,0,50,United-States,0.6448029651790287,0
34,Private,192002,Bachelors,13,Married-civ-spouse,Exec-managerial,Husband,White,Male,0,0,40,United-States,0.6447713214251142,0
46,Local-gov,267588,Bachelors,13,Married-civ-spouse,Prof-specialty,Wife,White,Female,0,0,70,United-States,0.6446355007129825,0
28,Private,444304,Bachelors,13,Married-civ-spouse,Tech-support,Husband,White,Male,0,0,40,United-States,0.6444878623572056,0
44,State-gov,175696,Bachelors,13,Married-civ-spouse,Exec-managerial,Husband,White,Male,0,0,40,United-States,0.644451604301007,0
58,Self-emp-inc,189933,Some-college,10,Married-civ-spouse,Exec-managerial,Husband,White,Male,0,0,65,United-States,0.6442014733225111,0
45,Private,112283,Bachelors,13,Married-civ-spouse,Sales,Husband,White,Male,0,0,55,United-States,0.6440178905048491,0
51,Private,163948,Assoc-voc,11,Married-civ-spouse,Tech-support,Husband,White,Male,0,0,40,United-States,0.6440028457361591,0
39,Private,401832,Some-college,10,Married-civ-spouse,Exec-managerial,Husband,White,Male,0,0,48,United-States,0.6439655635327057,0
29,Private,350162,Bachelors,13,Married-civ-spouse,Exec-managerial,Wife,White,Male,0,0,40,United-States,0.6439316955701666,0
43,Local-gov,293535,Bachelors,13,Married-civ-spouse,Prof-specialty,Husband,Black,Male,0,0,40,United-States,0.6439241996154988,0
38,Private,161141,Some-college,10,Married-civ-spouse,Tech-support,Husband,White,Male,0,0,45,United-States,0.6438331972229361,0
57,Local-gov,148509,Bachelors,13,Married-civ-spouse,Prof-specialty,Husband,Asian-Pac-Islander,Male,0,0,35,India,0.6437374974915292,1
59,Private,227856,Bachelors,13,Married-civ-spouse,Sales,Husband,White,Male,0,0,37,United-States,0.643663776414339,0
46,Local-gov,65535,Bachelors,13,Married-civ-spouse,Exec-managerial,Husband,White,Male,0,0,48,United-States,0.643524476801784,0
46,Self-emp-inc,62546,Doctorate,16,Separated,Prof-specialty,Not-in-family,White,Male,0,0,35,United-States,0.6435203527625104,0
65,Private,150095,Bachelors,13,Married-civ-spouse,Exec-managerial,Husband,White,Male,0,0,40,United-States,0.643518223274863,0
47,Private,120939,Some-college,10,Married-civ-spouse,Tech-support,Husband,White,Male,0,0,45,United-States,0.6434338059143766,0
53,Self-emp-inc,135643,Bachelors,13,Married-civ-spouse,Adm-clerical,Wife,Asian-Pac-Islander,Female,0,0,50,South,0.6434154254498707,2
57,Private,175942,Some-college,10,Married-civ-spouse,Exec-managerial,Husband,White,Male,0,0,50,United-States,0.6433613304158878,0
38,Private,182609,Bachelors,13,Married-civ-spouse,Sales,Husband,White,Male,0,0,50,Poland,0.6433578561188632,0
43,Federal-gov,192712,Some-college,10,Married-civ-spouse,Prof-specialty,Wife,White,Female,0,0,40,United-States,0.6432718760689238,0
30,Private,75167,Bachelors,13,Married-civ-spouse,Exec-managerial,Husband,White,Male,0,0,55,United-States,0.6432345854816477,0
36,Private,181382,Assoc-voc,11,Married-civ-spouse,Machine-op-inspct,Husband,White,Male,3103,0,40,United-States,0.6430722485982827,0
53,Local-gov,205005,Bachelors,13,Married-civ-spouse,Prof-specialty,Wife,White,Female,0,0,60,United-States,0.6430579830052894,0
41,Private,264663,Some-college,10,Separated,Prof-specialty,Own-child,White,Female,0,3900,40,United-States,0.6429681252904271,2
60,Self-emp-not-inc,187794,HS-grad,9,Married-civ-spouse,Transport-moving,Husband,White,Male,3103,0,60,United-States,0.6428697084420915,0
60,Self-emp-inc,181196,Some-college,10,Married-civ-spouse,Exec-managerial,Husband,White,Male,0,0,40,United-States,0.6427294732944732,0
32,Self-emp-inc,195447,Bachelors,13,Married-civ-spouse,Sales,Husband,White,Male,0,0,45,United-States,0.6426403139036493,0
42,Self-emp-inc,90693,Bachelors,13,Married-civ-spouse,Exec-managerial,Husband,White,Male,0,0,70,United-States,0.6426096529800598,0
55,Private,185436,Some-college,10,Married-civ-spouse,Exec-managerial,Husband,White,Male,0,0,70,United-States,0.6425848651782758,0
30,Private,226443,Bachelors,13,Married-civ-spouse,Sales,Husband,White,Male,0,0,50,United-States,0.6425776301533537,0
45,Local-gov,61885,Masters,14,Married-civ-spouse,Prof-specialty,Husband,White,Male,0,0,37,United-States,0.6425511963856751,0
32,Self-emp-inc,113543,Prof-school,15,Married-civ-spouse,Prof-specialty,Husband,White,Male,0,0,40,United-States,0.6424355258834877,0
55,Self-emp-not-inc,141807,Bachelors,13,Married-civ-spouse,Exec-managerial,Husband,White,Male,0,0,40,United-States,0.6422861853179989,0
59,Self-emp-inc,349910,Assoc-acdm,12,Married-civ-spouse,Craft-repair,Husband,White,Male,0,0,40,United-States,0.642102875945739,0
38,Private,81232,Bachelors,13,Married-civ-spouse,Exec-managerial,Husband,White,Male,0,0,40,?,0.6420689175309398,0
59,Self-emp-not-inc,104216,Prof-school,15,Married-civ-spouse,Sales,Husband,White,Male,0,0,25,United-States,0.6420233405209288,0
65,Self-emp-not-inc,223580,Some-college,10,Married-civ-spouse,Machine-op-inspct,Husband,White,Male,6514,0,40,United-States,0.6420131507566708,1
55,Self-emp-not-inc,185195,Bachelors,13,Married-civ-spouse,Exec-managerial,Husband,White,Male,0,0,40,United-States,0.6420080442364093,0
42,Local-gov,194417,Some-college,10,Married-civ-spouse,Protective-serv,Husband,White,Male,0,0,40,United-States,0.641969477393926,0
37,Private,32709,Bachelors,13,Married-civ-spouse,Tech-support,Wife,White,Female,0,0,40,United-States,0.6418671922473177,0
38,Private,105150,Bachelors,13,Married-civ-spouse,Prof-specialty,Husband,White,Male,0,0,45,United-States,0.6418047905628727,0
50,Private,92811,Bachelors,13,Married-civ-spouse,Tech-support,Husband,White,Male,0,0,40,United-States,0.6417703446951315,0
50,Private,196193,Bachelors,13,Married-civ-spouse,Craft-repair,Husband,White,Male,0,0,40,?,0.641322018140546,0
52,Private,174767,Some-college,10,Married-civ-spouse,Exec-managerial,Husband,White,Male,0,0,45,United-States,0.641287062935104,0
54,Private,170562,Some-college,10,Married-civ-spouse,Exec-managerial,Husband,White,Male,0,0,48,United-States,0.641287062935104,0
58,Local-gov,237879,Bachelors,13,Married-civ-spouse,Prof-specialty,Husband,White,Male,0,0,58,United-States,0.6411726206273374,0
42,Local-gov,227890,Bachelors,13,Married-civ-spouse,Exec-managerial,Husband,White,Male,0,1485,40,United-States,0.6410790689027255,0
61,Private,51385,Bachelors,13,Married-civ-spouse,Sales,Husband,White,Male,0,0,50,United-States,0.641059924676753,0
35,Private,105813,Bachelors,13,Married-civ-spouse,Prof-specialty,Husband,White,Male,0,0,48,United-States,0.6410438037994286,0
33,Private,236379,Bachelors,13,Married-civ-spouse,Sales,Husband,White,Male,0,0,45,United-States,0.6409221971063706,0
50,Local-gov,191130,Assoc-voc,11,Married-civ-spouse,Protective-serv,Husband,White,Male,0,0,40,United-States,0.640613745177009,0
56,Local-gov,216824,Prof-school,15,Married-civ-spouse,Adm-clerical,Husband,Asian-Pac-Islander,Male,0,0,40,Philippines,0.6405586863814631,1
56,Private,134286,Some-college,10,Married-civ-spouse,Exec-managerial,Husband,White,Male,0,0,45,United-States,0.6405381780198527,0
64,Federal-gov,341695,Some-college,10,Married-civ-spouse,Adm-clerical,Wife,White,Female,0,0,40,United-States,0.6405303983962536,0
52,Private,204447,HS-grad,9,Married-civ-spouse,Machine-op-inspct,Husband,White,Male,4386,0,40,United-States,0.6405225784808094,0
49,Private,94342,Bachelors,13,Married-civ-spouse,Craft-repair,Husband,White,Male,0,0,60,United-States,0.6403632407402042,0
51,Private,441637,HS-grad,9,Married-civ-spouse,Tech-support,Husband,White,Male,0,0,40,United-States,0.6403154384447346,0
45,Private,26502,Bachelors,13,Married-civ-spouse,Craft-repair,Husband,White,Male,0,0,72,United-States,0.6401958341601859,0
47,Self-emp-not-inc,84735,Masters,14,Married-civ-spouse,Prof-specialty,Wife,White,Female,0,0,20,United-States,0.6401525339530673,0
57,Private,206206,Bachelors,13,Married-civ-spouse,Sales,Husband,White,Male,0,0,40,United-States,0.6401152805093538,0
63,Private,339755,Bachelors,13,Married-civ-spouse,Prof-specialty,Husband,White,Male,0,0,50,?,0.6400564203341581,0
32,Private,313835,Masters,14,Married-civ-spouse,Prof-specialty,Husband,White,Male,0,0,40,United-States,0.6399801518782231,0
41,Self-emp-not-inc,223763,Masters,14,Married-civ-spouse,Craft-repair,Husband,White,Male,0,0,65,United-States,0.6399338119675685,0
45,Private,191098,Bachelors,13,Married-civ-spouse,Prof-specialty,Husband,Asian-Pac-Islander,Male,0,0,40,China,0.639791948595782,1
45,Local-gov,206459,Masters,14,Married-civ-spouse,Adm-clerical,Husband,White,Male,0,0,35,United-States,0.6397814870570648,0
40,Private,130760,Assoc-voc,11,Married-civ-spouse,Exec-managerial,Husband,White,Male,0,0,50,United-States,0.6397099223002295,0
32,State-gov,159247,Masters,14,Married-civ-spouse,Prof-specialty,Husband,White,Male,0,0,50,United-States,0.6397003930280017,0
54,Private,343242,Bachelors,13,Married-civ-spouse,Sales,Husband,White,Male,0,0,40,United-States,0.6396309962174569,0
46,Local-gov,165484,Assoc-acdm,12,Married-civ-spouse,Exec-managerial,Husband,White,Male,0,0,44,United-States,0.6396171116376776,0
38,Private,154568,Masters,14,Married-civ-spouse,Exec-managerial,Husband,Asian-Pac-Islander,Male,0,0,40,?,0.6396160699474939,1
51,Local-gov,152754,Bachelors,13,Married-civ-spouse,Adm-clerical,Husband,White,Male,0,0,40,United-States,0.6395603860224777,0
37,State-gov,348960,Bachelors,13,Married-civ-spouse,Prof-specialty,Husband,White,Male,0,0,36,United-States,0.639497852015141,0
52,Federal-gov,76131,Some-college,10,Married-civ-spouse,Exec-managerial,Wife,Asian-Pac-Islander,Female,0,0,40,United-States,0.6394828075121312,1
40,Local-gov,99679,Prof-school,15,Never-married,Exec-managerial,Not-in-family,White,Male,0,0,60,United-States,0.6393591596778334,0
43,Private,243580,Bachelors,13,Married-civ-spouse,Prof-specialty,Husband,White,Male,0,0,40,United-States,0.6393444690322018,0
50,Federal-gov,222020,HS-grad,9,Married-civ-spouse,Adm-clerical,Husband,White,Male,0,0,48,United-States,0.6393357174849563,0
58,State-gov,223400,Bachelors,13,Married-civ-spouse,Prof-specialty,Wife,White,Female,0,0,20,United-States,0.6393083246763606,0
59,State-gov,303176,Some-college,10,Married-civ-spouse,Exec-managerial,Husband,White,Male,0,2179,40,United-States,0.639269933043596,0
50,Self-emp-inc,287598,Some-college,10,Married-civ-spouse,Craft-repair,Husband,White,Male,0,0,70,United-States,0.6392656246243408,0
47,Self-emp-inc,127678,Some-college,10,Married-civ-spouse,Sales,Husband,White,Male,0,0,80,United-States,0.6392348451251381,0
44,Private,98779,10th,6,Married-civ-spouse,Machine-op-inspct,Husband,White,Male,4386,0,60,United-States,0.6388411214121609,0
34,Private,113530,Bachelors,13,Married-civ-spouse,Exec-managerial,Husband,White,Male,0,0,40,United-States,0.6384668304468206,0
33,Private,79923,Masters,14,Married-civ-spouse,Prof-specialty,Husband,White,Male,0,0,45,United-States,0.6382112037146507,0
60,Private,145995,Bachelors,13,Married-civ-spouse,Sales,Husband,White,Male,0,0,40,United-States,0.6381959834081277,0
56,Private,177271,Assoc-voc,11,Married-civ-spouse,Tech-support,Husband,White,Male,0,0,40,United-States,0.6378722399932903,0
43,State-gov,206139,Bachelors,13,Married-civ-spouse,Adm-clerical,Husband,White,Male,0,0,50,United-States,0.6377825878838916,0
44,Local-gov,203761,Bachelors,13,Married-civ-spouse,Prof-specialty,Husband,White,Male,0,0,40,United-States,0.6376240799319177,0
33,State-gov,400943,Masters,14,Married-civ-spouse,Prof-specialty,Husband,White,Male,0,0,50,United-States,0.6375414271857746,0
44,Private,125461,Bachelors,13,Married-civ-spouse,Sales,Husband,White,Male,0,0,40,United-States,0.6375117734930041,0
48,State-gov,353824,HS-grad,9,Married-civ-spouse,Protective-serv,Husband,White,Male,0,0,72,United-States,0.6373368737306042,0
67,Self-emp-not-inc,345236,Bachelors,13,Married-civ-spouse,Exec-managerial,Husband,White,Male,0,0,55,United-States,0.6373052421949879,0
60,Local-gov,259803,Bachelors,13,Married-civ-spouse,Prof-specialty,Wife,White,Female,0,0,45,United-States,0.6371251194597146,0
59,Private,59469,Masters,14,Married-civ-spouse,Tech-support,Husband,White,Male,0,0,40,Iran,0.6371049534090265,0
49,Self-emp-inc,246739,Some-college,10,Married-civ-spouse,Craft-repair,Husband,White,Male,0,0,45,United-States,0.6369929801753318,0
75,State-gov,113868,Doctorate,16,Married-civ-spouse,Prof-specialty,Husband,Black,Male,0,0,20,United-States,0.636958652323341,1
44,Private,157217,Assoc-acdm,12,Married-civ-spouse,Prof-specialty,Husband,White,Male,0,0,40,United-States,0.6369354095659594,0
51,Self-emp-not-inc,124963,Prof-school,15,Divorced,Prof-specialty,Not-in-family,White,Male,0,0,80,United-States,0.6369008936497326,0
46,Local-gov,216414,Some-college,10,Married-civ-spouse,Protective-serv,Husband,White,Male,0,0,40,United-States,0.636809396536655,0
40,Private,115932,Bachelors,13,Married-civ-spouse,Prof-specialty,Husband,White,Male,0,0,60,Ireland,0.6367449936024014,0
46,State-gov,248895,Bachelors,13,Married-civ-spouse,Exec-managerial,Husband,White,Male,0,0,40,United-States,0.6366612330367704,0
44,Self-emp-inc,116358,Bachelors,13,Married-civ-spouse,Sales,Husband,Asian-Pac-Islander,Male,0,0,50,?,0.6366240209642726,1
39,Private,53926,Bachelors,13,Married-civ-spouse,Prof-specialty,Husband,White,Male,0,0,40,United-States,0.6365608652044684,0
47,Private,102569,Bachelors,13,Married-civ-spouse,Adm-clerical,Husband,White,Male,0,0,40,United-States,0.6365205853689654,0
39,Private,216552,Masters,14,Married-civ-spouse,Adm-clerical,Husband,White,Male,0,0,40,United-States,0.6364988403678877,0
36,Private,96452,Bachelors,13,Married-civ-spouse,Prof-specialty,Husband,White,Male,0,0,45,United-States,0.6362534805257227,0
41,Self-emp-inc,120277,Bachelors,13,Married-civ-spouse,Exec-managerial,Husband,White,Male,0,0,40,?,0.6362403305846682,0
32,Federal-gov,127651,Bachelors,13,Married-civ-spouse,Prof-specialty,Husband,White,Male,0,0,40,United-States,0.6359797257288223,0
31,Private,54318,Bachelors,13,Married-civ-spouse,Exec-managerial,Husband,White,Male,0,0,50,United-States,0.635964716248212,0
38,State-gov,203628,Bachelors,13,Married-civ-spouse,Prof-specialty,Husband,White,Male,0,0,45,United-States,0.6358631389790265,0
36,Local-gov,171482,Some-college,10,Married-civ-spouse,Protective-serv,Husband,White,Male,0,0,56,United-States,0.635798471949175,0
62,Local-gov,76720,Bachelors,13,Married-civ-spouse,Prof-specialty,Wife,White,Female,0,0,40,United-States,0.6357756874977616,0
42,Local-gov,101593,Bachelors,13,Married-civ-spouse,Protective-serv,Husband,White,Male,0,0,42,United-States,0.6357174044933711,0
31,Private,182237,Assoc-acdm,12,Married-civ-spouse,Sales,Husband,White,Male,4386,0,45,United-States,0.6357091369487637,0
37,Private,280282,Assoc-voc,11,Married-civ-spouse,Tech-support,Wife,White,Female,0,0,24,United-States,0.6356078038465656,0
41,Federal-gov,153132,Bachelors,13,Married-civ-spouse,Prof-specialty,Husband,White,Male,0,0,38,United-States,0.6355096986648565,0
45,Private,241350,Assoc-acdm,12,Married-civ-spouse,Craft-repair,Husband,White,Male,0,0,45,United-States,0.6354751174054319,0
59,Private,158813,Some-college,10,Married-civ-spouse,Exec-managerial,Husband,White,Male,0,0,60,United-States,0.6354507281395547,0
45,Private,48495,Bachelors,13,Married-civ-spouse,Prof-specialty,Husband,White,Male,0,0,42,United-States,0.6354191769124835,0
45,Private,34127,Bachelors,13,Married-civ-spouse,Prof-specialty,Husband,White,Male,0,0,50,United-States,0.635409753984945,0
52,Self-emp-not-inc,63004,Masters,14,Married-civ-spouse,Exec-managerial,Husband,Asian-Pac-Islander,Male,0,0,40,Philippines,0.6353845832232421,1
31,Private,253354,Bachelors,13,Married-civ-spouse,Prof-specialty,Husband,White,Male,0,0,50,United-States,0.6353683772619595,0
39,State-gov,122353,Bachelors,13,Married-civ-spouse,Prof-specialty,Husband,White,Male,0,0,45,United-States,0.6352978391912356,0
31,Private,502752,Bachelors,13,Married-civ-spouse,Adm-clerical,Wife,White,Female,0,0,40,United-States,0.6352313641653625,0
56,Private,65325,Bachelors,13,Married-civ-spouse,Adm-clerical,Husband,White,Male,0,0,50,United-States,0.6351598781414475,0
44,Local-gov,56651,Bachelors,13,Married-civ-spouse,Exec-managerial,Husband,White,Male,0,0,52,United-States,0.6351445551325875,0
44,Private,207578,Bachelors,13,Married-civ-spouse,Prof-specialty,Husband,White,Male,0,0,35,United-States,0.6350242438741189,1
48,Self-emp-not-inc,160724,Bachelors,13,Married-civ-spouse,Exec-managerial,Husband,Asian-Pac-Islander,Male,0,0,40,Japan,0.6349661722623606,1
30,Local-gov,235271,Bachelors,13,Married-civ-spouse,Protective-serv,Husband,White,Male,0,0,40,United-States,0.6349595778529424,0
51,Local-gov,195844,Some-college,10,Married-civ-spouse,Protective-serv,Husband,White,Male,0,0,40,United-States,0.6348812025766507,0
32,Self-emp-inc,377836,Assoc-voc,11,Married-civ-spouse,Exec-managerial,Husband,White,Male,0,0,40,United-States,0.6346865951865766,0
31,Private,240283,Bachelors,13,Married-civ-spouse,Adm-clerical,Wife,White,Female,0,0,40,United-States,0.6346002759893711,0
40,Private,200574,Assoc-acdm,12,Married-civ-spouse,Tech-support,Husband,White,Male,0,0,44,United-States,0.634476243950862,0
61,Federal-gov,178312,Some-college,10,Married-civ-spouse,Prof-specialty,Husband,White,Male,0,0,40,United-States,0.6344195627974535,0
38,Private,607848,Bachelors,13,Married-civ-spouse,Sales,Husband,White,Male,0,0,40,United-States,0.6344026063358295,0
38,Private,809585,Bachelors,13,Married-civ-spouse,Sales,Husband,White,Male,0,0,40,United-States,0.6344026063358295,0
47,Self-emp-not-inc,145290,HS-grad,9,Married-civ-spouse,Exec-managerial,Husband,White,Male,0,2415,50,United-States,0.6343760090746684,0
45,Local-gov,182100,Bachelors,13,Married-civ-spouse,Sales,Husband,White,Male,0,0,40,United-States,0.6342129669378601,0
39,Private,297449,Bachelors,13,Married-civ-spouse,Prof-specialty,Husband,White,Male,0,0,40,United-States,0.6341337018793298,0
40,Private,277647,Bachelors,13,Married-civ-spouse,Prof-specialty,Husband,White,Male,0,0,40,United-States,0.6341337018793298,0
40,Private,347890,Bachelors,13,Married-civ-spouse,Prof-specialty,Husband,White,Male,0,0,40,United-States,0.6341337018793298,0
39,Local-gov,193815,Some-college,10,Married-civ-spouse,Protective-serv,Husband,White,Male,0,0,40,United-States,0.6340879538223939,0
36,Self-emp-not-inc,151322,Bachelors,13,Married-civ-spouse,Prof-specialty,Husband,White,Male,0,0,45,United-States,0.6340074731327245,0
59,Private,168569,Prof-school,15,Never-married,Prof-specialty,Not-in-family,White,Male,0,0,50,United-States,0.6337713580110219,0
42,Private,176286,Assoc-acdm,12,Married-civ-spouse,Exec-managerial,Husband,White,Male,0,0,40,United-States,0.6336998825659024,0
42,State-gov,341638,Bachelors,13,Married-civ-spouse,Prof-specialty,Husband,White,Male,0,0,40,United-States,0.6336380018567006,0
53,Private,200190,Assoc-acdm,12,Married-civ-spouse,Sales,Husband,White,Male,0,0,80,United-States,0.6336093640457157,0
41,Private,22201,Bachelors,13,Married-civ-spouse,Exec-managerial,Husband,Asian-Pac-Islander,Male,0,0,40,Japan,0.6335632769643431,1
50,Private,75472,HS-grad,9,Married-civ-spouse,Craft-repair,Husband,White,Male,4386,0,40,?,0.6334210549555788,0
61,Self-emp-not-inc,219183,Bachelors,13,Married-civ-spouse,Prof-specialty,Husband,White,Male,0,0,50,United-States,0.6333485914449445,0
34,Local-gov,177675,Bachelors,13,Married-civ-spouse,Exec-managerial,Husband,White,Male,0,0,55,United-States,0.6329471348718559,0
55,Private,110871,Bachelors,13,Married-civ-spouse,Sales,Husband,White,Male,0,0,40,United-States,0.6328408519990227,0
55,Private,101524,Bachelors,13,Married-civ-spouse,Sales,Husband,White,Male,0,0,40,United-States,0.6328408519990227,0
42,Private,303388,Some-college,10,Married-civ-spouse,Exec-managerial,Husband,White,Male,0,0,65,United-States,0.6327976252543916,0
33,Private,114691,Bachelors,13,Married-civ-spouse,Sales,Husband,White,Male,0,0,60,United-States,0.6324057988310103,0
42,Private,143046,Bachelors,13,Never-married,Prof-specialty,Not-in-family,White,Female,0,1564,38,United-States,0.6322972936491313,0
37,Private,292370,Bachelors,13,Married-civ-spouse,Prof-specialty,Husband,Other,Male,0,0,50,?,0.6317986855537899,2
34,Private,84154,Bachelors,13,Married-civ-spouse,Sales,Husband,White,Male,0,0,50,United-States,0.6312351843961225,0
41,Self-emp-not-inc,168098,Bachelors,13,Married-civ-spouse,Prof-specialty,Husband,White,Male,0,0,50,United-States,0.6311540030476605,0
54,Private,103345,Assoc-voc,11,Married-civ-spouse,Exec-managerial,Husband,White,Male,0,0,40,United-States,0.6311203877903924,0
50,?,123044,Masters,14,Married-civ-spouse,?,Husband,White,Male,0,0,60,United-States,0.6309854984282267,0
39,Private,216149,Prof-school,15,Divorced,Prof-specialty,Not-in-family,White,Male,0,0,70,United-States,0.6309791993976913,0
43,Self-emp-not-inc,240170,Bachelors,13,Married-civ-spouse,Exec-managerial,Husband,White,Male,0,0,50,Germany,0.6309054992661931,0
50,Self-emp-not-inc,203098,Bachelors,13,Married-civ-spouse,Exec-managerial,Husband,White,Male,0,0,35,United-States,0.6309027768628466,0
44,Private,203761,Some-college,10,Married-civ-spouse,Exec-managerial,Husband,White,Male,0,0,45,United-States,0.630887936436665,0
52,Local-gov,100226,Bachelors,13,Married-civ-spouse,Adm-clerical,Wife,White,Female,0,0,40,United-States,0.6308724241275137,0
55,Self-emp-inc,182273,Some-college,10,Married-civ-spouse,Sales,Husband,White,Male,0,0,40,United-States,0.6308312325459733,0
52,Self-emp-not-inc,334273,Bachelors,13,Married-civ-spouse,Prof-specialty,Husband,White,Male,0,0,60,United-States,0.6306967155294113,0
46,State-gov,193047,Bachelors,13,Married-civ-spouse,Prof-specialty,Husband,White,Male,0,0,37,United-States,0.6306869736760615,0
34,Private,287737,Some-college,10,Married-civ-spouse,Exec-managerial,Wife,White,Female,0,1485,40,United-States,0.6305379940832089,0
39,State-gov,152307,Bachelors,13,Married-civ-spouse,Prof-specialty,Husband,White,Male,0,0,40,United-States,0.6305045868627625,0
38,Local-gov,177305,Bachelors,13,Married-civ-spouse,Prof-specialty,Husband,White,Male,0,0,38,United-States,0.6305045868627625,0
57,Self-emp-inc,124137,Some-college,10,Married-civ-spouse,Exec-managerial,Husband,White,Male,0,0,40,United-States,0.6304356353965724,0
55,Private,255364,Some-college,10,Married-civ-spouse,Exec-managerial,Husband,White,Male,0,0,60,United-States,0.6303366657415188,0
47,Federal-gov,402975,Some-college,10,Married-civ-spouse,Exec-managerial,Husband,Black,Male,0,0,40,United-States,0.6302951504788193,0
63,Self-emp-not-inc,344128,Bachelors,13,Married-civ-spouse,Sales,Husband,White,Male,0,0,50,United-States,0.6302735672281626,0
46,Self-emp-inc,326048,Some-college,10,Married-civ-spouse,Exec-managerial,Husband,White,Male,0,0,40,United-States,0.630194115085323,0
51,Self-emp-inc,338836,Some-college,10,Married-civ-spouse,Exec-managerial,Husband,White,Male,0,0,40,United-States,0.630194115085323,0
63,Self-emp-not-inc,168048,Prof-school,15,Married-civ-spouse,Prof-specialty,Husband,White,Male,0,0,30,United-States,0.6301723732650527,0
47,Self-emp-not-inc,243631,Bachelors,13,Married-civ-spouse,Prof-specialty,Husband,Asian-Pac-Islander,Male,0,0,40,South,0.6301653413117915,1
44,State-gov,185832,Bachelors,13,Married-civ-spouse,Adm-clerical,Husband,White,Male,0,0,46,United-States,0.6301023742877231,0
30,Private,208043,Bachelors,13,Married-civ-spouse,Sales,Husband,White,Male,0,0,55,United-States,0.6299210360566472,0
69,Private,228921,Bachelors,13,Widowed,Prof-specialty,Not-in-family,White,Male,0,2282,40,United-States,0.6298668874481539,0
46,Private,102359,Some-college,10,Married-civ-spouse,Exec-managerial,Husband,White,Male,0,0,50,United-States,0.6296682432739391,0
54,Federal-gov,114674,Some-college,10,Married-civ-spouse,Exec-managerial,Husband,White,Male,0,0,40,United-States,0.6296324587712621,0
36,Private,226947,Bachelors,13,Married-civ-spouse,Prof-specialty,Husband,White,Male,0,0,40,United-States,0.6294730314070648,0
36,Private,210945,Bachelors,13,Married-civ-spouse,Prof-specialty,Husband,White,Male,0,0,40,United-States,0.6294730314070648,0
47,State-gov,118447,Bachelors,13,Married-civ-spouse,Prof-specialty,Husband,White,Male,0,0,60,United-States,0.6293957760460777,0
40,Self-emp-inc,49249,Bachelors,13,Married-civ-spouse,Exec-managerial,Husband,White,Male,0,0,50,United-States,0.6291284327246762,0
34,Private,37676,Bachelors,13,Married-civ-spouse,Sales,Husband,White,Male,0,0,50,United-States,0.6290181547665755,0
43,State-gov,126701,Bachelors,13,Married-civ-spouse,Exec-managerial,Husband,White,Male,0,0,35,United-States,0.6289301428109486,0
61,Private,162397,Bachelors,13,Married-civ-spouse,Sales,Husband,White,Male,0,0,40,United-States,0.6288694961924318,0
58,State-gov,109567,Doctorate,16,Married-civ-spouse,Prof-specialty,Husband,White,Male,0,0,1,United-States,0.6287587360137238,0
41,Private,202168,Some-college,10,Married-civ-spouse,Exec-managerial,Husband,White,Male,0,0,60,United-States,0.6287529629176549,0
32,Private,402089,Bachelors,13,Married-civ-spouse,Adm-clerical,Wife,White,Female,0,0,2,United-States,0.6285352338829187,0
40,Local-gov,166893,Bachelors,13,Married-civ-spouse,Protective-serv,Husband,Black,Male,0,0,40,United-States,0.6284834697855072,0
49,Private,54260,Bachelors,13,Married-civ-spouse,Prof-specialty,Husband,White,Male,0,0,40,United-States,0.6284796711633305,0
46,Private,70754,Bachelors,13,Married-civ-spouse,Prof-specialty,Husband,White,Male,0,0,40,United-States,0.6284796711633305,0
41,Self-emp-inc,32185,Bachelors,13,Married-civ-spouse,Tech-support,Husband,White,Male,0,0,40,United-States,0.6284520510189673,0
32,Private,37210,Bachelors,13,Married-civ-spouse,Exec-managerial,Husband,White,Male,0,0,45,United-States,0.6283828403601835,0
42,Private,413297,Some-college,10,Married-civ-spouse,Tech-support,Husband,White,Male,0,0,40,United-States,0.6283098153286701,0
68,Private,170376,Bachelors,13,Married-civ-spouse,Exec-managerial,Husband,White,Male,0,0,40,United-States,0.6282989765919544,0
44,Private,358199,Some-college,10,Married-civ-spouse,Sales,Husband,White,Male,0,0,45,United-States,0.6281383853799708,0
34,Private,97723,Bachelors,13,Married-civ-spouse,Prof-specialty,Husband,White,Male,0,0,40,United-States,0.6281373004929295,0
46,Private,149161,Some-college,10,Married-civ-spouse,Exec-managerial,Husband,Asian-Pac-Islander,Male,0,0,60,?,0.628029623869923,1
31,Local-gov,102130,Masters,14,Married-civ-spouse,Prof-specialty,Husband,White,Male,0,0,45,United-States,0.6277396140241985,0
36,Private,215392,Assoc-voc,11,Married-civ-spouse,Prof-specialty,Wife,White,Female,0,0,40,United-States,0.6275917289363157,0
40,Self-emp-inc,99185,Bachelors,13,Married-civ-spouse,Prof-specialty,Husband,White,Male,0,0,60,United-States,0.6275778387385317,0
39,Private,277886,Bachelors,13,Married-civ-spouse,Sales,Wife,White,Female,0,0,30,United-States,0.6275664653536723,0
44,Private,182616,Assoc-voc,11,Married-civ-spouse,Tech-support,Husband,White,Male,0,0,40,United-States,0.6275382524527716,0
41,Private,306405,Some-college,10,Married-civ-spouse,Tech-support,Wife,White,Female,0,0,40,United-States,0.6274530053683427,0
53,Self-emp-not-inc,321865,Prof-school,15,Divorced,Prof-specialty,Not-in-family,White,Male,0,0,60,United-States,0.6273987256231994,0
36,Self-emp-inc,337778,Some-college,10,Married-civ-spouse,Exec-managerial,Husband,White,Male,0,0,60,Yugoslavia,0.6273647266773911,0
39,Self-emp-inc,167482,Assoc-acdm,12,Married-civ-spouse,Exec-managerial,Husband,White,Male,0,0,50,United-States,0.6272632630563432,0
44,Federal-gov,280362,Assoc-acdm,12,Married-civ-spouse,Craft-repair,Husband,White,Male,0,0,40,United-States,0.6272598882264377,0
64,State-gov,111795,Bachelors,13,Married-civ-spouse,Craft-repair,Husband,White,Male,0,0,45,United-States,0.6272173291799524,0
32,Private,229732,Bachelors,13,Married-civ-spouse,Sales,Husband,White,Male,0,0,45,United-States,0.6270700143374996,0
36,Local-gov,359001,Some-college,10,Married-civ-spouse,Protective-serv,Husband,White,Male,0,0,48,United-States,0.6270037254067605,0
47,Private,138107,Bachelors,13,Divorced,Exec-managerial,Not-in-family,White,Male,0,2258,40,United-States,0.6268345214517791,0
30,Private,226665,Bachelors,13,Married-civ-spouse,Exec-managerial,Husband,Black,Male,0,0,42,United-States,0.6266717575140156,1
30,Local-gov,183000,Masters,14,Married-civ-spouse,Prof-specialty,Husband,White,Male,0,0,45,United-States,0.6266488811755551,0
43,Self-emp-not-inc,355856,Bachelors,13,Married-civ-spouse,Exec-managerial,Husband,Asian-Pac-Islander,Male,0,0,50,Philippines,0.6266362788969706,1
50,Private,151580,Assoc-acdm,12,Married-civ-spouse,Craft-repair,Husband,White,Male,0,0,45,United-States,0.6265055789725587,0
57,State-gov,290661,Doctorate,16,Divorced,Prof-specialty,Not-in-family,White,Male,0,0,60,United-States,0.6265009657871109,0
49,Self-emp-not-inc,111959,Bachelors,13,Married-civ-spouse,Exec-managerial,Husband,White,Male,0,0,60,Scotland,0.6264900298540219,0
41,Private,806552,Some-college,10,Married-civ-spouse,Sales,Husband,White,Male,0,0,50,United-States,0.626453843436705,0
34,State-gov,180871,Bachelors,13,Married-civ-spouse,Adm-clerical,Husband,White,Male,0,0,55,United-States,0.6262912206266715,0
35,Federal-gov,110188,Bachelors,13,Married-civ-spouse,Prof-specialty,Husband,Asian-Pac-Islander,Male,0,0,40,Vietnam,0.625991803386015,1
36,Private,209609,Bachelors,13,Married-civ-spouse,Prof-specialty,Husband,White,Male,0,0,38,United-States,0.6256642154456212,0
61,Private,716416,Some-college,10,Married-civ-spouse,Sales,Husband,White,Male,0,0,44,United-States,0.625535204505374,0
31,Private,162572,Bachelors,13,Married-civ-spouse,Exec-managerial,Husband,White,Male,0,0,40,United-States,0.6254585030805659,0
50,Self-emp-inc,160151,Some-college,10,Married-civ-spouse,Sales,Husband,White,Male,0,0,60,United-States,0.6250785878853639,0
41,Self-emp-not-inc,144002,Bachelors,13,Married-civ-spouse,Exec-managerial,Husband,White,Male,0,0,60,United-States,0.6250350923680409,0
39,Private,188503,Bachelors,13,Married-civ-spouse,Exec-managerial,Wife,White,Female,0,0,60,United-States,0.6250278515477298,0
29,Private,263005,Masters,14,Married-civ-spouse,Exec-managerial,Husband,White,Male,0,0,45,Germany,0.6249839230407643,0
35,Private,125933,Bachelors,13,Married-civ-spouse,Craft-repair,Husband,White,Male,0,0,50,United-States,0.6249138427101355,0
39,Private,271521,Bachelors,13,Married-civ-spouse,Prof-specialty,Husband,Asian-Pac-Islander,Male,0,0,48,Philippines,0.6248561966843118,1
35,Self-emp-not-inc,112271,Bachelors,13,Married-civ-spouse,Exec-managerial,Husband,White,Male,0,0,50,United-States,0.6248545797882484,0
57,Self-emp-inc,368797,HS-grad,9,Married-civ-spouse,Exec-managerial,Husband,White,Male,0,0,40,United-States,0.6248102456188099,0
43,Federal-gov,410867,Doctorate,16,Never-married,Prof-specialty,Not-in-family,White,Female,0,0,50,United-States,0.624731048885015,0
54,Private,159755,Some-college,10,Married-civ-spouse,Protective-serv,Husband,White,Male,0,0,40,United-States,0.624672770487489,0
32,State-gov,92003,Bachelors,13,Married-civ-spouse,Exec-managerial,Wife,White,Female,0,0,40,United-States,0.6244437727341648,0
29,Self-emp-inc,187450,Bachelors,13,Married-civ-spouse,Sales,Husband,White,Male,0,0,50,United-States,0.624308142076986,0
30,Private,186269,Bachelors,13,Married-civ-spouse,Tech-support,Husband,White,Male,0,0,40,United-States,0.6242290774095508,0
40,Private,224232,Bachelors,13,Married-civ-spouse,Sales,Husband,White,Male,0,0,40,United-States,0.6241527681613932,0
49,Private,225454,Assoc-acdm,12,Married-civ-spouse,Prof-specialty,Husband,White,Male,0,0,45,United-States,0.6239039213258721,0
34,State-gov,190290,Bachelors,13,Married-civ-spouse,Prof-specialty,Husband,White,Male,0,0,38,United-States,0.6237962146007374,0
33,Private,55291,Masters,14,Married-civ-spouse,Exec-managerial,Husband,White,Male,0,0,40,United-States,0.6237590585380643,0
42,Private,228320,Some-college,10,Married-civ-spouse,Tech-support,Husband,White,Male,0,0,50,United-States,0.6237261624661613,0
39,Self-emp-not-inc,190023,Bachelors,13,Married-civ-spouse,Sales,Husband,White,Male,0,0,60,United-States,0.6237170629335551,0
34,Local-gov,246104,Masters,14,Married-civ-spouse,Prof-specialty,Husband,Black,Male,0,0,40,United-States,0.6236680622324338,0
39,State-gov,318918,Bachelors,13,Married-civ-spouse,Exec-managerial,Husband,White,Male,0,0,40,United-States,0.6235783896315725,0
47,Private,191957,Bachelors,13,Married-civ-spouse,Sales,Husband,Black,Male,0,0,40,United-States,0.6234076888215916,1
48,Private,182566,Bachelors,13,Married-civ-spouse,Sales,Husband,Black,Male,0,0,40,United-States,0.6234076888215916,1
77,Private,83601,Prof-school,15,Married-civ-spouse,Exec-managerial,Husband,White,Male,0,0,40,United-States,0.6233859375731245,1
46,Private,78529,Bachelors,13,Married-civ-spouse,Tech-support,Husband,White,Male,0,0,60,United-States,0.6232906720353246,0
65,Private,113323,Bachelors,13,Married-civ-spouse,Exec-managerial,Husband,White,Male,0,0,40,United-States,0.6232292346288942,0
42,Self-emp-not-inc,101593,Bachelors,13,Married-civ-spouse,Exec-managerial,Husband,White,Male,0,0,60,United-States,0.6230844320575702,0
43,Private,184018,Assoc-acdm,12,Married-civ-spouse,Prof-specialty,Husband,White,Male,0,0,50,United-States,0.6230637869601593,0
31,Federal-gov,334346,Bachelors,13,Married-civ-spouse,Exec-managerial,Husband,White,Male,0,0,40,United-States,0.6230349094398617,0
41,Federal-gov,192589,Bachelors,13,Married-civ-spouse,Adm-clerical,Husband,White,Male,0,0,40,United-States,0.6230179897979584,0
29,Private,29732,Bachelors,13,Married-civ-spouse,Prof-specialty,Wife,White,Female,0,0,24,United-States,0.6229344403956257,0
45,Self-emp-inc,121836,Some-college,10,Married-civ-spouse,Prof-specialty,Wife,White,Female,0,0,40,?,0.6228959290402526,0
38,Self-emp-inc,125324,Some-college,10,Married-civ-spouse,Exec-managerial,Husband,White,Male,0,0,80,United-States,0.6228599176123577,0
44,Local-gov,433705,HS-grad,9,Married-civ-spouse,Protective-serv,Husband,White,Male,0,0,52,United-States,0.6226968086958297,0
42,Private,147251,Some-college,10,Married-civ-spouse,Prof-specialty,Wife,White,Female,0,0,36,United-States,0.622585012348892,0
49,Private,155489,Bachelors,13,Married-civ-spouse,Craft-repair,Husband,White,Male,0,0,40,United-States,0.6225318978765272,0
43,Private,178780,Some-college,10,Married-civ-spouse,Exec-managerial,Husband,White,Male,0,0,49,United-States,0.6223967958010399,0
38,Federal-gov,261241,Some-college,10,Married-civ-spouse,Adm-clerical,Husband,White,Male,0,0,45,United-States,0.6223607049623734,0
34,Private,106761,Bachelors,13,Married-civ-spouse,Sales,Husband,White,Male,0,0,45,United-States,0.6219628733709501,0
47,Self-emp-not-inc,121124,Bachelors,13,Married-civ-spouse,Sales,Husband,White,Male,0,0,40,United-States,0.6216630363690845,0
45,Private,36006,Bachelors,13,Married-civ-spouse,Craft-repair,Husband,White,Male,0,0,45,United-States,0.6215200502383632,0
32,Private,209691,Bachelors,13,Married-civ-spouse,Sales,Husband,White,Male,0,0,42,United-States,0.6213218160111766,0
50,Private,226735,Some-college,10,Married-civ-spouse,Protective-serv,Husband,Black,Male,0,0,70,United-States,0.6212876320493897,0
38,Local-gov,201410,Bachelors,13,Married-civ-spouse,Exec-managerial,Husband,White,Male,0,0,40,United-States,0.6209311723240092,0
49,Local-gov,276247,Some-college,10,Married-civ-spouse,Protective-serv,Husband,White,Male,0,0,40,United-States,0.6208773359400437,0
51,Private,123703,HS-grad,9,Married-civ-spouse,Machine-op-inspct,Husband,White,Male,4386,0,40,United-States,0.6207721718810604,0
31,Private,226443,Bachelors,13,Married-civ-spouse,Prof-specialty,Husband,White,Male,0,0,40,United-States,0.6206623344023247,0
30,Private,185027,Bachelors,13,Married-civ-spouse,Prof-specialty,Husband,White,Male,0,0,40,United-States,0.6206623344023247,0
30,Private,182771,Masters,14,Married-civ-spouse,Prof-specialty,Husband,Asian-Pac-Islander,Male,0,0,40,United-States,0.6206232726685894,1
36,Federal-gov,218542,Assoc-acdm,12,Married-civ-spouse,Adm-clerical,Wife,White,Female,0,0,40,United-States,0.6206145511793266,0
43,Self-emp-inc,33729,Bachelors,13,Married-civ-spouse,Sales,Husband,White,Male,0,0,45,United-States,0.6206015833893983,0
50,Local-gov,30008,Bachelors,13,Married-civ-spouse,Prof-specialty,Husband,White,Male,0,0,45,United-States,0.6204695883483821,0
42,Federal-gov,460214,Some-college,10,Married-civ-spouse,Adm-clerical,Husband,White,Male,0,0,40,United-States,0.6203839185452199,0
25,Private,258379,Bachelors,13,Married-civ-spouse,Prof-specialty,Wife,White,Female,0,0,32,United-States,0.6203005885703169,0
45,State-gov,35969,Masters,14,Married-civ-spouse,Prof-specialty,Husband,White,Male,0,0,60,United-States,0.6202788033387007,0
45,Federal-gov,98524,Assoc-acdm,12,Married-civ-spouse,Adm-clerical,Husband,White,Male,0,0,40,United-States,0.6201858402894774,0
37,Self-emp-not-inc,415847,Bachelors,13,Married-civ-spouse,Prof-specialty,Husband,White,Male,0,0,40,United-States,0.6200991433751619,0
43,Private,191196,Some-college,10,Married-civ-spouse,Exec-managerial,Husband,White,Male,0,0,55,United-States,0.6200633055664447,0
47,Self-emp-not-inc,180446,Some-college,10,Married-civ-spouse,Tech-support,Husband,Black,Male,0,0,40,United-States,0.6200627682263531,0
39,Self-emp-inc,188069,Assoc-voc,11,Married-civ-spouse,Exec-managerial,Husband,White,Male,0,0,60,United-States,0.6199859353727499,0
45,Federal-gov,155659,Some-college,10,Married-civ-spouse,Prof-specialty,Husband,White,Male,0,0,40,United-States,0.6199669527686255,0
42,Self-emp-not-inc,201522,Bachelors,13,Married-civ-spouse,Sales,Husband,White,Male,0,0,60,United-States,0.6199448117774626,0
31,Private,227146,Bachelors,13,Married-civ-spouse,Sales,Husband,White,Male,0,0,55,United-States,0.6199393102931129,0
44,Private,33155,Doctorate,16,Never-married,Prof-specialty,Not-in-family,White,Male,0,0,45,United-States,0.6199288336178724,0
42,Private,210275,Masters,14,Divorced,Tech-support,Unmarried,Black,Female,4687,0,35,United-States,0.6198366713855499,0
59,Private,91384,Bachelors,13,Married-civ-spouse,Adm-clerical,Husband,White,Male,0,0,40,United-States,0.6198284819011234,0
31,Private,145377,Bachelors,13,Married-civ-spouse,Sales,Husband,White,Male,0,0,60,United-States,0.6197714900266236,0
45,Private,338105,Bachelors,13,Married-civ-spouse,Adm-clerical,Husband,Asian-Pac-Islander,Male,0,0,40,Philippines,0.6197508629599237,1
69,Private,361561,Prof-school,15,Married-civ-spouse,Prof-specialty,Husband,White,Male,0,0,3,United-States,0.6197314396933225,0
61,Self-emp-inc,134768,Some-college,10,Married-civ-spouse,Sales,Husband,White,Male,0,0,40,United-States,0.6196582516863196,0
35,Private,308489,Bachelors,13,Married-civ-spouse,Sales,Husband,Black,Male,0,0,50,United-States,0.6195702282432427,0
52,Local-gov,153312,Assoc-acdm,12,Married-civ-spouse,Protective-serv,Husband,White,Male,0,0,40,United-States,0.6195021528743863,0
51,Private,104748,Some-college,10,Married-civ-spouse,Exec-managerial,Husband,White,Male,0,0,45,United-States,0.6194114680338785,0
44,Private,89172,Bachelors,13,Married-civ-spouse,Craft-repair,Husband,White,Male,0,0,50,United-States,0.6191266788705512,0
45,State-gov,187581,Assoc-voc,11,Married-civ-spouse,Protective-serv,Husband,White,Male,0,0,40,United-States,0.6190614411185673,0
49,Self-emp-inc,158685,HS-grad,9,Married-civ-spouse,Adm-clerical,Wife,White,Female,0,2377,40,United-States,0.618910472779675,0
59,Private,159008,Some-college,10,Married-civ-spouse,Protective-serv,Husband,White,Male,0,0,56,United-States,0.6188111136451891,0
63,Local-gov,379940,Bachelors,13,Married-civ-spouse,Prof-specialty,Husband,White,Male,0,0,40,United-States,0.6186105648706877,0
51,Federal-gov,27166,HS-grad,9,Married-civ-spouse,Tech-support,Husband,White,Male,0,0,40,United-States,0.6184734187619082,0
37,Federal-gov,289653,Some-college,10,Married-civ-spouse,Craft-repair,Husband,White,Male,0,0,40,United-States,0.6182977226880841,0
39,Local-gov,352628,Assoc-acdm,12,Married-civ-spouse,Craft-repair,Wife,White,Female,0,0,50,United-States,0.618163994673177,0
59,Private,246262,Some-college,10,Married-civ-spouse,Tech-support,Husband,White,Male,0,0,40,United-States,0.6180753442081512,0
55,Self-emp-inc,124137,Some-college,10,Married-civ-spouse,Sales,Husband,White,Male,0,0,40,United-States,0.6180707483918795,0
60,Federal-gov,63526,Bachelors,13,Married-civ-spouse,Adm-clerical,Husband,Black,Male,0,0,40,United-States,0.6180186353071087,1
47,Private,264052,Some-college,10,Married-civ-spouse,Prof-specialty,Husband,White,Male,0,0,50,United-States,0.6180101569415394,0
48,Private,101299,Assoc-acdm,12,Married-civ-spouse,Prof-specialty,Husband,White,Male,0,0,45,United-States,0.6179732578285783,0
32,Private,118551,Bachelors,13,Married-civ-spouse,Adm-clerical,Wife,White,Female,0,0,35,?,0.617939676233307,0
33,Private,37274,Bachelors,13,Married-civ-spouse,Prof-specialty,Husband,White,Male,0,0,65,United-States,0.6178499429317227,0
38,Self-emp-inc,206951,HS-grad,9,Married-civ-spouse,Exec-managerial,Husband,White,Male,0,0,65,United-States,0.6178498782107503,0
49,Self-emp-inc,306289,HS-grad,9,Married-civ-spouse,Exec-managerial,Husband,White,Male,0,0,40,United-States,0.6176864572295875,0
59,Private,147989,Some-college,10,Married-civ-spouse,Tech-support,Husband,White,Male,0,0,50,United-States,0.6175516396624163,0
49,Private,169711,Assoc-voc,11,Married-civ-spouse,Prof-specialty,Husband,White,Male,0,0,40,Germany,0.6174937507900743,0
53,Private,266529,Assoc-voc,11,Married-civ-spouse,Exec-managerial,Husband,White,Male,0,0,40,United-States,0.6174813391032777,0
52,Private,266138,Bachelors,13,Married-civ-spouse,Exec-managerial,Husband,White,Male,0,0,40,?,0.61720657151356,0
48,Self-emp-inc,213140,HS-grad,9,Married-civ-spouse,Exec-managerial,Husband,White,Male,0,0,80,United-States,0.6169924852985408,0
39,Local-gov,229651,Bachelors,13,Married-civ-spouse,Prof-specialty,Husband,White,Male,0,0,50,United-States,0.6169907575647645,0
36,Private,54229,Assoc-acdm,12,Married-civ-spouse,Exec-managerial,Wife,White,Female,0,0,37,United-States,0.6168829373415936,0
32,Private,200323,Prof-school,15,Never-married,Prof-specialty,Not-in-family,White,Male,0,0,60,United-States,0.6168736752620798,0
39,Federal-gov,232036,Some-college,10,Married-civ-spouse,Adm-clerical,Husband,White,Male,0,0,40,United-States,0.616831062274,0
42,Private,203393,Bachelors,13,Married-civ-spouse,Craft-repair,Wife,Black,Female,0,0,35,United-States,0.6168270210658484,0
53,Private,34368,Some-college,10,Married-civ-spouse,Exec-managerial,Husband,White,Male,0,0,45,United-States,0.616820203675331,0
64,State-gov,264544,Masters,14,Married-civ-spouse,Prof-specialty,Wife,White,Female,0,0,5,United-States,0.616799536347649,0
35,Private,189916,Bachelors,13,Married-civ-spouse,Sales,Wife,White,Female,0,0,30,United-States,0.6167914718721111,0
55,Federal-gov,146477,Some-college,10,Married-civ-spouse,Craft-repair,Husband,White,Male,0,0,45,United-States,0.6167132172307557,0
50,Self-emp-not-inc,219420,Doctorate,16,Divorced,Sales,Not-in-family,White,Male,0,0,64,United-States,0.6167003585203001,0
58,Federal-gov,497253,Bachelors,13,Married-civ-spouse,Exec-managerial,Husband,Black,Male,0,0,40,United-States,0.6166752368842437,0
32,Private,255424,Bachelors,13,Married-civ-spouse,Sales,Husband,White,Male,0,0,60,United-States,0.6166595809923345,0
45,Local-gov,102359,Bachelors,13,Married-civ-spouse,Prof-specialty,Husband,White,Male,0,0,37,United-States,0.6166586564728216,0
45,Local-gov,304973,HS-grad,9,Married-civ-spouse,Protective-serv,Husband,White,Male,0,0,78,United-States,0.6165312368359742,0
33,Private,139057,Masters,14,Married-civ-spouse,Tech-support,Husband,Asian-Pac-Islander,Male,0,0,50,United-States,0.6164017963581857,2
36,Private,138441,Assoc-acdm,12,Married-civ-spouse,Tech-support,Husband,White,Male,0,0,55,United-States,0.6163914461535419,0
50,Private,34067,Assoc-voc,11,Married-civ-spouse,Exec-managerial,Husband,White,Male,0,0,50,United-States,0.6163740602876857,0
29,Private,233168,Bachelors,13,Married-civ-spouse,Prof-specialty,Wife,White,Female,0,0,46,United-States,0.6161234366362413,0
45,Private,81132,Some-college,10,Married-civ-spouse,Tech-support,Husband,Asian-Pac-Islander,Male,0,0,55,United-States,0.6161017124429798,0
41,Private,159549,Bachelors,13,Married-civ-spouse,Sales,Husband,White,Male,0,0,40,United-States,0.616078149446531,0
48,Private,240231,Bachelors,13,Married-civ-spouse,Exec-managerial,Husband,Asian-Pac-Islander,Male,0,0,40,Japan,0.616045361171673,1
37,Self-emp-not-inc,103925,Bachelors,13,Married-civ-spouse,Sales,Wife,White,Female,0,0,50,United-States,0.6160255184299186,0
44,Self-emp-not-inc,163985,Prof-school,15,Married-civ-spouse,Prof-specialty,Husband,White,Male,0,0,32,United-States,0.6160023836294742,0
52,Self-emp-inc,561489,Masters,14,Divorced,Exec-managerial,Not-in-family,Black,Female,0,0,50,United-States,0.6159751717055141,1
38,Federal-gov,190895,Bachelors,13,Married-civ-spouse,Prof-specialty,Husband,White,Male,0,0,40,?,0.6159036160473471,0
34,Private,303867,Bachelors,13,Married-civ-spouse,Prof-specialty,Husband,White,Male,0,0,40,United-States,0.615717985608073,0
40,Private,349405,Assoc-voc,11,Married-civ-spouse,Prof-specialty,Wife,White,Female,0,0,36,United-States,0.615577169285748,0
43,Local-gov,193755,Bachelors,13,Married-civ-spouse,Prof-specialty,Husband,White,Male,0,0,40,United-States,0.6154564985960246,0
38,Local-gov,181721,Bachelors,13,Married-civ-spouse,Exec-managerial,Husband,Black,Male,0,0,40,United-States,0.6154192626572978,0
54,State-gov,249096,Assoc-voc,11,Married-civ-spouse,Protective-serv,Husband,White,Male,0,0,40,United-States,0.6153959591404949,0
57,Private,191983,Some-college,10,Married-civ-spouse,Protective-serv,Husband,White,Male,0,0,50,United-States,0.6153338528136297,0
54,Self-emp-not-inc,105010,Bachelors,13,Married-civ-spouse,Exec-managerial,Husband,White,Male,0,0,40,United-States,0.6152285241970649,0
38,Self-emp-inc,140854,Bachelors,13,Married-civ-spouse,Craft-repair,Husband,White,Male,0,0,50,United-States,0.6151800980130577,0
42,Local-gov,201495,Some-college,10,Married-civ-spouse,Protective-serv,Husband,White,Male,0,0,72,United-States,0.615072429192412,0
55,Private,105582,HS-grad,9,Married-civ-spouse,Handlers-cleaners,Husband,White,Male,3103,0,40,United-States,0.6150502439700067,0
43,Private,170214,Some-college,10,Married-civ-spouse,Exec-managerial,Husband,White,Male,0,0,50,United-States,0.615044943828582,0
28,Private,190525,Bachelors,13,Married-civ-spouse,Exec-managerial,Husband,White,Male,0,0,46,United-States,0.6150059475173111,0
59,Self-emp-not-inc,41258,Bachelors,13,Married-civ-spouse,Prof-specialty,Husband,White,Male,0,0,50,United-States,0.614933049301483,0
33,Private,246038,Bachelors,13,Married-civ-spouse,Prof-specialty,Husband,White,Male,0,0,40,United-States,0.6149132333082921,0
55,Private,308373,Some-college,10,Married-civ-spouse,Exec-managerial,Wife,White,Female,0,0,40,United-States,0.6148440784501527,0
40,Local-gov,303212,Bachelors,13,Married-civ-spouse,Prof-specialty,Husband,White,Male,0,0,40,United-States,0.6148240913167918,0
35,Private,108140,Bachelors,13,Married-civ-spouse,Exec-managerial,Husband,White,Male,0,0,40,United-States,0.6147993789089314,0
61,Private,219886,Some-college,10,Married-civ-spouse,Tech-support,Wife,White,Female,0,0,40,United-States,0.6146482676546017,0
52,Federal-gov,279337,HS-grad,9,Married-civ-spouse,Adm-clerical,Husband,White,Male,0,0,40,United-States,0.6142721510160853,0
66,Private,201197,Bachelors,13,Married-civ-spouse,Prof-specialty,Husband,White,Male,0,0,45,United-States,0.6141137926724336,0
45,Private,160647,Bachelors,13,Divorced,Adm-clerical,Unmarried,White,Female,4687,0,35,United-States,0.6141087752731147,0
27,Private,253814,Bachelors,13,Married-civ-spouse,Tech-support,Wife,White,Female,0,0,40,United-States,0.6140887024787411,0
45,Local-gov,127678,Assoc-voc,11,Married-civ-spouse,Protective-serv,Husband,White,Male,0,0,60,United-States,0.6139522266512325,0
49,Self-emp-inc,213354,Masters,14,Separated,Exec-managerial,Not-in-family,White,Male,0,0,70,United-States,0.613552352214273,0
31,Private,340880,Prof-school,15,Married-civ-spouse,Prof-specialty,Husband,White,Male,0,0,60,United-States,0.613503048431581,0
32,Local-gov,223267,Masters,14,Married-civ-spouse,Prof-specialty,Husband,White,Male,0,0,48,United-States,0.6133682265866124,0
44,Self-emp-inc,33126,Some-college,10,Married-civ-spouse,Exec-managerial,Husband,White,Male,0,0,80,United-States,0.6132760799230995,0
40,Private,285787,Assoc-acdm,12,Married-civ-spouse,Tech-support,Husband,White,Male,0,0,40,United-States,0.6130689926560267,0
67,?,174995,Some-college,10,Married-civ-spouse,?,Husband,White,Male,0,2457,40,United-States,0.6130178215604997,0
51,Self-emp-not-inc,276456,Assoc-acdm,12,Married-civ-spouse,Sales,Husband,White,Male,3103,0,30,United-States,0.6129701242834011,0
33,Private,196385,Masters,14,Married-civ-spouse,Prof-specialty,Husband,White,Male,0,0,37,United-States,0.6128561796000324,0
53,Private,238481,Assoc-voc,11,Married-civ-spouse,Exec-managerial,Husband,White,Male,0,1485,40,United-States,0.6125683818190055,0
40,Private,175696,Some-college,10,Married-civ-spouse,Exec-managerial,Husband,White,Male,0,0,45,United-States,0.6124294185233865,0
31,Private,129775,Bachelors,13,Married-civ-spouse,Sales,Husband,White,Male,0,0,65,United-States,0.6123760566753408,0
43,Private,37937,Masters,14,Divorced,Exec-managerial,Unmarried,White,Male,0,0,50,United-States,0.612367407269593,0
45,Private,192835,Some-college,10,Married-civ-spouse,Exec-managerial,Husband,White,Male,0,0,40,United-States,0.6122611037893108,0
52,Private,165681,Some-college,10,Married-civ-spouse,Exec-managerial,Husband,White,Male,0,0,40,United-States,0.6122611037893108,0
46,Private,164749,Some-college,10,Married-civ-spouse,Exec-managerial,Husband,White,Male,0,0,40,United-States,0.6122611037893108,0
32,Private,340940,Bachelors,13,Married-civ-spouse,Exec-managerial,Husband,White,Male,0,0,40,United-States,0.6122456806745372,0
35,Private,223514,Bachelors,13,Married-civ-spouse,Adm-clerical,Wife,Black,Female,0,0,40,United-States,0.6122097594372065,0
29,Private,200511,Bachelors,13,Married-civ-spouse,Sales,Husband,White,Male,0,0,50,United-States,0.6122048896325971,0
39,Self-emp-not-inc,122353,Bachelors,13,Married-civ-spouse,Exec-managerial,Husband,White,Male,0,0,40,United-States,0.6121765192741658,0
47,Local-gov,36169,Masters,14,Married-civ-spouse,Prof-specialty,Husband,White,Male,0,0,60,United-States,0.6120707589912362,0
31,Private,197672,Bachelors,13,Married-civ-spouse,Prof-specialty,Husband,White,Male,0,0,40,United-States,0.6119945667637756,0
40,Self-emp-not-inc,242082,Bachelors,13,Married-civ-spouse,Prof-specialty,Husband,White,Male,0,0,45,United-States,0.611844831532017,0
37,Local-gov,186035,Some-college,10,Married-civ-spouse,Tech-support,Husband,White,Male,0,0,45,United-States,0.6117530099282976,0
48,Private,55237,Bachelors,13,Married-civ-spouse,Craft-repair,Husband,White,Male,0,0,45,United-States,0.6116550645301927,0
43,Federal-gov,175669,Some-college,10,Married-civ-spouse,Adm-clerical,Wife,White,Female,0,0,40,United-States,0.6115843902228629,0
50,Private,485710,Doctorate,16,Divorced,Prof-specialty,Not-in-family,White,Female,0,0,50,United-States,0.6115752902338788,0
36,Federal-gov,112847,Bachelors,13,Married-civ-spouse,Prof-specialty,Husband,Asian-Pac-Islander,Male,0,0,40,United-States,0.6114574563251887,0
61,Self-emp-inc,156542,Prof-school,15,Separated,Prof-specialty,Not-in-family,White,Male,0,0,40,United-States,0.6113829129527915,0
40,Self-emp-not-inc,173716,Bachelors,13,Married-civ-spouse,Sales,Husband,White,Male,0,0,45,United-States,0.6113693607116034,0
57,Self-emp-inc,257200,Some-college,10,Married-civ-spouse,Exec-managerial,Husband,White,Male,0,0,40,United-States,0.6113433488083024,0
50,Federal-gov,172046,Some-college,10,Married-civ-spouse,Exec-managerial,Husband,White,Male,0,0,40,United-States,0.6113336880075247,0
47,Local-gov,140644,Some-college,10,Married-civ-spouse,Protective-serv,Husband,White,Male,0,0,40,United-States,0.6112604857037847,0
37,Federal-gov,187046,Some-college,10,Married-civ-spouse,Prof-specialty,Husband,White,Male,0,0,40,United-States,0.6112355206125153,0
51,Private,216475,Bachelors,13,Never-married,Sales,Not-in-family,White,Female,0,1564,43,United-States,0.6111763005531542,0
30,Federal-gov,314310,Bachelors,13,Married-civ-spouse,Prof-specialty,Husband,White,Male,0,0,40,United-States,0.6111713063619433,0
38,Private,31603,Bachelors,13,Married-civ-spouse,Craft-repair,Wife,White,Female,0,0,40,United-States,0.6111523401263355,0
32,Private,204742,Bachelors,13,Married-civ-spouse,Prof-specialty,Husband,White,Male,0,0,40,United-States,0.6110337681354908,0
32,Private,199416,Bachelors,13,Married-civ-spouse,Prof-specialty,Husband,White,Male,0,0,40,United-States,0.6110337681354908,0
32,Private,79586,Bachelors,13,Married-civ-spouse,Prof-specialty,Husband,Asian-Pac-Islander,Male,0,0,40,India,0.610999592568967,1
50,Self-emp-inc,219420,HS-grad,9,Married-civ-spouse,Sales,Husband,White,Male,0,0,50,United-States,0.6109924313327307,0
32,Private,263908,Bachelors,13,Married-civ-spouse,Prof-specialty,Husband,White,Male,0,0,40,United-States,0.6109678696691794,0
44,Private,227399,Assoc-voc,11,Married-civ-spouse,Exec-managerial,Husband,Black,Male,0,0,40,United-States,0.6109659429715794,0
44,Self-emp-inc,187720,Some-college,10,Married-civ-spouse,Sales,Husband,White,Male,0,0,50,United-States,0.6108712707748066,0
35,Local-gov,387777,Assoc-acdm,12,Married-civ-spouse,Protective-serv,Husband,White,Male,0,0,52,United-States,0.6107395413406448,0
32,Private,31740,Masters,14,Married-civ-spouse,Prof-specialty,Husband,Asian-Pac-Islander,Male,0,0,40,India,0.6106416611551825,1
34,Private,101345,Bachelors,13,Married-civ-spouse,Sales,Wife,White,Female,0,0,40,United-States,0.6104606130337017,0
74,Self-emp-inc,167537,Some-college,10,Married-civ-spouse,Exec-managerial,Husband,White,Male,0,0,35,United-States,0.610337354293381,0
56,Private,267652,Bachelors,13,Married-civ-spouse,Craft-repair,Husband,White,Male,0,0,40,United-States,0.6103283554804831,0
32,Private,164197,Bachelors,13,Married-civ-spouse,Craft-repair,Husband,White,Male,0,0,44,United-States,0.6103069114856411,0
46,Private,155489,Assoc-acdm,12,Married-civ-spouse,Craft-repair,Husband,White,Male,0,0,44,United-States,0.6103058685987501,0
37,Federal-gov,188069,Some-college,10,Married-civ-spouse,Adm-clerical,Husband,White,Male,0,0,40,Philippines,0.610280161416764,0
58,Self-emp-not-inc,35551,Bachelors,13,Married-civ-spouse,Exec-managerial,Husband,White,Male,0,0,70,United-States,0.6101665847437963,0
45,Private,88781,Bachelors,13,Married-civ-spouse,Craft-repair,Husband,White,Male,0,0,40,Germany,0.6101345778355955,0
46,Self-emp-inc,204928,Some-college,10,Married-civ-spouse,Sales,Husband,White,Male,0,0,40,United-States,0.6100141775016857,0
29,Federal-gov,360527,Masters,14,Married-civ-spouse,Prof-specialty,Husband,White,Male,0,0,40,United-States,0.6099061813999306,0
33,Local-gov,194901,Bachelors,13,Married-civ-spouse,Prof-specialty,Husband,White,Male,0,0,40,United-States,0.6097629957780701,0
56,Self-emp-not-inc,403072,Some-college,10,Married-civ-spouse,Craft-repair,Husband,White,Male,0,0,50,United-States,0.6095878441609184,0
50,Self-emp-not-inc,95949,Bachelors,13,Married-civ-spouse,Craft-repair,Husband,White,Male,0,0,50,United-States,0.6094639793117531,0
50,Self-emp-inc,120781,Bachelors,13,Married-civ-spouse,Sales,Husband,Asian-Pac-Islander,Male,0,0,60,South,0.6092668052015241,1
45,Self-emp-inc,281911,HS-grad,9,Married-civ-spouse,Craft-repair,Husband,White,Male,0,0,48,United-States,0.609174627290538,0
40,Self-emp-not-inc,107762,Bachelors,13,Married-civ-spouse,Exec-managerial,Husband,White,Male,0,0,45,United-States,0.609159485602348,0
34,State-gov,327902,Bachelors,13,Married-civ-spouse,Prof-specialty,Husband,White,Male,0,0,55,United-States,0.6091516402567667,0
41,Private,57233,Bachelors,13,Married-civ-spouse,Sales,Husband,White,Male,0,0,70,United-States,0.6091458366903444,0
40,Private,53835,Bachelors,13,Married-civ-spouse,Sales,Husband,White,Male,0,0,50,United-States,0.6091458366903444,0
32,Private,176998,Bachelors,13,Married-civ-spouse,Exec-managerial,Husband,White,Male,0,0,40,United-States,0.6091105152772,0
32,Private,200246,Bachelors,13,Married-civ-spouse,Exec-managerial,Husband,White,Male,0,0,40,United-States,0.6091105152772,0
59,Self-emp-not-inc,132925,Masters,14,Married-civ-spouse,Craft-repair,Husband,White,Male,0,0,40,United-States,0.609085205023263,0
30,Private,232356,Bachelors,13,Married-civ-spouse,Exec-managerial,Husband,White,Male,0,0,40,United-States,0.6090595568081828,0
31,Private,167319,Bachelors,13,Married-civ-spouse,Exec-managerial,Husband,White,Male,0,0,40,United-States,0.6090595568081828,0
29,Private,194940,Bachelors,13,Married-civ-spouse,Exec-managerial,Husband,White,Male,0,0,40,United-States,0.6090595568081828,0
31,Private,222654,Bachelors,13,Married-civ-spouse,Exec-managerial,Husband,White,Male,0,0,40,United-States,0.6090595568081828,0
34,Self-emp-not-inc,196791,Assoc-acdm,12,Married-civ-spouse,Prof-specialty,Wife,White,Female,0,0,25,United-States,0.6089182203186266,0
54,Private,165278,Some-college,10,Married-civ-spouse,Exec-managerial,Husband,White,Male,0,0,40,United-States,0.6088683049969633,0
31,Private,113838,Bachelors,13,Married-civ-spouse,Prof-specialty,Husband,White,Male,0,0,50,United-States,0.6087608835003973,0
49,Private,291783,Bachelors,13,Married-civ-spouse,Craft-repair,Husband,White,Male,0,0,40,United-States,0.6086928031532678,0
31,Local-gov,190401,Masters,14,Married-civ-spouse,Prof-specialty,Husband,White,Male,0,0,40,United-States,0.6085770891047286,0
48,Private,115585,Bachelors,13,Married-civ-spouse,Sales,Husband,White,Male,0,0,40,United-States,0.60855184654698,0
50,Private,221791,Assoc-acdm,12,Married-civ-spouse,Tech-support,Husband,Black,Male,0,0,40,United-States,0.6084387583834105,0
46,Federal-gov,332727,Some-college,10,Married-civ-spouse,Craft-repair,Husband,White,Male,0,0,40,United-States,0.6084338610663619,0
69,State-gov,50468,Prof-school,15,Married-civ-spouse,Adm-clerical,Husband,White,Male,0,0,34,United-States,0.608279660374875,0
36,Private,35309,Bachelors,13,Married-civ-spouse,Exec-managerial,Husband,White,Male,0,0,40,United-States,0.6081543530015127,0
36,Private,98389,Assoc-acdm,12,Married-civ-spouse,Exec-managerial,Husband,White,Male,0,0,44,United-States,0.6081307300880857,0
56,Self-emp-inc,258883,Some-college,10,Married-civ-spouse,Craft-repair,Husband,White,Male,0,0,40,United-States,0.6080644270502366,0
57,Private,158077,Bachelors,13,Married-civ-spouse,Sales,Wife,White,Female,0,0,40,United-States,0.6079247676919675,0
47,Private,408788,Assoc-voc,11,Married-civ-spouse,Prof-specialty,Husband,White,Male,0,0,40,United-States,0.6079088736739434,0
33,Private,159247,Bachelors,13,Married-civ-spouse,Prof-specialty,Husband,White,Male,0,0,40,United-States,0.6078982112034208,0
38,Private,423616,Assoc-voc,11,Married-civ-spouse,Tech-support,Wife,White,Female,0,0,36,United-States,0.6078552682957491,0
40,Private,104892,Bachelors,13,Married-civ-spouse,Tech-support,Husband,White,Male,0,0,40,United-States,0.6078214319127201,0
36,Private,24106,HS-grad,9,Married-civ-spouse,Craft-repair,Husband,White,Male,3103,0,40,United-States,0.6077618448863423,0
51,Federal-gov,254211,Masters,14,Widowed,Sales,Unmarried,White,Male,0,0,50,El-Salvador,0.6076686746838627,0
57,Self-emp-inc,51016,HS-grad,9,Married-civ-spouse,Exec-managerial,Husband,White,Male,0,0,60,United-States,0.6075670970404696,0
53,Self-emp-not-inc,88506,Bachelors,13,Married-civ-spouse,Prof-specialty,Husband,White,Male,0,0,40,United-States,0.6075334375508067,0
46,Private,229737,Bachelors,13,Married-civ-spouse,Sales,Husband,White,Male,0,0,50,India,0.6074760462257105,0
34,Local-gov,136331,Bachelors,13,Married-civ-spouse,Prof-specialty,Husband,White,Male,0,0,60,United-States,0.6074737996198823,0
45,Private,449354,Some-college,10,Married-civ-spouse,Exec-managerial,Husband,White,Male,0,0,40,United-States,0.607375071368865,0
42,Local-gov,55363,Masters,14,Married-civ-spouse,Prof-specialty,Husband,White,Male,0,0,55,United-States,0.6072752955997787,0
41,Private,221172,Bachelors,13,Married-civ-spouse,Craft-repair,Husband,White,Male,0,0,40,United-States,0.6072214842039343,0
57,State-gov,399246,Bachelors,13,Married-civ-spouse,Adm-clerical,Husband,Asian-Pac-Islander,Male,0,1485,40,China,0.6072051475104414,1
33,Private,188246,Bachelors,13,Married-civ-spouse,Exec-managerial,Husband,White,Male,0,0,40,United-States,0.6071617663299547,0
33,Private,182556,Bachelors,13,Married-civ-spouse,Exec-managerial,Husband,White,Male,0,0,40,United-States,0.6071617663299547,0
54,Self-emp-inc,98051,Some-college,10,Married-civ-spouse,Sales,Husband,White,Male,0,0,54,United-States,0.6071124731565847,0
68,Private,218637,Some-college,10,Married-civ-spouse,Sales,Husband,White,Male,0,2377,55,United-States,0.6069840640863499,0
31,Local-gov,149184,Bachelors,13,Married-civ-spouse,Protective-serv,Husband,White,Male,0,0,97,United-States,0.6069164983308748,0
40,Private,191342,Bachelors,13,Married-civ-spouse,Exec-managerial,Husband,Asian-Pac-Islander,Male,0,0,40,China,0.606790921163805,1
41,State-gov,222434,Assoc-acdm,12,Married-civ-spouse,Protective-serv,Husband,White,Male,0,0,40,United-States,0.6067333395965845,0
50,Private,112873,Bachelors,13,Married-civ-spouse,Sales,Husband,White,Male,0,0,40,United-States,0.6067284613044416,0
56,Private,92444,Some-college,10,Married-civ-spouse,Exec-managerial,Husband,Black,Male,0,0,50,United-States,0.6067040332839603,1
56,Federal-gov,255386,Some-college,10,Married-civ-spouse,Adm-clerical,Husband,Asian-Pac-Islander,Male,0,0,40,Laos,0.6067025029946077,1
33,Private,35378,Bachelors,13,Married-civ-spouse,Sales,Wife,White,Female,0,0,45,United-States,0.6066227335043679,0
58,Private,190997,Some-college,10,Married-civ-spouse,Exec-managerial,Husband,White,Male,0,0,40,United-States,0.6065697282643588,0
26,Private,184872,Bachelors,13,Married-civ-spouse,Exec-managerial,Wife,White,Female,0,0,55,United-States,0.6065046734973102,0
43,Private,171841,Bachelors,13,Married-civ-spouse,Sales,Husband,White,Male,0,0,40,United-States,0.6064340314075322,0
29,Local-gov,195520,Masters,14,Married-civ-spouse,Prof-specialty,Husband,White,Male,0,0,40,United-States,0.6062403710777461,0
32,Private,27051,Bachelors,13,Married-civ-spouse,Adm-clerical,Husband,White,Male,0,0,44,United-States,0.606194357693426,0
55,?,389479,Masters,14,Married-civ-spouse,?,Husband,White,Male,0,0,50,United-States,0.6060504350449443,0
31,Private,114937,Bachelors,13,Married-civ-spouse,Prof-specialty,Husband,White,Male,0,0,35,United-States,0.6059182744158322,1
45,Self-emp-inc,149865,Bachelors,13,Married-civ-spouse,Machine-op-inspct,Husband,White,Male,0,0,60,United-States,0.6058839023417889,0
35,Local-gov,331395,Assoc-voc,11,Married-civ-spouse,Protective-serv,Husband,White,Male,0,0,42,United-States,0.6057474779320955,0
37,Self-emp-inc,328466,Some-college,10,Married-civ-spouse,Exec-managerial,Husband,White,Male,0,0,50,United-States,0.6056964907378511,0
50,Private,187830,Masters,14,Divorced,Exec-managerial,Not-in-family,White,Male,0,0,62,United-States,0.6054678671634857,0
44,Federal-gov,239539,Bachelors,13,Married-civ-spouse,Adm-clerical,Husband,Asian-Pac-Islander,Male,0,0,40,Philippines,0.6053932945432036,1
40,Self-emp-not-inc,154076,Assoc-acdm,12,Married-civ-spouse,Exec-managerial,Husband,White,Male,0,0,60,United-States,0.6053544092893851,0
46,Private,42972,Masters,14,Married-civ-spouse,Prof-specialty,Wife,White,Female,0,0,22,United-States,0.6051908181031073,0
39,Private,138192,Bachelors,13,Married-civ-spouse,Craft-repair,Husband,White,Male,0,0,40,United-States,0.605174139698183,0
39,Private,176101,Bachelors,13,Married-civ-spouse,Craft-repair,Husband,White,Male,0,0,40,United-States,0.605174139698183,0
25,Private,253267,Some-college,10,Married-civ-spouse,Adm-clerical,Husband,Black,Male,0,1902,36,United-States,0.605120774285757,0
59,Local-gov,53304,Bachelors,13,Married-civ-spouse,Prof-specialty,Husband,White,Male,0,0,50,United-States,0.6051058222065016,0
52,Private,321959,Some-college,10,Married-civ-spouse,Tech-support,Husband,Black,Male,0,0,40,United-States,0.605065275143396,0
49,Self-emp-inc,197332,Some-college,10,Married-civ-spouse,Sales,Husband,White,Male,0,0,60,United-States,0.6050556367928155,0
55,Private,80445,Bachelors,13,Married-civ-spouse,Craft-repair,Husband,White,Male,0,0,40,United-States,0.6050242268837196,0
63,Self-emp-inc,189253,Some-college,10,Married-civ-spouse,Exec-managerial,Husband,White,Male,0,0,45,United-States,0.6050162708675797,0
53,Federal-gov,117847,Assoc-acdm,12,Married-civ-spouse,Adm-clerical,Husband,White,Male,0,0,40,United-States,0.6049994331859928,0
31,Private,263561,Masters,14,Married-civ-spouse,Exec-managerial,Husband,White,Male,0,0,40,United-States,0.6049989932766335,0
39,Private,132879,Some-college,10,Married-civ-spouse,Exec-managerial,Husband,White,Male,0,0,50,United-States,0.6048784423876135,0
37,Private,151764,Some-college,10,Married-civ-spouse,Exec-managerial,Husband,White,Male,0,0,50,United-States,0.6048784423876135,0
33,State-gov,357691,Masters,14,Married-civ-spouse,Protective-serv,Husband,Black,Male,0,0,40,United-States,0.6047908616355759,0
51,Private,159604,Some-college,10,Married-civ-spouse,Prof-specialty,Wife,White,Female,0,0,40,United-States,0.6047765435051456,0
43,Private,293176,Bachelors,13,Married-civ-spouse,Sales,Husband,White,Male,0,0,40,United-States,0.6046872836711062,0
43,Private,187322,Bachelors,13,Married-civ-spouse,Craft-repair,Husband,White,Male,0,0,40,United-States,0.6046847146728913,0
51,Private,146767,Assoc-voc,11,Married-civ-spouse,Prof-specialty,Husband,White,Male,0,0,40,United-States,0.6045713012471509,0
44,Private,202466,Some-college,10,Married-civ-spouse,Exec-managerial,Wife,White,Female,0,0,60,United-States,0.6044652567149139,0
42,Self-emp-not-inc,120539,Bachelors,13,Married-civ-spouse,Sales,Husband,White,Male,0,0,50,United-States,0.6042851737138605,0
44,Private,36271,Bachelors,13,Married-civ-spouse,Craft-repair,Husband,White,Male,0,0,40,United-States,0.6042438422263633,0
58,State-gov,198145,Bachelors,13,Married-civ-spouse,Adm-clerical,Husband,White,Male,0,0,35,United-States,0.6040749738370991,0
60,Self-emp-inc,123218,Some-college,10,Married-civ-spouse,Exec-managerial,Husband,White,Male,0,0,40,United-States,0.6039674032876332,0
40,Self-emp-not-inc,243636,Bachelors,13,Married-civ-spouse,Sales,Husband,White,Male,0,0,50,United-States,0.6038970988185982,0
54,Private,90363,Assoc-acdm,12,Married-civ-spouse,Exec-managerial,Husband,White,Male,0,0,40,United-States,0.6038921877893838,0
32,Private,127875,Bachelors,13,Married-civ-spouse,Tech-support,Wife,White,Female,0,0,40,United-States,0.6038441962249838,0
53,Self-emp-not-inc,263925,Bachelors,13,Married-civ-spouse,Sales,Husband,White,Male,0,0,40,Canada,0.6037801745714535,0
37,Private,182675,Some-college,10,Married-civ-spouse,Exec-managerial,Wife,White,Female,0,0,45,United-States,0.6035237180302018,0
45,Private,31339,Bachelors,13,Married-civ-spouse,Adm-clerical,Husband,White,Male,0,0,45,United-States,0.6035149888657905,0
32,State-gov,400132,Bachelors,13,Married-civ-spouse,Protective-serv,Husband,White,Male,0,0,40,United-States,0.6034237972008161,0
43,Private,124692,Bachelors,13,Married-civ-spouse,Sales,Husband,White,Male,0,0,40,United-States,0.6033991560431515,0
42,Private,33126,Assoc-acdm,12,Married-civ-spouse,Exec-managerial,Husband,White,Male,0,0,60,United-States,0.6033854843987502,0
38,Private,186325,Some-college,10,Married-civ-spouse,Exec-managerial,Wife,White,Female,0,0,38,United-States,0.6033838036777542,0
38,Private,359001,Assoc-voc,11,Married-civ-spouse,Prof-specialty,Husband,White,Male,0,0,42,United-States,0.6032570926825445,0
38,Private,209609,Some-college,10,Married-civ-spouse,Tech-support,Husband,White,Male,0,0,40,United-States,0.6032251375863558,0
36,Self-emp-inc,180477,Some-college,10,Married-civ-spouse,Exec-managerial,Husband,White,Male,0,0,50,United-States,0.6029437175471015,0
39,Local-gov,249392,Masters,14,Married-civ-spouse,Prof-specialty,Husband,White,Male,0,0,72,United-States,0.6029178595831496,0
48,Self-emp-inc,302612,Masters,14,Married-civ-spouse,Other-service,Husband,White,Male,0,0,40,United-States,0.6026833023947402,0
55,Federal-gov,31965,Some-college,10,Married-civ-spouse,Adm-clerical,Husband,White,Male,0,0,40,United-States,0.6026563817326407,0
51,Private,133461,Some-college,10,Married-civ-spouse,Exec-managerial,Husband,White,Male,0,0,40,United-States,0.6025012910300189,0
49,Local-gov,31267,Bachelors,13,Married-civ-spouse,Prof-specialty,Husband,White,Male,0,0,50,United-States,0.6024424450718189,0
54,State-gov,188809,Doctorate,16,Never-married,Exec-managerial,Not-in-family,White,Female,0,0,50,United-States,0.6023433977124589,0
38,Private,342448,Some-college,10,Married-civ-spouse,Exec-managerial,Husband,White,Male,0,0,55,United-States,0.6022086818095468,0
43,Private,273230,Some-college,10,Married-civ-spouse,Exec-managerial,Husband,White,Male,0,0,50,United-States,0.6021689774924749,0
44,Private,105862,Some-college,10,Married-civ-spouse,Exec-managerial,Wife,White,Female,0,0,70,United-States,0.602142260266012,0
58,Private,235624,Assoc-voc,11,Married-civ-spouse,Exec-managerial,Husband,White,Male,0,0,40,Germany,0.6020787409638881,0
41,Federal-gov,371382,Some-college,10,Married-civ-spouse,Exec-managerial,Husband,Black,Male,0,0,40,United-States,0.6019814318253259,0
51,Private,177727,Assoc-acdm,12,Married-civ-spouse,Craft-repair,Husband,White,Male,0,0,45,United-States,0.6017902851908773,0
43,Private,26915,Assoc-voc,11,Married-civ-spouse,Exec-managerial,Husband,White,Male,0,0,45,United-States,0.6017097345864333,0
30,State-gov,361497,Bachelors,13,Married-civ-spouse,Protective-serv,Husband,White,Male,0,0,72,United-States,0.6017046974914512,0
51,Private,124963,Assoc-acdm,12,Married-civ-spouse,Sales,Husband,White,Male,0,0,50,United-States,0.6016498541361278,0
28,Private,294936,Bachelors,13,Married-civ-spouse,Prof-specialty,Husband,White,Male,0,0,45,United-States,0.601623892408962,0
39,Private,176296,Assoc-acdm,12,Married-civ-spouse,Protective-serv,Husband,Black,Male,0,0,60,United-States,0.601381423893981,0
38,Private,165930,Some-college,10,Married-civ-spouse,Exec-managerial,Husband,White,Male,0,0,50,United-States,0.6013308159643593,0
65,Self-emp-inc,338316,Some-college,10,Married-civ-spouse,Sales,Husband,White,Male,0,0,40,United-States,0.6012565712280061,0
62,Federal-gov,258124,Masters,14,Married-civ-spouse,Adm-clerical,Husband,White,Male,0,0,40,Italy,0.6011725296901501,0
29,Private,162551,Masters,14,Married-civ-spouse,Prof-specialty,Wife,Asian-Pac-Islander,Female,0,0,40,Hong,0.6011580940405445,1
40,Private,150528,Bachelors,13,Married-civ-spouse,Adm-clerical,Husband,White,Male,0,0,40,United-States,0.6010454261802457,0
38,Private,180342,Bachelors,13,Married-civ-spouse,Adm-clerical,Husband,White,Male,0,0,40,United-States,0.6010454261802457,0
37,Private,188774,Bachelors,13,Married-civ-spouse,Adm-clerical,Husband,White,Male,0,0,40,United-States,0.6010454261802457,0
52,Private,48343,Assoc-voc,11,Married-civ-spouse,Exec-managerial,Husband,White,Male,0,0,40,United-States,0.6009917800692396,0
44,Private,222504,Some-college,10,Married-civ-spouse,Adm-clerical,Wife,White,Female,0,0,45,United-States,0.6009491422575736,0
38,Local-gov,409200,Some-college,10,Married-civ-spouse,Tech-support,Husband,White,Male,0,0,40,United-States,0.6008404455701493,0
39,Private,175681,Bachelors,13,Married-civ-spouse,Prof-specialty,Husband,Black,Male,0,0,60,?,0.60067312884078,0
61,Federal-gov,160155,Some-college,10,Married-civ-spouse,Exec-managerial,Husband,White,Male,0,0,40,United-States,0.6006707043522811,0
43,Private,306440,Prof-school,15,Never-married,Prof-specialty,Not-in-family,White,Male,0,0,66,France,0.6005522536276989,0
36,Self-emp-not-inc,202950,Bachelors,13,Married-civ-spouse,Exec-managerial,Husband,White,Male,0,0,50,Iran,0.6005299181239402,0
38,Local-gov,252250,Assoc-acdm,12,Married-civ-spouse,Protective-serv,Husband,White,Male,0,0,56,United-States,0.6003186520056251,0
35,Private,297574,Assoc-acdm,12,Married-civ-spouse,Exec-managerial,Husband,White,Male,0,0,99,United-States,0.6002487893131286,0
43,State-gov,52849,Bachelors,13,Married-civ-spouse,Prof-specialty,Husband,White,Male,0,0,40,United-States,0.6001580431446906,0
37,Private,251396,Assoc-acdm,12,Married-civ-spouse,Exec-managerial,Husband,White,Male,0,0,65,United-States,0.6000172286183115,0
57,Self-emp-inc,106103,Some-college,10,Married-civ-spouse,Tech-support,Husband,White,Male,0,0,60,United-States,0.5999463659707808,0
52,Private,110563,Some-college,10,Married-civ-spouse,Exec-managerial,Husband,White,Male,0,0,40,United-States,0.5997871941900276,0
58,Local-gov,294313,Some-college,10,Married-civ-spouse,Adm-clerical,Wife,Black,Female,0,0,55,United-States,0.599783118280046,0
43,Private,237993,Some-college,10,Married-civ-spouse,Tech-support,Husband,White,Male,0,0,40,United-States,0.5995447495066734,0
38,Private,326886,Assoc-voc,11,Married-civ-spouse,Exec-managerial,Husband,White,Male,0,0,45,United-States,0.5995152159031897,0
54,Private,319697,Some-college,10,Married-civ-spouse,Prof-specialty,Wife,White,Female,0,0,40,United-States,0.5995119254707462,0
58,Private,183810,Some-college,10,Married-civ-spouse,Exec-managerial,Husband,White,Male,0,0,40,United-States,0.5992734074766264,0
56,Private,143266,Some-college,10,Married-civ-spouse,Exec-managerial,Husband,White,Male,0,0,40,United-States,0.5992734074766264,0
47,Private,95680,Some-college,10,Married-civ-spouse,Exec-managerial,Husband,Asian-Pac-Islander,Male,0,0,40,United-States,0.5991975509929085,1
37,Private,176756,Some-college,10,Married-civ-spouse,Adm-clerical,Husband,Black,Male,0,1485,70,United-States,0.5991787373254672,0
37,Private,193815,Assoc-acdm,12,Married-civ-spouse,Prof-specialty,Husband,White,Male,0,0,45,United-States,0.5991168403246642,0
62,Private,155094,Assoc-voc,11,Married-civ-spouse,Exec-managerial,Wife,White,Female,0,0,45,United-States,0.5989823188900488,0
37,Local-gov,247750,Assoc-voc,11,Married-civ-spouse,Protective-serv,Husband,Black,Male,0,0,40,United-States,0.5988119892796513,0
38,Private,76317,Assoc-voc,11,Married-civ-spouse,Exec-managerial,Husband,White,Male,0,0,55,United-States,0.5985627944752645,0
38,Private,354739,Assoc-voc,11,Married-civ-spouse,Prof-specialty,Husband,Asian-Pac-Islander,Male,0,0,36,Philippines,0.5984433365964744,1
51,Self-emp-inc,46281,Some-college,10,Married-civ-spouse,Sales,Husband,White,Male,0,0,50,United-States,0.5983521324676779,0
38,Self-emp-inc,107909,Bachelors,13,Married-civ-spouse,Sales,Husband,White,Male,0,0,40,United-States,0.5982886330223717,0
31,Private,106437,Prof-school,15,Married-civ-spouse,Prof-specialty,Wife,White,Female,0,0,60,United-States,0.5980691176323144,0
36,Self-emp-not-inc,125933,Prof-school,15,Never-married,Prof-specialty,Not-in-family,White,Male,0,0,55,United-States,0.598045375235837,0
38,Private,140854,Bachelors,13,Married-civ-spouse,Tech-support,Husband,White,Male,0,0,40,United-States,0.598014896245867,0
30,Private,97521,Bachelors,13,Married-civ-spouse,Sales,Husband,White,Male,0,0,50,United-States,0.5978359780355333,0
41,State-gov,73199,Bachelors,13,Married-civ-spouse,Exec-managerial,Husband,Asian-Pac-Islander,Male,0,0,40,United-States,0.5978212690137232,0
43,Self-emp-inc,225165,HS-grad,9,Married-civ-spouse,Sales,Husband,White,Male,0,0,55,United-States,0.5975990622189837,0
41,Private,205153,Assoc-voc,11,Married-civ-spouse,Exec-managerial,Husband,White,Male,0,0,40,United-States,0.5975602161239825,0
45,Private,301802,Bachelors,13,Married-civ-spouse,Transport-moving,Husband,White,Male,0,0,50,United-States,0.5975011263580517,0
53,Private,346754,Some-college,10,Married-civ-spouse,Exec-managerial,Wife,White,Female,0,0,40,United-States,0.5974805905278352,0
37,Private,409189,Some-college,10,Married-civ-spouse,Craft-repair,Husband,White,Male,0,0,45,United-States,0.5974117571210166,0
39,Federal-gov,129573,Some-college,10,Married-civ-spouse,Adm-clerical,Husband,White,Male,0,0,50,United-States,0.5973174976658913,0
43,Self-emp-inc,240504,Some-college,10,Married-civ-spouse,Exec-managerial,Husband,White,Male,0,0,70,United-States,0.5973144761393052,0
37,Private,240810,Assoc-acdm,12,Married-civ-spouse,Craft-repair,Husband,White,Male,0,0,45,United-States,0.5973130810145578,0
39,Private,207185,Some-college,10,Married-civ-spouse,Exec-managerial,Wife,White,Female,0,0,35,Puerto-Rico,0.5972899958846796,0
31,Private,159123,Bachelors,13,Married-civ-spouse,Prof-specialty,Husband,White,Male,0,0,60,United-States,0.5972568704458503,0
39,State-gov,85566,Bachelors,13,Married-civ-spouse,Prof-specialty,Husband,White,Male,0,0,40,United-States,0.5972002811122257,0
37,Private,125167,Some-college,10,Married-civ-spouse,Exec-managerial,Husband,White,Male,0,0,60,United-States,0.5971889304274332,0
37,Private,126675,Some-college,10,Married-civ-spouse,Exec-managerial,Husband,White,Male,0,0,57,United-States,0.5971889304274332,0
41,Private,192107,Bachelors,13,Married-civ-spouse,Craft-repair,Husband,White,Male,0,0,40,United-States,0.5971864373033601,0
46,Local-gov,230979,Bachelors,13,Divorced,Prof-specialty,Not-in-family,White,Female,4787,0,25,United-States,0.5971713028251615,0
38,Private,183279,Some-college,10,Married-civ-spouse,Exec-managerial,Husband,White,Male,0,0,44,United-States,0.5970333949147062,0
47,Private,78529,Bachelors,13,Married-civ-spouse,Sales,Husband,White,Male,0,0,60,United-States,0.5968696096743578,0
27,Private,115945,Masters,14,Married-civ-spouse,Exec-managerial,Husband,White,Male,0,0,45,United-States,0.5968439438455705,0
49,Self-emp-inc,127111,HS-grad,9,Married-civ-spouse,Exec-managerial,Husband,White,Male,0,0,50,United-States,0.5968258809746955,0
38,Self-emp-not-inc,197365,HS-grad,9,Married-civ-spouse,Tech-support,Husband,White,Male,0,0,50,United-States,0.5967526576376755,0
38,Private,174242,Some-college,10,Married-civ-spouse,Tech-support,Husband,White,Male,0,0,40,United-States,0.596687396077681,0
45,Local-gov,86644,Bachelors,13,Married-civ-spouse,Prof-specialty,Wife,White,Female,0,0,55,United-States,0.5966435425473261,0
43,Private,33331,Bachelors,13,Married-civ-spouse,Sales,Husband,White,Male,0,0,55,United-States,0.5966412196845786,0
38,State-gov,112497,Bachelors,13,Married-civ-spouse,Protective-serv,Husband,White,Male,0,0,60,United-States,0.5965726056294001,0
49,Private,185385,Assoc-acdm,12,Married-civ-spouse,Sales,Husband,White,Male,0,0,45,United-States,0.5964589078570531,0
58,Private,238438,Some-college,10,Married-civ-spouse,Prof-specialty,Husband,White,Male,0,0,42,United-States,0.5964021875798886,0
47,Self-emp-inc,350759,HS-grad,9,Married-civ-spouse,Exec-managerial,Husband,White,Male,0,0,40,United-States,0.5963088505508122,0
31,Private,103435,Bachelors,13,Married-civ-spouse,Sales,Husband,White,Male,0,0,50,United-States,0.5962959549851876,0
41,Private,286970,Bachelors,13,Married-civ-spouse,Adm-clerical,Husband,White,Male,0,0,40,United-States,0.5962695486189085,0
49,Self-emp-not-inc,111066,Bachelors,13,Married-civ-spouse,Craft-repair,Husband,White,Male,0,0,50,United-States,0.5962470897010997,0
29,Self-emp-inc,241431,Doctorate,16,Married-civ-spouse,Prof-specialty,Husband,White,Male,0,0,35,United-States,0.5962040477929466,0
28,Private,435842,Bachelors,13,Married-civ-spouse,Exec-managerial,Husband,White,Male,0,0,40,United-States,0.5960601974686827,0
35,Private,31023,Bachelors,13,Married-civ-spouse,Sales,Husband,White,Male,0,0,45,United-States,0.5960118389214102,0
49,Private,296849,Some-college,10,Married-civ-spouse,Exec-managerial,Husband,White,Male,0,0,40,United-States,0.5957691310880855,0
47,Private,280798,Some-college,10,Married-civ-spouse,Exec-managerial,Husband,White,Male,0,0,40,United-States,0.5957691310880855,0
31,Private,574005,Bachelors,13,Married-civ-spouse,Craft-repair,Husband,White,Male,0,0,44,United-States,0.5957153201130883,0
28,Private,204074,Masters,14,Married-civ-spouse,Prof-specialty,Husband,White,Male,0,0,48,United-States,0.5956386108069831,0
28,Private,209205,Masters,14,Married-civ-spouse,Prof-specialty,Husband,White,Male,0,0,45,United-States,0.5956386108069831,0
46,Private,208872,Assoc-voc,11,Married-civ-spouse,Prof-specialty,Husband,White,Male,0,0,40,United-States,0.5956289186630189,0
70,Self-emp-inc,247383,Some-college,10,Married-civ-spouse,Exec-managerial,Husband,White,Male,0,0,40,United-States,0.5955539502346031,0
38,State-gov,462832,Some-college,10,Married-civ-spouse,Exec-managerial,Wife,Black,Female,0,0,40,Trinadad&Tobago,0.5953242827061082,0
49,Local-gov,215895,Masters,14,Married-civ-spouse,Adm-clerical,Husband,White,Male,0,0,40,Italy,0.5951181853318933,0
32,Private,316589,Bachelors,13,Married-civ-spouse,Exec-managerial,Husband,White,Male,0,0,40,United-States,0.5948419377073076,0
46,Private,91608,Bachelors,13,Married-civ-spouse,Adm-clerical,Husband,White,Male,0,0,40,United-States,0.5948382782354209,0
44,Private,184378,Assoc-voc,11,Married-civ-spouse,Exec-managerial,Husband,White,Male,0,0,40,United-States,0.5947302711025982,0
43,Private,240698,Bachelors,13,Married-civ-spouse,Adm-clerical,Husband,White,Male,0,0,40,United-States,0.5947178173488262,0
46,Private,224202,Some-college,10,Married-civ-spouse,Sales,Husband,White,Male,0,0,50,United-States,0.594572465611589,0
44,Federal-gov,113597,Some-college,10,Married-civ-spouse,Exec-managerial,Husband,White,Male,0,0,55,United-States,0.5945324393776943,0
31,Private,110643,Bachelors,13,Married-civ-spouse,Prof-specialty,Husband,White,Male,0,0,40,United-States,0.5944109847593659,0
53,State-gov,227392,Some-college,10,Married-civ-spouse,Protective-serv,Husband,White,Male,0,0,60,United-States,0.5941401811402175,0
47,Local-gov,171095,Assoc-acdm,12,Married-civ-spouse,Adm-clerical,Wife,White,Female,0,0,35,United-States,0.5938768124325653,0
33,Private,111363,Bachelors,13,Married-civ-spouse,Craft-repair,Husband,White,Male,0,0,45,United-States,0.5936659431249028,0
33,Private,194901,Assoc-voc,11,Separated,Craft-repair,Not-in-family,White,Male,0,2444,42,United-States,0.5936338021947214,0
54,Self-emp-inc,162439,HS-grad,9,Married-civ-spouse,Exec-managerial,Husband,White,Male,0,0,98,United-States,0.5934576210540582,0
34,State-gov,177331,Some-college,10,Married-civ-spouse,Prof-specialty,Husband,Black,Male,4386,0,40,United-States,0.5934317161069782,0
45,Private,252079,Some-college,10,Married-civ-spouse,Prof-specialty,Husband,White,Male,0,0,50,United-States,0.5933900308460079,0
35,Local-gov,204277,Bachelors,13,Married-civ-spouse,Prof-specialty,Husband,White,Male,0,0,40,United-States,0.5933570026577517,0
41,Local-gov,193524,Assoc-acdm,12,Married-civ-spouse,Tech-support,Husband,White,Male,0,0,40,United-States,0.5932087622996981,0
39,State-gov,176949,Assoc-acdm,12,Married-civ-spouse,Protective-serv,Husband,White,Male,0,0,52,United-States,0.5931802446536114,0
37,Private,189922,Assoc-acdm,12,Married-civ-spouse,Tech-support,Husband,White,Male,0,0,50,United-States,0.5931799072667577,0
34,Self-emp-not-inc,313729,Bachelors,13,Married-civ-spouse,Sales,Husband,White,Male,0,0,60,United-States,0.5931716336753516,0
36,Private,272944,Assoc-voc,11,Married-civ-spouse,Exec-managerial,Husband,White,Male,0,0,60,United-States,0.5931038212871271,0
47,Private,188195,Some-college,10,Married-civ-spouse,Prof-specialty,Husband,White,Male,0,0,40,United-States,0.5930978387208258,0
47,Private,199058,Some-college,10,Married-civ-spouse,Prof-specialty,Husband,White,Male,0,0,40,United-States,0.5930978387208258,0
45,Private,236040,Some-college,10,Married-civ-spouse,Prof-specialty,Husband,White,Male,0,0,40,United-States,0.5930978387208258,0
28,Private,132686,Bachelors,13,Married-civ-spouse,Exec-managerial,Husband,White,Male,0,0,55,United-States,0.5929923378096867,0
35,Private,206951,Masters,14,Married-civ-spouse,Sales,Husband,White,Male,0,0,40,United-States,0.592890019894987,0
30,Private,24292,Bachelors,13,Married-civ-spouse,Sales,Husband,White,Male,0,0,45,United-States,0.592784151596759,0
46,Private,325372,Some-college,10,Married-civ-spouse,Exec-managerial,Husband,White,Male,0,0,40,United-States,0.5923223384703658,0
43,Self-emp-not-inc,89636,Bachelors,13,Married-civ-spouse,Sales,Wife,Asian-Pac-Islander,Female,0,0,60,South,0.5922942560813447,2
45,Self-emp-inc,84324,Assoc-acdm,12,Married-civ-spouse,Prof-specialty,Husband,White,Male,0,0,50,United-States,0.5922901324063181,0
40,Self-emp-not-inc,325159,Some-college,10,Married-civ-spouse,Tech-support,Husband,White,Male,0,0,50,United-States,0.5922363384786985,0
34,Private,244147,Bachelors,13,Married-civ-spouse,Prof-specialty,Husband,White,Male,0,0,40,?,0.5922026497131974,0
42,Private,390781,Bachelors,13,Married-civ-spouse,Adm-clerical,Wife,Black,Female,0,0,40,United-States,0.5921866807235407,0
41,Local-gov,195258,Some-college,10,Married-civ-spouse,Protective-serv,Husband,White,Male,0,0,40,United-States,0.59195887619966,0
43,Private,124436,Some-college,10,Married-civ-spouse,Prof-specialty,Wife,White,Female,0,0,40,United-States,0.5919104471913426,0
45,Private,368561,HS-grad,9,Married-civ-spouse,Exec-managerial,Husband,White,Male,0,0,55,United-States,0.5918843504262066,0
36,State-gov,112074,Doctorate,16,Never-married,Prof-specialty,Not-in-family,White,Male,0,0,45,United-States,0.5917991000332259,0
48,Private,83444,Assoc-voc,11,Married-civ-spouse,Exec-managerial,Husband,White,Male,0,0,43,United-States,0.5917506643054808,0
33,Private,193285,Bachelors,13,Married-civ-spouse,Prof-specialty,Husband,White,Male,0,0,38,United-States,0.5914966646629041,0
42,State-gov,333530,Some-college,10,Married-civ-spouse,Exec-managerial,Wife,White,Female,0,0,40,United-States,0.591429776552132,0
38,Private,79619,Bachelors,13,Married-civ-spouse,Sales,Husband,White,Male,0,0,42,United-States,0.5914219684397788,0
50,Private,200960,Some-college,10,Married-civ-spouse,Sales,Husband,White,Male,0,0,50,United-States,0.5914068572696964,0
48,Private,187505,Some-college,10,Married-civ-spouse,Sales,Husband,White,Male,0,0,50,United-States,0.5914068572696964,0
50,Private,174655,Some-college,10,Married-civ-spouse,Sales,Husband,White,Male,0,0,45,United-States,0.5914068572696964,0
47,Private,191277,Some-college,10,Married-civ-spouse,Sales,Husband,White,Male,0,0,50,United-States,0.5914068572696964,0
41,Federal-gov,356934,Some-college,10,Married-civ-spouse,Prof-specialty,Husband,White,Male,0,0,44,United-States,0.5913539447044535,0
27,Private,214702,Prof-school,15,Married-civ-spouse,Prof-specialty,Husband,White,Male,0,0,42,United-States,0.5912716478560202,0
28,Private,183155,Bachelors,13,Married-civ-spouse,Prof-specialty,Husband,White,Male,0,0,55,United-States,0.5912685655020775,0
34,State-gov,253121,Bachelors,13,Married-civ-spouse,Prof-specialty,Husband,White,Male,0,0,40,United-States,0.5911460722829373,0
41,State-gov,144928,Bachelors,13,Married-civ-spouse,Prof-specialty,Husband,White,Male,0,0,40,United-States,0.5911335914316475,0
54,Private,194580,Assoc-voc,11,Married-civ-spouse,Sales,Husband,White,Male,0,0,50,United-States,0.5910655053030255,0
44,Private,226129,Assoc-voc,11,Married-civ-spouse,Prof-specialty,Husband,White,Male,0,0,50,United-States,0.5909966936551089,0
54,Self-emp-not-inc,310774,Bachelors,13,Married-civ-spouse,Sales,Husband,White,Male,0,0,40,United-States,0.590989931199564,0
38,Private,270985,Some-college,10,Married-civ-spouse,Exec-managerial,Husband,Black,Male,0,0,50,United-States,0.5909226821956207,1
35,Private,31964,Bachelors,13,Married-civ-spouse,Sales,Husband,White,Male,0,0,50,United-States,0.5908989367141437,0
25,Private,353795,Some-college,10,Married-civ-spouse,Adm-clerical,Wife,Black,Female,3103,0,40,United-States,0.5906762012736875,0
52,Federal-gov,154521,HS-grad,9,Married-civ-spouse,Adm-clerical,Husband,White,Male,0,0,44,United-States,0.5903682006981066,0
56,Private,200235,Assoc-voc,11,Married-civ-spouse,Craft-repair,Husband,White,Male,0,0,48,United-States,0.5903207511069499,0
45,State-gov,127089,Masters,14,Divorced,Exec-managerial,Not-in-family,White,Male,0,0,45,United-States,0.5902398423935665,0
42,Private,369131,Assoc-acdm,12,Married-civ-spouse,Sales,Husband,White,Male,0,0,55,United-States,0.5902166087712376,0
70,Private,94692,Bachelors,13,Married-civ-spouse,Sales,Husband,White,Male,0,0,70,United-States,0.5901910990473076,0
48,Self-emp-not-inc,218835,Masters,14,Married-civ-spouse,Sales,Husband,White,Male,0,0,50,England,0.590180376430457,0
49,Private,203067,Some-college,10,Married-civ-spouse,Prof-specialty,Husband,White,Male,0,0,40,United-States,0.5900927680431215,0
48,Private,207120,Some-college,10,Married-civ-spouse,Prof-specialty,Husband,White,Male,0,0,40,United-States,0.5900927680431215,0
26,Local-gov,242464,HS-grad,9,Married-civ-spouse,Protective-serv,Husband,White,Male,3103,0,40,United-States,0.5900802864917077,0
29,Private,286634,Bachelors,13,Married-civ-spouse,Prof-specialty,Wife,White,Female,0,0,50,United-States,0.5900755007899244,0
28,Private,141957,Bachelors,13,Married-civ-spouse,Prof-specialty,Husband,White,Male,0,0,50,United-States,0.5900696011450122,0
39,Local-gov,111499,Assoc-acdm,12,Married-civ-spouse,Adm-clerical,Wife,White,Female,0,0,20,United-States,0.5896089450623218,0
63,Private,188976,Bachelors,13,Married-civ-spouse,Adm-clerical,Husband,White,Male,0,0,40,United-States,0.5895877165644894,0
47,Private,198223,Some-college,10,Married-civ-spouse,Exec-managerial,Husband,White,Male,0,0,40,United-States,0.5895151957454684,0
47,Private,191978,Some-college,10,Married-civ-spouse,Exec-managerial,Husband,White,Male,0,0,40,United-States,0.5895151957454684,0
44,Private,147206,Some-college,10,Married-civ-spouse,Exec-managerial,Husband,White,Male,0,0,40,United-States,0.5895091048067813,0
47,Self-emp-inc,168191,Some-college,10,Married-civ-spouse,Craft-repair,Husband,White,Male,0,0,40,United-States,0.5893654792003853,0
52,Private,266529,Some-college,10,Married-civ-spouse,Prof-specialty,Husband,White,Male,0,0,45,United-States,0.589341180952724,0
39,Private,286026,Bachelors,13,Married-civ-spouse,Adm-clerical,Husband,White,Male,0,0,40,United-States,0.5892777382666586,0
37,Local-gov,249392,Assoc-voc,11,Married-civ-spouse,Protective-serv,Husband,White,Male,0,0,40,United-States,0.5892578764355217,0
30,Private,175856,Masters,14,Married-civ-spouse,Prof-specialty,Husband,White,Male,0,0,38,United-States,0.5892479414956414,0
31,Private,240771,Some-college,10,Married-civ-spouse,Craft-repair,Husband,White,Male,4386,0,50,United-States,0.589199475582065,0
36,State-gov,212143,Bachelors,13,Married-civ-spouse,Adm-clerical,Wife,White,Female,0,0,20,United-States,0.5890830116559557,0
51,Self-emp-not-inc,168539,Assoc-acdm,12,Married-civ-spouse,Exec-managerial,Husband,White,Male,0,0,40,United-States,0.5890808932563427,0
47,Private,73394,Some-college,10,Married-civ-spouse,Exec-managerial,Wife,White,Female,0,0,50,United-States,0.5890698234834245,0
39,Private,314007,Assoc-voc,11,Married-civ-spouse,Tech-support,Husband,White,Male,0,0,40,United-States,0.5890694458611587,0
38,Private,156728,Bachelors,13,Married-civ-spouse,Sales,Husband,White,Male,0,0,40,United-States,0.5890155701400506,0
39,State-gov,179668,Some-college,10,Married-civ-spouse,Protective-serv,Husband,White,Male,0,0,70,United-States,0.5887892281652959,0
45,Self-emp-inc,197332,Some-college,10,Married-civ-spouse,Craft-repair,Husband,White,Male,0,0,55,United-States,0.5887246969210588,0
43,Private,63503,Bachelors,13,Married-civ-spouse,Prof-specialty,Husband,White,Male,0,0,40,United-States,0.5886714756984288,0
53,Private,121441,Some-college,10,Married-civ-spouse,Sales,Husband,White,Male,0,0,55,United-States,0.5886505711388046,0
46,Private,123598,Some-college,10,Married-civ-spouse,Sales,Husband,White,Male,0,0,48,United-States,0.5886505711388046,0
29,Federal-gov,116394,Bachelors,13,Married-AF-spouse,Prof-specialty,Husband,White,Male,0,0,50,United-States,0.5885658073321648,0
47,Federal-gov,168191,Some-college,10,Married-civ-spouse,Craft-repair,Husband,White,Male,0,0,40,?,0.5884650926498182,0
41,Private,372682,Some-college,10,Married-civ-spouse,Adm-clerical,Wife,White,Female,0,0,40,United-States,0.5883802021669066,0
32,Self-emp-not-inc,420895,Bachelors,13,Married-civ-spouse,Sales,Husband,White,Male,0,0,47,United-States,0.588290750507903,0
34,Local-gov,240252,Masters,14,Married-civ-spouse,Exec-managerial,Husband,White,Male,0,0,40,United-States,0.5882569841233661,0
57,Self-emp-not-inc,353808,Some-college,10,Married-civ-spouse,Sales,Husband,White,Male,0,0,60,United-States,0.5882313194430001,0
54,State-gov,198741,Some-college,10,Married-civ-spouse,Protective-serv,Husband,White,Male,0,0,40,United-States,0.5881602352245634,0
56,Private,204816,Some-college,10,Married-civ-spouse,Exec-managerial,Husband,White,Male,0,0,40,United-States,0.5878635389362137,0
47,Self-emp-inc,156728,HS-grad,9,Married-civ-spouse,Sales,Husband,White,Male,0,0,55,United-States,0.5877334803177053,0
53,Private,72257,Some-college,10,Married-civ-spouse,Exec-managerial,Husband,White,Male,0,0,55,United-States,0.587539751420841,0
38,Self-emp-not-inc,114835,Bachelors,13,Married-civ-spouse,Sales,Wife,White,Female,0,0,60,United-States,0.587468150754514,0
44,Private,228320,HS-grad,9,Married-civ-spouse,Tech-support,Husband,White,Male,0,0,45,United-States,0.5873509158016857,0
27,Private,394927,Bachelors,13,Married-civ-spouse,Sales,Husband,White,Male,0,0,55,United-States,0.5873230914105306,0
35,Private,187089,Assoc-voc,11,Married-civ-spouse,Exec-managerial,Wife,White,Female,0,0,42,United-States,0.5872792062532564,0
59,Private,121912,Some-college,10,Married-civ-spouse,Exec-managerial,Husband,White,Male,0,0,40,United-States,0.5872061060284746,0
56,Self-emp-not-inc,119069,Bachelors,13,Married-civ-spouse,Adm-clerical,Husband,White,Male,0,0,40,United-States,0.587131853838168,0
30,Private,345522,HS-grad,9,Married-civ-spouse,Transport-moving,Husband,White,Male,3103,0,70,United-States,0.5870609805843611,0
62,State-gov,39630,Bachelors,13,Married-civ-spouse,Prof-specialty,Husband,White,Male,0,0,40,United-States,0.5870539991227285,0
59,Private,127728,Some-college,10,Married-civ-spouse,Tech-support,Husband,White,Male,0,0,40,United-States,0.5869728184421089,0
48,Private,186539,Some-college,10,Married-civ-spouse,Prof-specialty,Husband,White,Male,0,0,40,United-States,0.5869165462771937,0
47,Private,168232,Some-college,10,Married-civ-spouse,Adm-clerical,Husband,White,Male,0,0,44,United-States,0.5867988043960369,0
39,Self-emp-not-inc,103110,Bachelors,13,Married-civ-spouse,Prof-specialty,Husband,White,Male,0,0,50,United-States,0.5867078146385041,0
61,?,160625,Bachelors,13,Married-civ-spouse,?,Husband,White,Male,4386,0,15,United-States,0.5867052524375038,0
29,Private,122112,Bachelors,13,Married-civ-spouse,Sales,Wife,White,Female,0,0,50,United-States,0.5866748074823528,0
61,Federal-gov,136787,Some-college,10,Married-civ-spouse,Adm-clerical,Husband,White,Male,0,0,40,United-States,0.5866152013509602,0
48,?,355890,Bachelors,13,Married-civ-spouse,?,Husband,White,Male,0,0,55,United-States,0.5864239949163178,0
49,Private,543922,HS-grad,9,Married-civ-spouse,Craft-repair,Husband,White,Male,0,0,42,United-States,0.5863666500170507,0
51,Self-emp-inc,208302,Assoc-acdm,12,Married-civ-spouse,Sales,Husband,White,Male,0,0,38,United-States,0.5863263019548456,0
36,Private,163396,Assoc-voc,11,Married-civ-spouse,Prof-specialty,Wife,White,Female,0,0,40,United-States,0.5862619389121805,0
36,Private,246449,Some-college,10,Married-civ-spouse,Exec-managerial,Husband,White,Male,0,0,60,United-States,0.5862579769240721,0
90,Local-gov,153602,HS-grad,9,Married-civ-spouse,Other-service,Husband,White,Male,6767,0,40,United-States,0.5862246277262707,1
48,Local-gov,85341,Bachelors,13,Married-civ-spouse,Prof-specialty,Husband,White,Male,0,0,45,United-States,0.5861497515268256,0
34,Private,163110,Bachelors,13,Married-civ-spouse,Craft-repair,Husband,White,Male,0,0,45,United-States,0.5861108586874884,0
68,Private,104438,Bachelors,13,Married-civ-spouse,Prof-specialty,Husband,White,Male,0,0,40,Ireland,0.5861088736484666,1
41,Private,206948,Bachelors,13,Married-civ-spouse,Sales,Husband,White,Male,0,0,40,United-States,0.586068237679944,0
40,Private,192344,Bachelors,13,Married-civ-spouse,Adm-clerical,Husband,White,Male,0,0,40,United-States,0.586068237679944,0
39,Private,202683,Bachelors,13,Married-civ-spouse,Adm-clerical,Husband,White,Male,0,0,40,United-States,0.586068237679944,0
42,Private,154374,Bachelors,13,Married-civ-spouse,Sales,Husband,White,Male,0,0,40,United-States,0.586068237679944,0
50,Self-emp-not-inc,37913,Bachelors,13,Married-civ-spouse,Exec-managerial,Husband,White,Male,0,0,40,Italy,0.5860399280646118,0
37,Federal-gov,48779,Bachelors,13,Married-civ-spouse,Prof-specialty,Husband,White,Male,0,0,40,United-States,0.586021126285576,0
51,Private,163921,Bachelors,13,Married-civ-spouse,Transport-moving,Husband,White,Male,0,0,56,United-States,0.5859820996286769,0
30,Local-gov,200892,Masters,14,Married-civ-spouse,Prof-specialty,Husband,White,Male,0,0,40,United-States,0.5859398966555603,0
44,Self-emp-inc,383493,HS-grad,9,Married-civ-spouse,Craft-repair,Husband,White,Male,0,0,60,United-States,0.5858539876817404,0
36,Private,185744,Some-college,10,Married-civ-spouse,Exec-managerial,Wife,White,Female,0,0,35,United-States,0.5857147587512905,0
43,Private,253759,Some-college,10,Married-civ-spouse,Tech-support,Wife,Black,Female,0,0,40,United-States,0.585593796584663,0
35,Private,209214,HS-grad,9,Married-civ-spouse,Adm-clerical,Wife,White,Female,4386,0,35,United-States,0.5855082777985817,0
39,Self-emp-not-inc,191342,Bachelors,13,Married-civ-spouse,Exec-managerial,Husband,Asian-Pac-Islander,Male,0,0,50,South,0.5854077118407236,1
46,Private,137354,Masters,14,Married-civ-spouse,Tech-support,Husband,Asian-Pac-Islander,Male,0,0,40,Philippines,0.5852424545425717,1
33,Private,117963,Bachelors,13,Married-civ-spouse,Exec-managerial,Husband,White,Male,0,0,40,United-States,0.5852020010811126,0
29,Private,190777,Bachelors,13,Married-civ-spouse,Sales,Husband,White,Male,0,0,55,United-States,0.58519034836065,0
48,Self-emp-inc,213140,Some-college,10,Married-civ-spouse,Exec-managerial,Husband,White,Male,0,0,40,United-States,0.5850287576342543,0
49,Private,314773,Assoc-voc,11,Married-civ-spouse,Prof-specialty,Husband,White,Male,0,0,40,United-States,0.5849551003745525,0
68,Private,128472,Doctorate,16,Married-civ-spouse,Prof-specialty,Husband,White,Male,0,0,55,United-States,0.5849453833491606,0
48,Private,141944,HS-grad,9,Married-civ-spouse,Machine-op-inspct,Husband,White,Male,4386,0,40,United-States,0.5849313249100043,0
36,Private,186212,Assoc-acdm,12,Married-civ-spouse,Craft-repair,Husband,White,Male,0,0,50,United-States,0.5847544766577437,0
39,Federal-gov,410034,HS-grad,9,Married-civ-spouse,Adm-clerical,Husband,White,Male,0,0,40,United-States,0.5847414776987334,0
54,Private,123011,Some-college,10,Married-civ-spouse,Sales,Husband,White,Male,0,0,45,United-States,0.5845876511683834,0
29,Private,100764,Bachelors,13,Married-civ-spouse,Exec-managerial,Husband,White,Male,0,0,45,United-States,0.5843074425449866,0
47,Private,104521,Assoc-voc,11,Married-civ-spouse,Prof-specialty,Husband,White,Male,0,0,40,United-States,0.5842072317248037,0
35,Private,35945,Bachelors,13,Married-civ-spouse,Exec-managerial,Husband,White,Male,0,0,40,United-States,0.5841644234189075,0
45,Private,259463,Assoc-voc,11,Married-civ-spouse,Prof-specialty,Husband,White,Male,0,0,40,United-States,0.5841040183759377,0
57,Federal-gov,337895,Bachelors,13,Married-civ-spouse,Prof-specialty,Husband,Black,Male,0,0,40,United-States,0.5840468850405546,0
63,Self-emp-inc,215833,HS-grad,9,Married-civ-spouse,Exec-managerial,Husband,White,Male,0,0,40,United-States,0.5836293357254945,0
34,Self-emp-not-inc,213887,Doctorate,16,Married-civ-spouse,Prof-specialty,Husband,White,Male,0,0,32,Canada,0.5833453162153673,0
52,Self-emp-inc,49069,Some-college,10,Married-civ-spouse,Adm-clerical,Wife,White,Female,0,0,40,United-States,0.5832543332110379,0
46,Private,189680,Some-college,10,Married-civ-spouse,Sales,Husband,White,Male,0,0,50,United-States,0.5832128288942084,0
45,Private,155489,Some-college,10,Married-civ-spouse,Sales,Husband,White,Male,0,0,60,United-States,0.5832128288942084,0
49,Private,175958,Some-college,10,Married-civ-spouse,Sales,Husband,White,Male,0,0,80,United-States,0.5832128288942084,0
42,Self-emp-inc,27187,Masters,14,Married-civ-spouse,Farming-fishing,Husband,White,Male,0,0,60,United-States,0.5832021283687265,0
55,Private,255364,Some-college,10,Married-civ-spouse,Prof-specialty,Husband,White,Male,0,0,40,United-States,0.5831733323126033,0
90,Private,88991,Bachelors,13,Married-civ-spouse,Exec-managerial,Wife,White,Female,0,0,40,England,0.5831697140606705,1
52,Private,117674,Some-college,10,Married-civ-spouse,Exec-managerial,Husband,White,Male,0,0,40,United-States,0.5831660107511639,0
47,Federal-gov,137917,Some-college,10,Married-civ-spouse,Adm-clerical,Husband,Black,Male,0,0,40,United-States,0.5831265032048414,0
44,Private,336513,Some-college,10,Married-civ-spouse,Prof-specialty,Husband,White,Male,0,0,45,United-States,0.583093689186793,0
58,Private,56331,Bachelors,13,Married-civ-spouse,Sales,Husband,White,Male,0,0,40,United-States,0.5828335458944328,0
30,Private,169583,Bachelors,13,Married-AF-spouse,Exec-managerial,Wife,White,Female,0,0,40,United-States,0.5827162530607448,0
32,Private,123964,Some-college,10,Married-civ-spouse,Sales,Husband,White,Male,4386,0,50,United-States,0.582515624661305,0
49,Private,280525,Some-college,10,Married-civ-spouse,Adm-clerical,Husband,White,Male,0,0,45,United-States,0.5824167089492666,0
44,State-gov,98989,Bachelors,13,Married-civ-spouse,Prof-specialty,Husband,Amer-Indian-Eskimo,Male,0,0,38,United-States,0.5823361822306875,2
31,Private,217460,Bachelors,13,Married-civ-spouse,Exec-managerial,Husband,White,Male,0,0,40,United-States,0.5821934273511213,0
32,Federal-gov,82393,Bachelors,13,Married-civ-spouse,Prof-specialty,Husband,Asian-Pac-Islander,Male,0,0,56,United-States,0.5821523097557036,0
42,Private,433170,Some-college,10,Married-civ-spouse,Craft-repair,Husband,White,Male,0,0,60,United-States,0.5821034870224734,0
49,Self-emp-inc,143482,Some-college,10,Married-civ-spouse,Prof-specialty,Wife,White,Female,0,0,65,United-States,0.5820909143862528,0
48,Self-emp-inc,125892,Some-college,10,Married-civ-spouse,Sales,Husband,White,Male,0,0,38,United-States,0.581929005489586,0
60,Federal-gov,129379,Some-college,10,Married-civ-spouse,Tech-support,Husband,White,Male,0,0,40,United-States,0.5819016074419541,0
35,Private,77146,Bachelors,13,Married-civ-spouse,Sales,Husband,White,Male,0,0,45,United-States,0.5817126456992245,0
54,Private,346014,Some-college,10,Married-civ-spouse,Craft-repair,Wife,White,Female,0,0,40,United-States,0.5816206018854496,0
34,Private,303187,Bachelors,13,Married-civ-spouse,Prof-specialty,Husband,Asian-Pac-Islander,Male,0,0,40,?,0.5816140275616494,1
33,Private,578701,Bachelors,13,Married-civ-spouse,Exec-managerial,Husband,Black,Male,0,0,40,?,0.5815646131498348,0
38,State-gov,312528,Bachelors,13,Married-civ-spouse,Exec-managerial,Husband,White,Male,0,0,37,United-States,0.5815027922093269,0
59,Self-emp-inc,187502,Some-college,10,Married-civ-spouse,Craft-repair,Husband,White,Male,0,0,50,United-States,0.5814490573092107,0
52,Federal-gov,207841,Some-college,10,Married-civ-spouse,Adm-clerical,Husband,White,Male,0,0,40,United-States,0.5813936110073882,0
36,Private,193026,Bachelors,13,Married-civ-spouse,Sales,Husband,White,Male,0,0,40,United-States,0.5813660538225227,0
51,Private,355954,Some-college,10,Married-civ-spouse,Craft-repair,Husband,White,Male,0,0,60,United-States,0.5813616656255881,0
29,Private,134890,Bachelors,13,Married-civ-spouse,Tech-support,Husband,White,Male,0,0,40,United-States,0.5813310803098318,0
48,Private,155664,Bachelors,13,Married-civ-spouse,Adm-clerical,Husband,White,Male,0,0,35,United-States,0.581264053532607,1
42,Local-gov,340148,Some-college,10,Married-civ-spouse,Adm-clerical,Wife,White,Female,0,0,40,United-States,0.5812015683103844,0
40,Self-emp-not-inc,266324,Some-college,10,Divorced,Exec-managerial,Other-relative,White,Male,0,1564,70,Iran,0.5811873808266431,0
48,Self-emp-inc,138370,Masters,14,Married-spouse-absent,Sales,Not-in-family,Asian-Pac-Islander,Male,0,0,50,India,0.5810873467866213,2
60,Private,85995,Masters,14,Married-civ-spouse,Adm-clerical,Husband,Asian-Pac-Islander,Male,0,0,50,South,0.581085040038685,2
52,Private,145879,Some-college,10,Married-civ-spouse,Sales,Husband,White,Male,0,0,65,United-States,0.5809690988520829,0
52,State-gov,231166,Assoc-voc,11,Married-civ-spouse,Exec-managerial,Husband,White,Male,0,0,40,United-States,0.580951283631351,0
57,Private,249977,Assoc-voc,11,Married-civ-spouse,Prof-specialty,Husband,White,Male,0,0,40,United-States,0.5808223082144998,0
40,Self-emp-not-inc,280433,Bachelors,13,Married-civ-spouse,Craft-repair,Husband,White,Male,0,0,50,United-States,0.5806356202066142,0
36,Private,32334,Assoc-voc,11,Married-civ-spouse,Exec-managerial,Wife,White,Female,0,0,50,United-States,0.5805851686366413,0
43,Self-emp-inc,135342,Some-college,10,Married-civ-spouse,Exec-managerial,Husband,White,Male,0,0,50,United-States,0.5805089056614845,0
63,Private,171635,Bachelors,13,Married-civ-spouse,Sales,Husband,White,Male,0,0,40,United-States,0.5804039031782686,0
42,Local-gov,271521,Some-college,10,Married-civ-spouse,Protective-serv,Husband,Other,Male,0,0,40,United-States,0.580340147685393,2
44,Private,278476,Some-college,10,Married-civ-spouse,Sales,Husband,White,Male,0,0,60,United-States,0.5803056567457937,0
41,Local-gov,523910,Bachelors,13,Married-civ-spouse,Craft-repair,Husband,Black,Male,0,0,40,United-States,0.5803049206853869,0
33,Local-gov,115488,Bachelors,13,Married-civ-spouse,Prof-specialty,Husband,White,Male,0,0,50,United-States,0.58006105997577,0
47,Federal-gov,142581,Some-college,10,Married-civ-spouse,Adm-clerical,Husband,Black,Male,0,0,40,United-States,0.5799654767753032,0
28,Private,130856,Bachelors,13,Married-civ-spouse,Prof-specialty,Husband,White,Male,0,0,40,United-States,0.5799413783757613,0
47,Self-emp-inc,116927,HS-grad,9,Married-civ-spouse,Exec-managerial,Husband,White,Male,0,0,42,United-States,0.579833312089682,0
37,Self-emp-not-inc,48063,Bachelors,13,Married-civ-spouse,Prof-specialty,Husband,White,Male,0,0,55,United-States,0.5797864164630524,0
42,Private,156580,Bachelors,13,Married-civ-spouse,Sales,Wife,White,Female,0,0,40,Puerto-Rico,0.579772455827761,0
30,Private,93884,Bachelors,13,Married-civ-spouse,Prof-specialty,Husband,White,Male,0,0,45,United-States,0.5797684560770175,0
43,Local-gov,113324,Bachelors,13,Married-civ-spouse,Prof-specialty,Husband,White,Male,0,0,40,United-States,0.5797482559072392,0
44,Local-gov,212665,Some-college,10,Married-civ-spouse,Protective-serv,Husband,Black,Male,0,0,99,United-States,0.579744271735676,0
45,Local-gov,55377,Bachelors,13,Married-civ-spouse,Prof-specialty,Husband,Black,Male,0,0,40,United-States,0.579733717572232,0
68,?,351402,Doctorate,16,Married-civ-spouse,?,Husband,White,Male,0,0,70,United-States,0.5794618278977248,1
45,Federal-gov,201127,Some-college,10,Married-civ-spouse,Prof-specialty,Husband,White,Male,0,0,56,United-States,0.5793640702247151,0
45,Private,172822,11th,7,Divorced,Transport-moving,Not-in-family,White,Male,0,2824,76,United-States,0.5793381715173352,2
56,Self-emp-inc,187355,Some-college,10,Married-civ-spouse,Sales,Wife,White,Female,0,0,60,Canada,0.579231432646899,0
50,Private,238959,Some-college,10,Married-civ-spouse,Adm-clerical,Husband,White,Male,0,0,45,United-States,0.579090217574864,0
45,Private,205424,Some-college,10,Married-civ-spouse,Sales,Husband,White,Male,0,0,65,United-States,0.579090217574864,0
70,Self-emp-not-inc,205860,Masters,14,Married-civ-spouse,Exec-managerial,Husband,Black,Male,0,0,40,United-States,0.5790847017210365,1
48,Private,200471,Bachelors,13,Married-civ-spouse,Transport-moving,Husband,White,Male,0,0,45,United-States,0.5790599317182767,0
46,Private,187715,Some-college,10,Married-civ-spouse,Sales,Husband,White,Male,0,0,50,United-States,0.5789166447136117,0
47,Private,209460,Some-college,10,Married-civ-spouse,Craft-repair,Husband,White,Male,0,1485,47,United-States,0.5787810089610764,0
52,Self-emp-inc,134854,HS-grad,9,Married-civ-spouse,Exec-managerial,Husband,White,Male,0,0,40,United-States,0.5784497665031753,0
46,Private,125487,Assoc-voc,11,Married-civ-spouse,Tech-support,Husband,White,Male,0,0,40,United-States,0.5784429343686343,0
52,Private,110977,Doctorate,16,Never-married,Exec-managerial,Not-in-family,White,Male,0,0,40,United-States,0.5784244051430811,0
54,Private,212960,Bachelors,13,Married-civ-spouse,Sales,Husband,White,Male,0,0,35,United-States,0.5783845559089197,1
51,Private,177669,Some-college,10,Married-civ-spouse,Sales,Husband,White,Male,0,0,60,United-States,0.5782636086608253,0
40,Federal-gov,199303,Assoc-acdm,12,Married-civ-spouse,Prof-specialty,Husband,White,Male,0,0,40,United-States,0.5782422099502348,0
34,Private,345360,Bachelors,13,Married-civ-spouse,Tech-support,Husband,White,Male,0,0,40,England,0.5781888409542736,0
58,Private,136951,Bachelors,13,Married-civ-spouse,Adm-clerical,Husband,Asian-Pac-Islander,Male,0,0,40,Philippines,0.5781594155185668,1
38,Self-emp-inc,312232,Some-college,10,Married-civ-spouse,Sales,Husband,White,Male,0,0,50,United-States,0.5781546625497684,0
31,Self-emp-not-inc,340880,Bachelors,13,Married-civ-spouse,Sales,Husband,White,Male,0,0,48,United-States,0.5780858855637959,0
42,Private,169995,Some-college,10,Married-civ-spouse,Prof-specialty,Husband,White,Male,0,0,45,United-States,0.5778757908337373,0
32,Self-emp-inc,345489,Some-college,10,Married-civ-spouse,Exec-managerial,Husband,White,Male,0,0,55,United-States,0.5776865961910156,0
30,Private,331419,Assoc-acdm,12,Never-married,Craft-repair,Not-in-family,White,Male,4787,0,50,United-States,0.5776569231987245,0
49,Private,28334,Some-college,10,Married-civ-spouse,Exec-managerial,Husband,White,Male,0,0,45,United-States,0.577554484103926,0
41,Private,207578,Assoc-acdm,12,Married-civ-spouse,Exec-managerial,Husband,Black,Male,0,0,50,India,0.5774140058218539,1
48,Private,102112,Assoc-acdm,12,Married-civ-spouse,Prof-specialty,Husband,White,Male,0,0,50,United-States,0.5774045788738715,0
28,Private,251905,Bachelors,13,Married-civ-spouse,Prof-specialty,Husband,White,Male,0,0,50,United-States,0.5773528984078294,0
33,Federal-gov,193246,Bachelors,13,Married-civ-spouse,Adm-clerical,Husband,White,Male,0,0,42,United-States,0.5771173727644836,0
35,Private,465326,Bachelors,13,Married-civ-spouse,Sales,Husband,White,Male,0,0,40,United-States,0.5769939025472125,0
43,Private,309932,Bachelors,13,Married-civ-spouse,Craft-repair,Husband,White,Male,0,0,40,United-States,0.5768648658748322,0
47,Self-emp-not-inc,39986,Bachelors,13,Married-civ-spouse,Sales,Husband,White,Male,0,0,40,United-States,0.576826500195694,0
46,Private,178829,Masters,14,Married-spouse-absent,Exec-managerial,Not-in-family,White,Male,0,0,70,United-States,0.576682831023845,0
52,Private,104501,Some-college,10,Married-civ-spouse,Prof-specialty,Husband,White,Male,0,0,40,Germany,0.5765819969138397,1
51,Private,40641,Some-college,10,Married-civ-spouse,Exec-managerial,Husband,White,Male,0,0,60,United-States,0.5765134076137349,0
58,Self-emp-inc,78104,HS-grad,9,Married-civ-spouse,Exec-managerial,Husband,White,Male,0,0,45,United-States,0.5765064018926676,0
35,Local-gov,79649,Bachelors,13,Married-civ-spouse,Prof-specialty,Husband,White,Male,0,0,50,United-States,0.576485759876152,0
38,Private,210610,Assoc-acdm,12,Married-civ-spouse,Tech-support,Husband,White,Male,0,0,40,United-States,0.5764418287808192,0
61,Self-emp-not-inc,352448,Bachelors,13,Married-civ-spouse,Transport-moving,Husband,White,Male,0,0,60,United-States,0.5764351655713174,0
33,State-gov,37070,Masters,14,Married-civ-spouse,Prof-specialty,Husband,White,Male,0,0,60,Canada,0.5763367089640495,0
43,Local-gov,118853,Some-college,10,Married-civ-spouse,Tech-support,Husband,White,Male,4386,0,99,United-States,0.5762920886611389,0
35,Private,30381,Bachelors,13,Married-civ-spouse,Sales,Husband,White,Male,0,0,45,United-States,0.5762266584837323,0
67,Private,89346,Bachelors,13,Married-civ-spouse,Prof-specialty,Husband,White,Male,0,0,40,United-States,0.576206480171522,0
53,Private,276369,HS-grad,9,Married-civ-spouse,Exec-managerial,Husband,White,Male,0,0,45,United-States,0.5761722124930634,0
33,Private,111363,Bachelors,13,Married-civ-spouse,Exec-managerial,Husband,White,Male,0,0,40,United-States,0.5761087934708751,0
32,Private,113504,Bachelors,13,Married-civ-spouse,Exec-managerial,Husband,White,Male,0,0,40,United-States,0.5761087934708751,0
34,Private,250724,Bachelors,13,Married-civ-spouse,Sales,Husband,White,Male,0,0,45,Jamaica,0.5760660642568087,0
68,?,192052,Some-college,10,Married-civ-spouse,?,Wife,White,Female,0,2457,40,United-States,0.5760292189587564,1
26,Private,181655,Assoc-voc,11,Married-civ-spouse,Adm-clerical,Husband,White,Male,0,2377,45,United-States,0.5759490981109242,0
40,State-gov,150533,Bachelors,13,Married-civ-spouse,Prof-specialty,Other-relative,White,Male,0,0,40,United-States,0.5759302488846048,0
34,Self-emp-not-inc,213226,Bachelors,13,Married-civ-spouse,Exec-managerial,Husband,White,Male,0,1485,35,?,0.5758719082598769,0
35,Self-emp-not-inc,114366,Bachelors,13,Married-civ-spouse,Prof-specialty,Husband,White,Male,0,0,40,United-States,0.575864927250173,0
43,Private,145711,Some-college,10,Married-civ-spouse,Sales,Husband,White,Male,0,0,72,United-States,0.5757523693332139,0
30,Private,122889,Masters,14,Married-civ-spouse,Prof-specialty,Husband,Asian-Pac-Islander,Male,0,0,50,India,0.5757189851681216,2
57,State-gov,19520,Doctorate,16,Divorced,Prof-specialty,Unmarried,White,Female,0,0,50,United-States,0.5756212044287711,1
41,Local-gov,180096,Bachelors,13,Married-civ-spouse,Prof-specialty,Husband,White,Male,0,0,35,United-States,0.5756002095139552,0
30,Private,87418,Bachelors,13,Married-civ-spouse,Exec-managerial,Husband,White,Male,0,0,45,United-States,0.5755418645325946,0
53,Federal-gov,266598,HS-grad,9,Married-civ-spouse,Prof-specialty,Husband,White,Male,0,0,40,United-States,0.5754531072827105,0
34,Self-emp-inc,314375,Some-college,10,Married-civ-spouse,Sales,Husband,White,Male,0,0,60,United-States,0.5753941014384849,0
42,Private,313945,Masters,14,Married-civ-spouse,Sales,Husband,White,Male,0,0,40,Ecuador,0.5750785100204319,0
35,Federal-gov,133935,Bachelors,13,Married-civ-spouse,Craft-repair,Husband,White,Male,0,0,40,United-States,0.5750051166542186,0
42,Private,154374,Bachelors,13,Married-civ-spouse,Transport-moving,Husband,White,Male,0,0,58,United-States,0.5750003828751394,0
51,Private,24185,Bachelors,13,Married-civ-spouse,Craft-repair,Husband,White,Male,0,0,40,United-States,0.5748692234393017,0
32,Self-emp-not-inc,65278,Doctorate,16,Married-civ-spouse,Exec-managerial,Husband,White,Male,0,0,40,United-States,0.5747785812521554,0
42,Self-emp-inc,96509,Some-college,10,Married-civ-spouse,Exec-managerial,Husband,Asian-Pac-Islander,Male,0,0,60,Taiwan,0.5747500913640399,1
46,Private,278322,Assoc-voc,11,Married-civ-spouse,Exec-managerial,Husband,White,Male,0,0,40,United-States,0.5746565050271466,0
51,Private,204447,Some-college,10,Married-civ-spouse,Prof-specialty,Husband,White,Male,0,0,45,United-States,0.574637966529442,0
46,Private,358533,Some-college,10,Married-civ-spouse,Protective-serv,Husband,Black,Male,0,0,40,United-States,0.5745139890298895,0
50,Private,154728,Some-college,10,Married-civ-spouse,Tech-support,Husband,White,Male,0,0,40,United-States,0.5744433642665018,0
49,Local-gov,202467,HS-grad,9,Married-civ-spouse,Protective-serv,Husband,White,Male,0,0,40,United-States,0.5744381271968532,0
37,Private,105044,Some-college,10,Married-civ-spouse,Exec-managerial,Husband,White,Male,0,0,42,United-States,0.5743730506825241,0
49,Federal-gov,115784,Some-college,10,Married-civ-spouse,Craft-repair,Husband,White,Male,0,0,40,United-States,0.5742806423124882,0
36,Local-gov,177858,Bachelors,13,Married-civ-spouse,Prof-specialty,Own-child,White,Male,0,0,40,United-States,0.5742738680648121,0
39,Private,24106,Some-college,10,Married-civ-spouse,Sales,Husband,White,Male,0,0,40,Philippines,0.5742309027583244,1
28,Private,130067,Bachelors,13,Married-civ-spouse,Prof-specialty,Wife,White,Female,0,0,40,United-States,0.5741871397880353,0
35,Private,112271,Masters,14,Married-civ-spouse,Adm-clerical,Husband,White,Male,0,0,40,United-States,0.5741578515347405,0
56,State-gov,466498,Assoc-voc,11,Married-civ-spouse,Craft-repair,Husband,Black,Male,0,0,60,United-States,0.5741525242943886,0
26,Private,100147,Bachelors,13,Married-civ-spouse,Exec-managerial,Wife,White,Female,0,0,45,United-States,0.5740829193226581,0
38,Private,111128,Assoc-acdm,12,Married-civ-spouse,Exec-managerial,Husband,White,Male,0,0,40,United-States,0.5740672243919934,0
61,?,71467,HS-grad,9,Married-civ-spouse,?,Husband,White,Male,3103,0,40,United-States,0.5739996164028245,0
66,Private,192504,Masters,14,Married-civ-spouse,Sales,Husband,White,Male,0,0,40,United-States,0.5739777326825676,0
51,Private,128272,Some-college,10,Married-civ-spouse,Exec-managerial,Husband,White,Male,0,0,40,United-States,0.5739747477356542,0
42,Private,71458,Some-college,10,Married-civ-spouse,Exec-managerial,Husband,White,Male,0,0,50,United-States,0.5739188046656911,0
42,State-gov,367292,Some-college,10,Married-civ-spouse,Protective-serv,Husband,White,Male,0,0,40,United-States,0.5737376780118248,0
28,Private,27956,Prof-school,15,Married-civ-spouse,Prof-specialty,Husband,Asian-Pac-Islander,Male,0,0,99,Philippines,0.5735744307457473,2
35,Self-emp-not-inc,241998,Bachelors,13,Married-civ-spouse,Craft-repair,Husband,White,Male,0,0,45,United-States,0.5735660201644392,0
43,Federal-gov,233851,HS-grad,9,Married-civ-spouse,Adm-clerical,Wife,White,Female,0,0,40,United-States,0.5734320691790433,0
38,Private,119741,Masters,14,Married-civ-spouse,Craft-repair,Husband,Black,Male,0,0,40,United-States,0.5733609082395168,1
50,Private,161438,HS-grad,9,Married-civ-spouse,Exec-managerial,Husband,White,Male,0,0,50,United-States,0.5733365003610363,0
47,Private,155659,HS-grad,9,Married-civ-spouse,Exec-managerial,Husband,White,Male,0,0,60,United-States,0.5733365003610363,0
34,Local-gov,230420,Bachelors,13,Married-civ-spouse,Prof-specialty,Husband,White,Male,0,0,40,United-States,0.5732564967682329,0
55,Self-emp-inc,189933,HS-grad,9,Married-civ-spouse,Exec-managerial,Husband,White,Male,0,0,45,United-States,0.573125521236052,0
44,Private,151504,Some-college,10,Married-civ-spouse,Sales,Husband,White,Male,0,0,50,United-States,0.5731190433782466,0
32,Private,211699,Assoc-acdm,12,Married-civ-spouse,Exec-managerial,Wife,White,Female,0,1485,40,United-States,0.5731077353826346,0
35,Private,308691,Masters,14,Married-civ-spouse,Machine-op-inspct,Husband,White,Male,0,0,48,United-States,0.5730726154174601,0
28,Private,109001,Masters,14,Married-civ-spouse,Prof-specialty,Husband,White,Male,0,0,38,United-States,0.5730159754470184,0
25,Private,254746,Bachelors,13,Married-civ-spouse,Prof-specialty,Wife,White,Female,0,0,40,United-States,0.572935422938088,0
36,Self-emp-inc,251730,Some-college,10,Married-civ-spouse,Protective-serv,Husband,White,Male,0,0,60,United-States,0.5728074140498225,0
37,Private,330826,Assoc-voc,11,Married-civ-spouse,Prof-specialty,Wife,White,Female,0,0,30,United-States,0.5727499140901714,0
58,Federal-gov,175873,Some-college,10,Married-civ-spouse,Adm-clerical,Husband,White,Male,0,0,40,United-States,0.5726729374110282,0
45,Private,207540,Doctorate,16,Separated,Exec-managerial,Unmarried,White,Male,0,0,40,United-States,0.5725371263762565,0
59,?,367984,Bachelors,13,Married-civ-spouse,?,Husband,White,Male,0,0,40,United-States,0.5724953495326554,0
58,Private,27385,HS-grad,9,Married-civ-spouse,Exec-managerial,Husband,White,Male,0,0,60,United-States,0.5724699781375473,0
44,Private,237993,Prof-school,15,Married-civ-spouse,Machine-op-inspct,Husband,White,Male,0,0,45,?,0.572380626782943,0
31,Private,211880,Bachelors,13,Married-civ-spouse,Sales,Husband,White,Male,0,0,40,United-States,0.5723349243387916,0
33,State-gov,121245,Bachelors,13,Married-civ-spouse,Prof-specialty,Husband,White,Male,0,0,60,United-States,0.5722349291664692,0
42,Private,102606,Bachelors,13,Married-civ-spouse,Tech-support,Husband,White,Male,0,0,40,United-States,0.5721112968383445,0
53,Private,137192,Bachelors,13,Divorced,Exec-managerial,Unmarried,Asian-Pac-Islander,Male,0,0,50,United-States,0.5720879544907861,0
66,Private,127139,Bachelors,13,Married-civ-spouse,Prof-specialty,Husband,White,Male,0,0,40,United-States,0.5720844074058002,0
40,Self-emp-inc,190290,Bachelors,13,Married-civ-spouse,Sales,Husband,White,Male,0,0,40,?,0.5720039562510715,0
54,Private,223660,HS-grad,9,Married-civ-spouse,Exec-managerial,Husband,White,Male,0,0,55,United-States,0.5720027530767159,0
48,Private,234504,HS-grad,9,Married-civ-spouse,Exec-managerial,Husband,White,Male,0,0,50,United-States,0.5720027530767159,0
52,Private,170562,HS-grad,9,Married-civ-spouse,Exec-managerial,Husband,White,Male,0,0,60,United-States,0.5720027530767159,0
45,Private,192053,HS-grad,9,Married-civ-spouse,Exec-managerial,Husband,White,Male,0,0,60,United-States,0.5720027530767159,0
41,Private,126850,Prof-school,15,Married-civ-spouse,Adm-clerical,Husband,Asian-Pac-Islander,Male,0,0,40,Philippines,0.5717360033853041,1
38,Private,33105,Bachelors,13,Married-civ-spouse,Prof-specialty,Husband,Amer-Indian-Eskimo,Male,0,0,70,United-States,0.5715611978005292,1
48,Private,109275,Some-college,10,Married-civ-spouse,Exec-managerial,Husband,White,Male,0,0,40,United-States,0.5714370709095861,0
40,Self-emp-inc,92036,Bachelors,13,Married-civ-spouse,Craft-repair,Husband,White,Male,0,0,40,United-States,0.5713949521602109,0
66,Self-emp-not-inc,97847,Bachelors,13,Married-civ-spouse,Sales,Husband,White,Male,0,0,50,United-States,0.5712296905296971,0
51,Self-emp-inc,180195,HS-grad,9,Married-civ-spouse,Sales,Husband,White,Male,0,0,50,United-States,0.5711925799100381,0
40,Private,89226,Bachelors,13,Married-civ-spouse,Sales,Husband,White,Male,0,0,40,United-States,0.5711798351639665,0
57,Self-emp-inc,220789,HS-grad,9,Married-civ-spouse,Sales,Husband,White,Male,0,0,45,United-States,0.5711521156593782,0
29,Private,168479,Masters,14,Married-civ-spouse,Prof-specialty,Husband,White,Male,0,0,40,United-States,0.571123279789506,0
43,Self-emp-inc,175485,Some-college,10,Married-civ-spouse,Exec-managerial,Husband,White,Male,0,0,40,United-States,0.5711096227449615,0
40,Private,119225,Assoc-voc,11,Married-civ-spouse,Prof-specialty,Husband,White,Male,0,0,40,United-States,0.5708963589794698,0
47,Local-gov,148995,HS-grad,9,Married-civ-spouse,Protective-serv,Husband,White,Male,0,0,60,United-States,0.5708812205415058,0
46,Private,369538,Some-college,10,Married-civ-spouse,Sales,Husband,White,Male,0,0,40,United-States,0.57086680206214,0
46,Private,422813,Some-college,10,Married-civ-spouse,Adm-clerical,Husband,White,Male,0,0,40,United-States,0.57086680206214,0
39,Federal-gov,314822,Some-college,10,Married-civ-spouse,Adm-clerical,Husband,Black,Male,0,0,40,United-States,0.5708488576573372,0
40,Federal-gov,346532,Some-college,10,Married-civ-spouse,Adm-clerical,Husband,Black,Male,0,0,40,United-States,0.5708488576573372,0
29,State-gov,267989,Bachelors,13,Married-civ-spouse,Prof-specialty,Husband,White,Male,0,0,50,United-States,0.5707773997616145,0
43,Self-emp-not-inc,130126,Bachelors,13,Married-civ-spouse,Craft-repair,Husband,White,Male,0,0,40,United-States,0.5705505965368856,0
43,Local-gov,160574,Bachelors,13,Married-civ-spouse,Craft-repair,Husband,White,Male,0,0,40,United-States,0.5705505965368856,0
47,Federal-gov,31339,Some-college,10,Married-civ-spouse,Adm-clerical,Husband,White,Male,0,0,40,United-States,0.5705246019910125,0
42,Private,251795,Some-college,10,Married-civ-spouse,Prof-specialty,Wife,White,Female,0,0,50,United-States,0.5704849974478184,0
58,Federal-gov,81973,Some-college,10,Married-civ-spouse,Tech-support,Husband,Asian-Pac-Islander,Male,0,1485,40,United-States,0.570472117530452,1
27,Private,185670,Bachelors,13,Married-civ-spouse,Sales,Husband,White,Male,0,0,60,United-States,0.5703169522440544,0
40,Private,26892,Bachelors,13,Married-civ-spouse,Adm-clerical,Husband,White,Male,0,0,40,United-States,0.5703037236071447,0
52,Self-emp-inc,68015,Some-college,10,Married-civ-spouse,Sales,Husband,White,Male,0,0,90,United-States,0.5700183120479585,0
50,Private,310774,Bachelors,13,Married-civ-spouse,Sales,Husband,White,Male,0,0,35,United-States,0.5700022331416655,0
40,State-gov,184378,Bachelors,13,Married-civ-spouse,Adm-clerical,Husband,White,Male,0,0,40,United-States,0.5699061263941434,0
50,Private,121685,Some-college,10,Married-civ-spouse,Sales,Husband,White,Male,0,0,45,United-States,0.5698475172181668,0
57,Self-emp-inc,140319,HS-grad,9,Married-civ-spouse,Adm-clerical,Husband,White,Male,0,0,50,United-States,0.5697345877227554,0
33,Self-emp-not-inc,192256,Bachelors,13,Married-civ-spouse,Craft-repair,Husband,White,Male,0,0,50,United-States,0.5696570585787617,0
36,Self-emp-not-inc,109133,Bachelors,13,Married-civ-spouse,Sales,Husband,White,Male,0,0,50,United-States,0.5696258756399858,0
52,Private,343440,Some-college,10,Married-civ-spouse,Prof-specialty,Husband,White,Male,0,0,40,United-States,0.5695930930439147,0
36,Private,123983,Bachelors,13,Married-civ-spouse,Prof-specialty,Husband,Asian-Pac-Islander,Male,0,0,55,Japan,0.5695867685026919,1
46,Self-emp-inc,170850,HS-grad,9,Married-civ-spouse,Sales,Husband,White,Male,0,0,50,United-States,0.5695586916329493,0
52,Private,155434,HS-grad,9,Married-civ-spouse,Exec-managerial,Husband,White,Male,0,0,48,United-States,0.5695114724071149,0
43,Self-emp-inc,150533,Assoc-voc,11,Married-civ-spouse,Exec-managerial,Other-relative,White,Male,0,0,50,United-States,0.569493175026811,0
58,Private,236596,Some-college,10,Married-civ-spouse,Exec-managerial,Husband,White,Male,0,0,40,United-States,0.5694925959539531,0
64,State-gov,211222,Bachelors,13,Married-civ-spouse,Adm-clerical,Husband,White,Male,0,0,40,United-States,0.5693346326589452,0
51,Private,189762,Some-college,10,Married-civ-spouse,Exec-managerial,Wife,White,Female,0,0,15,United-States,0.5693299471444306,0
48,Self-emp-not-inc,167918,Masters,14,Married-civ-spouse,Sales,Husband,Asian-Pac-Islander,Male,0,0,50,India,0.5693046064429093,1
49,State-gov,55938,Bachelors,13,Married-civ-spouse,Adm-clerical,Husband,White,Male,0,0,40,United-States,0.5692752267910861,0
31,Private,155781,Bachelors,13,Married-civ-spouse,Sales,Husband,White,Male,0,0,40,United-States,0.5692565474816995,0
47,Private,296066,Some-college,10,Married-civ-spouse,Prof-specialty,Husband,White,Male,0,0,40,United-States,0.5691286231671419,0
38,Self-emp-not-inc,342635,Bachelors,13,Married-civ-spouse,Prof-specialty,Husband,White,Male,0,0,70,United-States,0.5690921771211122,0
32,Self-emp-not-inc,174789,Bachelors,13,Married-civ-spouse,Prof-specialty,Husband,White,Male,0,0,50,United-States,0.5690785207810656,0
44,Private,147265,Some-college,10,Married-civ-spouse,Exec-managerial,Husband,White,Male,0,0,40,United-States,0.5690660695891038,0
66,Private,126511,Some-college,10,Married-civ-spouse,Exec-managerial,Husband,White,Male,0,0,45,United-States,0.5690542694982329,0
34,Private,349169,Masters,14,Married-civ-spouse,Craft-repair,Husband,White,Male,0,0,40,Mexico,0.5690494827547019,0
45,Private,738812,HS-grad,9,Married-civ-spouse,Craft-repair,Husband,White,Male,0,0,46,United-States,0.5690357382890368,0
47,Private,183522,Some-college,10,Married-civ-spouse,Exec-managerial,Wife,Black,Female,0,0,40,United-States,0.5689991889007623,0
34,Private,213226,Bachelors,13,Married-civ-spouse,Prof-specialty,Husband,White,Male,0,0,40,Iran,0.5688386336737445,1
35,Private,241126,Masters,14,Married-civ-spouse,Sales,Husband,White,Male,0,0,40,United-States,0.5685574312019773,0
45,Private,123075,HS-grad,9,Married-civ-spouse,Exec-managerial,Husband,White,Male,0,0,50,United-States,0.5685386039001503,0
42,Private,208875,Some-college,10,Married-civ-spouse,Exec-managerial,Wife,White,Female,0,0,40,El-Salvador,0.5685384767092982,0
31,Federal-gov,294870,Assoc-acdm,12,Married-civ-spouse,Craft-repair,Husband,White,Male,0,0,40,United-States,0.568522597474641,0
48,Self-emp-not-inc,397466,Some-college,10,Married-civ-spouse,Exec-managerial,Husband,White,Male,0,0,60,United-States,0.5684545982197866,0
36,Private,188069,Some-college,10,Married-civ-spouse,Exec-managerial,Husband,White,Male,0,0,50,United-States,0.5684107806530831,0
45,Private,117409,Some-college,10,Married-civ-spouse,Exec-managerial,Husband,White,Male,0,0,40,United-States,0.5683976797979318,0
37,Self-emp-inc,163998,Assoc-acdm,12,Married-civ-spouse,Sales,Husband,White,Male,0,0,50,United-States,0.5680609664762413,0
59,Private,115414,Some-college,10,Married-civ-spouse,Exec-managerial,Husband,White,Male,0,0,40,United-States,0.5679521785120444,0
38,Self-emp-inc,244803,Some-college,10,Married-civ-spouse,Sales,Husband,White,Male,0,1485,60,Cuba,0.567942299787749,0
39,Private,284166,HS-grad,9,Never-married,Craft-repair,Not-in-family,White,Male,0,1564,50,United-States,0.5679268534133928,0
59,Local-gov,93211,Bachelors,13,Married-civ-spouse,Exec-managerial,Wife,White,Female,0,0,22,United-States,0.5675123341148475,0
38,Private,175360,10th,6,Never-married,Prof-specialty,Not-in-family,White,Male,0,2559,90,United-States,0.5674331304058462,2
42,Self-emp-not-inc,29320,Prof-school,15,Divorced,Prof-specialty,Unmarried,White,Male,0,0,60,United-States,0.5673043538783666,0
55,Federal-gov,176904,HS-grad,9,Married-civ-spouse,Exec-managerial,Husband,White,Male,0,0,40,United-States,0.5671160954713402,0
42,Self-emp-not-inc,27661,Bachelors,13,Married-civ-spouse,Sales,Husband,White,Male,0,0,45,United-States,0.5670255968602124,0
53,Private,233165,HS-grad,9,Married-civ-spouse,Exec-managerial,Husband,White,Male,0,0,60,United-States,0.5669230402276292,0
44,Self-emp-inc,95150,Some-college,10,Married-civ-spouse,Exec-managerial,Husband,White,Male,0,0,50,United-States,0.5669191114047881,0
45,Private,232586,Some-college,10,Married-civ-spouse,Craft-repair,Husband,White,Male,0,0,50,United-States,0.5669083247930399,0
50,Private,213296,Some-college,10,Married-civ-spouse,Craft-repair,Husband,White,Male,0,0,48,United-States,0.5669083247930399,0
41,Private,106900,Bachelors,13,Married-civ-spouse,Tech-support,Husband,White,Male,0,0,38,United-States,0.5668782596511701,0
45,Private,106113,Some-college,10,Married-civ-spouse,Exec-managerial,Husband,White,Male,0,0,40,United-States,0.5667294586400038,0
35,Private,193961,Bachelors,13,Married-civ-spouse,Prof-specialty,Husband,Asian-Pac-Islander,Male,0,0,40,Philippines,0.5666623967626062,1
40,Private,362482,Assoc-voc,11,Married-civ-spouse,Sales,Husband,White,Male,0,0,50,United-States,0.5665641024770568,0
30,State-gov,48214,Masters,14,Married-civ-spouse,Prof-specialty,Wife,White,Female,0,0,50,United-States,0.5665467758561075,0
43,Private,33126,Some-college,10,Married-civ-spouse,Exec-managerial,Husband,White,Male,0,0,50,United-States,0.5664459155840681,0
31,Private,136398,Doctorate,16,Married-civ-spouse,Prof-specialty,Husband,Asian-Pac-Islander,Male,0,0,50,Thailand,0.5664441347262928,3
39,Private,103260,Bachelors,13,Married-civ-spouse,Craft-repair,Wife,White,Female,0,0,30,United-States,0.5664389932605034,0
36,Private,160035,Some-college,10,Married-civ-spouse,Exec-managerial,Husband,White,Male,0,0,55,United-States,0.5664373512366462,0
36,Private,150057,Some-college,10,Married-civ-spouse,Exec-managerial,Husband,White,Male,0,0,65,United-States,0.5664373512366462,0
46,Private,270565,Assoc-voc,11,Married-civ-spouse,Prof-specialty,Husband,White,Male,0,0,60,United-States,0.5664207530642077,0
40,Private,205195,Assoc-acdm,12,Married-civ-spouse,Sales,Husband,White,Male,0,0,60,United-States,0.566329051733217,0
45,Local-gov,37306,Bachelors,13,Married-civ-spouse,Prof-specialty,Husband,White,Male,0,0,45,United-States,0.5662612298477481,0
51,Private,245873,Some-college,10,Married-civ-spouse,Adm-clerical,Wife,White,Female,0,0,40,United-States,0.5662543188769688,0
51,Local-gov,240358,HS-grad,9,Married-civ-spouse,Protective-serv,Husband,White,Male,0,0,40,United-States,0.5660444196027721,0
52,Self-emp-not-inc,104501,Some-college,10,Married-civ-spouse,Tech-support,Husband,White,Male,0,0,60,United-States,0.5659554711067404,0
45,Private,151518,HS-grad,9,Married-civ-spouse,Exec-managerial,Husband,White,Male,0,0,45,United-States,0.5658769095444218,0
50,Private,162632,HS-grad,9,Married-civ-spouse,Exec-managerial,Husband,White,Male,0,0,45,United-States,0.5658769095444218,0
32,Self-emp-not-inc,298332,Bachelors,13,Married-civ-spouse,Prof-specialty,Husband,White,Male,0,0,45,United-States,0.5657077016280683,0
42,Private,118494,Some-college,10,Married-civ-spouse,Prof-specialty,Husband,White,Male,0,0,44,United-States,0.5656943786199412,0
54,Federal-gov,127455,Some-college,10,Married-civ-spouse,Protective-serv,Husband,White,Male,0,0,48,United-States,0.5655765627958377,0
42,Private,34037,Doctorate,16,Never-married,Prof-specialty,Not-in-family,White,Male,0,0,50,United-States,0.5655560559049815,0
35,Self-emp-inc,368825,Some-college,10,Married-civ-spouse,Sales,Husband,White,Male,0,0,60,United-States,0.5654960907462102,0
31,Local-gov,178449,Prof-school,15,Married-civ-spouse,Prof-specialty,Husband,White,Male,0,0,40,United-States,0.5654217160012078,0
46,Private,184632,Assoc-voc,11,Married-civ-spouse,Craft-repair,Husband,White,Male,0,0,50,United-States,0.565404377711832,0
31,Federal-gov,281540,Assoc-acdm,12,Married-civ-spouse,Tech-support,Husband,White,Male,0,0,45,United-States,0.5653054099119643,0
44,Self-emp-not-inc,167280,Bachelors,13,Married-civ-spouse,Sales,Husband,White,Male,0,0,40,United-States,0.5652531603441613,0
56,State-gov,54260,Doctorate,16,Married-civ-spouse,Prof-specialty,Not-in-family,Asian-Pac-Islander,Male,2885,0,40,China,0.5650478187788148,3
36,Federal-gov,210945,Some-college,10,Married-civ-spouse,Adm-clerical,Husband,White,Male,0,0,70,United-States,0.5649829989172308,0
51,Federal-gov,72436,HS-grad,9,Married-civ-spouse,Exec-managerial,Husband,White,Male,0,0,57,United-States,0.564908712313909,0
45,Self-emp-not-inc,160724,Bachelors,13,Married-civ-spouse,Exec-managerial,Husband,Asian-Pac-Islander,Male,0,0,45,China,0.5647552247112856,1
55,Private,98746,Some-college,10,Married-civ-spouse,Tech-support,Husband,White,Male,0,0,50,Canada,0.5647327162206311,0
63,Self-emp-inc,96930,Assoc-acdm,12,Married-civ-spouse,Sales,Husband,White,Male,0,0,40,United-States,0.5647210709845683,0
43,State-gov,227910,Assoc-voc,11,Married-civ-spouse,Prof-specialty,Wife,White,Female,0,0,40,United-States,0.5645452513614783,0
50,Private,92079,Some-college,10,Married-civ-spouse,Tech-support,Husband,White,Male,0,0,45,United-States,0.5642055344514698,0
62,Self-emp-not-inc,75478,Bachelors,13,Married-civ-spouse,Exec-managerial,Husband,White,Male,0,0,40,United-States,0.5640672657750452,0
41,Private,265266,Assoc-acdm,12,Married-civ-spouse,Tech-support,Husband,White,Male,0,0,40,United-States,0.5639877267491193,0
46,Self-emp-not-inc,113434,Bachelors,13,Married-civ-spouse,Craft-repair,Husband,White,Male,0,0,40,United-States,0.5639699484237578,0
62,Private,211408,Assoc-voc,11,Married-civ-spouse,Tech-support,Husband,White,Male,0,0,40,United-States,0.5635619430676561,0
32,Self-emp-inc,209691,Bachelors,13,Married-civ-spouse,Craft-repair,Husband,White,Male,0,0,50,Canada,0.5635577984653537,0
62,?,232719,Masters,14,Married-civ-spouse,?,Husband,White,Male,0,0,50,United-States,0.5635022666651727,0
57,Federal-gov,66504,Prof-school,15,Divorced,Prof-specialty,Not-in-family,White,Female,0,0,50,United-States,0.5633549860582135,0
37,Local-gov,397877,Bachelors,13,Married-civ-spouse,Adm-clerical,Husband,White,Male,0,0,40,United-States,0.5633357740448763,0
35,Private,218955,Bachelors,13,Married-civ-spouse,Sales,Husband,White,Male,0,0,40,United-States,0.5632009648137175,0
51,Federal-gov,45334,Some-college,10,Married-civ-spouse,Protective-serv,Husband,Asian-Pac-Islander,Male,0,0,70,?,0.5631932820385227,1
29,Private,144259,Bachelors,13,Married-civ-spouse,Handlers-cleaners,Husband,Black,Male,4386,0,80,?,0.5631608959733122,0
38,Private,111377,Some-college,10,Married-civ-spouse,Exec-managerial,Husband,White,Male,0,0,55,United-States,0.5631362480942863,0
27,Private,359155,Bachelors,13,Married-civ-spouse,Prof-specialty,Wife,White,Female,0,0,40,United-States,0.5631221313992519,0
42,Private,385591,HS-grad,9,Married-civ-spouse,Exec-managerial,Husband,White,Male,0,0,50,United-States,0.5630279171136235,0
42,Private,185602,HS-grad,9,Married-civ-spouse,Exec-managerial,Wife,White,Female,0,0,40,United-States,0.5630214450175737,0
46,Private,375606,Doctorate,16,Never-married,Prof-specialty,Not-in-family,White,Male,0,0,40,United-States,0.5630163209897191,0
36,Private,167482,Bachelors,13,Married-civ-spouse,Adm-clerical,Husband,White,Male,0,0,40,United-States,0.5629888789816536,0
48,Private,173938,HS-grad,9,Married-civ-spouse,Exec-managerial,Husband,White,Male,0,0,60,United-States,0.5629550765338541,0
55,Private,247552,Some-college,10,Married-civ-spouse,Sales,Husband,White,Male,0,0,56,United-States,0.5625764440533804,0
43,Private,137126,Some-college,10,Married-civ-spouse,Exec-managerial,Husband,White,Male,0,0,40,United-States,0.5625732091015467,0
27,Private,137063,Bachelors,13,Married-civ-spouse,Sales,Husband,White,Male,0,0,50,United-States,0.5625526296998774,0
37,Self-emp-inc,97986,Assoc-acdm,12,Married-civ-spouse,Sales,Husband,White,Male,0,0,68,United-States,0.5625306548514141,0
28,Private,141350,Bachelors,13,Married-civ-spouse,Exec-managerial,Husband,White,Male,0,0,45,United-States,0.5625208230218959,0
40,Self-emp-not-inc,209040,Bachelors,13,Married-civ-spouse,Sales,Husband,White,Male,0,0,40,United-States,0.5625011525850296,0
46,Private,150499,Assoc-acdm,12,Married-civ-spouse,Craft-repair,Husband,White,Male,0,0,40,United-States,0.5623427403639749,0
41,Private,112181,Bachelors,13,Married-civ-spouse,Sales,Wife,White,Female,0,0,12,United-States,0.5623290167469023,0
33,Local-gov,242150,Assoc-voc,11,Married-civ-spouse,Tech-support,Husband,White,Male,0,0,50,United-States,0.5622171522917581,0
36,Private,203482,Assoc-acdm,12,Married-civ-spouse,Prof-specialty,Husband,White,Male,0,0,40,United-States,0.5621248474822593,0
45,Private,168038,Bachelors,13,Married-civ-spouse,Exec-managerial,Husband,White,Male,0,0,32,United-States,0.5621048725117158,0
58,Self-emp-inc,100960,HS-grad,9,Married-civ-spouse,Sales,Husband,White,Male,0,0,50,United-States,0.5619691340682373,0
41,Private,42563,Bachelors,13,Married-civ-spouse,Tech-support,Wife,White,Female,0,0,25,United-States,0.5619119772163006,0
54,Private,256916,HS-grad,9,Married-civ-spouse,Exec-managerial,Husband,White,Male,0,0,45,United-States,0.5617925437154129,0
27,Private,112754,Bachelors,13,Married-civ-spouse,Exec-managerial,Husband,White,Male,0,1485,60,United-States,0.5617213974089947,0
43,State-gov,199806,Bachelors,13,Married-civ-spouse,Adm-clerical,Husband,White,Male,0,0,40,United-States,0.5617075197937101,0
36,Private,52327,Masters,14,Married-civ-spouse,Prof-specialty,Husband,Other,Male,0,0,40,Iran,0.561632620004778,2
41,Private,160785,Assoc-voc,11,Married-civ-spouse,Exec-managerial,Husband,White,Male,0,0,40,United-States,0.5616077095818227,0
35,Private,224889,Bachelors,13,Married-civ-spouse,Sales,Husband,White,Male,0,0,40,United-States,0.561596213221947,0
46,Private,403911,Assoc-voc,11,Married-civ-spouse,Craft-repair,Husband,Black,Male,0,0,40,United-States,0.561520185763043,0
47,Self-emp-not-inc,236111,Some-college,10,Married-civ-spouse,Prof-specialty,Husband,Other,Male,0,0,55,United-States,0.5614263914700789,2
30,Private,328242,Bachelors,13,Married-civ-spouse,Exec-managerial,Husband,Asian-Pac-Islander,Male,0,0,40,Hong,0.5614099234229932,1
43,Self-emp-inc,170785,Some-college,10,Married-civ-spouse,Sales,Husband,White,Male,0,0,55,United-States,0.5612029285518504,0
54,Private,421561,Some-college,10,Married-civ-spouse,Prof-specialty,Husband,White,Male,0,0,40,United-States,0.5608270722437373,0
41,Self-emp-inc,423217,Bachelors,13,Divorced,Exec-managerial,Not-in-family,White,Male,0,0,50,United-States,0.5607706194610674,0
49,Self-emp-inc,86701,Some-college,10,Married-civ-spouse,Craft-repair,Husband,Asian-Pac-Islander,Male,0,0,56,United-States,0.5607704920985992,0
39,Private,230329,Bachelors,13,Married-civ-spouse,Sales,Husband,White,Male,0,0,40,Canada,0.5606300023272116,0
43,Private,284403,Assoc-acdm,12,Married-civ-spouse,Sales,Husband,Black,Male,0,0,60,United-States,0.5605827039237655,0
64,Private,312498,Bachelors,13,Married-civ-spouse,Sales,Husband,White,Male,0,0,40,United-States,0.560542168357897,0
41,Self-emp-not-inc,151990,Assoc-voc,11,Married-civ-spouse,Prof-specialty,Wife,White,Female,0,0,15,United-States,0.5605194877325518,0
46,Private,328669,Assoc-voc,11,Married-civ-spouse,Craft-repair,Husband,White,Male,0,0,42,United-States,0.5605090071333995,0
44,Private,174189,Some-college,10,Married-civ-spouse,Sales,Husband,White,Male,0,0,60,United-States,0.5604296805700729,0
31,Local-gov,356689,Bachelors,13,Married-civ-spouse,Prof-specialty,Husband,White,Male,0,0,40,United-States,0.5603156191428713,0
29,Private,168138,Bachelors,13,Married-civ-spouse,Protective-serv,Husband,White,Male,0,0,40,United-States,0.5602820139465142,0
31,Local-gov,192565,Masters,14,Married-civ-spouse,Prof-specialty,Husband,White,Male,0,0,90,United-States,0.5602038507322143,0
47,Federal-gov,282830,Assoc-acdm,12,Married-civ-spouse,Adm-clerical,Husband,Black,Male,0,0,40,United-States,0.560189954680692,0
51,Private,153870,HS-grad,9,Married-civ-spouse,Tech-support,Husband,White,Male,0,0,40,United-States,0.5601684142195986,0
56,Self-emp-inc,267763,HS-grad,9,Married-civ-spouse,Exec-managerial,Husband,White,Male,0,0,40,?,0.5600622868824578,0
55,Self-emp-not-inc,349910,Assoc-acdm,12,Married-civ-spouse,Sales,Husband,White,Male,0,0,60,United-States,0.5600424679511055,0
39,Private,138192,Bachelors,13,Married-civ-spouse,Craft-repair,Husband,White,Male,0,0,40,United-States,0.5598405361269364,0
50,Self-emp-inc,100029,Bachelors,13,Widowed,Sales,Unmarried,White,Male,0,0,65,United-States,0.5598335659201404,0
36,Private,145933,HS-grad,9,Never-married,Exec-managerial,Not-in-family,White,Male,0,2258,70,United-States,0.5596670522340711,0
52,Private,284329,Some-college,10,Married-civ-spouse,Craft-repair,Husband,White,Male,0,0,45,United-States,0.5596610367610221,0
55,Private,181220,HS-grad,9,Married-civ-spouse,Exec-managerial,Husband,White,Male,0,0,50,United-States,0.5596510342631629,0
39,Private,148903,HS-grad,9,Divorced,Sales,Not-in-family,White,Female,4687,0,50,United-States,0.5596112131608323,0
42,Private,92288,Masters,14,Married-civ-spouse,Sales,Husband,Asian-Pac-Islander,Male,0,0,40,?,0.5596094067464769,1
39,Private,203204,Assoc-acdm,12,Married-civ-spouse,Adm-clerical,Wife,White,Female,0,0,25,United-States,0.5595177222462885,0
44,Self-emp-not-inc,182771,Bachelors,13,Married-civ-spouse,Exec-managerial,Husband,Asian-Pac-Islander,Male,0,0,48,South,0.559261397812012,1
38,Private,179579,Some-college,10,Married-civ-spouse,Prof-specialty,Husband,White,Male,0,0,50,?,0.5592008900964929,0
67,?,45537,Masters,14,Married-civ-spouse,?,Husband,Black,Male,0,0,40,United-States,0.5591630541639828,1
69,?,106566,Doctorate,16,Married-civ-spouse,?,Husband,White,Male,0,0,50,United-States,0.5590064078833619,0
30,Self-emp-inc,109282,Bachelors,13,Married-civ-spouse,Sales,Husband,White,Male,0,0,52,United-States,0.5587643047973463,0
59,Private,365390,Some-college,10,Married-civ-spouse,Craft-repair,Husband,White,Male,0,0,40,United-States,0.5585543688979743,0
47,Private,368561,Some-college,10,Married-civ-spouse,Craft-repair,Husband,White,Male,0,0,40,United-States,0.5585543688979743,0
52,Local-gov,186117,HS-grad,9,Married-civ-spouse,Protective-serv,Husband,White,Male,0,0,56,United-States,0.558468361952938,0
66,Self-emp-inc,220543,HS-grad,9,Married-civ-spouse,Adm-clerical,Wife,White,Female,0,0,40,United-States,0.5584153254393787,0
54,Self-emp-not-inc,392286,Assoc-acdm,12,Married-civ-spouse,Sales,Husband,White,Male,0,0,50,United-States,0.5583860837626515,0
42,Private,262425,Some-college,10,Married-civ-spouse,Prof-specialty,Husband,White,Male,0,0,50,United-States,0.5583229756167294,0
35,Self-emp-not-inc,98360,Bachelors,13,Married-civ-spouse,Prof-specialty,Husband,White,Male,0,0,40,United-States,0.5582818633688501,0
51,Federal-gov,190333,Some-college,10,Married-civ-spouse,Craft-repair,Husband,White,Male,0,0,40,United-States,0.5581996359902061,0
45,Private,278151,HS-grad,9,Married-civ-spouse,Protective-serv,Husband,White,Male,0,0,40,United-States,0.5581047332470633,0
47,Private,387468,Some-college,10,Married-civ-spouse,Prof-specialty,Husband,White,Male,0,0,40,Scotland,0.5580756634863466,0
58,Private,119558,HS-grad,9,Married-civ-spouse,Exec-managerial,Husband,White,Male,0,0,50,United-States,0.5578319214107627,0
48,Self-emp-not-inc,265477,Assoc-acdm,12,Married-civ-spouse,Prof-specialty,Husband,White,Male,0,0,40,United-States,0.5578036461908992,0
27,Private,330132,Bachelors,13,Married-civ-spouse,Tech-support,Wife,White,Female,0,0,40,United-States,0.557773335971805,0
46,Private,405309,HS-grad,9,Married-civ-spouse,Exec-managerial,Husband,White,Male,0,0,40,United-States,0.5576314015204364,0
29,Private,53181,Masters,14,Married-civ-spouse,Prof-specialty,Husband,White,Male,0,0,55,United-States,0.5576030769523538,0
46,Local-gov,125892,Some-college,10,Married-civ-spouse,Protective-serv,Husband,White,Male,0,0,40,United-States,0.5573263773062207,0
56,Private,193130,Prof-school,15,Married-civ-spouse,Exec-managerial,Husband,White,Male,0,0,16,United-States,0.5572786462603865,0
31,Private,284395,Bachelors,13,Married-civ-spouse,Sales,Husband,White,Male,0,0,40,United-States,0.5572435240606818,0
48,Private,121124,HS-grad,9,Married-civ-spouse,Exec-managerial,Husband,White,Male,0,0,50,United-States,0.5572368823021816,0
50,Private,44368,Some-college,10,Married-civ-spouse,Exec-managerial,Husband,White,Male,0,0,40,United-States,0.5571468631335713,0
47,Local-gov,265097,HS-grad,9,Married-civ-spouse,Other-service,Husband,White,Male,4386,0,40,United-States,0.556986047564518,0
40,Private,200479,Assoc-voc,11,Married-civ-spouse,Prof-specialty,Husband,White,Male,0,0,40,United-States,0.5569086692960941,0
47,Local-gov,39986,Bachelors,13,Married-civ-spouse,Prof-specialty,Husband,White,Male,0,0,40,United-States,0.5568693528083232,0
51,Federal-gov,140035,HS-grad,9,Married-civ-spouse,Adm-clerical,Husband,White,Male,0,0,40,United-States,0.5568342790041102,0
34,Self-emp-inc,114733,Assoc-acdm,12,Married-civ-spouse,Adm-clerical,Wife,White,Female,0,0,36,United-States,0.5567891046563879,0
42,Private,135056,Some-college,10,Married-civ-spouse,Adm-clerical,Wife,White,Female,0,0,40,United-States,0.5566481418237794,0
43,Private,153160,Some-college,10,Married-civ-spouse,Adm-clerical,Wife,White,Female,0,0,40,United-States,0.5566481418237794,0
54,Private,205337,Bachelors,13,Never-married,Exec-managerial,Not-in-family,White,Male,0,0,50,United-States,0.5566480343568558,0
43,Private,347653,Some-college,10,Married-civ-spouse,Prof-specialty,Husband,White,Male,0,0,48,United-States,0.5565685979148078,0
52,Self-emp-inc,206054,Some-college,10,Married-civ-spouse,Craft-repair,Husband,White,Male,0,0,40,United-States,0.5564139498721701,0
41,Private,169104,Bachelors,13,Married-civ-spouse,Craft-repair,Husband,Asian-Pac-Islander,Male,0,0,40,?,0.556354254445372,1
30,Private,165235,Bachelors,13,Married-civ-spouse,Adm-clerical,Wife,Asian-Pac-Islander,Female,0,0,40,Philippines,0.5562095263001134,1
47,Local-gov,173938,Bachelors,13,Married-civ-spouse,Craft-repair,Husband,White,Male,0,0,50,United-States,0.5560195313182749,0
48,Private,98524,Assoc-acdm,12,Married-civ-spouse,Craft-repair,Husband,White,Male,0,0,45,United-States,0.5557705098041995,0
41,Local-gov,47902,Bachelors,13,Married-civ-spouse,Prof-specialty,Husband,White,Male,0,0,45,United-States,0.555680080819144,0
40,Private,94080,Assoc-acdm,12,Married-civ-spouse,Exec-managerial,Husband,White,Male,0,0,40,United-States,0.5556626150976243,0
30,Private,447739,Doctorate,16,Never-married,Prof-specialty,Not-in-family,White,Male,0,0,60,United-States,0.5556348741698811,0
37,Self-emp-inc,126675,Assoc-voc,11,Married-civ-spouse,Sales,Husband,White,Male,0,0,60,United-States,0.5555934851318907,0
66,Private,117746,Bachelors,13,Married-civ-spouse,Sales,Husband,White,Male,0,0,50,United-States,0.5555654571245036,0
35,Private,178322,Bachelors,13,Married-civ-spouse,Sales,Husband,White,Male,0,0,40,United-States,0.5555488028568925,0
36,Private,143486,Bachelors,13,Married-civ-spouse,Sales,Husband,White,Male,0,0,40,United-States,0.5555488028568925,0
35,Private,183800,Bachelors,13,Married-civ-spouse,Adm-clerical,Husband,White,Male,0,0,40,United-States,0.5555488028568925,0
28,Private,224634,Bachelors,13,Married-civ-spouse,Prof-specialty,Wife,White,Female,0,0,45,United-States,0.5554966694326046,0
31,Private,134613,Assoc-voc,11,Married-civ-spouse,Exec-managerial,Wife,Black,Female,0,0,43,United-States,0.5554102515491586,0
38,Private,111499,Prof-school,15,Never-married,Prof-specialty,Not-in-family,White,Female,0,0,50,United-States,0.5553994503307518,0
34,Private,561334,Some-college,10,Married-civ-spouse,Exec-managerial,Husband,White,Male,0,0,50,United-States,0.5552448827543562,0
65,Private,93318,Some-college,10,Married-civ-spouse,Exec-managerial,Wife,White,Female,0,0,45,United-States,0.5552311500449726,0
43,Private,313022,HS-grad,9,Married-civ-spouse,Machine-op-inspct,Husband,Black,Male,4386,0,40,United-States,0.5550325878451733,0
48,Private,212954,Some-college,10,Married-civ-spouse,Craft-repair,Husband,White,Male,0,0,60,United-States,0.5548939260019187,0
30,Private,108247,Bachelors,13,Married-civ-spouse,Prof-specialty,Husband,White,Male,0,0,40,United-States,0.5548580592525072,0
47,State-gov,187581,Assoc-voc,11,Married-civ-spouse,Tech-support,Husband,White,Male,0,0,48,United-States,0.5547282888053173,0
46,Private,72896,Some-college,10,Married-civ-spouse,Exec-managerial,Husband,White,Male,0,0,50,United-States,0.5547145062321925,0
26,Private,152452,Bachelors,13,Married-civ-spouse,Tech-support,Husband,White,Male,0,0,50,United-States,0.5546560523378071,0
50,Private,187830,Bachelors,13,Never-married,Exec-managerial,Not-in-family,White,Male,0,0,50,United-States,0.5545926886141593,0
36,Private,161141,Assoc-acdm,12,Married-civ-spouse,Prof-specialty,Husband,White,Male,0,0,40,United-States,0.5544687772496595,0
41,Private,168324,Some-college,10,Married-civ-spouse,Adm-clerical,Wife,White,Female,0,0,40,United-States,0.5544291768187117,0
50,Federal-gov,251585,Bachelors,13,Divorced,Exec-managerial,Not-in-family,White,Male,0,0,55,United-States,0.554217789284227,0
43,Private,115178,Assoc-voc,11,Married-civ-spouse,Adm-clerical,Wife,White,Female,0,0,40,United-States,0.5541405879506299,0
42,?,321086,Masters,14,Married-civ-spouse,?,Husband,White,Male,0,0,50,United-States,0.5540697820825699,0
48,Private,112906,Masters,14,Married-civ-spouse,Transport-moving,Husband,White,Male,0,0,55,United-States,0.5540599505304543,0
38,Private,32916,Some-college,10,Married-civ-spouse,Exec-managerial,Husband,White,Male,0,0,45,United-States,0.5539871432250986,0
58,Private,239523,HS-grad,9,Married-civ-spouse,Exec-managerial,Husband,White,Male,0,0,45,United-States,0.5539099926079253,0
39,Local-gov,256997,Bachelors,13,Married-civ-spouse,Craft-repair,Husband,White,Male,0,0,40,United-States,0.5538886834893713,0
57,Federal-gov,170603,Some-college,10,Married-civ-spouse,Adm-clerical,Husband,White,Male,0,0,40,United-States,0.5538676797148155,0
37,Private,185061,Some-college,10,Married-civ-spouse,Exec-managerial,Husband,Asian-Pac-Islander,Male,0,0,55,United-States,0.5538316381593166,1
51,State-gov,68898,Assoc-voc,11,Divorced,Tech-support,Not-in-family,White,Male,0,2444,39,United-States,0.5536186290001522,0
51,Private,254230,Some-college,10,Married-civ-spouse,Exec-managerial,Husband,White,Male,0,0,40,United-States,0.5533885840314892,0
28,Private,90196,Bachelors,13,Married-civ-spouse,Exec-managerial,Husband,White,Male,0,0,45,United-States,0.5533748144047282,0
62,Without-pay,159908,Some-college,10,Married-civ-spouse,Adm-clerical,Wife,White,Female,0,0,16,United-States,0.5533692140166376,0
49,Federal-gov,229376,HS-grad,9,Married-civ-spouse,Adm-clerical,Husband,White,Male,0,0,40,United-States,0.5532779066705591,0
42,Private,157443,Bachelors,13,Married-civ-spouse,Prof-specialty,Wife,Asian-Pac-Islander,Female,0,0,27,Taiwan,0.5532043564933109,1
48,Federal-gov,110457,Some-college,10,Married-civ-spouse,Craft-repair,Husband,White,Male,0,0,40,United-States,0.5531092602921617,0
53,Private,103931,Some-college,10,Married-civ-spouse,Prof-specialty,Husband,White,Male,0,0,40,United-States,0.5530360860941504,0
35,Private,140564,Bachelors,13,Married-civ-spouse,Sales,Husband,White,Male,0,0,40,United-States,0.5530255111098475,0
61,Private,238913,Assoc-voc,11,Married-civ-spouse,Tech-support,Husband,White,Male,0,0,40,United-States,0.5528662439997595,0
40,?,351161,Masters,14,Married-civ-spouse,?,Husband,White,Male,0,0,60,United-States,0.5528649297407552,0
44,Private,187821,Bachelors,13,Married-civ-spouse,Transport-moving,Husband,White,Male,0,0,55,United-States,0.5528517751345161,0
61,Self-emp-inc,148577,HS-grad,9,Married-civ-spouse,Sales,Husband,White,Male,0,0,55,United-States,0.5528355723374387,0
33,State-gov,156015,Bachelors,13,Married-civ-spouse,Exec-managerial,Husband,White,Male,0,0,40,United-States,0.5527812463610053,0
27,Private,55743,Bachelors,13,Married-civ-spouse,Exec-managerial,Wife,Black,Female,0,0,45,United-States,0.552767074224402,0
50,Self-emp-inc,195322,Doctorate,16,Separated,Prof-specialty,Not-in-family,White,Male,0,0,40,United-States,0.5527438367988199,0
43,Local-gov,159449,Some-college,10,Married-civ-spouse,Protective-serv,Husband,White,Male,0,0,40,United-States,0.5527146548640193,0
30,Private,103649,Bachelors,13,Married-civ-spouse,Adm-clerical,Wife,Black,Female,0,0,40,United-States,0.5525589136780089,0
39,Self-emp-not-inc,336793,Masters,14,Married-civ-spouse,Craft-repair,Husband,White,Male,0,0,55,United-States,0.5524564010990812,0
50,State-gov,133014,Assoc-voc,11,Married-civ-spouse,Prof-specialty,Husband,White,Male,0,0,40,United-States,0.5524520811013058,0
28,Local-gov,34452,Prof-school,15,Married-civ-spouse,Prof-specialty,Husband,White,Male,0,0,40,United-States,0.5524307944626943,0
39,Private,172425,Assoc-voc,11,Married-civ-spouse,Adm-clerical,Wife,White,Female,0,0,20,United-States,0.5523444934466293,0
45,Private,190482,Assoc-voc,11,Married-civ-spouse,Craft-repair,Husband,White,Male,0,0,76,United-States,0.5522918332047065,0
42,Local-gov,19700,Bachelors,13,Married-civ-spouse,Prof-specialty,Wife,White,Female,0,0,50,United-States,0.5522489494211782,0
49,Local-gov,123088,Some-college,10,Married-civ-spouse,Exec-managerial,Husband,White,Male,0,0,46,United-States,0.5522266719661125,0
48,Private,266764,Some-college,10,Married-civ-spouse,Craft-repair,Husband,White,Male,0,0,45,United-States,0.5521311926090927,0
33,Private,312881,Bachelors,13,Married-civ-spouse,Prof-specialty,Husband,Black,Male,0,0,40,United-States,0.5521202814789374,0
49,Local-gov,199378,HS-grad,9,Married-civ-spouse,Protective-serv,Husband,White,Male,0,0,40,United-States,0.552088453225101,0
41,Private,103980,Some-college,10,Married-civ-spouse,Prof-specialty,Husband,White,Male,0,0,52,United-States,0.5520869769249503,0
51,?,165637,Masters,14,Married-civ-spouse,?,Husband,White,Male,0,0,40,United-States,0.551996536522897,0
56,Private,220187,Some-college,10,Married-civ-spouse,Sales,Husband,White,Male,0,0,45,United-States,0.5519808674392683,0
61,Private,183735,Some-college,10,Married-civ-spouse,Sales,Husband,White,Male,0,0,45,United-States,0.5519808674392683,0
46,Private,195833,Bachelors,13,Married-civ-spouse,Transport-moving,Husband,White,Male,0,0,50,?,0.5519355417351804,0
41,Self-emp-inc,149102,Bachelors,13,Married-civ-spouse,Exec-managerial,Husband,White,Male,0,0,35,United-States,0.5519082595856295,0
48,Private,123075,Assoc-voc,11,Married-civ-spouse,Tech-support,Husband,White,Male,0,0,40,United-States,0.5518650958698472,0
37,Private,192939,Bachelors,13,Married-civ-spouse,Craft-repair,Husband,White,Male,0,0,40,United-States,0.551860759536847,0
54,Self-emp-inc,196328,Bachelors,13,Married-civ-spouse,Sales,Husband,Black,Male,0,0,40,Jamaica,0.5518573835357369,0
32,Local-gov,209900,Bachelors,13,Married-civ-spouse,Prof-specialty,Husband,White,Male,0,0,65,United-States,0.5518429295167656,0
29,Private,270421,Bachelors,13,Married-civ-spouse,Craft-repair,Husband,White,Male,0,0,50,United-States,0.5517464880577341,0
38,Local-gov,227154,Bachelors,13,Married-civ-spouse,Craft-repair,Husband,Asian-Pac-Islander,Male,0,0,40,Philippines,0.5516703254195968,1
40,Private,136244,Some-college,10,Married-civ-spouse,Adm-clerical,Wife,White,Female,0,0,40,United-States,0.5516517642811585,0
44,Local-gov,165304,Some-college,10,Married-civ-spouse,Exec-managerial,Husband,White,Male,0,1485,40,United-States,0.5515951547714902,0
63,Private,137192,Bachelors,13,Married-civ-spouse,Craft-repair,Husband,Asian-Pac-Islander,Male,0,0,40,South,0.5515104171521349,1
32,Private,101709,Bachelors,13,Married-civ-spouse,Prof-specialty,Husband,Asian-Pac-Islander,Male,0,0,40,United-States,0.5514681116663148,1
47,Private,427055,Some-college,10,Married-civ-spouse,Adm-clerical,Husband,White,Male,0,0,45,Mexico,0.5514132416499842,0
62,Self-emp-not-inc,71467,Bachelors,13,Married-civ-spouse,Craft-repair,Husband,White,Male,0,0,55,United-States,0.5513905575432856,0
47,Self-emp-inc,205100,HS-grad,9,Married-civ-spouse,Prof-specialty,Husband,White,Male,0,0,38,Germany,0.5511790466860055,0
35,Private,343403,Doctorate,16,Married-civ-spouse,Tech-support,Wife,White,Female,0,0,20,?,0.5511585696202826,1
31,Private,34572,Bachelors,13,Married-civ-spouse,Sales,Husband,White,Male,0,0,55,United-States,0.5511367677039026,0
41,Private,182303,Some-college,10,Married-civ-spouse,Sales,Husband,White,Male,0,0,50,United-States,0.5509710779751064,0
41,Private,153031,Some-college,10,Married-civ-spouse,Sales,Husband,White,Male,0,0,65,United-States,0.5509710779751064,0
57,Self-emp-inc,282913,HS-grad,9,Married-civ-spouse,Sales,Husband,White,Male,0,0,40,Cuba,0.5508407582727871,0
64,Private,137205,Assoc-voc,11,Married-civ-spouse,Craft-repair,Husband,White,Male,0,0,48,United-States,0.5507752471775053,0
41,Private,168730,Some-college,10,Married-civ-spouse,Sales,Husband,White,Male,0,0,50,United-States,0.550667665642622,0
33,Federal-gov,78307,Bachelors,13,Married-civ-spouse,Prof-specialty,Husband,White,Male,0,0,40,United-States,0.5506499486244129,0
50,State-gov,356619,HS-grad,9,Married-civ-spouse,Prof-specialty,Husband,White,Male,0,0,48,United-States,0.5506336331831105,0
33,Private,41610,Bachelors,13,Married-civ-spouse,Prof-specialty,Husband,White,Male,0,0,40,United-States,0.55063237430022,0
34,Self-emp-inc,177675,Some-college,10,Married-civ-spouse,Exec-managerial,Husband,White,Male,0,0,65,United-States,0.5506059268422262,0
30,Local-gov,235271,Bachelors,13,Married-civ-spouse,Prof-specialty,Husband,White,Male,0,0,50,United-States,0.5505648277281003,0
45,Self-emp-not-inc,33234,Bachelors,13,Married-civ-spouse,Sales,Husband,White,Male,0,0,40,United-States,0.5504491780985526,0
45,Private,101977,Some-college,10,Married-civ-spouse,Sales,Husband,White,Male,0,0,45,United-States,0.5503896365682202,0
51,Private,146813,Some-college,10,Married-civ-spouse,Prof-specialty,Husband,White,Male,0,0,40,United-States,0.5503451074625105,0
51,Private,133336,HS-grad,9,Married-civ-spouse,Tech-support,Husband,White,Male,0,0,40,United-States,0.5503320011766707,0
40,Private,202565,Assoc-acdm,12,Married-civ-spouse,Sales,Husband,White,Male,0,0,52,United-States,0.5502521221641126,0
36,Private,181065,Assoc-acdm,12,Married-civ-spouse,Tech-support,Husband,White,Male,0,0,40,United-States,0.5501113311442892,0
34,Private,143083,Assoc-voc,11,Married-civ-spouse,Adm-clerical,Wife,White,Female,0,0,18,United-States,0.5500276649164832,0
35,Private,107302,Masters,14,Married-civ-spouse,Sales,Husband,White,Male,0,0,40,India,0.5498555176825847,0
38,Local-gov,91711,Bachelors,13,Married-civ-spouse,Prof-specialty,Husband,White,Male,0,0,50,United-States,0.5496424223735077,0
28,Private,191355,Bachelors,13,Married-civ-spouse,Sales,Husband,White,Male,0,0,45,United-States,0.5495090346894187,0
50,Local-gov,125417,Prof-school,15,Never-married,Exec-managerial,Not-in-family,Black,Female,0,0,52,United-States,0.5494928965741437,0
39,Private,191342,Bachelors,13,Married-civ-spouse,Craft-repair,Husband,Asian-Pac-Islander,Male,0,0,40,Philippines,0.5494737424624003,1
43,Self-emp-inc,140988,Bachelors,13,Married-civ-spouse,Sales,Other-relative,Asian-Pac-Islander,Male,0,0,45,India,0.5493541272063184,2
35,Federal-gov,250504,HS-grad,9,Married-civ-spouse,Adm-clerical,Husband,Black,Male,0,0,60,United-States,0.5491944019256464,0
45,Self-emp-inc,117605,HS-grad,9,Married-civ-spouse,Exec-managerial,Husband,White,Male,0,0,48,United-States,0.5489913907107347,0
47,Private,398652,HS-grad,9,Married-civ-spouse,Sales,Husband,White,Male,0,0,50,United-States,0.5489703562512576,0
52,Private,164135,HS-grad,9,Married-civ-spouse,Exec-managerial,Husband,White,Male,0,0,50,United-States,0.5489616939571517,0
51,Private,168660,HS-grad,9,Married-civ-spouse,Exec-managerial,Husband,White,Male,0,0,50,United-States,0.5489616939571517,0
31,Private,189759,Masters,14,Married-civ-spouse,Sales,Husband,White,Male,0,0,40,United-States,0.5487397956374194,0
26,Private,272618,Bachelors,13,Married-civ-spouse,Sales,Husband,White,Male,0,0,55,United-States,0.5486940813586038,0
29,Federal-gov,224858,Some-college,10,Married-civ-spouse,Protective-serv,Husband,White,Male,0,0,60,United-States,0.5486573400884174,0
50,Private,138022,Some-college,10,Married-civ-spouse,Prof-specialty,Husband,White,Male,0,0,40,United-States,0.5486309690046894,0
41,Private,166813,Some-college,10,Married-civ-spouse,Sales,Husband,White,Male,0,0,55,United-States,0.5481599095868765,0
40,Private,153372,Some-college,10,Married-civ-spouse,Sales,Husband,White,Male,0,0,50,United-States,0.5481599095868765,0
40,Private,187376,Some-college,10,Married-civ-spouse,Sales,Husband,White,Male,0,0,60,United-States,0.5481599095868765,0
47,Federal-gov,168109,HS-grad,9,Married-civ-spouse,Adm-clerical,Husband,White,Male,0,0,70,United-States,0.5481086036729739,0
44,Private,313022,Assoc-voc,11,Married-civ-spouse,Exec-managerial,Husband,Black,Male,0,0,40,United-States,0.5480570444077426,0
44,Private,174373,Assoc-acdm,12,Married-civ-spouse,Craft-repair,Husband,White,Male,0,0,40,United-States,0.548002045268617,0
54,Local-gov,129972,Assoc-voc,11,Married-civ-spouse,Protective-serv,Husband,White,Male,0,0,38,United-States,0.5477946643908868,0
63,Self-emp-inc,222289,HS-grad,9,Married-civ-spouse,Exec-managerial,Husband,White,Male,0,0,40,United-States,0.5477776766765373,0
44,Private,116358,Bachelors,13,Married-civ-spouse,Sales,Husband,Asian-Pac-Islander,Male,0,0,40,United-States,0.5477683767193292,0
60,Private,31577,Assoc-voc,11,Married-civ-spouse,Tech-support,Husband,White,Male,0,0,40,United-States,0.5477487090138538,0
66,Self-emp-inc,115880,Some-college,10,Married-civ-spouse,Prof-specialty,Husband,White,Male,0,0,40,United-States,0.5476679853892868,0
45,Self-emp-inc,177543,HS-grad,9,Married-civ-spouse,Sales,Wife,White,Female,0,0,50,United-States,0.5476149317920151,0
59,Private,656036,Bachelors,13,Separated,Adm-clerical,Unmarried,White,Male,0,0,60,United-States,0.5474901503066832,1
42,Private,36271,Bachelors,13,Married-civ-spouse,Sales,Husband,White,Male,0,0,40,United-States,0.5474406144405759,0
35,Private,105138,Bachelors,13,Married-civ-spouse,Tech-support,Husband,White,Male,0,0,40,United-States,0.5474361097891245,0
50,Local-gov,339547,Prof-school,15,Married-civ-spouse,Adm-clerical,Husband,Asian-Pac-Islander,Male,0,0,40,Laos,0.5473357746995375,1
59,Federal-gov,178660,Assoc-acdm,12,Married-civ-spouse,Adm-clerical,Husband,White,Male,0,0,40,United-States,0.5473315285611632,0
42,Private,118652,Assoc-acdm,12,Married-civ-spouse,Tech-support,Husband,White,Male,0,0,40,United-States,0.5473013906516818,0
45,Local-gov,334039,Some-college,10,Married-civ-spouse,Exec-managerial,Husband,White,Male,0,0,40,United-States,0.5472969760282232,0
36,Private,410034,Assoc-acdm,12,Married-civ-spouse,Craft-repair,Husband,White,Male,0,0,45,United-States,0.5472668823487933,0
51,Local-gov,96190,Some-college,10,Married-civ-spouse,Adm-clerical,Wife,White,Female,0,0,40,United-States,0.5472252064698544,0
50,Self-emp-not-inc,156606,Some-college,10,Married-civ-spouse,Exec-managerial,Wife,White,Female,0,0,30,United-States,0.547147385958934,0
35,Self-emp-not-inc,189878,Masters,14,Married-civ-spouse,Sales,Husband,White,Male,0,0,40,United-States,0.5471321248780913,0
47,Local-gov,174533,Assoc-voc,11,Married-civ-spouse,Exec-managerial,Husband,White,Male,0,0,40,United-States,0.5471225514055513,0
28,Self-emp-not-inc,175406,Masters,14,Married-civ-spouse,Exec-managerial,Wife,White,Female,0,0,30,United-States,0.5469379329470033,0
49,Private,182752,Some-college,10,Married-civ-spouse,Adm-clerical,Wife,White,Female,0,0,40,United-States,0.5468107644591987,0
41,Private,195897,Some-college,10,Married-civ-spouse,Sales,Husband,White,Male,0,0,50,United-States,0.5466965889738665,0
45,Private,255014,Some-college,10,Married-civ-spouse,Craft-repair,Husband,White,Male,0,0,55,United-States,0.5466340165503155,0
45,Private,380922,HS-grad,9,Married-civ-spouse,Craft-repair,Husband,White,Male,0,0,60,United-States,0.5464432761586157,0
49,Federal-gov,168232,HS-grad,9,Married-civ-spouse,Adm-clerical,Husband,White,Male,0,0,40,United-States,0.5464146551102566,0
50,Federal-gov,159670,HS-grad,9,Married-civ-spouse,Adm-clerical,Husband,White,Male,0,0,40,United-States,0.5464146551102566,0
38,Private,203836,Some-college,10,Married-civ-spouse,Sales,Husband,White,Male,0,0,50,United-States,0.5463377800284902,0
38,Private,153066,Masters,14,Divorced,Exec-managerial,Not-in-family,White,Male,0,0,45,United-States,0.5462989122882784,0
29,Private,446559,Assoc-acdm,12,Married-civ-spouse,Exec-managerial,Wife,White,Female,0,0,50,United-States,0.546272045094375,0
38,Private,119177,Bachelors,13,Married-civ-spouse,Sales,Husband,White,Male,0,0,40,United-States,0.5462054717633387,0
79,Self-emp-inc,309272,HS-grad,9,Married-civ-spouse,Exec-managerial,Husband,White,Male,0,0,40,United-States,0.5459841807886807,0
45,Federal-gov,222011,Bachelors,13,Married-civ-spouse,Handlers-cleaners,Husband,White,Male,0,0,40,United-States,0.5458668620600141,0
58,Private,519006,HS-grad,9,Married-civ-spouse,Craft-repair,Husband,White,Male,0,0,52,United-States,0.5458223029586851,0
47,Local-gov,193012,Masters,14,Divorced,Protective-serv,Not-in-family,Black,Male,0,0,50,United-States,0.545646966234531,0
43,Private,159549,Some-college,10,Married-civ-spouse,Sales,Husband,White,Male,0,0,50,United-States,0.5456328194345897,0
41,Private,208330,Some-college,10,Married-civ-spouse,Sales,Husband,White,Male,0,0,51,United-States,0.5456328194345897,0
41,Private,244945,Some-college,10,Married-civ-spouse,Exec-managerial,Husband,White,Male,0,0,40,United-States,0.5455607046407243,0
29,Private,205249,Masters,14,Married-civ-spouse,Exec-managerial,Husband,Asian-Pac-Islander,Male,0,0,40,Japan,0.5455568720618497,1
47,Private,103757,Assoc-acdm,12,Married-civ-spouse,Craft-repair,Husband,White,Male,0,0,40,United-States,0.5454866301634268,0
67,Self-emp-inc,76860,HS-grad,9,Married-civ-spouse,Exec-managerial,Husband,Asian-Pac-Islander,Male,0,0,40,United-States,0.5454399173886696,2
48,Private,130812,HS-grad,9,Married-civ-spouse,Exec-managerial,Wife,White,Female,0,0,40,United-States,0.545436968666555,0
64,Self-emp-inc,80333,HS-grad,9,Married-civ-spouse,Exec-managerial,Husband,White,Male,0,0,40,United-States,0.545413888289057,0
58,Private,218281,Bachelors,13,Married-civ-spouse,Adm-clerical,Husband,White,Male,0,0,40,Mexico,0.5453620272176463,0
36,Local-gov,251091,Some-college,10,Married-civ-spouse,Protective-serv,Husband,White,Male,0,0,40,United-States,0.5453222579973461,0
36,Private,35429,Some-college,10,Married-civ-spouse,Exec-managerial,Husband,White,Male,0,0,60,United-States,0.5452731529076168,0
49,State-gov,213307,Some-college,10,Married-civ-spouse,Prof-specialty,Husband,White,Male,0,0,40,United-States,0.5452270177870212,0
47,Private,45564,Some-college,10,Married-civ-spouse,Exec-managerial,Husband,White,Male,0,0,40,United-States,0.5452232727938463,0
47,Private,277545,Bachelors,13,Married-civ-spouse,Adm-clerical,Husband,Asian-Pac-Islander,Male,0,0,40,?,0.5451943022542902,1
41,State-gov,47902,Bachelors,13,Married-civ-spouse,Adm-clerical,Husband,White,Male,0,0,50,United-States,0.545192265902126,0
47,State-gov,207120,Assoc-voc,11,Married-civ-spouse,Exec-managerial,Husband,White,Male,0,0,38,United-States,0.5451870491069214,0
44,Private,191814,Some-college,10,Married-civ-spouse,Prof-specialty,Husband,White,Male,0,0,45,United-States,0.5450181657898147,0
42,Private,121264,Assoc-voc,11,Married-civ-spouse,Prof-specialty,Husband,White,Male,0,0,40,United-States,0.5449362015707209,0
42,Private,113147,Assoc-acdm,12,Married-civ-spouse,Prof-specialty,Husband,Black,Male,0,0,40,United-States,0.5448923757326758,0
40,Local-gov,147372,Some-college,10,Never-married,Protective-serv,Not-in-family,White,Male,0,2444,40,United-States,0.5448474376288776,0
54,Private,96062,Assoc-acdm,12,Married-civ-spouse,Tech-support,Husband,White,Male,0,0,40,United-States,0.5448107915792489,0
51,Local-gov,203334,Doctorate,16,Divorced,Exec-managerial,Not-in-family,White,Female,0,0,45,United-States,0.5447862890529797,0
53,Federal-gov,90127,Some-college,10,Married-civ-spouse,Protective-serv,Husband,White,Male,0,0,60,United-States,0.5446496565968337,0
38,Private,242080,Some-college,10,Married-civ-spouse,Sales,Husband,White,Male,0,0,55,United-States,0.5446289958584686,0
38,Local-gov,134444,Some-college,10,Married-civ-spouse,Protective-serv,Husband,White,Male,0,0,72,United-States,0.544603267137861,0
38,Local-gov,86643,Bachelors,13,Married-civ-spouse,Prof-specialty,Husband,White,Male,0,0,45,United-States,0.5445357763301616,0
53,Self-emp-inc,134854,Assoc-voc,11,Married-civ-spouse,Exec-managerial,Husband,White,Male,0,0,40,Greece,0.5445341093971333,0
31,Private,173279,Bachelors,13,Married-civ-spouse,Tech-support,Husband,Asian-Pac-Islander,Male,0,0,40,United-States,0.5444790136317464,0
34,Self-emp-not-inc,426431,Bachelors,13,Married-civ-spouse,Craft-repair,Husband,White,Male,0,0,40,United-States,0.5444771371619308,0
40,Local-gov,141649,Assoc-voc,11,Married-civ-spouse,Protective-serv,Husband,White,Male,0,0,40,United-States,0.544467980240466,0
48,Private,148549,Bachelors,13,Never-married,Exec-managerial,Not-in-family,White,Male,0,0,50,United-States,0.5444552449365346,0
31,Private,144949,Bachelors,13,Married-civ-spouse,Prof-specialty,Husband,White,Male,0,0,40,United-States,0.5442675089200155,0
31,Private,177675,Bachelors,13,Married-civ-spouse,Prof-specialty,Husband,White,Male,0,0,40,United-States,0.5442675089200155,0
58,Federal-gov,243929,Bachelors,13,Never-married,Prof-specialty,Not-in-family,White,Male,0,0,48,United-States,0.5441262415050725,0
58,Self-emp-inc,174864,HS-grad,9,Married-civ-spouse,Sales,Husband,White,Male,0,0,55,United-States,0.5441156165012927,0
42,Private,190290,Assoc-acdm,12,Married-civ-spouse,Prof-specialty,Husband,White,Male,0,0,40,United-States,0.5440254383445214,0
60,Private,152369,Assoc-voc,11,Married-civ-spouse,Craft-repair,Husband,White,Male,0,0,60,United-States,0.5439645359752328,0
61,Private,149653,HS-grad,9,Married-civ-spouse,Exec-managerial,Husband,White,Male,0,0,50,United-States,0.543946502343436,0
61,Private,136262,HS-grad,9,Married-civ-spouse,Exec-managerial,Husband,White,Male,0,0,50,United-States,0.543946502343436,0
44,Private,191814,Some-college,10,Married-civ-spouse,Craft-repair,Husband,White,Male,0,0,45,United-States,0.543906789509764,0
52,Private,117674,HS-grad,9,Married-civ-spouse,Exec-managerial,Husband,White,Male,0,0,55,United-States,0.543779684932217,0
38,Private,128033,Some-college,10,Married-civ-spouse,Sales,Husband,White,Male,0,0,60,United-States,0.5437205486604184,0
41,Private,154076,Some-college,10,Married-civ-spouse,Adm-clerical,Husband,White,Male,0,0,50,United-States,0.5437113093746981,0
31,Self-emp-not-inc,145162,Bachelors,13,Married-civ-spouse,Exec-managerial,Husband,White,Male,0,0,60,?,0.5437036468057332,0
40,Private,226585,Some-college,10,Married-civ-spouse,Adm-clerical,Wife,White,Female,0,0,35,United-States,0.5436566904320967,0
36,Private,218490,Assoc-voc,11,Married-civ-spouse,Sales,Husband,White,Male,0,0,60,United-States,0.5435053106329488,0
33,Private,181091,Bachelors,13,Married-civ-spouse,Adm-clerical,Husband,White,Male,0,0,60,Iran,0.5434801253216108,0
62,Self-emp-not-inc,171315,Bachelors,13,Married-civ-spouse,Prof-specialty,Husband,White,Male,0,0,60,United-States,0.543422029697977,0
56,Private,186556,Some-college,10,Married-civ-spouse,Craft-repair,Husband,White,Male,0,0,50,United-States,0.5434001077829768,0
50,Private,279337,Bachelors,13,Divorced,Exec-managerial,Not-in-family,White,Male,0,0,55,United-States,0.5432980563441291,0
47,Local-gov,51579,Some-college,10,Married-civ-spouse,Protective-serv,Husband,White,Male,0,0,50,United-States,0.5432635434734366,0
50,Local-gov,97449,Some-college,10,Married-civ-spouse,Protective-serv,Husband,White,Male,0,0,48,United-States,0.5432275066050327,0
39,Private,341672,Assoc-voc,11,Married-civ-spouse,Tech-support,Husband,Asian-Pac-Islander,Male,0,0,40,Philippines,0.5430257070115706,1
33,Self-emp-not-inc,123424,Bachelors,13,Married-civ-spouse,Exec-managerial,Husband,White,Male,0,0,40,United-States,0.542919607701918,0
39,Federal-gov,209609,HS-grad,9,Married-civ-spouse,Adm-clerical,Husband,White,Male,0,0,50,United-States,0.5428401206075523,0
46,Private,164877,Some-college,10,Married-civ-spouse,Craft-repair,Husband,White,Male,0,0,44,United-States,0.5428127427281475,0
43,State-gov,28451,Bachelors,13,Married-civ-spouse,Prof-specialty,Husband,White,Male,0,0,37,United-States,0.5426401662967922,0
60,Self-emp-not-inc,35649,Bachelors,13,Married-civ-spouse,Craft-repair,Husband,White,Male,0,0,40,United-States,0.5426122372599594,0
38,Private,168496,Assoc-acdm,12,Married-civ-spouse,Sales,Husband,White,Male,0,0,50,United-States,0.5425895140625783,0
48,?,184513,Bachelors,13,Married-civ-spouse,?,Husband,White,Male,0,0,80,United-States,0.5425242351134408,0
62,Private,113440,Bachelors,13,Married-civ-spouse,Sales,Husband,White,Male,0,0,35,United-States,0.5424133047915859,0
54,Federal-gov,35576,Some-college,10,Married-civ-spouse,Craft-repair,Husband,White,Male,0,0,40,United-States,0.5422660292971612,0
42,Local-gov,100793,Bachelors,13,Married-civ-spouse,Prof-specialty,Husband,White,Male,0,0,60,United-States,0.5421332336082006,0
47,Private,139268,HS-grad,9,Married-civ-spouse,Tech-support,Husband,White,Male,0,0,40,United-States,0.5420887819525828,0
35,State-gov,89040,Bachelors,13,Married-civ-spouse,Exec-managerial,Husband,White,Male,0,0,40,United-States,0.5420715171004865,0
47,Self-emp-inc,186410,Prof-school,15,Never-married,Other-service,Not-in-family,White,Male,0,0,60,United-States,0.5420444336355308,0
33,Self-emp-inc,202153,Masters,14,Married-civ-spouse,Craft-repair,Husband,White,Male,0,0,40,United-States,0.5419835630491023,0
29,Local-gov,289991,Masters,14,Married-civ-spouse,Prof-specialty,Husband,White,Male,0,0,50,United-States,0.5419481586751693,0
33,Private,394447,Masters,14,Married-civ-spouse,Prof-specialty,Husband,White,Male,0,0,33,United-States,0.5419384515123561,0
53,Private,68898,Some-college,10,Married-civ-spouse,Tech-support,Husband,White,Male,0,0,40,United-States,0.5416499824063474,0
31,Self-emp-not-inc,81030,Doctorate,16,Married-civ-spouse,Prof-specialty,Husband,White,Male,0,0,40,United-States,0.5416459981890305,0
28,Private,338409,Bachelors,13,Married-civ-spouse,Prof-specialty,Wife,Black,Female,0,0,40,Cuba,0.5415551993232135,0
44,Private,115562,Some-college,10,Married-civ-spouse,Tech-support,Husband,White,Male,0,0,40,United-States,0.5415426365530724,0
37,Self-emp-inc,190759,Some-college,10,Married-civ-spouse,Sales,Husband,White,Male,0,0,60,United-States,0.5412409219272624,0
37,Private,186035,Assoc-acdm,12,Married-civ-spouse,Craft-repair,Husband,White,Male,0,0,55,United-States,0.5412329684726478,0
50,Federal-gov,221532,Assoc-acdm,12,Married-civ-spouse,Craft-repair,Husband,White,Male,0,0,40,United-States,0.5411793536925903,0
38,Private,120074,Bachelors,13,Married-civ-spouse,Machine-op-inspct,Husband,White,Male,0,0,50,United-States,0.5411306029322079,0
47,Self-emp-not-inc,61885,Bachelors,13,Married-civ-spouse,Sales,Husband,White,Male,0,0,40,United-States,0.5411190174953736,0
49,State-gov,31650,Bachelors,13,Married-civ-spouse,Prof-specialty,Other-relative,White,Female,0,0,45,United-States,0.5411141498813579,0
59,Private,453067,Some-college,10,Married-civ-spouse,Prof-specialty,Husband,White,Male,0,0,36,United-States,0.5409056269042986,0
45,Self-emp-inc,139268,HS-grad,9,Married-civ-spouse,Sales,Husband,White,Male,0,0,50,United-States,0.5409013830432257,0
35,Private,335704,Assoc-acdm,12,Married-civ-spouse,Sales,Husband,White,Male,0,0,60,United-States,0.5408764151712167,0
32,Private,288273,Bachelors,13,Married-civ-spouse,Craft-repair,Husband,White,Male,0,0,70,Mexico,0.5408164214437751,0
36,Private,129573,Assoc-acdm,12,Married-civ-spouse,Sales,Husband,White,Male,0,0,60,United-States,0.5406989061460764,0
38,Private,187264,HS-grad,9,Married-civ-spouse,Exec-managerial,Wife,White,Female,0,0,55,United-States,0.5406222721493962,0
40,Self-emp-inc,225165,HS-grad,9,Married-civ-spouse,Exec-managerial,Husband,White,Male,0,0,40,United-States,0.5405460330276058,0
50,Private,114056,Assoc-voc,11,Married-civ-spouse,Protective-serv,Husband,White,Male,0,0,84,United-States,0.5405013830108932,0
50,Self-emp-inc,163921,HS-grad,9,Married-civ-spouse,Sales,Husband,White,Male,0,0,48,United-States,0.540467973196371,0
33,Private,101352,Prof-school,15,Never-married,Prof-specialty,Not-in-family,White,Female,0,0,50,United-States,0.5404073064961468,0
39,Private,82540,Some-college,10,Married-civ-spouse,Exec-managerial,Husband,White,Male,0,0,60,United-States,0.5403771444610656,0
50,Self-emp-inc,198400,HS-grad,9,Married-civ-spouse,Sales,Husband,Black,Male,0,0,60,United-States,0.5402910998104856,0
79,Private,266119,Bachelors,13,Married-civ-spouse,Sales,Husband,White,Male,0,0,40,United-States,0.5402323788733805,1
49,Private,215389,Bachelors,13,Married-civ-spouse,Machine-op-inspct,Husband,Black,Male,0,0,48,United-States,0.5400728143430437,1
43,Self-emp-inc,82488,Bachelors,13,Married-civ-spouse,Sales,Own-child,Asian-Pac-Islander,Female,0,0,40,Philippines,0.540039674450915,2
47,Private,166181,Some-college,10,Married-civ-spouse,Adm-clerical,Wife,Black,Female,0,0,48,United-States,0.5400219783369491,0
34,Private,90705,Some-college,10,Married-civ-spouse,Tech-support,Husband,White,Male,0,1485,40,United-States,0.5400010955556883,0
51,Private,163052,HS-grad,9,Married-civ-spouse,Protective-serv,Husband,White,Male,0,0,40,United-States,0.539979378055596,0
31,Private,94235,Bachelors,13,Married-civ-spouse,Craft-repair,Husband,White,Male,0,0,46,United-States,0.5399694206646288,0
62,Private,81534,Some-college,10,Married-civ-spouse,Sales,Husband,Asian-Pac-Islander,Male,0,0,40,United-States,0.5399378547942042,1
36,Local-gov,191161,Some-college,10,Married-civ-spouse,Protective-serv,Husband,White,Male,0,0,57,United-States,0.5398566225849718,0
46,Private,29437,Assoc-acdm,12,Married-civ-spouse,Sales,Husband,White,Male,0,0,50,United-States,0.5397296575263032,0
81,Private,201398,Masters,14,Widowed,Prof-specialty,Unmarried,White,Male,0,0,60,?,0.539727712931872,0
60,Local-gov,195453,Assoc-voc,11,Married-civ-spouse,Exec-managerial,Husband,White,Male,0,0,60,United-States,0.5396593633973883,0
40,Private,93955,Some-college,10,Married-civ-spouse,Prof-specialty,Wife,White,Female,0,0,40,United-States,0.5396220703368924,0
34,Private,118605,Assoc-acdm,12,Married-civ-spouse,Prof-specialty,Husband,White,Male,0,0,55,United-States,0.5395594904874791,0
32,Self-emp-inc,103078,Bachelors,13,Married-civ-spouse,Sales,Husband,White,Male,0,0,40,United-States,0.5394069940153099,0
35,Private,98948,Bachelors,13,Married-civ-spouse,Other-service,Wife,White,Female,0,0,32,United-States,0.5393773456961003,0
25,Private,277444,Bachelors,13,Married-civ-spouse,Sales,Husband,White,Male,0,0,50,United-States,0.5393502377834104,0
34,Private,430554,Some-college,10,Married-civ-spouse,Exec-managerial,Husband,White,Male,0,0,50,United-States,0.5393328328033268,0
70,Self-emp-not-inc,172370,Prof-school,15,Married-civ-spouse,Prof-specialty,Husband,White,Male,0,0,25,United-States,0.5392987831521401,0
57,Self-emp-not-inc,222216,Some-college,10,Married-civ-spouse,Exec-managerial,Wife,White,Female,0,0,60,United-States,0.5392466695376006,0
39,Private,89508,Bachelors,13,Married-civ-spouse,Sales,Husband,White,Male,0,0,40,United-States,0.5392438474804105,0
44,Federal-gov,320071,HS-grad,9,Married-civ-spouse,Craft-repair,Husband,White,Male,0,0,40,United-States,0.539002921779764,0
46,State-gov,55377,Bachelors,13,Married-civ-spouse,Prof-specialty,Husband,Black,Male,0,0,40,United-States,0.5389638662597207,0
28,Private,173944,Masters,14,Married-civ-spouse,Prof-specialty,Husband,White,Male,0,0,40,United-States,0.5389443581342029,0
41,Private,116391,Bachelors,13,Married-civ-spouse,Handlers-cleaners,Husband,White,Male,0,0,40,Germany,0.5389389567651116,0
54,Private,82566,Assoc-acdm,12,Married-civ-spouse,Sales,Husband,White,Male,0,0,45,United-States,0.5388411504729502,0
55,Private,170287,Some-college,10,Married-civ-spouse,Prof-specialty,Husband,White,Male,0,0,40,Poland,0.5388246453429194,1
37,Private,124293,Some-college,10,Married-civ-spouse,Adm-clerical,Husband,White,Male,0,0,50,United-States,0.538641846538803,0
28,State-gov,158834,Masters,14,Married-civ-spouse,Exec-managerial,Husband,White,Male,0,0,50,United-States,0.5384270899528493,0
53,Private,274528,Bachelors,13,Divorced,Exec-managerial,Not-in-family,White,Male,0,0,70,United-States,0.5383062616178175,0
50,Private,279129,Bachelors,13,Divorced,Exec-managerial,Not-in-family,White,Male,0,0,55,United-States,0.5383062616178175,0
46,Private,202560,Some-college,10,Married-civ-spouse,Adm-clerical,Wife,White,Female,0,0,40,United-States,0.5382747236100258,0
41,Private,144032,HS-grad,9,Married-civ-spouse,Exec-managerial,Husband,White,Male,0,0,60,United-States,0.538112110999004,0
44,Self-emp-not-inc,89172,Bachelors,13,Married-civ-spouse,Prof-specialty,Husband,White,Male,0,0,80,United-States,0.5381111341772772,0
35,Private,292185,Bachelors,13,Married-civ-spouse,Adm-clerical,Husband,White,Male,0,0,40,United-States,0.538039642722522,0
35,Private,331831,Bachelors,13,Married-civ-spouse,Sales,Husband,White,Male,0,0,40,United-States,0.538039642722522,0
35,Private,265662,Bachelors,13,Married-civ-spouse,Sales,Husband,White,Male,0,0,40,United-States,0.5380320184866438,0
37,Private,234901,Some-college,10,Married-civ-spouse,Sales,Husband,White,Male,0,0,50,Germany,0.5380311907819222,0
49,Federal-gov,110373,Some-college,10,Married-civ-spouse,Tech-support,Husband,White,Male,0,0,40,United-States,0.5379976991203591,0
28,Private,176972,Bachelors,13,Married-civ-spouse,Craft-repair,Husband,White,Male,0,0,45,United-States,0.5379066198121055,0
51,Private,122109,Some-college,10,Married-civ-spouse,Adm-clerical,Wife,White,Female,0,0,35,United-States,0.537854371857148,0
48,Private,125120,Some-college,10,Married-civ-spouse,Adm-clerical,Wife,White,Female,0,0,37,United-States,0.537854371857148,0
55,State-gov,153788,Some-college,10,Married-civ-spouse,Adm-clerical,Wife,White,Female,0,0,37,United-States,0.5378193807180734,0
36,Private,184659,Some-college,10,Married-civ-spouse,Adm-clerical,Husband,White,Male,0,0,52,United-States,0.5377626355037013,0
59,Private,333270,Masters,14,Married-civ-spouse,Craft-repair,Wife,Asian-Pac-Islander,Female,0,0,35,Philippines,0.5377480628071281,1
43,Private,188436,Prof-school,15,Divorced,Exec-managerial,Not-in-family,White,Male,0,0,40,United-States,0.5376506907545384,0
42,Self-emp-not-inc,177307,Prof-school,15,Married-civ-spouse,Farming-fishing,Husband,White,Male,0,0,65,United-States,0.5376492022163373,0
42,Private,204235,Some-college,10,Married-civ-spouse,Prof-specialty,Husband,White,Male,0,0,40,United-States,0.5375398886857814,0
56,Private,157639,Some-college,10,Married-civ-spouse,Craft-repair,Husband,White,Male,0,0,50,United-States,0.5374764557444307,0
43,Self-emp-inc,34218,Some-college,10,Married-civ-spouse,Exec-managerial,Husband,White,Male,0,0,40,United-States,0.5374451903735403,0
44,Private,310255,Some-college,10,Married-civ-spouse,Craft-repair,Husband,White,Male,0,0,60,United-States,0.5374354408371929,0
35,Private,283122,Some-college,10,Married-civ-spouse,Tech-support,Husband,White,Male,0,0,45,United-States,0.5373875249131436,0
51,Self-emp-inc,231230,Bachelors,13,Married-civ-spouse,Exec-managerial,Husband,White,Male,0,0,25,United-States,0.5371093811010198,0
36,Local-gov,137314,Some-college,10,Married-civ-spouse,Protective-serv,Husband,White,Male,0,0,60,United-States,0.5370609304703535,0
47,Federal-gov,211123,HS-grad,9,Married-civ-spouse,Craft-repair,Husband,White,Male,0,0,40,United-States,0.5370565928350874,0
47,Private,303637,HS-grad,9,Married-civ-spouse,Exec-managerial,Husband,White,Male,0,0,49,United-States,0.5370178269275053,0
49,State-gov,175109,Some-college,10,Married-civ-spouse,Prof-specialty,Husband,White,Male,0,0,50,United-States,0.5369706570773435,0
42,Federal-gov,172307,HS-grad,9,Married-civ-spouse,Adm-clerical,Husband,White,Male,0,0,48,United-States,0.536926805275308,0
57,Private,114495,HS-grad,9,Married-civ-spouse,Exec-managerial,Husband,White,Male,0,0,60,United-States,0.5368649238384807,0
55,Private,82098,HS-grad,9,Married-civ-spouse,Exec-managerial,Husband,Asian-Pac-Islander,Male,0,0,55,United-States,0.536795826016711,1
46,Private,74895,Assoc-acdm,12,Married-civ-spouse,Craft-repair,Husband,White,Male,0,1485,55,United-States,0.53668352485578,0
40,Private,305846,Some-college,10,Married-civ-spouse,Adm-clerical,Wife,White,Female,0,0,40,United-States,0.5366593988139156,0
44,Private,33521,Some-college,10,Married-civ-spouse,Exec-managerial,Husband,White,Male,0,0,40,United-States,0.5365896186487391,0
56,Private,142182,Assoc-voc,11,Married-civ-spouse,Craft-repair,Husband,White,Male,0,0,45,United-States,0.5365501717076344,0
30,Private,110643,Masters,14,Married-civ-spouse,Adm-clerical,Husband,White,Male,4386,0,40,United-States,0.5364655977953225,0
60,Private,101096,Doctorate,16,Never-married,Prof-specialty,Not-in-family,White,Female,0,0,65,United-States,0.5363655659692722,0
26,Private,181920,Bachelors,13,Married-civ-spouse,Prof-specialty,Wife,White,Female,0,0,45,United-States,0.5363465880593579,0
35,Self-emp-inc,338320,HS-grad,9,Married-civ-spouse,Exec-managerial,Husband,White,Male,0,0,50,United-States,0.5363222819263412,0
54,Private,227832,Some-college,10,Married-civ-spouse,Adm-clerical,Husband,White,Male,0,0,40,United-States,0.5362960449017455,0
90,Private,206667,Masters,14,Married-civ-spouse,Prof-specialty,Wife,White,Female,0,0,40,United-States,0.5362946871592096,1
29,Private,133937,Bachelors,13,Married-civ-spouse,Prof-specialty,Husband,White,Male,0,0,40,United-States,0.5362886693581619,0
32,Private,125856,Assoc-acdm,12,Married-civ-spouse,Exec-managerial,Husband,White,Male,0,0,60,United-States,0.53615755200734,0
55,Private,206487,Some-college,10,Married-civ-spouse,Prof-specialty,Husband,White,Male,0,0,40,United-States,0.53598939134259,0
49,Self-emp-inc,141058,Some-college,10,Divorced,Exec-managerial,Not-in-family,White,Male,0,2339,50,United-States,0.5359093769601171,0
59,Private,139344,Some-college,10,Married-civ-spouse,Adm-clerical,Wife,White,Female,0,0,40,United-States,0.53572275212924,0
41,Private,108681,Some-college,10,Married-civ-spouse,Adm-clerical,Wife,White,Female,0,0,40,United-States,0.5356495445941422,0
37,Private,227545,Some-college,10,Married-civ-spouse,Sales,Husband,White,Male,0,0,44,United-States,0.5356220135252624,0
47,Self-emp-not-inc,119199,Some-college,10,Married-civ-spouse,Adm-clerical,Wife,White,Female,0,0,35,United-States,0.535593353525695,0
44,Private,307468,Prof-school,15,Married-civ-spouse,Prof-specialty,Husband,White,Male,0,0,29,United-States,0.5355184306293747,0
37,Private,160920,Some-college,10,Married-civ-spouse,Sales,Husband,White,Male,0,0,45,United-States,0.5354449235620227,0
39,Private,119098,Assoc-voc,11,Married-civ-spouse,Exec-managerial,Husband,White,Male,0,0,40,United-States,0.5354375027974465,0
52,Private,208137,Assoc-voc,11,Married-civ-spouse,Adm-clerical,Husband,White,Male,0,0,40,United-States,0.5354361835643178,0
43,Local-gov,161240,HS-grad,9,Married-civ-spouse,Protective-serv,Husband,White,Male,0,0,45,United-States,0.535304727223667,0
30,Private,207172,Bachelors,13,Married-civ-spouse,Adm-clerical,Wife,White,Female,0,0,40,Mexico,0.5351336055706442,0
46,Private,72619,Some-college,10,Married-civ-spouse,Exec-managerial,Wife,White,Female,0,0,40,United-States,0.5349734233624194,0
60,Private,367695,Assoc-acdm,12,Married-civ-spouse,Adm-clerical,Husband,White,Male,0,0,40,United-States,0.5349547990765425,0
66,Private,262285,Bachelors,13,Married-civ-spouse,Prof-specialty,Husband,White,Male,0,0,99,United-States,0.5349444407035818,0
33,Self-emp-not-inc,175502,Bachelors,13,Married-civ-spouse,Prof-specialty,Husband,White,Male,0,0,60,United-States,0.5349020597137196,0
45,?,189564,Masters,14,Married-civ-spouse,?,Wife,White,Female,0,0,1,United-States,0.5348128127907851,0
48,Private,117849,Some-college,10,Married-civ-spouse,Prof-specialty,Husband,White,Male,0,0,40,United-States,0.5347305495601093,0
47,Private,198200,Bachelors,13,Never-married,Exec-managerial,Not-in-family,White,Male,0,0,50,United-States,0.5346127362985337,0
47,Federal-gov,191858,Assoc-acdm,12,Married-civ-spouse,Adm-clerical,Husband,White,Male,0,0,40,United-States,0.5345882377013519,0
60,Private,207665,HS-grad,9,Married-civ-spouse,Tech-support,Wife,White,Female,0,0,40,United-States,0.5344616422775288,0
61,Private,195453,HS-grad,9,Married-civ-spouse,Exec-managerial,Husband,White,Male,0,0,50,United-States,0.534351138563299,0
31,Private,173858,Prof-school,15,Married-civ-spouse,Tech-support,Husband,Asian-Pac-Islander,Male,0,0,40,India,0.5343214422498731,1
49,Private,59612,Some-college,10,Married-civ-spouse,Sales,Husband,White,Male,0,0,44,United-States,0.5341531803449937,0
51,Private,34361,Some-college,10,Married-civ-spouse,Exec-managerial,Wife,White,Female,0,0,20,United-States,0.5340686826286439,0
37,Private,249208,Assoc-voc,11,Married-civ-spouse,Prof-specialty,Husband,White,Male,0,0,48,United-States,0.5340471771557334,0
38,Private,137707,Assoc-voc,11,Married-civ-spouse,Tech-support,Wife,White,Female,0,0,40,United-States,0.5339308044826816,0
39,Private,175232,Some-college,10,Married-civ-spouse,Prof-specialty,Husband,White,Male,0,0,50,United-States,0.5339228815820447,0
41,Private,279914,Some-college,10,Married-civ-spouse,Adm-clerical,Husband,White,Male,0,0,45,United-States,0.5339072640802404,0
40,Private,45687,Some-college,10,Divorced,Other-service,Not-in-family,Black,Male,4787,0,50,United-States,0.5338366131274039,0
45,Private,481987,Masters,14,Married-civ-spouse,Tech-support,Husband,White,Male,0,0,18,United-States,0.5338016431002625,0
52,Self-emp-not-inc,165278,Assoc-voc,11,Married-civ-spouse,Exec-managerial,Husband,White,Male,0,0,40,United-States,0.5337299948018582,0
37,Self-emp-inc,26698,Some-college,10,Married-civ-spouse,Sales,Husband,White,Male,0,1485,44,United-States,0.5335237238984067,0
51,Self-emp-not-inc,99185,Assoc-acdm,12,Married-civ-spouse,Exec-managerial,Husband,White,Male,0,0,40,United-States,0.5334269441531503,0
38,Private,171150,Assoc-acdm,12,Married-civ-spouse,Prof-specialty,Husband,White,Male,0,0,40,United-States,0.5333497175957658,0
41,Local-gov,213154,Some-college,10,Married-civ-spouse,Adm-clerical,Wife,Black,Female,0,0,40,United-States,0.5332974277894266,0
42,Private,45363,Assoc-acdm,12,Married-civ-spouse,Prof-specialty,Husband,White,Male,0,0,50,United-States,0.5332627116100118,0
39,Private,352248,Assoc-acdm,12,Married-civ-spouse,Adm-clerical,Husband,White,Male,0,0,40,United-States,0.5332543390997195,0
51,Private,161838,Assoc-voc,11,Married-civ-spouse,Craft-repair,Husband,White,Male,0,0,57,United-States,0.5332034278945221,0
52,Private,190333,Some-college,10,Married-civ-spouse,Adm-clerical,Husband,White,Male,0,0,40,United-States,0.5330335068264519,0
46,Private,130779,Some-college,10,Married-civ-spouse,Adm-clerical,Husband,White,Male,0,0,40,United-States,0.5330335068264519,0
39,Private,139012,Bachelors,13,Married-civ-spouse,Adm-clerical,Husband,Asian-Pac-Islander,Male,0,0,40,Philippines,0.5330049725178712,1
56,Federal-gov,155238,HS-grad,9,Married-civ-spouse,Adm-clerical,Husband,White,Male,0,0,40,United-States,0.5329172631288158,0
58,Private,95835,Some-college,10,Married-civ-spouse,Tech-support,Husband,White,Male,0,0,36,United-States,0.5328687377257986,0
38,Private,102938,Bachelors,13,Married-civ-spouse,Craft-repair,Husband,White,Male,0,0,40,United-States,0.5328179184455121,0
36,Private,290560,Some-college,10,Married-civ-spouse,Exec-managerial,Husband,White,Male,0,0,45,United-States,0.5327345587694516,0
48,Federal-gov,156410,HS-grad,9,Married-civ-spouse,Adm-clerical,Husband,Black,Male,0,0,50,United-States,0.5327238469619516,0
46,Federal-gov,212120,Assoc-voc,11,Married-civ-spouse,Adm-clerical,Husband,White,Male,0,0,40,United-States,0.5325773418491413,0
61,Self-emp-not-inc,503675,Some-college,10,Married-civ-spouse,Sales,Husband,Black,Male,0,0,60,United-States,0.5324104227232753,1
57,Private,112840,Some-college,10,Married-civ-spouse,Sales,Husband,White,Male,0,0,50,United-States,0.5322912971179603,0
41,Private,424478,Some-college,10,Married-civ-spouse,Craft-repair,Husband,Black,Male,0,0,45,United-States,0.5321941101938611,0
57,Private,183810,Some-college,10,Married-civ-spouse,Prof-specialty,Husband,White,Male,0,0,40,United-States,0.532023466278256,0
27,Private,259840,Bachelors,13,Married-civ-spouse,Adm-clerical,Husband,White,Male,0,0,45,United-States,0.5319903902981699,0
33,Private,65278,Bachelors,13,Married-civ-spouse,Exec-managerial,Husband,White,Male,0,0,40,United-States,0.5318622378294039,0
32,Private,40142,Bachelors,13,Married-civ-spouse,Exec-managerial,Husband,White,Male,0,0,40,United-States,0.5318622378294039,0
34,Self-emp-inc,353927,Some-college,10,Married-civ-spouse,Exec-managerial,Husband,White,Male,0,0,40,United-States,0.5318474441515253,0
50,Self-emp-not-inc,225772,Doctorate,16,Divorced,Prof-specialty,Not-in-family,White,Female,0,0,60,United-States,0.5317966043502752,0
33,Self-emp-not-inc,312055,Bachelors,13,Married-civ-spouse,Sales,Husband,White,Male,0,0,45,United-States,0.5317721320205323,0
36,Private,461337,Some-college,10,Married-civ-spouse,Adm-clerical,Wife,White,Female,0,0,40,United-States,0.5316991541364237,0
35,Self-emp-not-inc,193260,Masters,14,Married-civ-spouse,Sales,Husband,Asian-Pac-Islander,Male,0,0,40,?,0.5316872150542439,1
51,Private,120270,Assoc-voc,11,Married-civ-spouse,Sales,Husband,White,Male,0,0,40,United-States,0.5314284310023742,0
34,Private,148207,Some-college,10,Married-civ-spouse,Exec-managerial,Husband,White,Male,0,0,65,United-States,0.5313495296267962,0
43,Self-emp-inc,151089,HS-grad,9,Married-civ-spouse,Sales,Husband,White,Male,0,0,50,United-States,0.5313425890797879,0
46,Private,202560,HS-grad,9,Married-civ-spouse,Exec-managerial,Wife,White,Female,0,0,40,United-States,0.5312902441431678,0
49,Private,160167,Assoc-voc,11,Married-civ-spouse,Adm-clerical,Husband,White,Male,0,0,40,United-States,0.5312769294863415,0
48,Private,160220,Assoc-voc,11,Married-civ-spouse,Sales,Husband,White,Male,0,0,40,United-States,0.5312769294863415,0
38,State-gov,200904,Bachelors,13,Married-civ-spouse,Exec-managerial,Wife,Black,Female,0,0,30,United-States,0.5311031725099682,0
37,Private,172846,Some-college,10,Married-civ-spouse,Sales,Husband,White,Male,0,0,45,United-States,0.5310509809247645,0
47,Private,431515,Assoc-voc,11,Married-civ-spouse,Craft-repair,Husband,White,Male,0,0,40,United-States,0.5310473261579411,0
50,Private,63000,Some-college,10,Married-civ-spouse,Sales,Husband,White,Male,0,0,60,United-States,0.5308442469914827,0
39,Self-emp-inc,168355,HS-grad,9,Married-civ-spouse,Exec-managerial,Husband,White,Male,0,0,70,United-States,0.5308247260397827,0
62,?,113234,Masters,14,Married-civ-spouse,?,Wife,White,Female,0,0,40,United-States,0.5305972115243681,0
46,Self-emp-not-inc,342907,HS-grad,9,Married-civ-spouse,Sales,Husband,Black,Male,0,0,60,United-States,0.5305890230013096,0
47,Local-gov,134671,Some-college,10,Married-civ-spouse,Exec-managerial,Husband,White,Male,0,0,40,United-States,0.5304301234215957,0
49,Private,235683,Some-college,10,Married-civ-spouse,Sales,Wife,White,Female,0,0,40,United-States,0.5302960456500132,0
41,Private,136419,Assoc-acdm,12,Married-civ-spouse,Tech-support,Husband,White,Male,0,0,75,United-States,0.5300793033210295,0
51,Private,202956,Assoc-voc,11,Married-civ-spouse,Sales,Husband,White,Male,0,0,40,United-States,0.5300232531139275,0
50,Private,256861,HS-grad,9,Married-civ-spouse,Sales,Husband,White,Male,0,0,80,United-States,0.5298996140196417,0
38,Private,234901,Some-college,10,Married-civ-spouse,Prof-specialty,Husband,White,Male,0,0,40,United-States,0.5298460778106686,0
42,Private,193882,Some-college,10,Married-civ-spouse,Prof-specialty,Husband,White,Male,0,0,40,United-States,0.5298141660425311,0
41,Private,154668,Some-college,10,Married-civ-spouse,Prof-specialty,Husband,White,Male,0,0,40,United-States,0.5298141660425311,0
45,Private,387074,Assoc-voc,11,Married-civ-spouse,Craft-repair,Husband,White,Male,0,0,40,United-States,0.5297866103432683,0
56,Private,199763,Some-college,10,Married-civ-spouse,Craft-repair,Husband,White,Male,0,0,45,United-States,0.5297789665422892,0
60,Private,130684,Some-college,10,Married-civ-spouse,Craft-repair,Husband,White,Male,0,0,55,United-States,0.5297688384171204,0
30,Private,318749,Assoc-voc,11,Married-civ-spouse,Tech-support,Wife,White,Female,0,0,35,Germany,0.5297648190405218,0
42,Private,139126,Some-college,10,Married-civ-spouse,Tech-support,Husband,White,Male,0,0,40,United-States,0.529691299405509,0
57,Private,317969,HS-grad,9,Married-civ-spouse,Exec-managerial,Husband,White,Male,0,0,50,United-States,0.5296737875551586,0
62,Federal-gov,209433,HS-grad,9,Married-civ-spouse,Adm-clerical,Husband,Black,Male,0,0,40,United-States,0.5293031690737929,0
34,Private,114691,Some-college,10,Married-civ-spouse,Exec-managerial,Husband,White,Male,0,0,50,United-States,0.5291898135463201,0
55,Self-emp-inc,67433,HS-grad,9,Married-civ-spouse,Exec-managerial,Husband,White,Male,0,0,60,United-States,0.5289031572188744,0
55,Private,49737,Some-college,10,Married-civ-spouse,Sales,Husband,White,Male,0,0,50,United-States,0.528739654210704,0
56,Private,178353,Some-college,10,Married-civ-spouse,Prof-specialty,Husband,White,Male,0,0,40,United-States,0.528738594344907,0
57,Private,171242,Some-college,10,Married-civ-spouse,Prof-specialty,Husband,White,Male,0,0,40,United-States,0.528738594344907,0
40,Self-emp-inc,207578,HS-grad,9,Married-civ-spouse,Adm-clerical,Husband,White,Male,0,0,50,United-States,0.5284147803681156,0
51,Self-emp-inc,166386,Bachelors,13,Married-civ-spouse,Exec-managerial,Wife,Asian-Pac-Islander,Female,0,0,35,Taiwan,0.5283744371688531,1
30,Private,235271,Bachelors,13,Married-civ-spouse,Sales,Husband,White,Male,0,0,40,United-States,0.5282139604330295,0
29,Private,211482,Bachelors,13,Married-civ-spouse,Sales,Husband,White,Male,0,0,40,United-States,0.5282139604330295,0
35,Self-emp-inc,79586,Masters,14,Married-civ-spouse,Prof-specialty,Husband,Asian-Pac-Islander,Male,0,0,40,India,0.5281796655980341,1
27,Private,228476,Bachelors,13,Married-civ-spouse,Sales,Husband,White,Male,0,0,50,United-States,0.5279456030265948,0
33,Private,254221,Doctorate,16,Never-married,Prof-specialty,Not-in-family,White,Female,0,0,60,United-States,0.5278350226452149,0
29,Private,95423,HS-grad,9,Married-AF-spouse,Transport-moving,Husband,White,Male,0,0,80,United-States,0.5277454046379083,0
39,Self-emp-not-inc,65716,Assoc-acdm,12,Married-civ-spouse,Adm-clerical,Wife,White,Female,0,0,40,United-States,0.5277019585392774,0
30,Self-emp-inc,185384,Some-college,10,Married-civ-spouse,Exec-managerial,Wife,White,Female,0,0,25,United-States,0.5277013222039135,0
50,Private,274528,Some-college,10,Married-civ-spouse,Sales,Husband,White,Male,0,0,40,United-States,0.5275533042521166,0
62,State-gov,159699,Bachelors,13,Married-civ-spouse,Adm-clerical,Husband,White,Male,0,0,38,United-States,0.5273762695768267,0
34,Private,287315,Some-college,10,Married-civ-spouse,Exec-managerial,Husband,White,Male,0,0,55,United-States,0.5272122183549857,0
40,Private,123306,Assoc-voc,11,Married-civ-spouse,Prof-specialty,Husband,White,Male,0,0,40,United-States,0.5271613649156144,0
53,Private,163678,Some-college,10,Married-civ-spouse,Sales,Husband,White,Male,0,0,40,United-States,0.5270343853755938,0
49,Private,176814,Some-college,10,Married-civ-spouse,Craft-repair,Husband,White,Male,0,0,50,Canada,0.5270291566667767,0
47,State-gov,223944,Some-college,10,Married-civ-spouse,Adm-clerical,Wife,White,Female,0,0,30,United-States,0.5270165527537516,0
45,Self-emp-not-inc,138962,Some-college,10,Married-civ-spouse,Exec-managerial,Husband,Asian-Pac-Islander,Male,0,0,72,?,0.5270033336168333,1
55,Local-gov,296085,Assoc-acdm,12,Married-civ-spouse,Prof-specialty,Husband,Asian-Pac-Islander,Male,0,0,40,United-States,0.5267322982159534,2
39,?,201105,Bachelors,13,Married-civ-spouse,?,Wife,White,Female,0,0,30,United-States,0.5267268868828551,0
46,Self-emp-not-inc,220832,Some-college,10,Married-civ-spouse,Exec-managerial,Husband,White,Male,0,0,58,United-States,0.5266984534544356,0
32,Local-gov,168387,Masters,14,Married-civ-spouse,Prof-specialty,Husband,White,Male,0,0,50,United-States,0.5266467137849794,0
29,Local-gov,383745,Some-college,10,Married-civ-spouse,Protective-serv,Husband,White,Male,0,1485,40,United-States,0.5266138156329915,0
36,?,186815,Masters,14,Married-civ-spouse,?,Husband,White,Male,0,0,50,United-States,0.5264818866282969,0
34,Self-emp-not-inc,204375,Prof-school,15,Never-married,Prof-specialty,Not-in-family,White,Female,0,0,60,United-States,0.5264289698831852,0
43,Private,144778,HS-grad,9,Married-civ-spouse,Exec-managerial,Husband,White,Male,0,0,50,United-States,0.5261655247652377,0
38,Private,617898,Bachelors,13,Married-civ-spouse,Farming-fishing,Husband,White,Male,0,0,50,United-States,0.5259783845314033,0
57,Federal-gov,199114,Bachelors,13,Never-married,Adm-clerical,Not-in-family,White,Male,0,2258,40,United-States,0.525929043667674,0
46,Private,237731,Assoc-voc,11,Married-civ-spouse,Adm-clerical,Husband,White,Male,0,0,40,United-States,0.5257944817812058,0
43,Self-emp-not-inc,99220,Bachelors,13,Married-civ-spouse,Sales,Husband,White,Male,0,0,40,United-States,0.5257382296718575,0
51,Self-emp-not-inc,20795,Some-college,10,Married-civ-spouse,Craft-repair,Husband,White,Male,0,0,40,United-States,0.5257379422812842,0
42,Private,76280,HS-grad,9,Married-civ-spouse,Exec-managerial,Wife,White,Female,0,0,40,United-States,0.5257150488623322,0
42,Private,153414,Bachelors,13,Married-civ-spouse,Sales,Husband,Black,Male,0,0,40,United-States,0.5257111163649363,1
61,Private,210488,HS-grad,9,Married-civ-spouse,Exec-managerial,Husband,White,Male,0,0,50,United-States,0.5256713829676677,0
47,Federal-gov,44257,Bachelors,13,Married-spouse-absent,Exec-managerial,Not-in-family,White,Male,0,0,60,United-States,0.525382868211517,0
35,Local-gov,233327,Some-college,10,Married-civ-spouse,Protective-serv,Husband,White,Male,0,0,40,United-States,0.5253663943478446,0
44,Private,219155,Some-college,10,Married-civ-spouse,Sales,Husband,White,Male,0,0,50,England,0.525237104615773,0
35,Self-emp-not-inc,190895,Masters,14,Married-civ-spouse,Sales,Husband,White,Male,0,0,40,United-States,0.5251973284761898,0
36,Private,186819,Assoc-acdm,12,Married-civ-spouse,Craft-repair,Husband,White,Male,0,0,52,United-States,0.5251926555655408,0
29,Private,203697,Bachelors,13,Married-civ-spouse,Prof-specialty,Own-child,White,Male,0,0,75,United-States,0.5251324224148122,0
42,Private,196029,Bachelors,13,Married-civ-spouse,Transport-moving,Husband,White,Male,0,0,48,United-States,0.5251101458953661,0
41,Self-emp-not-inc,375574,Some-college,10,Married-civ-spouse,Sales,Husband,White,Male,0,0,60,Mexico,0.52505647093469,0
27,Private,169662,Bachelors,13,Married-civ-spouse,Prof-specialty,Husband,White,Male,0,0,42,United-States,0.5250079153744589,0
45,Private,81132,Some-college,10,Married-civ-spouse,Craft-repair,Other-relative,Asian-Pac-Islander,Male,0,0,40,Philippines,0.5248115102800872,1
31,Private,131425,Bachelors,13,Married-civ-spouse,Craft-repair,Husband,White,Male,0,0,40,United-States,0.5246987325225674,0
32,Private,186824,Bachelors,13,Married-civ-spouse,Craft-repair,Husband,White,Male,0,0,40,United-States,0.5246987325225674,0
61,Private,130684,Some-college,10,Married-civ-spouse,Prof-specialty,Husband,White,Male,0,0,42,United-States,0.5246913332506441,0
43,Private,112131,Some-college,10,Married-civ-spouse,Exec-managerial,Husband,White,Male,0,0,40,United-States,0.5246658070697738,0
55,State-gov,157639,Some-college,10,Married-civ-spouse,Protective-serv,Husband,White,Male,0,0,40,United-States,0.5245971335526518,0
54,Private,206964,Some-college,10,Married-civ-spouse,Sales,Husband,White,Male,0,0,40,United-States,0.5244042218156688,0
29,Private,444304,Bachelors,13,Married-civ-spouse,Prof-specialty,Husband,White,Male,0,0,40,United-States,0.5242770449863813,0
41,Private,152629,Some-college,10,Married-civ-spouse,Tech-support,Husband,White,Male,0,0,40,United-States,0.5242644028789821,0
57,Private,108741,HS-grad,9,Married-civ-spouse,Exec-managerial,Wife,White,Female,0,0,40,United-States,0.5242299237862886,0
37,Private,202683,Some-college,10,Married-civ-spouse,Sales,Husband,White,Male,0,0,48,United-States,0.5242183278311571,0
54,Private,144586,Some-college,10,Married-civ-spouse,Sales,Wife,White,Female,0,0,40,United-States,0.5240682754108125,0
31,Private,119432,Bachelors,13,Married-civ-spouse,Sales,Husband,White,Male,0,0,40,United-States,0.5240386236713471,0
31,Private,181091,Bachelors,13,Married-civ-spouse,Sales,Husband,White,Male,0,0,40,United-States,0.5240386236713471,0
58,Private,31732,Some-college,10,Married-civ-spouse,Sales,Husband,White,Male,0,0,45,United-States,0.5239697208700564,0
62,Private,183735,Some-college,10,Married-civ-spouse,Exec-managerial,Husband,White,Male,0,0,40,United-States,0.5236185253795228,0
60,Self-emp-not-inc,205246,HS-grad,9,Never-married,Exec-managerial,Not-in-family,Black,Male,0,2559,50,United-States,0.5236175621339658,2
53,Private,187356,Some-college,10,Married-civ-spouse,Craft-repair,Husband,White,Male,0,0,66,United-States,0.5235224953673596,0
53,Local-gov,260106,Prof-school,15,Divorced,Prof-specialty,Not-in-family,White,Female,0,0,50,United-States,0.5235114943359531,0
42,Self-emp-not-inc,29962,Bachelors,13,Married-civ-spouse,Sales,Husband,White,Male,0,0,48,United-States,0.5234813194534277,0
35,Self-emp-not-inc,181705,HS-grad,9,Married-civ-spouse,Craft-repair,Husband,White,Male,3103,0,40,United-States,0.5233502691007537,0
46,Self-emp-not-inc,165754,Doctorate,16,Never-married,Prof-specialty,Not-in-family,White,Female,0,0,45,United-States,0.5233412182568705,0
29,Private,149211,Bachelors,13,Married-civ-spouse,Tech-support,Husband,White,Male,0,0,40,United-States,0.5233400718122777,0
53,Private,98791,Some-college,10,Married-civ-spouse,Tech-support,Husband,White,Male,0,0,40,United-States,0.5233205856418783,0
43,Private,427382,Masters,14,Never-married,Prof-specialty,Not-in-family,White,Male,0,0,50,United-States,0.5232343299683055,0
35,Private,406051,Doctorate,16,Never-married,Prof-specialty,Not-in-family,White,Female,0,0,80,United-States,0.5232340400527283,0
58,Private,255822,Assoc-voc,11,Married-civ-spouse,Craft-repair,Husband,White,Male,0,0,40,United-States,0.523148144017684,0
62,Private,155256,HS-grad,9,Married-civ-spouse,Exec-managerial,Husband,White,Male,0,0,45,United-States,0.523048173309592,0
38,Private,186359,Some-college,10,Married-civ-spouse,Exec-managerial,Husband,White,Male,0,0,40,United-States,0.523012022337889,0
54,Self-emp-inc,175339,HS-grad,9,Married-civ-spouse,Sales,Husband,White,Male,0,0,50,United-States,0.5229209532362731,0
44,Private,193524,Some-college,10,Married-civ-spouse,Prof-specialty,Husband,White,Male,0,0,40,United-States,0.5229123523623435,0
29,Private,114224,Bachelors,13,Married-civ-spouse,Prof-specialty,Husband,White,Male,0,0,40,United-States,0.5229028943509875,0
50,Private,27484,HS-grad,9,Married-civ-spouse,Exec-managerial,Husband,White,Male,0,0,50,United-States,0.5228498350583819,0
61,Private,84587,Assoc-voc,11,Married-civ-spouse,Craft-repair,Husband,Asian-Pac-Islander,Male,0,0,40,United-States,0.5228390520136056,1
60,Private,123992,Some-college,10,Married-civ-spouse,Craft-repair,Husband,White,Male,0,0,45,United-States,0.5228320803007998,0
42,Private,240255,Assoc-voc,11,Married-civ-spouse,Prof-specialty,Husband,Black,Male,0,0,40,United-States,0.5228119119772697,0
37,Federal-gov,29054,Some-college,10,Married-civ-spouse,Adm-clerical,Husband,White,Male,0,0,42,United-States,0.522772795349082,0
46,Private,216999,Bachelors,13,Never-married,Exec-managerial,Not-in-family,White,Male,0,0,55,United-States,0.5227037964816864,0
56,Private,117872,Assoc-voc,11,Married-civ-spouse,Craft-repair,Husband,Black,Male,0,0,40,United-States,0.5224820377097051,0
45,Self-emp-inc,120131,HS-grad,9,Married-civ-spouse,Craft-repair,Husband,White,Male,0,0,50,United-States,0.5224695225279027,0
63,Self-emp-inc,80572,Bachelors,13,Married-civ-spouse,Farming-fishing,Husband,White,Male,0,0,40,United-States,0.522250607199792,0
55,?,136819,Bachelors,13,Married-civ-spouse,?,Husband,White,Male,0,0,40,United-States,0.5221303044088521,0
41,Private,204410,HS-grad,9,Married-civ-spouse,Craft-repair,Husband,White,Male,0,1485,44,United-States,0.5220140969661453,0
39,Private,269323,Some-college,10,Married-civ-spouse,Exec-managerial,Husband,White,Male,0,0,40,United-States,0.5219964026157585,0
45,Private,206459,Some-college,10,Married-civ-spouse,Adm-clerical,Husband,White,Male,0,0,40,United-States,0.5219482650186378,0
48,Private,168216,Some-college,10,Married-civ-spouse,Sales,Husband,White,Male,0,0,40,United-States,0.5219482650186378,0
51,Private,224207,Some-college,10,Married-civ-spouse,Sales,Husband,White,Male,0,0,40,United-States,0.5219482650186378,0
31,Private,341672,Bachelors,13,Married-civ-spouse,Adm-clerical,Husband,Asian-Pac-Islander,Male,0,0,60,India,0.5219107213151492,1
49,Private,255559,Some-college,10,Married-civ-spouse,Adm-clerical,Wife,White,Female,0,0,40,United-States,0.5218885659011613,0
43,Private,86750,Assoc-voc,11,Married-civ-spouse,Craft-repair,Husband,White,Male,0,0,99,United-States,0.521841620241567,0
34,Private,169527,Some-college,10,Married-civ-spouse,Sales,Wife,White,Female,4386,0,20,United-States,0.5217214908280489,0
43,Local-gov,37937,Assoc-acdm,12,Married-civ-spouse,Tech-support,Husband,White,Male,0,0,43,United-States,0.52169786182857,0
47,Self-emp-inc,212120,HS-grad,9,Married-civ-spouse,Craft-repair,Husband,White,Male,0,0,40,United-States,0.5215226984956479,0
48,Private,102102,Assoc-voc,11,Married-civ-spouse,Tech-support,Husband,White,Male,0,0,50,United-States,0.5214357949514035,0
61,?,113544,Bachelors,13,Married-civ-spouse,?,Husband,White,Male,0,0,55,United-States,0.5214075670995197,0
29,Private,114982,Bachelors,13,Married-civ-spouse,Tech-support,Husband,White,Male,0,0,40,United-States,0.5214005094844986,0
46,Private,182689,Some-college,10,Married-civ-spouse,Sales,Husband,White,Male,0,0,40,United-States,0.5212699384825065,0
49,Private,168211,HS-grad,9,Married-civ-spouse,Protective-serv,Husband,White,Male,0,0,40,United-States,0.5212681842418009,0
55,?,487411,Masters,14,Married-civ-spouse,?,Husband,White,Male,0,0,40,United-States,0.5211066757943099,0
55,Private,141877,Bachelors,13,Married-civ-spouse,Machine-op-inspct,Husband,White,Male,0,0,40,United-States,0.5210365310264246,0
44,Private,115932,Assoc-acdm,12,Married-civ-spouse,Prof-specialty,Husband,White,Male,0,0,40,United-States,0.5209432875326788,0
52,Local-gov,153064,Some-college,10,Married-civ-spouse,Exec-managerial,Husband,White,Male,0,0,40,United-States,0.5208769866293338,0
40,Self-emp-inc,132222,HS-grad,9,Married-civ-spouse,Exec-managerial,Husband,White,Male,0,0,40,United-States,0.5208586659331148,0
57,?,208311,Bachelors,13,Married-civ-spouse,?,Husband,White,Male,0,0,80,United-States,0.520821496561053,0
42,Self-emp-not-inc,96524,Bachelors,13,Married-civ-spouse,Sales,Husband,White,Male,0,0,40,United-States,0.52074933503963,0
52,Self-emp-inc,74712,HS-grad,9,Married-civ-spouse,Sales,Husband,Asian-Pac-Islander,Male,0,0,40,United-States,0.520429735247175,1
36,Local-gov,241962,Bachelors,13,Married-civ-spouse,Adm-clerical,Husband,White,Male,0,0,40,United-States,0.5203269167745969,0
44,Private,277720,Some-college,10,Married-civ-spouse,Adm-clerical,Wife,White,Female,0,0,35,United-States,0.5203039677155292,0
39,Private,333305,Some-college,10,Married-civ-spouse,Sales,Wife,White,Female,0,0,45,United-States,0.5202756654248002,0
35,Self-emp-inc,340110,Some-college,10,Married-civ-spouse,Sales,Husband,White,Male,0,0,50,United-States,0.5202357574602553,0
45,Local-gov,168191,Bachelors,13,Married-civ-spouse,Craft-repair,Husband,White,Male,0,0,35,United-States,0.5202056346013584,0
37,Self-emp-inc,257295,Some-college,10,Married-civ-spouse,Exec-managerial,Husband,Asian-Pac-Islander,Male,0,0,75,Thailand,0.520200836193859,1
49,Private,32212,HS-grad,9,Married-civ-spouse,Exec-managerial,Wife,White,Female,0,0,43,United-States,0.5200828585562827,0
37,Private,468713,Some-college,10,Married-civ-spouse,Adm-clerical,Husband,White,Male,0,0,40,United-States,0.5200771476704859,0
52,Private,150393,Bachelors,13,Married-civ-spouse,Machine-op-inspct,Husband,White,Male,0,0,40,United-States,0.5200306389483742,0
45,Private,178319,Bachelors,13,Married-civ-spouse,Machine-op-inspct,Husband,White,Male,0,0,40,United-States,0.5200306389483742,0
56,Private,112840,HS-grad,9,Married-civ-spouse,Exec-managerial,Husband,White,Male,0,0,55,United-States,0.5195381172437259,0
35,Self-emp-not-inc,361888,Bachelors,13,Married-civ-spouse,Sales,Husband,White,Male,0,0,60,Japan,0.5194295323805066,0
37,Private,344480,Some-college,10,Married-civ-spouse,Craft-repair,Husband,White,Male,0,0,65,United-States,0.5193931145458693,0
44,Private,98211,Bachelors,13,Married-civ-spouse,Transport-moving,Husband,White,Male,0,0,55,United-States,0.5193299656777927,0
41,Private,177305,Assoc-acdm,12,Married-civ-spouse,Craft-repair,Husband,White,Male,0,0,60,United-States,0.5192990956549144,0
36,Private,112497,Bachelors,13,Married-civ-spouse,Tech-support,Husband,White,Male,0,0,40,United-States,0.5191219907453051,0
55,Local-gov,37869,Doctorate,16,Never-married,Prof-specialty,Not-in-family,White,Female,0,0,60,United-States,0.5191058051785513,0
44,Federal-gov,44822,Some-college,10,Married-civ-spouse,Craft-repair,Husband,White,Male,0,0,40,United-States,0.5189813479095393,0
27,Private,195678,Bachelors,13,Married-civ-spouse,Prof-specialty,Husband,White,Male,0,0,40,United-States,0.5188508218052151,0
27,Private,408623,Bachelors,13,Married-civ-spouse,Craft-repair,Other-relative,White,Male,0,0,50,United-States,0.5188117996964366,0
56,Self-emp-inc,165881,HS-grad,9,Married-civ-spouse,Sales,Husband,White,Male,0,0,50,United-States,0.5186796642164674,0
61,?,232618,Prof-school,15,Married-civ-spouse,?,Husband,White,Male,0,0,40,United-States,0.5186483425284154,0
27,Self-emp-not-inc,208406,Bachelors,13,Married-civ-spouse,Exec-managerial,Husband,White,Male,0,0,60,United-States,0.5185090671175033,0
44,Private,116632,Some-college,10,Married-civ-spouse,Prof-specialty,Husband,White,Male,0,0,40,United-States,0.5184386372256998,0
50,Private,338283,Some-college,10,Married-civ-spouse,Craft-repair,Husband,White,Male,0,0,40,United-States,0.5183962773079182,0
50,Private,167886,Some-college,10,Married-civ-spouse,Sales,Husband,White,Male,0,0,40,United-States,0.518297701574515,0
54,Private,200783,Some-college,10,Married-civ-spouse,Sales,Husband,White,Male,0,0,40,United-States,0.518297701574515,0
22,Federal-gov,32950,Some-college,10,Married-civ-spouse,Sales,Husband,White,Male,0,1902,37,United-States,0.5182250737211018,0
36,Private,41017,Some-college,10,Married-civ-spouse,Exec-managerial,Husband,White,Male,0,0,52,United-States,0.518143538958592,0
41,Self-emp-inc,114967,Assoc-voc,11,Married-civ-spouse,Exec-managerial,Husband,Black,Male,0,0,40,United-States,0.5180083121709452,0
44,Self-emp-inc,104892,Some-college,10,Married-civ-spouse,Craft-repair,Husband,White,Male,0,0,58,United-States,0.5180012714119973,0
41,Local-gov,47858,Bachelors,13,Married-civ-spouse,Protective-serv,Husband,White,Male,0,0,40,United-States,0.5179980509876855,0
36,Private,268620,Some-college,10,Married-civ-spouse,Exec-managerial,Wife,White,Female,0,0,33,United-States,0.517958197085869,0
45,State-gov,81853,Some-college,10,Married-civ-spouse,Adm-clerical,Wife,Asian-Pac-Islander,Female,0,0,40,United-States,0.5179295387758566,1
32,Self-emp-not-inc,56328,Bachelors,13,Married-civ-spouse,Prof-specialty,Wife,White,Female,0,0,8,United-States,0.5178282193541697,0
46,Private,332355,Some-college,10,Married-civ-spouse,Adm-clerical,Husband,White,Male,0,0,40,United-States,0.5178033941392451,0
45,Private,329144,Some-college,10,Married-civ-spouse,Sales,Husband,White,Male,0,0,40,United-States,0.5178033941392451,0
45,Private,343377,Some-college,10,Married-civ-spouse,Adm-clerical,Husband,White,Male,0,0,40,United-States,0.5178033941392451,0
49,Self-emp-not-inc,199326,Some-college,10,Married-civ-spouse,Sales,Husband,White,Male,0,0,50,United-States,0.5177689296450099,0
46,Self-emp-not-inc,256014,Assoc-voc,11,Married-civ-spouse,Exec-managerial,Husband,White,Male,0,0,60,United-States,0.5177285459659857,0
38,Private,189916,Some-college,10,Married-civ-spouse,Sales,Wife,White,Female,0,0,40,United-States,0.5176971871515613,0
37,Private,140673,Some-college,10,Married-civ-spouse,Sales,Wife,White,Female,0,0,40,United-States,0.5176911486748605,0
31,Private,206051,Bachelors,13,Married-civ-spouse,Adm-clerical,Husband,White,Male,0,0,40,United-States,0.517555650581397,0
40,Local-gov,240504,Assoc-acdm,12,Married-civ-spouse,Exec-managerial,Husband,White,Male,0,0,40,United-States,0.5174518678178859,0
38,Private,114059,Some-college,10,Married-civ-spouse,Sales,Husband,White,Male,0,0,60,United-States,0.5173987000979798,0
59,Private,38573,Some-college,10,Married-civ-spouse,Exec-managerial,Husband,White,Male,0,0,40,United-States,0.5173222579071874,0
46,State-gov,164023,Some-college,10,Married-civ-spouse,Protective-serv,Husband,Black,Male,0,0,70,United-States,0.5172892008446226,0
46,Private,106092,HS-grad,9,Married-civ-spouse,Exec-managerial,Husband,White,Male,0,0,45,United-States,0.5172799174624626,0
32,Private,180603,Bachelors,13,Married-civ-spouse,Sales,Husband,White,Male,0,0,40,United-States,0.5172762605458553,0
26,Private,293690,Bachelors,13,Married-civ-spouse,Craft-repair,Husband,White,Male,0,0,58,United-States,0.5172504381265343,0
61,Private,79827,HS-grad,9,Married-civ-spouse,Exec-managerial,Husband,White,Male,0,0,50,United-States,0.5172342400095118,0
38,Private,203169,Assoc-voc,11,Married-civ-spouse,Craft-repair,Husband,White,Male,0,0,50,United-States,0.5171882744622822,0
43,Private,180096,Assoc-voc,11,Married-civ-spouse,Craft-repair,Husband,White,Male,0,0,50,United-States,0.5171562876964194,0
60,Private,82775,Some-college,10,Married-civ-spouse,Sales,Husband,White,Male,0,0,55,United-States,0.5171064904560913,0
58,Private,49893,Some-college,10,Married-civ-spouse,Sales,Husband,White,Male,0,0,45,United-States,0.5168781725996751,0
46,Private,219611,Some-college,10,Married-civ-spouse,Adm-clerical,Husband,White,Male,0,0,40,United-States,0.5167947633562122,0
56,Private,83196,HS-grad,9,Married-civ-spouse,Exec-managerial,Husband,White,Male,0,0,50,United-States,0.516704880383384,0
58,Private,68624,HS-grad,9,Married-civ-spouse,Exec-managerial,Husband,White,Male,0,0,45,United-States,0.516704880383384,0
50,Private,339954,Assoc-voc,11,Married-civ-spouse,Craft-repair,Husband,White,Male,0,0,40,United-States,0.5166661456762359,0
53,Private,291755,Assoc-voc,11,Married-civ-spouse,Craft-repair,Husband,White,Male,0,0,40,United-States,0.5166661456762359,0
40,Private,220589,Some-college,10,Married-civ-spouse,Sales,Wife,White,Female,0,0,40,United-States,0.5166456436676656,0
50,Private,297906,Some-college,10,Married-civ-spouse,Sales,Husband,Asian-Pac-Islander,Male,0,0,50,United-States,0.5165255099896596,1
29,Local-gov,219906,Bachelors,13,Married-civ-spouse,Prof-specialty,Wife,White,Female,0,0,25,United-States,0.5163889085096974,0
45,Private,285858,Bachelors,13,Married-civ-spouse,Transport-moving,Husband,White,Male,0,0,40,United-States,0.5163886044796957,0
41,Private,27444,Some-college,10,Married-civ-spouse,Adm-clerical,Husband,White,Male,0,0,46,United-States,0.5163579155161092,0
30,Private,117963,Bachelors,13,Married-civ-spouse,Adm-clerical,Husband,White,Male,0,0,40,United-States,0.5162023527492932,0
36,Self-emp-inc,186035,Some-college,10,Married-civ-spouse,Sales,Husband,White,Male,0,0,60,United-States,0.516121492697425,0
34,Self-emp-inc,242984,Bachelors,13,Never-married,Exec-managerial,Not-in-family,White,Male,0,0,50,United-States,0.5160667849015075,0
28,Private,53063,Bachelors,13,Married-civ-spouse,Exec-managerial,Husband,White,Male,0,0,45,United-States,0.5159666720597701,0
35,Private,241306,Assoc-voc,11,Married-civ-spouse,Tech-support,Husband,White,Male,0,0,40,United-States,0.5159449844662513,0
42,Private,251239,Some-college,10,Married-civ-spouse,Exec-managerial,Husband,White,Male,0,0,40,Puerto-Rico,0.5159429112831948,0
42,Private,213214,Assoc-acdm,12,Married-civ-spouse,Sales,Husband,White,Male,0,0,40,United-States,0.5159020581466611,0
40,Private,110622,Prof-school,15,Married-civ-spouse,Adm-clerical,Other-relative,Asian-Pac-Islander,Female,0,0,40,Philippines,0.5158898061122601,1
44,Private,245317,Some-college,10,Married-civ-spouse,Craft-repair,Husband,White,Male,0,0,56,United-States,0.5158414106887909,0
30,Local-gov,211654,Masters,14,Married-civ-spouse,Prof-specialty,Husband,White,Male,0,0,40,United-States,0.5158397141242236,0
61,Local-gov,321117,HS-grad,9,Married-civ-spouse,Protective-serv,Husband,White,Male,0,0,40,United-States,0.5157911414039863,0
42,Self-emp-not-inc,222978,Doctorate,16,Never-married,Prof-specialty,Not-in-family,White,Female,0,0,45,United-States,0.515764407201719,0
36,Local-gov,113337,Some-college,10,Married-civ-spouse,Tech-support,Husband,White,Male,0,0,42,United-States,0.5156818628899276,0
37,Private,225504,Masters,14,Never-married,Sales,Not-in-family,White,Male,0,0,50,United-States,0.5156196555431788,0
47,Private,133969,Bachelors,13,Married-civ-spouse,Exec-managerial,Husband,Asian-Pac-Islander,Male,2885,0,65,Japan,0.5155327585801824,1
39,Local-gov,139364,Bachelors,13,Married-civ-spouse,Prof-specialty,Husband,White,Male,0,0,35,United-States,0.515531645156898,0
48,Private,180532,Assoc-voc,11,Married-civ-spouse,Craft-repair,Husband,White,Male,0,0,40,United-States,0.5154499930529516,0
59,Private,208395,Masters,14,Divorced,Prof-specialty,Not-in-family,White,Male,0,0,50,United-States,0.5151715115994806,0
63,?,170529,Bachelors,13,Married-civ-spouse,?,Wife,Black,Female,0,0,45,United-States,0.5151714461672896,0
26,Private,402998,Bachelors,13,Married-civ-spouse,Prof-specialty,Husband,White,Male,0,0,58,United-States,0.5151709618733751,0
49,Private,23776,Some-college,10,Married-civ-spouse,Adm-clerical,Husband,White,Male,0,0,40,United-States,0.5149302907911991,0
34,Private,117963,Bachelors,13,Married-civ-spouse,Craft-repair,Husband,White,Male,0,0,40,United-States,0.5149110346434793,0
56,Self-emp-not-inc,323639,Masters,14,Married-civ-spouse,Exec-managerial,Husband,White,Male,0,0,25,United-States,0.5148894469156788,0
47,Private,266860,Some-college,10,Married-civ-spouse,Sales,Husband,White,Male,0,0,65,United-States,0.5148809657815464,0
44,Federal-gov,184099,HS-grad,9,Married-civ-spouse,Adm-clerical,Husband,White,Male,0,0,40,United-States,0.5148261857491868,0
49,Private,133669,Some-college,10,Married-civ-spouse,Adm-clerical,Husband,White,Male,0,0,40,United-States,0.5148158358670518,0
48,Private,131826,Some-college,10,Married-civ-spouse,Adm-clerical,Husband,White,Male,0,0,40,United-States,0.5148158358670518,0
52,Private,152373,Some-college,10,Married-civ-spouse,Sales,Husband,White,Male,0,0,40,United-States,0.5148158358670518,0
48,Local-gov,383384,HS-grad,9,Married-civ-spouse,Craft-repair,Husband,White,Male,0,0,60,United-States,0.5148108526407893,0
44,Private,377018,Assoc-voc,11,Married-civ-spouse,Craft-repair,Husband,White,Male,0,0,40,United-States,0.514701256473467,0
47,Self-emp-not-inc,255934,Some-college,10,Married-civ-spouse,Exec-managerial,Husband,White,Male,0,0,80,United-States,0.5146829273483549,0
46,Federal-gov,308077,Prof-school,15,Separated,Prof-specialty,Unmarried,White,Female,0,0,40,Germany,0.5145657099040899,0
40,Local-gov,306495,Bachelors,13,Married-civ-spouse,Prof-specialty,Husband,White,Male,0,0,35,United-States,0.5145330749993207,0
66,?,177351,Bachelors,13,Married-civ-spouse,?,Husband,White,Male,0,2174,40,United-States,0.5144921082430318,0
31,Private,101697,Assoc-voc,11,Married-civ-spouse,Prof-specialty,Wife,White,Female,0,0,40,United-States,0.5144700633316036,0
36,Private,187167,Assoc-acdm,12,Married-civ-spouse,Sales,Wife,White,Female,0,0,40,United-States,0.5144119827014471,0
43,Private,168071,HS-grad,9,Married-civ-spouse,Exec-managerial,Husband,White,Male,0,0,44,United-States,0.5143800984958173,0
38,Federal-gov,216924,Assoc-voc,11,Married-civ-spouse,Craft-repair,Husband,White,Male,0,0,40,United-States,0.5142922297729758,0
41,Private,221947,Some-college,10,Married-civ-spouse,Craft-repair,Husband,White,Male,0,0,56,United-States,0.5141884645364053,0
40,Self-emp-not-inc,403550,Some-college,10,Married-civ-spouse,Craft-repair,Husband,White,Male,0,0,50,United-States,0.5139911876885733,0
36,Private,68273,Bachelors,13,Married-civ-spouse,Sales,Husband,White,Male,0,0,40,United-States,0.5139103749996471,0
45,Private,168837,Some-college,10,Married-civ-spouse,Adm-clerical,Wife,White,Female,0,0,24,Canada,0.5138900643054793,0
58,Federal-gov,319733,HS-grad,9,Married-civ-spouse,Transport-moving,Husband,White,Male,0,0,70,United-States,0.5138404702414826,0
36,Private,186808,Bachelors,13,Married-civ-spouse,Craft-repair,Own-child,White,Male,0,0,40,United-States,0.5138242650758349,1
51,Private,96586,Some-college,10,Married-civ-spouse,Tech-support,Husband,White,Male,0,0,40,United-States,0.5137064861609819,0
45,Private,187581,Some-college,10,Married-civ-spouse,Craft-repair,Husband,White,Male,0,0,40,United-States,0.5136913443472279,0
48,Private,182862,Some-college,10,Married-civ-spouse,Craft-repair,Husband,White,Male,0,0,40,United-States,0.5136913443472279,0
48,Private,191858,Some-college,10,Married-civ-spouse,Craft-repair,Husband,White,Male,0,0,40,United-States,0.5136913443472279,0
45,Self-emp-inc,142719,HS-grad,9,Married-civ-spouse,Sales,Husband,White,Male,0,0,40,United-States,0.5136831327609713,0
33,Local-gov,511289,Assoc-voc,11,Married-civ-spouse,Protective-serv,Husband,White,Male,0,0,48,United-States,0.513601966158899,0
43,Private,180609,Bachelors,13,Married-civ-spouse,Transport-moving,Husband,White,Male,0,0,45,United-States,0.5133227862330229,0
45,Self-emp-not-inc,192203,Some-college,10,Married-civ-spouse,Craft-repair,Husband,White,Male,0,1485,40,United-States,0.5132752559469875,0
44,Private,96249,Some-college,10,Married-civ-spouse,Sales,Husband,White,Male,0,0,60,United-States,0.5131250214301013,0
45,Local-gov,162187,HS-grad,9,Married-civ-spouse,Protective-serv,Husband,White,Male,0,0,40,United-States,0.5130403298647379,0
51,Local-gov,176813,Assoc-acdm,12,Married-civ-spouse,Prof-specialty,Husband,White,Male,0,0,60,United-States,0.5130343351118725,0
44,Private,165815,HS-grad,9,Married-civ-spouse,Exec-managerial,Husband,White,Male,0,0,60,United-States,0.513006884321013,0
40,Private,193882,HS-grad,9,Married-civ-spouse,Exec-managerial,Husband,White,Male,0,0,45,United-States,0.5129214016226329,0
48,Private,36503,Some-college,10,Married-civ-spouse,Exec-managerial,Husband,White,Male,0,0,40,United-States,0.5129171714854963,0
29,Private,209301,Bachelors,13,Married-civ-spouse,Craft-repair,Husband,White,Male,0,0,40,Canada,0.5126514117249393,1
37,Private,335168,Some-college,10,Married-civ-spouse,Sales,Husband,White,Male,0,0,55,United-States,0.5126061540005092,0
41,State-gov,363591,Assoc-voc,11,Married-civ-spouse,Exec-managerial,Husband,White,Male,0,0,40,United-States,0.5125063006283723,0
40,Private,181265,Some-college,10,Married-civ-spouse,Craft-repair,Husband,White,Male,0,0,52,United-States,0.5124512587659561,0
53,Federal-gov,130703,HS-grad,9,Married-civ-spouse,Adm-clerical,Husband,Black,Male,0,0,40,United-States,0.5124490582666417,0
43,Private,193494,Some-college,10,Married-civ-spouse,Prof-specialty,Husband,White,Male,0,0,40,United-States,0.5124422964937055,0
51,Self-emp-not-inc,256963,Some-college,10,Married-civ-spouse,Sales,Husband,White,Male,0,0,60,United-States,0.5124349702220445,0
58,Private,210673,Some-college,10,Married-civ-spouse,Adm-clerical,Wife,White,Female,0,0,40,United-States,0.5124312729311874,0
57,Self-emp-not-inc,149168,Some-college,10,Married-civ-spouse,Exec-managerial,Husband,White,Male,0,0,55,United-States,0.51235018893317,0
36,State-gov,135874,Bachelors,13,Married-civ-spouse,Sales,Husband,White,Male,0,0,40,United-States,0.5123468970710542,0
29,Federal-gov,208534,Prof-school,15,Married-civ-spouse,Prof-specialty,Husband,White,Male,0,0,80,United-States,0.5123357910030427,0
40,Self-emp-not-inc,165108,Bachelors,13,Married-civ-spouse,Adm-clerical,Husband,White,Male,0,0,40,England,0.5122948486386849,0
29,Local-gov,220656,Bachelors,13,Married-civ-spouse,Exec-managerial,Husband,Black,Male,0,0,40,United-States,0.5121859282256879,0
46,Private,155659,Bachelors,13,Married-civ-spouse,Machine-op-inspct,Husband,White,Male,0,0,40,Germany,0.5121500297656512,0
42,Private,235786,Assoc-acdm,12,Married-civ-spouse,Craft-repair,Husband,White,Male,0,0,50,United-States,0.5120575256099936,0
45,Federal-gov,60267,HS-grad,9,Married-civ-spouse,Adm-clerical,Husband,White,Male,0,0,40,United-States,0.5119859552818147,0
53,Federal-gov,68985,HS-grad,9,Married-civ-spouse,Adm-clerical,Husband,White,Male,0,0,40,United-States,0.5119859552818147,0
41,Private,124692,Some-college,10,Married-civ-spouse,Exec-managerial,Own-child,White,Male,0,0,40,United-States,0.5119543097856348,1
27,Private,193898,Bachelors,13,Married-civ-spouse,Sales,Husband,White,Male,0,0,45,United-States,0.5117834753637296,0
36,Private,238415,Assoc-voc,11,Married-civ-spouse,Sales,Husband,White,Male,0,0,50,United-States,0.5116470602480215,0
43,Private,164693,Assoc-voc,11,Married-civ-spouse,Craft-repair,Husband,White,Male,0,0,50,United-States,0.5115235744745005,0
54,Private,197189,Bachelors,13,Married-civ-spouse,Transport-moving,Husband,White,Male,0,0,40,United-States,0.5114967227180692,0
30,State-gov,169496,Bachelors,13,Married-civ-spouse,Tech-support,Husband,White,Male,0,0,40,United-States,0.5114048629928278,0
40,Private,442045,Some-college,10,Married-civ-spouse,Prof-specialty,Husband,White,Male,0,0,40,United-States,0.5113423956013028,0
35,Private,226789,Some-college,10,Married-civ-spouse,Exec-managerial,Husband,White,Male,0,0,58,United-States,0.5113176498464393,0
45,Federal-gov,81487,Some-college,10,Married-civ-spouse,Adm-clerical,Husband,White,Male,0,0,40,Puerto-Rico,0.511292955945852,0
57,Federal-gov,30030,HS-grad,9,Married-civ-spouse,Craft-repair,Husband,Black,Male,0,0,40,United-States,0.5112921118792398,1
50,Self-emp-not-inc,197054,Prof-school,15,Divorced,Sales,Not-in-family,White,Male,0,0,50,United-States,0.5111436290176384,0
40,Private,77975,Some-college,10,Married-civ-spouse,Exec-managerial,Husband,White,Male,0,0,40,United-States,0.5108781408133516,0
54,Private,143822,Some-college,10,Married-civ-spouse,Craft-repair,Husband,White,Male,0,0,45,United-States,0.5108385174246687,0
64,Federal-gov,271550,Some-college,10,Married-civ-spouse,Transport-moving,Husband,White,Male,0,0,40,United-States,0.5106827821681418,0
30,Private,115426,Bachelors,13,Married-civ-spouse,Sales,Husband,White,Male,0,0,40,United-States,0.5106031719782356,0
47,Private,170846,Assoc-acdm,12,Married-civ-spouse,Adm-clerical,Wife,White,Female,0,0,40,Italy,0.5103782357892998,0
64,Self-emp-not-inc,219661,Prof-school,15,Married-civ-spouse,Prof-specialty,Husband,White,Male,0,0,9,United-States,0.5103011234293372,0
55,Private,234327,Some-college,10,Married-civ-spouse,Craft-repair,Husband,White,Male,0,0,40,United-States,0.5102748999211756,0
72,Federal-gov,217864,HS-grad,9,Married-civ-spouse,Adm-clerical,Husband,White,Male,0,0,40,United-States,0.5102390171145987,0
49,Local-gov,268234,HS-grad,9,Married-civ-spouse,Protective-serv,Husband,White,Male,0,0,40,United-States,0.5102189363360243,0
46,Federal-gov,80057,HS-grad,9,Married-civ-spouse,Adm-clerical,Husband,White,Male,0,0,40,Germany,0.5100437145186044,0
49,Local-gov,405309,Assoc-voc,11,Married-civ-spouse,Craft-repair,Husband,White,Male,0,0,40,United-States,0.5098849081260961,0
32,Private,295117,Bachelors,13,Married-civ-spouse,Exec-managerial,Husband,Black,Male,0,0,40,England,0.5098527758591119,0
30,Private,151989,Assoc-voc,11,Married-civ-spouse,Tech-support,Wife,White,Female,0,0,40,United-States,0.5098011856723232,0
32,Private,157287,Bachelors,13,Married-civ-spouse,Sales,Husband,White,Male,0,0,40,United-States,0.5098009931601332,0
56,Self-emp-not-inc,200235,Some-college,10,Married-civ-spouse,Sales,Husband,White,Male,0,0,60,United-States,0.5097832139285161,0
59,Private,189664,Some-college,10,Married-civ-spouse,Sales,Husband,White,Male,0,0,40,United-States,0.5095550605847359,0
41,?,277390,Bachelors,13,Married-civ-spouse,?,Wife,White,Female,0,0,30,United-States,0.5095357040534505,0
35,Local-gov,182570,Assoc-acdm,12,Married-civ-spouse,Protective-serv,Husband,White,Male,0,0,40,United-States,0.509531739051017,0
34,Self-emp-not-inc,306982,Bachelors,13,Married-civ-spouse,Sales,Husband,Asian-Pac-Islander,Male,0,0,60,South,0.50924803732736,2
51,Federal-gov,174102,HS-grad,9,Married-civ-spouse,Adm-clerical,Husband,White,Male,0,0,40,United-States,0.509234143000395,0
42,Private,79586,Bachelors,13,Married-civ-spouse,Adm-clerical,Husband,Asian-Pac-Islander,Male,0,0,40,United-States,0.5092335502821828,0
56,Private,257555,Some-college,10,Married-civ-spouse,Sales,Husband,White,Male,0,0,40,United-States,0.5091427922036541,0
41,Private,198425,Some-college,10,Married-civ-spouse,Craft-repair,Husband,White,Male,0,0,45,United-States,0.5090731790343325,0
51,Self-emp-inc,183173,HS-grad,9,Married-civ-spouse,Exec-managerial,Husband,White,Male,0,0,70,United-States,0.5090248160656782,0
53,Private,225768,Assoc-voc,11,Married-civ-spouse,Craft-repair,Husband,Black,Male,0,0,40,United-States,0.5089776047977059,0
44,Private,136986,Some-college,10,Married-civ-spouse,Craft-repair,Husband,White,Male,0,0,60,United-States,0.5089299237082359,0
42,Self-emp-not-inc,326083,Assoc-voc,11,Married-civ-spouse,Prof-specialty,Husband,White,Male,0,0,40,United-States,0.5087987723069679,0
39,Private,288551,Some-college,10,Married-civ-spouse,Craft-repair,Husband,Black,Male,0,0,52,United-States,0.5087908117001417,1
46,Private,133169,Assoc-voc,11,Married-civ-spouse,Craft-repair,Husband,White,Male,0,0,40,United-States,0.5087467497447985,0
45,Private,118889,Assoc-voc,11,Married-civ-spouse,Craft-repair,Husband,White,Male,0,0,40,United-States,0.5087467497447985,0
60,?,141580,Masters,14,Married-civ-spouse,?,Husband,White,Male,0,0,40,United-States,0.5086408364644617,0
59,Self-emp-inc,103948,HS-grad,9,Married-civ-spouse,Sales,Husband,White,Male,0,0,60,United-States,0.5084750743929767,0
52,Private,133403,Some-college,10,Married-civ-spouse,Craft-repair,Husband,White,Male,0,0,55,United-States,0.5083644489915052,0
39,Federal-gov,255407,HS-grad,9,Married-civ-spouse,Craft-repair,Husband,White,Male,0,0,40,United-States,0.5083149858088987,0
47,State-gov,30575,Some-college,10,Married-civ-spouse,Prof-specialty,Husband,White,Male,0,0,50,United-States,0.5082632404376933,0
53,Private,240914,Some-college,10,Married-civ-spouse,Craft-repair,Husband,White,Male,0,0,40,United-States,0.5081938995490316,0
46,Private,145290,Some-college,10,Married-civ-spouse,Craft-repair,Husband,White,Male,0,0,40,United-States,0.5080567155018622,0
50,Private,172511,Some-college,10,Married-civ-spouse,Craft-repair,Husband,White,Male,0,0,40,United-States,0.5080567155018622,0
49,Private,151584,Some-college,10,Married-civ-spouse,Craft-repair,Husband,White,Male,0,0,40,United-States,0.5079955853997121,0
49,Private,146268,Some-college,10,Married-civ-spouse,Craft-repair,Husband,White,Male,0,0,40,United-States,0.5079955853997121,0
49,Private,214169,Some-college,10,Married-civ-spouse,Craft-repair,Husband,White,Male,0,0,40,United-States,0.5079955853997121,0
53,Private,139671,Some-college,10,Married-civ-spouse,Craft-repair,Husband,White,Male,0,0,40,United-States,0.5079955853997121,0
52,Private,213209,Some-college,10,Married-civ-spouse,Craft-repair,Husband,White,Male,0,0,40,United-States,0.5079955853997121,0
41,Local-gov,34987,Bachelors,13,Married-civ-spouse,Prof-specialty,Husband,White,Male,0,0,35,United-States,0.5079947250400767,0
26,Private,198163,Masters,14,Married-civ-spouse,Sales,Wife,White,Female,0,0,40,United-States,0.5079587417852469,0
52,Private,190909,HS-grad,9,Married-civ-spouse,Exec-managerial,Husband,White,Male,0,0,40,United-States,0.5078014747494416,0
31,Self-emp-not-inc,177675,Bachelors,13,Married-civ-spouse,Prof-specialty,Husband,White,Male,0,0,40,United-States,0.5076563492062516,0
50,Private,237729,HS-grad,9,Widowed,Sales,Not-in-family,White,Female,0,2444,72,United-States,0.5075571810673262,1
42,Private,288154,Some-college,10,Married-civ-spouse,Craft-repair,Husband,White,Male,0,0,89,United-States,0.5075491176278286,0
61,Private,115023,Some-college,10,Married-civ-spouse,Prof-specialty,Husband,White,Male,0,0,50,United-States,0.5074007791577062,0
33,Private,303867,Some-college,10,Married-civ-spouse,Exec-managerial,Husband,White,Male,0,0,50,United-States,0.5073031721380239,0
41,Private,104334,Some-college,10,Married-civ-spouse,Sales,Husband,White,Male,0,0,50,United-States,0.5072709410989604,0
26,Private,169121,Bachelors,13,Married-civ-spouse,Sales,Husband,White,Male,0,0,48,United-States,0.5071540352957743,0
28,Private,259840,Bachelors,13,Married-civ-spouse,Sales,Husband,White,Male,0,0,60,United-States,0.5071048926183792,0
50,Private,28952,Some-college,10,Married-civ-spouse,Sales,Wife,White,Female,0,0,39,United-States,0.5069162005261167,0
27,Private,302406,Masters,14,Married-civ-spouse,Prof-specialty,Husband,White,Male,0,0,55,United-States,0.5067421673332297,0
58,Self-emp-inc,154537,HS-grad,9,Married-civ-spouse,Exec-managerial,Wife,White,Female,0,0,20,United-States,0.5067295452230953,0
54,Private,230767,Assoc-acdm,12,Married-civ-spouse,Craft-repair,Husband,White,Male,0,0,40,Cuba,0.5067086241783662,0
40,Private,111067,Bachelors,13,Married-civ-spouse,Handlers-cleaners,Husband,White,Male,0,0,80,United-States,0.5065300322952314,0
42,Private,197583,Assoc-acdm,12,Married-civ-spouse,Exec-managerial,Husband,Black,Male,0,0,40,?,0.5065189256338711,0
37,Private,213008,Assoc-voc,11,Married-civ-spouse,Prof-specialty,Husband,White,Male,0,0,40,Japan,0.5065180234219178,0
33,Private,150570,Bachelors,13,Married-civ-spouse,Sales,Husband,White,Male,0,0,40,United-States,0.506515625592276,0
30,Private,227146,Bachelors,13,Married-civ-spouse,Sales,Husband,White,Male,0,0,40,United-States,0.506515625592276,0
56,Private,131608,Some-college,10,Married-civ-spouse,Sales,Husband,White,Male,0,0,40,United-States,0.5065108450757163,0
54,Private,145098,Some-college,10,Married-civ-spouse,Sales,Husband,White,Male,0,0,40,United-States,0.5065108450757163,0
33,Private,172664,Some-college,10,Married-civ-spouse,Exec-managerial,Husband,White,Male,0,0,70,United-States,0.5063878538396409,0
51,Private,152596,HS-grad,9,Married-civ-spouse,Protective-serv,Husband,White,Male,0,0,40,United-States,0.506368144853964,0
58,Private,322691,Bachelors,13,Married-civ-spouse,Machine-op-inspct,Husband,White,Male,0,0,40,United-States,0.5062179012293104,0
64,Private,254797,Some-college,10,Married-civ-spouse,Exec-managerial,Husband,White,Male,0,0,40,United-States,0.5061417882213591,0
46,Self-emp-not-inc,254291,Some-college,10,Married-civ-spouse,Sales,Husband,White,Male,0,0,60,United-States,0.506120622243683,0
25,Private,208881,Bachelors,13,Married-civ-spouse,Prof-specialty,Husband,White,Male,0,0,60,United-States,0.5058713060794963,0
44,Private,165492,Some-college,10,Married-civ-spouse,Sales,Husband,White,Male,0,0,40,United-States,0.505837764936982,0
42,Private,96321,Some-college,10,Married-civ-spouse,Sales,Husband,White,Male,0,0,50,United-States,0.5058084522147334,0
46,Private,155890,Bachelors,13,Married-civ-spouse,Transport-moving,Husband,White,Male,0,0,40,United-States,0.5058071530114367,0
26,Private,167761,Bachelors,13,Married-civ-spouse,Prof-specialty,Husband,White,Male,0,0,50,United-States,0.5057802865702986,0
32,Private,206541,Assoc-voc,11,Married-civ-spouse,Tech-support,Husband,White,Male,0,0,45,United-States,0.5057319200626758,0
65,Private,330144,Some-college,10,Married-civ-spouse,Exec-managerial,Husband,White,Male,0,0,40,United-States,0.5056775941189062,0
29,Self-emp-not-inc,162298,Bachelors,13,Married-civ-spouse,Sales,Husband,White,Male,0,0,70,United-States,0.505617960040976,0
48,Private,498325,Assoc-acdm,12,Married-civ-spouse,Transport-moving,Husband,White,Male,0,0,50,United-States,0.5055288814144431,0
44,Private,755858,HS-grad,9,Married-civ-spouse,Craft-repair,Husband,White,Male,0,0,70,United-States,0.5055252133954911,1
53,Private,47396,Some-college,10,Married-civ-spouse,Adm-clerical,Husband,White,Male,0,0,50,United-States,0.5055190766600063,0
37,Private,176967,Some-college,10,Married-civ-spouse,Craft-repair,Husband,White,Male,0,0,50,United-States,0.5054132357640718,0
38,Private,161141,Some-college,10,Married-civ-spouse,Craft-repair,Husband,White,Male,0,0,48,United-States,0.5054132357640718,0
37,Local-gov,297449,HS-grad,9,Married-civ-spouse,Protective-serv,Husband,White,Male,0,0,40,United-States,0.5053943936010229,0
40,Private,235786,Some-college,10,Married-civ-spouse,Craft-repair,Husband,White,Male,0,0,44,United-States,0.5051861632934134,0
35,Private,61343,Bachelors,13,Married-civ-spouse,Sales,Husband,White,Male,0,0,40,United-States,0.5051211553234178,0
49,Local-gov,197371,Assoc-voc,11,Married-civ-spouse,Craft-repair,Husband,Black,Male,0,0,40,United-States,0.504945750035542,0
40,Federal-gov,241895,HS-grad,9,Married-civ-spouse,Adm-clerical,Husband,White,Male,0,0,40,United-States,0.5049329758734566,0
36,Private,370767,HS-grad,9,Married-civ-spouse,Prof-specialty,Husband,White,Male,0,2377,60,United-States,0.5049270209794695,0
45,Private,192323,Assoc-acdm,12,Married-civ-spouse,Craft-repair,Husband,White,Male,0,0,66,Yugoslavia,0.5047305322205713,0
38,Private,220585,HS-grad,9,Married-civ-spouse,Exec-managerial,Husband,White,Male,0,0,55,United-States,0.5047143623453144,0
54,Private,256908,Bachelors,13,Married-civ-spouse,Tech-support,Husband,White,Male,0,0,25,United-States,0.5047124139978016,0
67,Self-emp-inc,111321,Bachelors,13,Married-civ-spouse,Exec-managerial,Husband,White,Male,0,0,16,United-States,0.5045369200764578,0
35,Private,361888,Assoc-acdm,12,Married-civ-spouse,Tech-support,Husband,White,Male,0,0,40,United-States,0.504518189772542,0
32,Private,296282,Bachelors,13,Married-civ-spouse,Sales,Husband,White,Male,0,0,40,United-States,0.5044413242219491,0
50,Private,123429,Some-college,10,Married-civ-spouse,Craft-repair,Husband,White,Male,0,0,40,United-States,0.5042823555130306,0
52,Private,165681,Some-college,10,Married-civ-spouse,Craft-repair,Husband,White,Male,0,0,40,United-States,0.5042823555130306,0
42,Private,204235,Some-college,10,Married-civ-spouse,Prof-specialty,Husband,White,Male,0,0,40,United-States,0.5042683536524942,0
37,Self-emp-not-inc,205359,Some-college,10,Married-civ-spouse,Exec-managerial,Wife,White,Female,0,0,15,United-States,0.5042014517019916,0
43,Local-gov,155106,Assoc-voc,11,Married-civ-spouse,Exec-managerial,Husband,White,Male,0,0,40,United-States,0.504070370114869,0
27,Private,192384,Prof-school,15,Married-civ-spouse,Adm-clerical,Husband,White,Male,0,0,40,United-States,0.5040651264414348,0
37,Local-gov,251396,Assoc-acdm,12,Married-civ-spouse,Prof-specialty,Husband,White,Male,0,0,45,Canada,0.5040427351296436,0
38,Federal-gov,207066,HS-grad,9,Married-civ-spouse,Exec-managerial,Husband,White,Male,0,0,42,United-States,0.504017249318178,0
51,Local-gov,133050,Some-college,10,Married-civ-spouse,Exec-managerial,Husband,Black,Male,0,0,40,United-States,0.504002176935622,0
30,Private,55291,Bachelors,13,Married-civ-spouse,Prof-specialty,Husband,White,Male,0,0,40,United-States,0.5039121195905433,0
29,Private,58115,Bachelors,13,Married-civ-spouse,Sales,Husband,White,Male,0,0,41,United-States,0.5038122226611887,0
38,Private,186145,Some-college,10,Married-civ-spouse,Sales,Wife,White,Female,0,0,40,United-States,0.5037475160368492,0
49,Self-emp-not-inc,275845,Some-college,10,Married-civ-spouse,Exec-managerial,Husband,White,Male,0,0,60,United-States,0.5037175195050019,0
55,Self-emp-not-inc,422249,HS-grad,9,Married-civ-spouse,Craft-repair,Husband,White,Male,0,0,50,United-States,0.5036905737405295,0
30,Self-emp-not-inc,178255,Bachelors,13,Married-civ-spouse,Sales,Husband,White,Male,0,0,70,?,0.5036158521093802,0
44,State-gov,174675,HS-grad,9,Married-civ-spouse,Prof-specialty,Wife,White,Female,0,0,40,United-States,0.5035878575988385,0
34,Private,199227,Some-college,10,Married-civ-spouse,Exec-managerial,Husband,White,Male,0,0,55,United-States,0.5035590365838815,0
47,Federal-gov,204900,HS-grad,9,Married-civ-spouse,Prof-specialty,Wife,Black,Female,0,0,40,United-States,0.5034237435906481,0
32,Local-gov,29235,Some-college,10,Married-civ-spouse,Protective-serv,Wife,White,Female,0,0,40,France,0.5032632961452391,0
59,Private,53481,Some-college,10,Married-civ-spouse,Sales,Husband,White,Male,0,0,50,United-States,0.5031834980200272,0
34,Private,177596,Assoc-voc,11,Married-civ-spouse,Exec-managerial,Wife,White,Female,0,0,40,Puerto-Rico,0.5031649152757919,0
44,Local-gov,100479,Assoc-acdm,12,Married-civ-spouse,Prof-specialty,Husband,White,Male,0,0,48,United-States,0.5031374128389611,0
28,Private,175343,Bachelors,13,Married-civ-spouse,Sales,Husband,White,Male,0,0,40,United-States,0.5031211117721036,0
55,Private,252714,Assoc-voc,11,Married-civ-spouse,Adm-clerical,Husband,White,Male,0,0,40,United-States,0.502871479813209,0
36,Private,143774,Some-college,10,Married-civ-spouse,Adm-clerical,Wife,White,Female,0,0,12,United-States,0.5028058922052134,0
46,Federal-gov,167381,HS-grad,9,Married-civ-spouse,Adm-clerical,Wife,White,Female,0,0,40,United-States,0.502779839181254,0
48,Federal-gov,167749,HS-grad,9,Married-civ-spouse,Adm-clerical,Wife,White,Female,0,0,40,United-States,0.502779839181254,0
33,Private,376483,Bachelors,13,Married-civ-spouse,Adm-clerical,Wife,Black,Female,0,0,30,United-States,0.5025778443690513,0
39,Private,262841,HS-grad,9,Married-civ-spouse,Exec-managerial,Husband,White,Male,0,0,50,United-States,0.5024892886116112,0
39,Private,243409,HS-grad,9,Married-civ-spouse,Exec-managerial,Husband,White,Male,0,0,60,United-States,0.5024892886116112,0
54,Federal-gov,27432,HS-grad,9,Married-civ-spouse,Adm-clerical,Husband,White,Male,0,0,40,United-States,0.5024523892274062,0
54,Federal-gov,33863,HS-grad,9,Married-civ-spouse,Adm-clerical,Husband,White,Male,0,0,40,United-States,0.5024111160483329,0
53,Private,103586,Bachelors,13,Married-civ-spouse,Handlers-cleaners,Husband,White,Male,0,0,55,United-States,0.5022617138675995,0
37,Private,164898,Some-college,10,Married-civ-spouse,Craft-repair,Husband,White,Male,0,0,52,United-States,0.5020370477097439,0
47,Private,287480,Some-college,10,Married-civ-spouse,Craft-repair,Husband,White,Male,0,0,40,United-States,0.5019970952768055,0
59,Private,184493,Some-college,10,Married-civ-spouse,Sales,Husband,White,Male,0,0,40,United-States,0.5019491081445779,0
54,Private,123011,Some-college,10,Married-civ-spouse,Craft-repair,Husband,White,Male,0,0,40,United-States,0.5019182461615499,0
35,Private,188041,Some-college,10,Married-civ-spouse,Exec-managerial,Husband,White,Male,0,0,50,United-States,0.5018811907069356,0
51,Self-emp-not-inc,171924,Some-college,10,Married-civ-spouse,Sales,Husband,White,Male,0,0,50,United-States,0.5018588230362097,0
38,Self-emp-inc,196373,HS-grad,9,Married-civ-spouse,Exec-managerial,Husband,White,Male,0,0,40,United-States,0.5017213417579579,0
46,Self-emp-not-inc,51271,HS-grad,9,Married-civ-spouse,Farming-fishing,Husband,White,Male,4386,0,70,United-States,0.5013438045159557,0
44,Private,205822,Some-college,10,Married-civ-spouse,Sales,Husband,White,Male,0,0,40,United-States,0.5013247969547027,0
51,Private,194097,HS-grad,9,Married-civ-spouse,Protective-serv,Husband,White,Male,0,0,40,United-States,0.5012994728303786,0
42,Private,52781,Some-college,10,Married-civ-spouse,Tech-support,Husband,White,Male,0,0,40,United-States,0.5011208467841903,0
52,Private,99682,Some-college,10,Married-civ-spouse,Sales,Wife,White,Female,0,0,52,Canada,0.501035460207878,0
55,State-gov,136819,HS-grad,9,Married-civ-spouse,Protective-serv,Husband,White,Male,0,0,40,United-States,0.5010213791346482,0
42,Local-gov,121012,Some-college,10,Married-civ-spouse,Exec-managerial,Husband,White,Male,0,0,45,United-States,0.5009431718948306,0
30,Local-gov,169020,Bachelors,13,Married-civ-spouse,Prof-specialty,Husband,White,Male,0,0,40,United-States,0.5007826894469981,0
31,Local-gov,153005,Bachelors,13,Married-civ-spouse,Prof-specialty,Husband,White,Male,0,0,40,United-States,0.5007826894469981,0
39,Local-gov,43702,Assoc-voc,11,Married-civ-spouse,Adm-clerical,Wife,White,Female,0,0,37,United-States,0.5007644664893067,0
34,Self-emp-inc,23778,Bachelors,13,Divorced,Exec-managerial,Not-in-family,White,Male,0,0,50,United-States,0.5006499294120835,0
37,Private,204145,Assoc-voc,11,Married-civ-spouse,Craft-repair,Husband,White,Male,0,0,45,United-States,0.5005998387845528,0
