age,workclass,fnlwgt,education,education.num,marital.status,occupation,relationship,race,sex,capital.gain,capital.loss,hours.per.week,native.country,score_pca,anomaly_vote_count
51,Self-emp-not-inc,120781,Prof-school,15,Married-civ-spouse,Prof-specialty,Husband,Other,Male,99999,0,70,India,1.0,5
52,Self-emp-inc,181855,Prof-school,15,Married-civ-spouse,Prof-specialty,Husband,Other,Male,99999,0,65,United-States,0.9826375865525965,3
38,Federal-gov,37683,Prof-school,15,Never-married,Prof-specialty,Not-in-family,Asian-Pac-Islander,Female,99999,0,57,Canada,0.839396349884604,5
54,Self-emp-not-inc,269068,Prof-school,15,Married-civ-spouse,Prof-specialty,Husband,Asian-Pac-Islander,Male,99999,0,50,Philippines,0.8361531852566059,5
47,Private,345493,Prof-school,15,Married-civ-spouse,Prof-specialty,Husband,Asian-Pac-Islander,Male,99999,0,55,Taiwan,0.8358186347845685,4
45,Self-emp-inc,108100,Bachelors,13,Married-civ-spouse,Exec-managerial,Wife,Asian-Pac-Islander,Female,99999,0,25,?,0.8351078084887292,5
59,Private,122283,Prof-school,15,Married-civ-spouse,Prof-specialty,Husband,Asian-Pac-Islander,Male,99999,0,40,India,0.8334143694208503,4
40,Private,79586,Prof-school,15,Married-civ-spouse,Prof-specialty,Husband,Asian-Pac-Islander,Male,99999,0,40,?,0.8296815780181463,3
53,Private,366957,Bachelors,13,Married-civ-spouse,Exec-managerial,Husband,Asian-Pac-Islander,Male,99999,0,50,India,0.8281140223304422,3
24,?,151153,Some-college,10,Never-married,?,Not-in-family,Asian-Pac-Islander,Male,99999,0,50,South,0.8223246991145586,2
52,Private,152234,HS-grad,9,Married-civ-spouse,Exec-managerial,Husband,Asian-Pac-Islander,Male,99999,0,40,Japan,0.8217008673518695,2
31,Private,100252,Bachelors,13,Divorced,Other-service,Not-in-family,Asian-Pac-Islander,Male,99999,0,70,United-States,0.8129380175043277,1
37,Local-gov,287306,Assoc-acdm,12,Married-civ-spouse,Prof-specialty,Wife,Black,Female,99999,0,40,?,0.788789327911112,4
49,Self-emp-inc,362795,Masters,14,Divorced,Prof-specialty,Unmarried,White,Male,99999,0,80,Mexico,0.7820593027759972,5
41,Self-emp-inc,495061,Doctorate,16,Married-civ-spouse,Prof-specialty,Husband,White,Male,99999,0,70,United-States,0.7714905946059685,3
21,Private,334618,Some-college,10,Never-married,Protective-serv,Not-in-family,Black,Female,99999,0,40,United-States,0.7706405009768751,1
41,Private,124956,Bachelors,13,Separated,Prof-specialty,Not-in-family,Black,Female,99999,0,60,United-States,0.7702771574736333,1
38,Self-emp-not-inc,194534,Masters,14,Married-civ-spouse,Prof-specialty,Husband,Black,Male,99999,0,60,United-States,0.7691341661773322,1
36,Private,383518,Some-college,10,Married-civ-spouse,Adm-clerical,Wife,Black,Female,99999,0,40,United-States,0.7671932750807323,1
49,State-gov,423222,Masters,14,Married-civ-spouse,Sales,Husband,White,Male,99999,0,80,United-States,0.7652013763701966,1
28,Self-emp-inc,201186,HS-grad,9,Married-civ-spouse,Sales,Husband,Black,Male,99999,0,40,United-States,0.7610287022465533,1
50,Self-emp-inc,158294,Prof-school,15,Married-civ-spouse,Prof-specialty,Husband,White,Male,99999,0,80,United-States,0.7607416910839796,1
22,Self-emp-not-inc,214014,Some-college,10,Never-married,Sales,Own-child,Black,Male,99999,0,55,United-States,0.758655131562539,1
56,Self-emp-inc,205601,Doctorate,16,Married-civ-spouse,Prof-specialty,Husband,White,Male,99999,0,70,United-States,0.7570939375258848,2
52,Self-emp-inc,334273,Doctorate,16,Married-civ-spouse,Prof-specialty,Husband,White,Male,99999,0,65,United-States,0.7560339745406276,3
38,Self-emp-inc,478829,Prof-school,15,Married-civ-spouse,Prof-specialty,Husband,White,Male,99999,0,50,United-States,0.7553141015403085,1
66,Private,115498,Bachelors,13,Married-civ-spouse,Exec-managerial,Husband,White,Male,99999,0,55,?,0.7541899016561154,1
42,Self-emp-not-inc,269733,Masters,14,Married-civ-spouse,Sales,Husband,White,Male,99999,0,80,United-States,0.7539713725095915,1
49,Self-emp-not-inc,43348,Doctorate,16,Never-married,Prof-specialty,Not-in-family,White,Male,99999,0,70,United-States,0.7533931092550291,2
22,Self-emp-not-inc,202920,HS-grad,9,Never-married,Prof-specialty,Unmarried,White,Female,99999,0,40,Dominican-Republic,0.7529498095013913,1
43,Private,462180,Prof-school,15,Married-civ-spouse,Prof-specialty,Husband,White,Male,99999,0,60,United-States,0.7529006535903825,1
72,Self-emp-inc,172407,Prof-school,15,Married-civ-spouse,Prof-specialty,Husband,White,Male,99999,0,50,United-States,0.7520360902159742,1
55,Private,408537,9th,5,Divorced,Craft-repair,Unmarried,White,Female,99999,0,37,United-States,0.7519894152722402,1
78,Self-emp-not-inc,316261,Bachelors,13,Never-married,Exec-managerial,Not-in-family,White,Male,99999,0,20,United-States,0.7502700867374958,1
32,Private,553405,Bachelors,13,Married-civ-spouse,Sales,Husband,White,Male,99999,0,50,United-States,0.7500104055590286,1
51,Private,145714,Masters,14,Married-civ-spouse,Exec-managerial,Husband,White,Male,99999,0,50,?,0.7499534370026036,1
65,Self-emp-inc,184965,Doctorate,16,Married-civ-spouse,Exec-managerial,Husband,White,Male,99999,0,40,United-States,0.7498177269066219,1
71,Self-emp-inc,38822,Masters,14,Married-civ-spouse,Exec-managerial,Husband,White,Male,99999,0,40,United-States,0.7496123156072095,1
40,Self-emp-not-inc,223881,Prof-school,15,Married-civ-spouse,Prof-specialty,Husband,White,Male,99999,0,70,United-States,0.7488929139698267,1
74,Private,188709,Prof-school,15,Married-civ-spouse,Prof-specialty,Husband,White,Male,99999,0,50,United-States,0.7488608012560592,1
53,Private,124076,Doctorate,16,Married-civ-spouse,Prof-specialty,Wife,White,Female,99999,0,37,United-States,0.7485094229203068,1
69,Self-emp-not-inc,240562,Prof-school,15,Married-civ-spouse,Prof-specialty,Husband,White,Male,99999,0,40,United-States,0.7482631386419231,1
36,Self-emp-inc,216711,HS-grad,9,Married-civ-spouse,Exec-managerial,Husband,White,Male,99999,0,50,?,0.7480852396000373,1
50,Private,238959,Bachelors,13,Married-civ-spouse,Sales,Husband,White,Male,99999,0,60,?,0.7480400457692297,1
57,Self-emp-inc,159028,Prof-school,15,Married-civ-spouse,Prof-specialty,Husband,White,Male,99999,0,60,United-States,0.7470200746110874,1
39,Self-emp-inc,114844,Prof-school,15,Married-civ-spouse,Prof-specialty,Husband,White,Male,99999,0,65,United-States,0.7469314232619789,1
64,Self-emp-inc,185912,Prof-school,15,Married-civ-spouse,Prof-specialty,Husband,White,Male,99999,0,35,United-States,0.7459992633924343,1
54,Self-emp-inc,166459,Prof-school,15,Married-civ-spouse,Prof-specialty,Husband,White,Male,99999,0,60,United-States,0.7457644077878823,1
38,Private,146091,Doctorate,16,Married-civ-spouse,Exec-managerial,Wife,White,Female,99999,0,36,United-States,0.745565643833638,1
44,Private,332401,Prof-school,15,Married-civ-spouse,Prof-specialty,Husband,White,Male,99999,0,65,United-States,0.7455370606999644,1
46,Private,370119,Prof-school,15,Married-civ-spouse,Prof-specialty,Husband,White,Male,99999,0,60,United-States,0.7452143908718981,1
29,Self-emp-not-inc,69132,Prof-school,15,Divorced,Prof-specialty,Not-in-family,White,Male,99999,0,60,United-States,0.7450834676733147,1
38,Private,167140,Prof-school,15,Married-civ-spouse,Prof-specialty,Husband,White,Male,99999,0,70,United-States,0.7449507834509655,1
69,?,323016,Bachelors,13,Married-civ-spouse,?,Husband,White,Male,99999,0,40,United-States,0.7446600361120443,1
41,Private,320984,Prof-school,15,Married-civ-spouse,Prof-specialty,Husband,White,Male,99999,0,65,United-States,0.7446438463220983,1
46,Self-emp-inc,120131,Prof-school,15,Married-civ-spouse,Prof-specialty,Husband,White,Male,99999,0,60,United-States,0.7444291520414736,1
65,Self-emp-inc,210381,Bachelors,13,Married-civ-spouse,Exec-managerial,Husband,White,Male,99999,0,65,United-States,0.7443104005688133,1
49,Self-emp-not-inc,355978,Prof-school,15,Married-civ-spouse,Prof-specialty,Husband,White,Male,99999,0,35,United-States,0.7442069307628671,1
40,Local-gov,150755,Bachelors,13,Married-civ-spouse,Prof-specialty,Husband,White,Male,99999,0,75,United-States,0.744001484111463,1
37,Self-emp-not-inc,362062,Prof-school,15,Married-civ-spouse,Prof-specialty,Husband,White,Male,99999,0,50,United-States,0.7438903150718383,1
55,Self-emp-inc,392325,Bachelors,13,Married-civ-spouse,Sales,Husband,White,Male,99999,0,60,United-States,0.7435618956306806,1
51,Private,44000,Masters,14,Married-civ-spouse,Prof-specialty,Wife,White,Female,99999,0,50,United-States,0.7433189249353015,1
43,Private,58447,Doctorate,16,Married-civ-spouse,Prof-specialty,Husband,White,Male,99999,0,55,United-States,0.7432617316485777,1
57,Self-emp-inc,376230,Masters,14,Married-civ-spouse,Sales,Husband,White,Male,99999,0,40,United-States,0.7431479577944766,1
56,Self-emp-inc,98418,Prof-school,15,Married-civ-spouse,Prof-specialty,Husband,White,Male,99999,0,40,United-States,0.7430281510726635,1
56,Self-emp-not-inc,163212,HS-grad,9,Widowed,Adm-clerical,Unmarried,White,Female,99999,0,40,United-States,0.7429945411479829,1
52,Self-emp-inc,90363,Prof-school,15,Married-civ-spouse,Prof-specialty,Husband,White,Male,99999,0,35,United-States,0.7424069413313232,1
52,Self-emp-not-inc,64045,Prof-school,15,Married-civ-spouse,Prof-specialty,Husband,White,Male,99999,0,45,United-States,0.7421998109130297,1
48,Private,108557,Bachelors,13,Married-civ-spouse,Tech-support,Wife,White,Female,99999,0,40,United-States,0.7421975239581573,1
50,Self-emp-inc,190333,Prof-school,15,Married-civ-spouse,Prof-specialty,Husband,White,Male,99999,0,55,United-States,0.7421118040035695,1
46,Self-emp-inc,198660,Bachelors,13,Married-civ-spouse,Sales,Husband,White,Male,99999,0,72,United-States,0.7413947628148869,1
44,Self-emp-inc,118212,Bachelors,13,Married-civ-spouse,Exec-managerial,Husband,White,Male,99999,0,70,United-States,0.7410620797483718,1
43,Self-emp-inc,62026,Prof-school,15,Married-civ-spouse,Exec-managerial,Husband,White,Male,99999,0,40,United-States,0.7410263211560834,1
33,Private,170769,Doctorate,16,Divorced,Sales,Not-in-family,White,Male,99999,0,60,United-States,0.7409546219530408,1
65,Self-emp-inc,139272,Bachelors,13,Married-civ-spouse,Sales,Husband,White,Male,99999,0,60,United-States,0.7409167398579737,1
26,Private,256000,Prof-school,15,Married-civ-spouse,Prof-specialty,Husband,White,Male,99999,0,60,United-States,0.7408261022588103,1
44,Self-emp-not-inc,282722,Prof-school,15,Married-civ-spouse,Prof-specialty,Husband,White,Male,99999,0,50,United-States,0.7400706660363517,1
38,Private,185848,Masters,14,Married-civ-spouse,Exec-managerial,Husband,White,Male,99999,0,70,United-States,0.7399779419209462,1
47,Private,354148,Prof-school,15,Married-civ-spouse,Prof-specialty,Husband,White,Male,99999,0,48,United-States,0.7399673450882794,1
50,Self-emp-not-inc,132716,Prof-school,15,Married-civ-spouse,Exec-managerial,Husband,White,Male,99999,0,50,United-States,0.739918443775508,1
47,Self-emp-inc,181130,Prof-school,15,Married-civ-spouse,Prof-specialty,Husband,White,Male,99999,0,50,United-States,0.7398156011312431,1
46,Private,28419,Prof-school,15,Married-civ-spouse,Prof-specialty,Husband,White,Male,99999,0,50,United-States,0.7398066704623195,1
39,Private,190297,Doctorate,16,Married-civ-spouse,Prof-specialty,Husband,White,Male,99999,0,55,United-States,0.7397611342387402,1
49,Self-emp-inc,229737,Prof-school,15,Married-civ-spouse,Prof-specialty,Husband,White,Male,99999,0,37,United-States,0.7397506267166084,1
43,Private,208613,Prof-school,15,Married-spouse-absent,Prof-specialty,Not-in-family,White,Male,99999,0,40,United-States,0.7396524313957462,1
38,Private,100375,Prof-school,15,Married-civ-spouse,Prof-specialty,Husband,White,Male,99999,0,60,United-States,0.7396047247229718,1
49,Private,159816,Bachelors,13,Married-civ-spouse,Prof-specialty,Wife,White,Female,99999,0,20,United-States,0.7392367186372449,1
50,Self-emp-not-inc,401118,HS-grad,9,Married-civ-spouse,Craft-repair,Husband,White,Male,99999,0,50,United-States,0.7388272363519854,1
47,Private,193047,Doctorate,16,Married-civ-spouse,Exec-managerial,Husband,White,Male,99999,0,50,United-States,0.7388097140750675,1
52,Self-emp-not-inc,140985,Bachelors,13,Married-civ-spouse,Adm-clerical,Wife,White,Female,99999,0,30,United-States,0.7387337168638233,1
42,Local-gov,180985,10th,6,Married-civ-spouse,Handlers-cleaners,Husband,White,Male,99999,0,40,United-States,0.738321354637541,1
42,Self-emp-not-inc,201908,Prof-school,15,Married-civ-spouse,Prof-specialty,Husband,White,Male,99999,0,50,United-States,0.7381461974910796,1
55,Private,115439,Prof-school,15,Married-civ-spouse,Exec-managerial,Husband,White,Male,99999,0,40,United-States,0.7371215325676134,1
58,Private,136841,Bachelors,13,Married-civ-spouse,Prof-specialty,Wife,White,Female,99999,0,35,United-States,0.7368698109351092,1
38,Private,227945,Masters,14,Married-civ-spouse,Prof-specialty,Husband,White,Male,99999,0,65,United-States,0.7367312196866058,1
48,Private,107231,Prof-school,15,Married-civ-spouse,Exec-managerial,Husband,White,Male,99999,0,50,United-States,0.7363099375834725,1
60,Private,166330,HS-grad,9,Married-civ-spouse,Other-service,Wife,White,Female,99999,0,40,United-States,0.7360415572833772,1
47,Private,294913,Prof-school,15,Married-civ-spouse,Exec-managerial,Husband,White,Male,99999,0,40,United-States,0.7359807328111484,1
50,Private,108435,Masters,14,Married-civ-spouse,Exec-managerial,Husband,White,Male,99999,0,60,United-States,0.7359740668312008,1
39,Private,237943,Bachelors,13,Married-civ-spouse,Exec-managerial,Husband,White,Male,99999,0,70,United-States,0.7354567031407562,1
61,?,139391,Some-college,10,Married-civ-spouse,?,Husband,White,Male,99999,0,30,United-States,0.7354362337888384,1
41,Self-emp-inc,194636,Bachelors,13,Married-civ-spouse,Sales,Husband,White,Male,99999,0,65,United-States,0.7353445960463892,1
47,Private,168262,Masters,14,Separated,Exec-managerial,Not-in-family,White,Male,99999,0,50,United-States,0.7351661832577047,1
45,Private,148995,Doctorate,16,Never-married,Prof-specialty,Not-in-family,White,Male,99999,0,30,United-States,0.7351280982951048,1
48,Private,25468,Masters,14,Divorced,Exec-managerial,Not-in-family,White,Male,99999,0,50,United-States,0.7348745674591317,1
46,Private,176814,Prof-school,15,Married-civ-spouse,Prof-specialty,Husband,White,Male,99999,0,50,United-States,0.7348490442449758,1
51,Self-emp-not-inc,111283,HS-grad,9,Divorced,Exec-managerial,Not-in-family,White,Female,99999,0,35,United-States,0.7343043887514697,1
55,Private,197399,Masters,14,Married-civ-spouse,Exec-managerial,Husband,White,Male,99999,0,55,United-States,0.7340635489461813,1
62,Self-emp-inc,245491,Bachelors,13,Divorced,Sales,Not-in-family,White,Male,99999,0,40,United-States,0.7337287458455639,1
40,Self-emp-not-inc,204235,Masters,14,Married-civ-spouse,Exec-managerial,Husband,White,Male,99999,0,50,United-States,0.7331124583631105,1
50,Self-emp-not-inc,155118,HS-grad,9,Divorced,Exec-managerial,Not-in-family,White,Female,99999,0,35,United-States,0.7330775466733871,1
37,Self-emp-not-inc,353298,HS-grad,9,Married-civ-spouse,Sales,Husband,White,Male,99999,0,50,United-States,0.7329244427059541,1
58,?,266792,Some-college,10,Married-civ-spouse,?,Husband,White,Male,99999,0,40,United-States,0.7329187233578423,1
36,Private,208358,Prof-school,15,Divorced,Prof-specialty,Not-in-family,White,Male,99999,0,45,United-States,0.7328139854366171,1
57,Local-gov,110417,HS-grad,9,Married-civ-spouse,Craft-repair,Husband,White,Male,99999,0,40,United-States,0.7327986513302915,1
65,Private,105491,Bachelors,13,Married-civ-spouse,Exec-managerial,Husband,White,Male,99999,0,40,United-States,0.7327142949967851,1
32,Self-emp-inc,46807,HS-grad,9,Married-civ-spouse,Craft-repair,Husband,White,Male,99999,0,40,United-States,0.7326909838035935,1
55,Private,134120,10th,6,Married-civ-spouse,Craft-repair,Husband,White,Male,99999,0,40,United-States,0.732386182754737,1
59,Self-emp-not-inc,165315,Bachelors,13,Married-civ-spouse,Prof-specialty,Husband,White,Male,99999,0,43,United-States,0.7321880442233665,1
49,Private,187454,HS-grad,9,Married-civ-spouse,Sales,Husband,White,Male,99999,0,65,United-States,0.732022736202297,1
47,Private,155664,Masters,14,Married-civ-spouse,Exec-managerial,Husband,White,Male,99999,0,55,United-States,0.7318942759325378,1
47,Private,102308,Masters,14,Married-civ-spouse,Exec-managerial,Husband,White,Male,99999,0,50,United-States,0.7315131791095146,1
63,Private,118798,HS-grad,9,Married-civ-spouse,Craft-repair,Husband,White,Male,99999,0,40,United-States,0.7314741027991543,1
46,Local-gov,222115,Bachelors,13,Divorced,Adm-clerical,Not-in-family,White,Female,99999,0,40,United-States,0.731096563743626,1
53,Self-emp-inc,263925,HS-grad,9,Married-civ-spouse,Sales,Husband,White,Male,99999,0,40,United-States,0.7310575368483557,1
39,Private,77005,Masters,14,Married-civ-spouse,Prof-specialty,Husband,White,Male,99999,0,40,United-States,0.7307510791317045,1
28,Private,37359,Assoc-voc,11,Married-civ-spouse,Prof-specialty,Husband,White,Male,99999,0,50,United-States,0.7303831577860816,1
48,Self-emp-not-inc,107231,Bachelors,13,Married-civ-spouse,Exec-managerial,Husband,White,Male,99999,0,50,United-States,0.7303418251038238,1
36,Self-emp-not-inc,241998,Some-college,10,Married-civ-spouse,Sales,Husband,White,Male,99999,0,20,United-States,0.7302877774121349,1
44,Self-emp-inc,120277,Bachelors,13,Married-civ-spouse,Exec-managerial,Husband,White,Male,99999,0,45,United-States,0.7293505118487406,1
57,Self-emp-not-inc,95280,Some-college,10,Married-civ-spouse,Sales,Husband,White,Male,99999,0,45,United-States,0.7290884933648921,1
33,Private,198660,HS-grad,9,Married-civ-spouse,Machine-op-inspct,Husband,White,Male,99999,0,56,United-States,0.7288924023994348,1
60,Private,191446,HS-grad,9,Married-civ-spouse,Exec-managerial,Husband,White,Male,99999,0,40,United-States,0.7288151909515771,1
30,Private,235124,HS-grad,9,Married-civ-spouse,Transport-moving,Husband,White,Male,99999,0,40,United-States,0.7287781187418356,1
43,Private,176270,Bachelors,13,Married-civ-spouse,Exec-managerial,Husband,White,Male,99999,0,60,United-States,0.7283907801518783,1
50,Private,124963,Bachelors,13,Married-civ-spouse,Exec-managerial,Husband,White,Male,99999,0,55,United-States,0.7281274094063901,1
32,Private,330715,HS-grad,9,Married-civ-spouse,Craft-repair,Husband,White,Male,99999,0,40,United-States,0.7279427739551652,1
32,Private,204567,Bachelors,13,Married-civ-spouse,Sales,Husband,White,Male,99999,0,60,United-States,0.7279241460704321,1
53,Private,88842,HS-grad,9,Married-civ-spouse,Exec-managerial,Husband,White,Male,99999,0,40,United-States,0.7277711103295788,1
37,Private,171150,Bachelors,13,Married-civ-spouse,Sales,Husband,White,Male,99999,0,60,United-States,0.7274536704084622,1
47,Private,246739,Bachelors,13,Married-civ-spouse,Exec-managerial,Husband,White,Male,99999,0,55,United-States,0.7273114244144313,1
52,Private,118025,Bachelors,13,Married-civ-spouse,Exec-managerial,Husband,White,Male,99999,0,50,United-States,0.7272738719545484,1
43,Self-emp-inc,172826,Some-college,10,Married-civ-spouse,Sales,Husband,White,Male,99999,0,55,United-States,0.7271558962251788,1
42,Local-gov,175642,Bachelors,13,Never-married,Adm-clerical,Not-in-family,White,Female,99999,0,40,United-States,0.7264117855766495,1
30,Self-emp-not-inc,115932,HS-grad,9,Never-married,Craft-repair,Not-in-family,White,Male,99999,0,50,United-States,0.7256497232958738,1
30,Private,132601,Bachelors,13,Married-civ-spouse,Exec-managerial,Husband,White,Male,99999,0,50,United-States,0.7255987217317843,1
32,Private,134737,Bachelors,13,Married-civ-spouse,Prof-specialty,Husband,White,Male,99999,0,50,United-States,0.7253925612207974,1
30,Private,129707,Bachelors,13,Married-civ-spouse,Prof-specialty,Husband,White,Male,99999,0,35,United-States,0.7253087762958478,1
47,Private,181307,Some-college,10,Married-civ-spouse,Sales,Husband,White,Male,99999,0,60,United-States,0.7252363866400495,1
50,Private,183173,HS-grad,9,Married-civ-spouse,Prof-specialty,Husband,White,Male,99999,0,40,United-States,0.7250952165776209,1
52,Private,163998,HS-grad,9,Married-civ-spouse,Sales,Husband,White,Male,99999,0,45,United-States,0.7250348151119824,1
46,Private,273771,Bachelors,13,Married-civ-spouse,Sales,Husband,White,Male,99999,0,40,United-States,0.724418407847261,1
33,Private,162572,Bachelors,13,Married-civ-spouse,Prof-specialty,Husband,White,Male,99999,0,40,United-States,0.7237213237399768,1
33,Private,134886,Some-college,10,Never-married,Adm-clerical,Own-child,White,Female,99999,0,30,United-States,0.7234519130362392,1
42,Private,190179,Bachelors,13,Married-civ-spouse,Prof-specialty,Husband,White,Male,99999,0,40,United-States,0.7233821635945594,1
42,Private,187795,Some-college,10,Married-civ-spouse,Exec-managerial,Husband,White,Male,99999,0,55,United-States,0.7229030317405217,1
34,Private,49469,Bachelors,13,Never-married,Sales,Not-in-family,White,Male,99999,0,50,United-States,0.7228402129961908,1
50,Private,171338,Some-college,10,Married-civ-spouse,Exec-managerial,Husband,White,Male,99999,0,50,United-States,0.7227525043535474,1
41,Private,115932,Some-college,10,Married-civ-spouse,Exec-managerial,Husband,White,Male,99999,0,50,United-States,0.7222261129143905,1
41,Self-emp-inc,139916,Assoc-voc,11,Married-civ-spouse,Sales,Husband,Other,Male,0,2179,84,Mexico,0.7115523750878102,5
28,Private,166481,7th-8th,4,Married-civ-spouse,Handlers-cleaners,Husband,Other,Male,0,2179,40,Puerto-Rico,0.7000927208232051,3
26,Self-emp-inc,66872,12th,8,Married-civ-spouse,Sales,Husband,Other,Male,0,0,98,Dominican-Republic,0.6798558507175511,4
25,Private,1484705,Some-college,10,Divorced,Exec-managerial,Unmarried,White,Female,0,0,25,United-States,0.6707371791563235,2
63,Private,440607,Preschool,1,Married-civ-spouse,Prof-specialty,Husband,Other,Male,0,0,30,Mexico,0.6704174144074108,6
36,Private,301227,5th-6th,3,Separated,Priv-house-serv,Unmarried,Other,Female,0,0,35,Mexico,0.6697804036623614,5
41,Private,289886,5th-6th,3,Married-civ-spouse,Other-service,Husband,Other,Male,0,1579,40,Nicaragua,0.6687574148272418,3
33,Private,348618,5th-6th,3,Married-spouse-absent,Transport-moving,Unmarried,Other,Male,0,0,20,El-Salvador,0.663937672283186,5
32,Private,199655,Some-college,10,Married-civ-spouse,Adm-clerical,Wife,Other,Female,0,1740,40,?,0.660769311903453,1
36,Private,208068,Preschool,1,Divorced,Other-service,Not-in-family,Other,Male,0,0,72,Mexico,0.6601851894482162,5
46,Private,308334,1st-4th,2,Widowed,Other-service,Unmarried,Other,Female,0,0,30,Mexico,0.6592600683735044,5
24,Private,281356,1st-4th,2,Never-married,Farming-fishing,Not-in-family,Other,Male,0,0,66,Mexico,0.65880893794929,4
28,Private,95566,1st-4th,2,Married-spouse-absent,Other-service,Own-child,Other,Female,0,0,35,Dominican-Republic,0.6575336219692427,5
38,Private,167725,Bachelors,13,Married-spouse-absent,Transport-moving,Not-in-family,Other,Male,0,0,84,India,0.6572887333511112,4
22,?,291547,5th-6th,3,Married-civ-spouse,?,Wife,Other,Female,0,0,40,Mexico,0.6572631515257825,5
32,Private,390997,1st-4th,2,Never-married,Farming-fishing,Not-in-family,Other,Male,0,0,50,Mexico,0.6551833385028949,4
55,Private,135803,Bachelors,13,Married-civ-spouse,Exec-managerial,Husband,Other,Male,0,1579,35,India,0.6533468212523674,1
26,Private,39014,12th,8,Married-civ-spouse,Priv-house-serv,Wife,Other,Female,0,0,40,Dominican-Republic,0.6530204696359709,6
23,Private,256278,7th-8th,4,Married-civ-spouse,Handlers-cleaners,Other-relative,Other,Female,0,0,30,El-Salvador,0.6526582622306835,5
43,Local-gov,34640,HS-grad,9,Married-civ-spouse,Exec-managerial,Husband,Other,Male,0,1887,40,United-States,0.6522649710181632,1
56,Private,247119,7th-8th,4,Widowed,Machine-op-inspct,Unmarried,Other,Female,0,0,40,Dominican-Republic,0.6514236620193502,4
39,Private,1455435,Assoc-acdm,12,Separated,Craft-repair,Not-in-family,White,Male,0,0,40,United-States,0.6512069017300014,2
57,?,137658,HS-grad,9,Married-civ-spouse,?,Husband,Other,Male,0,0,5,Columbia,0.6507440446060553,2
27,?,291547,Bachelors,13,Married-civ-spouse,?,Not-in-family,Other,Female,0,0,6,Mexico,0.6492292674107346,2
36,Private,250238,1st-4th,2,Never-married,Other-service,Other-relative,Other,Female,0,0,40,El-Salvador,0.6489915018047184,4
39,Private,130620,7th-8th,4,Married-spouse-absent,Machine-op-inspct,Unmarried,Other,Female,0,0,40,Dominican-Republic,0.6486955573373892,4
17,Private,168203,7th-8th,4,Never-married,Farming-fishing,Other-relative,Other,Male,0,0,40,Mexico,0.6478840779983779,4
60,Private,223696,1st-4th,2,Divorced,Craft-repair,Not-in-family,Other,Male,0,0,38,Dominican-Republic,0.6471349605138277,3
48,Private,208748,5th-6th,3,Divorced,Machine-op-inspct,Unmarried,Other,Female,0,0,40,Dominican-Republic,0.6468613828090275,4
37,Private,410913,HS-grad,9,Married-spouse-absent,Farming-fishing,Unmarried,Other,Male,0,0,40,Mexico,0.6468060878048948,3
26,Private,61603,5th-6th,3,Married-civ-spouse,Handlers-cleaners,Husband,Other,Male,0,0,40,Mexico,0.646246596566858,2
57,Private,121821,1st-4th,2,Married-civ-spouse,Other-service,Husband,Other,Male,0,0,40,Dominican-Republic,0.6456394891084412,3
66,?,206560,HS-grad,9,Widowed,?,Not-in-family,Other,Female,0,0,35,Puerto-Rico,0.645525696032009,4
52,Private,241444,1st-4th,2,Married-civ-spouse,Craft-repair,Husband,Other,Male,0,0,50,Puerto-Rico,0.6454548941951854,3
20,?,369678,12th,8,Never-married,?,Not-in-family,Other,Male,0,1602,40,United-States,0.6452390577692865,3
33,Local-gov,269604,5th-6th,3,Never-married,Other-service,Unmarried,Other,Female,0,0,40,El-Salvador,0.6442584656322512,4
47,Private,103020,7th-8th,4,Married-civ-spouse,Machine-op-inspct,Wife,Other,Female,0,0,40,Puerto-Rico,0.6438837957646777,3
32,Private,328060,9th,5,Separated,Other-service,Unmarried,Other,Female,0,0,40,Mexico,0.6434536600348154,3
25,Private,374163,12th,8,Married-civ-spouse,Farming-fishing,Husband,Other,Male,0,0,60,Mexico,0.6430268053842139,5
26,Private,176146,5th-6th,3,Separated,Craft-repair,Not-in-family,Other,Male,0,0,35,Mexico,0.6428747238716281,3
39,Self-emp-not-inc,160120,Doctorate,16,Divorced,Adm-clerical,Other-relative,Other,Male,0,0,40,?,0.6423876864308257,5
43,Private,197397,Some-college,10,Married-civ-spouse,Prof-specialty,Wife,Other,Female,0,0,6,Puerto-Rico,0.6423824669472001,1
25,Private,374163,HS-grad,9,Married-spouse-absent,Farming-fishing,Not-in-family,Other,Male,0,0,40,Mexico,0.6419922154931177,1
23,Private,260019,7th-8th,4,Never-married,Farming-fishing,Unmarried,Other,Male,0,0,36,Mexico,0.6419304667427593,3
19,Private,216937,HS-grad,9,Never-married,Handlers-cleaners,Other-relative,Other,Female,0,0,60,Guatemala,0.6416388220640871,4
23,Private,150463,HS-grad,9,Never-married,Priv-house-serv,Unmarried,Other,Female,0,0,40,Guatemala,0.6416330489901723,3
45,Private,129371,9th,5,Separated,Other-service,Unmarried,Other,Female,0,0,40,Trinadad&Tobago,0.6409145579758394,4
27,Private,113464,1st-4th,2,Never-married,Other-service,Own-child,Other,Male,0,0,35,Dominican-Republic,0.6404729502528075,4
29,Private,149943,Some-college,10,Never-married,Other-service,Not-in-family,Other,Male,0,1590,40,?,0.6403453155532898,1
17,Private,220562,9th,5,Never-married,Sales,Other-relative,Other,Female,0,0,32,Mexico,0.6402251444429972,4
52,Private,416164,HS-grad,9,Married-civ-spouse,Farming-fishing,Husband,Other,Male,0,0,49,Mexico,0.6397377220201841,2
25,Private,232991,5th-6th,3,Married-civ-spouse,Machine-op-inspct,Husband,Other,Male,0,0,40,Mexico,0.6395826917336922,1
30,?,33811,Bachelors,13,Married-civ-spouse,?,Wife,Other,Female,0,0,40,Taiwan,0.6394753230427347,2
53,Private,223696,12th,8,Married-spouse-absent,Handlers-cleaners,Not-in-family,Other,Male,0,0,56,Dominican-Republic,0.6387973089682888,4
53,Private,195813,5th-6th,3,Married-civ-spouse,Craft-repair,Husband,Other,Male,5178,0,40,Puerto-Rico,0.6387628172984526,3
50,Private,182360,HS-grad,9,Separated,Prof-specialty,Unmarried,Other,Female,0,0,60,Puerto-Rico,0.6383075152339999,2
43,Private,255635,5th-6th,3,Married-civ-spouse,Machine-op-inspct,Husband,Other,Male,0,0,40,Mexico,0.6380003403678927,1
25,Private,395512,12th,8,Married-civ-spouse,Machine-op-inspct,Other-relative,Other,Male,0,0,40,Mexico,0.6378137977670287,3
38,?,94559,Bachelors,13,Married-civ-spouse,?,Wife,Other,Female,7688,0,50,?,0.6372371777223766,5
22,Private,95566,Some-college,10,Married-spouse-absent,Sales,Own-child,Other,Female,0,0,22,Dominican-Republic,0.6370541044453978,2
26,Private,261203,7th-8th,4,Never-married,Other-service,Unmarried,Other,Female,0,0,30,?,0.636902869114101,2
47,Private,151087,HS-grad,9,Separated,Prof-specialty,Other-relative,Other,Female,0,0,40,Puerto-Rico,0.636661607771402,2
34,Private,188736,HS-grad,9,Married-civ-spouse,Machine-op-inspct,Other-relative,Other,Female,0,0,20,Columbia,0.636640650249764,1
23,Private,481175,Some-college,10,Never-married,Exec-managerial,Own-child,Other,Male,0,0,24,Peru,0.6366030362629881,1
18,Private,74054,11th,7,Never-married,Sales,Own-child,Other,Female,0,0,20,?,0.6348084137073535,2
28,Private,118861,10th,6,Married-civ-spouse,Craft-repair,Wife,Other,Female,0,0,48,Guatemala,0.6346586020752997,3
40,Private,145439,5th-6th,3,Married-civ-spouse,Other-service,Husband,Other,Male,4064,0,40,Mexico,0.6340305381346492,2
33,Private,452924,HS-grad,9,Married-civ-spouse,Machine-op-inspct,Husband,Other,Male,0,0,40,Mexico,0.6337425633985472,2
50,Private,273536,7th-8th,4,Married-civ-spouse,Sales,Husband,Other,Male,0,0,49,Dominican-Republic,0.6334918808913929,2
24,Private,132327,Some-college,10,Married-spouse-absent,Sales,Unmarried,Other,Female,0,0,30,Ecuador,0.6331674080159186,4
44,Private,222703,7th-8th,4,Married-civ-spouse,Machine-op-inspct,Husband,Other,Male,0,0,40,Nicaragua,0.6330316385541848,1
77,Private,253642,7th-8th,4,Married-civ-spouse,Machine-op-inspct,Husband,Other,Male,0,0,30,United-States,0.6329964161360551,1
48,Private,224870,HS-grad,9,Divorced,Machine-op-inspct,Other-relative,Other,Female,0,0,38,Ecuador,0.6329122005363723,4
74,?,89667,Bachelors,13,Widowed,?,Not-in-family,Other,Female,0,0,35,United-States,0.632067391728053,2
30,Private,348618,9th,5,Married-civ-spouse,Craft-repair,Husband,Other,Male,0,0,40,Mexico,0.6320495881484728,1
24,Private,39827,Some-college,10,Married-civ-spouse,Machine-op-inspct,Wife,Other,Female,0,0,40,Puerto-Rico,0.6317031166749394,1
31,Private,186144,7th-8th,4,Never-married,Machine-op-inspct,Not-in-family,Other,Female,0,0,40,Mexico,0.6316719795715486,2
44,Private,109339,11th,7,Divorced,Machine-op-inspct,Unmarried,Other,Female,0,0,46,Puerto-Rico,0.6315740368007421,2
47,Self-emp-inc,119471,7th-8th,4,Never-married,Craft-repair,Not-in-family,Other,Male,0,0,40,?,0.6315369501883049,1
27,?,147638,Masters,14,Never-married,?,Not-in-family,Other,Female,0,0,40,Japan,0.6314842327847403,2
27,Self-emp-not-inc,153805,Some-college,10,Married-civ-spouse,Transport-moving,Other-relative,Other,Male,0,0,50,Ecuador,0.6305960210389114,3
18,?,139003,HS-grad,9,Never-married,?,Other-relative,Other,Female,0,0,12,United-States,0.6303928961618769,1
20,Private,379198,HS-grad,9,Never-married,Other-service,Other-relative,Other,Male,0,0,40,Mexico,0.6303669413919867,2
44,Private,232421,HS-grad,9,Married-spouse-absent,Transport-moving,Not-in-family,Other,Male,0,0,32,Canada,0.6302378622049991,1
31,Private,409622,Bachelors,13,Married-civ-spouse,Machine-op-inspct,Husband,Other,Male,0,0,36,Mexico,0.6294726475124287,2
33,Private,119409,HS-grad,9,Married-civ-spouse,Machine-op-inspct,Wife,Other,Female,0,0,40,Columbia,0.6292264780281115,1
40,Private,214891,Bachelors,13,Married-spouse-absent,Transport-moving,Own-child,Other,Male,0,0,45,?,0.6291891378743552,2
29,Private,31166,HS-grad,9,Divorced,Prof-specialty,Not-in-family,Other,Female,0,0,30,Germany,0.6291871214273368,2
45,Private,216626,HS-grad,9,Widowed,Machine-op-inspct,Unmarried,Other,Male,0,0,40,Columbia,0.6290751807368978,1
19,Private,294029,11th,7,Never-married,Sales,Own-child,Other,Female,0,0,32,Nicaragua,0.628817467828475,2
29,Private,161857,HS-grad,9,Married-spouse-absent,Other-service,Not-in-family,Other,Female,0,0,40,Columbia,0.6284864939382216,2
28,Private,158737,12th,8,Married-civ-spouse,Machine-op-inspct,Other-relative,Other,Male,0,0,40,Ecuador,0.6284414821944313,3
29,Private,183009,Bachelors,13,Never-married,Prof-specialty,Not-in-family,Other,Female,0,1590,40,United-States,0.6281544218741398,1
28,Private,208965,9th,5,Never-married,Machine-op-inspct,Unmarried,Other,Male,0,0,40,Mexico,0.6278686758318454,2
26,Private,61270,HS-grad,9,Never-married,Machine-op-inspct,Unmarried,Other,Female,0,0,40,Columbia,0.6278004491042058,2
21,Private,195919,10th,6,Never-married,Handlers-cleaners,Not-in-family,Other,Male,0,0,40,Dominican-Republic,0.6273633624688991,1
66,?,186061,Some-college,10,Widowed,?,Unmarried,Black,Female,0,4356,40,United-States,0.6270767778350091,4
46,Private,171199,Bachelors,13,Divorced,Machine-op-inspct,Unmarried,Other,Female,0,0,40,Puerto-Rico,0.6270005597727321,2
29,Private,113464,HS-grad,9,Never-married,Transport-moving,Other-relative,Other,Male,0,0,40,Dominican-Republic,0.6267427913541375,2
25,Private,167031,Some-college,10,Never-married,Other-service,Other-relative,Other,Female,0,0,25,Ecuador,0.6264852609245519,3
35,Private,255635,9th,5,Married-civ-spouse,Craft-repair,Husband,Other,Male,0,0,40,Mexico,0.6264714285752282,1
19,Private,204389,HS-grad,9,Never-married,Adm-clerical,Own-child,Other,Female,0,0,25,Puerto-Rico,0.6263889423609439,2
36,Private,52327,Masters,14,Married-civ-spouse,Prof-specialty,Husband,Other,Male,0,0,40,Iran,0.6261132729618751,2
44,Private,219441,10th,6,Never-married,Sales,Unmarried,Other,Female,0,0,35,Dominican-Republic,0.6260081202172285,2
51,Federal-gov,215948,Some-college,10,Married-civ-spouse,Handlers-cleaners,Husband,Other,Male,0,0,40,?,0.6258653952694028,2
32,Local-gov,190889,Masters,14,Never-married,Prof-specialty,Not-in-family,Other,Female,0,0,40,?,0.625844956965046,1
26,Private,173927,Assoc-voc,11,Never-married,Prof-specialty,Own-child,Other,Female,0,0,60,Jamaica,0.6257298351809328,1
26,Private,138152,12th,8,Never-married,Craft-repair,Other-relative,Other,Male,0,0,48,Guatemala,0.6255159433420328,5
58,Private,365511,Some-college,10,Divorced,Machine-op-inspct,Not-in-family,Other,Male,0,0,40,Mexico,0.625355162595185,2
58,Private,247276,7th-8th,4,Widowed,Other-service,Not-in-family,Other,Female,0,0,30,United-States,0.6251858249693978,2
22,Private,153805,HS-grad,9,Never-married,Other-service,Unmarried,Other,Male,0,0,20,Puerto-Rico,0.6251308199355793,1
53,?,220640,Bachelors,13,Divorced,?,Other-relative,Other,Female,0,0,20,United-States,0.6248109293646544,2
21,Private,187088,Some-college,10,Never-married,Adm-clerical,Own-child,Other,Female,0,0,20,Cuba,0.624712051961248,2
52,Private,137658,11th,7,Married-civ-spouse,Machine-op-inspct,Husband,Other,Male,0,0,40,Dominican-Republic,0.624470928556079,1
37,Self-emp-not-inc,268598,Bachelors,13,Married-civ-spouse,Exec-managerial,Husband,Other,Male,7298,0,50,Puerto-Rico,0.6243992489044993,2
46,Federal-gov,119890,Assoc-voc,11,Separated,Tech-support,Not-in-family,Other,Female,0,0,30,United-States,0.6239473610799735,2
27,Local-gov,282664,Bachelors,13,Never-married,Prof-specialty,Not-in-family,Other,Female,0,0,45,?,0.6235034722969502,3
29,Private,153805,HS-grad,9,Never-married,Machine-op-inspct,Other-relative,Other,Male,0,0,40,Ecuador,0.6234209471668032,2
33,Private,25610,Assoc-acdm,12,Married-civ-spouse,Sales,Husband,Other,Male,0,0,40,Japan,0.6233982569309104,2
17,?,181337,10th,6,Never-married,?,Own-child,Other,Female,0,0,20,United-States,0.6229737212303086,2
44,Private,225879,Some-college,10,Married-civ-spouse,Adm-clerical,Wife,Other,Female,0,0,30,Mexico,0.6227973313906693,1
42,Self-emp-not-inc,126614,Bachelors,13,Divorced,Exec-managerial,Not-in-family,Other,Male,0,0,30,Iran,0.6226262329631637,2
53,Local-gov,228723,HS-grad,9,Divorced,Craft-repair,Not-in-family,Other,Male,0,0,40,?,0.6226261643346278,2
19,Private,247298,12th,8,Married-spouse-absent,Other-service,Own-child,Other,Female,0,0,20,United-States,0.6224429500363335,4
36,Private,172104,Prof-school,15,Never-married,Prof-specialty,Not-in-family,Other,Male,0,0,40,India,0.6221463370644396,2
24,?,174182,11th,7,Married-civ-spouse,?,Wife,Other,Female,0,0,24,United-States,0.6218619391789412,2
41,?,230020,5th-6th,3,Married-civ-spouse,?,Husband,Other,Male,0,0,40,United-States,0.621656523271029,1
52,Private,230657,HS-grad,9,Married-civ-spouse,Machine-op-inspct,Husband,Other,Male,3781,0,40,Columbia,0.6215569447630002,1
27,Private,176761,HS-grad,9,Never-married,Craft-repair,Other-relative,Other,Male,0,0,40,Nicaragua,0.6214814941326587,2
28,Private,309620,Some-college,10,Married-civ-spouse,Sales,Husband,Other,Male,0,0,60,?,0.6212775342565139,1
35,Private,214891,HS-grad,9,Married-civ-spouse,Transport-moving,Husband,Other,Male,0,0,40,Dominican-Republic,0.6212047263556372,2
40,Private,215596,Bachelors,13,Married-spouse-absent,Other-service,Not-in-family,Other,Male,0,0,40,Mexico,0.6211909138156206,2
38,Private,229236,HS-grad,9,Married-civ-spouse,Transport-moving,Husband,Other,Male,0,0,40,Puerto-Rico,0.6211887425505406,2
23,Private,223231,HS-grad,9,Married-civ-spouse,Machine-op-inspct,Husband,Other,Male,0,0,40,Mexico,0.6210330013024099,2
35,Private,194960,HS-grad,9,Never-married,Farming-fishing,Not-in-family,Other,Male,0,0,40,Puerto-Rico,0.6205070061801835,2
39,Private,112731,HS-grad,9,Divorced,Other-service,Not-in-family,Other,Female,0,0,40,Dominican-Republic,0.6204592656766467,2
40,Local-gov,269168,HS-grad,9,Married-civ-spouse,Other-service,Husband,Other,Male,0,0,40,?,0.6204489247720607,2
28,Private,224629,Masters,14,Never-married,Exec-managerial,Not-in-family,Other,Male,0,0,30,Cuba,0.6201732795247146,1
53,Private,88725,HS-grad,9,Never-married,Craft-repair,Not-in-family,Other,Female,0,0,40,?,0.6199995314401271,2
28,Private,187397,HS-grad,9,Never-married,Other-service,Other-relative,Other,Male,0,0,48,Mexico,0.6196892400082129,2
17,Private,147339,10th,6,Never-married,Prof-specialty,Own-child,Other,Female,0,0,15,United-States,0.6193031577317845,1
33,Private,137088,Bachelors,13,Married-civ-spouse,Machine-op-inspct,Husband,Other,Male,0,0,40,Ecuador,0.6192014117206289,1
26,Private,152855,HS-grad,9,Never-married,Exec-managerial,Own-child,Other,Female,0,0,40,Mexico,0.6190012482803091,2
36,Self-emp-not-inc,160120,Bachelors,13,Married-civ-spouse,Sales,Husband,Other,Male,0,0,45,?,0.6189124505261594,3
37,Private,292370,Bachelors,13,Married-civ-spouse,Prof-specialty,Husband,Other,Male,0,0,50,?,0.6188739767687419,2
17,Private,289405,11th,7,Never-married,Machine-op-inspct,Own-child,Other,Male,0,0,12,United-States,0.6183426637827335,1
17,?,213055,11th,7,Never-married,?,Not-in-family,Other,Female,0,0,20,United-States,0.6182085842757952,2
20,Private,100605,HS-grad,9,Never-married,Sales,Own-child,Other,Male,0,0,40,Puerto-Rico,0.6181915547261185,2
28,Private,197113,HS-grad,9,Never-married,Machine-op-inspct,Own-child,Other,Male,0,0,50,Puerto-Rico,0.6177924041284802,1
37,Local-gov,239161,Some-college,10,Separated,Protective-serv,Own-child,Other,Male,0,0,52,United-States,0.617724924711733,2
90,?,77053,HS-grad,9,Widowed,?,Not-in-family,White,Female,0,4356,40,United-States,0.6176338859623552,4
39,State-gov,221059,Masters,14,Married-civ-spouse,Prof-specialty,Other-relative,Other,Female,7688,0,38,United-States,0.6174461949576874,3
18,?,379768,HS-grad,9,Never-married,?,Own-child,Other,Female,0,0,40,United-States,0.6173243627653825,1
32,Private,227214,Bachelors,13,Married-civ-spouse,Prof-specialty,Husband,Other,Male,0,0,40,Ecuador,0.6169771960633996,2
45,Private,1366120,Assoc-voc,11,Divorced,Other-service,Not-in-family,White,Female,0,0,8,United-States,0.6164619267236366,2
30,Private,208068,HS-grad,9,Married-civ-spouse,Craft-repair,Husband,Other,Male,0,0,40,Mexico,0.6162719013490011,2
43,Private,245487,HS-grad,9,Married-civ-spouse,Craft-repair,Husband,Other,Male,0,0,40,Mexico,0.616226971609146,2
44,Private,211759,Bachelors,13,Married-civ-spouse,Exec-managerial,Husband,Other,Male,0,0,40,Puerto-Rico,0.6162185257700007,2
26,Federal-gov,52322,Bachelors,13,Never-married,Tech-support,Not-in-family,Other,Male,0,0,60,United-States,0.6159796548791328,2
45,Private,217953,HS-grad,9,Married-civ-spouse,Craft-repair,Husband,Other,Male,0,0,40,Mexico,0.6159775667895941,2
31,State-gov,93589,HS-grad,9,Divorced,Protective-serv,Own-child,Other,Male,0,0,40,United-States,0.6158983065392083,1
32,Private,209184,Bachelors,13,Married-civ-spouse,Sales,Husband,Other,Male,0,0,40,Puerto-Rico,0.6154853272887674,2
49,Private,61307,7th-8th,4,Married-civ-spouse,Machine-op-inspct,Husband,Other,Male,0,0,38,United-States,0.6151293096399106,1
65,Private,161400,11th,7,Widowed,Other-service,Unmarried,Other,Male,0,0,40,United-States,0.6150542793271915,2
57,Private,194850,Some-college,10,Married-civ-spouse,Other-service,Husband,Other,Male,0,0,40,Mexico,0.6149379790837223,2
26,Private,292353,7th-8th,4,Married-civ-spouse,Machine-op-inspct,Husband,Other,Male,0,0,40,United-States,0.6144214724701783,1
24,Private,136687,HS-grad,9,Separated,Machine-op-inspct,Unmarried,Other,Female,0,0,40,United-States,0.6139951955092255,2
49,Private,133969,Doctorate,16,Married-civ-spouse,Prof-specialty,Husband,Other,Male,0,0,50,United-States,0.6127810417313719,2
23,Private,218782,10th,6,Never-married,Handlers-cleaners,Other-relative,Other,Male,0,0,40,United-States,0.6127701074502545,1
17,?,241021,12th,8,Never-married,?,Own-child,Other,Female,0,0,40,United-States,0.6126293690463436,1
29,Local-gov,205262,Some-college,10,Never-married,Adm-clerical,Not-in-family,Other,Male,0,0,40,Ecuador,0.6124708032305711,1
31,Private,137952,Some-college,10,Married-civ-spouse,Other-service,Husband,Other,Male,0,0,40,Puerto-Rico,0.6124700715138659,1
18,Private,135315,9th,5,Never-married,Sales,Own-child,Other,Female,0,0,32,United-States,0.6119358703559812,1
19,?,369678,HS-grad,9,Never-married,?,Not-in-family,Other,Male,0,0,30,United-States,0.6112051624906805,1
43,Self-emp-not-inc,116666,Prof-school,15,Married-civ-spouse,Prof-specialty,Husband,Other,Male,0,0,35,United-States,0.6111816908957074,2
42,Private,66755,7th-8th,4,Married-civ-spouse,Craft-repair,Husband,Other,Male,0,0,40,United-States,0.6110261319041606,1
33,Private,170336,HS-grad,9,Married-civ-spouse,Adm-clerical,Wife,Other,Female,0,0,19,United-States,0.6108014757673056,2
29,Federal-gov,31161,HS-grad,9,Divorced,Exec-managerial,Not-in-family,Other,Female,0,0,40,United-States,0.6101440495664376,2
28,Private,232945,HS-grad,9,Separated,Handlers-cleaners,Not-in-family,Other,Male,0,0,30,United-States,0.609727233657459,1
33,Private,120201,HS-grad,9,Divorced,Adm-clerical,Own-child,Other,Female,0,0,65,United-States,0.6096421797498204,1
42,Local-gov,271521,Some-college,10,Married-civ-spouse,Protective-serv,Husband,Other,Male,0,0,40,United-States,0.6091584278352743,2
24,Local-gov,187397,Some-college,10,Never-married,Protective-serv,Unmarried,Other,Male,1151,0,40,United-States,0.6089215182594885,1
20,?,369678,HS-grad,9,Never-married,?,Not-in-family,Other,Male,0,0,43,United-States,0.6085992569120501,1
44,Private,252930,10th,6,Divorced,Adm-clerical,Unmarried,Other,Female,0,0,42,United-States,0.6082170349445923,1
32,Private,53260,HS-grad,9,Divorced,Other-service,Unmarried,Other,Female,0,0,28,United-States,0.6081144250369381,1
26,Private,196899,Assoc-acdm,12,Separated,Craft-repair,Not-in-family,Other,Female,0,0,40,United-States,0.6080839973459089,2
20,?,66695,Some-college,10,Never-married,?,Own-child,Other,Female,594,0,35,United-States,0.6079311323765332,2
50,Private,171852,Bachelors,13,Separated,Prof-specialty,Own-child,Other,Female,0,0,40,United-States,0.607748960987749,1
28,Private,191342,Some-college,10,Never-married,Sales,Not-in-family,Other,Male,0,0,40,India,0.6075359860711155,1
29,Private,24562,Bachelors,13,Divorced,Other-service,Unmarried,Other,Female,0,0,40,United-States,0.6074887591206397,2
29,Private,148431,Assoc-acdm,12,Married-civ-spouse,Sales,Wife,Other,Female,7688,0,45,United-States,0.6071920323929427,1
24,Federal-gov,29591,Bachelors,13,Never-married,Prof-specialty,Not-in-family,Other,Female,0,0,40,United-States,0.6071796253918251,1
25,Private,32275,Some-college,10,Married-civ-spouse,Exec-managerial,Wife,Other,Female,0,0,40,United-States,0.6069678685675958,2
30,Private,215441,Some-college,10,Never-married,Adm-clerical,Not-in-family,Other,Male,0,0,40,?,0.606525085605319,1
18,?,179484,12th,8,Never-married,?,Own-child,Other,Male,0,0,40,United-States,0.6065064414282023,1
20,Private,281356,HS-grad,9,Married-civ-spouse,Handlers-cleaners,Husband,Other,Male,0,0,40,United-States,0.6064690216334627,2
20,State-gov,147280,HS-grad,9,Never-married,Other-service,Other-relative,Other,Male,0,0,40,United-States,0.60619701214357,1
22,State-gov,347803,Some-college,10,Never-married,Adm-clerical,Not-in-family,Other,Male,0,0,20,United-States,0.6061037227634111,1
42,Private,367533,10th,6,Married-civ-spouse,Craft-repair,Own-child,Other,Male,0,0,43,United-States,0.6059861014826853,1
26,Private,154785,Some-college,10,Married-spouse-absent,Adm-clerical,Own-child,Other,Female,0,0,35,United-States,0.605951820570257,2
20,Private,243010,HS-grad,9,Never-married,Machine-op-inspct,Other-relative,Other,Male,0,0,32,United-States,0.6059094974643876,1
44,Private,291568,HS-grad,9,Married-civ-spouse,Farming-fishing,Husband,Other,Male,0,0,40,United-States,0.6058192433284182,2
82,Private,132870,HS-grad,9,Widowed,Exec-managerial,Not-in-family,White,Female,0,4356,18,United-States,0.6057617113615887,4
21,?,213055,Some-college,10,Never-married,?,Unmarried,Other,Female,0,0,40,United-States,0.6057300574813689,1
24,Private,196269,11th,7,Married-civ-spouse,Handlers-cleaners,Husband,Other,Male,0,0,40,United-States,0.6056467173578339,1
41,Private,332703,HS-grad,9,Divorced,Adm-clerical,Not-in-family,Other,Female,0,625,40,United-States,0.6056221225683246,2
24,Private,100605,Some-college,10,Never-married,Machine-op-inspct,Own-child,Other,Male,0,0,14,United-States,0.6055451456717125,1
31,Private,199655,Masters,14,Divorced,Other-service,Not-in-family,Other,Female,0,0,30,United-States,0.6048237177107172,1
26,Private,328663,HS-grad,9,Married-civ-spouse,Transport-moving,Husband,Other,Male,0,0,40,United-States,0.6047847601223434,2
32,Self-emp-not-inc,173314,Assoc-voc,11,Married-civ-spouse,Prof-specialty,Husband,Other,Male,0,0,60,United-States,0.6044289899252109,1
43,Private,216697,Some-college,10,Married-civ-spouse,Protective-serv,Husband,Other,Male,0,0,32,United-States,0.6044004759750918,2
33,Private,110978,Some-college,10,Divorced,Craft-repair,Other-relative,Other,Female,0,0,40,United-States,0.6042520395739762,2
27,Private,244315,HS-grad,9,Divorced,Craft-repair,Other-relative,Other,Male,0,0,40,United-States,0.6039378897986462,2
20,Private,94364,Some-college,10,Never-married,Prof-specialty,Not-in-family,Other,Female,0,0,20,United-States,0.6035086461906457,2
41,Private,179875,11th,7,Divorced,Other-service,Unmarried,Other,Female,0,0,40,United-States,0.6034871727742485,1
32,Private,241802,HS-grad,9,Married-civ-spouse,Other-service,Wife,Other,Female,0,0,40,United-States,0.6028174309233992,1
29,Private,159479,HS-grad,9,Married-civ-spouse,Transport-moving,Husband,Other,Male,0,0,55,United-States,0.6026400047015553,2
20,Private,166527,Some-college,10,Never-married,Adm-clerical,Own-child,Other,Female,0,0,20,United-States,0.6025926740588246,1
32,Private,381583,HS-grad,9,Married-civ-spouse,Craft-repair,Husband,Other,Male,0,0,40,United-States,0.6025175918246187,2
29,Private,1268339,HS-grad,9,Married-spouse-absent,Tech-support,Own-child,Black,Male,0,0,40,United-States,0.6024823444016754,4
34,Self-emp-inc,79586,Bachelors,13,Never-married,Prof-specialty,Not-in-family,Other,Male,0,0,60,United-States,0.6023107856979557,1
43,Private,102025,Masters,14,Married-civ-spouse,Prof-specialty,Husband,Other,Male,0,0,50,United-States,0.6022500778065951,2
53,Private,48641,12th,8,Never-married,Other-service,Not-in-family,Other,Female,0,0,35,United-States,0.6022355834874987,2
27,Private,177761,Some-college,10,Married-civ-spouse,Farming-fishing,Husband,Other,Male,0,0,50,United-States,0.6021841248573337,2
40,Private,400061,Some-college,10,Married-civ-spouse,Machine-op-inspct,Husband,Other,Male,0,0,40,United-States,0.6021704936820637,2
33,Private,388741,Some-college,10,Never-married,Adm-clerical,Unmarried,Other,Female,0,0,38,United-States,0.6021699361908853,1
23,?,123983,Bachelors,13,Never-married,?,Own-child,Other,Male,0,0,40,United-States,0.6020443379944015,1
25,Private,163396,Some-college,10,Never-married,Tech-support,Not-in-family,Other,Female,0,0,40,United-States,0.6019105454284257,1
20,Private,154779,Some-college,10,Never-married,Sales,Other-relative,Other,Female,0,0,40,United-States,0.6018184482423979,2
21,Private,195248,Some-college,10,Never-married,Sales,Own-child,Other,Female,0,0,20,United-States,0.6018100205784926,1
45,Private,288437,HS-grad,9,Married-civ-spouse,Transport-moving,Husband,Other,Male,4064,0,40,United-States,0.6011889735609116,1
46,Private,211226,Assoc-acdm,12,Married-civ-spouse,Transport-moving,Husband,Other,Male,0,0,36,United-States,0.6011375365311471,2
25,Private,112847,HS-grad,9,Married-civ-spouse,Transport-moving,Own-child,Other,Male,0,0,40,United-States,0.6008259336855704,2
26,Federal-gov,218782,HS-grad,9,Married-civ-spouse,Adm-clerical,Husband,Other,Male,0,0,40,United-States,0.6006334276688949,2
18,Private,210828,Some-college,10,Never-married,Handlers-cleaners,Own-child,Other,Male,0,0,30,United-States,0.6004769998730134,1
27,Private,93021,HS-grad,9,Never-married,Adm-clerical,Unmarried,Other,Female,0,0,40,United-States,0.6000016479759366,2
27,Private,167031,Bachelors,13,Never-married,Prof-specialty,Unmarried,Other,Female,0,0,33,United-States,0.5997289052346205,1
31,Private,237317,9th,5,Never-married,Craft-repair,Not-in-family,Other,Male,0,0,45,United-States,0.5996900796371952,1
29,Federal-gov,242147,HS-grad,9,Divorced,Adm-clerical,Not-in-family,Other,Male,0,0,45,United-States,0.5996740734814833,2
47,Self-emp-not-inc,236111,Some-college,10,Married-civ-spouse,Prof-specialty,Husband,Other,Male,0,0,55,United-States,0.5987208070555101,2
35,Private,381583,Some-college,10,Married-civ-spouse,Craft-repair,Husband,Other,Male,0,0,45,United-States,0.5984364423441257,2
34,Private,228881,Some-college,10,Separated,Machine-op-inspct,Not-in-family,Other,Male,0,0,40,United-States,0.5982609265230354,1
60,Private,252413,Some-college,10,Married-civ-spouse,Craft-repair,Husband,Other,Male,0,0,32,United-States,0.5981657896538803,1
20,Private,171398,10th,6,Never-married,Sales,Not-in-family,Other,Male,0,0,40,United-States,0.5977460181636066,1
21,Private,188793,HS-grad,9,Married-civ-spouse,Sales,Husband,Other,Male,0,0,35,United-States,0.5970887803411353,2
38,Private,165302,Some-college,10,Divorced,Adm-clerical,Unmarried,Other,Female,0,0,40,United-States,0.5969715220191625,2
29,Private,99369,Bachelors,13,Never-married,Prof-specialty,Not-in-family,Other,Female,0,0,50,United-States,0.5968991000248053,1
30,Private,79712,Bachelors,13,Married-civ-spouse,Prof-specialty,Husband,Other,Male,0,0,40,United-States,0.5966990414254165,2
22,Private,148431,HS-grad,9,Never-married,Adm-clerical,Not-in-family,Other,Female,0,0,40,United-States,0.5960852170146759,2
25,Private,195201,HS-grad,9,Married-civ-spouse,Sales,Husband,Other,Male,0,0,50,United-States,0.5960046346890766,2
36,Private,179666,12th,8,Married-civ-spouse,Craft-repair,Husband,Other,Male,0,0,40,United-States,0.5958186292956603,1
20,Private,286734,Some-college,10,Never-married,Adm-clerical,Not-in-family,Other,Female,0,0,35,United-States,0.5957428657521315,2
32,Private,326283,Bachelors,13,Never-married,Other-service,Unmarried,Other,Male,0,0,40,United-States,0.5953905796436932,2
41,Private,213055,Assoc-acdm,12,Never-married,Adm-clerical,Not-in-family,Other,Female,0,0,50,United-States,0.5952237235853828,1
40,Private,237601,Bachelors,13,Never-married,Sales,Not-in-family,Other,Female,0,0,55,United-States,0.5952011394001839,1
28,Private,120471,HS-grad,9,Never-married,Transport-moving,Not-in-family,Other,Male,0,0,40,United-States,0.5951602999863851,2
20,Private,165804,Some-college,10,Never-married,Adm-clerical,Own-child,Other,Female,0,0,40,United-States,0.5948874178171728,2
23,Private,166527,Some-college,10,Never-married,Exec-managerial,Own-child,Other,Female,0,0,40,United-States,0.5941472712861436,2
33,Private,147700,HS-grad,9,Married-civ-spouse,Craft-repair,Husband,Other,Male,0,0,40,United-States,0.5939276279490902,2
31,Private,109020,Bachelors,13,Never-married,Prof-specialty,Unmarried,Other,Male,0,0,40,United-States,0.5938831535731686,2
31,Private,153078,Assoc-acdm,12,Never-married,Craft-repair,Own-child,Other,Male,0,0,50,United-States,0.5938417845235132,1
41,Private,230020,HS-grad,9,Married-civ-spouse,Craft-repair,Husband,Other,Male,0,0,40,United-States,0.5936237618801685,2
28,Private,163772,HS-grad,9,Married-civ-spouse,Other-service,Husband,Other,Male,0,0,40,United-States,0.593607529204817,2
37,Private,143582,Assoc-voc,11,Never-married,Adm-clerical,Not-in-family,Other,Female,4101,0,35,United-States,0.593253590328795,1
31,Private,175548,HS-grad,9,Never-married,Other-service,Not-in-family,Other,Female,0,0,35,United-States,0.5929502823439191,2
31,Private,209276,HS-grad,9,Married-civ-spouse,Other-service,Husband,Other,Male,0,0,40,United-States,0.5928117106453054,2
33,Private,121195,HS-grad,9,Never-married,Machine-op-inspct,Not-in-family,Other,Male,0,0,50,United-States,0.5927944586332915,1
21,Private,177420,Some-college,10,Never-married,Adm-clerical,Not-in-family,Other,Female,0,0,40,United-States,0.5923099317398859,2
29,Private,162312,Assoc-voc,11,Never-married,Machine-op-inspct,Not-in-family,Other,Male,0,0,40,United-States,0.5914126167255872,2
25,Private,123586,Some-college,10,Never-married,Adm-clerical,Unmarried,Other,Male,0,0,40,United-States,0.5906426493784048,2
28,Private,138054,Assoc-acdm,12,Never-married,Other-service,Not-in-family,Other,Male,0,0,40,United-States,0.5904122807954996,2
25,Private,219130,Some-college,10,Never-married,Other-service,Not-in-family,Other,Female,0,0,40,United-States,0.5903554559781633,2
29,Private,185019,12th,8,Never-married,Other-service,Not-in-family,Other,Male,0,0,40,United-States,0.5903210081628066,1
33,Private,142383,Assoc-acdm,12,Never-married,Sales,Not-in-family,Other,Male,0,0,36,United-States,0.5898376349060387,2
26,Private,195105,HS-grad,9,Never-married,Sales,Not-in-family,Other,Male,0,0,40,United-States,0.5888643794546276,2
26,Private,184026,Some-college,10,Never-married,Prof-specialty,Not-in-family,Other,Male,0,0,50,United-States,0.5873581008923879,1
30,Private,1184622,Some-college,10,Married-civ-spouse,Transport-moving,Husband,Black,Male,0,0,35,United-States,0.5407445079682743,2
33,Private,1161363,Some-college,10,Separated,Tech-support,Unmarried,White,Female,0,0,50,Columbia,0.5343504188527861,3
74,State-gov,88638,Doctorate,16,Never-married,Prof-specialty,Other-relative,White,Female,0,3683,20,United-States,0.5280774874361508,4
54,Private,140359,7th-8th,4,Divorced,Machine-op-inspct,Unmarried,White,Female,0,3900,40,United-States,0.5243221022945699,3
35,Private,1226583,Bachelors,13,Married-civ-spouse,Sales,Husband,White,Male,0,0,52,United-States,0.5175924769286162,2
42,Local-gov,1125613,HS-grad,9,Divorced,Other-service,Not-in-family,Black,Male,0,0,40,United-States,0.5114600888012089,2
41,Private,264663,Some-college,10,Separated,Prof-specialty,Own-child,White,Female,0,3900,40,United-States,0.5034094274106583,2
68,Federal-gov,422013,HS-grad,9,Divorced,Prof-specialty,Not-in-family,White,Female,0,3683,40,United-States,0.5022452428857125,4
73,Self-emp-not-inc,233882,HS-grad,9,Married-civ-spouse,Farming-fishing,Husband,Asian-Pac-Islander,Male,0,2457,40,Vietnam,0.5017173071542,4
43,Private,143582,5th-6th,3,Married-civ-spouse,Machine-op-inspct,Wife,Asian-Pac-Islander,Female,0,2129,72,?,0.493970853905899,6
38,Private,150601,10th,6,Separated,Adm-clerical,Unmarried,White,Male,0,3770,40,United-States,0.49117457837308,2
39,Private,198654,Prof-school,15,Married-civ-spouse,Prof-specialty,Husband,Asian-Pac-Islander,Male,0,2415,67,India,0.48771341358748665,4
43,Federal-gov,156996,Prof-school,15,Married-civ-spouse,Prof-specialty,Husband,Asian-Pac-Islander,Male,0,2415,55,?,0.4845970296758617,4
34,Private,216864,HS-grad,9,Divorced,Other-service,Unmarried,White,Female,0,3770,45,United-States,0.4817366695266465,2
42,Self-emp-inc,23510,Masters,14,Divorced,Exec-managerial,Unmarried,Asian-Pac-Islander,Male,0,2201,60,India,0.4747857703417887,5
34,Private,25322,Bachelors,13,Married-spouse-absent,Machine-op-inspct,Not-in-family,Asian-Pac-Islander,Male,0,2339,40,?,0.47168314243046194,4
51,Self-emp-not-inc,160724,Bachelors,13,Married-civ-spouse,Sales,Husband,Asian-Pac-Islander,Male,0,2415,40,China,0.4668543270606661,2
60,?,141221,Bachelors,13,Married-civ-spouse,?,Husband,Asian-Pac-Islander,Male,0,2163,25,South,0.46223705274512294,5
23,Private,1038553,HS-grad,9,Never-married,Exec-managerial,Not-in-family,Black,Male,0,0,45,United-States,0.4617938205356604,2
40,Private,287983,Bachelors,13,Never-married,Tech-support,Not-in-family,Asian-Pac-Islander,Female,0,2258,48,Philippines,0.4615116797257335,4
46,Private,192963,Bachelors,13,Married-civ-spouse,Adm-clerical,Husband,Asian-Pac-Islander,Male,0,2415,35,Philippines,0.4599903907056203,1
42,Self-emp-inc,1097453,Bachelors,13,Married-civ-spouse,Sales,Husband,White,Male,0,0,60,United-States,0.45903814305973667,2
75,?,260543,10th,6,Widowed,?,Other-relative,Asian-Pac-Islander,Female,0,0,1,China,0.45611561546342005,5
64,Private,149044,Masters,14,Married-civ-spouse,Prof-specialty,Husband,Asian-Pac-Islander,Male,0,2057,60,China,0.4559073081281245,4
45,Private,172274,Doctorate,16,Divorced,Prof-specialty,Unmarried,Black,Female,0,3004,35,United-States,0.4525166257327219,4
30,Self-emp-not-inc,257295,Some-college,10,Never-married,Sales,Other-relative,Asian-Pac-Islander,Male,0,2258,40,South,0.4524070577038949,3
32,?,981628,HS-grad,9,Divorced,?,Unmarried,Black,Male,0,0,40,United-States,0.45217123099089607,2
30,Private,315640,Doctorate,16,Married-civ-spouse,Prof-specialty,Husband,Asian-Pac-Islander,Male,0,1977,40,China,0.44939924158647715,4
40,Private,320451,Doctorate,16,Married-civ-spouse,Prof-specialty,Husband,Asian-Pac-Islander,Male,0,1977,45,Hong,0.44892409823889456,4
40,Federal-gov,298635,Masters,14,Married-civ-spouse,Tech-support,Husband,Asian-Pac-Islander,Male,0,1902,40,Philippines,0.44832484816453855,4
28,Private,27956,Prof-school,15,Married-civ-spouse,Prof-specialty,Husband,Asian-Pac-Islander,Male,0,0,99,Philippines,0.44822259394164465,3
51,Private,160724,Doctorate,16,Married-civ-spouse,Prof-specialty,Husband,Asian-Pac-Islander,Male,0,0,99,South,0.4479749817353298,3
20,?,114746,11th,7,Married-spouse-absent,?,Own-child,Asian-Pac-Islander,Female,0,1762,40,South,0.447677404733569,5
63,Self-emp-not-inc,35021,Bachelors,13,Married-civ-spouse,Prof-specialty,Husband,Asian-Pac-Islander,Male,0,1977,32,China,0.4476632972594847,4
75,Private,71898,Preschool,1,Never-married,Priv-house-serv,Not-in-family,Asian-Pac-Islander,Female,0,0,48,Philippines,0.4458972975763209,6
45,Federal-gov,207107,Assoc-acdm,12,Divorced,Adm-clerical,Unmarried,Asian-Pac-Islander,Male,0,2080,40,Philippines,0.44430081806681054,5
24,Private,1085515,HS-grad,9,Never-married,Other-service,Not-in-family,White,Female,0,0,30,United-States,0.44353484270386967,2
36,Federal-gov,930948,Some-college,10,Separated,Adm-clerical,Unmarried,Black,Female,6497,0,56,United-States,0.4401451843819396,4
48,Private,143098,Doctorate,16,Married-civ-spouse,Prof-specialty,Husband,Asian-Pac-Islander,Male,0,1902,40,China,0.4397515791057601,2
41,Self-emp-inc,93227,Bachelors,13,Married-civ-spouse,Exec-managerial,Husband,Asian-Pac-Islander,Male,0,1977,60,Taiwan,0.43972793178850733,3
57,Private,98350,Prof-school,15,Married-civ-spouse,Craft-repair,Husband,Asian-Pac-Islander,Male,0,1902,40,Philippines,0.4395310297624575,2
39,Self-emp-inc,124685,Masters,14,Divorced,Exec-managerial,Not-in-family,Asian-Pac-Islander,Male,0,0,99,Japan,0.43887811001649746,4
35,Private,161637,Doctorate,16,Married-civ-spouse,Prof-specialty,Husband,Asian-Pac-Islander,Male,0,1902,40,Taiwan,0.43797417016803153,2
29,Self-emp-not-inc,341672,HS-grad,9,Married-spouse-absent,Transport-moving,Other-relative,Asian-Pac-Islander,Male,0,1564,50,India,0.43740203504269015,6
22,Private,119592,Assoc-acdm,12,Never-married,Handlers-cleaners,Not-in-family,Black,Male,0,2824,40,?,0.4370288014589113,2
53,Federal-gov,173093,Some-college,10,Married-civ-spouse,Exec-managerial,Wife,Asian-Pac-Islander,Female,0,1887,40,Philippines,0.43380865638192156,3
42,Federal-gov,108183,Masters,14,Married-civ-spouse,Prof-specialty,Husband,Asian-Pac-Islander,Male,0,1902,40,South,0.43369464485894804,2
32,Federal-gov,148138,Bachelors,13,Married-civ-spouse,Prof-specialty,Husband,Asian-Pac-Islander,Male,0,2002,40,Iran,0.43274489138506267,4
71,Private,99894,5th-6th,3,Widowed,Priv-house-serv,Not-in-family,Asian-Pac-Islander,Female,0,0,75,United-States,0.4315206864590201,6
23,Private,143003,Masters,14,Married-civ-spouse,Prof-specialty,Husband,Asian-Pac-Islander,Male,0,1887,50,India,0.4293214367949457,1
42,Private,198341,Masters,14,Married-civ-spouse,Prof-specialty,Husband,Asian-Pac-Islander,Male,0,1902,55,India,0.4281884147883048,1
42,Private,230959,Bachelors,13,Married-civ-spouse,Adm-clerical,Wife,Asian-Pac-Islander,Female,0,1887,40,Philippines,0.42662663597389316,1
24,Private,52028,1st-4th,2,Married-civ-spouse,Other-service,Own-child,Asian-Pac-Islander,Female,0,0,5,Vietnam,0.42571340018200243,6
49,Private,137192,Bachelors,13,Married-civ-spouse,Sales,Husband,Asian-Pac-Islander,Male,0,1977,50,South,0.42466391429745565,1
63,Private,106910,5th-6th,3,Widowed,Other-service,Other-relative,Asian-Pac-Islander,Female,0,0,19,Philippines,0.42342929968723997,5
90,?,225063,Some-college,10,Never-married,?,Own-child,Asian-Pac-Islander,Male,0,0,10,South,0.42120765473343813,5
30,Self-emp-inc,173858,Some-college,10,Married-civ-spouse,Exec-managerial,Husband,Asian-Pac-Islander,Male,0,1902,40,South,0.4196674161659517,1
35,Private,267866,HS-grad,9,Married-civ-spouse,Sales,Husband,Asian-Pac-Islander,Male,0,1887,50,Iran,0.41744022726155017,1
46,Private,138370,7th-8th,4,Married-civ-spouse,Other-service,Husband,Asian-Pac-Islander,Male,0,1651,40,China,0.41731376142943943,1
31,State-gov,1033222,Some-college,10,Married-civ-spouse,Machine-op-inspct,Husband,White,Male,0,0,40,United-States,0.4171037309162189,2
34,Private,98283,Prof-school,15,Never-married,Tech-support,Not-in-family,Asian-Pac-Islander,Male,0,1564,40,India,0.41695862770788195,3
33,State-gov,913447,Some-college,10,Divorced,Other-service,Unmarried,Black,Female,0,0,40,United-States,0.4163222521107961,2
27,Private,116358,Some-college,10,Never-married,Craft-repair,Own-child,Asian-Pac-Islander,Male,0,1980,40,Philippines,0.4159800549503907,1
35,Private,200117,Bachelors,13,Married-civ-spouse,Exec-managerial,Husband,Asian-Pac-Islander,Male,0,1887,50,?,0.41492828650637303,1
90,Local-gov,187749,Assoc-acdm,12,Married-civ-spouse,Adm-clerical,Husband,Asian-Pac-Islander,Male,0,0,20,Philippines,0.41491365186960194,2
57,State-gov,399246,Bachelors,13,Married-civ-spouse,Adm-clerical,Husband,Asian-Pac-Islander,Male,0,1485,40,China,0.41383191543028497,1
26,Private,917220,12th,8,Never-married,Transport-moving,Own-child,Black,Male,0,0,40,United-States,0.4137421452557808,1
69,?,248248,1st-4th,2,Married-civ-spouse,?,Husband,Asian-Pac-Islander,Male,0,0,34,Philippines,0.41276075799736345,6
48,Self-emp-inc,56975,HS-grad,9,Divorced,Sales,Unmarried,Asian-Pac-Islander,Female,0,0,84,?,0.41241099511287904,5
30,Private,190912,11th,7,Married-civ-spouse,Handlers-cleaners,Husband,Asian-Pac-Islander,Male,0,1651,40,Vietnam,0.4119730476224478,1
61,Private,98350,Preschool,1,Married-spouse-absent,Other-service,Not-in-family,Asian-Pac-Islander,Male,0,0,40,China,0.4116301775291433,5
30,?,33811,Bachelors,13,Never-married,?,Not-in-family,Asian-Pac-Islander,Female,0,0,99,United-States,0.4113580519692509,1
73,?,131982,Bachelors,13,Married-civ-spouse,?,Husband,Asian-Pac-Islander,Male,0,0,5,Vietnam,0.41129501372781774,4
53,Self-emp-not-inc,137547,Prof-school,15,Never-married,Prof-specialty,Not-in-family,Asian-Pac-Islander,Male,27828,0,40,Philippines,0.4103991290080109,5
32,Private,112137,Preschool,1,Married-civ-spouse,Machine-op-inspct,Wife,Asian-Pac-Islander,Female,4508,0,40,Cambodia,0.4103882880161025,5
20,?,144685,Some-college,10,Never-married,?,Own-child,Asian-Pac-Islander,Female,0,1602,40,Taiwan,0.4096708390930268,2
38,Local-gov,123983,Bachelors,13,Never-married,Exec-managerial,Unmarried,Asian-Pac-Islander,Male,0,1741,40,Vietnam,0.40944907231735406,1
40,State-gov,506329,Doctorate,16,Married-civ-spouse,Prof-specialty,Husband,Asian-Pac-Islander,Male,0,0,40,Taiwan,0.4080649834407125,4
27,Private,292472,Some-college,10,Never-married,Craft-repair,Not-in-family,Asian-Pac-Islander,Male,0,1876,45,Cambodia,0.40755275091545906,2
63,Self-emp-not-inc,795830,1st-4th,2,Widowed,Other-service,Unmarried,White,Female,0,0,30,El-Salvador,0.40711099209875123,6
30,Private,117747,HS-grad,9,Married-civ-spouse,Sales,Wife,Asian-Pac-Islander,Female,0,1573,35,?,0.40672071166463286,2
24,State-gov,123160,Masters,14,Married-spouse-absent,Prof-specialty,Not-in-family,Asian-Pac-Islander,Female,0,0,10,China,0.40644279251946047,5
31,Private,1033222,Bachelors,13,Never-married,Adm-clerical,Not-in-family,White,Male,8614,0,40,United-States,0.40589001574642647,2
38,Self-emp-not-inc,93206,Bachelors,13,Married-civ-spouse,Exec-managerial,Husband,Asian-Pac-Islander,Male,0,1902,65,United-States,0.4057558294410718,1
19,?,20469,HS-grad,9,Never-married,?,Other-relative,Asian-Pac-Islander,Female,0,0,12,South,0.4049616913769898,5
59,Local-gov,171328,HS-grad,9,Separated,Protective-serv,Other-relative,Black,Female,0,2339,40,United-States,0.40383975025621643,4
43,Self-emp-not-inc,154785,Bachelors,13,Married-civ-spouse,Machine-op-inspct,Wife,Asian-Pac-Islander,Female,0,0,80,Thailand,0.4037152123004477,5
54,Private,349340,Preschool,1,Married-civ-spouse,Craft-repair,Husband,Asian-Pac-Islander,Male,0,0,40,India,0.40354826851337255,3
58,Private,119751,HS-grad,9,Married-civ-spouse,Priv-house-serv,Other-relative,Asian-Pac-Islander,Female,0,0,60,Philippines,0.40340232650133057,6
45,Private,293691,HS-grad,9,Divorced,Adm-clerical,Not-in-family,Asian-Pac-Islander,Female,0,1590,40,Japan,0.402490505293978,1
41,Private,70037,Some-college,10,Never-married,Craft-repair,Unmarried,White,Male,0,3004,60,?,0.4013513804476704,2
19,?,860348,Some-college,10,Never-married,?,Own-child,Black,Female,0,0,25,United-States,0.4013310899034078,2
34,State-gov,145874,Doctorate,16,Married-civ-spouse,Tech-support,Husband,Asian-Pac-Islander,Male,0,0,20,China,0.4009174959092675,4
62,Private,77884,5th-6th,3,Married-civ-spouse,Farming-fishing,Husband,Asian-Pac-Islander,Male,0,0,40,Philippines,0.4003854882953466,3
52,?,115209,Prof-school,15,Married-spouse-absent,?,Unmarried,Asian-Pac-Islander,Female,0,0,40,Vietnam,0.40035012953969684,5
55,State-gov,117357,Doctorate,16,Married-civ-spouse,Prof-specialty,Husband,Asian-Pac-Islander,Male,0,0,70,?,0.4003003160952837,3
43,Private,249771,HS-grad,9,Married-civ-spouse,Transport-moving,Husband,Asian-Pac-Islander,Male,0,0,99,United-States,0.4000211488313189,1
37,Private,910398,Bachelors,13,Never-married,Sales,Not-in-family,Black,Female,0,0,40,United-States,0.3996384971174294,1
22,?,31102,Some-college,10,Never-married,?,Own-child,Asian-Pac-Islander,Female,0,0,4,South,0.399299722263426,4
44,Private,52028,1st-4th,2,Married-civ-spouse,Other-service,Wife,Asian-Pac-Islander,Female,0,0,40,Vietnam,0.3992283848905944,4
72,?,75890,Some-college,10,Widowed,?,Unmarried,Asian-Pac-Islander,Female,0,0,4,United-States,0.398608959936696,5
28,?,173800,Bachelors,13,Married-spouse-absent,?,Not-in-family,Asian-Pac-Islander,Female,0,0,10,Taiwan,0.3985830935023239,5
71,Self-emp-not-inc,494223,Some-college,10,Separated,Sales,Unmarried,Black,Male,0,1816,2,United-States,0.3980492706949815,6
39,Private,70240,5th-6th,3,Married-spouse-absent,Other-service,Unmarried,Asian-Pac-Islander,Female,0,0,40,Philippines,0.39795821877261695,5
33,Self-emp-inc,139057,HS-grad,9,Married-civ-spouse,Exec-managerial,Husband,Asian-Pac-Islander,Male,0,0,84,Taiwan,0.39731565238284305,1
78,Private,180239,Masters,14,Widowed,Craft-repair,Unmarried,Asian-Pac-Islander,Male,0,0,40,South,0.39703702449553746,3
61,Private,81132,5th-6th,3,Married-civ-spouse,Handlers-cleaners,Husband,Asian-Pac-Islander,Male,7298,0,40,Philippines,0.396907706256621,5
50,Private,71898,5th-6th,3,Married-civ-spouse,Machine-op-inspct,Wife,Asian-Pac-Islander,Female,0,0,35,Philippines,0.3965013604770431,5
43,State-gov,506329,Bachelors,13,Married-civ-spouse,Prof-specialty,Husband,Asian-Pac-Islander,Male,15024,0,40,?,0.3964872550558073,4
33,Private,857532,12th,8,Never-married,Protective-serv,Own-child,Black,Male,0,0,40,United-States,0.39578018184614816,2
39,Local-gov,214284,Bachelors,13,Widowed,Prof-specialty,Unmarried,Asian-Pac-Islander,Female,0,0,10,Japan,0.3956448020884814,4
54,Private,175262,Preschool,1,Married-civ-spouse,Craft-repair,Husband,Asian-Pac-Islander,Male,0,0,40,China,0.39509440011483976,3
54,Private,816750,HS-grad,9,Married-civ-spouse,Craft-repair,Husband,White,Male,0,2051,40,United-States,0.39498974617890603,2
36,Private,247936,HS-grad,9,Married-civ-spouse,Other-service,Wife,Asian-Pac-Islander,Female,0,0,2,Taiwan,0.39422928745103003,2
51,Federal-gov,45334,Some-college,10,Married-civ-spouse,Protective-serv,Husband,Asian-Pac-Islander,Male,0,0,70,?,0.3938153731540046,5
23,Private,240049,Preschool,1,Never-married,Other-service,Not-in-family,Asian-Pac-Islander,Female,0,0,40,Laos,0.39377247114576375,3
70,Private,304570,Bachelors,13,Widowed,Machine-op-inspct,Other-relative,Asian-Pac-Islander,Male,0,0,32,Philippines,0.39358988231738945,6
42,State-gov,102343,Prof-school,15,Married-civ-spouse,Prof-specialty,Husband,Asian-Pac-Islander,Male,0,0,72,India,0.39325076601084286,2
32,Private,102986,5th-6th,3,Married-civ-spouse,Machine-op-inspct,Wife,Asian-Pac-Islander,Female,0,0,40,Laos,0.392161365026124,5
27,Private,211032,Preschool,1,Married-civ-spouse,Farming-fishing,Other-relative,White,Male,41310,0,24,Mexico,0.3919583628198757,4
39,Private,348521,Some-college,10,Married-civ-spouse,Farming-fishing,Husband,White,Male,0,2415,99,United-States,0.3919247305668321,1
18,Private,20057,7th-8th,4,Never-married,Other-service,Other-relative,Asian-Pac-Islander,Female,0,0,40,Philippines,0.39158910224257804,4
54,Private,86837,HS-grad,9,Married-civ-spouse,Craft-repair,Husband,Asian-Pac-Islander,Male,0,1902,40,United-States,0.3915423137503198,1
51,Federal-gov,223206,Doctorate,16,Married-civ-spouse,Prof-specialty,Husband,Asian-Pac-Islander,Male,15024,0,40,Vietnam,0.3909423431509794,3
45,Private,81534,HS-grad,9,Married-civ-spouse,Other-service,Husband,Asian-Pac-Islander,Male,0,0,84,Japan,0.3908091007067378,1
52,Private,310045,9th,5,Married-spouse-absent,Machine-op-inspct,Not-in-family,Asian-Pac-Islander,Female,0,0,30,China,0.39080123267443556,5
59,Private,138370,10th,6,Married-spouse-absent,Protective-serv,Not-in-family,Asian-Pac-Islander,Male,0,0,40,India,0.3906780894449906,4
39,Private,237713,Prof-school,15,Married-civ-spouse,Sales,Husband,White,Male,0,2415,99,United-States,0.39054307298143054,1
29,?,256211,1st-4th,2,Never-married,?,Own-child,Asian-Pac-Islander,Male,0,0,40,Philippines,0.39052829399071776,5
29,Private,157308,11th,7,Married-civ-spouse,Handlers-cleaners,Wife,Asian-Pac-Islander,Female,2829,0,14,Philippines,0.39050625645847536,5
57,Self-emp-inc,123053,Prof-school,15,Married-civ-spouse,Prof-specialty,Husband,Asian-Pac-Islander,Male,15024,0,50,India,0.3904123601145788,3
43,Private,128212,5th-6th,3,Married-civ-spouse,Machine-op-inspct,Wife,Asian-Pac-Islander,Female,0,0,40,Vietnam,0.3903775021273914,3
36,Private,110998,Masters,14,Widowed,Tech-support,Unmarried,Asian-Pac-Islander,Female,0,0,40,India,0.3898078633658444,2
44,Self-emp-not-inc,361280,Some-college,10,Married-civ-spouse,Sales,Husband,Asian-Pac-Islander,Male,0,0,80,Philippines,0.3897458852732384,2
18,?,51574,HS-grad,9,Never-married,?,Own-child,Asian-Pac-Islander,Female,0,1602,38,United-States,0.3896921748066855,1
67,Without-pay,137192,HS-grad,9,Married-civ-spouse,Adm-clerical,Husband,Asian-Pac-Islander,Male,0,0,12,Philippines,0.3893835344354438,3
30,State-gov,70617,Masters,14,Married-civ-spouse,Prof-specialty,Husband,Asian-Pac-Islander,Male,0,0,10,China,0.38931758410394846,2
33,Private,93206,5th-6th,3,Married-civ-spouse,Farming-fishing,Husband,Asian-Pac-Islander,Male,0,0,40,Philippines,0.38894139423217056,1
47,Private,217509,HS-grad,9,Widowed,Priv-house-serv,Not-in-family,Asian-Pac-Islander,Female,0,0,45,Thailand,0.3884700989966293,4
61,Private,43554,5th-6th,3,Never-married,Handlers-cleaners,Not-in-family,Black,Male,0,2339,40,United-States,0.38840217396082855,3
72,?,76860,HS-grad,9,Married-civ-spouse,?,Husband,Asian-Pac-Islander,Male,0,0,1,United-States,0.38816301332569614,2
27,Private,110622,5th-6th,3,Never-married,Sales,Own-child,Asian-Pac-Islander,Female,0,0,20,Vietnam,0.38812359810595654,5
64,Federal-gov,175534,Doctorate,16,Married-civ-spouse,Prof-specialty,Husband,Asian-Pac-Islander,Male,0,0,40,China,0.38784609558519423,3
31,Private,309620,Masters,14,Married-civ-spouse,Prof-specialty,Husband,Asian-Pac-Islander,Male,0,0,6,South,0.3878428565752273,1
21,Private,109414,Some-college,10,Never-married,Prof-specialty,Own-child,Asian-Pac-Islander,Male,0,1974,40,United-States,0.3872124813235387,1
35,Private,140915,Bachelors,13,Never-married,Sales,Own-child,Asian-Pac-Islander,Male,0,1590,40,South,0.38720066156461275,1
59,Private,221336,10th,6,Widowed,Other-service,Other-relative,Asian-Pac-Islander,Female,0,0,40,Philippines,0.3871782770549298,3
61,Self-emp-inc,98350,Doctorate,16,Married-civ-spouse,Exec-managerial,Husband,Asian-Pac-Islander,Male,0,0,40,Taiwan,0.3871263026015951,3
23,Private,72887,HS-grad,9,Never-married,Craft-repair,Own-child,Asian-Pac-Islander,Male,0,0,1,Vietnam,0.38704790647106024,2
52,Private,76860,HS-grad,9,Married-civ-spouse,Handlers-cleaners,Husband,Asian-Pac-Islander,Male,0,0,8,Philippines,0.3869648314328279,1
31,Private,196025,Doctorate,16,Married-spouse-absent,Prof-specialty,Not-in-family,Asian-Pac-Islander,Male,0,0,60,China,0.38668707657191603,3
33,?,182771,Bachelors,13,Never-married,?,Own-child,Asian-Pac-Islander,Male,0,0,80,Philippines,0.38668341466694256,2
25,Private,74883,Bachelors,13,Never-married,Tech-support,Not-in-family,Asian-Pac-Islander,Female,0,1092,40,Philippines,0.3863132861090486,2
28,Private,162551,7th-8th,4,Married-civ-spouse,Machine-op-inspct,Other-relative,Asian-Pac-Islander,Female,0,0,48,China,0.38603348222600176,3
21,?,123983,Some-college,10,Never-married,?,Other-relative,Asian-Pac-Islander,Male,0,0,10,Vietnam,0.385922962808936,3
42,Private,191765,HS-grad,9,Never-married,Adm-clerical,Other-relative,Black,Female,0,2339,40,Trinadad&Tobago,0.3856037495655831,2
32,Private,114746,HS-grad,9,Separated,Handlers-cleaners,Unmarried,Asian-Pac-Islander,Female,0,0,60,South,0.385179848077957,2
37,Self-emp-not-inc,352882,HS-grad,9,Divorced,Exec-managerial,Not-in-family,Asian-Pac-Islander,Female,0,0,70,South,0.38486054432578276,3
73,Private,77884,HS-grad,9,Married-civ-spouse,Farming-fishing,Husband,Asian-Pac-Islander,Male,0,0,40,Philippines,0.3847129360926611,2
31,Private,251659,Some-college,10,Married-civ-spouse,Other-service,Husband,Asian-Pac-Islander,Male,0,1485,55,?,0.38469403242960987,1
47,Private,334679,Masters,14,Separated,Machine-op-inspct,Unmarried,Asian-Pac-Islander,Female,0,0,42,India,0.3846686682016546,3
49,Private,147032,HS-grad,9,Married-civ-spouse,Other-service,Wife,Asian-Pac-Islander,Female,0,0,8,Philippines,0.38462883950441196,1
25,Private,150553,9th,5,Married-spouse-absent,Adm-clerical,Unmarried,Asian-Pac-Islander,Female,0,0,40,Vietnam,0.3845886593706992,4
31,Self-emp-inc,83748,Some-college,10,Married-civ-spouse,Exec-managerial,Wife,Asian-Pac-Islander,Female,0,0,70,South,0.3842677782787245,1
29,Private,119359,HS-grad,9,Married-civ-spouse,Prof-specialty,Wife,Asian-Pac-Islander,Female,0,0,10,China,0.38426727224799395,2
58,State-gov,110517,Doctorate,16,Married-civ-spouse,Prof-specialty,Husband,Asian-Pac-Islander,Male,4064,0,40,India,0.38422946607492225,3
45,Self-emp-inc,185497,Bachelors,13,Married-civ-spouse,Exec-managerial,Wife,Asian-Pac-Islander,Female,0,0,70,?,0.38417763789260484,2
41,?,217921,9th,5,Married-civ-spouse,?,Wife,Asian-Pac-Islander,Female,0,0,40,Hong,0.38414673549684764,5
49,Private,138370,Masters,14,Married-spouse-absent,Protective-serv,Not-in-family,Asian-Pac-Islander,Male,0,0,40,India,0.38374194714907994,2
23,?,226891,HS-grad,9,Never-married,?,Other-relative,Asian-Pac-Islander,Female,0,0,20,South,0.38352227831734564,3
37,Self-emp-not-inc,73199,Bachelors,13,Married-civ-spouse,Sales,Husband,Asian-Pac-Islander,Male,3137,0,77,Vietnam,0.3835148201043309,2
32,Private,116138,Masters,14,Never-married,Tech-support,Not-in-family,Asian-Pac-Islander,Male,0,0,11,Taiwan,0.383285658488146,1
43,Self-emp-inc,196945,HS-grad,9,Married-civ-spouse,Other-service,Husband,Asian-Pac-Islander,Male,0,0,78,Thailand,0.383177152893886,2
19,?,109938,11th,7,Married-civ-spouse,?,Wife,Asian-Pac-Islander,Female,0,0,40,Laos,0.38290759001676866,4
34,Self-emp-not-inc,198664,Bachelors,13,Married-civ-spouse,Craft-repair,Husband,Asian-Pac-Islander,Male,15024,0,70,South,0.38233731924727943,1
54,State-gov,161334,Masters,14,Married-spouse-absent,Prof-specialty,Not-in-family,Asian-Pac-Islander,Female,0,0,40,China,0.3821895909102848,3
56,State-gov,54260,Doctorate,16,Married-civ-spouse,Prof-specialty,Not-in-family,Asian-Pac-Islander,Male,2885,0,40,China,0.3821446467942038,5
66,Local-gov,362165,Bachelors,13,Widowed,Prof-specialty,Not-in-family,Black,Female,0,2206,25,United-States,0.3821077081813786,5
53,Private,97411,5th-6th,3,Married-civ-spouse,Machine-op-inspct,Husband,Asian-Pac-Islander,Male,0,0,40,Laos,0.382060350304928,3
58,Federal-gov,81973,Some-college,10,Married-civ-spouse,Tech-support,Husband,Asian-Pac-Islander,Male,0,1485,40,United-States,0.382018364133333,1
33,Private,228696,1st-4th,2,Married-civ-spouse,Craft-repair,Not-in-family,White,Male,0,2603,32,Mexico,0.3819342256773681,4
35,Private,953588,HS-grad,9,Married-civ-spouse,Exec-managerial,Wife,White,Female,0,0,40,United-States,0.38166259467276065,2
44,Private,68729,Some-college,10,Married-civ-spouse,Sales,Husband,Asian-Pac-Islander,Male,0,1902,40,United-States,0.3816129961501028,1
28,Local-gov,336543,Assoc-acdm,12,Married-civ-spouse,Protective-serv,Husband,Asian-Pac-Islander,Male,0,0,40,Hong,0.38132950564017776,2
50,Self-emp-not-inc,99894,5th-6th,3,Never-married,Tech-support,Not-in-family,Asian-Pac-Islander,Female,0,0,15,United-States,0.38117914092721095,5
55,State-gov,120781,Doctorate,16,Married-civ-spouse,Prof-specialty,Husband,Asian-Pac-Islander,Male,0,0,40,India,0.3811455306461283,2
22,?,110622,Bachelors,13,Never-married,?,Own-child,Asian-Pac-Islander,Female,0,0,15,Taiwan,0.38108734375585596,2
45,Private,172822,11th,7,Divorced,Transport-moving,Not-in-family,White,Male,0,2824,76,United-States,0.3810221308356997,2
50,Self-emp-not-inc,324506,HS-grad,9,Widowed,Exec-managerial,Unmarried,Asian-Pac-Islander,Female,0,0,48,South,0.38100965620268934,4
59,Private,333270,Masters,14,Married-civ-spouse,Craft-repair,Wife,Asian-Pac-Islander,Female,0,0,35,Philippines,0.3809797971185319,1
47,Self-emp-not-inc,171968,Bachelors,13,Widowed,Exec-managerial,Unmarried,Asian-Pac-Islander,Female,0,0,60,Thailand,0.38082675881457495,4
64,Private,256466,HS-grad,9,Married-civ-spouse,Tech-support,Husband,Asian-Pac-Islander,Male,0,0,60,Philippines,0.38078325822029846,2
37,Private,191342,1st-4th,2,Married-civ-spouse,Craft-repair,Husband,Asian-Pac-Islander,Male,0,0,40,Cambodia,0.38052845983562067,3
65,?,79272,Some-college,10,Widowed,?,Not-in-family,Asian-Pac-Islander,Female,0,0,6,United-States,0.3804344359679688,1
72,?,118902,Doctorate,16,Married-civ-spouse,?,Husband,White,Male,0,2392,6,United-States,0.3801607573615604,3
42,Private,314649,HS-grad,9,Married-spouse-absent,Handlers-cleaners,Other-relative,Asian-Pac-Islander,Male,0,0,40,?,0.3800866639358361,1
29,Local-gov,82393,HS-grad,9,Never-married,Handlers-cleaners,Unmarried,Asian-Pac-Islander,Male,0,1590,45,United-States,0.38006491610650917,1
29,Private,87507,Doctorate,16,Married-civ-spouse,Prof-specialty,Husband,Asian-Pac-Islander,Male,0,0,60,India,0.3799104183614429,3
18,?,85154,12th,8,Never-married,?,Own-child,Asian-Pac-Islander,Female,0,0,24,Germany,0.3798840197931286,5
44,Private,148138,Doctorate,16,Married-civ-spouse,Exec-managerial,Husband,Asian-Pac-Islander,Male,15024,0,40,Japan,0.3796702344726053,2
78,Private,105586,5th-6th,3,Married-civ-spouse,Transport-moving,Husband,Asian-Pac-Islander,Male,0,0,36,United-States,0.3794299498435082,4
48,Private,162096,9th,5,Married-civ-spouse,Machine-op-inspct,Other-relative,Asian-Pac-Islander,Female,0,0,45,China,0.37908475300488376,3
26,Private,130620,Assoc-acdm,12,Married-spouse-absent,Craft-repair,Other-relative,Asian-Pac-Islander,Female,0,0,40,?,0.3790717940231898,2
28,State-gov,130620,11th,7,Separated,Adm-clerical,Unmarried,Asian-Pac-Islander,Female,0,0,40,India,0.378960975345111,3
27,Private,236481,Prof-school,15,Never-married,Prof-specialty,Not-in-family,Asian-Pac-Islander,Male,0,0,10,India,0.37883967655628636,1
46,Self-emp-inc,283004,Assoc-voc,11,Divorced,Exec-managerial,Unmarried,Asian-Pac-Islander,Female,0,0,63,Thailand,0.37881460249681154,4
45,Private,88061,11th,7,Married-spouse-absent,Machine-op-inspct,Unmarried,Asian-Pac-Islander,Female,0,0,40,South,0.3785491901162613,3
33,State-gov,119628,Doctorate,16,Married-civ-spouse,Prof-specialty,Husband,Asian-Pac-Islander,Male,0,0,50,Hong,0.37830693144112626,4
42,Private,143582,7th-8th,4,Married-civ-spouse,Other-service,Other-relative,Asian-Pac-Islander,Female,0,0,48,?,0.3780317681034778,2
33,Private,72338,Prof-school,15,Married-civ-spouse,Exec-managerial,Husband,Asian-Pac-Islander,Male,0,0,65,Japan,0.37790536490068616,2
62,?,72486,HS-grad,9,Married-civ-spouse,?,Husband,Asian-Pac-Islander,Male,0,0,24,China,0.37774282929598957,1
90,Private,51744,HS-grad,9,Never-married,Other-service,Not-in-family,Black,Male,0,2206,40,United-States,0.3777267738975959,1
34,State-gov,20057,Some-college,10,Married-spouse-absent,Adm-clerical,Unmarried,Asian-Pac-Islander,Female,0,0,38,Philippines,0.3776947230920712,3
29,State-gov,214284,Masters,14,Never-married,Prof-specialty,Unmarried,Asian-Pac-Islander,Female,0,0,20,Taiwan,0.3776151087248263,1
49,Private,122066,5th-6th,3,Married-civ-spouse,Other-service,Husband,White,Male,0,2603,40,Greece,0.3776074088942363,4
63,Private,84737,7th-8th,4,Married-civ-spouse,Other-service,Husband,Asian-Pac-Islander,Male,0,0,40,South,0.3773187334939867,1
63,Private,76860,Bachelors,13,Married-civ-spouse,Protective-serv,Husband,Asian-Pac-Islander,Male,0,0,40,Philippines,0.3772990616731836,3
46,Local-gov,14878,Prof-school,15,Married-civ-spouse,Prof-specialty,Husband,Asian-Pac-Islander,Male,0,0,40,Philippines,0.3772076646076489,2
48,Private,114561,Bachelors,13,Married-spouse-absent,Prof-specialty,Other-relative,Asian-Pac-Islander,Female,0,0,36,Philippines,0.3771455187368502,3
29,State-gov,309620,Masters,14,Married-civ-spouse,Prof-specialty,Husband,Asian-Pac-Islander,Male,0,0,20,Taiwan,0.37703757197538257,1
60,Private,166386,11th,7,Married-civ-spouse,Machine-op-inspct,Wife,Asian-Pac-Islander,Female,0,0,30,Hong,0.37699937375576975,3
32,Private,857532,HS-grad,9,Never-married,Machine-op-inspct,Own-child,Black,Male,0,0,40,United-States,0.3765826510227267,1
18,Federal-gov,101709,11th,7,Never-married,Other-service,Own-child,Asian-Pac-Islander,Male,0,0,15,Philippines,0.3764283672091281,4
57,Self-emp-inc,180211,Prof-school,15,Married-civ-spouse,Prof-specialty,Husband,Asian-Pac-Islander,Male,0,0,50,Taiwan,0.3763042958314714,2
43,Federal-gov,325706,Prof-school,15,Married-civ-spouse,Prof-specialty,Husband,Asian-Pac-Islander,Male,0,0,50,India,0.3762377759114217,3
27,Private,164170,Bachelors,13,Never-married,Tech-support,Unmarried,Asian-Pac-Islander,Female,0,0,20,Philippines,0.3761464181750531,2
24,State-gov,506329,Some-college,10,Never-married,Adm-clerical,Own-child,Asian-Pac-Islander,Male,0,0,40,?,0.3761152820754857,1
36,State-gov,205555,Prof-school,15,Divorced,Prof-specialty,Own-child,Asian-Pac-Islander,Female,0,0,40,Philippines,0.37607664858920065,2
36,Self-emp-not-inc,288585,HS-grad,9,Married-civ-spouse,Other-service,Wife,Asian-Pac-Islander,Female,0,0,20,South,0.37596464546415986,2
20,Self-emp-not-inc,112137,Some-college,10,Never-married,Prof-specialty,Other-relative,Asian-Pac-Islander,Female,0,0,20,South,0.3759617496937071,2
42,Private,297335,Assoc-acdm,12,Married-spouse-absent,Exec-managerial,Unmarried,Asian-Pac-Islander,Female,0,0,31,Laos,0.3759565463814548,3
39,?,157443,Masters,14,Married-civ-spouse,?,Wife,Asian-Pac-Islander,Female,3464,0,40,?,0.37593096555510674,3
30,State-gov,137613,Masters,14,Married-civ-spouse,Prof-specialty,Husband,Asian-Pac-Islander,Male,0,0,17,Taiwan,0.37587841142257694,1
56,Private,99894,10th,6,Married-civ-spouse,Sales,Wife,Asian-Pac-Islander,Female,0,0,30,Japan,0.37580190530581326,2
26,Private,153078,HS-grad,9,Never-married,Adm-clerical,Own-child,Asian-Pac-Islander,Male,0,0,80,?,0.3757826700855077,1
55,Private,240988,9th,5,Married-civ-spouse,Machine-op-inspct,Other-relative,Asian-Pac-Islander,Male,0,0,40,Philippines,0.37563212877154684,1
35,Private,187415,5th-6th,3,Married-civ-spouse,Machine-op-inspct,Husband,Asian-Pac-Islander,Male,0,0,50,?,0.3755870210234279,1
44,Self-emp-not-inc,149943,Prof-school,15,Married-civ-spouse,Prof-specialty,Husband,Asian-Pac-Islander,Male,0,0,60,Taiwan,0.3755056052002308,1
50,Local-gov,339547,Prof-school,15,Married-civ-spouse,Adm-clerical,Husband,Asian-Pac-Islander,Male,0,0,40,Laos,0.3754580753207286,1
24,Private,22201,HS-grad,9,Married-civ-spouse,Protective-serv,Husband,Asian-Pac-Islander,Male,0,0,40,Thailand,0.37541393141262436,3
49,State-gov,133917,Doctorate,16,Married-civ-spouse,Prof-specialty,Husband,Black,Male,0,1902,60,?,0.37535150157889063,4
45,Private,281565,HS-grad,9,Widowed,Other-service,Other-relative,Asian-Pac-Islander,Female,0,0,50,South,0.37530185366200797,3
40,Private,110622,Prof-school,15,Married-civ-spouse,Adm-clerical,Other-relative,Asian-Pac-Islander,Female,0,0,40,Philippines,0.37527519109097274,1
70,?,135339,Bachelors,13,Married-civ-spouse,?,Husband,Asian-Pac-Islander,Male,0,0,40,China,0.37524040787110624,2
22,?,182387,Some-college,10,Never-married,?,Not-in-family,Asian-Pac-Islander,Female,0,0,12,Thailand,0.37522424039587776,1
31,Private,173858,Prof-school,15,Married-civ-spouse,Tech-support,Husband,Asian-Pac-Islander,Male,0,0,40,India,0.37506948600484835,1
37,Self-emp-inc,257295,Some-college,10,Married-civ-spouse,Exec-managerial,Husband,Asian-Pac-Islander,Male,0,0,75,Thailand,0.37502886658628865,1
27,?,173800,Masters,14,Never-married,?,Unmarried,Asian-Pac-Islander,Male,0,0,20,Taiwan,0.3748759163284898,3
50,Self-emp-inc,156623,Prof-school,15,Married-civ-spouse,Prof-specialty,Husband,Asian-Pac-Islander,Male,7688,0,50,Philippines,0.3745700690772644,3
22,Private,304710,Bachelors,13,Never-married,Adm-clerical,Not-in-family,Asian-Pac-Islander,Female,0,0,10,Vietnam,0.37453598610806327,2
60,Self-emp-not-inc,205246,HS-grad,9,Never-married,Exec-managerial,Not-in-family,Black,Male,0,2559,50,United-States,0.3743190337069774,2
25,Local-gov,244408,Bachelors,13,Never-married,Tech-support,Unmarried,Asian-Pac-Islander,Female,0,0,40,Vietnam,0.37429986826996464,2
22,?,148955,Some-college,10,Never-married,?,Own-child,Asian-Pac-Islander,Female,0,0,15,South,0.37425814379233246,2
57,Private,127277,Doctorate,16,Married-civ-spouse,Prof-specialty,Husband,Asian-Pac-Islander,Male,0,0,40,Taiwan,0.3742177656531963,1
38,State-gov,200289,Doctorate,16,Married-civ-spouse,Prof-specialty,Husband,Asian-Pac-Islander,Male,0,0,40,Taiwan,0.37415039261390437,2
63,Federal-gov,39181,Doctorate,16,Divorced,Exec-managerial,Not-in-family,White,Female,0,2559,60,United-States,0.37413769015541065,4
48,Local-gov,148121,Bachelors,13,Married-spouse-absent,Adm-clerical,Unmarried,Asian-Pac-Islander,Female,0,0,40,Philippines,0.3739688698782999,2
43,Self-emp-not-inc,89636,Bachelors,13,Married-civ-spouse,Sales,Wife,Asian-Pac-Islander,Female,0,0,60,South,0.37337514603627875,2
37,Private,341672,Bachelors,13,Separated,Tech-support,Not-in-family,Asian-Pac-Islander,Male,0,0,40,Philippines,0.37336417643933095,2
60,State-gov,69251,Masters,14,Married-civ-spouse,Prof-specialty,Husband,Asian-Pac-Islander,Male,0,0,38,China,0.3733176211277536,1
40,State-gov,182460,Masters,14,Married-civ-spouse,Prof-specialty,Wife,Asian-Pac-Islander,Female,0,0,38,China,0.3730906000735168,1
39,Private,86143,5th-6th,3,Married-civ-spouse,Other-service,Husband,Asian-Pac-Islander,Male,0,0,40,Philippines,0.37279234714515364,1
48,Self-emp-inc,138370,Masters,14,Married-spouse-absent,Sales,Not-in-family,Asian-Pac-Islander,Male,0,0,50,India,0.37276079820427943,2
41,Federal-gov,19914,Bachelors,13,Married-civ-spouse,Adm-clerical,Wife,Asian-Pac-Islander,Female,0,0,40,Philippines,0.3725951827524926,2
30,Private,243190,Prof-school,15,Married-civ-spouse,Prof-specialty,Husband,Asian-Pac-Islander,Male,0,0,20,India,0.37257943434200946,1
23,?,169104,Assoc-acdm,12,Never-married,?,Own-child,Asian-Pac-Islander,Male,0,0,16,Philippines,0.37257090582539676,2
30,State-gov,137613,Masters,14,Married-civ-spouse,Prof-specialty,Husband,Asian-Pac-Islander,Male,0,0,20,Taiwan,0.37241938487290915,1
50,Self-emp-inc,104849,Prof-school,15,Married-civ-spouse,Prof-specialty,Husband,Asian-Pac-Islander,Male,0,0,40,India,0.37228376128143015,1
37,Private,82283,5th-6th,3,Married-civ-spouse,Other-service,Husband,Asian-Pac-Islander,Male,0,0,40,?,0.37210925476732426,1
41,Local-gov,183224,Masters,14,Married-civ-spouse,Prof-specialty,Wife,Asian-Pac-Islander,Female,0,0,40,Taiwan,0.37200741429903816,1
50,Self-emp-not-inc,64667,HS-grad,9,Divorced,Prof-specialty,Not-in-family,Asian-Pac-Islander,Female,0,0,60,Vietnam,0.3718712199013736,2
33,State-gov,200289,Masters,14,Married-civ-spouse,Prof-specialty,Husband,Asian-Pac-Islander,Male,0,0,19,India,0.37169109026090197,1
43,Private,972354,Some-college,10,Married-civ-spouse,Other-service,Husband,White,Male,0,0,48,United-States,0.37151170103059505,2
55,Private,158702,Some-college,10,Never-married,Adm-clerical,Not-in-family,Black,Female,0,2339,45,?,0.3713318896666443,1
46,Self-emp-not-inc,275625,Bachelors,13,Divorced,Other-service,Unmarried,Asian-Pac-Islander,Female,0,0,60,South,0.37129892015911914,3
31,Private,298871,Doctorate,16,Married-civ-spouse,Prof-specialty,Husband,Asian-Pac-Islander,Male,0,0,40,China,0.3711789351249659,1
62,Self-emp-inc,137354,Masters,14,Married-civ-spouse,Prof-specialty,Husband,Asian-Pac-Islander,Male,0,0,40,South,0.3711720337145388,1
53,Private,290640,7th-8th,4,Married-civ-spouse,Craft-repair,Husband,Asian-Pac-Islander,Male,0,0,40,Vietnam,0.3709600432391268,1
56,Local-gov,216824,Prof-school,15,Married-civ-spouse,Adm-clerical,Husband,Asian-Pac-Islander,Male,0,0,40,Philippines,0.3709174162877936,1
60,Self-emp-inc,336188,Prof-school,15,Married-civ-spouse,Prof-specialty,Husband,White,Male,0,2415,80,United-States,0.370848817915148,3
70,Private,235781,Some-college,10,Divorced,Farming-fishing,Not-in-family,Asian-Pac-Islander,Male,0,0,40,Vietnam,0.37078316087280416,2
22,Private,82393,9th,5,Never-married,Handlers-cleaners,Own-child,Asian-Pac-Islander,Male,0,0,40,Philippines,0.37077757906349673,1
35,Private,320451,Masters,14,Married-civ-spouse,Exec-managerial,Husband,Asian-Pac-Islander,Male,0,0,65,Hong,0.3707075147085941,2
19,Private,86150,11th,7,Never-married,Sales,Own-child,Asian-Pac-Islander,Female,0,0,19,Philippines,0.3706918207704092,2
37,Private,37109,HS-grad,9,Married-civ-spouse,Other-service,Wife,Asian-Pac-Islander,Female,0,0,60,Philippines,0.3706681211450429,1
73,State-gov,74040,7th-8th,4,Divorced,Other-service,Not-in-family,Asian-Pac-Islander,Female,0,0,40,United-States,0.37054285924219443,3
61,Self-emp-not-inc,133969,HS-grad,9,Married-civ-spouse,Sales,Husband,Asian-Pac-Islander,Male,0,0,63,South,0.3704705202528149,1
22,Self-emp-not-inc,361280,Bachelors,13,Never-married,Prof-specialty,Own-child,Asian-Pac-Islander,Male,0,0,20,India,0.3704237973213713,2
51,?,172175,Doctorate,16,Never-married,?,Not-in-family,White,Male,0,2824,40,United-States,0.3704202091235378,2
27,State-gov,315640,Masters,14,Never-married,Prof-specialty,Not-in-family,Asian-Pac-Islander,Male,0,0,20,China,0.3703300389344618,1
55,Private,119751,Masters,14,Never-married,Prof-specialty,Other-relative,Asian-Pac-Islander,Female,0,0,40,Thailand,0.37028915810202934,2
19,Private,361341,12th,8,Never-married,Prof-specialty,Not-in-family,Asian-Pac-Islander,Female,0,0,25,Thailand,0.3701777801056456,4
23,Private,82393,9th,5,Never-married,Other-service,Own-child,Asian-Pac-Islander,Male,0,0,20,Philippines,0.37008520902217634,2
53,Self-emp-inc,135643,Bachelors,13,Married-civ-spouse,Adm-clerical,Wife,Asian-Pac-Islander,Female,0,0,50,South,0.36997686798805474,2
31,Private,136398,Doctorate,16,Married-civ-spouse,Prof-specialty,Husband,Asian-Pac-Islander,Male,0,0,50,Thailand,0.36988299132979063,3
35,Private,292472,Doctorate,16,Married-civ-spouse,Prof-specialty,Husband,Asian-Pac-Islander,Male,0,0,40,Taiwan,0.36984120617646254,1
22,Private,320451,Some-college,10,Never-married,Protective-serv,Own-child,Asian-Pac-Islander,Male,0,0,24,India,0.3696447038271975,2
48,Private,91251,7th-8th,4,Married-civ-spouse,Other-service,Husband,Asian-Pac-Islander,Male,0,0,30,China,0.36943241339511146,1
52,Private,129177,Bachelors,13,Widowed,Other-service,Not-in-family,White,Female,0,2824,20,United-States,0.36935375209761756,2
25,Private,64671,HS-grad,9,Divorced,Handlers-cleaners,Own-child,Asian-Pac-Islander,Female,0,0,40,Philippines,0.36932318448359225,1
48,Private,119471,Doctorate,16,Married-civ-spouse,Prof-specialty,Husband,Asian-Pac-Islander,Male,0,0,40,India,0.3691745634861239,1
45,Self-emp-inc,180239,Prof-school,15,Married-civ-spouse,Exec-managerial,Husband,Asian-Pac-Islander,Male,7688,0,40,?,0.36910471858836325,1
75,Self-emp-inc,81534,HS-grad,9,Widowed,Sales,Other-relative,Asian-Pac-Islander,Male,0,0,35,United-States,0.36905375942471075,4
45,Private,480717,Bachelors,13,Married-civ-spouse,Other-service,Husband,Asian-Pac-Islander,Male,0,0,38,?,0.36895766682990017,1
54,Private,135803,Bachelors,13,Married-civ-spouse,Exec-managerial,Husband,Asian-Pac-Islander,Male,15024,0,60,South,0.36893974718711986,1
33,?,152875,Bachelors,13,Married-civ-spouse,?,Wife,Asian-Pac-Islander,Female,0,0,40,China,0.36890286521790705,2
31,Private,137367,11th,7,Married-spouse-absent,Handlers-cleaners,Not-in-family,Asian-Pac-Islander,Male,0,0,40,India,0.3688765649329513,2
35,Federal-gov,35309,Bachelors,13,Never-married,Tech-support,Not-in-family,Asian-Pac-Islander,Male,0,0,28,?,0.3687306439155609,3
21,Private,112137,Some-college,10,Never-married,Prof-specialty,Other-relative,Asian-Pac-Islander,Female,0,0,20,South,0.3684576622432405,2
45,Self-emp-not-inc,216402,Prof-school,15,Married-civ-spouse,Prof-specialty,Husband,Asian-Pac-Islander,Male,0,0,50,India,0.36839700866469693,1
34,Private,88215,Masters,14,Married-civ-spouse,Prof-specialty,Wife,Asian-Pac-Islander,Female,0,0,40,China,0.36837585988728616,1
31,Private,130620,11th,7,Married-spouse-absent,Sales,Own-child,Asian-Pac-Islander,Female,0,0,40,India,0.36831103231886664,2
51,Self-emp-inc,166386,Bachelors,13,Married-civ-spouse,Exec-managerial,Wife,Asian-Pac-Islander,Female,0,0,35,Taiwan,0.3682135010674449,2
35,Private,356250,Prof-school,15,Married-civ-spouse,Sales,Husband,Asian-Pac-Islander,Male,0,0,35,China,0.3680237063026566,1
45,Private,243631,Doctorate,16,Married-civ-spouse,Prof-specialty,Husband,Asian-Pac-Islander,Male,0,0,45,China,0.3679909006754277,1
38,Local-gov,169104,Bachelors,13,Married-civ-spouse,Protective-serv,Husband,Asian-Pac-Islander,Male,0,0,40,Philippines,0.3679208217341039,2
38,Private,175360,10th,6,Never-married,Prof-specialty,Not-in-family,White,Male,0,2559,90,United-States,0.3679176366285529,2
42,Self-emp-not-inc,303044,HS-grad,9,Married-civ-spouse,Farming-fishing,Husband,Asian-Pac-Islander,Male,0,0,40,Cambodia,0.36790793275122124,1
22,Private,112137,Some-college,10,Never-married,Prof-specialty,Other-relative,Asian-Pac-Islander,Female,0,0,20,South,0.3677425884650537,2
32,Private,353994,Bachelors,13,Married-civ-spouse,Exec-managerial,Other-relative,Asian-Pac-Islander,Female,0,0,40,China,0.36764229603689735,1
45,Private,175262,9th,5,Married-civ-spouse,Handlers-cleaners,Husband,Asian-Pac-Islander,Male,0,0,40,India,0.36754162539511914,1
31,Private,379046,HS-grad,9,Never-married,Handlers-cleaners,Own-child,Asian-Pac-Islander,Female,0,0,40,Vietnam,0.3674697696553263,1
49,Private,135643,HS-grad,9,Widowed,Craft-repair,Unmarried,Asian-Pac-Islander,Female,0,0,40,South,0.3673477643294627,1
18,Self-emp-inc,119422,HS-grad,9,Never-married,Other-service,Unmarried,Asian-Pac-Islander,Female,0,0,30,India,0.367343605945202,2
23,Private,176123,HS-grad,9,Never-married,Tech-support,Other-relative,Asian-Pac-Islander,Male,0,0,40,Vietnam,0.36732718263202147,2
48,Private,118831,HS-grad,9,Divorced,Handlers-cleaners,Unmarried,Asian-Pac-Islander,Female,0,0,40,South,0.36728290335853064,1
38,Private,187870,Prof-school,15,Married-civ-spouse,Prof-specialty,Husband,White,Male,0,2415,90,United-States,0.3672757107647011,1
46,Private,137354,Masters,14,Married-civ-spouse,Tech-support,Husband,Asian-Pac-Islander,Male,0,0,40,Philippines,0.3672106338978417,1
53,Self-emp-not-inc,135339,Bachelors,13,Married-civ-spouse,Exec-managerial,Husband,Asian-Pac-Islander,Male,7688,0,20,China,0.36720637059174965,3
43,Private,158926,Masters,14,Married-civ-spouse,Prof-specialty,Wife,Asian-Pac-Islander,Female,0,0,50,South,0.3670864845931323,1
35,?,98080,Prof-school,15,Never-married,?,Not-in-family,Asian-Pac-Islander,Male,4787,0,45,Japan,0.36691828349100664,5
31,Self-emp-not-inc,162551,12th,8,Married-civ-spouse,Sales,Wife,Asian-Pac-Islander,Female,0,0,50,?,0.36691624453313987,2
36,State-gov,137421,Assoc-voc,11,Married-civ-spouse,Tech-support,Husband,Asian-Pac-Islander,Male,0,0,37,Hong,0.3668829706883746,1
42,Private,139012,Doctorate,16,Married-civ-spouse,Prof-specialty,Husband,Asian-Pac-Islander,Male,0,0,40,Taiwan,0.3668536484880266,1
45,Self-emp-not-inc,138962,Some-college,10,Married-civ-spouse,Exec-managerial,Husband,Asian-Pac-Islander,Male,0,0,72,?,0.3668356661620559,1
61,Private,29059,HS-grad,9,Divorced,Sales,Unmarried,White,Female,0,2754,25,United-States,0.36681855672276076,2
24,State-gov,147719,Masters,14,Never-married,Prof-specialty,Not-in-family,Asian-Pac-Islander,Male,0,0,20,India,0.36675033863378437,1
29,Private,162551,Masters,14,Married-civ-spouse,Prof-specialty,Wife,Asian-Pac-Islander,Female,0,0,40,Hong,0.3667200237160504,1
54,State-gov,93449,Masters,14,Married-civ-spouse,Prof-specialty,Husband,Asian-Pac-Islander,Male,0,0,40,India,0.36655813755188404,1
35,Federal-gov,20469,Some-college,10,Divorced,Exec-managerial,Unmarried,Asian-Pac-Islander,Female,0,0,40,Philippines,0.3665511670634032,2
46,?,148489,HS-grad,9,Married-spouse-absent,?,Not-in-family,Asian-Pac-Islander,Male,0,0,40,Philippines,0.3664844249459073,1
45,?,112453,HS-grad,9,Separated,?,Not-in-family,Asian-Pac-Islander,Male,0,0,4,United-States,0.3664618093561193,1
50,Private,169646,Bachelors,13,Separated,Prof-specialty,Unmarried,Asian-Pac-Islander,Female,0,0,40,Philippines,0.36623330400041887,2
52,Private,168381,HS-grad,9,Widowed,Other-service,Unmarried,Asian-Pac-Islander,Female,0,0,40,India,0.36619364614863603,1
44,Private,19914,HS-grad,9,Married-civ-spouse,Other-service,Wife,Asian-Pac-Islander,Female,0,0,50,Philippines,0.36613420258704354,1
20,Private,116666,Some-college,10,Never-married,Sales,Own-child,Asian-Pac-Islander,Male,0,0,8,India,0.36610996069618207,1
60,Self-emp-inc,226355,Assoc-voc,11,Married-civ-spouse,Machine-op-inspct,Husband,White,Male,0,2415,70,?,0.36600080793991263,1
44,Self-emp-not-inc,75065,12th,8,Married-civ-spouse,Exec-managerial,Husband,Asian-Pac-Islander,Male,0,0,60,Vietnam,0.36598314485078753,1
42,Federal-gov,158926,Assoc-acdm,12,Divorced,Prof-specialty,Unmarried,Asian-Pac-Islander,Female,0,0,40,Philippines,0.3658542945707297,2
40,Private,220977,Doctorate,16,Married-civ-spouse,Exec-managerial,Husband,Asian-Pac-Islander,Male,3103,0,40,India,0.3657804056895103,1
37,Federal-gov,81853,HS-grad,9,Divorced,Prof-specialty,Unmarried,Asian-Pac-Islander,Female,0,0,40,?,0.36558710389167526,1
72,Private,74141,9th,5,Married-civ-spouse,Exec-managerial,Wife,Asian-Pac-Islander,Female,0,0,48,United-States,0.36554974564311515,2
52,Self-emp-not-inc,63004,Masters,14,Married-civ-spouse,Exec-managerial,Husband,Asian-Pac-Islander,Male,0,0,40,Philippines,0.3655229866860752,1
20,Private,178469,HS-grad,9,Never-married,Other-service,Own-child,Asian-Pac-Islander,Female,0,0,15,?,0.36540579991722577,2
27,Private,156516,Some-college,10,Married-civ-spouse,Adm-clerical,Wife,Black,Female,0,2377,20,United-States,0.3653668657074992,1
23,Private,168009,10th,6,Married-civ-spouse,Machine-op-inspct,Own-child,Asian-Pac-Islander,Female,0,0,40,Vietnam,0.3651722543139738,1
24,Private,86745,Bachelors,13,Married-civ-spouse,Prof-specialty,Other-relative,Asian-Pac-Islander,Female,0,0,40,Philippines,0.3651051966868941,1
28,Private,70240,HS-grad,9,Married-spouse-absent,Other-service,Not-in-family,Asian-Pac-Islander,Female,0,0,40,Philippines,0.3650976713405061,1
50,Private,135643,HS-grad,9,Married-civ-spouse,Machine-op-inspct,Other-relative,Asian-Pac-Islander,Female,0,0,40,China,0.3649943772365183,1
61,Private,80896,Masters,14,Married-civ-spouse,Prof-specialty,Husband,Asian-Pac-Islander,Male,0,0,45,India,0.36498209415441496,1
41,State-gov,518030,Bachelors,13,Never-married,Protective-serv,Not-in-family,Black,Male,0,1590,40,Puerto-Rico,0.3649786019602851,5
39,Private,341672,Assoc-voc,11,Married-civ-spouse,Tech-support,Husband,Asian-Pac-Islander,Male,0,0,40,Philippines,0.3648682461445837,1
34,Private,160261,HS-grad,9,Never-married,Tech-support,Own-child,Asian-Pac-Islander,Male,14084,0,35,China,0.3648658262642577,2
65,?,106910,11th,7,Divorced,?,Not-in-family,Asian-Pac-Islander,Female,0,0,15,United-States,0.364720617496621,2
48,Private,238360,Bachelors,13,Separated,Adm-clerical,Unmarried,Asian-Pac-Islander,Female,0,0,40,Philippines,0.3647140195877271,2
47,Private,120781,Masters,14,Married-civ-spouse,Exec-managerial,Husband,Asian-Pac-Islander,Male,15024,0,40,?,0.3646961973584132,1
39,Federal-gov,110622,Bachelors,13,Married-civ-spouse,Adm-clerical,Wife,Asian-Pac-Islander,Female,0,0,40,Philippines,0.364652492767798,1
33,Private,143582,HS-grad,9,Separated,Other-service,Unmarried,Asian-Pac-Islander,Female,0,0,48,China,0.3646216209806945,2
29,Private,130620,Some-college,10,Married-spouse-absent,Sales,Own-child,Asian-Pac-Islander,Female,0,0,26,India,0.3645720027362245,2
19,Private,165306,Some-college,10,Never-married,Tech-support,Other-relative,Asian-Pac-Islander,Male,0,0,40,Vietnam,0.36456229536026663,2
40,Private,121956,Bachelors,13,Married-spouse-absent,Prof-specialty,Not-in-family,Asian-Pac-Islander,Male,13550,0,40,Cambodia,0.36443648531759065,4
52,Private,126978,HS-grad,9,Married-civ-spouse,Machine-op-inspct,Wife,Asian-Pac-Islander,Female,0,0,40,China,0.36442734348458916,1
37,Private,188576,Doctorate,16,Married-civ-spouse,Prof-specialty,Husband,Asian-Pac-Islander,Male,0,0,40,?,0.36438249697083447,1
27,Private,52028,Bachelors,13,Married-civ-spouse,Exec-managerial,Wife,Asian-Pac-Islander,Female,0,0,40,South,0.3643609707863532,1
46,Private,98350,10th,6,Married-spouse-absent,Other-service,Not-in-family,Asian-Pac-Islander,Male,0,0,37,China,0.36433442553304574,2
49,Private,176341,Bachelors,13,Never-married,Tech-support,Unmarried,Asian-Pac-Islander,Female,0,0,40,India,0.36428563791766533,2
54,Self-emp-inc,304570,Bachelors,13,Married-civ-spouse,Machine-op-inspct,Husband,Asian-Pac-Islander,Male,7688,0,40,?,0.36420767675379406,1
40,Self-emp-not-inc,162312,HS-grad,9,Married-civ-spouse,Craft-repair,Husband,Asian-Pac-Islander,Male,0,0,66,South,0.3641028085096345,1
60,Private,85995,Masters,14,Married-civ-spouse,Adm-clerical,Husband,Asian-Pac-Islander,Male,0,0,50,South,0.36393463773445633,2
26,State-gov,203279,Prof-school,15,Never-married,Prof-specialty,Not-in-family,Asian-Pac-Islander,Male,2463,0,50,India,0.3639302327704391,3
23,Private,154210,Some-college,10,Never-married,Adm-clerical,Other-relative,Asian-Pac-Islander,Male,0,0,14,Puerto-Rico,0.3639209847906296,1
49,Private,97411,7th-8th,4,Never-married,Machine-op-inspct,Not-in-family,Asian-Pac-Islander,Male,0,0,45,Laos,0.3638826739120128,3
44,Self-emp-not-inc,156687,HS-grad,9,Married-civ-spouse,Farming-fishing,Husband,Asian-Pac-Islander,Male,0,0,42,Japan,0.36382251754150685,2
25,Private,110978,Assoc-acdm,12,Married-civ-spouse,Adm-clerical,Wife,Asian-Pac-Islander,Female,0,0,37,India,0.3635030471934837,1
39,Private,165235,Bachelors,13,Separated,Prof-specialty,Unmarried,Asian-Pac-Islander,Female,0,0,40,Philippines,0.36349880526721456,1
53,Private,166386,Bachelors,13,Married-civ-spouse,Machine-op-inspct,Wife,Asian-Pac-Islander,Female,0,0,40,China,0.36336346260315444,2
45,Private,77927,Bachelors,13,Widowed,Other-service,Own-child,Asian-Pac-Islander,Female,0,0,40,Philippines,0.3633478547471012,2
48,Private,307440,Bachelors,13,Married-civ-spouse,Tech-support,Husband,Asian-Pac-Islander,Male,0,0,45,Philippines,0.36334686954833095,2
42,Private,186376,Bachelors,13,Married-civ-spouse,Other-service,Husband,Asian-Pac-Islander,Male,0,0,72,Philippines,0.3632206758415938,1
36,Local-gov,130620,HS-grad,9,Married-civ-spouse,Adm-clerical,Wife,Asian-Pac-Islander,Female,0,0,40,China,0.36317838714168293,1
65,Private,255386,HS-grad,9,Never-married,Craft-repair,Other-relative,Asian-Pac-Islander,Male,0,0,40,Cambodia,0.3631063095356366,2
41,Private,173858,7th-8th,4,Married-civ-spouse,Craft-repair,Husband,Asian-Pac-Islander,Male,0,0,40,China,0.36299045774200156,1
35,Self-emp-inc,79586,Masters,14,Married-civ-spouse,Prof-specialty,Husband,Asian-Pac-Islander,Male,0,0,40,India,0.3629484601326015,1
46,Private,45363,Prof-school,15,Divorced,Prof-specialty,Not-in-family,White,Male,0,2824,40,United-States,0.36292263522828094,2
29,Private,123677,HS-grad,9,Married-civ-spouse,Machine-op-inspct,Wife,Asian-Pac-Islander,Female,0,0,40,Laos,0.36276569662792235,1
27,Private,74883,Bachelors,13,Never-married,Tech-support,Not-in-family,Asian-Pac-Islander,Female,0,0,40,Philippines,0.36273627362265004,1
50,Private,221336,HS-grad,9,Divorced,Adm-clerical,Other-relative,Asian-Pac-Islander,Female,0,0,40,Philippines,0.3627253853126159,2
53,Private,608184,Bachelors,13,Married-civ-spouse,Exec-managerial,Husband,Black,Male,0,1902,40,United-States,0.3626853878781261,1
44,Private,889965,HS-grad,9,Married-civ-spouse,Handlers-cleaners,Wife,White,Female,3137,0,30,United-States,0.3626197063936486,1
37,Private,147638,Bachelors,13,Separated,Other-service,Unmarried,Asian-Pac-Islander,Female,0,0,36,Philippines,0.3626079384460622,2
27,Private,154210,11th,7,Married-spouse-absent,Sales,Own-child,Asian-Pac-Islander,Male,0,0,35,India,0.36258011834203907,2
32,Private,136204,Masters,14,Separated,Exec-managerial,Not-in-family,White,Male,0,2824,55,United-States,0.3624553588709917,2
38,State-gov,125499,Bachelors,13,Married-civ-spouse,Prof-specialty,Husband,Asian-Pac-Islander,Male,7688,0,60,India,0.3624171315987451,1
60,Local-gov,98350,Some-college,10,Married-civ-spouse,Other-service,Husband,Asian-Pac-Islander,Male,0,0,60,Philippines,0.3622987452499108,1
54,?,180211,Some-college,10,Married-civ-spouse,?,Husband,Asian-Pac-Islander,Male,0,0,60,South,0.36211467484960946,1
24,?,311949,HS-grad,9,Never-married,?,Not-in-family,Asian-Pac-Islander,Female,0,0,45,?,0.36203176119237923,2
17,?,659273,11th,7,Never-married,?,Own-child,Black,Female,0,0,40,Trinadad&Tobago,0.3619746049426291,4
30,Private,243841,HS-grad,9,Divorced,Other-service,Other-relative,Asian-Pac-Islander,Female,0,0,40,South,0.36188534217513824,2
28,Private,239539,HS-grad,9,Married-spouse-absent,Machine-op-inspct,Own-child,Asian-Pac-Islander,Male,0,0,40,Philippines,0.3618610249435784,1
17,?,110998,Some-college,10,Never-married,?,Own-child,Asian-Pac-Islander,Female,0,0,40,Philippines,0.36182105883862736,1
27,Private,230959,Bachelors,13,Never-married,Tech-support,Own-child,Asian-Pac-Islander,Female,0,0,40,Philippines,0.36181604606807827,2
24,State-gov,27939,Some-college,10,Married-civ-spouse,Other-service,Husband,Asian-Pac-Islander,Male,0,0,24,?,0.36174902694211775,1
40,Local-gov,289403,7th-8th,4,Married-civ-spouse,Craft-repair,Husband,Black,Male,0,1887,40,?,0.3615327138745532,1
20,Private,70240,HS-grad,9,Never-married,Sales,Own-child,Asian-Pac-Islander,Female,0,0,24,Philippines,0.3614672221676085,1
69,Private,113035,1st-4th,2,Widowed,Priv-house-serv,Not-in-family,Black,Female,0,0,4,United-States,0.3614479687476817,5
33,Private,122612,HS-grad,9,Married-spouse-absent,Other-service,Not-in-family,Asian-Pac-Islander,Female,0,0,35,Thailand,0.36144738463660675,1
43,Private,361280,10th,6,Married-civ-spouse,Craft-repair,Husband,Asian-Pac-Islander,Male,0,0,42,China,0.3614142213643603,1
50,Self-emp-inc,302708,Bachelors,13,Married-civ-spouse,Exec-managerial,Husband,Asian-Pac-Islander,Male,7688,0,50,Japan,0.3613677596464864,2
50,Self-emp-inc,120781,Bachelors,13,Married-civ-spouse,Sales,Husband,Asian-Pac-Islander,Male,0,0,60,South,0.3612961713866164,2
30,Private,158200,Prof-school,15,Never-married,Prof-specialty,Own-child,Asian-Pac-Islander,Female,0,0,40,?,0.3612647168134333,1
42,Private,157443,Bachelors,13,Married-civ-spouse,Prof-specialty,Wife,Asian-Pac-Islander,Female,0,0,27,Taiwan,0.3612376709764138,1
40,Private,173858,7th-8th,4,Married-civ-spouse,Other-service,Husband,Asian-Pac-Islander,Male,0,0,42,Cambodia,0.36122360686914845,1
33,?,163003,HS-grad,9,Divorced,?,Not-in-family,Asian-Pac-Islander,Female,0,0,41,China,0.3610688816841251,1
30,Self-emp-not-inc,116666,Masters,14,Divorced,Prof-specialty,Not-in-family,Asian-Pac-Islander,Male,0,0,50,India,0.3608634796163922,2
30,Private,176123,10th,6,Never-married,Machine-op-inspct,Other-relative,Asian-Pac-Islander,Male,0,0,40,Vietnam,0.36082029445487995,1
32,Private,74883,Bachelors,13,Never-married,Tech-support,Not-in-family,Asian-Pac-Islander,Female,0,0,40,Philippines,0.36081702541811667,1
62,Private,272209,HS-grad,9,Divorced,Priv-house-serv,Unmarried,Black,Female,0,0,99,United-States,0.36081486649462025,3
23,Private,244408,Some-college,10,Never-married,Adm-clerical,Other-relative,Asian-Pac-Islander,Female,0,0,24,Vietnam,0.3607918810937266,1
57,Private,317847,Masters,14,Divorced,Exec-managerial,Not-in-family,White,Male,0,2824,50,United-States,0.3607883065477214,2
29,Private,320451,HS-grad,9,Never-married,Protective-serv,Not-in-family,Asian-Pac-Islander,Male,0,0,40,Philippines,0.3607859911876795,2
27,?,190650,Bachelors,13,Never-married,?,Unmarried,Asian-Pac-Islander,Male,0,0,25,Philippines,0.3606010888668566,2
34,Self-emp-not-inc,306982,Bachelors,13,Married-civ-spouse,Sales,Husband,Asian-Pac-Islander,Male,0,0,60,South,0.36051137445733383,2
23,?,243190,Some-college,10,Never-married,?,Own-child,Asian-Pac-Islander,Male,0,0,20,China,0.36050980286451595,1
38,Private,197711,10th,6,Divorced,Machine-op-inspct,Not-in-family,Asian-Pac-Islander,Female,0,0,40,Portugal,0.36050764301444205,2
37,?,122265,HS-grad,9,Divorced,?,Not-in-family,Asian-Pac-Islander,Female,0,0,42,?,0.3604440108001681,1
45,Self-emp-not-inc,182677,HS-grad,9,Married-spouse-absent,Craft-repair,Not-in-family,Asian-Pac-Islander,Male,0,0,40,Thailand,0.36031942427250707,1
90,Private,52386,Bachelors,13,Never-married,Prof-specialty,Not-in-family,Asian-Pac-Islander,Male,0,0,40,United-States,0.3602986472639418,2
35,Private,143589,Bachelors,13,Married-spouse-absent,Prof-specialty,Not-in-family,Asian-Pac-Islander,Female,0,0,40,Philippines,0.3602804429014609,1
41,Private,291965,Some-college,10,Never-married,Tech-support,Unmarried,Asian-Pac-Islander,Female,0,0,40,Philippines,0.3602114561987316,1
37,Federal-gov,22201,Bachelors,13,Married-civ-spouse,Adm-clerical,Husband,Asian-Pac-Islander,Male,7298,0,40,Philippines,0.3601658108505207,2
23,Private,106957,11th,7,Never-married,Craft-repair,Own-child,Asian-Pac-Islander,Male,14344,0,40,Vietnam,0.35994566643331016,2
24,Private,281221,Bachelors,13,Never-married,Adm-clerical,Other-relative,Asian-Pac-Islander,Female,0,0,40,Taiwan,0.35984383327624525,1
53,Private,70387,Masters,14,Married-civ-spouse,Prof-specialty,Husband,Asian-Pac-Islander,Male,4386,0,40,India,0.3597073192958471,1
34,Private,122612,Bachelors,13,Married-civ-spouse,Other-service,Wife,Asian-Pac-Islander,Female,7688,0,50,Philippines,0.3596488355636961,2
36,Private,154835,HS-grad,9,Separated,Adm-clerical,Own-child,Asian-Pac-Islander,Female,0,0,40,Philippines,0.3596313686377215,1
36,Private,152744,Bachelors,13,Divorced,Sales,Other-relative,Asian-Pac-Islander,Female,0,0,40,South,0.35961268101962285,2
37,Private,130620,12th,8,Married-civ-spouse,Sales,Wife,Asian-Pac-Islander,Female,0,0,33,?,0.3596088183862335,1
66,Private,180211,Bachelors,13,Married-civ-spouse,Craft-repair,Husband,Asian-Pac-Islander,Male,0,0,30,Philippines,0.35959832071968245,1
61,Private,270056,HS-grad,9,Divorced,Adm-clerical,Not-in-family,Asian-Pac-Islander,Female,0,0,40,Japan,0.3595033640310794,2
23,Private,184400,10th,6,Never-married,Transport-moving,Own-child,Asian-Pac-Islander,Male,0,0,30,?,0.3594339122154141,2
43,Self-emp-not-inc,355856,Bachelors,13,Married-civ-spouse,Exec-managerial,Husband,Asian-Pac-Islander,Male,0,0,50,Philippines,0.3593728423937861,2
32,Private,31740,Masters,14,Married-civ-spouse,Prof-specialty,Husband,Asian-Pac-Islander,Male,0,0,40,India,0.35935987163090666,1
27,Private,207352,Bachelors,13,Married-civ-spouse,Tech-support,Husband,Asian-Pac-Islander,Male,0,0,40,India,0.35922234753272253,1
40,Private,177027,Bachelors,13,Married-civ-spouse,Other-service,Wife,Asian-Pac-Islander,Female,7688,0,52,Japan,0.3591647457303353,2
50,Self-emp-not-inc,131982,HS-grad,9,Married-civ-spouse,Other-service,Husband,Asian-Pac-Islander,Male,0,0,60,South,0.3591645201991136,1
28,Private,375313,HS-grad,9,Married-civ-spouse,Machine-op-inspct,Husband,Asian-Pac-Islander,Male,0,0,40,Philippines,0.35911190634538237,1
48,Self-emp-not-inc,167918,Masters,14,Married-civ-spouse,Sales,Husband,Asian-Pac-Islander,Male,0,0,50,India,0.35901496949500467,2
24,Private,123983,11th,7,Married-civ-spouse,Transport-moving,Husband,Asian-Pac-Islander,Male,0,0,40,Vietnam,0.35894767109563774,1
59,Self-emp-inc,107287,10th,6,Widowed,Exec-managerial,Unmarried,White,Female,0,2559,50,United-States,0.35892173564966123,4
26,Private,133756,HS-grad,9,Divorced,Farming-fishing,Not-in-family,Asian-Pac-Islander,Male,0,0,40,Philippines,0.35880202278628703,1
38,Self-emp-not-inc,176657,Some-college,10,Separated,Sales,Not-in-family,Asian-Pac-Islander,Male,0,0,60,Japan,0.3587759635790079,2
45,Private,261278,Bachelors,13,Married-civ-spouse,Prof-specialty,Wife,Asian-Pac-Islander,Female,5178,0,40,Philippines,0.3587163731626384,1
40,Private,137421,HS-grad,9,Married-civ-spouse,Transport-moving,Husband,Asian-Pac-Islander,Male,0,0,60,Trinadad&Tobago,0.3586028749629653,1
31,?,86143,HS-grad,9,Married-civ-spouse,?,Husband,Asian-Pac-Islander,Male,0,0,40,Philippines,0.35831488631210606,1
19,Private,150553,Some-college,10,Never-married,Sales,Own-child,Asian-Pac-Islander,Female,0,0,18,Philippines,0.35824748231808967,2
43,Self-emp-inc,140988,Bachelors,13,Married-civ-spouse,Sales,Other-relative,Asian-Pac-Islander,Male,0,0,45,India,0.3582434500825509,2
33,State-gov,79440,Masters,14,Never-married,Prof-specialty,Not-in-family,Asian-Pac-Islander,Male,0,0,30,Japan,0.35819455754523843,1
41,Private,126850,Prof-school,15,Married-civ-spouse,Adm-clerical,Husband,Asian-Pac-Islander,Male,0,0,40,Philippines,0.3581476901582006,1
56,Local-gov,305767,HS-grad,9,Married-civ-spouse,Other-service,Husband,Asian-Pac-Islander,Male,0,0,40,China,0.3581471280438929,2
55,Private,76860,HS-grad,9,Married-civ-spouse,Other-service,Other-relative,Asian-Pac-Islander,Male,0,0,40,Philippines,0.3581130404752333,1
26,?,375313,Some-college,10,Never-married,?,Own-child,Asian-Pac-Islander,Male,0,0,40,Philippines,0.3580727699264885,1
36,Private,80743,HS-grad,9,Married-civ-spouse,Other-service,Wife,Asian-Pac-Islander,Female,0,0,40,South,0.358027586434838,1
29,Private,143582,HS-grad,9,Married-civ-spouse,Adm-clerical,Wife,Asian-Pac-Islander,Female,0,0,35,Vietnam,0.3580228033690004,1
31,Private,341672,Bachelors,13,Married-civ-spouse,Adm-clerical,Husband,Asian-Pac-Islander,Male,0,0,60,India,0.3579417153544876,1
31,Private,163003,Assoc-acdm,12,Never-married,Prof-specialty,Other-relative,Asian-Pac-Islander,Female,0,0,40,Philippines,0.3579328243235711,1
30,Private,285295,Bachelors,13,Married-civ-spouse,Other-service,Wife,Asian-Pac-Islander,Female,0,0,40,Philippines,0.35788636828989084,2
24,Private,303296,Some-college,10,Married-civ-spouse,Adm-clerical,Wife,Asian-Pac-Islander,Female,0,0,40,Laos,0.35786176725063734,1
35,Private,176123,10th,6,Married-civ-spouse,Other-service,Husband,Asian-Pac-Islander,Male,0,0,60,India,0.3578424899187723,1
43,Self-emp-inc,82488,Bachelors,13,Married-civ-spouse,Sales,Own-child,Asian-Pac-Islander,Female,0,0,40,Philippines,0.35782599566942064,2
54,Private,225599,Masters,14,Married-civ-spouse,Prof-specialty,Husband,Asian-Pac-Islander,Male,7298,0,40,India,0.3578036496106989,1
36,Private,247600,Assoc-acdm,12,Divorced,Exec-managerial,Unmarried,Asian-Pac-Islander,Female,0,0,40,Taiwan,0.35779468944536996,1
39,Private,301867,Bachelors,13,Divorced,Adm-clerical,Not-in-family,Asian-Pac-Islander,Female,0,0,24,Philippines,0.3577589445641073,1
55,Self-emp-inc,124137,Prof-school,15,Married-civ-spouse,Prof-specialty,Husband,White,Male,0,2415,35,Greece,0.3577361093868541,3
53,Private,224894,5th-6th,3,Married-civ-spouse,Priv-house-serv,Wife,Black,Female,0,0,10,Haiti,0.3576663414049731,6
47,Private,133969,Bachelors,13,Married-civ-spouse,Exec-managerial,Husband,Asian-Pac-Islander,Male,2885,0,65,Japan,0.35764769856818135,2
31,Private,279015,Masters,14,Married-civ-spouse,Exec-managerial,Husband,White,Male,0,2415,70,Taiwan,0.35740255447942815,1
36,Private,130620,Bachelors,13,Married-civ-spouse,Prof-specialty,Wife,Asian-Pac-Islander,Female,0,0,35,Philippines,0.357258714146391,1
63,Private,68872,HS-grad,9,Married-civ-spouse,Transport-moving,Wife,Asian-Pac-Islander,Female,0,0,20,United-States,0.3572355682049424,1
27,Private,298635,Masters,14,Married-civ-spouse,Prof-specialty,Husband,Asian-Pac-Islander,Male,0,0,40,Hong,0.35713880440107415,1
53,Private,83434,Bachelors,13,Never-married,Other-service,Not-in-family,Asian-Pac-Islander,Female,0,0,21,Japan,0.357087476876628,2
25,Private,149943,HS-grad,9,Never-married,Other-service,Other-relative,Asian-Pac-Islander,Male,4101,0,60,?,0.35706056431518407,1
47,Self-emp-not-inc,162924,Bachelors,13,Divorced,Exec-managerial,Not-in-family,Asian-Pac-Islander,Male,0,0,60,Japan,0.3570543521012297,2
21,?,180303,Bachelors,13,Never-married,?,Not-in-family,Asian-Pac-Islander,Male,0,0,25,?,0.35701039960227376,2
66,Self-emp-not-inc,427422,Doctorate,16,Married-civ-spouse,Sales,Husband,White,Male,0,2377,25,United-States,0.35698627872324695,2
57,Local-gov,148509,Bachelors,13,Married-civ-spouse,Prof-specialty,Husband,Asian-Pac-Islander,Male,0,0,35,India,0.3569375456670869,1
41,Private,79797,HS-grad,9,Married-spouse-absent,Prof-specialty,Not-in-family,Asian-Pac-Islander,Male,0,0,40,Japan,0.3568564268019414,1
39,Private,258276,Bachelors,13,Married-civ-spouse,Tech-support,Husband,Asian-Pac-Islander,Male,3137,0,40,?,0.3568145117796857,1
28,Private,164170,Assoc-voc,11,Married-civ-spouse,Adm-clerical,Wife,Asian-Pac-Islander,Female,0,0,40,India,0.3568134262860678,1
23,Local-gov,162551,Bachelors,13,Never-married,Prof-specialty,Own-child,Asian-Pac-Islander,Female,0,0,35,China,0.3568096838814394,1
26,Private,160261,Masters,14,Never-married,Prof-specialty,Not-in-family,Asian-Pac-Islander,Male,0,0,20,India,0.3568073214748658,1
41,Private,116379,Masters,14,Married-civ-spouse,Prof-specialty,Husband,Asian-Pac-Islander,Male,0,0,55,Taiwan,0.3567217332266075,1
31,Private,147284,Doctorate,16,Married-civ-spouse,Prof-specialty,Husband,White,Male,0,1977,99,United-States,0.35663558029952414,2
26,State-gov,147719,Bachelors,13,Never-married,Prof-specialty,Not-in-family,Asian-Pac-Islander,Male,0,0,20,India,0.3564749737427516,1
50,Self-emp-not-inc,221336,Some-college,10,Divorced,Exec-managerial,Unmarried,Asian-Pac-Islander,Female,0,0,40,?,0.3564546602360851,2
24,?,172152,Bachelors,13,Never-married,?,Not-in-family,Asian-Pac-Islander,Male,0,0,25,Taiwan,0.3564482245528455,2
31,Private,167725,Bachelors,13,Married-civ-spouse,Prof-specialty,Husband,Asian-Pac-Islander,Male,15024,0,48,Philippines,0.3562633460062933,1
26,Private,147638,Bachelors,13,Never-married,Adm-clerical,Other-relative,Asian-Pac-Islander,Female,0,0,40,Hong,0.35623169920058073,1
66,Private,244661,Bachelors,13,Married-civ-spouse,Adm-clerical,Husband,Asian-Pac-Islander,Male,0,0,40,Philippines,0.35622244676545445,1
30,?,203834,Bachelors,13,Never-married,?,Not-in-family,Asian-Pac-Islander,Female,0,0,50,Taiwan,0.3562172180805333,2
26,Private,149943,HS-grad,9,Never-married,Other-service,Other-relative,Asian-Pac-Islander,Male,0,0,60,?,0.3560938224542841,1
42,Self-emp-inc,96509,Some-college,10,Married-civ-spouse,Exec-managerial,Husband,Asian-Pac-Islander,Male,0,0,60,Taiwan,0.35608262751430164,1
57,Private,41762,HS-grad,9,Married-civ-spouse,Craft-repair,Husband,Asian-Pac-Islander,Male,0,0,40,South,0.35589427788518235,2
43,Private,95634,Bachelors,13,Married-civ-spouse,Other-service,Wife,Asian-Pac-Islander,Female,0,0,45,?,0.35572318915918666,2
27,Private,147638,Bachelors,13,Never-married,Adm-clerical,Other-relative,Asian-Pac-Islander,Female,0,0,40,Hong,0.35571348576927586,1
39,Self-emp-not-inc,315640,Bachelors,13,Never-married,Sales,Own-child,Asian-Pac-Islander,Male,0,0,60,Iran,0.3556415664843394,2
48,Private,350440,Some-college,10,Married-civ-spouse,Craft-repair,Other-relative,Asian-Pac-Islander,Male,0,0,40,Cambodia,0.3555819531154776,1
22,Private,117747,Some-college,10,Never-married,Craft-repair,Other-relative,Asian-Pac-Islander,Female,0,0,40,Vietnam,0.3555630526486043,1
54,Private,337992,Bachelors,13,Married-civ-spouse,Exec-managerial,Husband,Asian-Pac-Islander,Male,0,0,50,Japan,0.35545752940182074,2
29,Local-gov,123983,Masters,14,Never-married,Prof-specialty,Own-child,Asian-Pac-Islander,Male,0,0,40,Taiwan,0.3554392819694775,1
25,Local-gov,124483,Bachelors,13,Never-married,Adm-clerical,Not-in-family,Asian-Pac-Islander,Male,0,0,20,India,0.3554385970738603,1
51,Private,123053,Masters,14,Married-civ-spouse,Prof-specialty,Husband,Asian-Pac-Islander,Male,5013,0,40,India,0.3553924913740144,1
30,Private,165235,Bachelors,13,Married-civ-spouse,Adm-clerical,Wife,Asian-Pac-Islander,Female,0,0,40,Philippines,0.3552586596998726,1
62,Private,77884,HS-grad,9,Married-civ-spouse,Sales,Husband,Asian-Pac-Islander,Male,0,0,40,Philippines,0.35525461732842845,2
45,Private,304570,Bachelors,13,Married-civ-spouse,Exec-managerial,Husband,Asian-Pac-Islander,Male,0,0,60,China,0.35517917617015093,1
25,Private,226891,Assoc-voc,11,Never-married,Other-service,Other-relative,Asian-Pac-Islander,Female,0,0,40,?,0.355079543926237,1
54,Self-emp-not-inc,121761,HS-grad,9,Married-civ-spouse,Exec-managerial,Husband,Asian-Pac-Islander,Male,0,0,50,?,0.35502352348868393,2
29,Private,77009,11th,7,Separated,Sales,Not-in-family,White,Female,0,2754,42,United-States,0.35502323973046457,2
44,Private,159297,HS-grad,9,Married-civ-spouse,Exec-managerial,Wife,Asian-Pac-Islander,Female,0,0,40,?,0.3550111559993969,1
28,Self-emp-not-inc,123983,Some-college,10,Married-civ-spouse,Sales,Own-child,Asian-Pac-Islander,Male,0,0,63,South,0.3549836586058086,2
47,Private,93449,HS-grad,9,Married-civ-spouse,Craft-repair,Husband,Asian-Pac-Islander,Male,0,0,60,Japan,0.35484468899597643,1
25,Private,458549,1st-4th,2,Married-civ-spouse,Farming-fishing,Husband,White,Male,0,0,96,Mexico,0.3548270980824876,3
32,Private,288229,Some-college,10,Married-civ-spouse,Sales,Other-relative,Asian-Pac-Islander,Female,0,0,40,Greece,0.354765938937436,1
30,Private,122889,Masters,14,Married-civ-spouse,Prof-specialty,Husband,Asian-Pac-Islander,Male,0,0,50,India,0.3547184972595562,2
38,Self-emp-not-inc,164526,Prof-school,15,Never-married,Prof-specialty,Not-in-family,White,Male,0,2824,45,United-States,0.35471674723117896,2
60,Private,276009,HS-grad,9,Married-civ-spouse,Other-service,Husband,Asian-Pac-Islander,Male,0,0,30,Philippines,0.3547059577265792,1
38,Private,320451,Masters,14,Married-civ-spouse,Prof-specialty,Husband,Asian-Pac-Islander,Male,0,0,40,?,0.3546789861993441,1
50,Private,160724,Masters,14,Married-civ-spouse,Exec-managerial,Husband,Asian-Pac-Islander,Male,7298,0,40,Philippines,0.3546067721053111,1
29,Private,193260,Bachelors,13,Married-civ-spouse,Craft-repair,Other-relative,Asian-Pac-Islander,Male,0,0,30,India,0.35460134011331335,1
36,Private,162312,HS-grad,9,Never-married,Craft-repair,Not-in-family,Asian-Pac-Islander,Male,0,0,70,South,0.3545521321412094,1
49,Private,104455,Bachelors,13,Married-spouse-absent,Other-service,Not-in-family,Asian-Pac-Islander,Male,0,0,40,Philippines,0.3544802068243028,2
26,Private,137367,Some-college,10,Never-married,Handlers-cleaners,Other-relative,Asian-Pac-Islander,Male,0,0,44,Philippines,0.35437412002932756,1
29,State-gov,71592,Some-college,10,Never-married,Adm-clerical,Unmarried,Asian-Pac-Islander,Female,0,0,40,Philippines,0.3543561434749891,1
32,Self-emp-not-inc,180303,Bachelors,13,Divorced,Craft-repair,Unmarried,Asian-Pac-Islander,Male,0,0,47,Iran,0.3543384523067107,2
72,Self-emp-not-inc,52138,Doctorate,16,Married-civ-spouse,Prof-specialty,Husband,White,Male,0,2392,25,United-States,0.3543023743565513,2
81,Self-emp-not-inc,123959,Bachelors,13,Widowed,Prof-specialty,Not-in-family,White,Female,0,1668,3,Hungary,0.3542867351839596,3
39,Private,72338,Masters,14,Married-civ-spouse,Prof-specialty,Husband,Asian-Pac-Islander,Male,0,0,40,Philippines,0.3542144962270062,1
55,Private,202559,Bachelors,13,Married-civ-spouse,Other-service,Other-relative,Asian-Pac-Islander,Male,0,0,35,Philippines,0.35421386152312795,2
63,Private,137192,Bachelors,13,Married-civ-spouse,Craft-repair,Husband,Asian-Pac-Islander,Male,0,0,40,South,0.35417681782645927,1
46,Private,123053,Masters,14,Married-civ-spouse,Exec-managerial,Husband,Asian-Pac-Islander,Male,0,0,50,Japan,0.35411914670261435,2
32,Private,167531,Prof-school,15,Married-civ-spouse,Prof-specialty,Wife,Asian-Pac-Islander,Female,15024,0,50,United-States,0.3540570142996985,1
34,Private,142897,Masters,14,Married-civ-spouse,Exec-managerial,Husband,Asian-Pac-Islander,Male,7298,0,35,Taiwan,0.35403055423617935,1
81,Private,114670,9th,5,Widowed,Priv-house-serv,Not-in-family,Black,Female,2062,0,5,United-States,0.3539852417270789,5
48,Self-emp-not-inc,243631,HS-grad,9,Married-civ-spouse,Exec-managerial,Husband,Asian-Pac-Islander,Male,0,0,30,South,0.3539839056414352,1
19,Self-emp-inc,148955,Some-college,10,Never-married,Other-service,Own-child,Asian-Pac-Islander,Female,0,0,35,South,0.35390863988026755,1
35,Self-emp-not-inc,193260,Masters,14,Married-civ-spouse,Sales,Husband,Asian-Pac-Islander,Male,0,0,40,?,0.3539050861485872,1
34,Self-emp-not-inc,100079,Bachelors,13,Married-civ-spouse,Sales,Husband,Asian-Pac-Islander,Male,0,0,55,India,0.353871770583308,2
20,Local-gov,308654,Some-college,10,Never-married,Protective-serv,Own-child,Asian-Pac-Islander,Female,0,0,20,United-States,0.35386856722006965,2
90,Private,52386,Some-college,10,Never-married,Other-service,Not-in-family,Asian-Pac-Islander,Male,0,0,35,United-States,0.3537894703998846,2
90,Private,52386,Some-college,10,Never-married,Other-service,Not-in-family,Asian-Pac-Islander,Male,0,0,35,United-States,0.3537894703998846,2
29,Private,90934,Bachelors,13,Never-married,Prof-specialty,Own-child,Asian-Pac-Islander,Male,0,0,64,Philippines,0.3537685546365783,1
33,Private,163003,Bachelors,13,Never-married,Exec-managerial,Other-relative,Asian-Pac-Islander,Female,0,0,40,Philippines,0.35373764377516725,1
26,Private,125680,Bachelors,13,Never-married,Prof-specialty,Not-in-family,Asian-Pac-Islander,Male,0,0,16,Japan,0.353696539434909,1
30,Private,89625,Some-college,10,Married-civ-spouse,Prof-specialty,Wife,Asian-Pac-Islander,Female,0,0,5,United-States,0.3536707211885147,1
25,?,170428,Bachelors,13,Never-married,?,Not-in-family,Asian-Pac-Islander,Male,0,0,28,Taiwan,0.35352493240846816,2
68,State-gov,202699,Masters,14,Married-civ-spouse,Prof-specialty,Husband,White,Male,0,2377,42,?,0.35350313716950854,1
63,Private,135339,HS-grad,9,Married-civ-spouse,Adm-clerical,Husband,Asian-Pac-Islander,Male,2105,0,40,Vietnam,0.3534492253701865,1
35,Local-gov,302149,Bachelors,13,Married-civ-spouse,Sales,Husband,Asian-Pac-Islander,Male,7298,0,40,Philippines,0.35340047241786443,1
57,Private,169329,HS-grad,9,Married-civ-spouse,Tech-support,Husband,Black,Male,0,1887,40,Trinadad&Tobago,0.3531836648269606,1
35,Private,98283,Prof-school,15,Never-married,Prof-specialty,Not-in-family,Asian-Pac-Islander,Male,0,0,40,India,0.35317813699312495,1
51,Private,240988,11th,7,Married-civ-spouse,Machine-op-inspct,Husband,Asian-Pac-Islander,Male,0,0,40,Philippines,0.35312925034458864,1
22,Private,359759,Some-college,10,Never-married,Sales,Not-in-family,Asian-Pac-Islander,Male,0,0,20,Philippines,0.35298360158773356,1
54,Local-gov,219276,Bachelors,13,Married-civ-spouse,Exec-managerial,Husband,Asian-Pac-Islander,Male,0,0,40,Philippines,0.3529029009919833,1
20,Private,256211,Some-college,10,Never-married,Machine-op-inspct,Other-relative,Asian-Pac-Islander,Male,0,0,40,Vietnam,0.3529006080702348,1
34,Federal-gov,67083,Bachelors,13,Never-married,Exec-managerial,Unmarried,Asian-Pac-Islander,Male,1471,0,40,Cambodia,0.35289577103678127,3
45,Private,304570,12th,8,Married-civ-spouse,Machine-op-inspct,Husband,Asian-Pac-Islander,Male,0,0,40,?,0.35278457609955394,1
35,Private,285102,Masters,14,Never-married,Prof-specialty,Not-in-family,Asian-Pac-Islander,Female,0,0,40,Taiwan,0.3527744159224857,1
39,Private,70240,Some-college,10,Married-civ-spouse,Sales,Wife,Asian-Pac-Islander,Female,0,0,40,Philippines,0.3527571638396807,1
34,Private,99872,Masters,14,Married-civ-spouse,Exec-managerial,Husband,Asian-Pac-Islander,Male,3103,0,40,India,0.3526038285094848,1
46,Self-emp-not-inc,198759,Prof-school,15,Married-civ-spouse,Prof-specialty,Husband,White,Male,0,2415,80,United-States,0.3525780076937748,1
25,Private,228608,Some-college,10,Never-married,Craft-repair,Other-relative,Asian-Pac-Islander,Female,0,0,40,Cambodia,0.35255149423991905,1
37,Private,163392,HS-grad,9,Never-married,Transport-moving,Other-relative,Asian-Pac-Islander,Male,0,0,40,?,0.35252670989670076,1
40,Private,306225,HS-grad,9,Divorced,Craft-repair,Not-in-family,Asian-Pac-Islander,Female,0,0,40,Japan,0.35246062786366694,2
65,Private,90907,5th-6th,3,Married-civ-spouse,Other-service,Husband,Asian-Pac-Islander,Male,0,0,40,United-States,0.3524385472521302,1
26,Private,122575,Bachelors,13,Never-married,Exec-managerial,Unmarried,Asian-Pac-Islander,Male,0,0,60,Vietnam,0.35228269007213764,1
71,?,100820,HS-grad,9,Married-civ-spouse,?,Husband,White,Male,0,2489,15,United-States,0.352188106839909,1
27,Private,188576,Bachelors,13,Separated,Prof-specialty,Not-in-family,Asian-Pac-Islander,Male,0,0,40,Philippines,0.3521495599033255,1
22,Private,154422,Some-college,10,Divorced,Sales,Own-child,Asian-Pac-Islander,Female,0,0,30,Philippines,0.3521085608500407,1
30,Private,350979,HS-grad,9,Married-civ-spouse,Craft-repair,Husband,Asian-Pac-Islander,Male,0,0,40,Laos,0.35206741845120604,2
35,Private,196899,Bachelors,13,Never-married,Handlers-cleaners,Not-in-family,Asian-Pac-Islander,Female,0,0,50,Haiti,0.35201075983451546,2
35,Federal-gov,110188,Bachelors,13,Married-civ-spouse,Prof-specialty,Husband,Asian-Pac-Islander,Male,0,0,40,Vietnam,0.3519921573024375,1
45,Self-emp-not-inc,285575,HS-grad,9,Married-civ-spouse,Exec-managerial,Husband,Asian-Pac-Islander,Male,0,0,40,China,0.3519681541652354,2
43,Private,96483,HS-grad,9,Divorced,Other-service,Own-child,Asian-Pac-Islander,Female,0,0,40,South,0.35196756607678603,1
69,Local-gov,660461,HS-grad,9,Widowed,Adm-clerical,Not-in-family,Black,Female,0,0,20,United-States,0.3519157563073799,3
23,Private,73514,HS-grad,9,Never-married,Adm-clerical,Own-child,Asian-Pac-Islander,Female,0,0,40,Vietnam,0.3518326330981172,1
23,State-gov,298871,Some-college,10,Married-civ-spouse,Adm-clerical,Husband,Asian-Pac-Islander,Male,0,0,40,Vietnam,0.3517932120556565,1
29,Self-emp-not-inc,337505,Some-college,10,Married-civ-spouse,Craft-repair,Husband,Asian-Pac-Islander,Male,0,0,40,South,0.35178796436744975,1
32,Self-emp-inc,124919,Bachelors,13,Married-civ-spouse,Other-service,Husband,Asian-Pac-Islander,Male,0,0,50,Iran,0.35169000026625374,2
38,Private,173047,Bachelors,13,Divorced,Adm-clerical,Unmarried,Asian-Pac-Islander,Female,0,213,40,Philippines,0.3516292160883634,2
37,Self-emp-inc,382802,Doctorate,16,Married-civ-spouse,Prof-specialty,Husband,Black,Male,0,0,99,United-States,0.351570310024917,3
47,Private,191411,Masters,14,Married-civ-spouse,Prof-specialty,Husband,Asian-Pac-Islander,Male,0,0,45,India,0.3515304082656341,1
31,Private,123983,Some-college,10,Separated,Sales,Unmarried,Asian-Pac-Islander,Male,0,0,40,South,0.35146637940607606,1
36,Private,120760,Masters,14,Married-civ-spouse,Prof-specialty,Husband,Asian-Pac-Islander,Male,0,0,40,China,0.3514632544235863,1
36,Private,156780,HS-grad,9,Never-married,Sales,Other-relative,Asian-Pac-Islander,Female,0,0,40,?,0.35143580443206845,1
29,Private,205249,Masters,14,Married-civ-spouse,Exec-managerial,Husband,Asian-Pac-Islander,Male,0,0,40,Japan,0.3514317555325055,1
36,Private,116358,Masters,14,Married-civ-spouse,Exec-managerial,Husband,Asian-Pac-Islander,Male,0,0,40,Taiwan,0.3513938819597908,1
41,Private,143003,Assoc-voc,11,Married-civ-spouse,Other-service,Husband,Asian-Pac-Islander,Male,7298,0,60,India,0.35136096031396113,1
30,State-gov,141297,Bachelors,13,Married-civ-spouse,Prof-specialty,Husband,Asian-Pac-Islander,Male,0,0,40,India,0.35133428694424207,1
35,Local-gov,668319,Bachelors,13,Married-civ-spouse,Exec-managerial,Husband,White,Male,0,1740,80,United-States,0.3513172185999518,1
38,Private,354739,Assoc-voc,11,Married-civ-spouse,Prof-specialty,Husband,Asian-Pac-Islander,Male,0,0,36,Philippines,0.35129975338068975,1
23,Private,140915,Some-college,10,Never-married,Sales,Other-relative,Asian-Pac-Islander,Male,0,0,25,Philippines,0.35122657095997034,1
35,Private,173858,HS-grad,9,Married-spouse-absent,Craft-repair,Not-in-family,Asian-Pac-Islander,Male,0,0,40,?,0.35119358897516284,1
44,Private,178385,Masters,14,Married-civ-spouse,Exec-managerial,Husband,Asian-Pac-Islander,Male,0,0,48,India,0.3511233899181698,1
56,Federal-gov,255386,Some-college,10,Married-civ-spouse,Adm-clerical,Husband,Asian-Pac-Islander,Male,0,0,40,Laos,0.3510264215097928,2
23,Private,359759,HS-grad,9,Never-married,Craft-repair,Own-child,Asian-Pac-Islander,Male,0,0,40,Philippines,0.3509226519516567,1
41,Private,233955,Masters,14,Married-civ-spouse,Prof-specialty,Husband,Asian-Pac-Islander,Male,0,0,45,China,0.3509213347143424,1
37,Private,213726,HS-grad,9,Divorced,Machine-op-inspct,Not-in-family,Asian-Pac-Islander,Female,0,0,40,Philippines,0.3509008084814301,1
39,Self-emp-inc,116358,Bachelors,13,Married-civ-spouse,Sales,Husband,Asian-Pac-Islander,Male,7688,0,40,?,0.3508655510193788,1
40,Private,566537,Preschool,1,Married-civ-spouse,Other-service,Husband,White,Male,0,1672,40,Mexico,0.35085039645071603,3
43,Private,242968,Masters,14,Married-civ-spouse,Exec-managerial,Husband,Asian-Pac-Islander,Male,0,0,40,India,0.35079699368005113,1
50,Private,21095,Some-college,10,Divorced,Other-service,Unmarried,Asian-Pac-Islander,Male,0,0,40,Philippines,0.3507425049607913,1
44,Self-emp-inc,116358,Bachelors,13,Married-civ-spouse,Sales,Husband,Asian-Pac-Islander,Male,0,0,50,?,0.35069706434586523,1
37,Private,355856,Bachelors,13,Married-civ-spouse,Craft-repair,Husband,Asian-Pac-Islander,Male,0,0,40,Cambodia,0.3506180824678211,1
46,Private,91262,Some-college,10,Married-spouse-absent,Craft-repair,Not-in-family,Asian-Pac-Islander,Male,0,0,40,Philippines,0.35050900465383805,1
32,Private,331539,Bachelors,13,Married-civ-spouse,Exec-managerial,Husband,Asian-Pac-Islander,Male,0,0,50,China,0.3504185589825448,2
49,Private,24712,Bachelors,13,Never-married,Other-service,Not-in-family,Asian-Pac-Islander,Female,0,0,35,Philippines,0.35041363964303196,1
30,Private,110622,Bachelors,13,Divorced,Exec-managerial,Not-in-family,Asian-Pac-Islander,Female,0,0,40,China,0.3503749992574233,1
51,Private,63685,HS-grad,9,Married-civ-spouse,Sales,Husband,Asian-Pac-Islander,Male,0,0,50,Cambodia,0.35032775795050763,2
34,Private,849857,HS-grad,9,Married-civ-spouse,Craft-repair,Husband,White,Male,0,0,40,Nicaragua,0.35030371699365925,1
34,Private,165737,Masters,14,Married-civ-spouse,Prof-specialty,Husband,Asian-Pac-Islander,Male,0,0,43,India,0.3502712247317745,1
27,Private,341672,Some-college,10,Never-married,Adm-clerical,Other-relative,Asian-Pac-Islander,Male,0,0,40,India,0.35023493460061705,1
41,Private,22201,Bachelors,13,Married-civ-spouse,Exec-managerial,Husband,Asian-Pac-Islander,Male,0,0,40,Japan,0.35018265546342586,1
33,Self-emp-inc,289886,HS-grad,9,Never-married,Other-service,Unmarried,Asian-Pac-Islander,Male,0,0,40,Vietnam,0.35017729395078545,1
45,Self-emp-not-inc,133969,HS-grad,9,Married-civ-spouse,Sales,Husband,Asian-Pac-Islander,Male,0,0,50,South,0.3501731939741375,2
42,Private,92288,Masters,14,Married-civ-spouse,Sales,Husband,Asian-Pac-Islander,Male,0,0,40,?,0.35016203921344746,1
47,Self-emp-not-inc,243631,Bachelors,13,Married-civ-spouse,Prof-specialty,Husband,Asian-Pac-Islander,Male,0,0,40,South,0.35012160121281866,1
43,Private,124919,HS-grad,9,Married-civ-spouse,Other-service,Husband,Asian-Pac-Islander,Male,0,0,60,Japan,0.35006099989753836,1
27,Private,288229,Bachelors,13,Never-married,Adm-clerical,Own-child,Asian-Pac-Islander,Female,0,0,50,Laos,0.3499730979567055,1
29,Private,82393,HS-grad,9,Married-civ-spouse,Other-service,Own-child,Asian-Pac-Islander,Male,0,0,25,Philippines,0.34989377920143083,1
29,Self-emp-inc,190450,HS-grad,9,Married-civ-spouse,Sales,Husband,Asian-Pac-Islander,Male,0,0,40,Germany,0.34984836103818495,1
26,Private,167106,HS-grad,9,Never-married,Craft-repair,Other-relative,Asian-Pac-Islander,Male,0,0,40,Hong,0.34981344112617385,1
59,Private,98350,HS-grad,9,Divorced,Other-service,Not-in-family,Asian-Pac-Islander,Male,0,0,40,China,0.34976500834887925,1
27,Private,32519,Some-college,10,Married-civ-spouse,Sales,Husband,Asian-Pac-Islander,Male,0,0,55,South,0.3497601940147792,2
22,Private,88050,Assoc-acdm,12,Married-civ-spouse,Exec-managerial,Husband,Asian-Pac-Islander,Male,0,0,6,United-States,0.34975137825859615,1
30,Private,182771,Bachelors,13,Never-married,Other-service,Not-in-family,Asian-Pac-Islander,Male,0,0,15,China,0.3497465229128568,1
24,Private,289448,Assoc-voc,11,Never-married,Adm-clerical,Own-child,Asian-Pac-Islander,Female,0,0,40,Philippines,0.3497310477321418,1
21,?,78374,HS-grad,9,Never-married,?,Other-relative,Asian-Pac-Islander,Female,0,0,24,United-States,0.34968575472060104,1
33,Private,112847,HS-grad,9,Married-civ-spouse,Transport-moving,Husband,Asian-Pac-Islander,Male,0,0,40,?,0.34953024648083886,2
39,Private,80638,Some-college,10,Married-civ-spouse,Other-service,Husband,Asian-Pac-Islander,Male,0,0,84,United-States,0.3494463502211209,1
48,Self-emp-not-inc,160724,Bachelors,13,Married-civ-spouse,Exec-managerial,Husband,Asian-Pac-Islander,Male,0,0,40,Japan,0.34934767833731317,1
24,Private,184400,HS-grad,9,Never-married,Transport-moving,Own-child,Asian-Pac-Islander,Male,0,0,30,?,0.34934363170979155,1
42,Private,242564,7th-8th,4,Never-married,Handlers-cleaners,Not-in-family,Black,Male,0,2205,40,United-States,0.34934203516402773,1
44,Federal-gov,239539,Bachelors,13,Married-civ-spouse,Adm-clerical,Husband,Asian-Pac-Islander,Male,0,0,40,Philippines,0.3493393248725466,1
22,?,243190,Some-college,10,Never-married,?,Own-child,Asian-Pac-Islander,Male,0,0,40,China,0.3493060354035624,1
21,?,162160,Some-college,10,Never-married,?,Own-child,Asian-Pac-Islander,Male,0,0,40,Taiwan,0.3492459744958907,1
39,Self-emp-not-inc,191342,Bachelors,13,Married-civ-spouse,Exec-managerial,Husband,Asian-Pac-Islander,Male,0,0,50,South,0.3490585446949098,1
45,Private,101656,10th,6,Never-married,Machine-op-inspct,Not-in-family,Asian-Pac-Islander,Male,0,0,40,Vietnam,0.3490530983457325,1
30,Private,95299,HS-grad,9,Married-civ-spouse,Machine-op-inspct,Husband,Asian-Pac-Islander,Male,0,0,40,Vietnam,0.3490477755964939,1
43,Private,154210,HS-grad,9,Married-civ-spouse,Other-service,Husband,Asian-Pac-Islander,Male,2829,0,60,China,0.3490020113481104,1
65,Federal-gov,23494,Some-college,10,Married-civ-spouse,Exec-managerial,Husband,Black,Male,0,2174,40,United-States,0.34891027285115683,2
44,Self-emp-not-inc,182771,Bachelors,13,Married-civ-spouse,Exec-managerial,Husband,Asian-Pac-Islander,Male,0,0,48,South,0.34889573824170206,1
46,Local-gov,187749,Bachelors,13,Married-civ-spouse,Prof-specialty,Husband,Asian-Pac-Islander,Male,0,0,40,Philippines,0.34887857350574525,1
30,Private,328242,Bachelors,13,Married-civ-spouse,Exec-managerial,Husband,Asian-Pac-Islander,Male,0,0,40,Hong,0.34887774185200127,1
23,Private,139012,Assoc-voc,11,Never-married,Transport-moving,Own-child,Asian-Pac-Islander,Male,0,0,40,South,0.34884463622924966,1
25,Self-emp-inc,160261,Bachelors,13,Never-married,Exec-managerial,Own-child,Asian-Pac-Islander,Male,0,0,35,Taiwan,0.3488403059869474,1
33,Private,173858,Bachelors,13,Married-civ-spouse,Adm-clerical,Other-relative,Asian-Pac-Islander,Male,0,0,40,India,0.3487871750798457,1
30,Private,169104,Assoc-acdm,12,Never-married,Other-service,Other-relative,Asian-Pac-Islander,Male,0,0,40,Vietnam,0.3487693135870489,1
74,Private,145463,1st-4th,2,Widowed,Priv-house-serv,Not-in-family,Black,Female,0,0,15,United-States,0.3487597670452127,5
48,Private,102938,Bachelors,13,Never-married,Other-service,Unmarried,Asian-Pac-Islander,Female,0,0,40,Vietnam,0.3486636127301622,2
53,Private,288020,Bachelors,13,Married-civ-spouse,Prof-specialty,Husband,Asian-Pac-Islander,Male,0,0,40,Japan,0.34861641590150216,1
45,Private,81132,Some-college,10,Married-civ-spouse,Craft-repair,Other-relative,Asian-Pac-Islander,Male,0,0,40,Philippines,0.34859612791544947,1
45,Self-emp-not-inc,160724,Bachelors,13,Married-civ-spouse,Exec-managerial,Husband,Asian-Pac-Islander,Male,0,0,45,China,0.34859205266001925,1
36,Private,745768,Some-college,10,Never-married,Protective-serv,Unmarried,Black,Female,0,0,40,United-States,0.34851682824551966,1
36,Private,153078,Bachelors,13,Married-civ-spouse,Exec-managerial,Husband,Asian-Pac-Islander,Male,0,0,60,?,0.3485004713161709,1
38,Private,154568,Masters,14,Married-civ-spouse,Exec-managerial,Husband,Asian-Pac-Islander,Male,0,0,40,?,0.3483350213883478,1
39,Self-emp-not-inc,218490,Prof-school,15,Married-civ-spouse,Prof-specialty,Husband,White,Male,0,2415,50,?,0.34831410895959025,1
45,Private,166107,Masters,14,Never-married,Adm-clerical,Not-in-family,Asian-Pac-Islander,Female,0,0,40,Philippines,0.3483058499506041,1
44,Private,90688,HS-grad,9,Never-married,Machine-op-inspct,Not-in-family,Asian-Pac-Islander,Female,0,0,45,Laos,0.3482452786067849,1
46,Private,104632,HS-grad,9,Married-civ-spouse,Machine-op-inspct,Husband,Asian-Pac-Islander,Male,0,0,40,Cambodia,0.34823287634684186,1
26,Private,227332,Bachelors,13,Never-married,Transport-moving,Unmarried,Asian-Pac-Islander,Male,0,0,40,?,0.348230699341614,1
26,Private,272669,Bachelors,13,Never-married,Sales,Not-in-family,Asian-Pac-Islander,Male,0,0,20,South,0.3481521609117524,1
57,Private,135339,Bachelors,13,Married-civ-spouse,Exec-managerial,Husband,Asian-Pac-Islander,Male,0,0,40,Philippines,0.3481288588498017,1
47,Private,340982,Some-college,10,Married-civ-spouse,Machine-op-inspct,Husband,Asian-Pac-Islander,Male,3103,0,40,Philippines,0.3481225125822981,1
37,Private,245482,HS-grad,9,Married-civ-spouse,Transport-moving,Husband,Asian-Pac-Islander,Male,0,0,40,?,0.3480576457273439,1
57,Private,182677,Bachelors,13,Married-civ-spouse,Exec-managerial,Husband,Asian-Pac-Islander,Male,4508,0,40,South,0.3480425137704334,1
47,Private,135803,HS-grad,9,Married-civ-spouse,Other-service,Husband,Asian-Pac-Islander,Male,0,0,25,Philippines,0.3480216765896186,1
38,Local-gov,227154,Bachelors,13,Married-civ-spouse,Craft-repair,Husband,Asian-Pac-Islander,Male,0,0,40,Philippines,0.34800101212149026,1
37,Private,160120,Masters,14,Never-married,Prof-specialty,Unmarried,Asian-Pac-Islander,Male,0,0,40,South,0.347966069743597,1
26,Private,306225,Bachelors,13,Never-married,Exec-managerial,Not-in-family,Asian-Pac-Islander,Female,0,0,40,Poland,0.3478499910218681,1
48,Private,119471,Assoc-voc,11,Married-civ-spouse,Other-service,Husband,Asian-Pac-Islander,Male,0,0,56,Philippines,0.34784474539085763,1
58,Private,136951,Bachelors,13,Married-civ-spouse,Adm-clerical,Husband,Asian-Pac-Islander,Male,0,0,40,Philippines,0.3478046546265,1
26,Private,71009,Bachelors,13,Never-married,Prof-specialty,Not-in-family,Asian-Pac-Islander,Female,0,0,40,Philippines,0.3477228019230105,1
45,Private,338105,Bachelors,13,Married-civ-spouse,Adm-clerical,Husband,Asian-Pac-Islander,Male,0,0,40,Philippines,0.3476825567116678,1
18,Private,308889,11th,7,Never-married,Adm-clerical,Other-relative,Asian-Pac-Islander,Female,0,0,20,United-States,0.3476074547019786,1
35,?,195946,Some-college,10,Married-civ-spouse,?,Husband,Asian-Pac-Islander,Male,0,0,40,Philippines,0.347595620358609,1
27,Private,165365,HS-grad,9,Married-civ-spouse,Machine-op-inspct,Husband,Asian-Pac-Islander,Male,2885,0,40,Laos,0.3475635801640937,2
21,Private,131473,Some-college,10,Never-married,Sales,Own-child,Asian-Pac-Islander,Male,0,0,20,Vietnam,0.3475315254481952,1
58,Private,137547,Bachelors,13,Married-civ-spouse,Other-service,Husband,Asian-Pac-Islander,Male,0,0,40,South,0.3475009625133113,1
34,Private,203034,Bachelors,13,Separated,Sales,Not-in-family,White,Male,0,2824,50,United-States,0.347459974815266,2
22,Local-gov,244408,Some-college,10,Never-married,Adm-clerical,Not-in-family,Asian-Pac-Islander,Female,0,0,40,Vietnam,0.34744229741030086,1
46,Private,139514,Preschool,1,Married-civ-spouse,Machine-op-inspct,Other-relative,Black,Male,0,0,75,Dominican-Republic,0.3473330621288434,6
54,Private,147863,Assoc-voc,11,Married-civ-spouse,Craft-repair,Husband,Asian-Pac-Islander,Male,5013,0,40,Vietnam,0.34729226034064686,1
30,Private,163003,Bachelors,13,Never-married,Exec-managerial,Own-child,Asian-Pac-Islander,Female,0,0,52,Taiwan,0.3472516871405831,1
30,Private,139012,Assoc-voc,11,Never-married,Adm-clerical,Other-relative,Asian-Pac-Islander,Male,2463,0,40,Vietnam,0.3472014470468078,1
20,Private,147171,Some-college,10,Never-married,Adm-clerical,Unmarried,Asian-Pac-Islander,Female,0,0,40,Vietnam,0.3471922500117661,1
50,Private,135339,12th,8,Married-civ-spouse,Sales,Husband,Asian-Pac-Islander,Male,0,0,40,Cambodia,0.3471428373739678,1
20,Private,285295,Some-college,10,Never-married,Machine-op-inspct,Not-in-family,Asian-Pac-Islander,Female,0,0,40,?,0.3471241360480678,1
37,Private,60722,Some-college,10,Divorced,Exec-managerial,Not-in-family,Asian-Pac-Islander,Female,0,0,40,Japan,0.34706129396114416,1
24,Private,154422,Bachelors,13,Never-married,Exec-managerial,Own-child,Asian-Pac-Islander,Female,0,0,40,Philippines,0.34700608486725415,1
36,Private,269042,HS-grad,9,Married-civ-spouse,Machine-op-inspct,Husband,Asian-Pac-Islander,Male,0,0,40,Laos,0.3469908536164197,1
36,Private,123983,Bachelors,13,Married-civ-spouse,Prof-specialty,Husband,Asian-Pac-Islander,Male,0,0,55,Japan,0.3469907459282221,1
24,Private,197757,Bachelors,13,Never-married,Prof-specialty,Own-child,Asian-Pac-Islander,Female,0,0,40,Philippines,0.3469877116439879,1
40,Private,73025,HS-grad,9,Married-civ-spouse,Other-service,Husband,Asian-Pac-Islander,Male,0,0,30,China,0.3469844645508443,1
39,State-gov,42186,HS-grad,9,Married-civ-spouse,Adm-clerical,Wife,Asian-Pac-Islander,Female,3464,0,20,United-States,0.3467891648994582,1
44,Private,172475,HS-grad,9,Divorced,Adm-clerical,Not-in-family,Asian-Pac-Islander,Female,0,0,40,Vietnam,0.3467855122799778,2
33,Private,256211,HS-grad,9,Married-civ-spouse,Machine-op-inspct,Husband,Asian-Pac-Islander,Male,0,0,40,South,0.34664102506911443,1
29,State-gov,67053,HS-grad,9,Never-married,Other-service,Not-in-family,Asian-Pac-Islander,Male,0,0,40,Thailand,0.3464813186480691,1
41,Private,74775,Bachelors,13,Married-civ-spouse,Other-service,Husband,Asian-Pac-Islander,Male,0,0,30,Vietnam,0.3464282990553763,1
40,Self-emp-inc,137367,Some-college,10,Married-civ-spouse,Exec-managerial,Husband,Asian-Pac-Islander,Male,0,0,50,China,0.3463482825319766,2
21,Private,152246,Some-college,10,Never-married,Handlers-cleaners,Own-child,Asian-Pac-Islander,Male,0,0,40,Philippines,0.34617044717502166,1
34,Private,324654,HS-grad,9,Never-married,Machine-op-inspct,Own-child,Asian-Pac-Islander,Male,0,0,40,China,0.3461548795178525,1
43,Federal-gov,72887,Bachelors,13,Married-spouse-absent,Tech-support,Not-in-family,Asian-Pac-Islander,Male,0,0,40,United-States,0.3461434516744878,1
27,Private,123984,Assoc-acdm,12,Never-married,Other-service,Not-in-family,Asian-Pac-Islander,Female,0,0,35,Philippines,0.3459435806280602,1
37,Private,70240,HS-grad,9,Never-married,Other-service,Own-child,Asian-Pac-Islander,Female,0,0,40,Philippines,0.34592188585391404,1
37,Private,80638,Bachelors,13,Married-civ-spouse,Other-service,Husband,Asian-Pac-Islander,Male,0,0,30,China,0.3458390131065533,1
28,Private,88419,HS-grad,9,Never-married,Exec-managerial,Not-in-family,Asian-Pac-Islander,Female,0,0,40,England,0.3457749765139435,1
31,Private,27494,Some-college,10,Married-civ-spouse,Sales,Husband,Asian-Pac-Islander,Male,0,0,50,Taiwan,0.3457316429923495,2
52,Private,222405,HS-grad,9,Married-civ-spouse,Sales,Husband,Black,Male,0,2377,40,United-States,0.34556213226409616,1
24,Private,67222,Bachelors,13,Never-married,Machine-op-inspct,Not-in-family,Asian-Pac-Islander,Male,0,0,45,China,0.34556180575235296,1
45,Private,77085,Bachelors,13,Married-civ-spouse,Craft-repair,Husband,Asian-Pac-Islander,Male,0,0,40,Japan,0.34555311020240664,1
46,Private,182533,Bachelors,13,Never-married,Adm-clerical,Unmarried,Asian-Pac-Islander,Female,0,0,40,Philippines,0.3455062659951721,1
32,Private,79586,Bachelors,13,Married-civ-spouse,Prof-specialty,Husband,Asian-Pac-Islander,Male,0,0,40,India,0.3454439043681695,1
56,State-gov,93415,HS-grad,9,Widowed,Adm-clerical,Unmarried,Asian-Pac-Islander,Female,0,0,40,United-States,0.345421755345678,1
37,Self-emp-not-inc,137527,Doctorate,16,Never-married,Prof-specialty,Not-in-family,White,Female,0,2559,60,United-States,0.3454178227231841,2
37,Private,289886,Some-college,10,Never-married,Other-service,Other-relative,Asian-Pac-Islander,Male,0,0,30,Vietnam,0.3453577331218338,1
52,Self-emp-not-inc,135339,Some-college,10,Married-civ-spouse,Craft-repair,Husband,Asian-Pac-Islander,Male,0,0,40,?,0.34525928073308243,1
57,?,403625,Some-college,10,Married-civ-spouse,?,Husband,Asian-Pac-Islander,Male,0,0,60,United-States,0.3451786879203488,1
68,State-gov,235882,Doctorate,16,Married-civ-spouse,Prof-specialty,Husband,White,Male,0,2377,60,United-States,0.3451433839942776,2
31,Private,341672,Some-college,10,Married-civ-spouse,Adm-clerical,Husband,Asian-Pac-Islander,Male,0,0,50,India,0.3450889031665074,2
46,Private,199316,Some-college,10,Married-civ-spouse,Craft-repair,Other-relative,Asian-Pac-Islander,Male,0,0,40,India,0.34501849200354096,1
32,Private,245482,HS-grad,9,Married-civ-spouse,Machine-op-inspct,Husband,Asian-Pac-Islander,Male,0,0,40,?,0.3450162212541936,1
26,Private,165235,Bachelors,13,Never-married,Adm-clerical,Own-child,Asian-Pac-Islander,Female,0,0,40,Thailand,0.34498713789605173,1
35,Private,66297,Bachelors,13,Never-married,Prof-specialty,Not-in-family,Asian-Pac-Islander,Female,0,0,40,Philippines,0.3449595354040417,1
30,Private,302149,Bachelors,13,Married-civ-spouse,Sales,Husband,Asian-Pac-Islander,Male,0,0,40,India,0.3448200608579327,1
50,Private,172052,HS-grad,9,Married-civ-spouse,Prof-specialty,Husband,Asian-Pac-Islander,Male,0,0,35,South,0.3447766358117301,1
23,Private,239539,HS-grad,9,Never-married,Machine-op-inspct,Own-child,Asian-Pac-Islander,Male,0,0,40,Philippines,0.34475583402176135,1
29,Private,82393,HS-grad,9,Never-married,Machine-op-inspct,Own-child,Asian-Pac-Islander,Male,0,0,40,Germany,0.34474890573857975,1
49,Private,91251,HS-grad,9,Married-civ-spouse,Other-service,Husband,Asian-Pac-Islander,Male,0,0,40,China,0.3445799115534862,1
22,Private,171419,Assoc-voc,11,Never-married,Exec-managerial,Unmarried,Asian-Pac-Islander,Male,0,0,40,South,0.34439725414968825,1
36,Private,297335,Bachelors,13,Never-married,Sales,Not-in-family,Asian-Pac-Islander,Female,0,0,50,China,0.3443743544311423,2
37,Private,79586,Bachelors,13,Married-civ-spouse,Exec-managerial,Husband,Asian-Pac-Islander,Male,0,0,40,Iran,0.3443561979227169,1
35,Private,67083,HS-grad,9,Married-civ-spouse,Other-service,Husband,Asian-Pac-Islander,Male,0,0,40,China,0.3443493655410377,1
20,Private,133352,Some-college,10,Never-married,Adm-clerical,Own-child,Asian-Pac-Islander,Female,0,0,40,Vietnam,0.34427205872752076,1
31,State-gov,86143,HS-grad,9,Never-married,Protective-serv,Other-relative,Asian-Pac-Islander,Male,0,0,40,United-States,0.3442043566781756,1
34,Private,303187,Bachelors,13,Married-civ-spouse,Prof-specialty,Husband,Asian-Pac-Islander,Male,0,0,40,?,0.34417792852244944,1
46,Private,149161,Some-college,10,Married-civ-spouse,Exec-managerial,Husband,Asian-Pac-Islander,Male,0,0,60,?,0.34412140135580704,1
39,Private,163392,HS-grad,9,Married-civ-spouse,Sales,Husband,Asian-Pac-Islander,Male,0,0,26,?,0.3440544248801859,1
27,Private,90692,Assoc-voc,11,Never-married,Other-service,Not-in-family,Asian-Pac-Islander,Female,0,0,40,Philippines,0.3440197611394984,1
26,Private,332008,Some-college,10,Never-married,Craft-repair,Unmarried,Asian-Pac-Islander,Male,0,0,37,Taiwan,0.34400673979755525,1
46,Private,456062,Doctorate,16,Married-civ-spouse,Prof-specialty,Husband,White,Male,0,2415,55,United-States,0.34400625223966075,1
24,Private,154571,Assoc-voc,11,Never-married,Sales,Unmarried,Asian-Pac-Islander,Male,0,0,50,South,0.34396687633143974,1
28,Private,226891,Some-college,10,Never-married,Adm-clerical,Unmarried,Asian-Pac-Islander,Female,0,0,30,?,0.3439546628010094,1
26,Private,102420,Bachelors,13,Never-married,Sales,Not-in-family,Asian-Pac-Islander,Female,0,0,40,South,0.3439468592274497,1
42,Private,306982,Bachelors,13,Married-civ-spouse,Adm-clerical,Husband,Asian-Pac-Islander,Male,0,0,40,Philippines,0.34392725450636696,1
39,Private,137522,HS-grad,9,Married-civ-spouse,Machine-op-inspct,Husband,Asian-Pac-Islander,Male,0,0,40,?,0.3438073601691368,1
55,Private,56645,Bachelors,13,Widowed,Farming-fishing,Own-child,Asian-Pac-Islander,Male,0,0,40,United-States,0.34378575147938706,1
45,Private,338105,Some-college,10,Married-civ-spouse,Craft-repair,Husband,Asian-Pac-Islander,Male,0,0,40,Vietnam,0.3437088232800426,1
20,?,81853,Some-college,10,Never-married,?,Own-child,Asian-Pac-Islander,Female,0,0,15,United-States,0.34369852195618855,1
33,Federal-gov,615893,Masters,14,Married-civ-spouse,Transport-moving,Husband,Black,Male,0,0,40,Nicaragua,0.34368825461367414,3
36,Private,137421,12th,8,Never-married,Transport-moving,Not-in-family,Asian-Pac-Islander,Male,0,0,45,?,0.3436866695199897,1
39,Private,271521,Bachelors,13,Married-civ-spouse,Prof-specialty,Husband,Asian-Pac-Islander,Male,0,0,48,Philippines,0.3436650247468682,1
39,Private,160120,Some-college,10,Never-married,Machine-op-inspct,Other-relative,Asian-Pac-Islander,Male,0,0,40,Philippines,0.34360903261661835,1
29,Private,138537,Assoc-voc,11,Married-civ-spouse,Craft-repair,Husband,Asian-Pac-Islander,Male,0,0,40,Laos,0.3435517754453562,1
90,?,166343,1st-4th,2,Widowed,?,Not-in-family,Black,Female,0,0,40,United-States,0.34354570093398273,4
45,Private,81132,HS-grad,9,Married-civ-spouse,Other-service,Husband,Asian-Pac-Islander,Male,0,0,40,Philippines,0.3434885896124509,1
36,Private,99872,HS-grad,9,Married-civ-spouse,Craft-repair,Husband,Asian-Pac-Islander,Male,0,0,40,India,0.3434830604131065,1
29,Private,163003,Bachelors,13,Never-married,Adm-clerical,Own-child,Asian-Pac-Islander,Female,2202,0,40,Taiwan,0.3433782036269366,1
24,Private,73514,Some-college,10,Never-married,Sales,Not-in-family,Asian-Pac-Islander,Female,0,0,50,Philippines,0.3433649942158413,1
46,Private,175262,Assoc-acdm,12,Married-civ-spouse,Adm-clerical,Husband,Asian-Pac-Islander,Male,0,0,40,India,0.3433615129827742,1
61,Private,80896,HS-grad,9,Separated,Transport-moving,Unmarried,Asian-Pac-Islander,Male,0,0,45,United-States,0.343205816165001,2
42,Private,340234,HS-grad,9,Married-civ-spouse,Tech-support,Husband,Asian-Pac-Islander,Male,15024,0,40,United-States,0.3430379783217602,1
42,Private,163003,Bachelors,13,Married-spouse-absent,Tech-support,Own-child,Asian-Pac-Islander,Female,0,0,40,United-States,0.3429945018300443,1
34,Private,73199,11th,7,Never-married,Other-service,Own-child,Asian-Pac-Islander,Male,0,0,40,Philippines,0.3429668279795396,1
36,Private,116138,HS-grad,9,Married-civ-spouse,Prof-specialty,Husband,Asian-Pac-Islander,Male,0,0,40,Cambodia,0.3429508229501209,1
48,Private,240231,Bachelors,13,Married-civ-spouse,Exec-managerial,Husband,Asian-Pac-Islander,Male,0,0,40,Japan,0.34291332966326027,1
28,Private,168901,Bachelors,13,Married-civ-spouse,Prof-specialty,Husband,Asian-Pac-Islander,Male,0,0,40,Taiwan,0.34286865627375307,1
38,Local-gov,745768,Some-college,10,Divorced,Exec-managerial,Unmarried,Black,Female,0,0,45,United-States,0.3428371936861244,1
21,Private,154835,Some-college,10,Never-married,Adm-clerical,Own-child,Asian-Pac-Islander,Female,0,0,40,Vietnam,0.34277230898430944,1
30,Private,154568,Bachelors,13,Married-civ-spouse,Craft-repair,Husband,Asian-Pac-Islander,Male,0,0,36,Vietnam,0.34275685070314454,1
77,Private,344425,9th,5,Married-civ-spouse,Priv-house-serv,Wife,Black,Female,0,0,10,United-States,0.34267490363338793,5
20,?,273701,Some-college,10,Never-married,?,Other-relative,Black,Male,34095,0,10,United-States,0.3426674793179616,3
57,?,85815,HS-grad,9,Divorced,?,Own-child,Asian-Pac-Islander,Male,0,0,20,United-States,0.342614554217191,1
50,Private,171225,Bachelors,13,Married-civ-spouse,Exec-managerial,Husband,Asian-Pac-Islander,Male,0,0,40,Philippines,0.34255811796150304,1
20,Private,298635,Some-college,10,Never-married,Sales,Own-child,Asian-Pac-Islander,Male,0,0,30,Philippines,0.3425267611888049,1
30,Private,268575,HS-grad,9,Never-married,Craft-repair,Unmarried,Asian-Pac-Islander,Male,0,0,40,Vietnam,0.3425103258215615,1
67,Self-emp-inc,106175,Bachelors,13,Married-civ-spouse,Exec-managerial,Husband,White,Male,0,2392,75,United-States,0.3424586528035959,1
48,Private,121253,Bachelors,13,Married-spouse-absent,Sales,Unmarried,White,Female,0,2472,70,United-States,0.34228258967058556,1
36,Private,83471,HS-grad,9,Widowed,Other-service,Unmarried,Asian-Pac-Islander,Female,0,0,20,United-States,0.34223932686386627,1
23,Private,194951,Bachelors,13,Never-married,Prof-specialty,Not-in-family,Asian-Pac-Islander,Male,0,0,55,Ireland,0.3422107062208325,1
38,Private,123031,HS-grad,9,Married-civ-spouse,Adm-clerical,Husband,Asian-Pac-Islander,Male,0,0,48,Trinadad&Tobago,0.34218740944162496,2
26,State-gov,70447,HS-grad,9,Married-civ-spouse,Protective-serv,Husband,Asian-Pac-Islander,Male,0,0,40,United-States,0.34216712777937186,2
48,Private,164966,Bachelors,13,Married-civ-spouse,Exec-managerial,Husband,Asian-Pac-Islander,Male,0,0,40,India,0.34198951969743796,1
38,Private,180303,Bachelors,13,Married-civ-spouse,Exec-managerial,Husband,Asian-Pac-Islander,Male,0,0,50,Japan,0.3419536411554899,2
47,Private,277545,Bachelors,13,Married-civ-spouse,Adm-clerical,Husband,Asian-Pac-Islander,Male,0,0,40,?,0.34191324758039954,1
65,?,143118,HS-grad,9,Widowed,?,Unmarried,White,Female,0,2206,10,United-States,0.34191153017295095,1
72,Private,268861,7th-8th,4,Widowed,Other-service,Not-in-family,White,Female,0,0,99,?,0.341897578961627,3
27,Private,152246,HS-grad,9,Never-married,Machine-op-inspct,Own-child,Asian-Pac-Islander,Male,0,0,40,Philippines,0.3418452110006198,1
38,Local-gov,72338,HS-grad,9,Married-civ-spouse,Protective-serv,Husband,Asian-Pac-Islander,Male,0,0,54,United-States,0.34184046636631926,1
19,Private,301911,Some-college,10,Never-married,Sales,Own-child,Asian-Pac-Islander,Male,0,0,35,Laos,0.3417738973444263,1
45,Private,160724,HS-grad,9,Married-civ-spouse,Craft-repair,Husband,Asian-Pac-Islander,Male,0,0,40,Vietnam,0.3417693973769045,1
28,Private,330466,Bachelors,13,Never-married,Prof-specialty,Not-in-family,Asian-Pac-Islander,Male,0,0,40,Hong,0.34175999630159193,1
27,Private,292472,Some-college,10,Married-civ-spouse,Prof-specialty,Husband,Asian-Pac-Islander,Male,0,0,40,Cambodia,0.341729830127806,1
23,Private,215624,Some-college,10,Never-married,Machine-op-inspct,Unmarried,Asian-Pac-Islander,Male,0,0,40,Vietnam,0.3416929861192206,1
34,Private,110622,Bachelors,13,Never-married,Exec-managerial,Not-in-family,Asian-Pac-Islander,Female,0,0,40,Philippines,0.34149554733359266,1
21,Private,540712,HS-grad,9,Never-married,Other-service,Other-relative,Black,Male,0,1719,25,United-States,0.3414860664584549,1
23,Private,128604,HS-grad,9,Never-married,Sales,Own-child,Asian-Pac-Islander,Male,0,0,48,South,0.3413074904228224,1
25,Private,137367,Bachelors,13,Never-married,Sales,Unmarried,Asian-Pac-Islander,Male,0,0,44,Philippines,0.341203746309108,2
45,Private,191098,Bachelors,13,Married-civ-spouse,Prof-specialty,Husband,Asian-Pac-Islander,Male,0,0,40,China,0.3411595546129317,1
35,Private,163392,Some-college,10,Married-civ-spouse,Transport-moving,Husband,Asian-Pac-Islander,Male,0,0,40,?,0.3411439795608803,1
22,Private,191342,Bachelors,13,Never-married,Sales,Own-child,Asian-Pac-Islander,Male,0,0,50,Taiwan,0.34111234632769005,2
24,Private,86745,Bachelors,13,Never-married,Adm-clerical,Other-relative,Asian-Pac-Islander,Female,0,0,16,United-States,0.34108973123982567,1
55,?,123382,HS-grad,9,Separated,?,Not-in-family,Black,Female,0,2001,40,United-States,0.34107192231623973,2
55,Federal-gov,88876,Masters,14,Married-civ-spouse,Exec-managerial,Husband,Asian-Pac-Islander,Male,0,0,60,United-States,0.3410515688430449,1
45,Private,209912,Bachelors,13,Married-civ-spouse,Exec-managerial,Husband,Asian-Pac-Islander,Male,0,0,40,India,0.3408976378079812,1
55,?,105138,HS-grad,9,Married-civ-spouse,?,Wife,Asian-Pac-Islander,Female,0,0,40,United-States,0.34081243831245234,1
23,Private,285004,Bachelors,13,Never-married,Sales,Not-in-family,Asian-Pac-Islander,Male,0,0,50,Taiwan,0.3407832679574332,1
41,Private,178431,HS-grad,9,Married-civ-spouse,Craft-repair,Husband,Asian-Pac-Islander,Male,0,0,40,Taiwan,0.3407654818572551,1
40,Private,121772,Assoc-voc,11,Married-civ-spouse,Craft-repair,Husband,Asian-Pac-Islander,Male,0,0,40,?,0.3407381734764243,1
43,Private,125833,Bachelors,13,Married-civ-spouse,Adm-clerical,Husband,Asian-Pac-Islander,Male,0,0,40,Vietnam,0.34064541927995573,1
21,State-gov,96483,Some-college,10,Never-married,Adm-clerical,Own-child,Asian-Pac-Islander,Female,0,0,12,United-States,0.3406217091620226,1
83,Self-emp-inc,153183,Bachelors,13,Married-civ-spouse,Exec-managerial,Husband,White,Male,0,2392,55,United-States,0.34059538408356216,1
58,Self-emp-not-inc,266707,1st-4th,2,Married-civ-spouse,Transport-moving,Husband,White,Male,0,2179,18,United-States,0.3405855178782168,3
57,Local-gov,174132,Masters,14,Married-civ-spouse,Prof-specialty,Wife,Black,Female,0,1977,40,United-States,0.340404317841975,1
29,Private,161478,Bachelors,13,Never-married,Adm-clerical,Not-in-family,Asian-Pac-Islander,Female,0,0,40,Japan,0.34035423319499913,1
32,Private,167106,HS-grad,9,Married-civ-spouse,Sales,Husband,Asian-Pac-Islander,Male,0,0,40,Hong,0.3402162654444172,1
35,Private,193961,Bachelors,13,Married-civ-spouse,Prof-specialty,Husband,Asian-Pac-Islander,Male,0,0,40,Philippines,0.340147229610558,1
28,State-gov,107218,Bachelors,13,Never-married,Tech-support,Own-child,Asian-Pac-Islander,Male,0,0,20,United-States,0.34009941247929687,1
26,Private,162312,Some-college,10,Never-married,Adm-clerical,Not-in-family,Asian-Pac-Islander,Male,0,0,20,Philippines,0.3400830384907402,1
44,Self-emp-inc,78374,Masters,14,Divorced,Exec-managerial,Unmarried,Asian-Pac-Islander,Female,0,0,40,United-States,0.34002637226554433,1
35,Private,202397,Bachelors,13,Married-civ-spouse,Craft-repair,Husband,Asian-Pac-Islander,Male,0,0,40,Philippines,0.34000343837787317,1
35,Local-gov,72338,HS-grad,9,Divorced,Farming-fishing,Own-child,Asian-Pac-Islander,Male,0,0,56,United-States,0.3399907050608577,1
40,Private,191342,Bachelors,13,Married-civ-spouse,Exec-managerial,Husband,Asian-Pac-Islander,Male,0,0,40,China,0.3398960608254259,1
39,Private,149943,Masters,14,Never-married,Sales,Not-in-family,Asian-Pac-Islander,Male,0,0,40,China,0.3398928398626827,1
27,Private,100669,Some-college,10,Married-civ-spouse,Craft-repair,Husband,Asian-Pac-Islander,Male,0,0,40,Philippines,0.33978959929827723,1
41,Private,167106,Bachelors,13,Married-civ-spouse,Adm-clerical,Husband,Asian-Pac-Islander,Male,3103,0,35,Philippines,0.3397859665359807,1
36,Private,153205,Bachelors,13,Married-civ-spouse,Prof-specialty,Husband,Asian-Pac-Islander,Male,0,0,45,?,0.33971868838976793,1
36,Private,160120,HS-grad,9,Married-civ-spouse,Adm-clerical,Husband,Asian-Pac-Islander,Male,0,0,40,Vietnam,0.3396983528773144,1
39,Private,191342,Bachelors,13,Married-civ-spouse,Craft-repair,Husband,Asian-Pac-Islander,Male,0,0,40,Philippines,0.33966282304897855,1
23,Private,125491,Some-college,10,Never-married,Other-service,Not-in-family,Asian-Pac-Islander,Female,0,0,35,Vietnam,0.3396350612924185,1
23,Private,256211,Some-college,10,Never-married,Adm-clerical,Not-in-family,Asian-Pac-Islander,Male,0,0,24,Vietnam,0.3396186681653329,1
41,Private,648223,1st-4th,2,Married-spouse-absent,Farming-fishing,Unmarried,White,Male,0,0,40,Mexico,0.33960392742880263,4
65,?,137354,Some-college,10,Married-civ-spouse,?,Husband,Asian-Pac-Islander,Male,0,0,20,United-States,0.3395987523002669,1
33,Private,165235,Bachelors,13,Never-married,Other-service,Not-in-family,Asian-Pac-Islander,Female,0,0,35,Thailand,0.33947382468906995,1
35,Private,93034,HS-grad,9,Never-married,Machine-op-inspct,Not-in-family,Asian-Pac-Islander,Male,0,0,40,Cambodia,0.33943604649460857,1
45,Local-gov,348172,Bachelors,13,Married-civ-spouse,Farming-fishing,Husband,Asian-Pac-Islander,Male,7298,0,40,United-States,0.3394206881353531,1
35,Private,139012,Bachelors,13,Married-civ-spouse,Other-service,Husband,Asian-Pac-Islander,Male,0,0,40,Vietnam,0.3392955853347699,1
51,Private,334679,Assoc-voc,11,Widowed,Prof-specialty,Unmarried,Asian-Pac-Islander,Female,0,0,40,United-States,0.339294066761861,1
39,Private,139012,Bachelors,13,Married-civ-spouse,Adm-clerical,Husband,Asian-Pac-Islander,Male,0,0,40,Philippines,0.3392775233782537,1
27,Private,104457,Bachelors,13,Never-married,Machine-op-inspct,Not-in-family,Asian-Pac-Islander,Male,0,0,40,?,0.33923930640013766,1
26,Private,285004,Bachelors,13,Never-married,Exec-managerial,Not-in-family,Asian-Pac-Islander,Male,0,0,35,South,0.3392059040570937,1
33,Private,35309,Bachelors,13,Never-married,Exec-managerial,Not-in-family,Asian-Pac-Islander,Male,0,0,40,?,0.33915383927496934,1
44,Private,123983,Bachelors,13,Divorced,Other-service,Not-in-family,Asian-Pac-Islander,Male,0,0,40,China,0.3391255598243632,1
33,Private,162312,HS-grad,9,Divorced,Sales,Not-in-family,Asian-Pac-Islander,Male,0,0,45,Japan,0.3390704751877286,1
33,Private,69251,Assoc-voc,11,Never-married,Sales,Own-child,Asian-Pac-Islander,Male,0,0,40,Philippines,0.3389755760660744,1
35,Private,160120,Bachelors,13,Married-civ-spouse,Adm-clerical,Husband,Asian-Pac-Islander,Male,0,0,40,Philippines,0.33893703428733324,1
27,Local-gov,289039,Some-college,10,Never-married,Protective-serv,Unmarried,Asian-Pac-Islander,Female,0,0,40,United-States,0.33889240675594445,1
41,Private,169104,Bachelors,13,Married-civ-spouse,Craft-repair,Husband,Asian-Pac-Islander,Male,0,0,40,?,0.3388488105572991,1
41,Private,173858,HS-grad,9,Married-civ-spouse,Other-service,Husband,Asian-Pac-Islander,Male,0,0,40,China,0.3388428604838871,1
25,Private,190650,Bachelors,13,Never-married,Prof-specialty,Own-child,Asian-Pac-Islander,Male,0,0,40,Taiwan,0.3388256554263769,1
44,Local-gov,73199,Assoc-voc,11,Divorced,Tech-support,Unmarried,Asian-Pac-Islander,Male,0,0,40,United-States,0.3388141961872032,1
28,Private,149769,HS-grad,9,Never-married,Machine-op-inspct,Not-in-family,Asian-Pac-Islander,Male,0,0,40,Cambodia,0.3388001225471503,1
39,Private,123983,Bachelors,13,Divorced,Sales,Not-in-family,Asian-Pac-Islander,Male,0,0,40,China,0.3387780720433229,1
35,Private,198341,Bachelors,13,Married-civ-spouse,Exec-managerial,Husband,Asian-Pac-Islander,Male,0,0,40,?,0.33872714242686075,1
32,Private,193260,Some-college,10,Married-civ-spouse,Machine-op-inspct,Husband,Asian-Pac-Islander,Male,0,0,40,Philippines,0.33869495269502004,1
56,Federal-gov,61885,Bachelors,13,Never-married,Transport-moving,Not-in-family,Black,Male,0,2001,65,United-States,0.33867356802954096,3
50,Private,98350,Some-college,10,Married-civ-spouse,Adm-clerical,Husband,Asian-Pac-Islander,Male,0,0,40,Philippines,0.3386731943382497,1
39,Private,193260,Some-college,10,Married-civ-spouse,Adm-clerical,Husband,Asian-Pac-Islander,Male,0,0,25,Mexico,0.338643909015237,1
60,Private,139586,Assoc-voc,11,Widowed,Exec-managerial,Unmarried,Asian-Pac-Islander,Female,0,0,40,United-States,0.3386220458933181,1
34,Private,293703,Some-college,10,Married-civ-spouse,Craft-repair,Husband,Asian-Pac-Islander,Male,0,0,40,Philippines,0.33860727705952187,1
58,Self-emp-not-inc,216824,HS-grad,9,Married-civ-spouse,Farming-fishing,Husband,Asian-Pac-Islander,Male,0,0,30,United-States,0.33854990907006455,1
32,Private,137367,11th,7,Never-married,Craft-repair,Not-in-family,Asian-Pac-Islander,Male,0,0,40,India,0.33854015848134056,1
29,Self-emp-not-inc,162312,Some-college,10,Never-married,Exec-managerial,Own-child,Asian-Pac-Islander,Male,0,0,45,South,0.33848304322693024,1
52,State-gov,314627,Masters,14,Divorced,Prof-specialty,Not-in-family,Asian-Pac-Islander,Female,0,0,40,United-States,0.33845337483964544,1
57,Self-emp-not-inc,79539,HS-grad,9,Married-civ-spouse,Farming-fishing,Husband,Asian-Pac-Islander,Male,0,0,40,United-States,0.3383750296448328,2
24,Private,162312,HS-grad,9,Never-married,Sales,Own-child,Asian-Pac-Islander,Male,0,0,40,South,0.33835912379423105,1
34,Local-gov,90934,Assoc-voc,11,Divorced,Protective-serv,Own-child,Asian-Pac-Islander,Male,0,0,40,United-States,0.33827261532217734,1
22,Private,152744,Some-college,10,Never-married,Other-service,Not-in-family,Asian-Pac-Islander,Female,0,0,40,Philippines,0.3379528450391298,1
32,Private,154571,Some-college,10,Never-married,Other-service,Other-relative,Asian-Pac-Islander,Male,0,0,40,?,0.33794910416512547,1
34,Private,69251,Some-college,10,Married-civ-spouse,Other-service,Husband,Asian-Pac-Islander,Male,0,0,40,Philippines,0.3378043335452836,1
25,Private,139012,Bachelors,13,Never-married,Sales,Own-child,Asian-Pac-Islander,Male,2174,0,40,Vietnam,0.33779429959186424,1
21,Private,156687,Some-college,10,Never-married,Sales,Own-child,Asian-Pac-Islander,Male,0,0,30,India,0.33778665082892645,1
65,Self-emp-inc,81413,HS-grad,9,Married-civ-spouse,Farming-fishing,Husband,White,Male,0,2352,65,United-States,0.33760122891921684,1
26,Private,746432,HS-grad,9,Never-married,Handlers-cleaners,Own-child,Black,Male,0,0,48,United-States,0.33748884675007285,1
62,Self-emp-inc,56248,Bachelors,13,Married-civ-spouse,Farming-fishing,Husband,White,Male,0,2415,60,United-States,0.3374872433363467,1
46,Private,124733,Some-college,10,Married-civ-spouse,Craft-repair,Husband,Asian-Pac-Islander,Male,0,0,40,Vietnam,0.33710026852516717,1
62,Private,71751,Some-college,10,Married-civ-spouse,Exec-managerial,Husband,White,Male,0,1977,98,United-States,0.337098169558096,2
37,Private,709445,HS-grad,9,Separated,Craft-repair,Other-relative,Black,Male,0,0,40,United-States,0.3367897386142862,1
26,Private,190650,Bachelors,13,Never-married,Adm-clerical,Own-child,Asian-Pac-Islander,Male,0,0,40,Taiwan,0.3367461236488154,1
28,Private,154571,Some-college,10,Married-civ-spouse,Exec-managerial,Husband,Asian-Pac-Islander,Male,0,0,40,Philippines,0.336690281987055,1
27,Private,298871,Bachelors,13,Never-married,Other-service,Not-in-family,Asian-Pac-Islander,Male,0,0,40,Philippines,0.3366384269053889,1
28,Private,82488,HS-grad,9,Divorced,Tech-support,Own-child,Asian-Pac-Islander,Female,0,0,40,United-States,0.33657859469068885,1
22,Private,229987,Some-college,10,Never-married,Tech-support,Other-relative,Asian-Pac-Islander,Female,0,0,32,United-States,0.33641608962417224,1
30,Private,177216,Prof-school,15,Married-civ-spouse,Prof-specialty,Husband,Black,Male,0,1740,40,Haiti,0.3360127921931795,1
61,?,135285,HS-grad,9,Married-civ-spouse,?,Husband,White,Male,0,2603,32,United-States,0.3359614187575829,2
70,Self-emp-not-inc,124449,Masters,14,Married-civ-spouse,Exec-managerial,Husband,White,Male,0,2246,8,United-States,0.3356098064941876,1
27,Private,330466,Bachelors,13,Never-married,Tech-support,Other-relative,Asian-Pac-Islander,Male,0,0,40,United-States,0.33560086923575105,2
37,Private,758700,9th,5,Married-civ-spouse,Handlers-cleaners,Husband,White,Male,3781,0,50,Mexico,0.33557158524289155,2
67,Self-emp-inc,76860,HS-grad,9,Married-civ-spouse,Exec-managerial,Husband,Asian-Pac-Islander,Male,0,0,40,United-States,0.33522003999988714,2
17,?,806316,11th,7,Never-married,?,Own-child,White,Female,0,0,20,United-States,0.3352156587350369,2
65,Private,149811,HS-grad,9,Divorced,Adm-clerical,Unmarried,White,Female,0,2206,59,Canada,0.33504418923614765,1
47,Self-emp-not-inc,191175,5th-6th,3,Married-civ-spouse,Sales,Husband,White,Male,0,2179,50,Mexico,0.3350174690076593,1
37,Private,154210,Some-college,10,Married-civ-spouse,Craft-repair,Husband,Asian-Pac-Islander,Male,0,0,40,Hong,0.33493002017828666,1
19,Private,115248,Some-college,10,Never-married,Adm-clerical,Not-in-family,Asian-Pac-Islander,Male,0,0,40,Vietnam,0.3348725784836333,1
77,Self-emp-not-inc,71676,Some-college,10,Widowed,Adm-clerical,Not-in-family,White,Female,0,1944,1,United-States,0.33470961793272636,3
20,Private,163003,HS-grad,9,Never-married,Adm-clerical,Unmarried,Asian-Pac-Islander,Female,0,0,15,United-States,0.33468501816179086,1
44,State-gov,691903,Masters,14,Married-civ-spouse,Prof-specialty,Husband,Black,Male,0,0,60,United-States,0.3346196218810612,2
60,Private,399387,7th-8th,4,Separated,Priv-house-serv,Unmarried,Black,Female,0,0,15,United-States,0.33461359522652145,5
34,Private,143582,Some-college,10,Never-married,Adm-clerical,Not-in-family,Asian-Pac-Islander,Female,0,0,35,Japan,0.33458281227631337,1
41,Self-emp-inc,114580,Prof-school,15,Married-civ-spouse,Exec-managerial,Wife,White,Female,0,2415,55,United-States,0.33449070358157107,1
37,Private,265737,Some-college,10,Married-civ-spouse,Exec-managerial,Husband,Black,Male,0,1887,60,Cuba,0.3342881496125527,1
33,Private,96635,Some-college,10,Never-married,Sales,Not-in-family,Asian-Pac-Islander,Male,0,0,26,South,0.3341553908163366,1
50,Private,237729,HS-grad,9,Widowed,Sales,Not-in-family,White,Female,0,2444,72,United-States,0.333998116865861,1
38,Private,116358,Some-college,10,Married-civ-spouse,Other-service,Husband,Asian-Pac-Islander,Male,0,0,40,Philippines,0.3339670405890365,1
38,Private,193961,Some-college,10,Married-civ-spouse,Craft-repair,Husband,Asian-Pac-Islander,Male,0,0,40,Philippines,0.33395564651357534,1
18,Self-emp-not-inc,87169,HS-grad,9,Never-married,Farming-fishing,Own-child,Asian-Pac-Islander,Male,0,0,40,United-States,0.333921045600724,1
43,Self-emp-inc,286750,Prof-school,15,Married-civ-spouse,Prof-specialty,Husband,Black,Male,0,0,99,United-States,0.3339192043705589,2
27,Federal-gov,469705,HS-grad,9,Never-married,Craft-repair,Not-in-family,Black,Male,0,1980,40,United-States,0.3338541762128392,2
37,Private,121772,HS-grad,9,Never-married,Craft-repair,Not-in-family,Asian-Pac-Islander,Male,0,0,40,Hong,0.33366809947177867,1
57,Self-emp-not-inc,118806,1st-4th,2,Widowed,Craft-repair,Other-relative,White,Female,0,1602,45,Columbia,0.33334513272274047,3
37,Private,154571,Some-college,10,Married-civ-spouse,Craft-repair,Husband,Asian-Pac-Islander,Male,0,0,40,?,0.3333183185717007,1
41,State-gov,88913,Assoc-acdm,12,Divorced,Prof-specialty,Unmarried,Asian-Pac-Islander,Female,0,0,36,United-States,0.3332537861571314,1
70,Self-emp-not-inc,155141,Bachelors,13,Married-civ-spouse,Craft-repair,Husband,White,Male,0,2377,12,United-States,0.33301067793723704,1
25,Private,160261,Some-college,10,Never-married,Exec-managerial,Own-child,Asian-Pac-Islander,Male,0,0,40,China,0.33294771083505215,1
38,Self-emp-inc,112847,Prof-school,15,Married-civ-spouse,Prof-specialty,Husband,Asian-Pac-Islander,Male,0,0,40,United-States,0.3329368477527549,1
35,Private,54595,10th,6,Widowed,Other-service,Not-in-family,Black,Female,0,1980,40,United-States,0.332933516885319,2
52,Private,198863,Prof-school,15,Divorced,Exec-managerial,Not-in-family,White,Male,0,2559,60,United-States,0.33284338007767456,2
31,Private,169104,Bachelors,13,Never-married,Sales,Own-child,Asian-Pac-Islander,Male,0,0,40,?,0.33280652363155705,1
33,Private,86143,Some-college,10,Never-married,Exec-managerial,Own-child,Asian-Pac-Islander,Male,0,0,40,Philippines,0.3327912182653008,1
26,Private,162302,Some-college,10,Never-married,Machine-op-inspct,Not-in-family,Asian-Pac-Islander,Male,0,0,40,Philippines,0.33276450131409896,1
38,Private,215917,Some-college,10,Married-civ-spouse,Sales,Husband,Asian-Pac-Islander,Male,0,0,40,Philippines,0.3326430207076405,1
33,Private,139057,Masters,14,Married-civ-spouse,Tech-support,Husband,Asian-Pac-Islander,Male,0,0,50,United-States,0.3326215904467207,2
31,Private,198751,Bachelors,13,Never-married,Craft-repair,Not-in-family,Asian-Pac-Islander,Male,0,0,40,Vietnam,0.3326020748756908,1
30,Federal-gov,73514,Bachelors,13,Never-married,Exec-managerial,Other-relative,Asian-Pac-Islander,Female,0,0,45,United-States,0.33245273188348756,1
64,Federal-gov,86837,Assoc-acdm,12,Married-civ-spouse,Other-service,Husband,Asian-Pac-Islander,Male,0,0,40,United-States,0.33211040346994203,2
35,Private,124483,Bachelors,13,Never-married,Sales,Not-in-family,Asian-Pac-Islander,Male,0,0,50,?,0.33210811191806067,1
24,Private,243190,Assoc-acdm,12,Separated,Craft-repair,Unmarried,Asian-Pac-Islander,Male,8614,0,40,United-States,0.33198974548599347,2
68,?,192052,Some-college,10,Married-civ-spouse,?,Wife,White,Female,0,2457,40,United-States,0.3317220059147775,1
41,Private,349703,Assoc-acdm,12,Married-civ-spouse,Farming-fishing,Husband,Asian-Pac-Islander,Male,0,0,40,United-States,0.33171538907632137,1
39,Self-emp-not-inc,331481,Bachelors,13,Divorced,Craft-repair,Not-in-family,Black,Male,0,1669,60,?,0.3315592865473963,2
46,Private,213611,7th-8th,4,Married-spouse-absent,Priv-house-serv,Unmarried,White,Female,0,1594,24,Guatemala,0.3315176818083714,3
71,Private,235079,Preschool,1,Widowed,Craft-repair,Unmarried,Black,Male,0,0,10,United-States,0.33121919860154814,3
41,?,27187,Assoc-voc,11,Married-civ-spouse,?,Husband,White,Male,0,2415,12,United-States,0.3311529323388479,1
47,State-gov,72333,HS-grad,9,Divorced,Adm-clerical,Unmarried,Asian-Pac-Islander,Female,0,0,40,United-States,0.33095374902634045,1
34,Private,149943,HS-grad,9,Never-married,Other-service,Not-in-family,Asian-Pac-Islander,Male,0,0,40,Japan,0.3309069480942841,1
32,Private,153078,Bachelors,13,Never-married,Other-service,Not-in-family,Asian-Pac-Islander,Male,0,0,40,South,0.33073038023975865,1
39,Private,79331,Masters,14,Married-civ-spouse,Exec-managerial,Husband,Asian-Pac-Islander,Male,15024,0,40,United-States,0.330713172155088,1
52,Federal-gov,76131,Some-college,10,Married-civ-spouse,Exec-managerial,Wife,Asian-Pac-Islander,Female,0,0,40,United-States,0.3304387117286042,1
22,Private,129934,Some-college,10,Never-married,Adm-clerical,Not-in-family,Asian-Pac-Islander,Male,0,0,40,?,0.3302087044626698,1
47,Local-gov,29819,Masters,14,Married-civ-spouse,Exec-managerial,Husband,Black,Male,0,1977,50,United-States,0.32989335651201246,1
56,Self-emp-not-inc,346635,Masters,14,Divorced,Sales,Unmarried,White,Female,0,2339,60,United-States,0.32983923817470806,1
45,Federal-gov,106910,HS-grad,9,Never-married,Transport-moving,Unmarried,Asian-Pac-Islander,Female,0,0,40,United-States,0.32972235317991117,1
23,Private,230315,Some-college,10,Never-married,Other-service,Not-in-family,Asian-Pac-Islander,Male,0,0,40,Dominican-Republic,0.32971005763264083,1
38,Private,111499,HS-grad,9,Married-civ-spouse,Sales,Husband,White,Male,0,1977,99,United-States,0.32962976608174666,2
22,?,182771,Assoc-voc,11,Never-married,?,Own-child,Asian-Pac-Islander,Male,0,0,20,United-States,0.32945633850677614,1
52,State-gov,254285,Doctorate,16,Married-civ-spouse,Prof-specialty,Husband,White,Male,0,1887,70,Germany,0.3294061627715342,4
71,Self-emp-inc,66624,Bachelors,13,Married-civ-spouse,Exec-managerial,Husband,White,Male,0,2392,60,United-States,0.3292617215568021,1
36,Self-emp-not-inc,609935,Bachelors,13,Married-civ-spouse,Transport-moving,Husband,Black,Male,0,0,48,?,0.32910079702196915,2
26,Private,322614,Preschool,1,Married-spouse-absent,Machine-op-inspct,Not-in-family,White,Male,0,1719,40,Mexico,0.32886979268460925,3
28,Private,375313,HS-grad,9,Never-married,Tech-support,Not-in-family,Asian-Pac-Islander,Male,0,0,50,United-States,0.3288519059817133,1
68,Local-gov,177596,10th,6,Separated,Other-service,Not-in-family,Black,Female,0,0,90,United-States,0.32880344372178316,3
64,Local-gov,84737,HS-grad,9,Married-civ-spouse,Other-service,Husband,Asian-Pac-Islander,Male,0,0,35,United-States,0.3288003760980711,2
18,Private,96483,HS-grad,9,Never-married,Other-service,Own-child,Asian-Pac-Islander,Female,0,0,20,United-States,0.3286525759261377,1
19,Self-emp-not-inc,73514,HS-grad,9,Never-married,Adm-clerical,Own-child,Asian-Pac-Islander,Female,0,0,30,United-States,0.32850535214896714,1
43,?,82077,Some-college,10,Divorced,?,Unmarried,Asian-Pac-Islander,Female,0,0,40,United-States,0.3284659808550574,1
43,Private,69758,Assoc-acdm,12,Married-civ-spouse,Tech-support,Husband,Asian-Pac-Islander,Male,0,0,40,United-States,0.3284164240898064,2
41,Local-gov,90692,HS-grad,9,Divorced,Prof-specialty,Unmarried,Asian-Pac-Islander,Female,0,0,40,United-States,0.32835773847824157,1
23,Private,69847,Bachelors,13,Never-married,Prof-specialty,Own-child,Asian-Pac-Islander,Female,0,0,20,United-States,0.3282787962291117,1
28,Local-gov,154863,HS-grad,9,Never-married,Protective-serv,Other-relative,Black,Male,0,1876,40,United-States,0.32808866849167606,2
37,Private,188774,Bachelors,13,Never-married,Exec-managerial,Not-in-family,White,Male,0,2824,40,United-States,0.32802840729534755,2
31,?,672412,11th,7,Separated,?,Not-in-family,Black,Male,0,0,40,United-States,0.32786338855806574,1
43,Private,598606,9th,5,Separated,Handlers-cleaners,Unmarried,Black,Female,0,0,50,United-States,0.32769281017452856,5
17,Private,197850,11th,7,Never-married,Adm-clerical,Own-child,Asian-Pac-Islander,Female,0,0,24,United-States,0.327682700567567,1
43,Private,289669,Masters,14,Divorced,Prof-specialty,Unmarried,White,Female,0,2547,40,United-States,0.3276654963025738,2
56,Private,659558,12th,8,Widowed,Other-service,Unmarried,Black,Female,0,0,40,United-States,0.32753057045980216,3
44,Private,162028,Some-college,10,Married-civ-spouse,Adm-clerical,Wife,White,Female,0,2415,6,United-States,0.3272976243021102,1
27,Private,72887,HS-grad,9,Never-married,Handlers-cleaners,Other-relative,Asian-Pac-Islander,Male,0,0,40,United-States,0.3271469143361566,2
52,State-gov,125796,Masters,14,Married-civ-spouse,Prof-specialty,Wife,Black,Female,0,1848,40,United-States,0.3271450401824628,2
90,Private,90523,HS-grad,9,Widowed,Transport-moving,Unmarried,White,Male,0,0,99,United-States,0.3268407175629392,1
81,Private,177408,HS-grad,9,Married-civ-spouse,Exec-managerial,Husband,White,Male,0,2377,26,United-States,0.326828776278683,1
19,Private,70982,Assoc-voc,11,Never-married,Other-service,Own-child,Asian-Pac-Islander,Male,0,0,16,United-States,0.3267237868743922,1
27,Federal-gov,148153,HS-grad,9,Married-civ-spouse,Handlers-cleaners,Husband,Asian-Pac-Islander,Male,0,0,40,United-States,0.32657074107155404,2
34,Self-emp-not-inc,56460,HS-grad,9,Married-civ-spouse,Farming-fishing,Wife,White,Female,0,2179,12,United-States,0.3265411238606766,1
54,State-gov,93415,Bachelors,13,Never-married,Prof-specialty,Unmarried,Asian-Pac-Islander,Female,0,0,40,United-States,0.32642372675592934,1
19,?,71592,Some-college,10,Never-married,?,Own-child,Asian-Pac-Islander,Female,0,0,40,United-States,0.3263926859930837,1
36,Private,228157,Some-college,10,Never-married,Craft-repair,Not-in-family,Asian-Pac-Islander,Male,0,0,40,Laos,0.3263601365319212,1
66,Local-gov,174486,Doctorate,16,Married-civ-spouse,Prof-specialty,Husband,Black,Male,20051,0,35,Jamaica,0.32633186215168786,5
28,Private,251905,Prof-school,15,Never-married,Prof-specialty,Not-in-family,White,Male,0,2339,40,Canada,0.32628848530653576,1
24,Private,73928,Assoc-voc,11,Never-married,Adm-clerical,Own-child,Asian-Pac-Islander,Female,0,0,20,United-States,0.3261618122025629,1
19,Private,271521,HS-grad,9,Never-married,Other-service,Other-relative,Asian-Pac-Islander,Male,0,0,24,United-States,0.3260675399378239,1
18,?,261276,Some-college,10,Never-married,?,Own-child,Black,Female,0,1602,40,Cambodia,0.325874496911983,2
44,Local-gov,212665,Some-college,10,Married-civ-spouse,Protective-serv,Husband,Black,Male,0,0,99,United-States,0.3258235403978338,1
59,Private,81973,Masters,14,Married-civ-spouse,Exec-managerial,Husband,Asian-Pac-Islander,Male,0,0,40,United-States,0.3256887932389819,2
48,Self-emp-not-inc,82098,Some-college,10,Married-civ-spouse,Exec-managerial,Husband,Asian-Pac-Islander,Male,0,0,65,United-States,0.32567018752241506,1
18,?,91670,Some-college,10,Never-married,?,Own-child,Asian-Pac-Islander,Female,0,0,40,United-States,0.3256659850426239,1
69,Private,124930,5th-6th,3,Married-civ-spouse,Machine-op-inspct,Husband,White,Male,0,2267,40,United-States,0.32561207378418233,1
22,Private,227994,Some-college,10,Married-spouse-absent,Adm-clerical,Own-child,Asian-Pac-Islander,Female,0,0,39,United-States,0.3254763282899683,1
59,Local-gov,147707,HS-grad,9,Widowed,Farming-fishing,Unmarried,White,Male,0,2339,40,United-States,0.3254154062106557,1
78,Self-emp-inc,188044,Bachelors,13,Married-civ-spouse,Exec-managerial,Husband,White,Male,0,2392,40,United-States,0.32532999518280703,1
51,Private,197163,Prof-school,15,Never-married,Prof-specialty,Not-in-family,White,Female,0,2559,50,United-States,0.3253181709986033,2
57,Private,140426,Doctorate,16,Married-civ-spouse,Tech-support,Husband,White,Male,0,1977,40,Germany,0.32531736182765325,1
43,Private,115806,Masters,14,Divorced,Exec-managerial,Unmarried,White,Female,0,2547,40,United-States,0.32531215873131236,2
26,Self-emp-not-inc,68729,HS-grad,9,Never-married,Sales,Other-relative,Asian-Pac-Islander,Male,0,0,50,United-States,0.32528219744957987,1
33,Private,355856,Assoc-acdm,12,Married-civ-spouse,Sales,Husband,Asian-Pac-Islander,Male,0,0,60,United-States,0.32521959524568833,1
45,Private,75673,Assoc-voc,11,Widowed,Adm-clerical,Not-in-family,Asian-Pac-Islander,Female,0,0,40,United-States,0.32509568363170727,1
45,State-gov,81853,Some-college,10,Married-civ-spouse,Adm-clerical,Wife,Asian-Pac-Islander,Female,0,0,40,United-States,0.3250871075937076,1
44,Private,721161,Some-college,10,Separated,Machine-op-inspct,Not-in-family,Black,Male,0,0,40,United-States,0.32507529669338575,1
42,Federal-gov,70240,Some-college,10,Divorced,Exec-managerial,Unmarried,Asian-Pac-Islander,Female,0,0,40,United-States,0.3250169254405798,1
22,Private,160120,10th,6,Never-married,Transport-moving,Own-child,Asian-Pac-Islander,Male,0,0,30,United-States,0.324879589545889,1
20,Private,159297,Some-college,10,Never-married,Adm-clerical,Own-child,Asian-Pac-Islander,Female,0,0,15,United-States,0.3248712590882389,1
50,Self-emp-inc,167793,Prof-school,15,Married-civ-spouse,Prof-specialty,Husband,White,Male,0,2415,60,United-States,0.3247440155169322,1
45,Private,390368,Some-college,10,Married-civ-spouse,Sales,Husband,Black,Male,15024,0,99,United-States,0.32472134197272695,2
36,State-gov,747719,Prof-school,15,Married-civ-spouse,Prof-specialty,Wife,White,Female,15024,0,50,United-States,0.3246726530239632,4
37,Self-emp-inc,107164,10th,6,Never-married,Transport-moving,Not-in-family,White,Male,0,2559,50,United-States,0.3246621890833489,2
43,Private,266324,HS-grad,9,Married-civ-spouse,Craft-repair,Husband,White,Male,0,1902,99,United-States,0.3245711877962998,2
55,Local-gov,296085,Assoc-acdm,12,Married-civ-spouse,Prof-specialty,Husband,Asian-Pac-Islander,Male,0,0,40,United-States,0.32451631200253606,2
59,Private,81929,Doctorate,16,Married-civ-spouse,Prof-specialty,Husband,White,Male,0,2415,45,United-States,0.3244461699161574,1
49,Private,173115,10th,6,Separated,Exec-managerial,Not-in-family,Black,Male,4416,0,99,United-States,0.3244441573915824,2
50,Self-emp-not-inc,42402,Prof-school,15,Married-civ-spouse,Prof-specialty,Husband,White,Male,0,2415,30,United-States,0.3244128392592268,1
31,Private,237824,HS-grad,9,Married-spouse-absent,Priv-house-serv,Other-relative,Black,Female,0,0,60,Jamaica,0.32440248934245197,5
30,Private,88913,Some-college,10,Separated,Other-service,Unmarried,Asian-Pac-Islander,Female,0,0,40,United-States,0.32439051111004735,1
49,Self-emp-not-inc,208872,HS-grad,9,Married-civ-spouse,Farming-fishing,Husband,White,Male,0,1672,98,United-States,0.32434942631810804,1
32,Local-gov,161478,Bachelors,13,Divorced,Adm-clerical,Unmarried,Asian-Pac-Islander,Female,0,0,46,United-States,0.3243150447030497,1
72,Self-emp-not-inc,285408,Prof-school,15,Married-civ-spouse,Prof-specialty,Husband,White,Male,0,2246,28,United-States,0.3243016742221827,1
28,State-gov,73211,Some-college,10,Married-civ-spouse,Adm-clerical,Husband,Asian-Pac-Islander,Male,0,0,20,United-States,0.3242390856416536,1
32,Federal-gov,72338,Assoc-voc,11,Never-married,Prof-specialty,Other-relative,Asian-Pac-Islander,Male,0,0,40,United-States,0.32417847208857553,1
39,Private,179731,Masters,14,Married-civ-spouse,Exec-managerial,Wife,White,Female,0,2415,65,United-States,0.32415783540974163,1
55,State-gov,111130,Assoc-acdm,12,Divorced,Adm-clerical,Own-child,Asian-Pac-Islander,Male,0,0,40,United-States,0.32388040594173817,1
67,State-gov,239705,Doctorate,16,Married-civ-spouse,Prof-specialty,Husband,Black,Male,0,0,12,?,0.32387667574416745,3
45,Private,81132,Some-college,10,Married-civ-spouse,Tech-support,Husband,Asian-Pac-Islander,Male,0,0,55,United-States,0.32386965738640616,1
31,Federal-gov,34862,Assoc-acdm,12,Married-civ-spouse,Sales,Husband,Asian-Pac-Islander,Male,0,0,40,United-States,0.3238178975290197,1
54,Private,161691,Masters,14,Divorced,Prof-specialty,Not-in-family,White,Female,0,2559,40,United-States,0.32379030301213363,2
25,Self-emp-not-inc,72338,HS-grad,9,Never-married,Sales,Unmarried,Asian-Pac-Islander,Female,0,0,40,United-States,0.32375889044958905,1
32,State-gov,77723,Bachelors,13,Divorced,Exec-managerial,Not-in-family,Asian-Pac-Islander,Female,0,0,40,United-States,0.3236226004609225,1
34,Private,101709,HS-grad,9,Separated,Transport-moving,Not-in-family,Asian-Pac-Islander,Male,0,0,40,United-States,0.3235641455901246,1
34,Private,110978,Prof-school,15,Never-married,Prof-specialty,Not-in-family,Asian-Pac-Islander,Female,0,0,40,United-States,0.3233611427610368,2
37,Private,86150,Bachelors,13,Married-civ-spouse,Other-service,Wife,Asian-Pac-Islander,Female,0,0,30,United-States,0.32335917550507454,1
21,Private,34310,Assoc-voc,11,Married-civ-spouse,Craft-repair,Husband,White,Male,0,2603,40,United-States,0.323284622982827,2
32,Federal-gov,82393,Bachelors,13,Married-civ-spouse,Prof-specialty,Husband,Asian-Pac-Islander,Male,0,0,56,United-States,0.3231732057290019,1
68,?,286869,7th-8th,4,Widowed,?,Not-in-family,White,Female,0,1668,40,?,0.3231225073071712,2
71,Private,228806,9th,5,Divorced,Priv-house-serv,Not-in-family,Black,Female,0,0,6,United-States,0.3230150722415057,5
72,Private,497280,9th,5,Widowed,Other-service,Unmarried,Black,Female,0,0,20,United-States,0.32300508002561035,4
20,Private,112847,HS-grad,9,Never-married,Farming-fishing,Own-child,Asian-Pac-Islander,Male,0,0,40,United-States,0.32292905170879904,2
22,?,177902,Some-college,10,Never-married,?,Not-in-family,Asian-Pac-Islander,Female,0,0,25,United-States,0.3228750985926735,1
67,Private,118363,Bachelors,13,Divorced,Exec-managerial,Not-in-family,White,Female,0,2206,5,United-States,0.32287069217180553,1
20,Private,304710,Some-college,10,Never-married,Sales,Own-child,Asian-Pac-Islander,Female,0,0,20,United-States,0.322786110946778,1
60,Self-emp-not-inc,73091,HS-grad,9,Separated,Other-service,Not-in-family,Black,Male,0,1876,50,United-States,0.32274825807543683,2
53,Private,202720,9th,5,Married-spouse-absent,Machine-op-inspct,Unmarried,Black,Male,0,0,75,Haiti,0.3227303178578629,5
66,Private,78855,HS-grad,9,Never-married,Adm-clerical,Not-in-family,Asian-Pac-Islander,Female,0,0,40,United-States,0.32248149797118575,1
35,Private,276153,Bachelors,13,Never-married,Tech-support,Not-in-family,Asian-Pac-Islander,Female,4650,0,40,United-States,0.322294059864476,1
34,Private,180714,Some-college,10,Married-civ-spouse,Transport-moving,Husband,Black,Male,0,2179,40,United-States,0.3222197682961351,1
33,Private,70447,HS-grad,9,Never-married,Transport-moving,Other-relative,Asian-Pac-Islander,Male,0,0,40,United-States,0.3222125265948125,2
31,Private,591711,Some-college,10,Married-spouse-absent,Transport-moving,Not-in-family,Black,Male,0,0,40,?,0.32214498320753404,1
84,Private,388384,7th-8th,4,Married-civ-spouse,Prof-specialty,Husband,Black,Male,0,0,10,United-States,0.3219915231956809,3
28,Self-emp-not-inc,104617,7th-8th,4,Never-married,Other-service,Other-relative,White,Female,0,0,99,Mexico,0.3219440437784983,1
61,Self-emp-not-inc,36671,HS-grad,9,Married-civ-spouse,Farming-fishing,Husband,White,Male,0,2352,50,United-States,0.32190538664797486,1
42,Self-emp-inc,187702,Prof-school,15,Married-civ-spouse,Prof-specialty,Husband,White,Male,0,2415,60,United-States,0.32178007420293064,1
63,Self-emp-not-inc,289741,Masters,14,Married-civ-spouse,Farming-fishing,Husband,White,Male,41310,0,50,United-States,0.3215605016264479,2
56,Private,91262,HS-grad,9,Married-civ-spouse,Transport-moving,Husband,Asian-Pac-Islander,Male,0,0,45,United-States,0.3214585293447165,2
31,Private,467579,Bachelors,13,Married-civ-spouse,Exec-managerial,Husband,Black,Male,0,1887,40,United-States,0.32121850366760574,1
50,Self-emp-inc,201689,7th-8th,4,Married-civ-spouse,Craft-repair,Husband,White,Male,0,1977,63,?,0.3211479826048472,1
51,State-gov,68898,Assoc-voc,11,Divorced,Tech-support,Not-in-family,White,Male,0,2444,39,United-States,0.3210431180059722,1
34,Private,96483,Assoc-acdm,12,Never-married,Adm-clerical,Not-in-family,Asian-Pac-Islander,Female,8614,0,60,United-States,0.3208868648779347,2
48,Private,105138,HS-grad,9,Divorced,Exec-managerial,Unmarried,Asian-Pac-Islander,Female,0,0,40,United-States,0.32079237413719164,2
53,Local-gov,137250,Masters,14,Widowed,Prof-specialty,Unmarried,Black,Female,0,1669,35,United-States,0.32077347322390304,1
25,Self-emp-inc,86745,Bachelors,13,Never-married,Adm-clerical,Own-child,Asian-Pac-Islander,Female,0,0,40,United-States,0.3206927035785977,1
75,Self-emp-not-inc,309955,Prof-school,15,Married-civ-spouse,Prof-specialty,Husband,White,Male,0,2174,50,United-States,0.32043251539485684,1
31,Private,173279,Bachelors,13,Married-civ-spouse,Tech-support,Husband,Asian-Pac-Islander,Male,0,0,40,United-States,0.32039036846545255,1
26,Private,77698,Some-college,10,Married-civ-spouse,Prof-specialty,Wife,Asian-Pac-Islander,Female,0,0,40,United-States,0.3203511694436679,1
38,Self-emp-not-inc,146042,Bachelors,13,Married-civ-spouse,Prof-specialty,Husband,Asian-Pac-Islander,Male,3103,0,60,United-States,0.3202175164789386,1
37,Private,405644,1st-4th,2,Married-spouse-absent,Farming-fishing,Other-relative,White,Male,0,0,77,Mexico,0.32009036584660255,3
38,Private,87282,Assoc-voc,11,Never-married,Exec-managerial,Other-relative,Asian-Pac-Islander,Female,0,0,40,United-States,0.3200743779912736,1
46,Federal-gov,297906,Bachelors,13,Married-civ-spouse,Prof-specialty,Husband,Asian-Pac-Islander,Male,0,0,50,United-States,0.3198331780788878,1
29,Private,176760,Prof-school,15,Never-married,Prof-specialty,Not-in-family,Asian-Pac-Islander,Male,0,0,55,United-States,0.31976099518185075,1
49,Local-gov,102359,9th,5,Widowed,Handlers-cleaners,Unmarried,White,Male,0,2231,40,United-States,0.31971612289107487,1
33,Private,288825,HS-grad,9,Divorced,Craft-repair,Not-in-family,White,Male,0,2258,84,United-States,0.31970978484768,1
32,Private,27882,Some-college,10,Never-married,Machine-op-inspct,Other-relative,White,Female,0,2205,40,Holand-Netherlands,0.31944209322577033,3
52,Self-emp-inc,74712,HS-grad,9,Married-civ-spouse,Sales,Husband,Asian-Pac-Islander,Male,0,0,40,United-States,0.31939892639311696,2
47,Private,51835,Prof-school,15,Married-civ-spouse,Prof-specialty,Wife,White,Female,0,1902,60,Honduras,0.3193600519356993,3
51,Private,415287,HS-grad,9,Married-civ-spouse,Machine-op-inspct,Husband,Black,Male,0,1902,40,United-States,0.31925057295551496,1
27,Private,153078,Prof-school,15,Never-married,Prof-specialty,Own-child,Asian-Pac-Islander,Male,0,0,40,United-States,0.3190783452356091,2
45,Local-gov,132563,Prof-school,15,Divorced,Prof-specialty,Unmarried,Black,Female,0,1726,40,United-States,0.3189342019048357,1
43,Federal-gov,101709,Some-college,10,Divorced,Handlers-cleaners,Not-in-family,Asian-Pac-Islander,Male,0,0,40,United-States,0.31854643447755726,1
49,Private,33673,12th,8,Never-married,Transport-moving,Not-in-family,Asian-Pac-Islander,Male,0,0,35,United-States,0.3184230508450131,2
66,Private,236879,Preschool,1,Widowed,Priv-house-serv,Other-relative,White,Female,0,0,40,Guatemala,0.31838855157830326,3
54,Private,139850,Masters,14,Married-civ-spouse,Exec-managerial,Husband,Asian-Pac-Islander,Male,0,0,45,United-States,0.3183512488761465,1
23,Private,162551,Bachelors,13,Never-married,Adm-clerical,Not-in-family,Asian-Pac-Islander,Female,0,0,20,United-States,0.3182942820987904,1
32,Private,63910,HS-grad,9,Divorced,Adm-clerical,Own-child,Asian-Pac-Islander,Female,0,0,40,United-States,0.3182140180866725,2
21,Private,344891,Some-college,10,Never-married,Adm-clerical,Own-child,Asian-Pac-Islander,Male,0,0,20,United-States,0.3181919468348954,1
18,Private,71792,HS-grad,9,Never-married,Sales,Own-child,Asian-Pac-Islander,Female,0,0,40,United-States,0.3181827694088214,2
61,Private,84587,Assoc-voc,11,Married-civ-spouse,Craft-repair,Husband,Asian-Pac-Islander,Male,0,0,40,United-States,0.3181415219155612,2
55,Private,82098,HS-grad,9,Married-civ-spouse,Exec-managerial,Husband,Asian-Pac-Islander,Male,0,0,55,United-States,0.3181168505691999,2
50,?,204577,Bachelors,13,Married-civ-spouse,?,Husband,Black,Male,0,1902,60,United-States,0.3181057194745348,1
58,Self-emp-inc,181974,Doctorate,16,Never-married,Prof-specialty,Not-in-family,White,Female,0,0,99,?,0.3180408470644964,3
49,Self-emp-inc,86701,Some-college,10,Married-civ-spouse,Craft-repair,Husband,Asian-Pac-Islander,Male,0,0,56,United-States,0.3180325303027022,1
71,Private,110380,HS-grad,9,Married-civ-spouse,Sales,Husband,White,Male,0,2467,52,United-States,0.3179611518483936,1
52,Self-emp-not-inc,89028,HS-grad,9,Married-civ-spouse,Craft-repair,Husband,Asian-Pac-Islander,Male,0,0,40,United-States,0.31784726879915615,2
35,Private,101709,HS-grad,9,Never-married,Transport-moving,Own-child,Asian-Pac-Islander,Male,0,0,60,United-States,0.31766137565357666,1
39,Private,155603,Some-college,10,Never-married,Other-service,Own-child,Black,Female,0,2205,40,United-States,0.3175356672063314,1
44,Federal-gov,68729,Bachelors,13,Married-civ-spouse,Exec-managerial,Husband,Asian-Pac-Islander,Male,0,0,40,United-States,0.3175330963067913,1
26,Local-gov,150553,Bachelors,13,Never-married,Adm-clerical,Own-child,Asian-Pac-Islander,Female,0,0,50,United-States,0.31735311716888426,1
36,Self-emp-inc,107218,Some-college,10,Divorced,Sales,Unmarried,Asian-Pac-Islander,Male,0,0,55,United-States,0.31730190173993356,1
58,Self-emp-not-inc,43221,Some-college,10,Married-civ-spouse,Farming-fishing,Husband,White,Male,0,2415,40,United-States,0.31722294492477077,1
49,Federal-gov,105586,Assoc-voc,11,Married-civ-spouse,Craft-repair,Husband,Asian-Pac-Islander,Male,0,0,40,United-States,0.3171431191715127,1
65,Local-gov,146454,Masters,14,Married-civ-spouse,Prof-specialty,Husband,White,Male,0,1648,4,Greece,0.3171038617040467,2
60,Private,85815,HS-grad,9,Married-civ-spouse,Craft-repair,Husband,Asian-Pac-Islander,Male,0,0,40,United-States,0.31706206216581434,2
57,Private,141570,Masters,14,Married-civ-spouse,Exec-managerial,Husband,Black,Male,0,1977,40,United-States,0.3169922832539981,1
50,Private,102346,Bachelors,13,Married-civ-spouse,Exec-managerial,Wife,White,Female,0,2415,20,United-States,0.3168188904692085,1
23,Private,320451,Bachelors,13,Never-married,Exec-managerial,Own-child,Asian-Pac-Islander,Male,0,0,24,United-States,0.316571928405197,1
75,Private,95985,5th-6th,3,Widowed,Other-service,Unmarried,Black,Male,0,0,10,United-States,0.3165267624902721,4
39,Private,67136,Assoc-voc,11,Separated,Adm-clerical,Not-in-family,Asian-Pac-Islander,Male,0,0,40,United-States,0.31639919941596306,1
73,Self-emp-not-inc,102510,7th-8th,4,Married-civ-spouse,Farming-fishing,Husband,White,Male,6418,0,99,United-States,0.3163974134661939,4
18,Private,152246,Some-college,10,Never-married,Other-service,Own-child,Asian-Pac-Islander,Male,0,0,16,United-States,0.31639405526111275,1
47,Self-emp-inc,102308,Prof-school,15,Married-civ-spouse,Prof-specialty,Husband,White,Male,0,2415,45,United-States,0.31636897903916605,1
23,Private,44064,Some-college,10,Separated,Other-service,Not-in-family,White,Male,0,2559,40,United-States,0.31629859773563185,2
32,Private,103608,Bachelors,13,Married-civ-spouse,Handlers-cleaners,Husband,Asian-Pac-Islander,Male,0,0,40,United-States,0.3162655009230948,1
34,Private,69251,HS-grad,9,Married-civ-spouse,Transport-moving,Husband,Asian-Pac-Islander,Male,0,0,40,United-States,0.31622119084580547,2
58,Local-gov,239405,5th-6th,3,Divorced,Other-service,Other-relative,Black,Female,0,0,40,Haiti,0.3161017958714466,5
41,State-gov,73199,Bachelors,13,Married-civ-spouse,Exec-managerial,Husband,Asian-Pac-Islander,Male,0,0,40,United-States,0.3160481585696041,1
46,Private,214955,5th-6th,3,Divorced,Craft-repair,Not-in-family,White,Female,0,2339,45,United-States,0.31591656193160433,1
20,Private,227491,HS-grad,9,Never-married,Sales,Not-in-family,Asian-Pac-Islander,Female,0,0,25,United-States,0.31589325518169564,1
21,Private,688355,HS-grad,9,Never-married,Adm-clerical,Unmarried,Black,Female,0,0,40,United-States,0.31568038232115336,1
30,Local-gov,145692,Some-college,10,Never-married,Protective-serv,Not-in-family,Black,Male,0,1974,40,United-States,0.31565531037729966,1
61,Private,668362,1st-4th,2,Widowed,Handlers-cleaners,Not-in-family,White,Female,0,0,40,United-States,0.31565420953017853,4
66,Private,178120,5th-6th,3,Divorced,Priv-house-serv,Not-in-family,Black,Female,0,0,15,United-States,0.3155773054206551,4
24,Federal-gov,44075,Bachelors,13,Never-married,Prof-specialty,Not-in-family,Asian-Pac-Islander,Male,0,0,40,United-States,0.31557581844400684,1
40,Self-emp-not-inc,33310,Prof-school,15,Divorced,Other-service,Not-in-family,White,Female,0,2339,35,United-States,0.31556078298807955,1
46,Private,326857,Masters,14,Married-civ-spouse,Sales,Husband,White,Male,0,2415,65,United-States,0.31547861795926646,1
61,Private,107438,7th-8th,4,Married-civ-spouse,Transport-moving,Husband,Black,Male,0,1651,40,United-States,0.3154157769936846,1
58,Self-emp-not-inc,147653,10th,6,Married-civ-spouse,Craft-repair,Wife,White,Female,0,1977,35,?,0.3153506960370741,1
24,State-gov,208826,Doctorate,16,Never-married,Prof-specialty,Not-in-family,White,Female,0,0,99,England,0.3153413123711576,2
44,State-gov,87282,Bachelors,13,Never-married,Prof-specialty,Not-in-family,Asian-Pac-Islander,Female,0,0,38,United-States,0.3153356660706943,1
76,?,211453,HS-grad,9,Widowed,?,Not-in-family,Black,Female,0,0,2,United-States,0.3153076783629878,2
41,Local-gov,297248,Prof-school,15,Married-civ-spouse,Prof-specialty,Husband,White,Male,0,2415,45,United-States,0.3152026326720949,1
53,Private,137192,Bachelors,13,Divorced,Exec-managerial,Unmarried,Asian-Pac-Islander,Male,0,0,50,United-States,0.31514539244913986,1
20,Private,86143,Some-college,10,Never-married,Other-service,Other-relative,Asian-Pac-Islander,Male,0,0,30,United-States,0.31512883929584323,1
24,Local-gov,34246,Bachelors,13,Never-married,Prof-specialty,Not-in-family,Asian-Pac-Islander,Male,0,0,40,United-States,0.31509758214138284,1
20,Private,691830,HS-grad,9,Never-married,Sales,Own-child,Black,Female,0,0,35,United-States,0.315033156074113,1
75,Private,191446,1st-4th,2,Married-civ-spouse,Other-service,Other-relative,Black,Female,0,0,16,United-States,0.31497063522301594,3
53,Federal-gov,271544,HS-grad,9,Married-civ-spouse,Adm-clerical,Husband,Black,Male,0,1977,40,United-States,0.3149307606832831,1
19,Private,96483,HS-grad,9,Never-married,Other-service,Own-child,Asian-Pac-Islander,Female,0,0,40,United-States,0.3148623713816191,2
24,Private,698418,Some-college,10,Never-married,Adm-clerical,Own-child,Black,Female,0,0,25,United-States,0.3148087322363421,2
30,Private,63910,HS-grad,9,Married-civ-spouse,Sales,Own-child,Asian-Pac-Islander,Female,0,0,40,United-States,0.31479024961763324,1
44,Private,326232,Bachelors,13,Divorced,Exec-managerial,Unmarried,White,Male,0,2547,50,United-States,0.3147762800019517,2
68,?,257269,Bachelors,13,Married-civ-spouse,?,Husband,White,Male,0,2377,35,United-States,0.31475845272965364,1
57,Private,79830,HS-grad,9,Married-civ-spouse,Craft-repair,Husband,Asian-Pac-Islander,Male,0,0,40,United-States,0.31471283086122925,2
67,?,174995,Some-college,10,Married-civ-spouse,?,Husband,White,Male,0,2457,40,United-States,0.3144967528503039,1
29,Private,187188,Masters,14,Never-married,Exec-managerial,Not-in-family,Asian-Pac-Islander,Male,0,0,60,United-States,0.31446841326329733,1
34,Private,684015,5th-6th,3,Never-married,Handlers-cleaners,Own-child,White,Male,0,0,40,El-Salvador,0.3144278990871332,1
28,Private,69847,Bachelors,13,Never-married,Adm-clerical,Own-child,Asian-Pac-Islander,Female,0,0,30,United-States,0.31439589494523923,1
26,Private,60722,Bachelors,13,Never-married,Prof-specialty,Own-child,Asian-Pac-Islander,Female,0,0,40,United-States,0.31432565701384985,1
41,Private,529216,Bachelors,13,Divorced,Tech-support,Unmarried,Black,Male,7430,0,45,?,0.3142431820832937,6
35,Private,160120,Masters,14,Married-civ-spouse,Exec-managerial,Husband,Asian-Pac-Islander,Male,0,0,50,United-States,0.3141345893327646,2
38,Local-gov,172855,Bachelors,13,Married-civ-spouse,Prof-specialty,Wife,Black,Female,0,1887,40,United-States,0.31396286825822517,1
51,Self-emp-not-inc,268639,Some-college,10,Married-civ-spouse,Prof-specialty,Wife,White,Female,0,2057,60,Canada,0.313961621067012,2
36,Federal-gov,112847,Bachelors,13,Married-civ-spouse,Prof-specialty,Husband,Asian-Pac-Islander,Male,0,0,40,United-States,0.3139437540847613,1
41,Self-emp-not-inc,95708,Masters,14,Never-married,Exec-managerial,Not-in-family,Asian-Pac-Islander,Male,0,0,45,United-States,0.3137776383969396,1
24,Local-gov,289886,11th,7,Never-married,Other-service,Not-in-family,Asian-Pac-Islander,Male,0,0,45,United-States,0.31360294507471076,1
32,Private,295589,Masters,14,Married-civ-spouse,Exec-managerial,Husband,Black,Male,0,1977,40,United-States,0.3135871327582246,1
30,Private,182771,Masters,14,Married-civ-spouse,Prof-specialty,Husband,Asian-Pac-Islander,Male,0,0,40,United-States,0.3134685233733647,2
43,Private,88913,Some-college,10,Never-married,Handlers-cleaners,Own-child,Asian-Pac-Islander,Female,1055,0,40,United-States,0.3132399347356739,1
45,Private,350440,HS-grad,9,Married-civ-spouse,Exec-managerial,Husband,Asian-Pac-Islander,Male,0,0,40,United-States,0.3132119182076427,2
23,?,190650,Bachelors,13,Never-married,?,Not-in-family,Asian-Pac-Islander,Male,0,0,35,United-States,0.3131636065992629,1
54,Private,217718,5th-6th,3,Married-spouse-absent,Other-service,Unmarried,Black,Female,0,0,30,Haiti,0.31315913812615404,4
34,Private,100669,Bachelors,13,Married-civ-spouse,Transport-moving,Husband,Asian-Pac-Islander,Male,0,0,40,United-States,0.3130851787492215,1
47,Private,85129,HS-grad,9,Divorced,Other-service,Not-in-family,Asian-Pac-Islander,Female,0,0,40,United-States,0.3130453887423431,2
24,Self-emp-not-inc,375313,Some-college,10,Never-married,Prof-specialty,Not-in-family,Asian-Pac-Islander,Male,0,0,40,United-States,0.3129679040197384,2
35,Private,70447,Some-college,10,Never-married,Prof-specialty,Unmarried,Asian-Pac-Islander,Male,4650,0,20,United-States,0.3129042507166322,1
40,Self-emp-not-inc,335549,Prof-school,15,Never-married,Prof-specialty,Not-in-family,White,Male,0,2444,45,United-States,0.31287565452899513,1
