age,workclass,fnlwgt,education,education.num,marital.status,occupation,relationship,race,sex,capital.gain,capital.loss,hours.per.week,native.country,score_xgboost,anomaly_vote_count
47,Private,193047,Doctorate,16,Married-civ-spouse,Exec-managerial,Husband,White,Male,99999,0,50,United-States,1.0,1
51,State-gov,231495,Doctorate,16,Married-civ-spouse,Exec-managerial,Husband,White,Male,7688,0,55,United-States,0.999867720751632,0
42,Self-emp-inc,277488,Prof-school,15,Married-civ-spouse,Prof-specialty,Husband,White,Male,15024,0,65,United-States,0.9997575309785269,0
38,Self-emp-inc,478829,Prof-school,15,Married-civ-spouse,Prof-specialty,Husband,White,Male,99999,0,50,United-States,0.9997575309785269,1
52,Self-emp-inc,334273,Doctorate,16,Married-civ-spouse,Prof-specialty,Husband,White,Male,99999,0,65,United-States,0.9997575309785269,3
51,Self-emp-inc,338260,Prof-school,15,Married-civ-spouse,Prof-specialty,Husband,White,Male,15024,0,60,United-States,0.9997575309785269,0
46,Federal-gov,102308,Prof-school,15,Married-civ-spouse,Prof-specialty,Husband,White,Male,15024,0,50,United-States,0.999532192570523,0
47,Private,323798,Prof-school,15,Married-civ-spouse,Prof-specialty,Husband,White,Male,15024,0,55,United-States,0.9993623032534855,0
39,Private,190297,Doctorate,16,Married-civ-spouse,Prof-specialty,Husband,White,Male,99999,0,55,United-States,0.9993623032534855,1
43,Private,180599,Prof-school,15,Married-civ-spouse,Prof-specialty,Husband,White,Male,15024,0,60,United-States,0.9993623032534855,0
39,Self-emp-not-inc,126569,Prof-school,15,Married-civ-spouse,Prof-specialty,Husband,White,Male,15024,0,60,United-States,0.9987689786599045,0
37,Self-emp-not-inc,362062,Prof-school,15,Married-civ-spouse,Prof-specialty,Husband,White,Male,99999,0,50,United-States,0.9987689786599045,1
50,Private,43764,Doctorate,16,Married-civ-spouse,Prof-specialty,Husband,White,Male,15024,0,50,United-States,0.9987238336973407,0
51,Private,338620,Masters,14,Married-civ-spouse,Exec-managerial,Husband,White,Male,15024,0,60,United-States,0.9986924705065154,0
40,Private,226902,Masters,14,Married-civ-spouse,Exec-managerial,Husband,White,Male,15024,0,50,United-States,0.9986924705065154,0
45,Private,102308,Masters,14,Married-civ-spouse,Exec-managerial,Husband,White,Male,15024,0,60,United-States,0.9986924705065154,0
38,Private,185848,Masters,14,Married-civ-spouse,Exec-managerial,Husband,White,Male,99999,0,70,United-States,0.9986924705065154,1
47,Private,102628,Masters,14,Married-civ-spouse,Exec-managerial,Husband,White,Male,15024,0,55,United-States,0.9986924705065154,0
50,Private,204447,Masters,14,Married-civ-spouse,Exec-managerial,Husband,White,Male,15024,0,65,United-States,0.9986924705065154,0
41,Self-emp-not-inc,100800,Masters,14,Married-civ-spouse,Exec-managerial,Husband,White,Male,7298,0,70,United-States,0.9980930278366955,1
49,Private,65087,Masters,14,Married-civ-spouse,Exec-managerial,Husband,White,Male,15024,0,50,United-States,0.9980474964693167,0
41,Private,150755,Doctorate,16,Married-civ-spouse,Exec-managerial,Husband,White,Male,15024,0,50,Canada,0.9978238324821782,0
50,Private,147629,Masters,14,Married-civ-spouse,Prof-specialty,Husband,White,Male,15024,0,45,United-States,0.9978181008107543,0
38,Private,227945,Masters,14,Married-civ-spouse,Prof-specialty,Husband,White,Male,99999,0,65,United-States,0.9978181008107543,1
39,Private,198841,Masters,14,Married-civ-spouse,Prof-specialty,Husband,White,Male,7688,0,45,United-States,0.9978181008107543,0
41,State-gov,106900,Masters,14,Married-civ-spouse,Prof-specialty,Husband,White,Male,7298,0,60,United-States,0.9976813779070126,0
44,Private,267717,Masters,14,Married-civ-spouse,Craft-repair,Husband,White,Male,15024,0,45,United-States,0.9975466514281488,0
50,Self-emp-inc,283676,Doctorate,16,Married-civ-spouse,Prof-specialty,Husband,White,Male,15024,0,60,United-States,0.9974700788739572,0
45,Self-emp-inc,181307,Prof-school,15,Married-civ-spouse,Prof-specialty,Husband,White,Male,15024,0,43,United-States,0.9974700788739572,0
53,Federal-gov,199720,Doctorate,16,Married-civ-spouse,Prof-specialty,Husband,White,Male,15024,0,60,Germany,0.9974700788739572,2
39,Self-emp-inc,114844,Prof-school,15,Married-civ-spouse,Prof-specialty,Husband,White,Male,99999,0,65,United-States,0.9974700788739572,1
46,Self-emp-inc,120131,Prof-school,15,Married-civ-spouse,Prof-specialty,Husband,White,Male,99999,0,60,United-States,0.9974700788739572,1
39,Private,85319,Prof-school,15,Married-civ-spouse,Prof-specialty,Wife,White,Female,7688,0,60,United-States,0.9974112165404574,0
39,Private,187098,Prof-school,15,Married-civ-spouse,Exec-managerial,Wife,White,Female,15024,0,47,United-States,0.9971298494342646,0
53,Private,424079,Masters,14,Married-civ-spouse,Exec-managerial,Husband,White,Male,15024,0,55,United-States,0.9969497203896269,0
45,Private,199058,Masters,14,Married-civ-spouse,Exec-managerial,Husband,White,Male,7298,0,50,United-States,0.9969497203896269,0
57,Self-emp-inc,127728,Prof-school,15,Married-civ-spouse,Prof-specialty,Husband,White,Male,15024,0,60,United-States,0.9969190012068267,0
57,Self-emp-inc,123053,Prof-school,15,Married-civ-spouse,Prof-specialty,Husband,Asian-Pac-Islander,Male,15024,0,50,India,0.9969190012068267,3
49,Self-emp-inc,229737,Prof-school,15,Married-civ-spouse,Prof-specialty,Husband,White,Male,99999,0,37,United-States,0.9968597524685121,1
39,Private,176335,Masters,14,Married-civ-spouse,Exec-managerial,Husband,White,Male,7688,0,65,United-States,0.9967840171247531,0
51,Self-emp-inc,229465,Masters,14,Married-civ-spouse,Exec-managerial,Husband,White,Male,15024,0,50,United-States,0.9967672085152963,0
47,Self-emp-inc,332355,Masters,14,Married-civ-spouse,Exec-managerial,Husband,White,Male,15024,0,50,United-States,0.9967672085152963,0
45,Local-gov,160173,Masters,14,Married-civ-spouse,Exec-managerial,Husband,White,Male,7688,0,50,United-States,0.9967672085152963,0
40,Private,287008,Prof-school,15,Married-civ-spouse,Prof-specialty,Husband,White,Male,15024,0,55,Germany,0.9967586432085618,0
37,Private,121521,Prof-school,15,Married-civ-spouse,Prof-specialty,Husband,White,Male,15024,0,45,United-States,0.9967586432085618,0
53,State-gov,50048,Doctorate,16,Married-civ-spouse,Prof-specialty,Husband,White,Male,7688,0,50,United-States,0.9967586432085618,0
39,Self-emp-not-inc,109766,Prof-school,15,Married-civ-spouse,Prof-specialty,Husband,White,Male,15024,0,50,United-States,0.9967586432085618,0
41,Private,35166,Prof-school,15,Married-civ-spouse,Prof-specialty,Husband,White,Male,15024,0,50,United-States,0.9967586432085618,0
43,Local-gov,188291,Prof-school,15,Married-civ-spouse,Prof-specialty,Husband,White,Male,15024,0,45,United-States,0.9967586432085618,0
46,Private,370119,Prof-school,15,Married-civ-spouse,Prof-specialty,Husband,White,Male,99999,0,60,United-States,0.9967586432085618,1
43,Private,462180,Prof-school,15,Married-civ-spouse,Prof-specialty,Husband,White,Male,99999,0,60,United-States,0.9967586432085618,1
48,State-gov,171926,Prof-school,15,Married-civ-spouse,Prof-specialty,Husband,White,Male,15024,0,50,United-States,0.9967586432085618,0
50,Self-emp-inc,190333,Prof-school,15,Married-civ-spouse,Prof-specialty,Husband,White,Male,99999,0,55,United-States,0.9967057057488935,1
50,Private,22211,Masters,14,Married-civ-spouse,Prof-specialty,Husband,White,Male,7688,0,50,United-States,0.9966580491550316,0
41,Self-emp-inc,495061,Doctorate,16,Married-civ-spouse,Prof-specialty,Husband,White,Male,99999,0,70,United-States,0.9965691760475592,3
61,Local-gov,144723,Masters,14,Married-civ-spouse,Exec-managerial,Husband,White,Male,7298,0,60,United-States,0.9965179774095589,0
43,Private,258049,Masters,14,Married-civ-spouse,Exec-managerial,Husband,White,Male,7688,0,53,United-States,0.9964664567675461,0
40,Self-emp-not-inc,204235,Masters,14,Married-civ-spouse,Exec-managerial,Husband,White,Male,99999,0,50,United-States,0.9964664567675461,1
45,Private,266860,Masters,14,Married-civ-spouse,Exec-managerial,Husband,White,Male,15024,0,50,United-States,0.9964664567675461,0
50,Private,138852,Masters,14,Married-civ-spouse,Exec-managerial,Husband,White,Male,15024,0,50,United-States,0.9964664567675461,0
52,Self-emp-inc,89041,Masters,14,Married-civ-spouse,Exec-managerial,Husband,White,Male,15024,0,60,United-States,0.9964664567675461,0
37,Private,108140,Masters,14,Married-civ-spouse,Exec-managerial,Husband,White,Male,15024,0,45,United-States,0.9964664567675461,0
47,Private,294913,Prof-school,15,Married-civ-spouse,Exec-managerial,Husband,White,Male,99999,0,40,United-States,0.9963629002771002,1
42,Private,252518,Prof-school,15,Married-civ-spouse,Exec-managerial,Husband,White,Male,15024,0,40,United-States,0.9963629002771002,0
39,Private,375452,Prof-school,15,Married-civ-spouse,Exec-managerial,Wife,White,Female,15024,0,48,United-States,0.9963473152828912,0
44,State-gov,33658,Masters,14,Married-civ-spouse,Prof-specialty,Husband,White,Male,7688,0,50,United-States,0.9963117016390999,0
47,State-gov,120429,Doctorate,16,Married-civ-spouse,Prof-specialty,Husband,White,Male,15024,0,50,United-States,0.9962445960028781,0
47,Self-emp-inc,181130,Prof-school,15,Married-civ-spouse,Prof-specialty,Husband,White,Male,99999,0,50,United-States,0.9962445960028781,1
51,Private,293196,Doctorate,16,Married-civ-spouse,Prof-specialty,Husband,White,Male,15024,0,60,Iran,0.9962445960028781,1
47,Private,354148,Prof-school,15,Married-civ-spouse,Prof-specialty,Husband,White,Male,99999,0,48,United-States,0.9962445960028781,1
44,Private,332401,Prof-school,15,Married-civ-spouse,Prof-specialty,Husband,White,Male,99999,0,65,United-States,0.9962445960028781,1
48,Self-emp-inc,287647,Doctorate,16,Married-civ-spouse,Prof-specialty,Husband,White,Male,7688,0,55,United-States,0.9962445960028781,0
51,Private,392668,Doctorate,16,Married-civ-spouse,Exec-managerial,Husband,White,Male,15024,0,84,United-States,0.996229977020707,1
46,Private,188386,Doctorate,16,Married-civ-spouse,Exec-managerial,Husband,White,Male,15024,0,60,United-States,0.996229977020707,0
50,Self-emp-not-inc,132716,Prof-school,15,Married-civ-spouse,Exec-managerial,Husband,White,Male,99999,0,50,United-States,0.996229977020707,1
51,Private,48343,Masters,14,Married-civ-spouse,Exec-managerial,Husband,White,Male,7298,0,50,United-States,0.9961713078896148,0
55,Private,197399,Masters,14,Married-civ-spouse,Exec-managerial,Husband,White,Male,99999,0,55,United-States,0.9961049106622206,1
50,Self-emp-inc,156623,Prof-school,15,Married-civ-spouse,Prof-specialty,Husband,Asian-Pac-Islander,Male,7688,0,50,Philippines,0.9960861700286885,3
54,Self-emp-inc,166459,Prof-school,15,Married-civ-spouse,Prof-specialty,Husband,White,Male,99999,0,60,United-States,0.9960861700286885,1
52,Self-emp-inc,173754,Prof-school,15,Married-civ-spouse,Prof-specialty,Husband,White,Male,15024,0,60,United-States,0.9960861700286885,0
46,Self-emp-inc,192779,Prof-school,15,Married-civ-spouse,Prof-specialty,Husband,White,Male,15024,0,60,United-States,0.9960861700286885,0
42,Self-emp-not-inc,201908,Prof-school,15,Married-civ-spouse,Prof-specialty,Husband,White,Male,99999,0,50,United-States,0.9960772183171387,1
57,Self-emp-inc,159028,Prof-school,15,Married-civ-spouse,Prof-specialty,Husband,White,Male,99999,0,60,United-States,0.9959934328730653,1
52,Self-emp-inc,181855,Prof-school,15,Married-civ-spouse,Prof-specialty,Husband,Other,Male,99999,0,65,United-States,0.9959750142435457,3
44,Private,116825,Prof-school,15,Married-civ-spouse,Prof-specialty,Husband,White,Male,15024,0,80,United-States,0.9959273576496837,1
50,Self-emp-inc,158294,Prof-school,15,Married-civ-spouse,Prof-specialty,Husband,White,Male,99999,0,80,United-States,0.9959273576496837,1
44,State-gov,141858,Prof-school,15,Married-civ-spouse,Prof-specialty,Husband,White,Male,15024,0,75,United-States,0.9959273576496837,1
36,State-gov,747719,Prof-school,15,Married-civ-spouse,Prof-specialty,Wife,White,Female,15024,0,50,United-States,0.9957013108328523,4
46,Private,197332,Masters,14,Married-civ-spouse,Prof-specialty,Husband,White,Male,7688,0,46,United-States,0.9956753573094381,0
56,Self-emp-inc,205601,Doctorate,16,Married-civ-spouse,Prof-specialty,Husband,White,Male,99999,0,70,United-States,0.9956750353054256,2
47,Private,151584,Prof-school,15,Married-civ-spouse,Exec-managerial,Husband,White,Male,7688,0,60,United-States,0.9956486309763941,0
48,Private,107231,Prof-school,15,Married-civ-spouse,Exec-managerial,Husband,White,Male,99999,0,50,United-States,0.9956486309763941,1
45,Local-gov,215862,Doctorate,16,Married-civ-spouse,Exec-managerial,Husband,White,Male,7688,0,45,United-States,0.9956486309763941,0
59,Self-emp-inc,31359,Masters,14,Married-civ-spouse,Exec-managerial,Husband,White,Male,15024,0,80,United-States,0.9956412248841047,1
52,Self-emp-inc,254211,Masters,14,Married-civ-spouse,Prof-specialty,Husband,White,Male,15024,0,60,United-States,0.9954894965933767,0
51,Private,44000,Masters,14,Married-civ-spouse,Prof-specialty,Wife,White,Female,99999,0,50,United-States,0.9954862765532508,1
38,Private,167140,Prof-school,15,Married-civ-spouse,Prof-specialty,Husband,White,Male,99999,0,70,United-States,0.9954552353664381,1
38,Self-emp-not-inc,194534,Masters,14,Married-civ-spouse,Prof-specialty,Husband,Black,Male,99999,0,60,United-States,0.9953796932250867,1
45,Local-gov,236586,Masters,14,Married-civ-spouse,Prof-specialty,Husband,White,Male,7688,0,55,United-States,0.9953796932250867,0
36,Private,171393,Masters,14,Married-civ-spouse,Prof-specialty,Husband,White,Male,7298,0,55,United-States,0.9953753783713182,0
39,Private,173476,Prof-school,15,Married-civ-spouse,Craft-repair,Husband,White,Male,7688,0,40,United-States,0.9953730599424275,0
43,Private,58447,Doctorate,16,Married-civ-spouse,Prof-specialty,Husband,White,Male,99999,0,55,United-States,0.9953414391483921,1
46,Private,28419,Prof-school,15,Married-civ-spouse,Prof-specialty,Husband,White,Male,99999,0,50,United-States,0.9953414391483921,1
47,Self-emp-inc,215620,Masters,14,Married-civ-spouse,Exec-managerial,Husband,White,Male,15024,0,55,United-States,0.9952373674515262,0
53,State-gov,43952,Masters,14,Married-civ-spouse,Exec-managerial,Husband,White,Male,15024,0,38,United-States,0.9952175320043513,0
46,Private,110171,Masters,14,Married-civ-spouse,Prof-specialty,Husband,White,Male,15024,0,50,United-States,0.9951401222397269,0
41,Private,101593,Masters,14,Married-civ-spouse,Prof-specialty,Husband,White,Male,15024,0,50,United-States,0.9951401222397269,0
41,Self-emp-not-inc,174395,Doctorate,16,Married-civ-spouse,Prof-specialty,Husband,White,Male,15024,0,55,United-States,0.9951328449490424,0
40,Private,166662,Prof-school,15,Married-civ-spouse,Prof-specialty,Husband,White,Male,15024,0,45,United-States,0.9951328449490424,0
49,Self-emp-not-inc,181307,Prof-school,15,Married-civ-spouse,Prof-specialty,Husband,White,Male,15024,0,65,United-States,0.9951328449490424,0
44,Self-emp-not-inc,282722,Prof-school,15,Married-civ-spouse,Prof-specialty,Husband,White,Male,99999,0,50,United-States,0.9951328449490424,1
41,Private,320984,Prof-school,15,Married-civ-spouse,Prof-specialty,Husband,White,Male,99999,0,65,United-States,0.9951328449490424,1
38,Private,100375,Prof-school,15,Married-civ-spouse,Prof-specialty,Husband,White,Male,99999,0,60,United-States,0.9951294961073116,1
46,Private,102388,Prof-school,15,Married-civ-spouse,Prof-specialty,Husband,White,Male,15024,0,45,United-States,0.9951294961073116,0
55,Private,98361,Masters,14,Married-civ-spouse,Prof-specialty,Husband,White,Male,15024,0,50,?,0.9951153279307581,0
46,Private,176814,Prof-school,15,Married-civ-spouse,Prof-specialty,Husband,White,Male,99999,0,50,United-States,0.9950599432405942,1
47,Private,345493,Prof-school,15,Married-civ-spouse,Prof-specialty,Husband,Asian-Pac-Islander,Male,99999,0,55,Taiwan,0.9950599432405942,4
45,Private,178319,Doctorate,16,Married-civ-spouse,Prof-specialty,Husband,White,Male,7688,0,50,United-States,0.9950599432405942,0
54,Self-emp-not-inc,269068,Prof-school,15,Married-civ-spouse,Prof-specialty,Husband,Asian-Pac-Islander,Male,99999,0,50,Philippines,0.9950599432405942,5
43,Private,194726,Prof-school,15,Married-civ-spouse,Prof-specialty,Husband,White,Male,15024,0,55,United-States,0.9950599432405942,0
54,Private,99185,Doctorate,16,Married-civ-spouse,Prof-specialty,Husband,White,Male,15024,0,45,United-States,0.9950599432405942,0
55,Federal-gov,305850,Prof-school,15,Married-civ-spouse,Exec-managerial,Husband,White,Male,15024,0,40,United-States,0.9949530379084175,0
46,State-gov,250821,Prof-school,15,Married-civ-spouse,Exec-managerial,Husband,White,Male,15024,0,40,United-States,0.9948467765842659,0
51,Federal-gov,223206,Doctorate,16,Married-civ-spouse,Prof-specialty,Husband,Asian-Pac-Islander,Male,15024,0,40,Vietnam,0.994749595773269,3
51,Self-emp-inc,100029,Doctorate,16,Married-civ-spouse,Prof-specialty,Husband,White,Male,15024,0,40,United-States,0.994749595773269,0
46,Self-emp-not-inc,43348,Prof-school,15,Married-civ-spouse,Exec-managerial,Husband,White,Male,15024,0,55,United-States,0.9947426404865973,0
60,State-gov,165827,Doctorate,16,Married-civ-spouse,Prof-specialty,Husband,White,Male,7688,0,60,United-States,0.9947384544344338,0
40,Self-emp-not-inc,223881,Prof-school,15,Married-civ-spouse,Prof-specialty,Husband,White,Male,99999,0,70,United-States,0.9946119712582921,1
51,Self-emp-not-inc,120781,Prof-school,15,Married-civ-spouse,Prof-specialty,Husband,Other,Male,99999,0,70,India,0.9946119712582921,5
47,Private,120781,Masters,14,Married-civ-spouse,Exec-managerial,Husband,Asian-Pac-Islander,Male,15024,0,40,?,0.9946050803724229,1
50,Private,160724,Masters,14,Married-civ-spouse,Exec-managerial,Husband,Asian-Pac-Islander,Male,7298,0,40,Philippines,0.9946050803724229,1
48,Private,207277,Masters,14,Married-civ-spouse,Exec-managerial,Husband,White,Male,15024,0,40,United-States,0.9946050803724229,0
45,Self-emp-inc,180239,Prof-school,15,Married-civ-spouse,Exec-managerial,Husband,Asian-Pac-Islander,Male,7688,0,40,?,0.9945688227206064,1
52,Local-gov,199995,Masters,14,Married-civ-spouse,Exec-managerial,Husband,White,Male,7298,0,60,United-States,0.994507126751796,0
53,Local-gov,202733,Masters,14,Married-civ-spouse,Exec-managerial,Husband,White,Male,7688,0,70,United-States,0.994507126751796,1
38,State-gov,134069,Masters,14,Married-civ-spouse,Exec-managerial,Husband,White,Male,7298,0,60,United-States,0.994507126751796,0
47,Private,155664,Masters,14,Married-civ-spouse,Exec-managerial,Husband,White,Male,99999,0,55,United-States,0.994507126751796,1
41,Private,280167,Masters,14,Married-civ-spouse,Exec-managerial,Husband,White,Male,15024,0,70,United-States,0.994507126751796,0
55,State-gov,296991,Prof-school,15,Married-civ-spouse,Prof-specialty,Husband,White,Male,15024,0,40,United-States,0.9944929585752424,0
59,Private,122283,Prof-school,15,Married-civ-spouse,Prof-specialty,Husband,Asian-Pac-Islander,Male,99999,0,40,India,0.9944929585752424,4
52,Self-emp-not-inc,64045,Prof-school,15,Married-civ-spouse,Prof-specialty,Husband,White,Male,99999,0,45,United-States,0.9944923789680198,1
40,Self-emp-inc,191429,Prof-school,15,Married-civ-spouse,Prof-specialty,Husband,White,Male,15024,0,40,United-States,0.9944802072163443,0
44,Private,54310,Masters,14,Married-civ-spouse,Prof-specialty,Husband,White,Male,7298,0,40,United-States,0.9944550909033629,0
48,Self-emp-inc,54190,Prof-school,15,Married-civ-spouse,Prof-specialty,Husband,White,Male,15024,0,40,United-States,0.9943719494673147,0
47,Private,98012,Masters,14,Married-civ-spouse,Prof-specialty,Wife,White,Female,7688,0,40,United-States,0.9943524360241522,0
51,Local-gov,133336,Masters,14,Married-civ-spouse,Prof-specialty,Husband,White,Male,15024,0,40,United-States,0.9943184968012262,0
53,Private,114758,Masters,14,Married-civ-spouse,Exec-managerial,Husband,White,Male,15024,0,65,United-States,0.9942880352216361,0
54,Local-gov,173050,Masters,14,Married-civ-spouse,Prof-specialty,Husband,White,Male,7688,0,40,United-States,0.9942606004797643,0
48,State-gov,212954,Masters,14,Married-civ-spouse,Prof-specialty,Husband,White,Male,15024,0,40,United-States,0.9942606004797643,0
49,Local-gov,269527,Masters,14,Married-civ-spouse,Prof-specialty,Husband,White,Male,7298,0,40,United-States,0.9942606004797643,0
40,Federal-gov,330174,Prof-school,15,Married-civ-spouse,Prof-specialty,Husband,White,Male,7688,0,40,United-States,0.9942009009358319,0
49,Private,187370,Masters,14,Married-civ-spouse,Exec-managerial,Husband,White,Male,15024,0,50,United-States,0.9941568507869107,0
50,Private,108435,Masters,14,Married-civ-spouse,Exec-managerial,Husband,White,Male,99999,0,60,United-States,0.9941568507869107,1
47,Private,102308,Masters,14,Married-civ-spouse,Exec-managerial,Husband,White,Male,99999,0,50,United-States,0.9941568507869107,1
45,Private,101452,Masters,14,Married-civ-spouse,Exec-managerial,Husband,White,Male,15024,0,60,England,0.9941568507869107,0
51,Private,145714,Masters,14,Married-civ-spouse,Exec-managerial,Husband,White,Male,99999,0,50,?,0.9941568507869107,1
46,Private,102569,Masters,14,Married-civ-spouse,Exec-managerial,Husband,White,Male,15024,0,65,United-States,0.9941568507869107,0
56,Self-emp-inc,98418,Prof-school,15,Married-civ-spouse,Prof-specialty,Husband,White,Male,99999,0,40,United-States,0.9941538883499952,1
39,Local-gov,203482,Masters,14,Married-civ-spouse,Prof-specialty,Husband,White,Male,7298,0,40,United-States,0.994047433823436,0
44,Private,148138,Doctorate,16,Married-civ-spouse,Exec-managerial,Husband,Asian-Pac-Islander,Male,15024,0,40,Japan,0.9939070400739509,2
50,Self-emp-inc,155574,Masters,14,Married-civ-spouse,Prof-specialty,Husband,White,Male,7298,0,50,United-States,0.9938805069433143,0
52,Self-emp-inc,90363,Prof-school,15,Married-civ-spouse,Prof-specialty,Husband,White,Male,99999,0,35,United-States,0.993783776937935,1
46,State-gov,27243,Doctorate,16,Married-civ-spouse,Prof-specialty,Husband,White,Male,7688,0,45,United-States,0.9936286998054762,0
57,Self-emp-inc,161662,Bachelors,13,Married-civ-spouse,Exec-managerial,Husband,White,Male,7688,0,60,United-States,0.9936020378732346,0
46,Self-emp-not-inc,366089,Prof-school,15,Married-civ-spouse,Prof-specialty,Husband,White,Male,15024,0,40,United-States,0.9934461879311456,0
47,Self-emp-not-inc,242391,Prof-school,15,Married-civ-spouse,Prof-specialty,Husband,White,Male,15024,0,40,United-States,0.9934461879311456,0
45,Self-emp-not-inc,176814,Doctorate,16,Married-civ-spouse,Prof-specialty,Husband,White,Male,15024,0,40,United-States,0.9934461879311456,0
55,State-gov,146326,Masters,14,Married-civ-spouse,Prof-specialty,Husband,White,Male,7688,0,45,United-States,0.9933823667358521,0
50,Local-gov,311551,Masters,14,Married-civ-spouse,Prof-specialty,Husband,White,Male,7688,0,50,United-States,0.9933823667358521,0
47,Local-gov,123681,Masters,14,Married-civ-spouse,Prof-specialty,Husband,White,Male,7688,0,60,United-States,0.9933823667358521,0
51,Private,154342,Masters,14,Married-civ-spouse,Prof-specialty,Husband,White,Male,7688,0,45,United-States,0.9933823667358521,0
50,Self-emp-inc,127315,Bachelors,13,Married-civ-spouse,Exec-managerial,Husband,White,Male,15024,0,60,United-States,0.9933435974527374,0
44,Self-emp-inc,120277,Bachelors,13,Married-civ-spouse,Exec-managerial,Husband,White,Male,99999,0,45,United-States,0.9933435974527374,1
44,Self-emp-inc,153132,Bachelors,13,Married-civ-spouse,Exec-managerial,Husband,White,Male,7688,0,52,United-States,0.9933435974527374,0
48,Self-emp-inc,254291,Bachelors,13,Married-civ-spouse,Exec-managerial,Husband,White,Male,7298,0,50,United-States,0.9932810642734942,0
50,Self-emp-inc,302708,Bachelors,13,Married-civ-spouse,Exec-managerial,Husband,Asian-Pac-Islander,Male,7688,0,50,Japan,0.9932810642734942,2
54,Self-emp-inc,357596,Bachelors,13,Married-civ-spouse,Exec-managerial,Husband,White,Male,7298,0,55,United-States,0.9932810642734942,0
39,Self-emp-inc,329980,Bachelors,13,Married-civ-spouse,Exec-managerial,Husband,White,Male,15024,0,50,United-States,0.9932003700679415,0
47,Local-gov,114459,Masters,14,Married-civ-spouse,Prof-specialty,Husband,White,Male,7688,0,45,United-States,0.9931597975623565,0
44,Private,155930,Masters,14,Married-civ-spouse,Prof-specialty,Husband,White,Male,7688,0,55,United-States,0.9930083912756411,0
34,Self-emp-not-inc,179673,Prof-school,15,Married-civ-spouse,Prof-specialty,Husband,White,Male,7688,0,60,United-States,0.9929654359403628,0
50,Self-emp-not-inc,68898,Masters,14,Married-civ-spouse,Sales,Husband,White,Male,7688,0,55,United-States,0.9929594466657288,0
38,State-gov,110426,Doctorate,16,Married-civ-spouse,Prof-specialty,Wife,White,Female,7688,0,40,?,0.9929570638360357,0
44,Private,145441,Bachelors,13,Married-civ-spouse,Exec-managerial,Husband,White,Male,7298,0,48,United-States,0.9928745664080125,0
44,Private,167005,Bachelors,13,Married-civ-spouse,Exec-managerial,Husband,White,Male,7688,0,60,United-States,0.9928745664080125,0
57,Private,127728,Bachelors,13,Married-civ-spouse,Exec-managerial,Husband,White,Male,15024,0,50,United-States,0.9928745664080125,0
48,Private,237525,Bachelors,13,Married-civ-spouse,Exec-managerial,Husband,White,Male,7688,0,65,United-States,0.9928745664080125,0
47,Private,264052,Bachelors,13,Married-civ-spouse,Exec-managerial,Husband,White,Male,15024,0,50,United-States,0.9928745664080125,0
46,Private,330087,Bachelors,13,Married-civ-spouse,Exec-managerial,Husband,White,Male,15024,0,45,United-States,0.9928745664080125,0
43,Private,130126,Bachelors,13,Married-civ-spouse,Exec-managerial,Husband,White,Male,15024,0,50,United-States,0.9928745664080125,0
41,Self-emp-not-inc,153132,Prof-school,15,Married-civ-spouse,Exec-managerial,Husband,White,Male,15024,0,40,United-States,0.9928690923397987,0
42,Self-emp-not-inc,24763,Doctorate,16,Married-civ-spouse,Prof-specialty,Husband,White,Male,15024,0,40,United-States,0.9927204552875915,0
57,Private,199847,Bachelors,13,Married-civ-spouse,Exec-managerial,Husband,White,Male,15024,0,60,United-States,0.9926738291065698,0
47,Private,246739,Bachelors,13,Married-civ-spouse,Exec-managerial,Husband,White,Male,99999,0,55,United-States,0.9926738291065698,1
58,Private,123436,Bachelors,13,Married-civ-spouse,Exec-managerial,Husband,White,Male,7688,0,50,United-States,0.9926738291065698,0
48,Self-emp-not-inc,107231,Bachelors,13,Married-civ-spouse,Exec-managerial,Husband,White,Male,99999,0,50,United-States,0.9926738291065698,1
59,State-gov,349910,Bachelors,13,Married-civ-spouse,Exec-managerial,Husband,White,Male,10605,0,50,United-States,0.9926738291065698,0
46,Private,332884,Bachelors,13,Married-civ-spouse,Exec-managerial,Husband,White,Male,7298,0,65,United-States,0.9926738291065698,0
44,Private,198316,Bachelors,13,Married-civ-spouse,Exec-managerial,Husband,White,Male,15024,0,50,United-States,0.9926738291065698,0
39,Private,173175,Bachelors,13,Married-civ-spouse,Exec-managerial,Husband,White,Male,15024,0,50,United-States,0.9926738291065698,0
39,Private,202027,Bachelors,13,Married-civ-spouse,Exec-managerial,Husband,White,Male,15024,0,45,United-States,0.9926738291065698,0
44,Private,198282,Bachelors,13,Married-civ-spouse,Exec-managerial,Husband,White,Male,15024,0,60,United-States,0.9926738291065698,0
52,Private,145166,Bachelors,13,Married-civ-spouse,Exec-managerial,Husband,White,Male,15024,0,55,United-States,0.9926738291065698,0
37,Self-emp-not-inc,268598,Bachelors,13,Married-civ-spouse,Exec-managerial,Husband,Other,Male,7298,0,50,Puerto-Rico,0.9926738291065698,2
44,Private,201723,Bachelors,13,Married-civ-spouse,Exec-managerial,Husband,White,Male,15024,0,45,United-States,0.9926738291065698,0
39,Private,174242,Bachelors,13,Married-civ-spouse,Exec-managerial,Husband,White,Male,15024,0,60,United-States,0.9926738291065698,0
44,Self-emp-inc,118212,Bachelors,13,Married-civ-spouse,Exec-managerial,Husband,White,Male,99999,0,70,United-States,0.9926433031261772,1
40,Self-emp-not-inc,237293,Prof-school,15,Married-civ-spouse,Prof-specialty,Wife,White,Female,15024,0,40,United-States,0.9926182512139985,0
43,Self-emp-inc,62026,Prof-school,15,Married-civ-spouse,Exec-managerial,Husband,White,Male,99999,0,40,United-States,0.9926056930575078,1
42,Private,87284,Prof-school,15,Married-civ-spouse,Prof-specialty,Husband,White,Male,7298,0,35,United-States,0.9925660865639605,0
44,Private,198282,Masters,14,Married-civ-spouse,Exec-managerial,Husband,White,Male,15024,0,40,United-States,0.9925571348524107,0
42,State-gov,190044,Bachelors,13,Married-civ-spouse,Exec-managerial,Husband,White,Male,15024,0,50,United-States,0.9925050990039777,0
38,Private,190895,Bachelors,13,Married-civ-spouse,Exec-managerial,Husband,White,Male,7298,0,50,United-States,0.9925032957815072,0
55,Private,115439,Prof-school,15,Married-civ-spouse,Exec-managerial,Husband,White,Male,99999,0,40,United-States,0.9924886123985335,1
40,Private,79586,Prof-school,15,Married-civ-spouse,Prof-specialty,Husband,Asian-Pac-Islander,Male,99999,0,40,?,0.9924761186428455,3
46,Private,58683,Bachelors,13,Married-civ-spouse,Exec-managerial,Husband,White,Male,15024,0,55,United-States,0.9924095282130438,0
42,Private,98211,Bachelors,13,Married-civ-spouse,Exec-managerial,Husband,White,Male,15024,0,45,United-States,0.9924095282130438,0
49,Self-emp-not-inc,355978,Prof-school,15,Married-civ-spouse,Prof-specialty,Husband,White,Male,99999,0,35,United-States,0.9923622580239968,1
39,Private,79331,Masters,14,Married-civ-spouse,Exec-managerial,Husband,Asian-Pac-Islander,Male,15024,0,40,United-States,0.992332182849222,1
36,Private,184112,Prof-school,15,Married-civ-spouse,Prof-specialty,Wife,White,Female,15024,0,45,United-States,0.992240347304834,0
46,Federal-gov,341762,Bachelors,13,Married-civ-spouse,Prof-specialty,Husband,White,Male,7688,0,45,United-States,0.9922146513846299,0
53,Private,124076,Doctorate,16,Married-civ-spouse,Prof-specialty,Wife,White,Female,99999,0,37,United-States,0.9921980359775808,1
38,Private,172538,Bachelors,13,Married-civ-spouse,Exec-managerial,Husband,White,Male,15024,0,50,United-States,0.9921703436324989,0
50,Private,124963,Bachelors,13,Married-civ-spouse,Exec-managerial,Husband,White,Male,99999,0,55,United-States,0.9921703436324989,1
55,Private,229029,Bachelors,13,Married-civ-spouse,Exec-managerial,Husband,White,Male,15024,0,48,United-States,0.9921703436324989,0
44,Private,230684,Bachelors,13,Married-civ-spouse,Exec-managerial,Husband,White,Male,7688,0,50,United-States,0.9921703436324989,0
50,Private,211319,Bachelors,13,Married-civ-spouse,Exec-managerial,Husband,White,Male,7298,0,50,United-States,0.9921703436324989,0
36,Private,237943,Masters,14,Married-civ-spouse,Exec-managerial,Husband,White,Male,15024,0,50,United-States,0.9921292559204937,0
44,State-gov,174325,Masters,14,Married-civ-spouse,Prof-specialty,Husband,Black,Male,7688,0,40,United-States,0.9920875886012657,0
50,Local-gov,145166,Masters,14,Married-civ-spouse,Prof-specialty,Husband,White,Male,7298,0,40,United-States,0.9920875886012657,0
48,Private,126754,Masters,14,Married-civ-spouse,Prof-specialty,Husband,White,Male,15024,0,40,United-States,0.9920875886012657,0
53,Private,158294,Masters,14,Married-civ-spouse,Prof-specialty,Husband,White,Male,7298,0,40,United-States,0.9920875886012657,0
39,Private,194404,Masters,14,Married-civ-spouse,Prof-specialty,Husband,White,Male,7688,0,40,United-States,0.9920875886012657,0
48,Private,38950,Bachelors,13,Married-civ-spouse,Exec-managerial,Husband,White,Male,15024,0,50,United-States,0.9920495921277812,0
41,Private,122215,Masters,14,Married-civ-spouse,Prof-specialty,Husband,White,Male,15024,0,40,United-States,0.9919837745076097,0
43,Local-gov,153132,Masters,14,Married-civ-spouse,Prof-specialty,Husband,White,Male,15024,0,40,United-States,0.9919837745076097,0
39,Private,77005,Masters,14,Married-civ-spouse,Prof-specialty,Husband,White,Male,99999,0,40,United-States,0.9918610909788166,1
34,Self-emp-inc,186824,Prof-school,15,Married-civ-spouse,Prof-specialty,Husband,White,Male,15024,0,40,United-States,0.9917709298552939,0
37,Self-emp-inc,291518,Bachelors,13,Married-civ-spouse,Craft-repair,Husband,White,Male,15024,0,55,United-States,0.9917501283960812,0
62,Private,244087,Doctorate,16,Married-civ-spouse,Prof-specialty,Husband,White,Male,15024,0,50,United-States,0.9917420138949642,0
51,State-gov,454063,Doctorate,16,Married-civ-spouse,Exec-managerial,Husband,White,Male,7298,0,40,United-States,0.9916572624388531,0
55,Self-emp-not-inc,157486,Masters,14,Married-civ-spouse,Prof-specialty,Husband,White,Male,7298,0,40,United-States,0.9915985289069584,0
60,Private,93997,Bachelors,13,Married-civ-spouse,Exec-managerial,Husband,White,Male,15024,0,45,United-States,0.9915542855556299,0
55,Private,227856,Bachelors,13,Married-civ-spouse,Exec-managerial,Husband,White,Male,7298,0,60,United-States,0.9915309724651189,0
53,Private,366957,Bachelors,13,Married-civ-spouse,Exec-managerial,Husband,Asian-Pac-Islander,Male,99999,0,50,India,0.9915309724651189,3
54,Private,135803,Bachelors,13,Married-civ-spouse,Exec-managerial,Husband,Asian-Pac-Islander,Male,15024,0,60,South,0.9915309724651189,1
43,Private,212894,Bachelors,13,Married-civ-spouse,Exec-managerial,Husband,White,Male,15024,0,50,United-States,0.9915309724651189,0
41,Private,138975,Bachelors,13,Married-civ-spouse,Exec-managerial,Husband,White,Male,7688,0,45,United-States,0.9915309724651189,0
47,Private,334039,Bachelors,13,Married-civ-spouse,Exec-managerial,Husband,White,Male,7298,0,44,United-States,0.9915309724651189,0
46,Private,360096,Bachelors,13,Married-civ-spouse,Exec-managerial,Husband,White,Male,15024,0,60,United-States,0.9915309724651189,0
38,Private,87556,Bachelors,13,Married-civ-spouse,Exec-managerial,Husband,White,Male,7688,0,55,United-States,0.9915087541882508,0
41,Self-emp-inc,177905,Bachelors,13,Married-civ-spouse,Exec-managerial,Husband,White,Male,7688,0,70,United-States,0.9914550439189524,1
46,Private,184169,Masters,14,Married-civ-spouse,Prof-specialty,Wife,White,Female,7688,0,35,United-States,0.9914333408485045,0
42,Private,149210,Bachelors,13,Married-civ-spouse,Prof-specialty,Husband,White,Male,7298,0,45,United-States,0.9913449185466499,0
52,Private,118025,Bachelors,13,Married-civ-spouse,Exec-managerial,Husband,White,Male,99999,0,50,United-States,0.9913124605421817,1
57,Federal-gov,42298,Masters,14,Married-civ-spouse,Exec-managerial,Husband,Black,Male,15024,0,40,United-States,0.9912807109465414,0
38,Private,187870,Bachelors,13,Married-civ-spouse,Prof-specialty,Husband,White,Male,7298,0,50,United-States,0.9912682815916558,0
48,Private,182541,Bachelors,13,Married-civ-spouse,Prof-specialty,Husband,White,Male,15024,0,45,United-States,0.9912682815916558,0
41,Private,352834,Bachelors,13,Married-civ-spouse,Prof-specialty,Husband,White,Male,7688,0,55,United-States,0.9912682815916558,0
47,Private,121124,Bachelors,13,Married-civ-spouse,Craft-repair,Husband,White,Male,15024,0,50,United-States,0.9911679451413355,0
37,Private,183800,Bachelors,13,Married-civ-spouse,Prof-specialty,Husband,White,Male,7688,0,50,United-States,0.991145662463665,0
41,Private,151504,Bachelors,13,Married-civ-spouse,Exec-managerial,Husband,White,Male,7688,0,50,United-States,0.9910775908154055,0
39,Private,237943,Bachelors,13,Married-civ-spouse,Exec-managerial,Husband,White,Male,99999,0,70,United-States,0.9910775908154055,1
41,Private,168071,Bachelors,13,Married-civ-spouse,Exec-managerial,Husband,White,Male,7298,0,50,United-States,0.9910775908154055,0
43,Private,176270,Bachelors,13,Married-civ-spouse,Exec-managerial,Husband,White,Male,99999,0,60,United-States,0.9910775908154055,1
45,Private,182313,Bachelors,13,Married-civ-spouse,Exec-managerial,Husband,White,Male,7688,0,50,United-States,0.9910775908154055,0
42,Private,162140,Bachelors,13,Married-civ-spouse,Exec-managerial,Husband,White,Male,7298,0,45,United-States,0.9910775908154055,0
45,Private,205100,Bachelors,13,Married-civ-spouse,Exec-managerial,Husband,White,Male,15024,0,60,United-States,0.9910775908154055,0
54,Private,225599,Masters,14,Married-civ-spouse,Prof-specialty,Husband,Asian-Pac-Islander,Male,7298,0,40,India,0.991067673091818,1
40,Private,154374,Masters,14,Married-civ-spouse,Prof-specialty,Husband,White,Male,7688,0,40,United-States,0.991067673091818,0
42,Private,384236,Masters,14,Married-civ-spouse,Prof-specialty,Husband,White,Male,7688,0,40,United-States,0.991067673091818,0
38,Private,333651,Bachelors,13,Married-civ-spouse,Prof-specialty,Husband,White,Male,15024,0,70,United-States,0.991051315287979,0
44,Local-gov,136986,Masters,14,Married-civ-spouse,Prof-specialty,Husband,White,Male,15024,0,35,United-States,0.9910075227422681,0
38,Private,146091,Doctorate,16,Married-civ-spouse,Exec-managerial,Wife,White,Female,99999,0,36,United-States,0.9909596085451959,1
38,State-gov,125499,Bachelors,13,Married-civ-spouse,Prof-specialty,Husband,Asian-Pac-Islander,Male,7688,0,60,India,0.9909476299959281,1
39,State-gov,221059,Masters,14,Married-civ-spouse,Prof-specialty,Other-relative,Other,Female,7688,0,38,United-States,0.990919422444426,3
48,Private,102359,Bachelors,13,Married-civ-spouse,Exec-managerial,Husband,White,Male,7298,0,60,United-States,0.9909160736026952,0
46,Private,98637,Bachelors,13,Married-civ-spouse,Exec-managerial,Husband,White,Male,7298,0,50,United-States,0.9909160736026952,0
39,Self-emp-not-inc,343476,Bachelors,13,Married-civ-spouse,Prof-specialty,Husband,White,Male,15024,0,50,Japan,0.9908593364956784,0
38,Private,245372,Bachelors,13,Married-civ-spouse,Prof-specialty,Husband,White,Male,7688,0,45,United-States,0.9908512219945613,0
56,Self-emp-inc,109856,Bachelors,13,Married-civ-spouse,Exec-managerial,Husband,White,Male,15024,0,50,United-States,0.9908393722468984,0
38,Self-emp-inc,99146,Bachelors,13,Married-civ-spouse,Exec-managerial,Husband,White,Male,15024,0,80,United-States,0.9908393722468984,1
46,Federal-gov,207022,Bachelors,13,Married-civ-spouse,Exec-managerial,Husband,White,Male,7688,0,40,United-States,0.9907948068915573,0
37,Private,202027,Masters,14,Married-civ-spouse,Adm-clerical,Husband,White,Male,7688,0,50,United-States,0.9907348497444148,0
36,Private,175759,Bachelors,13,Married-civ-spouse,Exec-managerial,Husband,White,Male,7298,0,50,United-States,0.9907249320208273,0
36,Private,198237,Bachelors,13,Married-civ-spouse,Prof-specialty,Husband,White,Male,15024,0,50,United-States,0.9906800446614736,0
34,Private,30497,Bachelors,13,Married-civ-spouse,Exec-managerial,Husband,White,Male,15024,0,60,United-States,0.9906698049338736,0
40,State-gov,199381,Masters,14,Married-civ-spouse,Prof-specialty,Wife,White,Female,15024,0,37,United-States,0.9906017976864165,0
50,Local-gov,259377,Masters,14,Married-civ-spouse,Prof-specialty,Wife,White,Female,15024,0,40,United-States,0.9906017976864165,0
54,Self-emp-inc,129432,Bachelors,13,Married-civ-spouse,Exec-managerial,Husband,White,Male,15024,0,40,United-States,0.9905746849485573,0
55,Private,199067,Bachelors,13,Married-civ-spouse,Exec-managerial,Husband,White,Male,15024,0,42,United-States,0.9905446741745847,0
55,Private,98361,Bachelors,13,Married-civ-spouse,Exec-managerial,Husband,White,Male,15024,0,55,United-States,0.9905431929561268,0
42,Federal-gov,34218,Bachelors,13,Married-civ-spouse,Exec-managerial,Husband,White,Male,7298,0,50,United-States,0.9905158226150574,0
42,Private,187720,Masters,14,Married-civ-spouse,Sales,Husband,White,Male,15024,0,50,?,0.9904684880252081,0
50,Private,205803,Masters,14,Married-civ-spouse,Sales,Husband,White,Male,15024,0,40,United-States,0.9904624343497717,0
45,Private,192776,Bachelors,13,Married-civ-spouse,Craft-repair,Husband,White,Male,7298,0,55,United-States,0.9904349352070974,0
49,State-gov,423222,Masters,14,Married-civ-spouse,Sales,Husband,White,Male,99999,0,80,United-States,0.9904205094273337,1
60,Self-emp-inc,105339,Bachelors,13,Married-civ-spouse,Exec-managerial,Husband,White,Male,7298,0,60,United-States,0.9904085308780657,0
45,Private,30457,Bachelors,13,Married-civ-spouse,Exec-managerial,Husband,White,Male,15024,0,40,United-States,0.9903895326413235,0
50,Private,98975,Bachelors,13,Married-civ-spouse,Exec-managerial,Husband,White,Male,15024,0,40,United-States,0.9903895326413235,0
38,Private,43712,Bachelors,13,Married-civ-spouse,Prof-specialty,Husband,White,Male,7298,0,60,United-States,0.9903796793185384,0
46,Private,52291,Bachelors,13,Married-civ-spouse,Prof-specialty,Husband,White,Male,7688,0,45,United-States,0.9903796793185384,0
47,Private,61885,Bachelors,13,Married-civ-spouse,Prof-specialty,Husband,White,Male,15024,0,50,United-States,0.9903796793185384,0
40,Private,25005,Bachelors,13,Married-civ-spouse,Prof-specialty,Husband,White,Male,15024,0,99,United-States,0.9903796793185384,1
35,Self-emp-not-inc,202027,Masters,14,Married-civ-spouse,Exec-managerial,Husband,White,Male,7688,0,55,United-States,0.9903728528334717,0
59,Self-emp-not-inc,165315,Bachelors,13,Married-civ-spouse,Prof-specialty,Husband,White,Male,99999,0,43,United-States,0.9903569458352504,1
37,Local-gov,233825,Bachelors,13,Married-civ-spouse,Prof-specialty,Wife,White,Female,15024,0,50,United-States,0.9903382696025207,0
40,Local-gov,153031,Masters,14,Married-civ-spouse,Prof-specialty,Husband,White,Male,7298,0,35,United-States,0.9903019475499015,0
47,Private,355320,Bachelors,13,Married-civ-spouse,Prof-specialty,Husband,White,Male,15024,0,40,United-States,0.9902862337540876,0
51,Private,215404,Bachelors,13,Married-civ-spouse,Prof-specialty,Husband,Amer-Indian-Eskimo,Male,15024,0,40,United-States,0.9902862337540876,0
40,Private,88909,Bachelors,13,Married-civ-spouse,Exec-managerial,Husband,White,Male,15024,0,50,United-States,0.9901952998209349,0
58,Private,146477,Masters,14,Married-civ-spouse,Exec-managerial,Husband,White,Male,15024,0,40,Greece,0.9901661262573951,0
41,Private,290660,Bachelors,13,Married-civ-spouse,Craft-repair,Husband,White,Male,7688,0,55,United-States,0.9901572389466478,0
59,Private,153484,Bachelors,13,Married-civ-spouse,Craft-repair,Husband,White,Male,15024,0,50,United-States,0.990040480291686,0
47,Self-emp-inc,173783,Bachelors,13,Married-civ-spouse,Sales,Husband,White,Male,15024,0,60,United-States,0.9899669345752127,0
55,Self-emp-inc,392325,Bachelors,13,Married-civ-spouse,Sales,Husband,White,Male,99999,0,60,United-States,0.9899669345752127,1
56,Self-emp-inc,211804,Bachelors,13,Married-civ-spouse,Sales,Husband,White,Male,15024,0,50,United-States,0.9899669345752127,0
37,Private,178948,Bachelors,13,Married-civ-spouse,Exec-managerial,Wife,White,Female,7688,0,45,United-States,0.9899562440419951,0
35,Private,86648,Prof-school,15,Married-civ-spouse,Prof-specialty,Husband,White,Male,7688,0,50,United-States,0.9899238504383294,0
60,Self-emp-inc,210827,Bachelors,13,Married-civ-spouse,Prof-specialty,Husband,White,Male,7688,0,40,United-States,0.9899150919291873,0
44,Private,120277,Bachelors,13,Married-civ-spouse,Prof-specialty,Husband,White,Male,15024,0,50,Italy,0.9898982833197305,0
40,Local-gov,150755,Bachelors,13,Married-civ-spouse,Prof-specialty,Husband,White,Male,99999,0,75,United-States,0.9898982833197305,1
65,Private,154171,Prof-school,15,Married-civ-spouse,Prof-specialty,Husband,White,Male,20051,0,60,United-States,0.9898744550227996,1
54,Self-emp-inc,223752,Bachelors,13,Married-civ-spouse,Exec-managerial,Husband,White,Male,7688,0,40,?,0.989772444151614,0
49,Federal-gov,586657,Bachelors,13,Married-civ-spouse,Exec-managerial,Husband,White,Male,7298,0,40,United-States,0.989772444151614,1
56,Federal-gov,156229,Bachelors,13,Married-civ-spouse,Exec-managerial,Husband,White,Male,7688,0,40,United-States,0.989772444151614,0
40,Federal-gov,75313,Bachelors,13,Married-civ-spouse,Prof-specialty,Husband,White,Male,7688,0,66,United-States,0.9897712205363662,0
41,Self-emp-inc,220821,Bachelors,13,Married-civ-spouse,Exec-managerial,Husband,White,Male,7688,0,40,United-States,0.9897511918867838,0
53,Self-emp-inc,42924,Doctorate,16,Divorced,Exec-managerial,Not-in-family,White,Male,14084,0,50,United-States,0.9897269127842352,1
35,Private,119098,Doctorate,16,Married-civ-spouse,Prof-specialty,Husband,White,Male,7298,0,40,United-States,0.9896793849919783,0
42,Self-emp-not-inc,336513,Bachelors,13,Married-civ-spouse,Craft-repair,Husband,White,Male,15024,0,60,United-States,0.9895847158122797,0
46,Federal-gov,20956,Bachelors,13,Married-civ-spouse,Exec-managerial,Husband,White,Male,15024,0,40,United-States,0.9895115565006214,0
51,Self-emp-inc,167793,Bachelors,13,Married-civ-spouse,Exec-managerial,Husband,White,Male,15024,0,40,United-States,0.9895115565006214,0
40,Federal-gov,121012,Bachelors,13,Married-civ-spouse,Adm-clerical,Husband,White,Male,7298,0,48,United-States,0.9894220393851239,0
41,Self-emp-inc,253060,Bachelors,13,Married-civ-spouse,Sales,Husband,White,Male,7688,0,45,United-States,0.9894013667275163,0
49,Private,83610,Bachelors,13,Married-civ-spouse,Exec-managerial,Husband,White,Male,7688,0,66,United-States,0.9893622110395863,0
38,Private,38312,Bachelors,13,Married-civ-spouse,Exec-managerial,Husband,White,Male,15024,0,65,United-States,0.9893622110395863,0
47,Private,121836,Masters,14,Married-civ-spouse,Adm-clerical,Wife,White,Female,7688,0,38,United-States,0.9893499748871084,0
47,Local-gov,149700,Masters,14,Married-civ-spouse,Prof-specialty,Husband,White,Male,15024,0,35,United-States,0.98929677982423,0
38,Federal-gov,238342,Bachelors,13,Married-civ-spouse,Sales,Husband,White,Male,7688,0,42,United-States,0.9892750123529797,0
39,Self-emp-inc,283338,Bachelors,13,Married-civ-spouse,Exec-managerial,Husband,White,Male,7298,0,40,United-States,0.9892210444804712,0
38,Private,297449,Bachelors,13,Married-civ-spouse,Adm-clerical,Husband,White,Male,7298,0,50,United-States,0.9892185328491729,0
37,Private,148015,Bachelors,13,Married-civ-spouse,Prof-specialty,Wife,Black,Female,15024,0,40,United-States,0.9891812447845161,0
41,Self-emp-inc,194636,Bachelors,13,Married-civ-spouse,Sales,Husband,White,Male,99999,0,65,United-States,0.9891400926717084,1
57,Private,180779,Bachelors,13,Married-civ-spouse,Prof-specialty,Husband,White,Male,7298,0,40,United-States,0.989058174850908,0
44,Private,172479,Bachelors,13,Married-civ-spouse,Prof-specialty,Husband,White,Male,7688,0,40,United-States,0.989058174850908,0
53,Private,149784,Bachelors,13,Married-civ-spouse,Prof-specialty,Husband,White,Male,7688,0,40,United-States,0.989058174850908,0
42,Private,190179,Bachelors,13,Married-civ-spouse,Prof-specialty,Husband,White,Male,99999,0,40,United-States,0.989058174850908,1
53,Local-gov,283602,Masters,14,Married-civ-spouse,Prof-specialty,Wife,White,Female,15024,0,40,United-States,0.9890578528468952,0
43,Self-emp-inc,117158,Bachelors,13,Married-civ-spouse,Sales,Husband,White,Male,15024,0,60,United-States,0.9889144966604944,0
44,Private,196545,Bachelors,13,Married-civ-spouse,Craft-repair,Husband,White,Male,7298,0,40,United-States,0.9888291011963581,0
38,Private,111398,Bachelors,13,Married-civ-spouse,Prof-specialty,Wife,White,Female,7688,0,40,United-States,0.9887482137883978,0
38,Private,91039,Bachelors,13,Married-civ-spouse,Sales,Husband,White,Male,15024,0,60,United-States,0.9885844425475994,0
50,Federal-gov,98980,Bachelors,13,Married-civ-spouse,Exec-managerial,Husband,White,Male,7298,0,40,United-States,0.9885503101222659,0
33,Private,182926,Bachelors,13,Married-civ-spouse,Exec-managerial,Husband,White,Male,15024,0,50,United-States,0.9885141168712517,0
65,Self-emp-inc,184965,Doctorate,16,Married-civ-spouse,Exec-managerial,Husband,White,Male,99999,0,40,United-States,0.9884914477887661,1
46,Private,423222,Bachelors,13,Married-civ-spouse,Exec-managerial,Husband,White,Male,7688,0,40,United-States,0.9884200916995782,0
37,Local-gov,99935,Masters,14,Married-civ-spouse,Protective-serv,Husband,White,Male,7688,0,50,United-States,0.9882943169322642,0
34,Self-emp-inc,343789,Bachelors,13,Married-civ-spouse,Exec-managerial,Husband,White,Male,7688,0,55,United-States,0.988263211344649,0
51,Self-emp-not-inc,145409,Bachelors,13,Married-civ-spouse,Sales,Husband,White,Male,15024,0,50,United-States,0.9882556764507546,0
43,State-gov,139734,Bachelors,13,Married-civ-spouse,Exec-managerial,Husband,White,Male,15024,0,40,United-States,0.9882213508230135,0
41,Self-emp-inc,236021,Bachelors,13,Married-civ-spouse,Prof-specialty,Husband,White,Male,15024,0,40,United-States,0.9881848999687894,0
37,Private,263094,Bachelors,13,Married-civ-spouse,Exec-managerial,Husband,White,Male,7298,0,40,United-States,0.988159010846178,0
43,Private,403467,Bachelors,13,Married-civ-spouse,Exec-managerial,Husband,Black,Male,7688,0,40,United-States,0.988159010846178,0
50,Private,238959,Bachelors,13,Married-civ-spouse,Sales,Husband,White,Male,99999,0,60,?,0.9881508319442585,1
52,Self-emp-not-inc,194995,Bachelors,13,Married-civ-spouse,Sales,Husband,White,Male,15024,0,55,United-States,0.9881508319442585,0
57,Self-emp-inc,119253,Masters,14,Married-civ-spouse,Sales,Husband,White,Male,15024,0,65,United-States,0.9880970572741574,0
45,State-gov,213646,Bachelors,13,Married-civ-spouse,Exec-managerial,Husband,White,Male,7298,0,40,United-States,0.9879898943387706,0
38,Private,409604,Bachelors,13,Married-civ-spouse,Exec-managerial,Husband,White,Male,15024,0,40,United-States,0.9879898943387706,0
51,Private,159755,Bachelors,13,Married-civ-spouse,Exec-managerial,Husband,White,Male,7688,0,40,United-States,0.9879898943387706,0
46,State-gov,192779,Bachelors,13,Married-civ-spouse,Exec-managerial,Husband,White,Male,7688,0,40,United-States,0.9879898943387706,0
38,Private,192337,Bachelors,13,Married-civ-spouse,Exec-managerial,Husband,White,Male,7688,0,40,United-States,0.9879898943387706,0
62,Private,134768,Doctorate,16,Married-civ-spouse,Prof-specialty,Husband,White,Male,7688,0,40,?,0.9879230463057589,0
35,Private,99357,Masters,14,Married-civ-spouse,Prof-specialty,Wife,White,Female,15024,0,50,United-States,0.9878346884047069,0
46,Private,328216,Bachelors,13,Married-civ-spouse,Exec-managerial,Husband,White,Male,15024,0,40,United-States,0.9877697723957706,0
42,Private,261929,Bachelors,13,Married-civ-spouse,Exec-managerial,Husband,White,Male,7688,0,40,United-States,0.9877697723957706,0
43,Private,152958,Bachelors,13,Married-civ-spouse,Exec-managerial,Husband,White,Male,7298,0,40,United-States,0.9877697723957706,0
40,Private,111483,Bachelors,13,Married-civ-spouse,Exec-managerial,Husband,White,Male,7298,0,40,United-States,0.9877507097582259,0
36,Private,174717,Bachelors,13,Married-civ-spouse,Prof-specialty,Husband,White,Male,7688,0,40,United-States,0.9876734287952065,0
55,Private,198145,Bachelors,13,Married-civ-spouse,Prof-specialty,Husband,White,Male,7298,0,40,United-States,0.9876728491879838,0
50,Private,145409,Bachelors,13,Married-civ-spouse,Prof-specialty,Husband,White,Male,15024,0,40,United-States,0.9876728491879838,0
52,Local-gov,317733,Bachelors,13,Married-civ-spouse,Prof-specialty,Husband,White,Male,7688,0,40,United-States,0.9876728491879838,0
56,Self-emp-not-inc,172618,Bachelors,13,Married-civ-spouse,Prof-specialty,Husband,White,Male,7688,0,40,United-States,0.9876728491879838,0
56,Local-gov,381965,Bachelors,13,Married-civ-spouse,Prof-specialty,Husband,White,Male,15024,0,40,United-States,0.9876728491879838,0
59,Private,165922,Bachelors,13,Married-civ-spouse,Prof-specialty,Husband,White,Male,15024,0,40,United-States,0.9876728491879838,0
49,State-gov,391585,Bachelors,13,Married-civ-spouse,Exec-managerial,Husband,White,Male,15024,0,40,United-States,0.9876671175165599,0
43,Private,183273,Masters,14,Married-civ-spouse,Exec-managerial,Wife,White,Female,15024,0,32,United-States,0.9875651710461768,0
40,Local-gov,163725,Bachelors,13,Married-civ-spouse,Prof-specialty,Husband,White,Male,7688,0,40,United-States,0.9874909169208759,0
64,Self-emp-inc,185912,Prof-school,15,Married-civ-spouse,Prof-specialty,Husband,White,Male,99999,0,35,United-States,0.9874727558945662,1
34,Private,134737,Masters,14,Married-civ-spouse,Prof-specialty,Husband,White,Male,7688,0,55,United-States,0.98746747502876,0
37,Private,588003,Bachelors,13,Married-civ-spouse,Exec-managerial,Husband,White,Male,15024,0,40,United-States,0.9873947021219167,0
37,Private,82521,Bachelors,13,Married-civ-spouse,Exec-managerial,Husband,White,Male,15024,0,40,United-States,0.9873947021219167,0
38,Private,236391,Bachelors,13,Married-civ-spouse,Exec-managerial,Husband,White,Male,7688,0,40,United-States,0.9873947021219167,0
43,Private,345789,Bachelors,13,Married-civ-spouse,Prof-specialty,Wife,White,Female,15024,0,50,United-States,0.9873583800692975,0
52,Federal-gov,617021,Bachelors,13,Married-civ-spouse,Tech-support,Husband,Black,Male,7688,0,40,United-States,0.9872110310331408,3
36,Private,261382,Masters,14,Married-civ-spouse,Sales,Husband,White,Male,15024,0,45,United-States,0.9871633100384765,0
51,Private,221672,Masters,14,Married-civ-spouse,Sales,Husband,White,Male,15024,0,50,United-States,0.9871543583269267,0
53,Private,106176,Masters,14,Married-civ-spouse,Sales,Husband,White,Male,7298,0,60,United-States,0.9871543583269267,0
42,Private,511068,Bachelors,13,Married-civ-spouse,Prof-specialty,Husband,White,Male,7688,0,40,United-States,0.987108504955535,0
42,Self-emp-not-inc,269733,Masters,14,Married-civ-spouse,Sales,Husband,White,Male,99999,0,80,United-States,0.9870885407067551,1
50,Self-emp-not-inc,145419,Masters,14,Married-civ-spouse,Sales,Husband,White,Male,7688,0,45,United-States,0.9870885407067551,0
60,Local-gov,124987,Bachelors,13,Married-civ-spouse,Prof-specialty,Husband,White,Male,7298,0,40,United-States,0.9870772705663149,0
37,Private,103986,Bachelors,13,Married-civ-spouse,Prof-specialty,Husband,White,Male,7688,0,39,United-States,0.9869634099474665,0
35,Private,138992,Masters,14,Married-civ-spouse,Prof-specialty,Other-relative,White,Male,7298,0,40,United-States,0.9869605119113531,0
57,Self-emp-inc,376230,Masters,14,Married-civ-spouse,Sales,Husband,White,Male,99999,0,40,United-States,0.9869374564240523,1
57,Federal-gov,425161,Masters,14,Married-civ-spouse,Sales,Husband,White,Male,15024,0,40,United-States,0.9869374564240523,0
42,Private,52781,Bachelors,13,Married-civ-spouse,Prof-specialty,Husband,White,Male,7688,0,40,United-States,0.9869292775221328,0
51,Private,289572,Bachelors,13,Married-civ-spouse,Sales,Husband,White,Male,7688,0,50,United-States,0.9869267014900323,0
55,Private,282023,Bachelors,13,Married-civ-spouse,Sales,Husband,White,Male,15024,0,50,United-States,0.9869221290330534,0
41,Private,149909,Bachelors,13,Married-civ-spouse,Sales,Husband,White,Male,7688,0,50,United-States,0.9869221290330534,0
44,Private,242521,Bachelors,13,Married-civ-spouse,Sales,Husband,White,Male,7688,0,50,United-States,0.9869221290330534,0
54,Private,249322,Bachelors,13,Married-civ-spouse,Sales,Husband,White,Male,7688,0,50,United-States,0.9869221290330534,0
39,Private,177154,Bachelors,13,Married-civ-spouse,Sales,Husband,White,Male,15024,0,50,United-States,0.9869221290330534,0
38,Local-gov,185394,Bachelors,13,Married-civ-spouse,Prof-specialty,Wife,White,Female,7688,0,40,United-States,0.9867404543691556,0
41,Private,222596,Bachelors,13,Married-civ-spouse,Sales,Husband,White,Male,15024,0,45,United-States,0.9867367835234122,0
47,Self-emp-not-inc,370119,Bachelors,13,Married-civ-spouse,Sales,Husband,White,Male,15024,0,50,United-States,0.9867175276834599,0
34,State-gov,98101,Bachelors,13,Married-civ-spouse,Exec-managerial,Husband,White,Male,7688,0,45,?,0.986625949742282,0
45,Private,148995,Bachelors,13,Married-civ-spouse,Craft-repair,Husband,White,Male,15024,0,40,United-States,0.9865601965229129,0
36,Self-emp-not-inc,182898,Bachelors,13,Married-civ-spouse,Exec-managerial,Husband,White,Male,7298,0,40,United-States,0.9865356598171544,0
37,Private,171150,Bachelors,13,Married-civ-spouse,Sales,Husband,White,Male,99999,0,60,United-States,0.9865250336847391,1
52,Self-emp-inc,114758,Bachelors,13,Married-civ-spouse,Sales,Husband,White,Male,15024,0,50,United-States,0.9864648833351892,0
56,Private,132026,Bachelors,13,Married-civ-spouse,Sales,Husband,Black,Male,7688,0,45,United-States,0.9864513591666608,0
46,Self-emp-inc,198660,Bachelors,13,Married-civ-spouse,Sales,Husband,White,Male,99999,0,72,United-States,0.9863565611853571,1
35,Private,81232,Bachelors,13,Married-civ-spouse,Sales,Husband,White,Male,15024,0,50,United-States,0.9863458706521393,0
54,Local-gov,31533,Masters,14,Married-civ-spouse,Adm-clerical,Husband,White,Male,7298,0,40,United-States,0.9863298992531153,0
39,Private,102953,Bachelors,13,Married-civ-spouse,Sales,Husband,White,Male,7298,0,55,United-States,0.9863242963832966,0
43,State-gov,506329,Bachelors,13,Married-civ-spouse,Prof-specialty,Husband,Asian-Pac-Islander,Male,15024,0,40,?,0.9862612479976332,4
74,Private,188709,Prof-school,15,Married-civ-spouse,Prof-specialty,Husband,White,Male,99999,0,50,United-States,0.986240382137618,1
64,Self-emp-inc,165667,Doctorate,16,Married-civ-spouse,Prof-specialty,Husband,White,Male,7688,0,60,Canada,0.9861315447813657,1
39,Self-emp-inc,122742,Assoc-acdm,12,Married-civ-spouse,Exec-managerial,Husband,White,Male,15024,0,55,United-States,0.9860234802347436,0
59,Private,159724,Masters,14,Married-civ-spouse,Sales,Husband,White,Male,7298,0,55,United-States,0.9857317445993456,0
67,Private,195161,Masters,14,Married-civ-spouse,Prof-specialty,Husband,White,Male,20051,0,60,United-States,0.985726914539157,1
61,Private,176839,Bachelors,13,Married-civ-spouse,Prof-specialty,Husband,White,Male,15024,0,50,United-States,0.9856991577932726,0
36,Private,187847,Bachelors,13,Married-civ-spouse,Exec-managerial,Husband,White,Male,7688,0,40,United-States,0.9856937481258612,0
38,Self-emp-inc,275223,Bachelors,13,Married-civ-spouse,Sales,Husband,White,Male,7688,0,40,United-States,0.9856590360933051,0
34,State-gov,34104,Masters,14,Married-civ-spouse,Prof-specialty,Husband,White,Male,7688,0,38,United-States,0.9856302489345803,0
43,Private,352005,Bachelors,13,Married-civ-spouse,Sales,Husband,White,Male,15024,0,45,United-States,0.9856252256719842,0
34,Private,203408,Bachelors,13,Married-civ-spouse,Prof-specialty,Husband,White,Male,7688,0,50,United-States,0.985623358048711,0
59,Self-emp-not-inc,201263,Bachelors,13,Married-civ-spouse,Sales,Husband,White,Male,15024,0,55,United-States,0.9855624348895309,0
35,Private,64922,Bachelors,13,Married-civ-spouse,Exec-managerial,Husband,White,Male,7688,0,50,United-States,0.9855442094624187,0
64,Federal-gov,388594,Prof-school,15,Married-civ-spouse,Prof-specialty,Husband,White,Male,15024,0,45,?,0.98552913967463,2
38,Self-emp-not-inc,280169,Bachelors,13,Married-civ-spouse,Sales,Husband,White,Male,7298,0,50,United-States,0.9854192719055375,0
90,Private,87372,Prof-school,15,Married-civ-spouse,Prof-specialty,Husband,White,Male,20051,0,72,United-States,0.9854166958734369,3
36,Private,223433,Masters,14,Married-civ-spouse,Sales,Husband,White,Male,7688,0,50,United-States,0.985372645724516,0
35,Private,75855,Masters,14,Married-civ-spouse,Prof-specialty,Husband,Black,Male,7298,0,40,?,0.9852778477432123,0
36,Self-emp-inc,77146,Bachelors,13,Married-civ-spouse,Sales,Husband,White,Male,15024,0,45,United-States,0.9852545346527013,0
34,Self-emp-not-inc,198664,Bachelors,13,Married-civ-spouse,Craft-repair,Husband,Asian-Pac-Islander,Male,15024,0,70,South,0.9852492537868951,1
53,Private,177916,Bachelors,13,Married-civ-spouse,Adm-clerical,Husband,White,Male,7298,0,40,United-States,0.9851493681421926,0
48,Private,146268,Bachelors,13,Married-civ-spouse,Adm-clerical,Husband,White,Male,7688,0,40,United-States,0.9851493681421926,0
42,Private,161510,Bachelors,13,Married-civ-spouse,Sales,Husband,White,Male,7298,0,40,United-States,0.9851493681421926,0
47,Private,168232,Bachelors,13,Married-civ-spouse,Adm-clerical,Husband,White,Male,7298,0,40,United-States,0.9851493681421926,0
66,State-gov,162945,Prof-school,15,Married-civ-spouse,Exec-managerial,Husband,Black,Male,20051,0,55,United-States,0.9851440872763861,3
47,Self-emp-inc,79627,Prof-school,15,Divorced,Prof-specialty,Not-in-family,White,Male,27828,0,50,United-States,0.9851382912041597,1
44,Private,109912,Doctorate,16,Married-civ-spouse,Exec-managerial,Wife,White,Female,15024,0,32,United-States,0.9850532177440361,0
37,Private,125933,Assoc-acdm,12,Married-civ-spouse,Exec-managerial,Husband,White,Male,7688,0,50,United-States,0.9850507705135403,0
49,Self-emp-inc,362654,Some-college,10,Married-civ-spouse,Exec-managerial,Husband,White,Male,15024,0,50,United-States,0.9847378470141146,0
38,Private,114591,Bachelors,13,Married-civ-spouse,Prof-specialty,Wife,White,Female,15024,0,40,United-States,0.9847146627252088,0
40,Private,99604,Masters,14,Married-civ-spouse,Prof-specialty,Wife,White,Female,15024,0,24,United-States,0.9847016537631006,1
59,Self-emp-not-inc,174056,Bachelors,13,Married-civ-spouse,Sales,Husband,White,Male,15024,0,40,United-States,0.9846386697782399,0
33,Private,188246,Masters,14,Married-civ-spouse,Exec-managerial,Husband,White,Male,7298,0,45,United-States,0.9846176751166196,0
58,Private,136841,Bachelors,13,Married-civ-spouse,Prof-specialty,Wife,White,Female,99999,0,35,United-States,0.9844964728062842,1
32,Private,312667,Bachelors,13,Married-civ-spouse,Prof-specialty,Husband,White,Male,15024,0,50,United-States,0.9844258895267266,0
72,Self-emp-inc,172407,Prof-school,15,Married-civ-spouse,Prof-specialty,Husband,White,Male,99999,0,50,United-States,0.984403606849056,1
37,Self-emp-not-inc,164526,Doctorate,16,Never-married,Prof-specialty,Not-in-family,White,Male,14084,0,45,United-States,0.9843919503038006,1
39,Self-emp-inc,116358,Bachelors,13,Married-civ-spouse,Sales,Husband,Asian-Pac-Islander,Male,7688,0,40,?,0.9841966870705716,1
63,Self-emp-inc,137940,Prof-school,15,Married-civ-spouse,Prof-specialty,Husband,White,Male,15024,0,50,United-States,0.984071942716098,0
37,Federal-gov,22201,Bachelors,13,Married-civ-spouse,Adm-clerical,Husband,Asian-Pac-Islander,Male,7298,0,40,Philippines,0.9840689158783797,2
53,Self-emp-inc,134793,Some-college,10,Married-civ-spouse,Exec-managerial,Husband,White,Male,15024,0,50,United-States,0.9840606081748551,0
67,Private,231559,Prof-school,15,Married-civ-spouse,Prof-specialty,Husband,White,Male,20051,0,48,United-States,0.9839964005747466,1
68,Private,193666,Doctorate,16,Married-civ-spouse,Prof-specialty,Husband,White,Male,20051,0,55,United-States,0.9839964005747466,1
60,Local-gov,138502,Bachelors,13,Married-civ-spouse,Protective-serv,Husband,White,Male,7298,0,48,United-States,0.9838472483161194,0
39,Private,103925,Bachelors,13,Married-civ-spouse,Prof-specialty,Wife,White,Female,7688,0,32,United-States,0.9838249656384488,0
46,Private,121124,Assoc-acdm,12,Married-civ-spouse,Exec-managerial,Husband,White,Male,15024,0,50,United-States,0.983794053253241,0
41,Private,287306,Assoc-acdm,12,Married-civ-spouse,Prof-specialty,Husband,White,Male,15024,0,60,United-States,0.9837766006357591,0
46,Private,273771,Bachelors,13,Married-civ-spouse,Sales,Husband,White,Male,99999,0,40,United-States,0.9837373805470269,1
49,Self-emp-not-inc,219718,Bachelors,13,Married-civ-spouse,Sales,Husband,White,Male,15024,0,40,United-States,0.9837373805470269,0
41,Private,359696,Bachelors,13,Married-civ-spouse,Protective-serv,Husband,White,Male,15024,0,60,United-States,0.9836642212353686,0
32,Private,126132,Bachelors,13,Married-civ-spouse,Exec-managerial,Husband,White,Male,15024,0,50,United-States,0.983655784730239,0
38,Private,59660,Bachelors,13,Married-civ-spouse,Sales,Husband,White,Male,7298,0,40,United-States,0.9833429900324182,0
60,Self-emp-inc,197553,Some-college,10,Married-civ-spouse,Exec-managerial,Husband,White,Male,7688,0,50,United-States,0.9833422172227879,0
39,Private,179668,Bachelors,13,Married-civ-spouse,Tech-support,Husband,White,Male,15024,0,40,United-States,0.9832165068562766,0
65,Self-emp-inc,210381,Bachelors,13,Married-civ-spouse,Exec-managerial,Husband,White,Male,99999,0,65,United-States,0.9831895229200223,1
44,Federal-gov,469454,Assoc-voc,11,Married-civ-spouse,Protective-serv,Husband,White,Male,7298,0,48,United-States,0.9831599629516674,0
52,Private,147876,Bachelors,13,Married-civ-spouse,Sales,Wife,White,Female,15024,0,60,United-States,0.9831599629516674,0
79,Private,120707,Doctorate,16,Married-civ-spouse,Prof-specialty,Husband,White,Male,20051,0,35,El-Salvador,0.98312061406133,2
47,Private,124973,Assoc-voc,11,Married-civ-spouse,Exec-managerial,Husband,White,Male,15024,0,50,United-States,0.9830565352628264,0
48,Federal-gov,166634,Bachelors,13,Married-civ-spouse,Adm-clerical,Wife,White,Female,7688,0,40,United-States,0.9830471327456591,0
34,Private,142897,Masters,14,Married-civ-spouse,Exec-managerial,Husband,Asian-Pac-Islander,Male,7298,0,35,Taiwan,0.9830095870777922,1
55,State-gov,175127,Bachelors,13,Married-civ-spouse,Adm-clerical,Husband,White,Male,7688,0,38,United-States,0.9829954833020413,0
43,Federal-gov,203637,Bachelors,13,Married-civ-spouse,Adm-clerical,Husband,White,Male,7298,0,40,United-States,0.9829914904522852,0
69,Self-emp-not-inc,240562,Prof-school,15,Married-civ-spouse,Prof-specialty,Husband,White,Male,99999,0,40,United-States,0.9829712041994927,1
39,Private,183898,Assoc-acdm,12,Married-civ-spouse,Craft-repair,Husband,White,Male,7688,0,60,Germany,0.9829402274134824,0
51,Self-emp-inc,54342,Prof-school,15,Divorced,Prof-specialty,Not-in-family,White,Male,27828,0,60,United-States,0.9829386817942221,1
33,Private,192002,Masters,14,Married-civ-spouse,Exec-managerial,Husband,White,Male,7298,0,60,Canada,0.9828896083827048,0
38,Private,31033,Bachelors,13,Married-civ-spouse,Sales,Husband,White,Male,7298,0,40,United-States,0.9828248855761761,0
48,Self-emp-not-inc,328606,Prof-school,15,Divorced,Prof-specialty,Unmarried,White,Male,14084,0,63,United-States,0.9828158050630214,1
58,Private,306233,Bachelors,13,Married-civ-spouse,Sales,Husband,White,Male,15024,0,40,United-States,0.9827592611584122,0
59,Self-emp-inc,169982,Some-college,10,Married-civ-spouse,Exec-managerial,Husband,White,Male,15024,0,60,United-States,0.982758745951992,0
33,Self-emp-not-inc,272359,Bachelors,13,Married-civ-spouse,Sales,Husband,White,Male,7298,0,80,United-States,0.9826079192724992,1
42,Private,119359,Prof-school,15,Married-civ-spouse,Sales,Wife,Amer-Indian-Eskimo,Female,15024,0,40,South,0.982545386093256,0
34,Private,242460,Bachelors,13,Married-civ-spouse,Exec-managerial,Husband,White,Male,7688,0,40,United-States,0.9825175649465692,0
46,Local-gov,121124,Bachelors,13,Married-civ-spouse,Protective-serv,Husband,White,Male,15024,0,40,United-States,0.9824905810103148,0
39,Private,110426,Assoc-acdm,12,Married-civ-spouse,Exec-managerial,Wife,White,Female,15024,0,45,United-States,0.9824451140437385,0
58,Self-emp-inc,78104,Some-college,10,Married-civ-spouse,Exec-managerial,Husband,White,Male,7298,0,60,United-States,0.9824177437026693,0
62,Private,208711,Bachelors,13,Married-civ-spouse,Craft-repair,Husband,White,Male,7688,0,50,United-States,0.9824033823237082,0
37,Local-gov,160910,Bachelors,13,Married-civ-spouse,Adm-clerical,Husband,White,Male,7298,0,40,United-States,0.9823927561912931,0
35,Federal-gov,49657,Bachelors,13,Married-civ-spouse,Prof-specialty,Husband,White,Male,7298,0,40,United-States,0.9823721479344878,0
40,Private,198873,Prof-school,15,Married-civ-spouse,Prof-specialty,Wife,White,Female,15024,0,30,United-States,0.9823567561426865,0
64,Self-emp-inc,179436,Bachelors,13,Married-civ-spouse,Exec-managerial,Husband,White,Male,15024,0,55,United-States,0.9821643909455708,0
33,Private,175697,Bachelors,13,Married-civ-spouse,Exec-managerial,Husband,White,Male,15024,0,60,United-States,0.9821177003637467,0
50,Private,34832,Bachelors,13,Married-civ-spouse,Tech-support,Husband,White,Male,15024,0,40,United-States,0.9820019077208226,0
42,Private,176063,Assoc-voc,11,Married-civ-spouse,Exec-managerial,Husband,White,Male,15024,0,55,United-States,0.9819510310868349,0
44,Local-gov,189956,Bachelors,13,Married-civ-spouse,Protective-serv,Wife,Black,Female,15024,0,40,United-States,0.9819399541488021,0
32,Private,207668,Bachelors,13,Married-civ-spouse,Exec-managerial,Husband,White,Male,15024,0,45,United-States,0.9819313244412651,0
49,Self-emp-inc,58359,Some-college,10,Married-civ-spouse,Exec-managerial,Husband,White,Male,15024,0,50,United-States,0.981893134765373,0
44,Self-emp-inc,56651,Some-college,10,Married-civ-spouse,Exec-managerial,Husband,White,Male,7688,0,45,United-States,0.981893134765373,0
63,Private,294009,Bachelors,13,Married-civ-spouse,Prof-specialty,Husband,White,Male,15024,0,45,United-States,0.9818845694586384,0
32,Private,167531,Prof-school,15,Married-civ-spouse,Prof-specialty,Wife,Asian-Pac-Islander,Female,15024,0,50,United-States,0.9818647340114635,1
68,Private,117236,Bachelors,13,Married-civ-spouse,Exec-managerial,Husband,White,Male,20051,0,45,United-States,0.9818342724318732,1
36,Private,115834,Assoc-voc,11,Married-civ-spouse,Exec-managerial,Wife,White,Female,7298,0,55,United-States,0.9818313099949576,0
43,State-gov,261929,Doctorate,16,Married-spouse-absent,Prof-specialty,Unmarried,White,Male,25236,0,64,United-States,0.98175177500385,3
31,Federal-gov,130057,Masters,14,Married-civ-spouse,Exec-managerial,Husband,White,Male,7688,0,60,United-States,0.9817383796369268,0
58,Private,289364,Some-college,10,Married-civ-spouse,Exec-managerial,Husband,White,Male,7688,0,45,United-States,0.9816472525013664,0
46,Private,393715,Some-college,10,Married-civ-spouse,Exec-managerial,Husband,White,Male,15024,0,50,United-States,0.9816472525013664,0
49,Private,309033,Assoc-voc,11,Married-civ-spouse,Prof-specialty,Wife,White,Female,15024,0,60,United-States,0.9816162113145537,0
66,Private,115498,Bachelors,13,Married-civ-spouse,Exec-managerial,Husband,White,Male,99999,0,55,?,0.9815661718909987,1
44,Private,198096,Bachelors,13,Married-civ-spouse,Sales,Husband,White,Male,7688,0,40,United-States,0.9815429232012904,0
30,Private,341051,Masters,14,Married-civ-spouse,Exec-managerial,Husband,White,Male,15024,0,60,United-States,0.9814150876082959,0
65,Self-emp-inc,139272,Bachelors,13,Married-civ-spouse,Sales,Husband,White,Male,99999,0,60,United-States,0.9813457279439861,1
67,Self-emp-not-inc,217892,Doctorate,16,Married-civ-spouse,Prof-specialty,Husband,White,Male,10605,0,35,United-States,0.9813126259314928,0
43,Self-emp-inc,130126,Some-college,10,Married-civ-spouse,Exec-managerial,Husband,White,Male,15024,0,45,United-States,0.9812972341396915,0
59,State-gov,398626,Doctorate,16,Divorced,Prof-specialty,Unmarried,White,Male,25236,0,45,United-States,0.9812934988931454,3
90,Local-gov,227796,Masters,14,Married-civ-spouse,Exec-managerial,Husband,White,Male,20051,0,60,United-States,0.9812906008570323,1
40,Self-emp-inc,157240,Masters,14,Married-civ-spouse,Exec-managerial,Wife,White,Female,15024,0,30,Iran,0.981118006706289,0
32,Private,553405,Bachelors,13,Married-civ-spouse,Sales,Husband,White,Male,99999,0,50,United-States,0.9810993304735594,1
32,Private,447066,Bachelors,13,Married-civ-spouse,Sales,Husband,Black,Male,15024,0,50,United-States,0.9810993304735594,0
33,Private,354573,Masters,14,Married-civ-spouse,Prof-specialty,Husband,White,Male,15024,0,44,United-States,0.9810300996108545,0
50,Private,145333,Doctorate,16,Divorced,Prof-specialty,Other-relative,White,Male,10520,0,50,United-States,0.9809772265519889,0
62,Private,195343,Doctorate,16,Divorced,Prof-specialty,Unmarried,White,Male,15020,0,50,United-States,0.9809767757463712,1
49,Self-emp-inc,191277,Some-college,10,Married-civ-spouse,Exec-managerial,Husband,White,Male,15024,0,50,United-States,0.980870192418207,0
42,Private,383493,Some-college,10,Married-civ-spouse,Exec-managerial,Husband,White,Male,15024,0,50,United-States,0.9808320671431174,0
42,Private,150533,Some-college,10,Married-civ-spouse,Exec-managerial,Husband,White,Male,7298,0,52,United-States,0.9808320671431174,0
52,Private,338816,Some-college,10,Married-civ-spouse,Exec-managerial,Husband,White,Male,15024,0,45,United-States,0.9808320671431174,0
33,Local-gov,43959,Masters,14,Married-civ-spouse,Prof-specialty,Husband,White,Male,7688,0,50,United-States,0.9807902710222847,0
41,Self-emp-not-inc,169023,Bachelors,13,Married-civ-spouse,Adm-clerical,Wife,White,Female,7688,0,40,United-States,0.9807288326566843,0
40,Self-emp-inc,182437,Assoc-acdm,12,Married-civ-spouse,Sales,Husband,White,Male,15024,0,50,United-States,0.9807006251051822,0
32,Federal-gov,42900,Prof-school,15,Married-civ-spouse,Prof-specialty,Husband,White,Male,15024,0,50,United-States,0.9806954730409809,0
47,Private,162741,Assoc-acdm,12,Married-civ-spouse,Prof-specialty,Wife,Black,Female,15024,0,40,United-States,0.980574206329843,0
42,State-gov,117583,Doctorate,16,Divorced,Prof-specialty,Not-in-family,White,Female,8614,0,60,United-States,0.9805700202776795,1
49,Private,198759,Assoc-acdm,12,Married-civ-spouse,Sales,Husband,White,Male,15024,0,60,United-States,0.9805516660489624,0
53,Private,30244,Assoc-acdm,12,Married-civ-spouse,Exec-managerial,Husband,White,Male,15024,0,40,United-States,0.9805434227462404,0
52,Private,84278,Some-college,10,Married-civ-spouse,Exec-managerial,Husband,White,Male,7688,0,55,?,0.9804832079958878,0
40,Private,195394,Assoc-acdm,12,Married-civ-spouse,Prof-specialty,Husband,White,Male,7688,0,40,United-States,0.9804369038188787,0
30,Self-emp-inc,321990,Masters,14,Married-civ-spouse,Exec-managerial,Husband,White,Male,15024,0,60,?,0.9804049610208307,0
40,Private,121874,Assoc-acdm,12,Married-civ-spouse,Sales,Husband,White,Male,7688,0,50,United-States,0.9803465494929486,0
56,Private,109015,Some-college,10,Married-civ-spouse,Exec-managerial,Wife,White,Female,7688,0,50,United-States,0.9803428142464026,0
34,Private,187215,Bachelors,13,Married-civ-spouse,Prof-specialty,Wife,White,Female,15024,0,36,United-States,0.9802484670707166,0
34,Private,340940,Bachelors,13,Married-civ-spouse,Sales,Husband,White,Male,7298,0,60,United-States,0.9802342344933606,0
54,Private,215990,Some-college,10,Married-civ-spouse,Tech-support,Husband,White,Male,7688,0,40,United-States,0.9801909571540697,0
38,Self-emp-inc,269318,Some-college,10,Married-civ-spouse,Exec-managerial,Husband,White,Male,7298,0,40,United-States,0.9801514150613249,0
34,Private,203488,Bachelors,13,Married-civ-spouse,Sales,Husband,White,Male,15024,0,40,United-States,0.9800773541384313,0
46,Private,295566,Doctorate,16,Divorced,Prof-specialty,Unmarried,White,Female,25236,0,65,United-States,0.9800590643105167,2
56,Self-emp-inc,105582,Some-college,10,Married-civ-spouse,Exec-managerial,Husband,White,Male,7688,0,50,United-States,0.9800397440697619,0
52,Private,284329,Assoc-voc,11,Married-civ-spouse,Prof-specialty,Husband,White,Male,15024,0,40,United-States,0.9800378764464888,0
40,Private,177905,Assoc-voc,11,Married-civ-spouse,Exec-managerial,Husband,White,Male,7688,0,44,United-States,0.9800275079172838,0
47,Private,155659,Some-college,10,Married-civ-spouse,Craft-repair,Husband,White,Male,7688,0,55,United-States,0.9799595006698267,0
33,Private,144949,Masters,14,Married-civ-spouse,Prof-specialty,Husband,White,Male,15024,0,40,United-States,0.9799343199560429,0
52,Private,186303,Some-college,10,Married-civ-spouse,Exec-managerial,Husband,White,Male,15024,0,55,Canada,0.9798625130612375,0
50,Private,171338,Some-college,10,Married-civ-spouse,Exec-managerial,Husband,White,Male,99999,0,50,United-States,0.9798040371325528,1
49,Self-emp-not-inc,43348,Doctorate,16,Never-married,Prof-specialty,Not-in-family,White,Male,99999,0,70,United-States,0.9798020407076748,2
62,Private,109190,Bachelors,13,Married-civ-spouse,Exec-managerial,Husband,White,Male,15024,0,40,United-States,0.9797282373879914,0
32,Self-emp-not-inc,37232,Prof-school,15,Married-civ-spouse,Prof-specialty,Husband,White,Male,7688,0,45,United-States,0.9797273357767562,0
30,Private,132601,Bachelors,13,Married-civ-spouse,Exec-managerial,Husband,White,Male,99999,0,50,United-States,0.979710591568102,1
58,Federal-gov,200042,Some-college,10,Married-civ-spouse,Exec-managerial,Husband,White,Male,15024,0,40,United-States,0.9797055039047032,0
40,Private,284303,Some-college,10,Married-civ-spouse,Exec-managerial,Wife,White,Female,7688,0,40,United-States,0.9796812892029572,0
60,Federal-gov,119832,Some-college,10,Married-civ-spouse,Adm-clerical,Husband,White,Male,7298,0,40,United-States,0.9796195288333442,0
33,Private,162572,Bachelors,13,Married-civ-spouse,Prof-specialty,Husband,White,Male,99999,0,40,United-States,0.9796067130736436,1
36,Private,208358,Prof-school,15,Divorced,Prof-specialty,Not-in-family,White,Male,99999,0,45,United-States,0.979554741626013,1
64,Private,319371,Bachelors,13,Married-civ-spouse,Exec-managerial,Husband,White,Male,15024,0,40,United-States,0.979544759501623,0
43,Private,154374,Some-college,10,Married-civ-spouse,Craft-repair,Husband,White,Male,15024,0,60,United-States,0.9793616036192672,0
59,Private,271571,Some-college,10,Married-civ-spouse,Craft-repair,Husband,White,Male,15024,0,50,United-States,0.9793616036192672,0
43,Self-emp-not-inc,421837,Some-college,10,Married-civ-spouse,Sales,Husband,White,Male,7298,0,50,Mexico,0.9792934031694026,0
45,Private,390368,Some-college,10,Married-civ-spouse,Sales,Husband,Black,Male,15024,0,99,United-States,0.9792934031694026,2
35,Local-gov,302149,Bachelors,13,Married-civ-spouse,Sales,Husband,Asian-Pac-Islander,Male,7298,0,40,Philippines,0.9792029200418675,1
43,Private,191814,Assoc-acdm,12,Married-civ-spouse,Sales,Husband,White,Male,7688,0,50,United-States,0.9791823117850623,0
42,Private,171424,Bachelors,13,Married-civ-spouse,Tech-support,Husband,White,Male,7298,0,45,United-States,0.9791796713521592,0
42,Private,325353,Assoc-acdm,12,Married-civ-spouse,Adm-clerical,Husband,White,Male,7688,0,42,United-States,0.9789964510690008,0
52,Self-emp-inc,100506,Some-college,10,Married-civ-spouse,Sales,Husband,White,Male,15024,0,50,United-States,0.9789917498104171,0
43,Self-emp-inc,172826,Some-college,10,Married-civ-spouse,Sales,Husband,White,Male,99999,0,55,United-States,0.9789917498104171,1
30,Private,340917,Masters,14,Married-civ-spouse,Exec-managerial,Husband,White,Male,15024,0,60,United-States,0.9789049375286255,0
36,Private,184456,Prof-school,15,Never-married,Exec-managerial,Not-in-family,White,Male,27828,0,50,United-States,0.9788975958371386,1
36,Private,262688,Some-college,10,Married-civ-spouse,Sales,Husband,Black,Male,7688,0,50,United-States,0.9788765367747159,0
90,Self-emp-not-inc,155981,Bachelors,13,Married-civ-spouse,Prof-specialty,Husband,White,Male,10566,0,50,United-States,0.9788307478041269,0
45,Federal-gov,352094,Some-college,10,Married-civ-spouse,Tech-support,Husband,White,Male,7688,0,40,Guatemala,0.9787456099432006,0
66,Private,113323,Bachelors,13,Married-civ-spouse,Prof-specialty,Husband,White,Male,20051,0,40,United-States,0.9787168227844759,1
66,Self-emp-inc,197816,Bachelors,13,Married-civ-spouse,Exec-managerial,Husband,White,Male,10605,0,40,United-States,0.9786526151843673,0
48,Private,248254,Some-college,10,Married-civ-spouse,Prof-specialty,Wife,White,Female,7298,0,40,United-States,0.9785715989748021,0
33,Private,56701,Bachelors,13,Married-civ-spouse,Prof-specialty,Husband,White,Male,15024,0,75,United-States,0.9785686365378863,1
60,Private,142494,Some-college,10,Married-civ-spouse,Exec-managerial,Husband,White,Male,15024,0,40,United-States,0.978554983567753,0
41,Private,115932,Some-college,10,Married-civ-spouse,Exec-managerial,Husband,White,Male,99999,0,50,United-States,0.9784341676622327,1
42,Private,187795,Some-college,10,Married-civ-spouse,Exec-managerial,Husband,White,Male,99999,0,55,United-States,0.9784341676622327,1
57,Self-emp-not-inc,225334,Prof-school,15,Married-civ-spouse,Sales,Wife,White,Female,15024,0,35,United-States,0.978399520030479,0
47,Private,213140,Assoc-voc,11,Married-civ-spouse,Craft-repair,Husband,White,Male,7688,0,40,United-States,0.9783847722467028,0
31,State-gov,75755,Doctorate,16,Married-civ-spouse,Exec-managerial,Husband,White,Male,7298,0,55,United-States,0.9783847722467028,0
39,Private,358753,Assoc-voc,11,Married-civ-spouse,Craft-repair,Husband,White,Male,7688,0,40,United-States,0.9783847722467028,0
33,Local-gov,183923,Masters,14,Married-civ-spouse,Prof-specialty,Wife,White,Female,7688,0,35,United-States,0.9783586255208813,0
69,Private,128348,Bachelors,13,Married-civ-spouse,Exec-managerial,Husband,Black,Male,9386,0,50,United-States,0.9783295807589465,0
71,Self-emp-inc,38822,Masters,14,Married-civ-spouse,Exec-managerial,Husband,White,Male,99999,0,40,United-States,0.9783203070433842,1
42,Local-gov,121998,Some-college,10,Married-civ-spouse,Exec-managerial,Husband,White,Male,15024,0,40,United-States,0.978317280205666,0
44,Private,172032,Assoc-voc,11,Married-civ-spouse,Adm-clerical,Husband,White,Male,7298,0,51,United-States,0.9782506253750618,0
47,Private,278322,Some-college,10,Married-civ-spouse,Prof-specialty,Husband,White,Male,7688,0,40,United-States,0.978247276533331,0
40,Private,228535,Assoc-acdm,12,Married-civ-spouse,Prof-specialty,Husband,White,Male,7298,0,36,United-States,0.9782419312667221,0
57,Private,61474,Some-college,10,Married-civ-spouse,Exec-managerial,Husband,White,Male,7688,0,45,United-States,0.9781757916425381,0
32,Private,195000,Bachelors,13,Married-civ-spouse,Exec-managerial,Husband,White,Male,7298,0,45,United-States,0.978171541189572,0
78,Self-emp-inc,385242,Bachelors,13,Married-civ-spouse,Exec-managerial,Husband,White,Male,9386,0,45,United-States,0.9781288434575038,0
42,Private,266084,Some-college,10,Married-civ-spouse,Craft-repair,Husband,White,Male,7298,0,45,United-States,0.9780878845471036,0
58,Self-emp-inc,89922,Assoc-voc,11,Married-civ-spouse,Exec-managerial,Husband,White,Male,15024,0,40,United-States,0.9780780956251212,0
66,Local-gov,174486,Doctorate,16,Married-civ-spouse,Prof-specialty,Husband,Black,Male,20051,0,35,Jamaica,0.9780690795127689,5
48,Private,108557,Bachelors,13,Married-civ-spouse,Tech-support,Wife,White,Female,99999,0,40,United-States,0.978055619745043,1
57,Self-emp-inc,172654,Prof-school,15,Married-civ-spouse,Transport-moving,Husband,White,Male,15024,0,50,United-States,0.9779789183892463,0
47,Private,181307,Some-college,10,Married-civ-spouse,Sales,Husband,White,Male,99999,0,60,United-States,0.9778550756460078,1
39,Local-gov,267893,Assoc-acdm,12,Married-civ-spouse,Craft-repair,Husband,Black,Male,7298,0,40,United-States,0.9778006569678818,0
36,Private,183892,Some-college,10,Married-civ-spouse,Craft-repair,Husband,White,Male,7298,0,44,United-States,0.9776450002282002,0
44,Private,147206,Some-college,10,Married-civ-spouse,Craft-repair,Husband,White,Male,7688,0,45,United-States,0.9775533578862199,0
46,Private,155659,Some-college,10,Married-civ-spouse,Craft-repair,Husband,White,Male,15024,0,45,United-States,0.9775533578862199,0
54,Private,35557,Some-college,10,Married-civ-spouse,Sales,Husband,White,Male,7298,0,50,United-States,0.9775375796896034,0
33,Private,251120,Bachelors,13,Married-civ-spouse,Sales,Husband,White,Male,7688,0,50,United-States,0.9774687352317136,0
45,Private,34419,Some-college,10,Married-civ-spouse,Exec-managerial,Husband,White,Male,7298,0,40,United-States,0.9773948031104251,0
49,Private,195612,Some-college,10,Married-civ-spouse,Exec-managerial,Husband,White,Male,7298,0,40,United-States,0.9773948031104251,0
44,Private,43711,Assoc-acdm,12,Married-civ-spouse,Sales,Husband,White,Male,7688,0,40,United-States,0.9773915186694969,0
60,Private,282923,Some-college,10,Married-civ-spouse,Prof-specialty,Husband,White,Male,7298,0,40,United-States,0.9773761912784981,0
65,Private,105491,Bachelors,13,Married-civ-spouse,Exec-managerial,Husband,White,Male,99999,0,40,United-States,0.9773743880560276,1
63,Private,346975,Bachelors,13,Married-civ-spouse,Prof-specialty,Wife,White,Female,7688,0,36,United-States,0.9773396116226689,0
36,Self-emp-inc,306156,Some-college,10,Married-civ-spouse,Sales,Husband,White,Male,15024,0,60,United-States,0.9773361983801355,0
32,Self-emp-not-inc,112115,Bachelors,13,Married-civ-spouse,Prof-specialty,Husband,White,Male,7688,0,40,United-States,0.977178287612366,0
47,Private,328216,Some-college,10,Married-civ-spouse,Tech-support,Husband,White,Male,7298,0,40,United-States,0.9771484056399985,0
37,Local-gov,287306,Assoc-acdm,12,Married-civ-spouse,Prof-specialty,Wife,Black,Female,99999,0,40,?,0.9771184592668286,4
54,Private,182187,Assoc-voc,11,Married-civ-spouse,Protective-serv,Husband,Black,Male,15024,0,38,Jamaica,0.9771130495994172,0
54,Private,176240,Masters,14,Married-civ-spouse,Transport-moving,Husband,White,Male,7688,0,60,United-States,0.977084326841495,0
41,Private,113555,Some-college,10,Married-civ-spouse,Craft-repair,Husband,Amer-Indian-Eskimo,Male,7298,0,50,United-States,0.9770590173261062,0
45,Federal-gov,88564,Some-college,10,Married-civ-spouse,Exec-managerial,Husband,White,Male,7688,0,40,United-States,0.9770317757866419,0
36,State-gov,86805,Some-college,10,Married-civ-spouse,Exec-managerial,Wife,White,Female,7298,0,39,United-States,0.9770105235218115,0
57,Self-emp-not-inc,95280,Some-college,10,Married-civ-spouse,Sales,Husband,White,Male,99999,0,45,United-States,0.9769793535333937,1
39,Self-emp-not-inc,274683,Some-college,10,Married-civ-spouse,Sales,Husband,White,Male,7688,0,50,United-States,0.9769793535333937,0
40,Private,105794,Prof-school,15,Never-married,Prof-specialty,Not-in-family,White,Female,14084,0,50,United-States,0.9769703374210414,1
32,Private,193042,Prof-school,15,Married-civ-spouse,Sales,Husband,White,Male,15024,0,60,United-States,0.9769472175329382,0
45,Local-gov,318280,Some-college,10,Married-civ-spouse,Prof-specialty,Husband,White,Male,7688,0,50,United-States,0.9769140511196425,0
44,Private,235786,Some-college,10,Married-civ-spouse,Prof-specialty,Husband,White,Male,7298,0,45,United-States,0.9769140511196425,0
57,Private,334224,Some-college,10,Married-civ-spouse,Craft-repair,Wife,White,Female,9386,0,40,United-States,0.9768909312315391,0
68,Local-gov,242095,Bachelors,13,Married-civ-spouse,Exec-managerial,Husband,White,Male,20051,0,40,United-States,0.9768712889867717,1
46,Self-emp-inc,320124,HS-grad,9,Married-civ-spouse,Exec-managerial,Wife,Amer-Indian-Eskimo,Female,15024,0,40,United-States,0.9768412782127992,0
51,Private,143822,Some-college,10,Married-civ-spouse,Craft-repair,Husband,White,Male,7298,0,40,United-States,0.9767609704120617,0
31,Private,167725,Bachelors,13,Married-civ-spouse,Prof-specialty,Husband,Asian-Pac-Islander,Male,15024,0,48,Philippines,0.9766615355729767,1
49,Local-gov,119904,Bachelors,13,Married-civ-spouse,Prof-specialty,Wife,White,Female,7688,0,30,United-States,0.9766532922702547,0
36,State-gov,179488,Bachelors,13,Married-civ-spouse,Protective-serv,Husband,White,Male,7298,0,55,United-States,0.9766403477089489,0
52,Private,74275,Some-college,10,Married-civ-spouse,Sales,Husband,White,Male,7298,0,45,United-States,0.9766149737927576,0
47,Local-gov,56482,Some-college,10,Married-civ-spouse,Prof-specialty,Husband,Black,Male,7688,0,50,United-States,0.9765932707223097,0
69,Self-emp-not-inc,58213,Bachelors,13,Married-civ-spouse,Prof-specialty,Husband,White,Male,20051,0,45,United-States,0.9765105156910765,1
54,Private,154728,Assoc-voc,11,Married-civ-spouse,Tech-support,Husband,White,Male,7688,0,40,United-States,0.9764719396103694,0
47,Private,149700,Bachelors,13,Married-civ-spouse,Tech-support,Husband,White,Male,15024,0,40,United-States,0.9764503009407239,0
42,Private,175943,Assoc-voc,11,Married-civ-spouse,Exec-managerial,Wife,White,Female,7298,0,35,United-States,0.9763368267266905,0
45,Private,148171,Assoc-voc,11,Married-civ-spouse,Craft-repair,Husband,White,Male,15024,0,40,United-States,0.9762654062367001,0
43,Private,128170,Some-college,10,Married-civ-spouse,Sales,Husband,White,Male,7688,0,40,United-States,0.9760631877167996,0
38,Private,275223,Some-college,10,Married-civ-spouse,Sales,Husband,White,Male,7298,0,40,United-States,0.9760631877167996,0
60,Private,116707,Some-college,10,Married-civ-spouse,Sales,Husband,White,Male,7298,0,40,United-States,0.9760631877167996,0
34,Federal-gov,419691,Bachelors,13,Married-civ-spouse,Protective-serv,Husband,White,Male,7298,0,54,United-States,0.9760505007587039,0
44,Local-gov,171589,Assoc-voc,11,Married-civ-spouse,Craft-repair,Husband,White,Male,7688,0,40,United-States,0.9760357529749277,0
32,Self-emp-inc,199765,Bachelors,13,Married-civ-spouse,Craft-repair,Husband,White,Male,7688,0,50,United-States,0.9760256420489327,0
30,Private,159589,Bachelors,13,Married-civ-spouse,Prof-specialty,Husband,White,Male,7688,0,50,United-States,0.9760065150105854,0
32,Private,134737,Bachelors,13,Married-civ-spouse,Prof-specialty,Husband,White,Male,99999,0,50,United-States,0.9760065150105854,1
42,Private,24982,Some-college,10,Married-civ-spouse,Craft-repair,Husband,White,Male,7688,0,40,United-States,0.9759938280524897,0
38,Private,103323,Some-college,10,Married-civ-spouse,Craft-repair,Husband,White,Male,7688,0,40,United-States,0.9759938280524897,0
50,Local-gov,196307,Some-college,10,Married-civ-spouse,Craft-repair,Husband,White,Male,7688,0,40,United-States,0.9759938280524897,0
70,Self-emp-not-inc,36311,Bachelors,13,Married-civ-spouse,Prof-specialty,Husband,White,Male,20051,0,35,United-States,0.9759873235714356,1
64,Self-emp-not-inc,134960,Bachelors,13,Married-civ-spouse,Exec-managerial,Husband,White,Male,15024,0,35,United-States,0.9759510015188165,0
56,Private,122390,Assoc-voc,11,Married-civ-spouse,Sales,Husband,White,Male,15024,0,40,United-States,0.9759124898389119,0
48,Private,155659,Assoc-voc,11,Married-civ-spouse,Craft-repair,Husband,White,Male,7688,0,40,United-States,0.9758657348562851,0
38,Private,296478,Assoc-voc,11,Married-civ-spouse,Craft-repair,Husband,White,Male,7298,0,40,United-States,0.9758657348562851,0
71,Self-emp-inc,118119,Some-college,10,Married-civ-spouse,Exec-managerial,Husband,White,Male,20051,0,50,United-States,0.9758120889877893,1
37,Local-gov,51158,Some-college,10,Married-civ-spouse,Tech-support,Wife,White,Female,7298,0,36,United-States,0.9757859422619677,0
30,Private,162442,Bachelors,13,Married-civ-spouse,Prof-specialty,Wife,White,Female,7688,0,50,United-States,0.9757398956881687,0
40,Private,360884,Some-college,10,Married-civ-spouse,Adm-clerical,Wife,White,Female,7298,0,40,United-States,0.9757375772592781,0
48,Self-emp-inc,185041,HS-grad,9,Married-civ-spouse,Craft-repair,Husband,White,Male,7298,0,50,United-States,0.9757205110466114,0
40,Private,254478,Some-college,10,Married-civ-spouse,Craft-repair,Husband,White,Male,7298,0,50,United-States,0.9755912586359615,0
49,Private,84298,Some-college,10,Married-civ-spouse,Sales,Husband,White,Male,7688,0,40,United-States,0.9755865573773779,0
36,Private,607848,Some-college,10,Married-civ-spouse,Sales,Husband,White,Male,7688,0,45,United-States,0.9755815341147815,1
31,State-gov,373432,Bachelors,13,Married-civ-spouse,Prof-specialty,Husband,White,Male,7298,0,55,United-States,0.9755606682547664,0
59,Private,146391,Assoc-voc,11,Married-civ-spouse,Tech-support,Husband,White,Male,7298,0,40,United-States,0.9755099204223837,0
55,Private,223594,Some-college,10,Married-civ-spouse,Craft-repair,Husband,Black,Male,7688,0,40,Puerto-Rico,0.9752610113206589,0
44,Private,170924,Some-college,10,Married-civ-spouse,Craft-repair,Husband,White,Male,7298,0,40,United-States,0.9752610113206589,0
36,Private,169469,Some-college,10,Married-civ-spouse,Exec-managerial,Husband,White,Male,7298,0,40,United-States,0.9751322741164292,0
37,Federal-gov,93225,Some-college,10,Married-civ-spouse,Adm-clerical,Husband,White,Male,7688,0,40,United-States,0.9751045173705447,0
49,Local-gov,149210,Bachelors,13,Married-civ-spouse,Protective-serv,Husband,Black,Male,15024,0,40,United-States,0.9750428858025368,0
51,Private,114927,Assoc-voc,11,Married-civ-spouse,Tech-support,Husband,White,Male,7298,0,40,United-States,0.9749709501061263,0
31,Private,203488,Bachelors,13,Married-civ-spouse,Adm-clerical,Husband,White,Male,7298,0,50,United-States,0.9749306996045538,0
30,Private,271710,Bachelors,13,Married-civ-spouse,Sales,Husband,White,Male,7298,0,50,United-States,0.9749306996045538,0
45,Self-emp-inc,108100,Bachelors,13,Married-civ-spouse,Exec-managerial,Wife,Asian-Pac-Islander,Female,99999,0,25,?,0.9746648530917673,5
53,Self-emp-inc,263925,HS-grad,9,Married-civ-spouse,Sales,Husband,White,Male,99999,0,40,United-States,0.9745788780204082,1
37,Self-emp-inc,186359,HS-grad,9,Married-civ-spouse,Sales,Husband,White,Male,7688,0,60,United-States,0.9744887168968857,0
48,Self-emp-not-inc,243631,Some-college,10,Married-civ-spouse,Craft-repair,Husband,Amer-Indian-Eskimo,Male,7688,0,40,United-States,0.9744646953975472,0
48,Private,189462,Some-college,10,Married-civ-spouse,Craft-repair,Husband,White,Male,7688,0,40,United-States,0.9744646953975472,0
47,Private,185041,Some-college,10,Married-civ-spouse,Craft-repair,Husband,White,Male,7298,0,40,United-States,0.9744646953975472,0
56,Private,367984,Assoc-voc,11,Married-civ-spouse,Exec-managerial,Husband,White,Male,15024,0,40,United-States,0.9744328814011043,0
43,Private,303051,Assoc-voc,11,Married-civ-spouse,Exec-managerial,Husband,White,Male,15024,0,40,United-States,0.9744328814011043,0
41,Private,95047,Assoc-voc,11,Married-civ-spouse,Adm-clerical,Wife,White,Female,7688,0,44,United-States,0.9743964305468801,0
51,Private,137815,Some-college,10,Married-civ-spouse,Adm-clerical,Husband,White,Male,7298,0,40,United-States,0.9743749206788397,0
43,Private,193882,Some-college,10,Married-civ-spouse,Sales,Husband,White,Male,7688,0,40,United-States,0.9743749206788397,0
43,Private,111483,Some-college,10,Married-civ-spouse,Sales,Husband,White,Male,7298,0,40,United-States,0.9743749206788397,0
46,Private,117849,Some-college,10,Married-civ-spouse,Sales,Husband,White,Male,15024,0,40,United-States,0.9743749206788397,0
51,Self-emp-not-inc,165001,Masters,14,Divorced,Exec-managerial,Unmarried,White,Male,25236,0,50,United-States,0.9742276360434854,1
31,Private,168387,Bachelors,13,Married-civ-spouse,Prof-specialty,Husband,White,Male,7688,0,40,Canada,0.974098319232033,0
66,Private,169804,Bachelors,13,Married-civ-spouse,Sales,Husband,White,Male,20051,0,40,United-States,0.9740114425494388,1
39,Private,33983,Some-college,10,Married-civ-spouse,Adm-clerical,Husband,White,Male,15024,0,40,United-States,0.9739558002560649,0
71,Self-emp-not-inc,143437,Masters,14,Married-civ-spouse,Sales,Husband,White,Male,10605,0,40,United-States,0.9739093672774508,0
65,Private,198766,Masters,14,Married-civ-spouse,Sales,Husband,White,Male,20051,0,40,United-States,0.9739093672774508,1
37,Private,152909,Assoc-voc,11,Married-civ-spouse,Adm-clerical,Husband,White,Male,7688,0,40,United-States,0.9738243582181295,0
37,Private,105813,Assoc-voc,11,Married-civ-spouse,Adm-clerical,Husband,White,Male,7298,0,40,United-States,0.9737999503139759,0
54,Private,104501,Some-college,10,Married-civ-spouse,Sales,Husband,White,Male,15024,0,40,United-States,0.9735209660374761,0
51,Private,90363,Some-college,10,Married-civ-spouse,Adm-clerical,Husband,White,Male,15024,0,40,United-States,0.9735209660374761,0
38,Federal-gov,37683,Prof-school,15,Never-married,Prof-specialty,Not-in-family,Asian-Pac-Islander,Female,99999,0,57,Canada,0.9732218243097888,5
43,Private,75993,Some-college,10,Married-civ-spouse,Sales,Husband,White,Male,7688,0,40,United-States,0.9730633339347966,0
36,Self-emp-inc,216711,HS-grad,9,Married-civ-spouse,Exec-managerial,Husband,White,Male,99999,0,50,?,0.9730539314176293,1
37,Private,93717,Some-college,10,Married-civ-spouse,Adm-clerical,Wife,White,Female,7298,0,45,United-States,0.9730002211483308,0
60,Private,109530,Assoc-voc,11,Married-civ-spouse,Tech-support,Husband,White,Male,7298,0,40,United-States,0.9729453516645871,0
36,Private,383518,Some-college,10,Married-civ-spouse,Adm-clerical,Wife,Black,Female,99999,0,40,United-States,0.9728104319833158,1
32,Private,173730,Bachelors,13,Married-civ-spouse,Exec-managerial,Husband,White,Male,7688,0,40,United-States,0.9727732083194616,0
30,Self-emp-inc,77689,Bachelors,13,Married-civ-spouse,Sales,Husband,White,Male,7688,0,50,United-States,0.9726853656248295,0
31,Private,43819,Bachelors,13,Married-civ-spouse,Prof-specialty,Wife,White,Female,7688,0,43,United-States,0.9725653225289396,0
47,Private,233511,Masters,14,Divorced,Sales,Not-in-family,White,Male,27828,0,60,United-States,0.9725154119069895,1
40,Private,409922,Some-college,10,Married-civ-spouse,Prof-specialty,Husband,White,Male,7298,0,40,United-States,0.9724980880911127,0
53,Private,151580,Some-college,10,Married-civ-spouse,Prof-specialty,Husband,White,Male,15024,0,40,United-States,0.9724980880911127,0
46,State-gov,30219,Some-college,10,Married-civ-spouse,Exec-managerial,Husband,White,Male,7688,0,38,United-States,0.9724153974606821,0
76,Private,199949,Bachelors,13,Married-civ-spouse,Adm-clerical,Husband,White,Male,20051,0,50,United-States,0.9723470038084099,1
41,Private,106679,Masters,14,Never-married,Exec-managerial,Not-in-family,White,Male,27828,0,50,United-States,0.9723213722890085,1
70,Self-emp-inc,379819,Some-college,10,Married-civ-spouse,Sales,Husband,White,Male,10566,0,40,United-States,0.9723006996314009,0
44,Self-emp-inc,357679,Bachelors,13,Married-civ-spouse,Farming-fishing,Husband,White,Male,15024,0,65,United-States,0.9722201986282557,0
49,?,271346,Bachelors,13,Married-civ-spouse,?,Husband,White,Male,15024,0,60,United-States,0.9720988675163154,0
44,Private,236746,Masters,14,Divorced,Exec-managerial,Not-in-family,White,Male,10520,0,45,United-States,0.9719524200913937,0
68,Private,195868,Bachelors,13,Married-civ-spouse,Sales,Husband,White,Male,20051,0,40,United-States,0.9719311678265634,1
42,Private,46221,Doctorate,16,Married-spouse-absent,Other-service,Not-in-family,White,Male,27828,0,60,?,0.9713731992735638,3
37,Private,190987,Some-college,10,Married-civ-spouse,Sales,Wife,White,Female,7298,0,40,United-States,0.9713686912173877,0
67,Self-emp-not-inc,106143,Doctorate,16,Married-civ-spouse,Sales,Husband,White,Male,20051,0,40,United-States,0.9711751668058268,1
62,Private,69867,Assoc-voc,11,Married-civ-spouse,Prof-specialty,Husband,White,Male,7298,0,50,United-States,0.9711622866453236,0
48,Private,25468,Masters,14,Divorced,Exec-managerial,Not-in-family,White,Male,99999,0,50,United-States,0.9710583437500626,1
50,Self-emp-not-inc,172281,HS-grad,9,Married-civ-spouse,Exec-managerial,Husband,White,Male,7688,0,50,United-States,0.9710263365512121,0
30,Private,296453,Bachelors,13,Married-civ-spouse,Adm-clerical,Husband,White,Male,7298,0,40,United-States,0.9710184152525025,0
55,Private,163083,Bachelors,13,Separated,Exec-managerial,Not-in-family,White,Male,14084,0,45,United-States,0.9710177712444774,1
47,Private,168262,Masters,14,Separated,Exec-managerial,Not-in-family,White,Male,99999,0,50,United-States,0.9708714526211608,1
35,Private,183898,Assoc-voc,11,Married-civ-spouse,Exec-managerial,Husband,White,Male,7298,0,50,United-States,0.970864239731279,0
40,Private,219266,HS-grad,9,Married-civ-spouse,Exec-managerial,Husband,White,Male,7688,0,50,United-States,0.9707988085159226,0
64,Federal-gov,301383,Assoc-acdm,12,Married-civ-spouse,Exec-managerial,Husband,White,Male,9386,0,45,United-States,0.9707868299666547,0
61,Private,86067,Assoc-acdm,12,Married-civ-spouse,Sales,Husband,White,Male,15024,0,40,United-States,0.9707698281547904,0
56,Self-emp-inc,70720,Masters,14,Divorced,Exec-managerial,Not-in-family,White,Male,27828,0,60,United-States,0.9707502503108255,1
55,Private,175071,Some-college,10,Married-civ-spouse,Craft-repair,Husband,Black,Male,15024,0,40,United-States,0.9706542931150764,0
47,Private,164113,Some-college,10,Married-civ-spouse,Craft-repair,Husband,Black,Male,7688,0,40,United-States,0.9706542931150764,0
46,Private,110171,Some-college,10,Married-civ-spouse,Craft-repair,Husband,White,Male,7688,0,40,United-States,0.9706542931150764,0
53,Private,126592,Some-college,10,Married-civ-spouse,Craft-repair,Husband,Black,Male,7688,0,40,United-States,0.9706542931150764,0
39,Private,70995,Bachelors,13,Married-civ-spouse,Transport-moving,Husband,White,Male,15024,0,99,United-States,0.9706114021806007,1
39,Private,184117,Bachelors,13,Married-civ-spouse,Prof-specialty,Wife,White,Female,7688,0,20,United-States,0.9706042536915215,1
50,Self-emp-inc,293196,HS-grad,9,Married-civ-spouse,Exec-managerial,Husband,White,Male,7298,0,40,United-States,0.9705151229808392,0
63,Private,213945,Bachelors,13,Married-civ-spouse,Sales,Husband,White,Male,15024,0,40,Iran,0.9704587078778351,0
32,Self-emp-inc,275094,Bachelors,13,Married-civ-spouse,Sales,Husband,White,Male,7688,0,55,Mexico,0.9703782712754925,0
39,Federal-gov,363630,HS-grad,9,Married-civ-spouse,Adm-clerical,Husband,Black,Male,7688,0,52,United-States,0.9703633302893087,0
45,State-gov,190406,Prof-school,15,Divorced,Prof-specialty,Unmarried,Black,Male,25236,0,36,United-States,0.9701965322107919,3
54,Self-emp-inc,96460,HS-grad,9,Married-civ-spouse,Exec-managerial,Husband,White,Male,7688,0,60,United-States,0.9699721598148259,0
42,Private,340234,HS-grad,9,Married-civ-spouse,Tech-support,Husband,Asian-Pac-Islander,Male,15024,0,40,United-States,0.9699704209931579,1
43,Private,64631,HS-grad,9,Married-civ-spouse,Exec-managerial,Husband,White,Male,15024,0,50,United-States,0.9699578628366673,0
50,Private,196232,HS-grad,9,Married-civ-spouse,Exec-managerial,Husband,White,Male,7688,0,50,United-States,0.9699559308125918,0
49,Private,159816,Bachelors,13,Married-civ-spouse,Prof-specialty,Wife,White,Female,99999,0,20,United-States,0.969920767974418,1
41,Private,58880,Bachelors,13,Married-civ-spouse,Prof-specialty,Wife,White,Female,7688,0,10,United-States,0.9698921096172983,1
38,Private,478346,HS-grad,9,Married-civ-spouse,Exec-managerial,Wife,White,Female,7688,0,40,United-States,0.9697253759395841,0
29,State-gov,356089,Bachelors,13,Married-civ-spouse,Exec-managerial,Husband,White,Male,7688,0,40,United-States,0.9697202882761854,0
59,Private,354037,Prof-school,15,Married-civ-spouse,Transport-moving,Husband,Black,Male,15024,0,50,United-States,0.9697055404924092,0
32,Private,204567,Bachelors,13,Married-civ-spouse,Sales,Husband,White,Male,99999,0,60,United-States,0.9696295475454402,1
45,Self-emp-inc,170871,HS-grad,9,Married-civ-spouse,Exec-managerial,Husband,White,Male,15024,0,55,United-States,0.9696147353608614,0
52,Self-emp-inc,287927,HS-grad,9,Married-civ-spouse,Exec-managerial,Wife,White,Female,15024,0,40,United-States,0.9695997943746777,0
53,Private,171924,Bachelors,13,Divorced,Prof-specialty,Not-in-family,White,Male,14344,0,55,United-States,0.9694466492662944,1
63,Private,108097,Some-college,10,Married-civ-spouse,Craft-repair,Husband,White,Male,10566,0,45,United-States,0.9694429140197485,0
34,Private,208043,Assoc-voc,11,Married-civ-spouse,Prof-specialty,Husband,White,Male,7298,0,45,United-States,0.9694325454905434,0
49,Private,187454,HS-grad,9,Married-civ-spouse,Sales,Husband,White,Male,99999,0,65,United-States,0.9693884309408198,1
45,Self-emp-not-inc,210364,HS-grad,9,Married-civ-spouse,Sales,Husband,White,Male,15024,0,80,United-States,0.969315078426754,1
54,Private,203635,HS-grad,9,Married-civ-spouse,Adm-clerical,Husband,White,Male,7298,0,60,United-States,0.969315078426754,0
63,Self-emp-not-inc,298249,Bachelors,13,Married-civ-spouse,Sales,Husband,White,Male,10605,0,40,United-States,0.9692895113081551,0
51,Private,162745,HS-grad,9,Married-civ-spouse,Craft-repair,Husband,White,Male,7298,0,50,United-States,0.9691880800441922,0
48,Private,155664,HS-grad,9,Married-civ-spouse,Craft-repair,Husband,White,Male,7688,0,70,United-States,0.9691880800441922,1
40,Local-gov,188436,Some-college,10,Married-civ-spouse,Protective-serv,Husband,White,Male,7298,0,40,United-States,0.9691161443477817,0
37,Self-emp-not-inc,353298,HS-grad,9,Married-civ-spouse,Sales,Husband,White,Male,99999,0,50,United-States,0.9691126023036434,1
41,Private,116797,HS-grad,9,Married-civ-spouse,Sales,Husband,White,Male,7298,0,50,United-States,0.9690836863433135,0
50,Private,95469,HS-grad,9,Married-civ-spouse,Adm-clerical,Husband,White,Male,7298,0,45,United-States,0.9689980332759671,0
38,Federal-gov,115433,Assoc-acdm,12,Married-civ-spouse,Adm-clerical,Wife,White,Female,7688,0,33,United-States,0.968923135142641,0
38,State-gov,188303,Some-college,10,Married-civ-spouse,Protective-serv,Husband,White,Male,7688,0,40,United-States,0.9686730024256683,0
32,Private,194426,Bachelors,13,Married-civ-spouse,Tech-support,Husband,White,Male,15024,0,40,United-States,0.9686352635553939,0
58,Self-emp-inc,112945,Prof-school,15,Never-married,Prof-specialty,Not-in-family,White,Male,27828,0,40,United-States,0.9686272778558819,1
45,Self-emp-not-inc,315984,HS-grad,9,Married-civ-spouse,Craft-repair,Husband,White,Male,7688,0,50,United-States,0.9684868197055942,0
49,Private,186172,HS-grad,9,Married-civ-spouse,Craft-repair,Husband,White,Male,7688,0,45,United-States,0.9684868197055942,0
54,Self-emp-not-inc,123011,HS-grad,9,Married-civ-spouse,Craft-repair,Husband,White,Male,15024,0,52,United-States,0.9684868197055942,0
44,Self-emp-not-inc,127482,HS-grad,9,Married-civ-spouse,Craft-repair,Husband,White,Male,7298,0,50,England,0.9684868197055942,0
44,Local-gov,177240,Prof-school,15,Never-married,Prof-specialty,Not-in-family,White,Male,10520,0,40,United-States,0.9683461683528991,0
35,Private,359131,Bachelors,13,Married-civ-spouse,Prof-specialty,Wife,White,Female,7298,0,8,?,0.9682660537545691,1
33,Private,170769,Doctorate,16,Divorced,Sales,Not-in-family,White,Male,99999,0,60,United-States,0.9682071914210694,1
46,Self-emp-inc,219962,Bachelors,13,Married-civ-spouse,Machine-op-inspct,Husband,White,Male,7298,0,40,?,0.9681127154437782,0
38,Private,132879,HS-grad,9,Married-civ-spouse,Craft-repair,Husband,White,Male,7298,0,50,United-States,0.9679935095583209,0
34,Private,252646,Some-college,10,Married-civ-spouse,Prof-specialty,Husband,White,Male,7298,0,50,United-States,0.9679814666082504,0
52,Self-emp-not-inc,140985,Bachelors,13,Married-civ-spouse,Adm-clerical,Wife,White,Female,99999,0,30,United-States,0.9679545470727986,1
44,Private,181762,Bachelors,13,Married-civ-spouse,Transport-moving,Husband,White,Male,15024,0,55,United-States,0.9677865253790341,0
34,Private,167497,Some-college,10,Married-civ-spouse,Exec-managerial,Wife,White,Female,7688,0,50,United-States,0.9677645647053761,0
69,Private,36956,Some-college,10,Married-civ-spouse,Exec-managerial,Husband,White,Male,20051,0,50,United-States,0.9677558061962339,1
35,Private,376455,Some-college,10,Married-civ-spouse,Exec-managerial,Husband,White,Male,15024,0,60,United-States,0.9677416380196804,0
42,Private,124792,HS-grad,9,Married-civ-spouse,Craft-repair,Husband,Black,Male,7688,0,45,United-States,0.9676972658667468,0
44,Private,75227,Prof-school,15,Never-married,Prof-specialty,Not-in-family,White,Male,14084,0,40,United-States,0.9676652586678962,1
51,Private,279156,HS-grad,9,Married-civ-spouse,Exec-managerial,Husband,White,Male,7298,0,40,United-States,0.9675297593794023,0
58,Private,349910,HS-grad,9,Married-civ-spouse,Exec-managerial,Husband,White,Male,7688,0,40,United-States,0.9675297593794023,0
53,Self-emp-not-inc,137547,Prof-school,15,Never-married,Prof-specialty,Not-in-family,Asian-Pac-Islander,Male,27828,0,40,Philippines,0.9675294373753898,5
30,Private,196385,Bachelors,13,Married-civ-spouse,Prof-specialty,Husband,White,Male,15024,0,35,United-States,0.9669898874519098,0
44,Private,110396,Masters,14,Never-married,Exec-managerial,Not-in-family,White,Male,14084,0,56,United-States,0.9669795189227047,1
51,Private,87205,Bachelors,13,Married-civ-spouse,Adm-clerical,Wife,White,Female,7688,0,20,United-States,0.9669196261763647,1
37,Private,82576,Prof-school,15,Divorced,Prof-specialty,Not-in-family,White,Male,14084,0,36,United-States,0.9667832896774381,1
37,Private,109133,Masters,14,Separated,Exec-managerial,Not-in-family,White,Male,27828,0,60,Iran,0.9667811000501526,1
52,Self-emp-inc,234286,HS-grad,9,Married-civ-spouse,Exec-managerial,Husband,White,Male,15024,0,40,United-States,0.966773049949838,0
48,Self-emp-inc,192945,HS-grad,9,Married-civ-spouse,Exec-managerial,Husband,White,Male,7688,0,40,United-States,0.96677079592175,0
47,Private,252079,Bachelors,13,Married-civ-spouse,Machine-op-inspct,Husband,White,Male,7688,0,44,United-States,0.9666676258361192,0
54,Self-emp-inc,304570,Bachelors,13,Married-civ-spouse,Machine-op-inspct,Husband,Asian-Pac-Islander,Male,7688,0,40,?,0.9664853715649986,1
42,Private,154076,HS-grad,9,Married-civ-spouse,Prof-specialty,Husband,White,Male,7688,0,50,United-States,0.9664127274597605,0
58,Private,147707,HS-grad,9,Married-civ-spouse,Exec-managerial,Husband,White,Male,15024,0,60,United-States,0.9663681621044192,0
49,Private,165468,HS-grad,9,Married-civ-spouse,Exec-managerial,Husband,White,Male,7688,0,55,United-States,0.9663681621044192,0
38,Private,276559,HS-grad,9,Married-civ-spouse,Exec-managerial,Husband,White,Male,7688,0,70,United-States,0.9663681621044192,1
38,Private,125933,Bachelors,13,Separated,Exec-managerial,Not-in-family,White,Male,27828,0,45,United-States,0.9663559259519412,1
52,Federal-gov,30731,HS-grad,9,Married-civ-spouse,Exec-managerial,Husband,White,Male,7298,0,40,United-States,0.9663187022880869,0
45,Local-gov,348172,Bachelors,13,Married-civ-spouse,Farming-fishing,Husband,Asian-Pac-Islander,Male,7298,0,40,United-States,0.9662678256540992,1
50,Self-emp-not-inc,401118,HS-grad,9,Married-civ-spouse,Craft-repair,Husband,White,Male,99999,0,50,United-States,0.9662060652844863,1
39,Private,188391,HS-grad,9,Married-civ-spouse,Craft-repair,Husband,White,Male,7298,0,50,United-States,0.9662060652844863,0
53,Local-gov,216691,Doctorate,16,Divorced,Prof-specialty,Not-in-family,White,Female,10520,0,40,United-States,0.9661558326585237,0
36,Private,20507,HS-grad,9,Married-civ-spouse,Craft-repair,Husband,White,Male,7688,0,50,United-States,0.966153256626423,0
39,Private,191807,HS-grad,9,Married-civ-spouse,Sales,Husband,White,Male,15024,0,50,United-States,0.9660635463085181,0
47,Private,284916,HS-grad,9,Married-civ-spouse,Sales,Husband,White,Male,7298,0,45,United-States,0.9660635463085181,0
37,Private,186934,HS-grad,9,Married-civ-spouse,Sales,Husband,White,Male,15024,0,60,United-States,0.9660635463085181,0
48,Private,83444,HS-grad,9,Married-civ-spouse,Prof-specialty,Husband,White,Male,7298,0,40,United-States,0.9660446768733809,0
58,Private,172333,HS-grad,9,Married-civ-spouse,Sales,Husband,White,Male,7688,0,40,United-States,0.9660294138831845,0
58,Self-emp-not-inc,248841,HS-grad,9,Married-civ-spouse,Sales,Husband,White,Male,15024,0,40,United-States,0.9660231026045379,0
58,Self-emp-not-inc,93664,HS-grad,9,Married-civ-spouse,Exec-managerial,Husband,White,Male,15024,0,60,United-States,0.9660106732496524,0
61,Federal-gov,221943,Some-college,10,Married-civ-spouse,Adm-clerical,Husband,White,Male,9386,0,40,United-States,0.9660088056263794,0
52,Self-emp-not-inc,138611,HS-grad,9,Married-civ-spouse,Sales,Husband,White,Male,7688,0,55,United-States,0.96600139953409,0
52,Private,163998,HS-grad,9,Married-civ-spouse,Sales,Husband,White,Male,99999,0,45,United-States,0.96600139953409,1
57,Private,200453,HS-grad,9,Married-civ-spouse,Craft-repair,Husband,White,Male,15024,0,40,United-States,0.965967073906349,0
38,?,94559,Bachelors,13,Married-civ-spouse,?,Wife,Other,Female,7688,0,50,?,0.9659227661542179,5
37,Private,19899,HS-grad,9,Married-civ-spouse,Craft-repair,Husband,White,Male,15024,0,45,United-States,0.9659080827712442,0
39,Private,224531,HS-grad,9,Married-civ-spouse,Craft-repair,Husband,White,Male,7298,0,40,United-States,0.9658822580494353,0
40,Private,177027,Bachelors,13,Married-civ-spouse,Other-service,Wife,Asian-Pac-Islander,Female,7688,0,52,Japan,0.965765306192066,2
40,Private,48087,HS-grad,9,Married-civ-spouse,Sales,Husband,White,Male,7298,0,45,United-States,0.9657049626401084,0
54,Private,36480,HS-grad,9,Married-civ-spouse,Sales,Husband,White,Male,15024,0,50,United-States,0.9657049626401084,0
52,Private,99185,HS-grad,9,Married-civ-spouse,Sales,Husband,White,Male,7298,0,50,United-States,0.9657049626401084,0
51,Private,237630,HS-grad,9,Married-civ-spouse,Tech-support,Husband,White,Male,7298,0,50,United-States,0.965665484948166,0
53,Private,73134,HS-grad,9,Married-civ-spouse,Sales,Husband,White,Male,15024,0,60,United-States,0.9655936780533605,0
63,Self-emp-not-inc,289741,Masters,14,Married-civ-spouse,Farming-fishing,Husband,White,Male,41310,0,50,United-States,0.9655388729704193,2
39,Private,315776,Masters,14,Never-married,Exec-managerial,Not-in-family,Black,Male,8614,0,52,United-States,0.9654269443756464,1
45,Private,543922,Masters,14,Divorced,Transport-moving,Not-in-family,White,Male,14344,0,48,United-States,0.9654193450809494,1
60,Private,178312,HS-grad,9,Married-civ-spouse,Sales,Husband,White,Male,7298,0,65,United-States,0.9654112305798324,0
50,Private,89041,HS-grad,9,Married-civ-spouse,Craft-repair,Husband,White,Male,15024,0,50,United-States,0.9653160461937136,0
30,Private,129707,Bachelors,13,Married-civ-spouse,Prof-specialty,Husband,White,Male,99999,0,35,United-States,0.965199802745172,1
45,Self-emp-inc,208802,Prof-school,15,Divorced,Prof-specialty,Unmarried,White,Male,25236,0,36,United-States,0.9651634162917504,1
50,Self-emp-not-inc,44368,HS-grad,9,Married-civ-spouse,Sales,Husband,White,Male,15024,0,55,El-Salvador,0.9651097704232545,0
50,Private,164198,Assoc-acdm,12,Married-civ-spouse,Handlers-cleaners,Husband,Black,Male,15024,0,45,United-States,0.9650865217335461,0
57,Local-gov,110417,HS-grad,9,Married-civ-spouse,Craft-repair,Husband,White,Male,99999,0,40,United-States,0.9650810476653323,1
52,Private,102828,HS-grad,9,Married-civ-spouse,Prof-specialty,Husband,White,Male,7688,0,40,United-States,0.9649279025569489,0
31,Private,345122,Prof-school,15,Divorced,Prof-specialty,Not-in-family,White,Male,14084,0,50,United-States,0.9647889900259218,1
46,Local-gov,303918,HS-grad,9,Married-civ-spouse,Protective-serv,Husband,White,Male,7688,0,96,United-States,0.9646942564454205,1
38,Private,117312,HS-grad,9,Married-civ-spouse,Exec-managerial,Wife,White,Female,15024,0,40,United-States,0.9646911652068998,0
35,Private,253006,Some-college,10,Married-civ-spouse,Prof-specialty,Husband,White,Male,7688,0,38,United-States,0.964660252821692,0
41,Private,163287,HS-grad,9,Married-civ-spouse,Prof-specialty,Husband,White,Male,7688,0,43,United-States,0.9646454406371133,0
54,Private,22743,Some-college,10,Married-civ-spouse,Transport-moving,Husband,White,Male,15024,0,60,United-States,0.9645632652131028,0
42,Federal-gov,170230,Masters,14,Never-married,Exec-managerial,Not-in-family,White,Female,14084,0,60,United-States,0.9643609178915972,1
29,Private,241431,Masters,14,Married-civ-spouse,Sales,Husband,White,Male,7298,0,40,United-States,0.9643516441760348,0
34,Private,122612,Bachelors,13,Married-civ-spouse,Other-service,Wife,Asian-Pac-Islander,Female,7688,0,50,Philippines,0.964136159090816,2
53,State-gov,281590,HS-grad,9,Married-civ-spouse,Exec-managerial,Wife,White,Female,15024,0,40,United-States,0.9641056975112258,0
49,Private,120629,Bachelors,13,Divorced,Exec-managerial,Not-in-family,Black,Female,27828,0,60,United-States,0.9640965525972686,1
61,Self-emp-inc,61040,Some-college,10,Married-civ-spouse,Sales,Husband,White,Male,7688,0,36,United-States,0.9639578976694513,0
51,Private,196501,Bachelors,13,Divorced,Exec-managerial,Not-in-family,White,Male,14084,0,50,United-States,0.9638748850350081,1
34,Private,177437,Some-college,10,Married-civ-spouse,Craft-repair,Husband,White,Male,15024,0,45,United-States,0.9638607168584545,0
53,Private,88842,HS-grad,9,Married-civ-spouse,Exec-managerial,Husband,White,Male,99999,0,40,United-States,0.9637603160073319,1
43,Local-gov,209544,Masters,14,Never-married,Exec-managerial,Not-in-family,White,Female,10520,0,50,United-States,0.9637382909328714,0
53,Local-gov,221722,Masters,14,Never-married,Exec-managerial,Not-in-family,White,Female,14344,0,50,United-States,0.9637382909328714,1
48,Federal-gov,205707,Masters,14,Married-spouse-absent,Exec-managerial,Not-in-family,White,Female,10520,0,50,United-States,0.9635809597723245,0
51,Self-emp-not-inc,246820,HS-grad,9,Married-civ-spouse,Craft-repair,Husband,White,Male,7298,0,48,United-States,0.9635213890299972,0
45,Private,170871,HS-grad,9,Married-civ-spouse,Craft-repair,Husband,White,Male,7298,0,60,United-States,0.9635213890299972,0
36,State-gov,119272,HS-grad,9,Married-civ-spouse,Protective-serv,Husband,White,Male,7298,0,40,United-States,0.9634511921552545,0
46,Private,133938,Masters,14,Divorced,Exec-managerial,Not-in-family,White,Female,27828,0,50,United-States,0.9634476501111162,1
39,Private,150061,Masters,14,Divorced,Exec-managerial,Unmarried,Black,Female,15020,0,60,United-States,0.9634476501111162,1
46,Private,273575,Bachelors,13,Married-civ-spouse,Transport-moving,Husband,White,Male,15024,0,40,United-States,0.9633905265992844,0
42,Self-emp-inc,277256,Doctorate,16,Married-civ-spouse,Prof-specialty,Husband,White,Male,0,1977,60,United-States,0.9633752636090881,0
60,Private,191446,HS-grad,9,Married-civ-spouse,Exec-managerial,Husband,White,Male,99999,0,40,United-States,0.9631573956941761,1
41,Private,100451,HS-grad,9,Married-civ-spouse,Craft-repair,Husband,White,Male,7688,0,38,United-States,0.9631020110040123,0
39,Private,43712,HS-grad,9,Married-civ-spouse,Exec-managerial,Husband,White,Male,7298,0,40,United-States,0.9630859108033832,0
52,Private,152234,HS-grad,9,Married-civ-spouse,Exec-managerial,Husband,Asian-Pac-Islander,Male,99999,0,40,Japan,0.9630859108033832,2
41,Self-emp-not-inc,57924,Some-college,10,Married-civ-spouse,Farming-fishing,Husband,White,Male,7688,0,50,United-States,0.9630425046624873,0
68,Self-emp-not-inc,133736,Some-college,10,Married-civ-spouse,Sales,Husband,White,Male,20051,0,40,United-States,0.9629618748577372,1
36,Local-gov,61778,HS-grad,9,Married-civ-spouse,Prof-specialty,Husband,White,Male,15024,0,40,United-States,0.9627807798010619,0
36,Private,128757,Bachelors,13,Married-civ-spouse,Other-service,Husband,Black,Male,7298,0,36,United-States,0.9626656311661631,0
52,?,92968,Masters,14,Married-civ-spouse,?,Wife,White,Female,15024,0,40,United-States,0.9626380676226862,0
46,Private,321327,Some-college,10,Married-civ-spouse,Transport-moving,Husband,White,Male,7298,0,45,United-States,0.9624008794670194,0
51,Private,339905,HS-grad,9,Married-civ-spouse,Sales,Husband,White,Male,7688,0,40,United-States,0.9623614661758795,0
64,Private,292639,Some-college,10,Married-civ-spouse,Exec-managerial,Wife,White,Female,10566,0,35,United-States,0.9623534804763675,0
43,Local-gov,198096,HS-grad,9,Married-civ-spouse,Craft-repair,Husband,White,Male,7688,0,40,United-States,0.9623445287648177,0
45,Private,203653,HS-grad,9,Married-civ-spouse,Adm-clerical,Husband,Black,Male,7298,0,40,United-States,0.9621701313916041,0
45,Private,25649,Some-college,10,Married-civ-spouse,Transport-moving,Husband,White,Male,7298,0,50,United-States,0.9621334873349724,0
38,Private,255941,Masters,14,Never-married,Exec-managerial,Not-in-family,White,Female,10520,0,50,United-States,0.9621202207696541,0
49,Self-emp-inc,362795,Masters,14,Divorced,Prof-specialty,Unmarried,White,Male,99999,0,80,Mexico,0.962086023943518,5
38,Private,111499,Some-college,10,Married-civ-spouse,Transport-moving,Husband,White,Male,7298,0,50,United-States,0.9620829327049973,0
45,Private,174533,Some-college,10,Married-civ-spouse,Transport-moving,Husband,White,Male,7298,0,50,United-States,0.9620829327049973,0
52,Private,145409,Some-college,10,Married-civ-spouse,Transport-moving,Husband,White,Male,15024,0,60,Canada,0.9620829327049973,0
58,Local-gov,217775,HS-grad,9,Married-civ-spouse,Exec-managerial,Husband,White,Male,7298,0,40,United-States,0.962079648264069,0
41,Private,220132,HS-grad,9,Married-civ-spouse,Exec-managerial,Husband,White,Male,7298,0,40,United-States,0.962079648264069,0
50,Private,48358,HS-grad,9,Married-civ-spouse,Craft-repair,Husband,White,Male,7688,0,40,United-States,0.962007905770066,0
36,Private,29702,HS-grad,9,Married-civ-spouse,Sales,Husband,White,Male,7688,0,40,United-States,0.9619605711802167,0
54,Private,511668,Doctorate,16,Married-civ-spouse,Exec-managerial,Husband,White,Male,0,1977,43,United-States,0.9619342312519876,0
29,Federal-gov,244473,Bachelors,13,Married-civ-spouse,Exec-managerial,Husband,White,Male,7688,0,40,United-States,0.9618945603576377,0
46,Private,243190,HS-grad,9,Married-civ-spouse,Adm-clerical,Wife,White,Female,7688,0,40,United-States,0.9618843850308402,0
55,Private,116878,Doctorate,16,Married-civ-spouse,Prof-specialty,Husband,White,Male,15024,0,30,United-States,0.9618018232020145,0
50,Private,183173,HS-grad,9,Married-civ-spouse,Prof-specialty,Husband,White,Male,99999,0,40,United-States,0.9617338159545574,1
42,Private,151408,Masters,14,Never-married,Exec-managerial,Not-in-family,White,Female,14084,0,50,United-States,0.961652155736967,1
52,Private,99736,Masters,14,Divorced,Prof-specialty,Unmarried,White,Male,15020,0,50,United-States,0.9616448784462828,1
43,Private,208613,Prof-school,15,Married-spouse-absent,Prof-specialty,Not-in-family,White,Male,99999,0,40,United-States,0.9615868533232157,1
31,Private,352465,Some-college,10,Married-civ-spouse,Exec-managerial,Husband,White,Male,15024,0,50,United-States,0.961478209169371,0
30,Private,207937,Prof-school,15,Divorced,Prof-specialty,Not-in-family,White,Male,10520,0,50,United-States,0.9613315041412394,0
34,Private,157747,Some-college,10,Married-civ-spouse,Exec-managerial,Husband,White,Male,7298,0,40,United-States,0.9612932500645448,0
46,Self-emp-not-inc,353012,Doctorate,16,Married-civ-spouse,Prof-specialty,Husband,White,Male,0,1902,50,United-States,0.9612838475473774,0
42,Self-emp-not-inc,214242,Prof-school,15,Married-civ-spouse,Prof-specialty,Husband,White,Male,0,1902,50,United-States,0.9612838475473774,0
38,Private,257250,Some-college,10,Married-civ-spouse,Transport-moving,Husband,White,Male,7298,0,60,United-States,0.9611225879378771,0
37,Local-gov,218490,HS-grad,9,Married-civ-spouse,Protective-serv,Husband,White,Male,7688,0,35,United-States,0.9610774429753133,0
58,Self-emp-inc,210563,HS-grad,9,Married-civ-spouse,Sales,Wife,White,Female,15024,0,35,United-States,0.9610416361291143,0
61,Private,230292,Some-college,10,Married-civ-spouse,Adm-clerical,Husband,White,Male,7688,0,40,United-States,0.9610239259084223,0
42,Private,331651,Masters,14,Never-married,Prof-specialty,Not-in-family,White,Female,8614,0,50,United-States,0.9609686700198635,1
46,Self-emp-not-inc,176319,HS-grad,9,Married-civ-spouse,Sales,Own-child,White,Female,7298,0,40,United-States,0.9608559686154604,0
62,Private,103344,Bachelors,13,Widowed,Exec-managerial,Not-in-family,White,Male,10520,0,50,United-States,0.9608557754130528,0
46,Local-gov,140219,Masters,14,Divorced,Prof-specialty,Not-in-family,White,Female,8614,0,55,United-States,0.9608467593007005,1
50,Private,88842,Bachelors,13,Married-civ-spouse,Transport-moving,Husband,White,Male,7298,0,40,United-States,0.9608439900661924,0
48,Local-gov,493862,HS-grad,9,Married-civ-spouse,Exec-managerial,Husband,Black,Male,7298,0,38,United-States,0.9608310455048866,0
42,Private,126701,Bachelors,13,Divorced,Adm-clerical,Unmarried,White,Male,9562,0,45,United-States,0.9607727627786096,0
32,Self-emp-inc,78530,Some-college,10,Married-civ-spouse,Exec-managerial,Husband,White,Male,15024,0,50,United-States,0.9606838896711373,0
64,Private,218490,Bachelors,13,Divorced,Exec-managerial,Not-in-family,White,Male,27828,0,55,United-States,0.9606792528133562,1
52,Federal-gov,291096,Assoc-acdm,12,Married-civ-spouse,Other-service,Husband,White,Male,7298,0,40,United-States,0.9606753243644027,0
36,Self-emp-not-inc,112497,Prof-school,15,Divorced,Prof-specialty,Unmarried,White,Male,25236,0,40,United-States,0.9606654710416177,1
45,Private,214627,Doctorate,16,Widowed,Prof-specialty,Unmarried,White,Male,15020,0,40,Iran,0.9605773707437757,2
51,Private,139347,HS-grad,9,Married-civ-spouse,Adm-clerical,Wife,White,Female,7688,0,40,United-States,0.9603037317338847,0
51,Private,172046,Masters,14,Married-civ-spouse,Exec-managerial,Husband,White,Male,0,1977,50,United-States,0.9602100285662237,0
63,State-gov,194682,Doctorate,16,Married-civ-spouse,Exec-managerial,Husband,White,Male,0,1902,50,United-States,0.9601851698564525,0
57,Local-gov,189824,Some-college,10,Married-civ-spouse,Handlers-cleaners,Husband,Black,Male,7298,0,40,United-States,0.9601788585778059,0
38,Private,122076,Some-college,10,Married-civ-spouse,Transport-moving,Husband,White,Male,7298,0,43,United-States,0.9600635811413022,0
54,Private,88278,Doctorate,16,Married-civ-spouse,Prof-specialty,Husband,White,Male,0,1977,50,United-States,0.9600534058145046,0
56,Private,295067,Bachelors,13,Never-married,Exec-managerial,Not-in-family,White,Male,14084,0,45,United-States,0.9600516025920341,1
51,Private,162632,HS-grad,9,Married-civ-spouse,Transport-moving,Husband,White,Male,7298,0,60,United-States,0.9599607974604865,0
59,Local-gov,296253,Masters,14,Divorced,Prof-specialty,Unmarried,White,Female,8614,0,60,United-States,0.9598910513913614,1
54,Private,182314,Doctorate,16,Married-civ-spouse,Exec-managerial,Husband,White,Male,0,1977,50,United-States,0.9598155736508126,0
38,Local-gov,286405,Doctorate,16,Married-civ-spouse,Exec-managerial,Husband,White,Male,0,1887,50,United-States,0.9598155736508126,0
35,Private,188069,Masters,14,Never-married,Prof-specialty,Not-in-family,White,Male,13550,0,55,?,0.9598106147890189,1
35,Private,202027,Bachelors,13,Divorced,Exec-managerial,Not-in-family,White,Male,27828,0,50,United-States,0.9597885897145584,1
47,Self-emp-not-inc,112200,Bachelors,13,Never-married,Exec-managerial,Not-in-family,Black,Male,10520,0,45,United-States,0.9597822140351092,0
45,Private,145636,Masters,14,Married-civ-spouse,Exec-managerial,Husband,White,Male,0,1977,43,United-States,0.9597417703311292,0
49,Private,139268,HS-grad,9,Married-civ-spouse,Craft-repair,Husband,White,Male,7298,0,40,United-States,0.9596869008473854,0
60,Private,240521,HS-grad,9,Married-civ-spouse,Craft-repair,Husband,White,Male,7298,0,40,United-States,0.9596869008473854,0
60,Private,103344,HS-grad,9,Married-civ-spouse,Craft-repair,Husband,White,Male,15024,0,40,United-States,0.9596869008473854,0
55,Private,117299,HS-grad,9,Married-civ-spouse,Craft-repair,Husband,White,Male,7688,0,40,United-States,0.9596869008473854,0
53,Private,386773,HS-grad,9,Married-civ-spouse,Craft-repair,Husband,White,Male,7298,0,40,United-States,0.9596869008473854,0
54,Private,185407,HS-grad,9,Married-civ-spouse,Craft-repair,Husband,White,Male,7688,0,40,United-States,0.9596869008473854,0
37,Private,359001,Assoc-voc,11,Married-civ-spouse,Transport-moving,Husband,White,Male,15024,0,50,United-States,0.9596406610711788,0
58,Self-emp-inc,349910,Prof-school,15,Married-civ-spouse,Prof-specialty,Husband,White,Male,0,1977,50,United-States,0.9594588576056758,0
63,Private,137843,Some-college,10,Married-civ-spouse,Sales,Husband,White,Male,7298,0,48,United-States,0.9594571831848104,0
39,Private,347960,Prof-school,15,Never-married,Prof-specialty,Not-in-family,White,Female,14084,0,35,United-States,0.9594358665191776,1
40,Federal-gov,56795,Masters,14,Never-married,Exec-managerial,Not-in-family,White,Female,14084,0,55,United-States,0.9593379772993531,1
59,Private,154100,Masters,14,Never-married,Sales,Not-in-family,White,Female,27828,0,45,United-States,0.9593050684892674,1
34,Private,24266,Assoc-voc,11,Married-civ-spouse,Craft-repair,Husband,White,Male,7688,0,40,United-States,0.9592920595271591,0
34,Private,191856,Some-college,10,Married-civ-spouse,Exec-managerial,Wife,White,Female,7298,0,40,United-States,0.9591165673403027,0
40,Private,124747,HS-grad,9,Married-civ-spouse,Craft-repair,Wife,White,Female,7298,0,40,United-States,0.9589752719795824,0
36,Private,225399,HS-grad,9,Married-civ-spouse,Craft-repair,Husband,White,Male,7298,0,40,United-States,0.9589506064722187,0
53,Federal-gov,205288,HS-grad,9,Married-civ-spouse,Adm-clerical,Wife,White,Female,7688,0,35,United-States,0.9589466136224627,0
31,Private,197886,Some-college,10,Married-civ-spouse,Sales,Husband,White,Male,15024,0,45,United-States,0.9589364382956652,0
44,Self-emp-not-inc,172479,HS-grad,9,Married-civ-spouse,Farming-fishing,Husband,White,Male,15024,0,60,United-States,0.9586922948533266,0
60,Private,125019,Bachelors,13,Divorced,Prof-specialty,Not-in-family,White,Female,8614,0,48,United-States,0.9586590640392283,1
42,Private,378384,Prof-school,15,Married-civ-spouse,Prof-specialty,Husband,White,Male,0,1902,60,United-States,0.9586186203352481,0
50,Private,168212,Doctorate,16,Married-civ-spouse,Prof-specialty,Husband,White,Male,0,1902,65,United-States,0.9586186203352481,0
42,Private,402367,Some-college,10,Married-civ-spouse,Transport-moving,Husband,Black,Male,7688,0,45,United-States,0.9585048885180047,0
41,Private,143003,Assoc-voc,11,Married-civ-spouse,Other-service,Husband,Asian-Pac-Islander,Male,7298,0,60,India,0.958338090439488,1
53,Private,89587,Some-college,10,Married-civ-spouse,Transport-moving,Husband,White,Male,7298,0,45,United-States,0.958297904338718,0
42,Private,145711,Masters,14,Married-civ-spouse,Prof-specialty,Husband,White,Male,0,1902,50,United-States,0.9582772316811102,0
39,Federal-gov,376455,Prof-school,15,Married-civ-spouse,Prof-specialty,Husband,White,Male,0,1887,50,United-States,0.9581946698522846,0
38,Federal-gov,338320,Prof-school,15,Married-civ-spouse,Prof-specialty,Husband,White,Male,0,1977,50,United-States,0.9581946698522846,0
41,Private,124956,Bachelors,13,Separated,Prof-specialty,Not-in-family,Black,Female,99999,0,60,United-States,0.9581864265495625,1
48,Self-emp-not-inc,164582,Some-college,10,Married-civ-spouse,Farming-fishing,Husband,White,Male,7298,0,60,United-States,0.9580350846636497,0
41,Private,274363,Some-college,10,Married-civ-spouse,Machine-op-inspct,Husband,White,Male,7298,0,42,United-States,0.9580296105954358,0
47,Local-gov,324791,Masters,14,Married-civ-spouse,Prof-specialty,Husband,White,Male,0,1887,50,United-States,0.9580035282704168,0
53,Local-gov,200190,Masters,14,Married-civ-spouse,Prof-specialty,Husband,White,Male,0,1977,55,United-States,0.9580035282704168,0
71,Federal-gov,422149,Some-college,10,Married-civ-spouse,Exec-managerial,Husband,White,Male,20051,0,40,United-States,0.957998440607018,1
38,Private,234901,Masters,14,Married-civ-spouse,Exec-managerial,Husband,White,Male,0,1977,60,United-States,0.957940415483951,0
45,Private,360393,Masters,14,Married-civ-spouse,Exec-managerial,Husband,White,Male,0,1902,50,United-States,0.957940415483951,0
54,Private,215990,Masters,14,Married-civ-spouse,Exec-managerial,Husband,White,Male,0,1887,44,United-States,0.957940415483951,0
64,Private,66634,Bachelors,13,Divorced,Exec-managerial,Unmarried,White,Male,27828,0,50,United-States,0.9579377750510478,1
36,Self-emp-not-inc,20333,HS-grad,9,Married-civ-spouse,Sales,Wife,White,Female,7688,0,40,United-States,0.9579133027460918,0
39,Private,191227,Bachelors,13,Divorced,Exec-managerial,Not-in-family,White,Female,13550,0,50,United-States,0.9577869483715551,1
41,Private,347653,Prof-school,15,Married-civ-spouse,Prof-specialty,Husband,White,Male,0,1977,50,United-States,0.9576936960095118,0
48,Self-emp-not-inc,191277,Doctorate,16,Married-civ-spouse,Prof-specialty,Husband,White,Male,0,1902,60,United-States,0.957668772898938,0
35,Private,117381,Bachelors,13,Never-married,Exec-managerial,Not-in-family,White,Male,8614,0,45,United-States,0.9576638140371443,1
45,Private,148995,Doctorate,16,Never-married,Prof-specialty,Not-in-family,White,Male,99999,0,30,United-States,0.9575968372025275,1
52,Private,108435,Masters,14,Married-civ-spouse,Exec-managerial,Husband,White,Male,0,1902,50,Greece,0.9574292019135782,0
45,Private,154430,Bachelors,13,Widowed,Prof-specialty,Not-in-family,White,Female,10520,0,50,United-States,0.9574199925988183,0
54,State-gov,103179,Doctorate,16,Married-civ-spouse,Exec-managerial,Husband,White,Male,0,1902,50,United-States,0.9572985970860755,0
51,Private,162238,Masters,14,Married-civ-spouse,Exec-managerial,Husband,White,Male,0,1887,47,United-States,0.9572929942162566,0
53,Private,152810,Masters,14,Married-civ-spouse,Exec-managerial,Husband,White,Male,0,1977,55,United-States,0.9572929942162566,0
46,Private,337050,Masters,14,Married-civ-spouse,Exec-managerial,Husband,White,Male,0,1977,45,United-States,0.9572929942162566,0
32,Private,222221,Assoc-voc,11,Married-civ-spouse,Prof-specialty,Husband,White,Male,7298,0,42,United-States,0.9572501032817808,0
69,Self-emp-not-inc,204645,Some-college,10,Married-civ-spouse,Craft-repair,Husband,White,Male,9386,0,72,United-States,0.9572337454779417,0
64,Self-emp-inc,59145,Doctorate,16,Married-civ-spouse,Exec-managerial,Husband,White,Male,0,1902,60,United-States,0.9571553053004771,0
52,State-gov,254285,Doctorate,16,Married-civ-spouse,Prof-specialty,Husband,White,Male,0,1887,70,Germany,0.9570400922647758,4
40,State-gov,174283,Doctorate,16,Married-civ-spouse,Prof-specialty,Husband,White,Male,0,1887,50,United-States,0.9570400922647758,0
49,State-gov,133917,Doctorate,16,Married-civ-spouse,Prof-specialty,Husband,Black,Male,0,1902,60,?,0.9570400922647758,4
47,Self-emp-not-inc,213668,Prof-school,15,Married-civ-spouse,Prof-specialty,Husband,White,Male,0,1977,50,United-States,0.9570400922647758,0
65,?,224472,Prof-school,15,Never-married,?,Not-in-family,White,Male,25124,0,80,United-States,0.9570220600400713,1
42,Local-gov,121718,Masters,14,Married-civ-spouse,Exec-managerial,Husband,White,Male,0,1902,60,United-States,0.956984836376217,0
43,Local-gov,147328,Masters,14,Married-civ-spouse,Exec-managerial,Husband,White,Male,0,1977,60,United-States,0.956984836376217,0
36,Private,175360,Masters,14,Never-married,Adm-clerical,Not-in-family,White,Male,13550,0,50,United-States,0.9569786538991755,1
55,?,270228,Assoc-acdm,12,Married-civ-spouse,?,Husband,Black,Male,7688,0,40,United-States,0.9567707681086535,0
36,Private,247558,Prof-school,15,Married-civ-spouse,Prof-specialty,Husband,White,Male,5178,0,60,?,0.9567329648375764,0
41,Federal-gov,253770,Some-college,10,Married-civ-spouse,Transport-moving,Wife,White,Female,7298,0,40,United-States,0.9565784029115378,0
55,Private,368797,Masters,14,Married-civ-spouse,Exec-managerial,Husband,White,Male,0,1977,60,United-States,0.956525014646252,0
56,Private,192869,Masters,14,Married-civ-spouse,Craft-repair,Husband,White,Male,0,1977,44,United-States,0.9564951326738844,0
41,Private,445382,Masters,14,Married-civ-spouse,Exec-managerial,Husband,White,Male,0,1977,65,United-States,0.9564771648499825,0
58,State-gov,194068,Masters,14,Married-civ-spouse,Prof-specialty,Husband,White,Male,0,1977,50,United-States,0.9563290430041954,0
43,State-gov,24763,Masters,14,Married-civ-spouse,Prof-specialty,Husband,White,Male,0,1887,45,United-States,0.9562123487500362,0
31,Local-gov,381153,Some-college,10,Married-civ-spouse,Protective-serv,Husband,White,Male,15024,0,56,United-States,0.9561267600834923,0
50,Private,168212,Masters,14,Married-civ-spouse,Craft-repair,Husband,White,Male,0,1902,45,United-States,0.9561143307286067,0
48,Private,109814,Prof-school,15,Married-civ-spouse,Prof-specialty,Husband,White,Male,0,1977,45,United-States,0.9561116902957035,0
33,Private,274222,Bachelors,13,Married-civ-spouse,Other-service,Husband,Asian-Pac-Islander,Male,7688,0,38,United-States,0.9561031893897715,0
51,Private,192182,Some-college,10,Married-civ-spouse,Machine-op-inspct,Husband,White,Male,7298,0,40,United-States,0.9560917260469235,0
53,Self-emp-inc,96062,Bachelors,13,Married-civ-spouse,Exec-managerial,Husband,White,Male,0,1902,48,United-States,0.9560445202586793,0
59,Self-emp-inc,223215,Bachelors,13,Married-civ-spouse,Exec-managerial,Husband,White,Male,0,1977,50,United-States,0.9558934359759764,0
33,Private,168981,Masters,14,Divorced,Exec-managerial,Own-child,White,Female,14084,0,50,United-States,0.9558511890495259,1
49,Private,192776,Masters,14,Married-civ-spouse,Exec-managerial,Husband,White,Male,0,1977,45,United-States,0.9556659723414895,0
47,Self-emp-inc,139268,Prof-school,15,Married-civ-spouse,Prof-specialty,Husband,White,Male,0,1977,60,United-States,0.9556283622728201,0
46,Self-emp-not-inc,168195,Prof-school,15,Married-civ-spouse,Prof-specialty,Husband,White,Male,0,1902,45,United-States,0.9556283622728201,0
48,Private,276664,Doctorate,16,Married-civ-spouse,Prof-specialty,Husband,White,Male,0,1902,50,United-States,0.9556283622728201,0
50,State-gov,289207,Doctorate,16,Married-civ-spouse,Prof-specialty,Husband,White,Male,0,1902,45,United-States,0.9556283622728201,0
40,Local-gov,244522,Masters,14,Married-civ-spouse,Prof-specialty,Husband,White,Male,0,1902,48,United-States,0.9555796108653154,0
54,Self-emp-not-inc,28186,Bachelors,13,Divorced,Farming-fishing,Not-in-family,White,Male,27828,0,50,United-States,0.9555467020552297,1
54,Self-emp-not-inc,172898,Prof-school,15,Married-civ-spouse,Prof-specialty,Husband,White,Male,5178,0,50,United-States,0.9555078683713125,0
40,Private,320451,Doctorate,16,Married-civ-spouse,Prof-specialty,Husband,Asian-Pac-Islander,Male,0,1977,45,Hong,0.955365800200962,4
39,Self-emp-not-inc,202027,Prof-school,15,Married-civ-spouse,Prof-specialty,Husband,White,Male,0,1977,50,United-States,0.955365800200962,0
39,Self-emp-inc,239755,Prof-school,15,Married-civ-spouse,Prof-specialty,Husband,White,Male,0,1902,50,United-States,0.955365800200962,0
40,Self-emp-not-inc,284706,Prof-school,15,Married-civ-spouse,Prof-specialty,Husband,Amer-Indian-Eskimo,Male,0,1977,60,United-States,0.955365800200962,0
41,Self-emp-not-inc,200574,Prof-school,15,Married-civ-spouse,Prof-specialty,Husband,White,Male,0,1977,60,United-States,0.955365800200962,0
42,Private,146659,Doctorate,16,Married-civ-spouse,Prof-specialty,Husband,White,Male,0,1902,50,United-States,0.955365800200962,0
42,Self-emp-inc,123838,Prof-school,15,Married-civ-spouse,Prof-specialty,Husband,White,Male,0,1977,50,United-States,0.955365800200962,0
55,Private,153484,Masters,14,Married-civ-spouse,Exec-managerial,Husband,White,Male,0,1977,50,United-States,0.9552721614341035,0
47,Private,155489,HS-grad,9,Married-civ-spouse,Transport-moving,Husband,White,Male,7688,0,55,United-States,0.9552691989971878,0
46,Local-gov,114160,Masters,14,Married-civ-spouse,Exec-managerial,Husband,White,Male,0,1902,45,United-States,0.9550279535909625,0
45,Private,339863,Bachelors,13,Divorced,Sales,Not-in-family,White,Male,8614,0,48,United-States,0.9550030948811912,1
43,Local-gov,209899,Masters,14,Never-married,Tech-support,Not-in-family,Black,Female,8614,0,47,United-States,0.9549328980064486,1
70,Local-gov,88638,Masters,14,Never-married,Prof-specialty,Unmarried,White,Female,7896,0,50,United-States,0.9549073952886523,1
42,Private,54202,Bachelors,13,Never-married,Sales,Not-in-family,White,Male,10520,0,50,United-States,0.9549034024388963,0
56,Self-emp-not-inc,94156,Prof-school,15,Married-civ-spouse,Prof-specialty,Husband,White,Male,0,1977,50,United-States,0.9548338495721789,0
55,Private,175942,Doctorate,16,Married-civ-spouse,Prof-specialty,Husband,White,Male,0,1977,55,?,0.9547888978120226,0
55,Private,197422,HS-grad,9,Married-civ-spouse,Transport-moving,Husband,White,Male,7688,0,40,United-States,0.9547550229898991,0
51,State-gov,285747,Masters,14,Married-civ-spouse,Prof-specialty,Husband,White,Male,0,1977,60,United-States,0.9547443324566814,0
36,Self-emp-not-inc,241998,Some-college,10,Married-civ-spouse,Sales,Husband,White,Male,99999,0,20,United-States,0.954718314532465,1
58,?,266792,Some-college,10,Married-civ-spouse,?,Husband,White,Male,99999,0,40,United-States,0.9546362035092569,1
53,Private,110977,Masters,14,Married-civ-spouse,Exec-managerial,Husband,White,Male,0,1902,50,United-States,0.9545998170558353,0
62,Self-emp-not-inc,82388,HS-grad,9,Married-civ-spouse,Craft-repair,Husband,White,Male,10566,0,40,United-States,0.9545755379532868,0
37,Private,99146,Bachelors,13,Married-civ-spouse,Exec-managerial,Husband,White,Male,0,1977,50,United-States,0.9544426146968935,0
45,Private,192835,Bachelors,13,Married-civ-spouse,Exec-managerial,Husband,White,Male,0,1977,55,United-States,0.9544426146968935,0
53,Private,104501,Bachelors,13,Married-civ-spouse,Exec-managerial,Husband,White,Male,0,1902,55,United-States,0.9544426146968935,0
44,Private,325461,Bachelors,13,Married-civ-spouse,Exec-managerial,Husband,White,Male,0,1902,50,United-States,0.9544426146968935,0
35,Private,186934,HS-grad,9,Married-civ-spouse,Exec-managerial,Husband,White,Male,7688,0,50,United-States,0.9544394590575702,0
42,Local-gov,339671,Bachelors,13,Married-spouse-absent,Prof-specialty,Not-in-family,White,Female,8614,0,45,United-States,0.9543379633928049,1
58,Self-emp-not-inc,222311,HS-grad,9,Married-civ-spouse,Other-service,Husband,White,Male,7688,0,55,United-States,0.95432862527644,0
42,Private,184837,HS-grad,9,Married-civ-spouse,Machine-op-inspct,Wife,White,Female,7298,0,40,United-States,0.9543114302621682,0
43,State-gov,33331,Prof-school,15,Married-civ-spouse,Prof-specialty,Husband,White,Male,0,1977,70,United-States,0.9542581063976848,0
56,Private,188856,Bachelors,13,Never-married,Exec-managerial,Not-in-family,White,Female,8614,0,55,United-States,0.9542159238720368,1
67,Local-gov,103315,Masters,14,Never-married,Exec-managerial,Other-relative,White,Female,15831,0,72,United-States,0.9541911939638706,2
36,Self-emp-not-inc,164526,Masters,14,Never-married,Sales,Not-in-family,White,Male,10520,0,45,United-States,0.9541858486972618,0
38,Self-emp-not-inc,108947,Some-college,10,Married-civ-spouse,Machine-op-inspct,Husband,White,Male,7688,0,40,United-States,0.9541077305238097,0
53,State-gov,156877,HS-grad,9,Married-civ-spouse,Adm-clerical,Husband,White,Male,15024,0,35,United-States,0.9540888610886725,0
36,Self-emp-inc,184456,Bachelors,13,Never-married,Tech-support,Not-in-family,White,Male,27828,0,55,United-States,0.9540274871238746,1
59,?,154236,HS-grad,9,Married-civ-spouse,?,Wife,White,Female,7688,0,40,United-States,0.9540107429152205,0
28,Private,207513,Bachelors,13,Married-civ-spouse,Sales,Husband,White,Male,7298,0,42,United-States,0.9540005031876204,0
30,Federal-gov,321990,Some-college,10,Married-civ-spouse,Adm-clerical,Husband,White,Male,7298,0,48,Cuba,0.9539809253436555,0
49,Local-gov,194895,Some-college,10,Married-civ-spouse,Handlers-cleaners,Husband,White,Male,7298,0,40,United-States,0.953914850120274,0
32,Private,252752,Masters,14,Never-married,Exec-managerial,Not-in-family,White,Female,13550,0,60,United-States,0.9538981703124223,1
36,Private,143486,HS-grad,9,Married-civ-spouse,Transport-moving,Husband,White,Male,7298,0,50,United-States,0.9538670003240045,0
36,Private,199739,HS-grad,9,Married-civ-spouse,Transport-moving,Husband,White,Male,7298,0,60,United-States,0.9538670003240045,0
47,Local-gov,29819,Masters,14,Married-civ-spouse,Exec-managerial,Husband,Black,Male,0,1977,50,United-States,0.9537973830564846,1
36,Local-gov,52532,Doctorate,16,Married-civ-spouse,Prof-specialty,Husband,White,Male,0,1887,50,United-States,0.9536271717354345,0
68,?,146645,Doctorate,16,Married-civ-spouse,?,Husband,White,Male,20051,0,50,United-States,0.9536219552704307,1
30,Self-emp-not-inc,167990,Assoc-voc,11,Married-civ-spouse,Prof-specialty,Husband,White,Male,15024,0,65,United-States,0.9535642521513763,0
61,Private,170262,HS-grad,9,Married-civ-spouse,Exec-managerial,Wife,White,Female,15024,0,38,United-States,0.9535410678624705,0
42,Private,198341,Masters,14,Married-civ-spouse,Prof-specialty,Husband,Asian-Pac-Islander,Male,0,1902,55,India,0.9533706633390129,1
45,Self-emp-not-inc,319122,Bachelors,13,Never-married,Sales,Not-in-family,White,Male,14084,0,45,United-States,0.9533324092623183,1
62,Self-emp-inc,118725,HS-grad,9,Married-civ-spouse,Exec-managerial,Husband,Black,Male,20051,0,72,United-States,0.953319271498605,1
36,Private,126675,Masters,14,Married-civ-spouse,Prof-specialty,Husband,White,Male,0,1977,50,United-States,0.9532926095663633,0
42,Self-emp-not-inc,323790,Bachelors,13,Married-civ-spouse,Exec-managerial,Husband,White,Male,0,1977,70,United-States,0.9532768957705494,0
32,Private,159442,Prof-school,15,Never-married,Sales,Not-in-family,White,Female,13550,0,50,United-States,0.9532450173733039,1
43,Federal-gov,195897,HS-grad,9,Married-civ-spouse,Farming-fishing,Husband,White,Male,7298,0,40,United-States,0.9531901478895602,0
71,Private,182395,Bachelors,13,Never-married,Craft-repair,Not-in-family,White,Male,11678,0,45,United-States,0.9531475789590971,0
49,Private,196707,HS-grad,9,Married-civ-spouse,Machine-op-inspct,Husband,White,Male,7298,0,43,United-States,0.9531250386782164,0
38,Self-emp-not-inc,93206,Bachelors,13,Married-civ-spouse,Exec-managerial,Husband,Asian-Pac-Islander,Male,0,1902,65,United-States,0.9529366019300543,1
46,Private,219021,HS-grad,9,Married-civ-spouse,Transport-moving,Husband,White,Male,15024,0,44,United-States,0.9529303550522102,0
44,Private,151089,Masters,14,Married-civ-spouse,Prof-specialty,Husband,White,Male,0,1887,60,United-States,0.9528907485586628,0
46,Private,261059,Masters,14,Married-civ-spouse,Prof-specialty,Husband,White,Male,0,1977,50,United-States,0.9528907485586628,0
45,Private,197240,12th,8,Married-civ-spouse,Sales,Husband,White,Male,7688,0,40,United-States,0.952811793174778,0
51,Private,22211,Masters,14,Married-civ-spouse,Prof-specialty,Husband,White,Male,0,1902,60,United-States,0.952667406575537,0
36,Private,192939,Masters,14,Married-civ-spouse,Prof-specialty,Husband,White,Male,0,1977,60,United-States,0.9525403437921727,0
41,Private,137126,Bachelors,13,Married-civ-spouse,Prof-specialty,Husband,White,Male,0,1977,45,United-States,0.9525030557275158,0
57,Private,437727,Masters,14,Married-civ-spouse,Prof-specialty,Husband,White,Male,0,1977,45,United-States,0.9524877927373195,0
39,Local-gov,180686,Masters,14,Married-civ-spouse,Prof-specialty,Husband,White,Male,0,1977,45,United-States,0.9523256315165839,0
47,Self-emp-inc,192894,Bachelors,13,Married-civ-spouse,Exec-managerial,Husband,White,Male,0,1902,45,United-States,0.9522558210466565,0
38,Private,139180,Bachelors,13,Divorced,Prof-specialty,Unmarried,Black,Female,15020,0,45,United-States,0.9522222682285456,1
33,Private,168030,Some-college,10,Married-civ-spouse,Prof-specialty,Wife,White,Female,7298,0,21,United-States,0.9521744828330786,1
50,Self-emp-not-inc,27539,Some-college,10,Married-civ-spouse,Farming-fishing,Husband,White,Male,7688,0,40,United-States,0.9520647438655911,0
35,Private,44780,Some-college,10,Married-civ-spouse,Adm-clerical,Wife,White,Female,7688,0,20,United-States,0.9520227545423506,1
41,Self-emp-inc,140365,Bachelors,13,Married-civ-spouse,Exec-managerial,Husband,White,Male,0,1902,55,United-States,0.9520201141094475,0
42,Self-emp-inc,191196,Bachelors,13,Married-civ-spouse,Exec-managerial,Husband,White,Male,0,1977,60,?,0.9520201141094475,0
65,Private,193216,HS-grad,9,Married-civ-spouse,Sales,Husband,White,Male,9386,0,40,United-States,0.9518627829489007,0
44,Private,157249,Bachelors,13,Married-civ-spouse,Prof-specialty,Husband,Black,Male,0,1977,50,United-States,0.9516915412150103,0
51,Federal-gov,20795,HS-grad,9,Married-civ-spouse,Transport-moving,Husband,White,Male,7688,0,40,United-States,0.951546510607744,0
63,?,222289,Bachelors,13,Married-civ-spouse,?,Husband,White,Male,7688,0,54,United-States,0.9514678128270694,0
28,Local-gov,168524,Masters,14,Married-civ-spouse,Prof-specialty,Wife,White,Female,7688,0,35,United-States,0.9514395408747648,0
34,Private,49469,Bachelors,13,Never-married,Sales,Not-in-family,White,Male,99999,0,50,United-States,0.9513978735555368,1
42,Private,227065,Some-college,10,Married-civ-spouse,Prof-specialty,Husband,White,Male,15024,0,32,United-States,0.9513642563366235,0
39,Private,33355,HS-grad,9,Married-civ-spouse,Transport-moving,Husband,White,Male,7298,0,48,United-States,0.9513339879594409,0
28,Local-gov,33662,Masters,14,Married-civ-spouse,Prof-specialty,Wife,White,Female,7298,0,40,United-States,0.9512605710445725,0
47,Self-emp-inc,214169,HS-grad,9,Married-civ-spouse,Farming-fishing,Husband,White,Male,15024,0,40,United-States,0.9510702022723349,0
47,Self-emp-not-inc,168109,HS-grad,9,Married-civ-spouse,Farming-fishing,Husband,White,Male,15024,0,50,United-States,0.9510531360596681,0
64,Self-emp-inc,132832,HS-grad,9,Married-civ-spouse,Adm-clerical,Wife,White,Female,20051,0,40,?,0.9510076046922892,1
35,Private,207066,Bachelors,13,Never-married,Sales,Not-in-family,White,Male,10520,0,45,United-States,0.9509900232732024,0
90,Private,175491,HS-grad,9,Married-civ-spouse,Craft-repair,Husband,White,Male,9386,0,50,Ecuador,0.9509356045950762,0
50,Private,268553,HS-grad,9,Married-civ-spouse,Transport-moving,Husband,White,Male,7298,0,40,United-States,0.9508996045464697,0
47,Self-emp-not-inc,165468,HS-grad,9,Married-civ-spouse,Machine-op-inspct,Husband,White,Male,7298,0,40,United-States,0.9508996045464697,0
50,Private,128143,Bachelors,13,Married-civ-spouse,Craft-repair,Husband,White,Male,0,1887,50,United-States,0.9508750678407111,0
73,Private,148003,Some-college,10,Married-civ-spouse,Adm-clerical,Wife,White,Female,20051,0,36,United-States,0.9508717189989803,1
61,State-gov,186451,Prof-school,15,Married-civ-spouse,Prof-specialty,Husband,White,Male,0,1902,40,United-States,0.9508182019320893,0
45,Local-gov,160472,Bachelors,13,Married-civ-spouse,Exec-managerial,Husband,White,Male,0,1977,50,United-States,0.9506768421705665,0
46,Private,172581,Bachelors,13,Married-civ-spouse,Exec-managerial,Husband,White,Male,0,1902,50,United-States,0.9506768421705665,0
60,Self-emp-not-inc,282066,Bachelors,13,Married-civ-spouse,Exec-managerial,Husband,White,Male,0,1977,45,United-States,0.9506768421705665,0
50,Private,134766,Bachelors,13,Married-civ-spouse,Exec-managerial,Husband,White,Male,0,1902,50,United-States,0.9506768421705665,0
43,Private,409922,Bachelors,13,Married-civ-spouse,Exec-managerial,Husband,White,Male,0,1977,50,United-States,0.9506768421705665,0
51,Private,138852,HS-grad,9,Married-civ-spouse,Other-service,Husband,White,Male,7298,0,40,El-Salvador,0.9504281906720518,0
46,State-gov,238648,HS-grad,9,Married-civ-spouse,Other-service,Husband,Black,Male,7298,0,40,United-States,0.9504281906720518,0
30,Local-gov,182926,Some-college,10,Married-civ-spouse,Protective-serv,Husband,White,Male,15024,0,40,United-States,0.9503919974210377,0
33,Private,198003,Some-college,10,Married-civ-spouse,Craft-repair,Husband,White,Male,7298,0,50,United-States,0.9503559329716287,0
46,Federal-gov,213140,Masters,14,Married-civ-spouse,Exec-managerial,Husband,White,Male,0,1977,40,United-States,0.9502868309105289,0
33,Private,164190,Assoc-voc,11,Married-civ-spouse,Craft-repair,Husband,White,Male,7298,0,40,United-States,0.950275109964471,0
55,Private,182460,HS-grad,9,Married-civ-spouse,Craft-repair,Husband,White,Male,15024,0,35,United-States,0.9502407199359274,0
46,Self-emp-inc,216414,Masters,14,Married-civ-spouse,Sales,Husband,White,Male,0,1977,60,United-States,0.949841628162735,0
32,Private,133861,Bachelors,13,Never-married,Exec-managerial,Not-in-family,White,Male,13550,0,48,United-States,0.9497744581257107,1
41,Self-emp-not-inc,27305,HS-grad,9,Married-civ-spouse,Farming-fishing,Husband,White,Male,7688,0,40,United-States,0.9496137137226305,0
58,?,353244,Bachelors,13,Widowed,?,Unmarried,White,Female,27828,0,50,United-States,0.9495860213775486,1
29,Private,39484,Bachelors,13,Married-civ-spouse,Other-service,Husband,White,Male,7298,0,42,United-States,0.9494686831153643,0
48,Private,143098,Doctorate,16,Married-civ-spouse,Prof-specialty,Husband,Asian-Pac-Islander,Male,0,1902,40,China,0.9493977134309914,2
32,Private,137076,Some-college,10,Married-civ-spouse,Exec-managerial,Husband,White,Male,15024,0,60,United-States,0.949347609606634,0
41,Self-emp-inc,93227,Bachelors,13,Married-civ-spouse,Exec-managerial,Husband,Asian-Pac-Islander,Male,0,1977,60,Taiwan,0.9493066506962337,3
31,Private,72630,Bachelors,13,Never-married,Exec-managerial,Not-in-family,White,Male,14084,0,50,United-States,0.9492669798018838,1
69,?,323016,Bachelors,13,Married-civ-spouse,?,Husband,White,Male,99999,0,40,United-States,0.9492467579498938,1
30,Private,19302,Some-college,10,Married-civ-spouse,Prof-specialty,Husband,White,Male,7688,0,40,United-States,0.949135988569566,0
29,Private,148431,Assoc-acdm,12,Married-civ-spouse,Sales,Wife,Other,Female,7688,0,45,United-States,0.9490887183805192,1
51,Private,199688,Bachelors,13,Married-civ-spouse,Exec-managerial,Husband,White,Male,0,1977,60,?,0.9490075089685464,0
49,Private,148549,Bachelors,13,Married-civ-spouse,Exec-managerial,Husband,White,Male,0,1902,50,United-States,0.9490075089685464,0
58,Local-gov,311409,Masters,14,Married-civ-spouse,Prof-specialty,Husband,Black,Male,7688,0,30,United-States,0.9489930187879803,0
39,Private,91367,Masters,14,Married-civ-spouse,Exec-managerial,Husband,White,Male,0,1848,45,United-States,0.9486917518338099,1
29,Private,191722,Some-college,10,Married-civ-spouse,Protective-serv,Husband,White,Male,7688,0,54,United-States,0.9485738983652054,0
30,Private,116138,Bachelors,13,Never-married,Exec-managerial,Not-in-family,White,Male,27828,0,60,United-States,0.948569969916252,1
42,Federal-gov,52781,Masters,14,Married-civ-spouse,Prof-specialty,Husband,White,Male,0,1902,40,United-States,0.9485136192140503,0
31,Private,178623,Bachelors,13,Never-married,Prof-specialty,Not-in-family,Black,Female,14084,0,60,United-States,0.9484186924311416,1
60,Private,162347,Prof-school,15,Married-civ-spouse,Exec-managerial,Husband,White,Male,0,1902,40,United-States,0.9482755938479508,0
35,Self-emp-not-inc,170174,HS-grad,9,Married-civ-spouse,Craft-repair,Husband,White,Male,7298,0,60,United-States,0.9482728890142451,0
43,Private,214781,Masters,14,Married-civ-spouse,Prof-specialty,Husband,White,Male,5178,0,40,United-States,0.9482513791462047,0
67,?,182378,Bachelors,13,Married-civ-spouse,?,Husband,White,Male,9386,0,60,United-States,0.9482252968211857,0
61,Private,96660,Some-college,10,Married-civ-spouse,Adm-clerical,Wife,White,Female,15024,0,34,United-States,0.9481973468728937,0
53,Private,104461,Bachelors,13,Never-married,Other-service,Not-in-family,White,Male,8614,0,50,Italy,0.9481611536218797,1
35,Private,202027,Bachelors,13,Married-civ-spouse,Handlers-cleaners,Husband,White,Male,7298,0,35,United-States,0.9481409961706921,0
60,Private,325971,HS-grad,9,Married-civ-spouse,Machine-op-inspct,Husband,White,Male,7688,0,40,United-States,0.9480252679285707,0
39,Private,284166,Bachelors,13,Married-civ-spouse,Prof-specialty,Husband,White,Male,0,1902,50,United-States,0.9479815397836622,0
46,Private,113806,12th,8,Married-civ-spouse,Craft-repair,Husband,White,Male,7298,0,40,?,0.947678791611034,0
32,Self-emp-inc,317660,HS-grad,9,Married-civ-spouse,Craft-repair,Husband,White,Male,7688,0,40,United-States,0.9475695678499667,0
40,Private,107433,Bachelors,13,Married-civ-spouse,Exec-managerial,Husband,White,Male,0,1977,50,United-States,0.9475435499257502,0
49,Private,185041,Masters,14,Married-civ-spouse,Exec-managerial,Husband,White,Male,0,1977,40,United-States,0.9474604728905044,0
63,Self-emp-not-inc,167501,Some-college,10,Married-civ-spouse,Prof-specialty,Wife,White,Female,20051,0,10,United-States,0.9474117214829997,1
62,?,191118,Some-college,10,Married-civ-spouse,?,Husband,White,Male,7298,0,40,United-States,0.947372694596675,0
45,Private,186272,HS-grad,9,Married-civ-spouse,Handlers-cleaners,Husband,Black,Male,7298,0,40,United-States,0.9472639860420278,0
38,Private,241998,12th,8,Married-civ-spouse,Craft-repair,Husband,White,Male,7688,0,40,United-States,0.9472502042702893,0
61,State-gov,379885,Doctorate,16,Married-civ-spouse,Prof-specialty,Husband,White,Male,0,1902,40,United-States,0.9471214670660596,0
36,Private,169426,HS-grad,9,Married-civ-spouse,Machine-op-inspct,Husband,White,Male,7298,0,40,United-States,0.9471004080036368,0
33,Private,356823,Bachelors,13,Never-married,Prof-specialty,Not-in-family,White,Female,10520,0,45,United-States,0.9467760855621656,0
47,Private,151267,HS-grad,9,Married-civ-spouse,Machine-op-inspct,Wife,Black,Female,15024,0,40,United-States,0.9466589405023889,0
31,Private,45781,Masters,14,Never-married,Prof-specialty,Not-in-family,White,Female,14084,0,50,United-States,0.9465090154341314,1
29,Self-emp-not-inc,69132,Prof-school,15,Divorced,Prof-specialty,Not-in-family,White,Male,99999,0,60,United-States,0.9464621316498997,1
74,Self-emp-inc,228075,Some-college,10,Married-civ-spouse,Exec-managerial,Husband,White,Male,20051,0,25,United-States,0.946367462470201,1
56,Private,193453,Bachelors,13,Married-civ-spouse,Prof-specialty,Husband,White,Male,0,1902,65,United-States,0.946277752152296,0
67,Self-emp-not-inc,431426,Assoc-acdm,12,Married-civ-spouse,Exec-managerial,Wife,White,Female,20051,0,4,United-States,0.9462588827171587,3
30,Private,154950,Some-college,10,Married-civ-spouse,Exec-managerial,Husband,White,Male,15024,0,60,United-States,0.946249673402399,0
61,Self-emp-not-inc,32423,HS-grad,9,Married-civ-spouse,Farming-fishing,Wife,White,Female,22040,0,40,United-States,0.9461637627318424,1
31,Private,246439,Some-college,10,Married-civ-spouse,Farming-fishing,Husband,White,Male,7298,0,50,United-States,0.946138002410836,0
38,?,70282,Masters,14,Married-civ-spouse,?,Wife,Black,Female,15024,0,2,United-States,0.9460144816716102,3
43,Self-emp-inc,221172,Prof-school,15,Married-civ-spouse,Prof-specialty,Husband,White,Male,0,1977,40,United-States,0.945942095169582,0
39,Private,77146,Bachelors,13,Married-civ-spouse,Exec-managerial,Husband,White,Male,0,1887,50,United-States,0.9459030038824547,0
41,Private,84610,Bachelors,13,Married-civ-spouse,Exec-managerial,Husband,White,Male,0,1902,60,United-States,0.9459030038824547,0
58,Self-emp-inc,113806,Bachelors,13,Married-civ-spouse,Exec-managerial,Husband,White,Male,7688,0,30,United-States,0.945762159327352,0
42,Private,159449,Bachelors,13,Married-civ-spouse,Exec-managerial,Husband,White,Male,5178,0,40,United-States,0.9457418730745595,0
67,Self-emp-inc,73559,HS-grad,9,Married-civ-spouse,Exec-managerial,Husband,White,Male,9386,0,50,United-States,0.9455213647267443,0
60,State-gov,234854,Doctorate,16,Married-civ-spouse,Prof-specialty,Husband,White,Male,0,1902,40,United-States,0.9453695720352138,0
43,Private,201723,Masters,14,Married-civ-spouse,Exec-managerial,Husband,White,Male,0,1902,40,United-States,0.9450222585072444,0
44,State-gov,193524,Masters,14,Married-civ-spouse,Exec-managerial,Husband,White,Male,0,1902,40,United-States,0.9450222585072444,0
61,Private,119684,Prof-school,15,Married-civ-spouse,Prof-specialty,Husband,White,Male,15024,0,20,United-States,0.9450068667154431,1
44,Private,35910,Bachelors,13,Married-civ-spouse,Exec-managerial,Husband,White,Male,0,1902,56,United-States,0.9448675033787982,0
48,Private,109832,Masters,14,Married-civ-spouse,Prof-specialty,Husband,White,Male,0,1902,40,United-States,0.944760404844214,0
50,Private,150999,Masters,14,Married-civ-spouse,Prof-specialty,Husband,White,Male,0,1977,40,United-States,0.944760404844214,0
51,Private,106728,Bachelors,13,Married-civ-spouse,Exec-managerial,Husband,White,Male,5178,0,60,United-States,0.9447309092766616,0
34,Private,112115,Prof-school,15,Married-civ-spouse,Prof-specialty,Husband,White,Male,0,1977,55,United-States,0.9445380288731258,0
30,Private,186932,Doctorate,16,Married-civ-spouse,Prof-specialty,Husband,White,Male,5178,0,75,United-States,0.9445052488646452,0
37,Private,126569,Masters,14,Married-civ-spouse,Exec-managerial,Husband,White,Male,0,1977,40,United-States,0.9444514741945441,0
35,Private,199352,Prof-school,15,Married-civ-spouse,Prof-specialty,Husband,White,Male,0,1977,80,United-States,0.9443752236443651,1
35,Private,360799,HS-grad,9,Married-civ-spouse,Craft-repair,Husband,White,Male,7298,0,40,United-States,0.9443349731427925,0
35,State-gov,126569,HS-grad,9,Married-civ-spouse,Craft-repair,Husband,White,Male,7298,0,40,United-States,0.9442925974147369,0
34,Private,181091,HS-grad,9,Married-civ-spouse,Craft-repair,Husband,White,Male,7688,0,40,United-States,0.9442925974147369,0
31,Private,158162,Bachelors,13,Never-married,Exec-managerial,Not-in-family,White,Female,13550,0,50,United-States,0.9441158172118301,1
40,Private,572751,Prof-school,15,Married-civ-spouse,Craft-repair,Husband,White,Male,5178,0,40,Mexico,0.9439642821235098,0
35,Private,109351,Bachelors,13,Never-married,Sales,Not-in-family,White,Female,8614,0,45,United-States,0.9438362533281077,1
57,Private,98350,Prof-school,15,Married-civ-spouse,Craft-repair,Husband,Asian-Pac-Islander,Male,0,1902,40,Philippines,0.9437919455759767,2
70,Private,141742,Assoc-voc,11,Married-civ-spouse,Machine-op-inspct,Husband,White,Male,9386,0,50,United-States,0.9437888543374559,0
43,Private,118308,Bachelors,13,Married-civ-spouse,Prof-specialty,Husband,White,Male,0,1977,50,United-States,0.9436863926606528,0
44,Private,151089,Bachelors,13,Married-civ-spouse,Prof-specialty,Husband,White,Male,0,1902,50,United-States,0.9436863926606528,0
55,Private,31905,Masters,14,Married-civ-spouse,Exec-managerial,Husband,White,Male,0,1977,40,United-States,0.9436558022794576,0
47,Local-gov,285060,Masters,14,Married-civ-spouse,Exec-managerial,Husband,White,Male,0,1977,41,United-States,0.9436001599860837,0
51,Local-gov,146325,Doctorate,16,Married-civ-spouse,Prof-specialty,Husband,White,Male,0,1887,40,United-States,0.9434220917671267,0
40,Local-gov,290660,Assoc-acdm,12,Divorced,Exec-managerial,Not-in-family,White,Male,8614,0,50,United-States,0.9433748859788823,1
50,Local-gov,117496,HS-grad,9,Married-civ-spouse,Adm-clerical,Wife,White,Female,7298,0,30,United-States,0.9433723099467817,0
37,Private,73471,Bachelors,13,Married-civ-spouse,Exec-managerial,Husband,White,Male,0,1887,47,United-States,0.9433336050644695,0
61,Private,85548,Some-college,10,Married-civ-spouse,Tech-support,Husband,White,Male,15024,0,18,United-States,0.9432622489752817,1
28,Private,285294,Bachelors,13,Married-civ-spouse,Sales,Wife,Black,Female,15024,0,45,United-States,0.9431449751138998,0
34,Private,199934,Some-college,10,Married-civ-spouse,Machine-op-inspct,Husband,Black,Male,7298,0,40,United-States,0.9430421914330841,0
77,Self-emp-inc,84979,Doctorate,16,Married-civ-spouse,Farming-fishing,Husband,White,Male,20051,0,40,United-States,0.9429671000973503,3
37,Private,220237,Bachelors,13,Married-civ-spouse,Exec-managerial,Husband,White,Male,5178,0,40,United-States,0.9429160946617575,0
42,Local-gov,111252,Masters,14,Married-civ-spouse,Exec-managerial,Husband,White,Male,0,1977,40,United-States,0.9428067420990852,0
36,Private,218689,Masters,14,Married-civ-spouse,Sales,Husband,White,Male,0,1977,50,United-States,0.9425850745368247,0
30,Private,347166,Bachelors,13,Never-married,Prof-specialty,Not-in-family,White,Male,13550,0,45,United-States,0.9420191202843132,1
60,Private,166330,HS-grad,9,Married-civ-spouse,Other-service,Wife,White,Female,99999,0,40,United-States,0.9419952919873822,1
31,Private,220066,Bachelors,13,Never-married,Exec-managerial,Not-in-family,White,Female,14344,0,50,United-States,0.9419312775896812,1
36,Private,174938,Bachelors,13,Married-civ-spouse,Prof-specialty,Husband,White,Male,0,1887,50,United-States,0.9419142113770145,0
54,Local-gov,185846,Masters,14,Married-civ-spouse,Prof-specialty,Husband,White,Male,0,1977,40,United-States,0.9418179321772528,0
59,Private,159008,Assoc-acdm,12,Married-civ-spouse,Craft-repair,Husband,White,Male,7298,0,20,United-States,0.9418118785018164,1
51,Private,673764,Masters,14,Never-married,Prof-specialty,Not-in-family,White,Male,27828,0,40,United-States,0.9418008015637835,1
51,Federal-gov,163671,Bachelors,13,Married-civ-spouse,Exec-managerial,Husband,White,Male,0,1902,40,United-States,0.9415905329435684,0
39,Private,186191,Masters,14,Married-civ-spouse,Prof-specialty,Husband,White,Male,0,1848,50,United-States,0.9415813236288086,1
58,Private,280309,Assoc-acdm,12,Married-civ-spouse,Exec-managerial,Husband,White,Male,5178,0,60,United-States,0.941568765472318,0
30,Private,430283,HS-grad,9,Married-civ-spouse,Adm-clerical,Wife,White,Female,7298,0,40,United-States,0.941283019111554,0
42,Self-emp-not-inc,185129,Prof-school,15,Married-civ-spouse,Prof-specialty,Husband,White,Male,0,1887,40,United-States,0.9412122426295888,0
44,State-gov,136546,Doctorate,16,Married-civ-spouse,Prof-specialty,Husband,White,Male,0,1902,40,United-States,0.9412122426295888,0
79,?,76641,Masters,14,Married-civ-spouse,?,Husband,White,Male,20051,0,40,Poland,0.941055040270647,2
30,Local-gov,125159,Bachelors,13,Never-married,Prof-specialty,Not-in-family,Black,Male,14084,0,45,?,0.9408085139986153,1
51,Private,159910,Bachelors,13,Divorced,Exec-managerial,Not-in-family,Black,Male,10520,0,40,United-States,0.9406303813788558,0
42,Self-emp-inc,130126,Bachelors,13,Married-civ-spouse,Prof-specialty,Husband,White,Male,0,1977,40,United-States,0.9404958481023996,0
39,Self-emp-inc,131288,Assoc-acdm,12,Married-civ-spouse,Sales,Husband,White,Male,5178,0,48,United-States,0.9404423954363113,0
55,Private,110748,Bachelors,13,Married-civ-spouse,Exec-managerial,Husband,White,Male,0,1887,40,United-States,0.940405558177272,0
52,Private,159755,Bachelors,13,Married-civ-spouse,Exec-managerial,Husband,White,Male,0,1887,40,United-States,0.940405558177272,0
50,Private,320510,Bachelors,13,Married-civ-spouse,Exec-managerial,Husband,White,Male,0,1902,40,United-States,0.940405558177272,0
43,Private,180599,Bachelors,13,Separated,Exec-managerial,Unmarried,White,Male,8614,0,40,United-States,0.9403017440836161,1
65,?,249043,Bachelors,13,Married-civ-spouse,?,Husband,White,Male,10605,0,40,United-States,0.9403009712739858,0
36,Private,156667,Bachelors,13,Married-civ-spouse,Prof-specialty,Husband,White,Male,0,1902,50,United-States,0.9398817864504085,0
55,Self-emp-not-inc,141409,10th,6,Married-civ-spouse,Sales,Husband,White,Male,7688,0,50,United-States,0.9397755895270594,0
35,Local-gov,300681,HS-grad,9,Married-civ-spouse,Protective-serv,Husband,Black,Male,7298,0,35,United-States,0.9395429738283713,0
35,Private,86648,Masters,14,Married-civ-spouse,Prof-specialty,Husband,White,Male,0,1977,45,United-States,0.9395266804253347,0
39,Private,322143,12th,8,Married-civ-spouse,Transport-moving,Husband,White,Male,15024,0,70,United-States,0.9395127698519912,0
53,Self-emp-not-inc,100109,Masters,14,Married-civ-spouse,Exec-managerial,Husband,White,Male,0,1977,40,United-States,0.9394246051533466,0
52,Self-emp-inc,230767,Bachelors,13,Married-civ-spouse,Exec-managerial,Husband,White,Male,0,1902,60,Cuba,0.9393139001738214,0
57,Private,141570,Masters,14,Married-civ-spouse,Exec-managerial,Husband,Black,Male,0,1977,40,United-States,0.9393059788751119,1
47,Private,51835,Prof-school,15,Married-civ-spouse,Prof-specialty,Wife,White,Female,0,1902,60,Honduras,0.9391227585919536,3
33,Private,198660,HS-grad,9,Married-civ-spouse,Machine-op-inspct,Husband,White,Male,99999,0,56,United-States,0.9390121824140335,1
33,Private,133503,HS-grad,9,Married-civ-spouse,Protective-serv,Husband,White,Male,7688,0,48,United-States,0.9388922681197485,0
50,Private,162327,Bachelors,13,Married-civ-spouse,Adm-clerical,Husband,White,Male,0,1902,50,?,0.9388221356458084,0
44,Private,203761,Bachelors,13,Never-married,Prof-specialty,Own-child,White,Male,10520,0,40,United-States,0.9386389153626501,0
53,Self-emp-not-inc,145419,1st-4th,2,Married-civ-spouse,Exec-managerial,Husband,White,Male,7688,0,67,Italy,0.9385664000590169,3
63,Private,118798,HS-grad,9,Married-civ-spouse,Craft-repair,Husband,White,Male,99999,0,40,United-States,0.9385280815815199,1
68,Self-emp-inc,182131,Some-college,10,Married-civ-spouse,Exec-managerial,Husband,White,Male,10605,0,20,United-States,0.9384740493082089,0
33,?,193172,Assoc-voc,11,Married-civ-spouse,?,Own-child,White,Female,7688,0,50,United-States,0.9384472585743622,0
49,Local-gov,193960,Masters,14,Married-civ-spouse,Prof-specialty,Husband,White,Male,0,1902,40,United-States,0.9384078452832223,0
42,Federal-gov,108183,Masters,14,Married-civ-spouse,Prof-specialty,Husband,Asian-Pac-Islander,Male,0,1902,40,South,0.9384078452832223,2
57,Private,314153,Bachelors,13,Married-civ-spouse,Sales,Husband,White,Male,0,1887,55,United-States,0.9383811833509806,0
40,Private,209547,Bachelors,13,Married-civ-spouse,Sales,Husband,White,Male,0,1977,60,United-States,0.9383811833509806,0
43,Private,125461,Bachelors,13,Married-civ-spouse,Sales,Husband,White,Male,0,1902,55,United-States,0.9383811833509806,0
56,Private,116143,Bachelors,13,Married-civ-spouse,Adm-clerical,Husband,White,Male,5178,0,44,United-States,0.9382939202635713,0
35,Private,186183,HS-grad,9,Married-civ-spouse,Transport-moving,Husband,White,Male,15024,0,80,United-States,0.9381691759090975,1
33,Private,222221,HS-grad,9,Married-civ-spouse,Exec-managerial,Husband,White,Male,7298,0,45,United-States,0.9380341274262213,0
29,Private,82242,Prof-school,15,Never-married,Prof-specialty,Unmarried,White,Male,27828,0,45,Germany,0.9380042454538539,1
40,Private,121956,Bachelors,13,Married-spouse-absent,Prof-specialty,Not-in-family,Asian-Pac-Islander,Male,13550,0,40,Cambodia,0.9379915584957581,4
67,Self-emp-inc,171564,HS-grad,9,Married-civ-spouse,Prof-specialty,Wife,White,Female,20051,0,30,England,0.9379796443472926,1
55,Self-emp-not-inc,248841,Masters,14,Married-civ-spouse,Prof-specialty,Husband,White,Male,0,1977,40,United-States,0.937957232868017,0
43,Private,274363,Bachelors,13,Married-civ-spouse,Exec-managerial,Husband,White,Male,0,1902,40,England,0.9379570396656095,0
34,Private,181091,Bachelors,13,Married-civ-spouse,Exec-managerial,Husband,White,Male,0,1977,45,United-States,0.9379553008439416,0
38,Private,207568,Bachelors,13,Married-civ-spouse,Exec-managerial,Husband,White,Male,5178,0,40,United-States,0.9379388142384975,0
46,Private,189498,Bachelors,13,Married-civ-spouse,Prof-specialty,Husband,White,Male,0,1848,45,United-States,0.9378760234560443,1
31,Private,473133,Masters,14,Married-civ-spouse,Prof-specialty,Husband,White,Male,5178,0,40,United-States,0.9376257619374666,0
38,Private,278924,Bachelors,13,Married-civ-spouse,Exec-managerial,Husband,White,Male,0,1887,50,United-States,0.9374830497590909,0
59,Private,170104,Bachelors,13,Married-civ-spouse,Exec-managerial,Husband,White,Male,0,1977,50,United-States,0.9374830497590909,0
43,Private,170730,Bachelors,13,Married-civ-spouse,Exec-managerial,Husband,White,Male,0,1977,50,United-States,0.9374830497590909,0
45,Private,233511,Bachelors,13,Married-civ-spouse,Exec-managerial,Husband,White,Male,0,1977,60,United-States,0.9374830497590909,0
37,Private,135436,Bachelors,13,Married-civ-spouse,Exec-managerial,Husband,White,Male,0,1977,60,United-States,0.9374830497590909,0
54,Private,145714,HS-grad,9,Married-civ-spouse,Tech-support,Husband,White,Male,7688,0,25,United-States,0.9374422840510982,1
45,Private,225456,Bachelors,13,Married-civ-spouse,Prof-specialty,Husband,White,Male,0,1977,40,United-States,0.9372449599921889,0
46,Local-gov,398986,Doctorate,16,Married-civ-spouse,Prof-specialty,Wife,White,Female,0,1902,52,United-States,0.9370698542101475,1
35,Federal-gov,287031,Masters,14,Never-married,Exec-managerial,Not-in-family,White,Male,8614,0,40,United-States,0.9370633497290934,1
60,Self-emp-inc,376133,HS-grad,9,Married-civ-spouse,Adm-clerical,Wife,White,Female,15024,0,15,United-States,0.9370384910193222,1
73,Private,183213,Assoc-voc,11,Widowed,Prof-specialty,Not-in-family,White,Male,25124,0,60,United-States,0.9370183979689372,1
39,Private,218490,Bachelors,13,Married-civ-spouse,Exec-managerial,Husband,White,Male,0,1977,40,United-States,0.9369881295917546,0
33,Private,220939,HS-grad,9,Married-civ-spouse,Sales,Husband,White,Male,7298,0,45,United-States,0.9367246015078587,0
55,Private,436861,Masters,14,Divorced,Prof-specialty,Not-in-family,White,Female,14084,0,40,United-States,0.9366108696906152,1
45,Private,126889,Bachelors,13,Married-civ-spouse,Sales,Husband,White,Male,0,1887,60,United-States,0.9365493669242124,0
45,State-gov,103406,Bachelors,13,Married-civ-spouse,Exec-managerial,Husband,White,Male,0,1977,60,United-States,0.9364071055514542,0
45,Private,148549,Some-college,10,Divorced,Craft-repair,Not-in-family,White,Male,27828,0,56,United-States,0.9364065903450342,1
46,Private,265266,Bachelors,13,Married-civ-spouse,Prof-specialty,Husband,White,Male,0,1902,40,United-States,0.9363286009731872,0
37,Local-gov,218184,Bachelors,13,Married-civ-spouse,Prof-specialty,Husband,White,Male,0,1887,40,United-States,0.9363286009731872,0
64,Self-emp-not-inc,65991,HS-grad,9,Married-civ-spouse,Farming-fishing,Husband,White,Male,7298,0,45,United-States,0.9363083791211971,0
49,Local-gov,298445,Prof-school,15,Married-civ-spouse,Prof-specialty,Wife,White,Female,0,1977,60,United-States,0.936220021220145,0
44,Self-emp-not-inc,402397,Masters,14,Married-civ-spouse,Exec-managerial,Wife,White,Female,0,1902,60,United-States,0.9361147259080311,0
53,Private,608184,Bachelors,13,Married-civ-spouse,Exec-managerial,Husband,Black,Male,0,1902,40,United-States,0.9360320352776005,1
55,Private,359972,Bachelors,13,Married-civ-spouse,Exec-managerial,Husband,White,Male,0,1887,40,United-States,0.9360320352776005,0
31,Private,265706,HS-grad,9,Married-civ-spouse,Craft-repair,Husband,White,Male,7298,0,40,United-States,0.9359816738500328,0
40,Private,104196,Bachelors,13,Married-civ-spouse,Prof-specialty,Husband,White,Male,0,1887,40,United-States,0.9359397489275949,0
43,Private,110970,Bachelors,13,Married-civ-spouse,Prof-specialty,Husband,White,Male,0,1902,40,United-States,0.9359397489275949,0
42,Local-gov,245307,Bachelors,13,Married-civ-spouse,Exec-managerial,Husband,White,Male,0,1977,48,United-States,0.9359059385062739,0
37,Private,361888,Bachelors,13,Never-married,Prof-specialty,Not-in-family,White,Male,10520,0,40,United-States,0.9355671258842366,0
59,Private,348430,Bachelors,13,Married-civ-spouse,Prof-specialty,Husband,White,Male,0,1902,43,United-States,0.9354575157183542,0
42,Self-emp-not-inc,351161,Bachelors,13,Married-civ-spouse,Prof-specialty,Husband,White,Male,0,1887,40,United-States,0.9353680630036594,0
48,State-gov,55863,Doctorate,16,Married-civ-spouse,Prof-specialty,Wife,White,Female,0,1902,46,United-States,0.9351452362269537,1
34,Private,299635,Masters,14,Married-civ-spouse,Exec-managerial,Husband,White,Male,0,1902,50,United-States,0.935086760298269,0
46,Self-emp-inc,328216,Bachelors,13,Married-civ-spouse,Sales,Husband,White,Male,0,1902,42,?,0.9350486994239819,0
37,Local-gov,312232,Bachelors,13,Married-civ-spouse,Protective-serv,Husband,White,Male,5178,0,40,United-States,0.9348905954538049,0
35,Private,200117,Bachelors,13,Married-civ-spouse,Exec-managerial,Husband,Asian-Pac-Islander,Male,0,1887,50,?,0.934806874410534,1
49,Private,329603,Bachelors,13,Married-civ-spouse,Craft-repair,Husband,White,Male,0,1902,40,United-States,0.9346622946088853,0
29,Local-gov,115305,Assoc-voc,11,Married-civ-spouse,Protective-serv,Husband,White,Male,7688,0,40,United-States,0.9341828950349553,0
29,Private,133696,Bachelors,13,Never-married,Prof-specialty,Not-in-family,White,Male,8614,0,45,United-States,0.9341824442293377,1
43,Local-gov,143828,Masters,14,Divorced,Prof-specialty,Unmarried,Black,Female,9562,0,40,United-States,0.9340527410130703,0
44,Private,112262,Bachelors,13,Married-civ-spouse,Tech-support,Husband,White,Male,5178,0,40,United-States,0.9338626298440428,0
43,Private,170525,Bachelors,13,Divorced,Prof-specialty,Not-in-family,White,Female,14344,0,40,United-States,0.9338484616674892,1
47,Private,274200,11th,7,Married-civ-spouse,Craft-repair,Husband,White,Male,7298,0,40,United-States,0.9336470159572188,0
31,Private,100252,Bachelors,13,Divorced,Other-service,Not-in-family,Asian-Pac-Islander,Male,99999,0,70,United-States,0.9335629085091328,1
31,Private,183043,Masters,14,Married-civ-spouse,Exec-managerial,Husband,White,Male,0,1977,48,United-States,0.9335372125889289,0
28,Local-gov,229223,Assoc-voc,11,Married-civ-spouse,Prof-specialty,Wife,White,Female,7688,0,36,United-States,0.9335307725086772,0
31,Private,187560,HS-grad,9,Married-civ-spouse,Prof-specialty,Husband,White,Male,15024,0,40,United-States,0.9331842961911406,0
32,Self-emp-inc,46807,HS-grad,9,Married-civ-spouse,Craft-repair,Husband,White,Male,99999,0,40,United-States,0.933160017088592,1
48,Local-gov,238959,Masters,14,Divorced,Exec-managerial,Unmarried,Black,Female,9562,0,40,United-States,0.9330065499761961,0
41,Private,182108,Masters,14,Never-married,Prof-specialty,Not-in-family,White,Female,27828,0,35,United-States,0.9328799379984495,1
34,?,166545,Some-college,10,Married-civ-spouse,?,Wife,White,Female,7688,0,6,United-States,0.932762342133055,1
36,Private,178815,Bachelors,13,Never-married,Exec-managerial,Not-in-family,White,Male,8614,0,40,United-States,0.9327347785895781,1
47,Private,304857,Masters,14,Separated,Tech-support,Not-in-family,White,Male,27828,0,40,United-States,0.9327329109663052,1
36,Private,206951,Bachelors,13,Married-civ-spouse,Sales,Husband,White,Male,0,1902,45,United-States,0.932724538861978,0
57,Private,186386,Bachelors,13,Widowed,Prof-specialty,Unmarried,White,Male,10520,0,40,United-States,0.9326252972253007,0
33,Private,111567,Masters,14,Married-civ-spouse,Exec-managerial,Husband,White,Male,0,1902,45,Germany,0.932494305992983,0
36,Private,386726,Masters,14,Married-civ-spouse,Prof-specialty,Wife,White,Female,0,1977,44,United-States,0.9323191358101391,0
57,Private,132704,Masters,14,Separated,Prof-specialty,Not-in-family,White,Male,10520,0,32,United-States,0.9323043236255605,0
28,Private,119287,Bachelors,13,Married-civ-spouse,Exec-managerial,Wife,White,Female,15024,0,28,United-States,0.9322895758417843,0
58,Private,111625,Bachelors,13,Widowed,Exec-managerial,Unmarried,White,Male,8614,0,40,United-States,0.9322356723700783,1
47,Private,176893,HS-grad,9,Divorced,Craft-repair,Not-in-family,Black,Male,8614,0,44,United-States,0.9322113288667272,1
36,Private,111499,Masters,14,Never-married,Exec-managerial,Not-in-family,White,Female,14084,0,40,United-States,0.9319729170958125,1
32,Private,131584,HS-grad,9,Married-civ-spouse,Sales,Husband,White,Male,7298,0,40,United-States,0.9319491531996841,0
67,Self-emp-not-inc,191380,Prof-school,15,Married-civ-spouse,Prof-specialty,Husband,White,Male,20051,0,25,United-States,0.931665145660588,1
49,Private,149049,Some-college,10,Divorced,Exec-managerial,Not-in-family,White,Male,14344,0,45,United-States,0.9315402725045093,1
44,Private,99651,Masters,14,Married-civ-spouse,Exec-managerial,Husband,White,Male,5178,0,40,United-States,0.9315269415383884,0
35,Local-gov,116960,Masters,14,Married-civ-spouse,Prof-specialty,Husband,White,Male,0,1887,40,United-States,0.931503048840655,0
30,Private,176410,Assoc-voc,11,Married-civ-spouse,Prof-specialty,Own-child,White,Female,7298,0,16,United-States,0.9311859392890657,1
27,Private,190525,Bachelors,13,Married-civ-spouse,Exec-managerial,Husband,White,Male,7298,0,55,United-States,0.9309732878391574,0
32,Private,330715,HS-grad,9,Married-civ-spouse,Craft-repair,Husband,White,Male,99999,0,40,United-States,0.9309712914142795,1
57,Private,548256,12th,8,Married-civ-spouse,Transport-moving,Husband,Black,Male,7688,0,40,United-States,0.930889244791874,1
46,Federal-gov,97863,Assoc-voc,11,Married-civ-spouse,Adm-clerical,Husband,White,Male,5178,0,40,United-States,0.9307809226420418,0
45,Private,198223,Bachelors,13,Married-civ-spouse,Sales,Husband,White,Male,0,1902,45,United-States,0.9307731301449375,0
49,Private,137192,Bachelors,13,Married-civ-spouse,Sales,Husband,Asian-Pac-Islander,Male,0,1977,50,South,0.9307731301449375,1
49,Private,153536,Some-college,10,Divorced,Prof-specialty,Not-in-family,White,Male,14084,0,44,United-States,0.9306508330209593,1
51,Private,175070,Assoc-acdm,12,Married-civ-spouse,Sales,Husband,White,Male,5178,0,45,United-States,0.9305969939500558,0
62,State-gov,202056,Bachelors,13,Divorced,Prof-specialty,Not-in-family,White,Male,14084,0,40,United-States,0.9305006503494917,1
49,Private,176814,Bachelors,13,Married-civ-spouse,Adm-clerical,Husband,White,Male,5178,0,40,United-States,0.9304860957681231,0
53,Self-emp-not-inc,135339,Bachelors,13,Married-civ-spouse,Exec-managerial,Husband,Asian-Pac-Islander,Male,7688,0,20,China,0.9304462316713656,3
36,Private,237943,Bachelors,13,Married-civ-spouse,Prof-specialty,Husband,White,Male,0,1977,45,United-States,0.93040385594331,0
44,Private,286750,Bachelors,13,Married-civ-spouse,Exec-managerial,Husband,Black,Male,0,1902,40,United-States,0.930005923384563,0
47,Private,284871,Bachelors,13,Married-civ-spouse,Exec-managerial,Husband,White,Male,0,1887,40,United-States,0.930005923384563,0
33,Private,149184,Prof-school,15,Married-civ-spouse,Prof-specialty,Husband,White,Male,0,1977,50,United-States,0.9299463526422356,0
42,Private,172297,Masters,14,Married-civ-spouse,Adm-clerical,Husband,White,Male,0,1902,40,United-States,0.9299151826538178,0
43,Self-emp-not-inc,396758,Bachelors,13,Married-civ-spouse,Prof-specialty,Wife,White,Female,0,1887,70,United-States,0.929816134219548,1
29,Private,112847,Assoc-voc,11,Married-civ-spouse,Craft-repair,Husband,Asian-Pac-Islander,Male,7298,0,32,United-States,0.9296207421847141,0
46,Private,127089,Some-college,10,Married-civ-spouse,Prof-specialty,Husband,White,Male,5178,0,38,United-States,0.929598008701426,0
38,Private,172571,Bachelors,13,Married-civ-spouse,Exec-managerial,Husband,White,Male,0,1848,54,United-States,0.9295008278904291,1
41,Federal-gov,36651,Masters,14,Married-civ-spouse,Exec-managerial,Husband,White,Male,0,1848,40,United-States,0.9294734575493597,1
54,Private,288992,10th,6,Divorced,Prof-specialty,Unmarried,White,Male,14344,0,68,United-States,0.9293291997517237,1
34,Private,189759,Bachelors,13,Married-civ-spouse,Exec-managerial,Husband,White,Male,0,1977,45,United-States,0.9292895932581763,0
59,Private,126668,Assoc-voc,11,Married-civ-spouse,Prof-specialty,Husband,White,Male,5178,0,50,United-States,0.9292645413459976,0
55,Self-emp-not-inc,145574,HS-grad,9,Divorced,Exec-managerial,Not-in-family,White,Male,34095,0,60,United-States,0.9291451422581326,1
53,Private,283602,Bachelors,13,Divorced,Sales,Not-in-family,White,Female,13550,0,43,United-States,0.9291368989554106,1
41,Private,214242,Bachelors,13,Married-civ-spouse,Prof-specialty,Husband,White,Male,0,1887,40,United-States,0.9289207698621665,0
53,Private,139671,Bachelors,13,Married-civ-spouse,Prof-specialty,Husband,White,Male,0,1902,40,United-States,0.9289207698621665,0
30,Private,235124,HS-grad,9,Married-civ-spouse,Transport-moving,Husband,White,Male,99999,0,40,United-States,0.928916583810003,1
44,Federal-gov,281739,Some-college,10,Never-married,Adm-clerical,Not-in-family,White,Male,13550,0,50,United-States,0.9287067659954055,1
55,Private,134120,10th,6,Married-civ-spouse,Craft-repair,Husband,White,Male,99999,0,40,United-States,0.9285816996369192,1
51,Local-gov,176751,Bachelors,13,Married-civ-spouse,Prof-specialty,Husband,White,Male,0,1902,40,United-States,0.9285679178651808,0
45,Local-gov,159816,Masters,14,Married-civ-spouse,Prof-specialty,Wife,White,Female,0,1977,35,United-States,0.9284553452623826,0
45,Private,229967,HS-grad,9,Divorced,Exec-managerial,Not-in-family,White,Male,13550,0,50,United-States,0.9283142431040697,1
36,Private,297449,Bachelors,13,Divorced,Prof-specialty,Not-in-family,White,Male,14084,0,40,United-States,0.928271480971199,1
33,Private,112115,Bachelors,13,Married-civ-spouse,Exec-managerial,Husband,White,Male,0,1902,45,United-States,0.9279445824976273,0
36,Self-emp-inc,108293,Bachelors,13,Married-civ-spouse,Exec-managerial,Wife,White,Female,0,1977,45,United-States,0.9278406396023663,0
36,Private,329980,Bachelors,13,Never-married,Exec-managerial,Not-in-family,White,Male,27828,0,40,United-States,0.927741397965689,1
35,Private,152909,Bachelors,13,Married-civ-spouse,Exec-managerial,Husband,White,Male,0,1887,45,United-States,0.9276760311511352,0
58,Private,275859,HS-grad,9,Widowed,Craft-repair,Unmarried,White,Male,8614,0,52,Mexico,0.9275930185166918,1
61,?,139391,Some-college,10,Married-civ-spouse,?,Husband,White,Male,99999,0,30,United-States,0.9272413901349539,1
48,Private,140782,Masters,14,Married-civ-spouse,Exec-managerial,Wife,White,Female,0,1902,38,United-States,0.9271531610355068,0
47,Self-emp-not-inc,122307,Bachelors,13,Married-civ-spouse,Sales,Husband,White,Male,0,1887,40,United-States,0.9271406672798187,0
65,Self-emp-not-inc,139960,HS-grad,9,Married-civ-spouse,Farming-fishing,Husband,White,Male,10605,0,60,United-States,0.9270492181402459,0
57,Local-gov,174132,Masters,14,Married-civ-spouse,Prof-specialty,Wife,Black,Female,0,1977,40,United-States,0.9268898261540185,1
58,Private,234213,HS-grad,9,Divorced,Craft-repair,Not-in-family,White,Male,14344,0,48,United-States,0.9265313068864113,1
49,Private,101825,Masters,14,Married-civ-spouse,Prof-specialty,Wife,White,Female,0,1977,40,United-States,0.9264756001922348,0
45,Self-emp-inc,191776,Masters,14,Divorced,Sales,Unmarried,White,Female,25236,0,42,United-States,0.9264376681195529,1
57,Self-emp-not-inc,413373,Doctorate,16,Married-civ-spouse,Sales,Husband,White,Male,0,1902,40,United-States,0.9263497610241184,0
44,Private,192381,Bachelors,13,Married-civ-spouse,Prof-specialty,Husband,White,Male,0,1848,40,United-States,0.9263073852960627,1
55,Self-emp-not-inc,124975,HS-grad,9,Divorced,Craft-repair,Unmarried,White,Male,27828,0,55,United-States,0.925970762301311,1
37,Private,269329,Assoc-voc,11,Divorced,Prof-specialty,Not-in-family,White,Female,8614,0,45,United-States,0.9257737602464142,1
36,Private,188563,Some-college,10,Married-civ-spouse,Sales,Husband,White,Male,5178,0,50,United-States,0.9256786402610979,0
42,Local-gov,97688,Some-college,10,Married-civ-spouse,Craft-repair,Husband,White,Male,5178,0,40,United-States,0.9256591912187381,0
34,Self-emp-not-inc,234960,Bachelors,13,Married-civ-spouse,Prof-specialty,Husband,Black,Male,0,1887,48,United-States,0.9250505392341584,0
40,Private,198692,Some-college,10,Married-civ-spouse,Adm-clerical,Husband,White,Male,5178,0,60,United-States,0.9250415231218061,0
29,Private,152461,Bachelors,13,Never-married,Prof-specialty,Unmarried,White,Female,14344,0,50,United-States,0.9246388893044754,1
57,?,300104,5th-6th,3,Married-civ-spouse,?,Husband,White,Male,7298,0,84,United-States,0.9246258803423671,3
61,Private,159822,7th-8th,4,Married-civ-spouse,Craft-repair,Husband,White,Male,7688,0,40,Poland,0.9244470393137799,0
40,Local-gov,197012,Bachelors,13,Divorced,Tech-support,Not-in-family,White,Female,8614,0,40,England,0.9239652569101569,1
70,Self-emp-not-inc,37203,Masters,14,Married-civ-spouse,Prof-specialty,Husband,White,Male,9386,0,30,United-States,0.9238953176386243,0
36,Private,32776,Bachelors,13,Married-civ-spouse,Exec-managerial,Husband,White,Male,0,1977,40,United-States,0.9235735712292539,0
28,Private,37359,Assoc-voc,11,Married-civ-spouse,Prof-specialty,Husband,White,Male,99999,0,50,United-States,0.9231597316722854,1
67,Self-emp-inc,182581,Some-college,10,Married-civ-spouse,Exec-managerial,Husband,White,Male,20051,0,20,United-States,0.9231217351988008,1
46,Self-emp-not-inc,131091,Bachelors,13,Married-civ-spouse,Sales,Husband,White,Male,0,1902,40,United-States,0.9229134630034638,0
35,Private,185556,Masters,14,Married-civ-spouse,Prof-specialty,Husband,White,Male,0,1887,40,United-States,0.9228671588264546,0
41,Private,116493,HS-grad,9,Divorced,Craft-repair,Not-in-family,White,Male,13550,0,44,United-States,0.9227929691019561,1
34,Private,209101,Bachelors,13,Married-civ-spouse,Exec-managerial,Husband,White,Male,5178,0,55,United-States,0.9227856274104692,0
34,Private,345705,Bachelors,13,Married-civ-spouse,Sales,Husband,White,Male,0,1977,50,United-States,0.9227341067684564,0
40,Private,163215,Bachelors,13,Divorced,Exec-managerial,Not-in-family,White,Female,10520,0,40,United-States,0.9226585002263025,0
32,Private,204374,Prof-school,15,Married-civ-spouse,Prof-specialty,Husband,White,Male,0,1977,60,United-States,0.9224594373457251,0
65,Self-emp-not-inc,118474,11th,7,Married-civ-spouse,Exec-managerial,Husband,White,Male,9386,0,59,?,0.9223170471713621,0
53,Self-emp-inc,251675,Some-college,10,Divorced,Sales,Not-in-family,White,Male,8614,0,50,Cuba,0.9222161311138193,1
59,Private,140569,Some-college,10,Separated,Sales,Not-in-family,White,Male,14084,0,60,United-States,0.9221516015096981,1
51,Local-gov,123011,Masters,14,Married-civ-spouse,Prof-specialty,Husband,White,Male,0,1977,35,United-States,0.922023186309481,0
35,Private,161637,Doctorate,16,Married-civ-spouse,Prof-specialty,Husband,Asian-Pac-Islander,Male,0,1902,40,Taiwan,0.9219296763442276,2
35,Private,340110,Bachelors,13,Married-civ-spouse,Exec-managerial,Husband,White,Male,0,1848,70,United-States,0.9216659550579241,1
44,Private,146659,Masters,14,Married-civ-spouse,Prof-specialty,Husband,White,Male,0,1887,35,United-States,0.921625640155549,0
52,Private,143953,Bachelors,13,Married-civ-spouse,Prof-specialty,Husband,White,Male,0,1902,40,United-States,0.9215680014372971,0
38,Private,189623,Bachelors,13,Married-civ-spouse,Prof-specialty,Husband,White,Male,0,1887,40,United-States,0.9215680014372971,0
39,Private,30529,Bachelors,13,Married-civ-spouse,Exec-managerial,Husband,White,Male,0,1887,40,United-States,0.9212772962147394,0
65,Private,350498,Bachelors,13,Married-civ-spouse,Adm-clerical,Husband,White,Male,10605,0,20,United-States,0.9211931243658509,0
50,Local-gov,168672,Masters,14,Married-civ-spouse,Prof-specialty,Wife,White,Female,0,1902,40,United-States,0.9210748200916288,0
39,Local-gov,132879,Bachelors,13,Married-civ-spouse,Prof-specialty,Husband,White,Male,0,1887,40,United-States,0.9206853240380114,0
57,Local-gov,118481,Bachelors,13,Married-civ-spouse,Prof-specialty,Husband,White,Male,0,1902,40,United-States,0.9206853240380114,0
46,Private,364548,Bachelors,13,Divorced,Sales,Not-in-family,White,Male,8614,0,40,United-States,0.9205769374873768,1
39,State-gov,122011,Masters,14,Married-civ-spouse,Prof-specialty,Wife,White,Female,5178,0,38,United-States,0.9205446082845137,0
67,Private,264095,Some-college,10,Married-civ-spouse,Handlers-cleaners,Husband,White,Male,9386,0,24,Cuba,0.9205224544084482,0
36,Local-gov,410034,Bachelors,13,Married-civ-spouse,Prof-specialty,Husband,White,Male,0,1887,40,United-States,0.9201151837333362,0
90,Private,46786,Bachelors,13,Married-civ-spouse,Sales,Husband,White,Male,9386,0,15,United-States,0.9200985039254845,0
46,Local-gov,222115,Bachelors,13,Divorced,Adm-clerical,Not-in-family,White,Female,99999,0,40,United-States,0.9199883141523795,1
38,Local-gov,172855,Bachelors,13,Married-civ-spouse,Prof-specialty,Wife,Black,Female,0,1887,40,United-States,0.9197249792708911,1
42,Local-gov,175642,Bachelors,13,Never-married,Adm-clerical,Not-in-family,White,Female,99999,0,40,United-States,0.9197004425651325,1
33,Private,236396,Bachelors,13,Married-civ-spouse,Sales,Husband,White,Male,0,1902,55,United-States,0.9192786817094545,0
35,Private,91839,Bachelors,13,Married-civ-spouse,Other-service,Husband,Amer-Indian-Eskimo,Male,7688,0,20,United-States,0.9192709536131526,1
37,Federal-gov,90881,Some-college,10,Separated,Exec-managerial,Not-in-family,White,Male,8614,0,55,United-States,0.9192355331717686,1
32,Private,154120,HS-grad,9,Married-civ-spouse,Transport-moving,Husband,White,Male,7298,0,40,United-States,0.9191690071427695,0
37,Private,287031,Some-college,10,Married-civ-spouse,Craft-repair,Husband,White,Male,5178,0,75,United-States,0.9190544381150934,0
37,State-gov,367237,Assoc-voc,11,Never-married,Prof-specialty,Not-in-family,White,Male,8614,0,40,United-States,0.919018953272907,1
32,Private,116539,Bachelors,13,Married-civ-spouse,Exec-managerial,Husband,White,Male,0,1887,55,United-States,0.9189321409911153,0
36,Self-emp-not-inc,35945,7th-8th,4,Married-civ-spouse,Machine-op-inspct,Husband,White,Male,7298,0,45,United-States,0.9187474394894991,0
62,Local-gov,113443,Masters,14,Divorced,Prof-specialty,Not-in-family,White,Female,10520,0,33,United-States,0.9187027453325529,0
44,Private,74680,Some-college,10,Married-civ-spouse,Craft-repair,Husband,White,Male,5178,0,50,United-States,0.9186299080249072,0
43,Federal-gov,105936,Assoc-voc,11,Never-married,Prof-specialty,Not-in-family,White,Female,13550,0,40,United-States,0.9186269455879914,1
41,Private,106900,Bachelors,13,Married-civ-spouse,Tech-support,Husband,White,Male,0,1902,42,United-States,0.9183703083899647,0
32,Private,167990,Masters,14,Never-married,Exec-managerial,Not-in-family,White,Male,14084,0,40,United-States,0.9176727832979128,1
33,Private,141841,Bachelors,13,Married-civ-spouse,Exec-managerial,Husband,Black,Male,5178,0,40,United-States,0.9175355451877509,0
28,Self-emp-inc,201186,HS-grad,9,Married-civ-spouse,Sales,Husband,Black,Male,99999,0,40,United-States,0.9174422284249051,1
47,Private,189680,Bachelors,13,Married-civ-spouse,Sales,Husband,White,Male,0,1977,40,United-States,0.9174318598957,0
53,Private,95469,Bachelors,13,Married-civ-spouse,Adm-clerical,Husband,White,Male,0,1902,40,United-States,0.9174318598957,0
42,Private,212894,Bachelors,13,Married-civ-spouse,Sales,Husband,White,Male,0,1887,40,United-States,0.9174318598957,0
37,State-gov,191841,Bachelors,13,Never-married,Adm-clerical,Not-in-family,White,Female,8614,0,40,United-States,0.9172449043659957,1
46,Federal-gov,344415,Masters,14,Married-civ-spouse,Armed-Forces,Husband,White,Male,0,1887,40,United-States,0.9170971689250238,0
38,Private,269318,Bachelors,13,Married-civ-spouse,Adm-clerical,Husband,White,Male,5178,0,50,United-States,0.9170762386642061,0
45,Private,67716,HS-grad,9,Never-married,Craft-repair,Own-child,White,Male,10520,0,48,United-States,0.917064131313333,0
67,Self-emp-not-inc,148690,Masters,14,Widowed,Prof-specialty,Not-in-family,White,Male,18481,0,2,United-States,0.9169487250752241,2
47,Self-emp-not-inc,33300,Assoc-acdm,12,Never-married,Farming-fishing,Other-relative,White,Male,10520,0,45,United-States,0.9168159950212385,0
31,State-gov,207505,Doctorate,16,Married-civ-spouse,Prof-specialty,Husband,White,Male,0,1977,70,United-States,0.916740452879887,0
31,Private,183801,Masters,14,Married-civ-spouse,Prof-specialty,Husband,White,Male,0,1902,43,United-States,0.9164459480099808,0
65,Private,101104,HS-grad,9,Married-civ-spouse,Sales,Husband,White,Male,9386,0,10,United-States,0.9163233932827927,0
61,Private,181219,Bachelors,13,Married-civ-spouse,Prof-specialty,Husband,White,Male,0,1848,40,United-States,0.9160494322688891,1
50,Private,133963,Bachelors,13,Married-civ-spouse,Prof-specialty,Wife,White,Female,0,1977,40,United-States,0.9158006519687694,0
62,Self-emp-inc,245491,Bachelors,13,Divorced,Sales,Not-in-family,White,Male,99999,0,40,United-States,0.9157548629981804,1
61,Local-gov,95450,Bachelors,13,Married-civ-spouse,Exec-managerial,Husband,White,Male,5178,0,50,United-States,0.9156844085202278,0
65,Private,242580,Some-college,10,Divorced,Prof-specialty,Not-in-family,White,Male,11678,0,50,United-States,0.9154530808375899,0
54,Private,155233,Bachelors,13,Never-married,Adm-clerical,Not-in-family,White,Female,14084,0,40,United-States,0.9154448375348679,1
69,Private,197080,12th,8,Married-civ-spouse,Transport-moving,Husband,White,Male,9386,0,60,United-States,0.9152435206262025,0
32,Private,170154,Assoc-acdm,12,Separated,Exec-managerial,Unmarried,White,Female,25236,0,50,United-States,0.9151477566328611,1
67,Private,279980,Some-college,10,Married-civ-spouse,Transport-moving,Husband,White,Male,10605,0,10,United-States,0.9151006796462218,0
42,Local-gov,180985,10th,6,Married-civ-spouse,Handlers-cleaners,Husband,White,Male,99999,0,40,United-States,0.9150631339783549,1
35,Private,589809,Some-college,10,Never-married,Exec-managerial,Not-in-family,White,Male,13550,0,60,United-States,0.9149171373590509,1
28,Self-emp-not-inc,209205,Some-college,10,Married-civ-spouse,Craft-repair,Husband,White,Male,7298,0,40,United-States,0.9148472624883209,0
31,Private,147284,Doctorate,16,Married-civ-spouse,Prof-specialty,Husband,White,Male,0,1977,99,United-States,0.9146775019728884,2
37,Private,200374,Bachelors,13,Married-civ-spouse,Sales,Husband,White,Male,0,1902,40,United-States,0.9143644496718576,0
57,Private,140426,Doctorate,16,Married-civ-spouse,Tech-support,Husband,White,Male,0,1977,40,Germany,0.9143270328055958,1
46,Private,102771,Masters,14,Married-civ-spouse,Tech-support,Husband,White,Male,0,1977,40,United-States,0.9140807641367742,0
54,Self-emp-not-inc,109418,Bachelors,13,Married-civ-spouse,Exec-managerial,Wife,White,Female,0,1977,35,United-States,0.9140416728496469,0
44,Private,247880,Assoc-voc,11,Divorced,Exec-managerial,Not-in-family,White,Male,8614,0,40,United-States,0.9139696727524339,1
40,Private,175935,Bachelors,13,Divorced,Sales,Not-in-family,White,Male,14084,0,40,United-States,0.9135672321375107,1
83,Self-emp-inc,240150,10th,6,Married-civ-spouse,Farming-fishing,Husband,White,Male,20051,0,50,United-States,0.9135094002168512,3
51,Self-emp-inc,210736,HS-grad,9,Never-married,Exec-managerial,Not-in-family,White,Male,10520,0,40,United-States,0.9134744949818875,0
36,Private,272944,Bachelors,13,Married-civ-spouse,Exec-managerial,Husband,White,Male,0,1887,40,United-States,0.9133681692569334,0
32,Private,108116,Bachelors,13,Married-civ-spouse,Exec-managerial,Husband,White,Male,0,1902,60,United-States,0.9132373068262206,0
30,Local-gov,226443,Masters,14,Married-civ-spouse,Prof-specialty,Husband,White,Male,0,1887,45,United-States,0.9132143157397224,0
60,Federal-gov,404023,HS-grad,9,Divorced,Exec-managerial,Not-in-family,White,Male,10520,0,40,United-States,0.9129850488827651,0
34,Private,96483,Assoc-acdm,12,Never-married,Adm-clerical,Not-in-family,Asian-Pac-Islander,Female,8614,0,60,United-States,0.9129230953107446,2
36,Private,145576,Masters,14,Married-civ-spouse,Adm-clerical,Husband,White,Male,0,1977,40,Japan,0.9128425299067969,0
38,Private,217349,Assoc-voc,11,Divorced,Prof-specialty,Not-in-family,White,Female,14344,0,40,United-States,0.9127653777453826,1
45,Private,246891,Bachelors,13,Married-civ-spouse,Sales,Husband,White,Male,0,1902,40,United-States,0.912757070041858,0
43,Private,293305,Bachelors,13,Married-civ-spouse,Sales,Husband,White,Male,0,1887,40,United-States,0.912757070041858,0
46,Private,129007,Bachelors,13,Married-civ-spouse,Sales,Husband,White,Male,0,1977,40,United-States,0.912757070041858,0
57,Private,173832,Bachelors,13,Married-civ-spouse,Sales,Husband,White,Male,0,1902,40,United-States,0.912757070041858,0
31,Private,110643,Bachelors,13,Married-civ-spouse,Exec-managerial,Husband,White,Male,0,1977,55,United-States,0.912467330831338,0
26,Private,256000,Prof-school,15,Married-civ-spouse,Prof-specialty,Husband,White,Male,99999,0,60,United-States,0.9123127689052994,1
48,State-gov,118330,Bachelors,13,Married-civ-spouse,Exec-managerial,Husband,White,Male,5178,0,40,United-States,0.9122182285272057,0
28,Private,119545,Some-college,10,Married-civ-spouse,Exec-managerial,Own-child,White,Male,7688,0,50,United-States,0.9114810969416064,0
42,Private,341204,Assoc-acdm,12,Divorced,Prof-specialty,Unmarried,White,Female,8614,0,40,United-States,0.9112346350703772,1
35,Self-emp-inc,186845,Bachelors,13,Married-civ-spouse,Sales,Own-child,White,Male,5178,0,50,United-States,0.9112002450418336,0
30,Private,164190,Assoc-voc,11,Married-civ-spouse,Prof-specialty,Husband,White,Male,5178,0,52,United-States,0.9107323088107515,0
32,Private,195602,Bachelors,13,Married-civ-spouse,Sales,Husband,White,Male,0,1977,45,United-States,0.9104454676363448,0
63,Self-emp-inc,38472,Some-college,10,Widowed,Sales,Not-in-family,White,Female,14084,0,60,United-States,0.910402319098659,1
65,?,191380,10th,6,Married-civ-spouse,?,Husband,White,Male,9386,0,50,United-States,0.9103513136630662,0
42,Local-gov,174575,Bachelors,13,Married-civ-spouse,Prof-specialty,Husband,White,Male,5178,0,40,United-States,0.9102267625110001,0
40,Federal-gov,298635,Masters,14,Married-civ-spouse,Tech-support,Husband,Asian-Pac-Islander,Male,0,1902,40,Philippines,0.9098875634841477,4
34,Private,275438,Some-college,10,Married-civ-spouse,Prof-specialty,Husband,White,Male,5178,0,40,United-States,0.9097427904800915,0
41,Private,67339,11th,7,Married-civ-spouse,Handlers-cleaners,Husband,White,Male,7688,0,40,United-States,0.909736994407865,0
36,Private,83089,5th-6th,3,Married-civ-spouse,Machine-op-inspct,Husband,White,Male,7298,0,40,Mexico,0.909560922613786,0
30,Private,426431,Masters,14,Never-married,Prof-specialty,Not-in-family,White,Male,10520,0,40,United-States,0.9094336666280142,0
79,Self-emp-inc,97082,12th,8,Widowed,Sales,Not-in-family,White,Male,18481,0,45,United-States,0.9093842068116818,3
53,Self-emp-inc,152810,HS-grad,9,Married-civ-spouse,Craft-repair,Husband,White,Male,5178,0,45,United-States,0.9093599921099357,0
39,Private,209867,Some-college,10,Never-married,Adm-clerical,Not-in-family,White,Female,13550,0,45,United-States,0.9089122777308437,1
78,Self-emp-not-inc,316261,Bachelors,13,Never-married,Exec-managerial,Not-in-family,White,Male,99999,0,20,United-States,0.908855540623827,1
46,Private,241935,11th,7,Married-civ-spouse,Other-service,Husband,Black,Male,7688,0,40,United-States,0.9086944742167342,0
31,Self-emp-not-inc,348038,Bachelors,13,Married-civ-spouse,Prof-specialty,Husband,White,Male,0,1902,50,Puerto-Rico,0.908241865376651,0
45,Private,261278,Bachelors,13,Married-civ-spouse,Prof-specialty,Wife,Asian-Pac-Islander,Female,5178,0,40,Philippines,0.9080862086369695,1
40,Private,119101,Some-college,10,Married-civ-spouse,Craft-repair,Husband,White,Male,5178,0,40,United-States,0.907953607384589,0
47,Private,97883,Bachelors,13,Widowed,Priv-house-serv,Unmarried,White,Female,25236,0,35,United-States,0.9079456216850769,1
39,Private,185520,Some-college,10,Divorced,Exec-managerial,Not-in-family,White,Female,8614,0,40,United-States,0.9078886913756526,1
46,Private,173243,Some-college,10,Married-civ-spouse,Tech-support,Husband,White,Male,5178,0,40,United-States,0.9078224873506661,0
48,?,151584,Some-college,10,Never-married,?,Not-in-family,White,Male,8614,0,60,United-States,0.9077929273823112,1
37,Private,116358,HS-grad,9,Never-married,Craft-repair,Other-relative,Amer-Indian-Eskimo,Male,27828,0,48,United-States,0.9076353386185543,1
30,Private,159187,Bachelors,13,Married-civ-spouse,Prof-specialty,Husband,White,Male,0,1902,55,United-States,0.9075710022168407,0
37,Local-gov,365430,Some-college,10,Married-civ-spouse,Craft-repair,Husband,White,Male,5178,0,40,United-States,0.907228389947455,0
53,?,158352,Masters,14,Never-married,?,Not-in-family,White,Female,8614,0,35,United-States,0.9071826653776686,1
37,Private,219141,11th,7,Married-civ-spouse,Handlers-cleaners,Husband,Black,Male,7688,0,40,United-States,0.907162379124876,0
55,Private,184882,Assoc-voc,11,Married-civ-spouse,Transport-moving,Husband,White,Male,5178,0,50,United-States,0.9071126617053336,0
48,Private,331482,Prof-school,15,Married-civ-spouse,Tech-support,Husband,White,Male,0,1977,40,United-States,0.9070541213758464,0
58,Private,150560,Bachelors,13,Divorced,Adm-clerical,Not-in-family,White,Female,14084,0,40,United-States,0.9069411623682332,1
28,Private,312372,HS-grad,9,Married-civ-spouse,Exec-managerial,Husband,Black,Male,15024,0,40,United-States,0.9069242893579739,0
68,Self-emp-inc,52052,Assoc-voc,11,Widowed,Sales,Not-in-family,White,Female,25124,0,50,United-States,0.9062077660291796,1
63,Private,383058,Bachelors,13,Married-civ-spouse,Sales,Husband,White,Male,0,1848,40,United-States,0.9059854544588941,1
28,Private,176683,Bachelors,13,Married-civ-spouse,Exec-managerial,Husband,White,Male,5178,0,50,United-States,0.905689597172135,0
33,Private,154981,Bachelors,13,Married-civ-spouse,Adm-clerical,Husband,White,Male,0,1902,50,United-States,0.9056043305096038,0
74,Self-emp-not-inc,199136,Bachelors,13,Widowed,Craft-repair,Not-in-family,White,Male,15831,0,8,Germany,0.9054086808715598,2
44,Self-emp-inc,320984,Some-college,10,Married-civ-spouse,Sales,Husband,White,Male,5178,0,60,United-States,0.9052841297194936,0
51,Self-emp-inc,98642,HS-grad,9,Divorced,Exec-managerial,Not-in-family,White,Male,14084,0,40,United-States,0.9047968732476568,1
30,Private,225231,Some-college,10,Divorced,Exec-managerial,Not-in-family,White,Male,8614,0,50,United-States,0.904684236244056,1
39,Self-emp-not-inc,154641,HS-grad,9,Divorced,Farming-fishing,Not-in-family,White,Male,8614,0,50,United-States,0.9046631127808308,1
36,Federal-gov,192443,Some-college,10,Never-married,Exec-managerial,Not-in-family,Black,Male,13550,0,40,United-States,0.9044345543327011,1
46,Private,324655,Masters,14,Married-civ-spouse,Tech-support,Husband,White,Male,0,1902,40,?,0.9043708619390126,0
42,Local-gov,188291,Bachelors,13,Married-civ-spouse,Protective-serv,Husband,White,Male,0,1902,40,United-States,0.9041548616473736,0
31,Local-gov,158291,Bachelors,13,Never-married,Craft-repair,Not-in-family,White,Male,8614,0,40,United-States,0.9039860671439789,1
36,Private,225516,Assoc-acdm,12,Never-married,Sales,Not-in-family,Black,Male,10520,0,43,United-States,0.9038438057712208,0
36,Federal-gov,186934,Bachelors,13,Married-civ-spouse,Adm-clerical,Husband,White,Male,0,1848,55,United-States,0.9036232330226032,1
36,Private,175232,HS-grad,9,Married-civ-spouse,Craft-repair,Husband,White,Male,5178,0,40,United-States,0.9032875760398892,0
32,Private,106014,Some-college,10,Married-civ-spouse,Sales,Husband,White,Male,5178,0,50,United-States,0.9032759838954363,0
39,Private,218490,Bachelors,13,Married-civ-spouse,Sales,Husband,White,Male,0,1848,40,United-States,0.9026400259705897,1
36,Private,33394,Bachelors,13,Married-civ-spouse,Sales,Husband,White,Male,0,1887,35,United-States,0.9024802475795473,0
52,State-gov,125796,Masters,14,Married-civ-spouse,Prof-specialty,Wife,Black,Female,0,1848,40,United-States,0.9024553888697759,2
47,Private,201699,Assoc-acdm,12,Married-civ-spouse,Sales,Husband,White,Male,5178,0,50,United-States,0.9024529416392804,0
47,Private,160187,HS-grad,9,Separated,Prof-specialty,Other-relative,Black,Female,14084,0,38,United-States,0.9023475175255615,1
32,Private,95885,11th,7,Never-married,Craft-repair,Not-in-family,Amer-Indian-Eskimo,Male,13550,0,60,United-States,0.9023238180302355,1
43,Private,112763,HS-grad,9,Never-married,Adm-clerical,Unmarried,White,Female,8614,0,43,United-States,0.9019472021371213,1
37,Private,241998,Bachelors,13,Married-civ-spouse,Tech-support,Husband,White,Male,0,1977,40,United-States,0.9017463360340736,0
39,Federal-gov,99146,Bachelors,13,Married-civ-spouse,Protective-serv,Husband,White,Male,0,1887,60,United-States,0.901563952961348,0
32,Self-emp-inc,244665,HS-grad,9,Married-civ-spouse,Craft-repair,Husband,White,Male,5178,0,45,United-States,0.9015521676144875,0
29,Private,122127,Bachelors,13,Never-married,Prof-specialty,Not-in-family,White,Female,8614,0,40,United-States,0.9014747578498632,1
34,Federal-gov,190228,Bachelors,13,Married-civ-spouse,Protective-serv,Husband,White,Male,0,1902,48,United-States,0.9013532979363178,0
67,?,129188,Doctorate,16,Married-civ-spouse,?,Husband,White,Male,20051,0,5,United-States,0.900816388445741,2
51,Private,102615,Masters,14,Married-civ-spouse,Protective-serv,Husband,White,Male,0,1977,40,United-States,0.9007418123164274,0
77,?,28678,Masters,14,Married-civ-spouse,?,Husband,White,Male,9386,0,6,United-States,0.9004156222516833,1
45,Private,89028,HS-grad,9,Divorced,Craft-repair,Not-in-family,Asian-Pac-Islander,Male,10520,0,40,United-States,0.9002553930550231,0
31,Private,1033222,Bachelors,13,Never-married,Adm-clerical,Not-in-family,White,Male,8614,0,40,United-States,0.9002132105293751,2
38,Private,179117,Assoc-acdm,12,Never-married,Machine-op-inspct,Not-in-family,Black,Female,10520,0,50,United-States,0.9001826845489824,0
34,Private,223212,Bachelors,13,Married-civ-spouse,Prof-specialty,Husband,White,Male,0,1848,40,Peru,0.899935063463308,1
64,Private,60940,HS-grad,9,Widowed,Sales,Not-in-family,White,Female,8614,0,50,France,0.8999078219238437,1
28,Private,233796,Some-college,10,Married-civ-spouse,Adm-clerical,Wife,White,Female,7298,0,32,United-States,0.8993203578032918,0
32,Private,317378,Bachelors,13,Never-married,Exec-managerial,Own-child,White,Female,10520,0,40,United-States,0.8991161428585132,0
65,Private,344152,Masters,14,Married-civ-spouse,Prof-specialty,Husband,White,Male,5556,0,50,United-States,0.8987251011856353,1
67,Self-emp-inc,411007,HS-grad,9,Widowed,Exec-managerial,Not-in-family,White,Female,15831,0,40,United-States,0.8985328647901247,1
33,Federal-gov,331615,Doctorate,16,Married-civ-spouse,Prof-specialty,Husband,White,Male,0,1848,40,United-States,0.8982636050348048,1
30,Self-emp-not-inc,115932,HS-grad,9,Never-married,Craft-repair,Not-in-family,White,Male,99999,0,50,United-States,0.8982041630940825,1
48,State-gov,120131,HS-grad,9,Divorced,Craft-repair,Own-child,White,Male,8614,0,40,United-States,0.8977767993685856,1
58,Federal-gov,72998,11th,7,Divorced,Craft-repair,Not-in-family,Black,Female,14084,0,40,United-States,0.8977693288754938,1
42,Private,94600,HS-grad,9,Married-civ-spouse,Craft-repair,Husband,White,Male,5178,0,40,United-States,0.8974795252641712,0
33,Private,59083,Bachelors,13,Married-civ-spouse,Adm-clerical,Husband,White,Male,0,1902,45,United-States,0.8967993883887986,0
34,Private,50276,Bachelors,13,Never-married,Sales,Not-in-family,White,Male,27828,0,40,United-States,0.896013440994892,1
32,Private,295589,Masters,14,Married-civ-spouse,Exec-managerial,Husband,Black,Male,0,1977,40,United-States,0.8958479953332281,1
33,Self-emp-not-inc,170979,Prof-school,15,Married-civ-spouse,Prof-specialty,Husband,White,Male,0,1887,40,United-States,0.895697619459353,0
69,Self-emp-not-inc,185039,HS-grad,9,Married-civ-spouse,Exec-managerial,Husband,White,Male,9386,0,12,United-States,0.8953432862439094,0
39,Private,174924,HS-grad,9,Separated,Exec-managerial,Not-in-family,White,Male,14344,0,40,United-States,0.8948133964408068,1
34,Private,195136,Bachelors,13,Married-civ-spouse,Prof-specialty,Wife,White,Female,0,1887,40,United-States,0.8947646450333021,0
38,Private,172538,Bachelors,13,Married-civ-spouse,Tech-support,Husband,White,Male,0,1977,40,United-States,0.8947181476538855,0
39,Private,165215,Masters,14,Married-civ-spouse,Prof-specialty,Wife,White,Female,0,1902,18,United-States,0.8945275856792403,1
44,Self-emp-not-inc,274562,HS-grad,9,Never-married,Craft-repair,Not-in-family,White,Male,14344,0,40,United-States,0.8941386692328455,1
80,?,29020,Prof-school,15,Married-civ-spouse,?,Husband,White,Male,10605,0,10,United-States,0.8940561074040199,1
33,State-gov,208785,Some-college,10,Separated,Prof-specialty,Not-in-family,White,Male,10520,0,40,United-States,0.8939084363638504,0
55,Private,408537,9th,5,Divorced,Craft-repair,Unmarried,White,Female,99999,0,37,United-States,0.8936498027409457,1
35,Private,282979,HS-grad,9,Married-civ-spouse,Sales,Husband,White,Male,5178,0,50,United-States,0.8935182963022078,0
42,Private,230959,Bachelors,13,Married-civ-spouse,Adm-clerical,Wife,Asian-Pac-Islander,Female,0,1887,40,Philippines,0.8935101174002883,1
37,Private,538443,HS-grad,9,Divorced,Craft-repair,Not-in-family,White,Male,14344,0,40,United-States,0.8932058880092022,1
36,Private,183892,HS-grad,9,Divorced,Transport-moving,Not-in-family,White,Male,8614,0,45,United-States,0.8926492718730554,1
48,Local-gov,31264,Some-college,10,Married-civ-spouse,Exec-managerial,Wife,White,Female,5178,0,40,United-States,0.8919349381715467,0
31,Private,201122,Bachelors,13,Married-civ-spouse,Sales,Husband,White,Male,0,1902,45,United-States,0.891785979115327,0
43,Private,339814,Some-college,10,Married-civ-spouse,Prof-specialty,Husband,White,Male,5178,0,40,United-States,0.8915497569716978,0
75,?,111177,Bachelors,13,Widowed,?,Not-in-family,White,Female,25124,0,16,United-States,0.8912350946506041,1
30,Private,315640,Doctorate,16,Married-civ-spouse,Prof-specialty,Husband,Asian-Pac-Islander,Male,0,1977,40,China,0.8909018204975833,4
31,Private,467579,Bachelors,13,Married-civ-spouse,Exec-managerial,Husband,Black,Male,0,1887,40,United-States,0.8905689327493775,1
37,Private,103121,Bachelors,13,Married-civ-spouse,Exec-managerial,Wife,White,Female,0,1848,40,United-States,0.8904923601951859,1
47,Private,187440,HS-grad,9,Married-civ-spouse,Craft-repair,Husband,White,Male,5178,0,40,United-States,0.890264896560699,0
57,Self-emp-inc,258883,HS-grad,9,Married-civ-spouse,Transport-moving,Husband,White,Male,5178,0,60,Hungary,0.8900580411830172,0
29,Private,157612,Bachelors,13,Never-married,Prof-specialty,Not-in-family,White,Female,14344,0,40,United-States,0.8900479946578247,1
39,Self-emp-inc,543042,HS-grad,9,Married-civ-spouse,Craft-repair,Husband,White,Male,5178,0,50,United-States,0.8894519008297356,0
35,Private,105821,HS-grad,9,Married-civ-spouse,Exec-managerial,Husband,White,Male,5178,0,40,United-States,0.8892546411716287,0
44,Private,343591,HS-grad,9,Divorced,Craft-repair,Not-in-family,White,Female,14344,0,40,United-States,0.8892249524016688,1
71,?,35303,Bachelors,13,Married-civ-spouse,?,Husband,White,Male,9386,0,30,United-States,0.8890344548278262,0
72,?,33608,Some-college,10,Married-civ-spouse,?,Husband,White,Male,9386,0,30,United-States,0.8889327659606532,0
50,Self-emp-not-inc,155118,HS-grad,9,Divorced,Exec-managerial,Not-in-family,White,Female,99999,0,35,United-States,0.8885736670858234,1
51,Self-emp-not-inc,111283,HS-grad,9,Divorced,Exec-managerial,Not-in-family,White,Female,99999,0,35,United-States,0.8885736670858234,1
28,Private,378460,Bachelors,13,Never-married,Adm-clerical,Not-in-family,White,Male,10520,0,60,United-States,0.8875770646668866,0
40,Private,46990,Doctorate,16,Married-civ-spouse,Prof-specialty,Wife,White,Female,0,1977,20,United-States,0.8874724777636004,1
39,Private,134367,Masters,14,Married-civ-spouse,Prof-specialty,Wife,White,Female,0,1977,24,United-States,0.8868444411374633,0
25,Private,99126,Assoc-voc,11,Married-civ-spouse,Prof-specialty,Wife,White,Female,7688,0,40,United-States,0.8864879182947341,0
28,Federal-gov,163862,Bachelors,13,Married-civ-spouse,Exec-managerial,Husband,White,Male,5178,0,40,United-States,0.8863799825497171,0
32,State-gov,182556,Bachelors,13,Married-civ-spouse,Protective-serv,Husband,White,Male,0,1887,45,United-States,0.8860171484283413,0
67,Local-gov,190661,Doctorate,16,Never-married,Prof-specialty,Not-in-family,White,Female,7896,0,50,United-States,0.8857397741719044,1
62,Private,122246,Some-college,10,Never-married,Craft-repair,Not-in-family,White,Female,8614,0,39,United-States,0.8856818134496399,1
63,Self-emp-not-inc,29859,7th-8th,4,Married-civ-spouse,Farming-fishing,Husband,White,Male,7688,0,60,United-States,0.8848157514574033,1
36,Private,337039,Assoc-acdm,12,Never-married,Tech-support,Not-in-family,Black,Male,14344,0,40,England,0.8843185128611764,1
27,Self-emp-not-inc,37302,Assoc-acdm,12,Married-civ-spouse,Transport-moving,Husband,White,Male,7688,0,70,United-States,0.8842567524915634,1
36,Private,226013,HS-grad,9,Married-civ-spouse,Machine-op-inspct,Husband,Black,Male,5178,0,40,United-States,0.8841750922739731,0
28,Private,119793,Assoc-voc,11,Divorced,Exec-managerial,Not-in-family,White,Male,10520,0,50,United-States,0.8837034851971476,0
36,Private,189404,Bachelors,13,Married-civ-spouse,Sales,Husband,White,Male,0,1977,35,United-States,0.883671349196692,0
26,Private,180246,Some-college,10,Married-civ-spouse,Exec-managerial,Husband,White,Male,7688,0,40,United-States,0.8835825404900223,0
31,Private,132996,HS-grad,9,Married-civ-spouse,Prof-specialty,Husband,White,Male,5178,0,45,United-States,0.8835276710062786,0
50,Private,88926,HS-grad,9,Married-civ-spouse,Adm-clerical,Wife,White,Female,5178,0,40,United-States,0.8834206368724968,0
61,Private,81132,5th-6th,3,Married-civ-spouse,Handlers-cleaners,Husband,Asian-Pac-Islander,Male,7298,0,40,Philippines,0.88339307332902,5
41,Self-emp-not-inc,186909,Masters,14,Married-civ-spouse,Sales,Wife,White,Female,0,1902,35,United-States,0.8833926869242048,0
39,Private,128715,HS-grad,9,Divorced,Adm-clerical,Not-in-family,White,Male,10520,0,40,United-States,0.8827441708428676,0
54,Federal-gov,75235,HS-grad,9,Married-civ-spouse,Exec-managerial,Husband,White,Male,5178,0,40,United-States,0.8823729002163622,0
55,Private,162205,HS-grad,9,Married-civ-spouse,Transport-moving,Husband,White,Male,5178,0,72,United-States,0.8811759469007978,0
69,?,254834,Bachelors,13,Married-civ-spouse,?,Husband,White,Male,10605,0,10,United-States,0.8805444326313248,0
65,State-gov,209280,Masters,14,Married-civ-spouse,Prof-specialty,Husband,White,Male,6514,0,35,United-States,0.8802482533405532,1
39,Local-gov,344855,Masters,14,Married-civ-spouse,Prof-specialty,Wife,White,Female,0,1977,20,United-States,0.8793083236278305,1
45,Private,363677,Doctorate,16,Married-civ-spouse,Prof-specialty,Wife,White,Female,0,1977,30,United-States,0.8792691679399007,0
31,Private,118710,Masters,14,Married-civ-spouse,Tech-support,Husband,White,Male,0,1902,40,United-States,0.8790051246495847,0
41,Federal-gov,168294,HS-grad,9,Married-civ-spouse,Adm-clerical,Husband,White,Male,5178,0,40,United-States,0.8788969313013577,0
29,Private,124680,Bachelors,13,Never-married,Sales,Not-in-family,White,Female,13550,0,35,United-States,0.8787139686214094,1
54,Private,206369,HS-grad,9,Married-civ-spouse,Machine-op-inspct,Husband,White,Male,5178,0,50,United-States,0.8786614175665562,0
52,Private,146567,HS-grad,9,Divorced,Machine-op-inspct,Not-in-family,Black,Male,14344,0,40,United-States,0.8784935890751993,1
50,Private,138179,Assoc-acdm,12,Married-civ-spouse,Craft-repair,Husband,White,Male,0,1902,40,United-States,0.8783754136025822,0
29,Private,236436,Assoc-acdm,12,Never-married,Prof-specialty,Not-in-family,White,Female,8614,0,40,United-States,0.878220529672531,1
55,?,141807,HS-grad,9,Never-married,?,Not-in-family,White,Male,13550,0,40,United-States,0.878180987579786,1
69,Self-emp-inc,169717,Bachelors,13,Married-civ-spouse,Exec-managerial,Husband,White,Male,6418,0,45,United-States,0.8779662753041974,1
48,?,175653,Assoc-acdm,12,Divorced,?,Not-in-family,White,Female,14084,0,40,United-States,0.877281179567031,1
31,Private,37546,Bachelors,13,Married-civ-spouse,Exec-managerial,Wife,White,Female,0,1902,35,United-States,0.8771219163824087,0
32,Private,127610,Bachelors,13,Married-civ-spouse,Prof-specialty,Wife,White,Female,0,1902,32,United-States,0.8770411577760534,0
32,Private,107843,HS-grad,9,Married-civ-spouse,Machine-op-inspct,Husband,White,Male,5178,0,50,United-States,0.8767791753114179,0
32,Private,194740,Bachelors,13,Married-civ-spouse,Sales,Husband,White,Male,0,1902,40,United-States,0.875913950529614,0
35,Private,252897,Assoc-acdm,12,Never-married,Adm-clerical,Not-in-family,White,Female,14344,0,40,United-States,0.8757992527003328,1
69,Self-emp-inc,107850,Masters,14,Married-civ-spouse,Exec-managerial,Husband,White,Male,6514,0,40,United-States,0.8753539855517364,1
33,Private,238381,Some-college,10,Never-married,Craft-repair,Not-in-family,Black,Male,8614,0,40,United-States,0.875304654537009,1
42,Private,230684,HS-grad,9,Married-civ-spouse,Sales,Husband,White,Male,5178,0,50,United-States,0.8748244821534489,0
49,Self-emp-not-inc,107597,HS-grad,9,Divorced,Exec-managerial,Unmarried,White,Female,14084,0,30,United-States,0.8746120883067507,1
67,Private,257557,7th-8th,4,Married-civ-spouse,Transport-moving,Husband,Black,Male,10566,0,40,United-States,0.874153296989626,0
40,Private,199900,Assoc-acdm,12,Married-civ-spouse,Exec-managerial,Husband,White,Male,0,1848,55,United-States,0.8741064132053943,1
47,Private,70943,HS-grad,9,Married-civ-spouse,Machine-op-inspct,Husband,White,Male,5178,0,40,United-States,0.8733625839363331,0
47,Local-gov,200471,HS-grad,9,Married-civ-spouse,Transport-moving,Husband,White,Male,5178,0,40,United-States,0.8733625839363331,0
36,Private,201769,11th,7,Never-married,Protective-serv,Not-in-family,Black,Male,13550,0,40,United-States,0.8729294241386099,1
67,Private,105252,Some-college,10,Divorced,Adm-clerical,Not-in-family,White,Male,7978,0,35,United-States,0.8720421098815428,1
31,Private,151053,Some-college,10,Married-civ-spouse,Transport-moving,Husband,White,Male,5178,0,40,United-States,0.8715196261707296,0
44,Private,147110,Some-college,10,Divorced,Adm-clerical,Own-child,White,Male,14344,0,40,United-States,0.8712924845402553,1
33,Local-gov,173005,Bachelors,13,Married-civ-spouse,Adm-clerical,Husband,White,Male,0,1848,45,United-States,0.871255132074796,1
26,Private,94477,Some-college,10,Married-civ-spouse,Transport-moving,Husband,White,Male,7298,0,55,United-States,0.8708241619043582,0
35,Private,182898,HS-grad,9,Never-married,Adm-clerical,Not-in-family,White,Male,8614,0,40,United-States,0.8702864152033487,1
65,?,115513,Bachelors,13,Married-civ-spouse,?,Husband,White,Male,5556,0,48,United-States,0.8700910231685148,1
41,State-gov,108945,HS-grad,9,Never-married,Transport-moving,Not-in-family,White,Female,14344,0,40,United-States,0.869214592647073,1
30,Private,167309,Bachelors,13,Married-civ-spouse,Adm-clerical,Husband,White,Male,0,1902,40,United-States,0.8691897339373018,0
29,Private,46442,Bachelors,13,Married-civ-spouse,Prof-specialty,Wife,White,Female,0,1902,50,United-States,0.868584946000873,0
37,Private,187589,HS-grad,9,Married-civ-spouse,Handlers-cleaners,Husband,White,Male,5178,0,40,United-States,0.8685123662964374,0
32,Private,168854,Bachelors,13,Married-civ-spouse,Sales,Husband,White,Male,0,1848,50,United-States,0.8683191638888891,1
37,Private,125550,HS-grad,9,Never-married,Tech-support,Not-in-family,White,Female,14084,0,35,United-States,0.8682623623810698,1
35,Private,127306,Assoc-voc,11,Never-married,Adm-clerical,Own-child,White,Female,14344,0,40,United-States,0.8681944195344153,1
35,Private,99357,Bachelors,13,Married-civ-spouse,Exec-managerial,Wife,White,Female,0,1977,30,United-States,0.8681305339383194,0
37,Self-emp-not-inc,32239,HS-grad,9,Divorced,Farming-fishing,Not-in-family,White,Male,27828,0,40,United-States,0.8677116711187546,1
28,Private,183151,11th,7,Married-civ-spouse,Handlers-cleaners,Husband,White,Male,7688,0,40,United-States,0.8673126437463647,0
69,Private,182862,HS-grad,9,Never-married,Transport-moving,Not-in-family,White,Male,15831,0,40,United-States,0.8665182598473286,1
31,State-gov,181824,Bachelors,13,Married-civ-spouse,Prof-specialty,Wife,White,Female,0,1902,35,United-States,0.8663781237010535,0
31,Private,340917,HS-grad,9,Never-married,Craft-repair,Unmarried,White,Male,14344,0,40,United-States,0.8663230610149022,1
26,Private,247455,Bachelors,13,Married-civ-spouse,Sales,Wife,White,Female,5178,0,42,United-States,0.8650593240671286,0
50,Local-gov,153064,HS-grad,9,Married-civ-spouse,Exec-managerial,Husband,White,Male,5178,0,40,United-States,0.8647901931134138,0
32,Private,175856,Bachelors,13,Married-civ-spouse,Tech-support,Husband,White,Male,0,1902,40,United-States,0.8631428205850517,0
34,Private,160261,HS-grad,9,Never-married,Tech-support,Own-child,Asian-Pac-Islander,Male,14084,0,35,China,0.8628830277477016,2
51,Federal-gov,97934,Bachelors,13,Married-civ-spouse,Farming-fishing,Husband,White,Male,5178,0,40,United-States,0.8625693958394481,0
25,Private,161027,Bachelors,13,Married-civ-spouse,Tech-support,Husband,White,Male,5178,0,40,United-States,0.8622158354336348,0
54,Private,135388,HS-grad,9,Married-civ-spouse,Craft-repair,Husband,White,Male,5178,0,40,United-States,0.8621940679623843,0
50,Self-emp-inc,167793,Prof-school,15,Married-civ-spouse,Prof-specialty,Husband,White,Male,0,2415,60,United-States,0.860925629756027,1
56,Self-emp-not-inc,163212,HS-grad,9,Widowed,Adm-clerical,Unmarried,White,Female,99999,0,40,United-States,0.8572308913148752,1
36,Private,186035,11th,7,Married-civ-spouse,Craft-repair,Husband,White,Male,5178,0,40,United-States,0.8569417961123804,0
29,Private,176037,Assoc-voc,11,Divorced,Tech-support,Not-in-family,Black,Male,14344,0,40,United-States,0.85691056172316,1
44,Private,216907,Assoc-acdm,12,Married-civ-spouse,Craft-repair,Husband,White,Male,0,1848,40,United-States,0.8563111834541427,1
32,Private,231043,HS-grad,9,Married-civ-spouse,Craft-repair,Husband,White,Male,5178,0,48,United-States,0.8562426610002655,0
45,Private,186272,9th,5,Married-civ-spouse,Adm-clerical,Husband,Black,Male,5178,0,40,United-States,0.856164993632431,0
60,Self-emp-inc,336188,Prof-school,15,Married-civ-spouse,Prof-specialty,Husband,White,Male,0,2415,80,United-States,0.8561260311469089,3
55,Private,61708,HS-grad,9,Married-civ-spouse,Adm-clerical,Husband,White,Male,6418,0,50,United-States,0.8556374866590216,1
46,Self-emp-not-inc,198759,Prof-school,15,Married-civ-spouse,Prof-specialty,Husband,White,Male,0,2415,80,United-States,0.85551100348288,1
51,Self-emp-not-inc,174824,HS-grad,9,Never-married,Farming-fishing,Not-in-family,White,Male,8614,0,40,United-States,0.8549295930377645,1
55,Private,124808,Assoc-voc,11,Married-civ-spouse,Prof-specialty,Husband,White,Male,0,1977,50,Germany,0.8547468235602238,0
31,Self-emp-not-inc,325355,Bachelors,13,Married-civ-spouse,Exec-managerial,Wife,White,Female,0,1902,40,United-States,0.8546643261322007,0
66,Private,146454,Some-college,10,Married-civ-spouse,Sales,Husband,White,Male,5556,0,40,United-States,0.8544840038851556,1
46,Private,456062,Doctorate,16,Married-civ-spouse,Prof-specialty,Husband,White,Male,0,2415,55,United-States,0.8540594093941668,1
35,Self-emp-not-inc,225399,HS-grad,9,Never-married,Machine-op-inspct,Own-child,White,Male,8614,0,40,United-States,0.8539563681101411,1
45,Private,341995,Assoc-voc,11,Married-civ-spouse,Prof-specialty,Husband,White,Male,0,1902,42,United-States,0.8539460639817384,0
39,Self-emp-not-inc,218490,Prof-school,15,Married-civ-spouse,Prof-specialty,Husband,White,Male,0,2415,50,?,0.8529919016916598,1
29,Local-gov,190525,Bachelors,13,Married-civ-spouse,Prof-specialty,Husband,White,Male,0,1848,60,Germany,0.8529760590942408,1
47,Self-emp-inc,102308,Prof-school,15,Married-civ-spouse,Prof-specialty,Husband,White,Male,0,2415,45,United-States,0.8529442450977979,1
45,Private,84298,Assoc-voc,11,Married-civ-spouse,Exec-managerial,Husband,White,Male,0,1977,50,United-States,0.8527675292956937,0
46,Self-emp-inc,191978,Masters,14,Married-civ-spouse,Exec-managerial,Husband,White,Male,0,2392,50,United-States,0.8526282303598514,0
41,Local-gov,297248,Prof-school,15,Married-civ-spouse,Prof-specialty,Husband,White,Male,0,2415,45,United-States,0.8526084593134788,1
42,Self-emp-inc,187702,Prof-school,15,Married-civ-spouse,Prof-specialty,Husband,White,Male,0,2415,60,United-States,0.8526084593134788,1
24,Private,585203,Bachelors,13,Married-civ-spouse,Exec-managerial,Wife,White,Female,7688,0,45,United-States,0.8523821548934373,1
43,Private,266439,Bachelors,13,Married-civ-spouse,Machine-op-inspct,Husband,White,Male,0,1887,40,United-States,0.8521821260008222,0
28,Private,78870,Bachelors,13,Never-married,Sales,Not-in-family,White,Male,8614,0,40,United-States,0.8520975033463161,1
37,Private,329980,Masters,14,Married-civ-spouse,Exec-managerial,Husband,White,Male,0,2415,60,United-States,0.8520604728848693,0
32,Private,29933,HS-grad,9,Married-civ-spouse,Machine-op-inspct,Husband,White,Male,5178,0,40,United-States,0.851927292025266,0
39,Private,198654,Prof-school,15,Married-civ-spouse,Prof-specialty,Husband,Asian-Pac-Islander,Male,0,2415,67,India,0.8517260395174031,4
29,Private,87905,HS-grad,9,Divorced,Other-service,Not-in-family,White,Male,10520,0,40,United-States,0.8516561002458707,0
64,?,159938,HS-grad,9,Divorced,?,Not-in-family,White,Male,8614,0,40,United-States,0.8511662677419332,1
37,Private,270059,Some-college,10,Divorced,Adm-clerical,Unmarried,White,Female,25236,0,25,United-States,0.8510634196603148,1
39,Private,201410,Bachelors,13,Married-civ-spouse,Transport-moving,Husband,White,Male,0,1977,45,Philippines,0.8508561134770155,0
59,Private,81929,Doctorate,16,Married-civ-spouse,Prof-specialty,Husband,White,Male,0,2415,45,United-States,0.8507669827663332,1
43,Federal-gov,156996,Prof-school,15,Married-civ-spouse,Prof-specialty,Husband,Asian-Pac-Islander,Male,0,2415,55,?,0.8499803913644014,4
39,Private,248011,Assoc-voc,11,Married-civ-spouse,Machine-op-inspct,Husband,White,Male,5178,0,40,United-States,0.8498095360353262,0
53,Private,195813,5th-6th,3,Married-civ-spouse,Craft-repair,Husband,Other,Male,5178,0,40,Puerto-Rico,0.8497370851324956,3
25,Private,163620,HS-grad,9,Married-civ-spouse,Exec-managerial,Husband,White,Male,7298,0,84,United-States,0.849540855887229,1
52,Private,218550,Some-college,10,Married-spouse-absent,Adm-clerical,Not-in-family,White,Female,14084,0,16,United-States,0.8494816715497167,1
39,Federal-gov,30916,Some-college,10,Married-civ-spouse,Exec-managerial,Husband,White,Male,0,1902,50,United-States,0.8491392524827386,0
74,Private,129879,HS-grad,9,Widowed,Adm-clerical,Not-in-family,White,Female,15831,0,40,United-States,0.8487489836194909,1
55,Self-emp-inc,298449,Bachelors,13,Married-civ-spouse,Exec-managerial,Husband,White,Male,0,2415,50,United-States,0.8486775631295005,0
64,Self-emp-inc,161325,Assoc-acdm,12,Married-civ-spouse,Sales,Husband,White,Male,0,1887,50,United-States,0.8485817347353566,0
68,State-gov,235882,Doctorate,16,Married-civ-spouse,Prof-specialty,Husband,White,Male,0,2377,60,United-States,0.8484409545810564,2
57,Private,64960,Assoc-voc,11,Married-civ-spouse,Prof-specialty,Husband,White,Male,0,1902,45,United-States,0.8484084965765882,0
40,Private,160369,Masters,14,Married-civ-spouse,Exec-managerial,Husband,White,Male,0,2415,45,United-States,0.8482672012158678,0
44,Self-emp-inc,191712,Masters,14,Married-civ-spouse,Prof-specialty,Husband,White,Male,0,2415,55,United-States,0.847716059147935,0
44,Private,340885,Bachelors,13,Married-civ-spouse,Machine-op-inspct,Husband,White,Male,0,1977,40,United-States,0.8476117298478589,0
44,Self-emp-not-inc,343190,Some-college,10,Married-civ-spouse,Craft-repair,Husband,White,Male,0,1887,55,United-States,0.8475488746646032,0
38,Private,159179,Some-college,10,Married-civ-spouse,Exec-managerial,Husband,White,Male,0,1902,50,United-States,0.8473992071995557,0
40,Private,207578,Assoc-acdm,12,Married-civ-spouse,Tech-support,Husband,White,Male,0,1977,60,United-States,0.8469597361231858,0
39,Private,80324,Some-college,10,Married-civ-spouse,Exec-managerial,Husband,White,Male,0,1977,62,United-States,0.8465380396683103,0
61,Private,115023,Assoc-voc,11,Married-civ-spouse,Craft-repair,Husband,White,Male,0,1887,60,United-States,0.845947162305225,0
38,Private,187870,Prof-school,15,Married-civ-spouse,Prof-specialty,Husband,White,Male,0,2415,90,United-States,0.8456874982694801,1
42,Private,173704,Some-college,10,Married-civ-spouse,Sales,Husband,White,Male,0,1887,50,United-States,0.8450065241836747,0
27,Private,224105,HS-grad,9,Married-civ-spouse,Machine-op-inspct,Husband,White,Male,7298,0,40,United-States,0.8434788083463876,0
37,Private,109133,Assoc-acdm,12,Married-civ-spouse,Sales,Husband,White,Male,0,1977,45,United-States,0.8433295916869576,0
45,Private,33300,Assoc-voc,11,Married-civ-spouse,Sales,Husband,White,Male,0,1977,50,United-States,0.8431822426508009,0
49,Private,142287,Some-college,10,Married-civ-spouse,Adm-clerical,Husband,White,Male,0,1902,50,United-States,0.8429955447243066,0
33,?,369386,Some-college,10,Married-civ-spouse,?,Wife,White,Female,5178,0,40,United-States,0.84268951211075,0
51,Private,230858,Some-college,10,Married-civ-spouse,Craft-repair,Husband,White,Male,0,1977,60,United-States,0.8425945209270388,0
65,Private,90377,Assoc-voc,11,Married-civ-spouse,Farming-fishing,Husband,White,Male,6767,0,60,United-States,0.8420326239250857,1
36,Private,86459,Assoc-voc,11,Married-civ-spouse,Exec-managerial,Husband,White,Male,0,1887,50,United-States,0.841597660904892,0
56,Private,189975,Some-college,10,Married-civ-spouse,Craft-repair,Husband,White,Male,0,1902,60,United-States,0.8414007876516002,0
59,Self-emp-inc,122390,Some-college,10,Married-civ-spouse,Exec-managerial,Husband,White,Male,0,1977,48,United-States,0.8411708123858151,0
70,Self-emp-inc,207938,Bachelors,13,Married-civ-spouse,Exec-managerial,Husband,White,Male,0,2377,50,United-States,0.8409952557981563,0
51,Private,337195,Some-college,10,Married-civ-spouse,Sales,Husband,White,Male,0,1902,50,United-States,0.8409480500099119,0
28,Private,167336,Some-college,10,Never-married,Exec-managerial,Not-in-family,White,Female,10520,0,40,United-States,0.840904128662596,0
54,Self-emp-not-inc,278230,Some-college,10,Divorced,Farming-fishing,Unmarried,White,Female,10520,0,30,United-States,0.8406637204668033,0
56,Self-emp-not-inc,39380,Some-college,10,Married-spouse-absent,Farming-fishing,Not-in-family,White,Female,27828,0,20,United-States,0.8406457526429013,1
68,State-gov,202699,Masters,14,Married-civ-spouse,Prof-specialty,Husband,White,Male,0,2377,42,?,0.8402349399236511,1
50,?,204577,Bachelors,13,Married-civ-spouse,?,Husband,Black,Male,0,1902,60,United-States,0.8398514331446676,1
45,Local-gov,374450,HS-grad,9,Married-civ-spouse,Transport-moving,Wife,White,Female,5178,0,40,United-States,0.8396318264080876,0
63,Self-emp-not-inc,35021,Bachelors,13,Married-civ-spouse,Prof-specialty,Husband,Asian-Pac-Islander,Male,0,1977,32,China,0.8394943306947158,4
58,Private,314092,Assoc-voc,11,Married-civ-spouse,Craft-repair,Husband,White,Male,0,1887,48,United-States,0.8394780372916792,0
58,Private,250206,10th,6,Married-civ-spouse,Craft-repair,Husband,White,Male,5178,0,40,United-States,0.8387709164800523,0
27,Private,211032,Preschool,1,Married-civ-spouse,Farming-fishing,Other-relative,White,Male,41310,0,24,Mexico,0.83830169223292,4
71,Self-emp-inc,66624,Bachelors,13,Married-civ-spouse,Exec-managerial,Husband,White,Male,0,2392,60,United-States,0.8382535204326379,1
54,Self-emp-inc,206964,Some-college,10,Married-civ-spouse,Sales,Husband,White,Male,0,1977,40,United-States,0.8374025926289925,0
43,Private,196545,Bachelors,13,Married-civ-spouse,Machine-op-inspct,Husband,White,Male,0,1902,40,United-States,0.8372782990801364,0
52,Private,23780,Assoc-voc,11,Married-civ-spouse,Exec-managerial,Husband,White,Male,0,1977,45,United-States,0.8372432006427651,0
28,Local-gov,250135,Masters,14,Married-civ-spouse,Prof-specialty,Wife,White,Female,0,1902,55,United-States,0.8371514294991796,0
61,Federal-gov,229062,Some-college,10,Married-civ-spouse,Adm-clerical,Husband,White,Male,0,1887,40,United-States,0.8371259267813833,0
42,Self-emp-not-inc,157562,Bachelors,13,Married-civ-spouse,Farming-fishing,Husband,White,Male,0,1902,80,United-States,0.8370905063399995,1
42,Private,154374,Bachelors,13,Married-civ-spouse,Exec-managerial,Husband,White,Male,0,2415,60,United-States,0.8368562162204458,0
37,Private,265737,Some-college,10,Married-civ-spouse,Exec-managerial,Husband,Black,Male,0,1887,60,Cuba,0.8368191213581966,1
55,Self-emp-inc,227856,Bachelors,13,Married-civ-spouse,Exec-managerial,Husband,White,Male,0,2415,50,United-States,0.8368066276025085,0
41,Private,132222,Prof-school,15,Married-civ-spouse,Prof-specialty,Husband,White,Male,0,2415,40,United-States,0.8366608885864145,0
47,Private,148995,Bachelors,13,Married-civ-spouse,Exec-managerial,Husband,White,Male,0,2415,60,United-States,0.8366469136122685,0
40,Private,153238,Bachelors,13,Married-civ-spouse,Exec-managerial,Husband,White,Male,0,1902,32,United-States,0.8351982819604711,0
55,Private,323706,Some-college,10,Married-civ-spouse,Exec-managerial,Husband,White,Male,0,1902,40,United-States,0.8348814944128944,0
75,Self-emp-not-inc,309955,Prof-school,15,Married-civ-spouse,Prof-specialty,Husband,White,Male,0,2174,50,United-States,0.8346234403972123,1
42,?,212206,Masters,14,Married-civ-spouse,?,Wife,White,Female,0,1887,48,United-States,0.8342714900114617,0
33,Self-emp-inc,117963,Assoc-acdm,12,Married-civ-spouse,Exec-managerial,Husband,White,Male,0,1887,60,United-States,0.8340445415833949,0
26,Private,164488,Bachelors,13,Never-married,Prof-specialty,Not-in-family,White,Male,13550,0,50,United-States,0.8333746444356224,1
35,Self-emp-inc,111319,Assoc-acdm,12,Married-civ-spouse,Sales,Husband,White,Male,0,1887,45,United-States,0.8330523184190293,0
33,Private,134886,Some-college,10,Never-married,Adm-clerical,Own-child,White,Female,99999,0,30,United-States,0.833006980254058,1
39,Private,237713,Prof-school,15,Married-civ-spouse,Sales,Husband,White,Male,0,2415,99,United-States,0.832817448692253,1
51,Private,191659,Some-college,10,Married-civ-spouse,Exec-managerial,Husband,White,Male,0,1887,65,United-States,0.832713119392177,0
52,Private,139671,Some-college,10,Married-civ-spouse,Exec-managerial,Husband,White,Male,0,1977,50,United-States,0.832713119392177,0
41,Private,221947,Some-college,10,Married-civ-spouse,Exec-managerial,Husband,White,Male,0,1887,50,United-States,0.832713119392177,0
46,Private,459189,Some-college,10,Married-civ-spouse,Craft-repair,Husband,White,Male,0,1902,50,United-States,0.8325423928647067,0
59,Private,530099,Some-college,10,Married-civ-spouse,Craft-repair,Husband,White,Male,0,1887,55,United-States,0.8325423928647067,0
62,Private,71751,Some-college,10,Married-civ-spouse,Exec-managerial,Husband,White,Male,0,1977,98,United-States,0.8323834516840969,2
41,Self-emp-inc,114580,Prof-school,15,Married-civ-spouse,Exec-managerial,Wife,White,Female,0,2415,55,United-States,0.8321076230469204,1
26,Private,102476,Bachelors,13,Never-married,Prof-specialty,Own-child,White,Male,10520,0,64,United-States,0.8311831495268017,0
64,Private,149044,Masters,14,Married-civ-spouse,Prof-specialty,Husband,Asian-Pac-Islander,Male,0,2057,60,China,0.8310640724429493,4
37,Private,167735,Assoc-voc,11,Married-civ-spouse,Craft-repair,Husband,White,Male,0,1887,40,United-States,0.830974426525847,0
59,Private,169982,Bachelors,13,Married-civ-spouse,Exec-managerial,Husband,White,Male,0,2002,50,United-States,0.830802862787944,1
46,Private,326857,Masters,14,Married-civ-spouse,Sales,Husband,White,Male,0,2415,65,United-States,0.8302758066201522,1
27,Self-emp-not-inc,420054,HS-grad,9,Never-married,Craft-repair,Unmarried,White,Male,9562,0,50,United-States,0.8302335596937016,0
46,Private,167515,Some-college,10,Married-civ-spouse,Prof-specialty,Husband,White,Male,0,1977,50,United-States,0.8300236130774991,0
24,Private,279472,Some-college,10,Married-civ-spouse,Machine-op-inspct,Wife,White,Female,7298,0,48,United-States,0.8298579742134277,0
67,Private,224984,HS-grad,9,Widowed,Adm-clerical,Not-in-family,White,Female,15831,0,16,Germany,0.8296984534255952,1
55,Private,208311,Masters,14,Married-civ-spouse,Tech-support,Husband,White,Male,0,1977,20,United-States,0.8296314765909785,1
34,Private,277314,Assoc-acdm,12,Married-civ-spouse,Sales,Husband,Black,Male,0,1902,50,United-States,0.8288253073450819,0
38,Private,169926,Assoc-acdm,12,Married-civ-spouse,Exec-managerial,Wife,White,Female,0,1902,40,United-States,0.8286610208978632,0
41,Private,122381,Some-college,10,Married-civ-spouse,Craft-repair,Husband,White,Male,0,1887,50,United-States,0.8285693785558829,0
40,Private,119101,Some-college,10,Married-civ-spouse,Craft-repair,Husband,White,Male,0,1887,68,United-States,0.8285693785558829,1
27,Private,279580,Bachelors,13,Never-married,Sales,Not-in-family,White,Male,10520,0,45,United-States,0.827900705023358,0
29,Self-emp-not-inc,169544,HS-grad,9,Married-civ-spouse,Transport-moving,Husband,White,Male,5178,0,40,United-States,0.8271916521876557,0
48,Private,194772,Assoc-acdm,12,Married-civ-spouse,Sales,Husband,White,Male,0,1902,40,United-States,0.8269240668532012,0
35,Private,46385,HS-grad,9,Married-civ-spouse,Transport-moving,Husband,White,Male,5178,0,90,United-States,0.826089754456605,0
45,Private,187370,Masters,14,Divorced,Exec-managerial,Unmarried,White,Male,7430,0,70,United-States,0.825911815039253,1
27,Private,210498,HS-grad,9,Married-civ-spouse,Craft-repair,Husband,White,Male,5178,0,40,United-States,0.8255827269383956,0
37,Self-emp-inc,183800,Assoc-acdm,12,Married-civ-spouse,Sales,Husband,White,Male,0,1887,40,United-States,0.8252083650733695,0
41,Self-emp-not-inc,111772,Assoc-acdm,12,Married-civ-spouse,Craft-repair,Husband,White,Male,0,1887,40,United-States,0.8250150982650187,0
25,Self-emp-not-inc,182809,HS-grad,9,Married-civ-spouse,Craft-repair,Husband,White,Male,7298,0,40,United-States,0.824846432563229,0
39,Self-emp-inc,329980,Bachelors,13,Married-civ-spouse,Sales,Husband,White,Male,0,2415,60,United-States,0.8244176520200768,0
68,Private,211287,Masters,14,Married-civ-spouse,Exec-managerial,Husband,White,Male,0,2392,40,United-States,0.8234176363586065,0
49,Private,34545,Some-college,10,Married-civ-spouse,Exec-managerial,Husband,White,Male,0,1887,40,United-States,0.822457871198709,0
37,Private,22463,Assoc-voc,11,Married-civ-spouse,Craft-repair,Husband,White,Male,0,1977,40,United-States,0.8223282967840465,0
27,Private,388998,Bachelors,13,Never-married,Sales,Not-in-family,White,Male,13550,0,46,United-States,0.8220625146720626,1
27,Private,186454,Bachelors,13,Never-married,Prof-specialty,Not-in-family,Asian-Pac-Islander,Male,13550,0,40,United-States,0.8216182779363065,1
34,State-gov,118551,Bachelors,13,Married-civ-spouse,Tech-support,Own-child,White,Female,5178,0,25,?,0.820955142872798,0
43,Private,254146,Some-college,10,Married-civ-spouse,Craft-repair,Husband,White,Male,0,1902,40,United-States,0.8207945272713228,0
47,Self-emp-not-inc,228660,Some-college,10,Married-civ-spouse,Craft-repair,Husband,White,Male,0,1977,40,United-States,0.8207945272713228,0
45,Private,47314,Some-college,10,Married-civ-spouse,Craft-repair,Husband,White,Male,0,1902,40,?,0.8192550260871753,0
56,Private,204049,Some-college,10,Married-civ-spouse,Sales,Husband,White,Male,0,1848,50,United-States,0.8189448718222576,1
58,Private,34788,Some-college,10,Married-civ-spouse,Sales,Husband,White,Male,0,1887,40,United-States,0.8186560986237754,0
39,Private,179731,Masters,14,Married-civ-spouse,Exec-managerial,Wife,White,Female,0,2415,65,United-States,0.81846450623629,1
37,Private,292855,Assoc-voc,11,Married-civ-spouse,Prof-specialty,Wife,White,Female,0,1887,35,United-States,0.8184305026125615,0
78,Self-emp-inc,188044,Bachelors,13,Married-civ-spouse,Exec-managerial,Husband,White,Male,0,2392,40,United-States,0.8179246987095999,1
67,Private,197816,Some-college,10,Married-civ-spouse,Sales,Husband,White,Male,0,1844,70,United-States,0.8177899078299338,1
52,Private,144361,Assoc-voc,11,Married-civ-spouse,Craft-repair,Husband,White,Male,0,1902,40,United-States,0.8175961258151627,0
67,Self-emp-inc,106175,Bachelors,13,Married-civ-spouse,Exec-managerial,Husband,White,Male,0,2392,75,United-States,0.8168540353677697,1
62,?,125493,HS-grad,9,Married-civ-spouse,?,Wife,White,Female,5178,0,40,Scotland,0.8164202315620211,1
53,Private,193720,Some-college,10,Married-civ-spouse,Exec-managerial,Husband,White,Male,0,1977,40,United-States,0.8161225710527916,0
43,Private,336513,Some-college,10,Married-civ-spouse,Exec-managerial,Husband,White,Male,0,1902,40,United-States,0.8161225710527916,0
37,Self-emp-inc,30529,Bachelors,13,Married-civ-spouse,Sales,Husband,White,Male,0,2415,50,United-States,0.8160781344990555,0
45,Local-gov,199590,Some-college,10,Married-civ-spouse,Craft-repair,Husband,White,Male,0,1887,40,Mexico,0.8159562237798925,0
46,Local-gov,238162,Assoc-acdm,12,Married-civ-spouse,Protective-serv,Husband,White,Male,0,1887,50,United-States,0.8157905849158211,0
58,Private,100313,Some-college,10,Married-civ-spouse,Protective-serv,Husband,White,Male,0,1902,40,United-States,0.8155976401114828,0
59,Private,231377,Some-college,10,Married-civ-spouse,Exec-managerial,Husband,White,Male,0,1848,45,United-States,0.815370562881811,1
83,Self-emp-inc,153183,Bachelors,13,Married-civ-spouse,Exec-managerial,Husband,White,Male,0,2392,55,United-States,0.8150573817791752,1
44,Self-emp-not-inc,201742,Bachelors,13,Married-civ-spouse,Exec-managerial,Husband,White,Male,0,2415,50,United-States,0.8142760068422472,0
51,Private,96062,Some-college,10,Married-civ-spouse,Sales,Husband,White,Male,0,1977,40,United-States,0.8130612789051883,0
51,State-gov,155594,Some-college,10,Married-civ-spouse,Sales,Husband,White,Male,0,1887,40,United-States,0.8130612789051883,0
48,State-gov,31141,Some-college,10,Married-civ-spouse,Protective-serv,Husband,White,Male,0,1902,40,United-States,0.8129469030799197,0
56,Self-emp-not-inc,48102,Some-college,10,Married-civ-spouse,Exec-managerial,Wife,White,Female,0,1977,50,United-States,0.8119560323324069,0
27,Private,128730,Assoc-voc,11,Never-married,Exec-managerial,Not-in-family,White,Male,10520,0,65,Greece,0.8111505070945354,0
43,Private,187728,Some-college,10,Married-civ-spouse,Prof-specialty,Wife,White,Female,0,1887,50,United-States,0.8104182055691247,0
55,Self-emp-inc,124137,Prof-school,15,Married-civ-spouse,Prof-specialty,Husband,White,Male,0,2415,35,Greece,0.8102828350822358,3
49,Private,102583,Some-college,10,Married-civ-spouse,Prof-specialty,Husband,White,Male,0,1848,44,United-States,0.8081575441984016,1
25,Private,102476,Bachelors,13,Never-married,Farming-fishing,Own-child,White,Male,27828,0,50,United-States,0.8080125135911354,1
73,Private,336007,Bachelors,13,Married-civ-spouse,Prof-specialty,Husband,White,Male,0,2246,40,United-States,0.8066333704052528,0
45,Private,120131,Some-college,10,Married-civ-spouse,Craft-repair,Husband,White,Male,0,1887,40,United-States,0.805926507196836,0
31,Private,123397,HS-grad,9,Married-civ-spouse,Transport-moving,Wife,White,Female,5178,0,35,United-States,0.8057339487973129,0
49,Private,199029,Bachelors,13,Married-civ-spouse,Sales,Husband,White,Male,0,2415,55,United-States,0.8054627570179175,0
41,Private,121718,Assoc-voc,11,Married-civ-spouse,Tech-support,Husband,White,Male,0,1848,48,United-States,0.8052125599001424,1
46,Federal-gov,349230,Assoc-voc,11,Married-civ-spouse,Tech-support,Husband,White,Male,0,1848,40,United-States,0.8039514633852719,1
55,Local-gov,176046,Masters,14,Married-civ-spouse,Prof-specialty,Wife,White,Female,0,2267,40,United-States,0.8029878341772234,0
50,Private,285200,Some-college,10,Married-civ-spouse,Craft-repair,Husband,White,Male,0,1887,35,United-States,0.8028601273858339,0
37,Private,234807,Bachelors,13,Divorced,Exec-managerial,Unmarried,White,Female,7430,0,45,United-States,0.8025835903398297,1
46,Private,114032,Some-college,10,Married-civ-spouse,Tech-support,Husband,White,Male,0,1887,45,United-States,0.8020638114627222,0
61,Self-emp-inc,139391,Some-college,10,Married-civ-spouse,Sales,Husband,White,Male,0,1902,35,United-States,0.7997809962159337,0
46,Private,190115,Some-college,10,Married-civ-spouse,Sales,Husband,White,Male,0,1887,40,United-States,0.7993834500620017,0
57,Private,20953,Some-college,10,Married-civ-spouse,Sales,Husband,White,Male,0,1902,40,United-States,0.7991880580271679,0
26,Private,97153,Assoc-acdm,12,Married-civ-spouse,Machine-op-inspct,Husband,White,Male,5178,0,40,United-States,0.7991113566713711,0
45,Private,54744,Some-college,10,Married-civ-spouse,Craft-repair,Husband,White,Male,0,1848,40,United-States,0.7983648869694069,1
27,Private,311446,HS-grad,9,Married-civ-spouse,Adm-clerical,Wife,White,Female,5178,0,40,United-States,0.7980571155341825,0
28,Private,34335,HS-grad,9,Divorced,Sales,Not-in-family,Amer-Indian-Eskimo,Male,14084,0,40,United-States,0.7979771297374574,1
36,Private,346478,Bachelors,13,Married-civ-spouse,Sales,Husband,White,Male,0,2415,45,United-States,0.7979520134244762,0
44,Private,68729,Some-college,10,Married-civ-spouse,Sales,Husband,Asian-Pac-Islander,Male,0,1902,40,United-States,0.7977306034654258,1
49,Private,101320,Assoc-acdm,12,Married-civ-spouse,Sales,Wife,White,Female,0,1902,40,United-States,0.7974219948197685,0
38,Private,76878,11th,7,Married-civ-spouse,Craft-repair,Husband,White,Male,5178,0,40,United-States,0.7972251215664768,0
53,Local-gov,186303,Some-college,10,Married-civ-spouse,Protective-serv,Husband,White,Male,0,1887,40,United-States,0.7965170347428122,0
33,Private,191335,Assoc-acdm,12,Married-civ-spouse,Craft-repair,Husband,White,Male,0,1902,50,United-States,0.7963588663718326,0
50,Private,213290,Assoc-voc,11,Married-civ-spouse,Prof-specialty,Wife,White,Female,0,1887,36,United-States,0.7960904438269455,0
42,Self-emp-not-inc,199143,Prof-school,15,Divorced,Prof-specialty,Unmarried,White,Female,7430,0,44,United-States,0.7954584143510524,1
36,Private,334291,Some-college,10,Married-civ-spouse,Craft-repair,Husband,White,Male,0,1887,40,United-States,0.7953960743742168,0
53,Federal-gov,173093,Some-college,10,Married-civ-spouse,Exec-managerial,Wife,Asian-Pac-Islander,Female,0,1887,40,Philippines,0.7947141986771762,3
50,Private,184424,Some-college,10,Married-civ-spouse,Adm-clerical,Wife,White,Female,0,1902,38,United-States,0.7941375538914469,0
45,Private,357540,Bachelors,13,Married-civ-spouse,Sales,Husband,White,Male,0,2002,55,United-States,0.793842083009503,1
43,Local-gov,96102,Some-college,10,Married-civ-spouse,Protective-serv,Husband,White,Male,0,1887,40,United-States,0.7933655170708838,0
70,Private,187292,Bachelors,13,Married-civ-spouse,Handlers-cleaners,Husband,White,Male,6418,0,40,United-States,0.7927446933346285,1
62,Private,266624,HS-grad,9,Married-civ-spouse,Farming-fishing,Husband,White,Male,6418,0,40,United-States,0.7924157984361787,1
65,Self-emp-inc,66360,11th,7,Married-civ-spouse,Exec-managerial,Husband,White,Male,6418,0,35,United-States,0.7910504370220347,1
66,Private,142624,Assoc-acdm,12,Married-civ-spouse,Machine-op-inspct,Husband,White,Male,5556,0,40,Yugoslavia,0.7895271004393186,1
46,Self-emp-not-inc,102308,Bachelors,13,Married-civ-spouse,Sales,Husband,White,Male,0,2415,40,United-States,0.7881121504072371,0
53,Self-emp-not-inc,105478,Bachelors,13,Married-civ-spouse,Exec-managerial,Husband,White,Male,0,2415,40,United-States,0.7878759926644106,0
41,Private,352812,Some-college,10,Married-civ-spouse,Exec-managerial,Wife,White,Female,0,1902,40,United-States,0.7870953261363103,0
45,Private,26522,Some-college,10,Married-civ-spouse,Adm-clerical,Wife,White,Female,0,1902,35,United-States,0.7852324685227292,0
31,Private,279015,Masters,14,Married-civ-spouse,Exec-managerial,Husband,White,Male,0,2415,70,Taiwan,0.7852279604665531,1
90,Local-gov,153602,HS-grad,9,Married-civ-spouse,Other-service,Husband,White,Male,6767,0,40,United-States,0.7850808046328038,1
51,Self-emp-not-inc,160724,Bachelors,13,Married-civ-spouse,Sales,Husband,Asian-Pac-Islander,Male,0,2415,40,China,0.7847385787682332,2
25,Private,242700,Some-college,10,Never-married,Transport-moving,Not-in-family,White,Male,10520,0,50,United-States,0.7843571972157328,0
25,Private,469572,Some-college,10,Never-married,Prof-specialty,Not-in-family,White,Male,8614,0,40,United-States,0.7839915294590463,1
41,Self-emp-inc,223671,HS-grad,9,Married-civ-spouse,Sales,Husband,White,Male,0,1887,55,United-States,0.7839090320310231,0
34,Local-gov,105540,Bachelors,13,Married-civ-spouse,Prof-specialty,Husband,White,Male,0,2051,40,United-States,0.7837140264010044,1
46,Private,192963,Bachelors,13,Married-civ-spouse,Adm-clerical,Husband,Asian-Pac-Islander,Male,0,2415,35,Philippines,0.7835385986149505,1
22,Private,100345,Bachelors,13,Never-married,Craft-repair,Not-in-family,White,Male,13550,0,55,United-States,0.7790110933964629,1
32,Private,396745,Bachelors,13,Married-civ-spouse,Prof-specialty,Husband,White,Male,0,2415,48,United-States,0.7788916299077955,0
23,Self-emp-not-inc,282604,11th,7,Married-civ-spouse,Transport-moving,Husband,White,Male,7688,0,60,United-States,0.7771202858345899,0
34,State-gov,318982,Masters,14,Married-civ-spouse,Machine-op-inspct,Husband,White,Male,0,1848,40,United-States,0.7770636131283757,1
30,Private,174789,Assoc-acdm,12,Married-civ-spouse,Exec-managerial,Husband,White,Male,0,1848,50,United-States,0.7765499523275072,1
43,Local-gov,105862,Some-college,10,Married-civ-spouse,Adm-clerical,Wife,White,Female,0,1902,40,United-States,0.7746946296078207,0
31,Private,263561,Bachelors,13,Married-civ-spouse,Exec-managerial,Husband,White,Male,0,2246,45,United-States,0.7733965026315034,0
28,Private,138692,Bachelors,13,Married-civ-spouse,Prof-specialty,Husband,White,Male,0,1887,40,United-States,0.7727346555840453,0
49,Self-emp-inc,213140,HS-grad,9,Married-civ-spouse,Exec-managerial,Husband,White,Male,0,1902,60,United-States,0.7726362511578007,0
27,Private,183627,Bachelors,13,Married-civ-spouse,Exec-managerial,Husband,White,Male,0,1977,50,United-States,0.7720796994224565,0
55,Self-emp-inc,138594,HS-grad,9,Married-civ-spouse,Exec-managerial,Husband,White,Male,0,1977,45,United-States,0.7720387405120562,0
44,Private,175669,11th,7,Married-civ-spouse,Prof-specialty,Wife,White,Female,5178,0,36,United-States,0.7719074272757259,0
54,Private,167770,HS-grad,9,Married-civ-spouse,Exec-managerial,Husband,White,Male,0,1902,55,United-States,0.7707911037649117,0
42,Self-emp-inc,188738,HS-grad,9,Married-civ-spouse,Exec-managerial,Husband,White,Male,0,1977,60,Italy,0.770732627836227,0
44,Self-emp-inc,151089,HS-grad,9,Married-civ-spouse,Exec-managerial,Husband,White,Male,0,1887,70,United-States,0.7704776650590657,1
24,Private,161092,Some-college,10,Married-civ-spouse,Adm-clerical,Husband,White,Male,7298,0,40,United-States,0.7697597249126161,0
65,Self-emp-not-inc,223580,Some-college,10,Married-civ-spouse,Machine-op-inspct,Husband,White,Male,6514,0,40,United-States,0.7693552234720125,1
67,Self-emp-not-inc,123393,HS-grad,9,Married-civ-spouse,Transport-moving,Husband,White,Male,6418,0,58,United-States,0.7683743992496921,1
27,Self-emp-inc,120126,Bachelors,13,Married-civ-spouse,Exec-managerial,Husband,White,Male,0,1887,45,United-States,0.7682593150155957,0
47,?,109832,HS-grad,9,Married-civ-spouse,?,Husband,White,Male,5178,0,30,Canada,0.7675669419877451,0
41,Self-emp-inc,125831,HS-grad,9,Married-civ-spouse,Sales,Husband,White,Male,0,1887,55,United-States,0.7675469777389651,0
24,?,151153,Some-college,10,Never-married,?,Not-in-family,Asian-Pac-Islander,Male,99999,0,50,South,0.7673408951709135,2
25,Private,120238,11th,7,Married-civ-spouse,Transport-moving,Husband,White,Male,5178,0,40,Poland,0.7662739670756291,0
26,Private,122999,Masters,14,Never-married,Prof-specialty,Not-in-family,White,Male,8614,0,40,United-States,0.7656309250625057,1
27,Private,215504,Bachelors,13,Married-civ-spouse,Sales,Husband,White,Male,0,1848,55,United-States,0.7653239264369115,1
50,Self-emp-not-inc,371305,HS-grad,9,Married-civ-spouse,Sales,Husband,White,Male,0,1902,60,United-States,0.7644923188740209,0
43,Private,266324,HS-grad,9,Married-civ-spouse,Craft-repair,Husband,White,Male,0,1902,99,United-States,0.7639518673393058,2
67,Private,171584,Bachelors,13,Married-civ-spouse,Protective-serv,Husband,White,Male,6514,0,7,United-States,0.7633687824733248,1
24,Self-emp-inc,493034,HS-grad,9,Never-married,Other-service,Not-in-family,Black,Male,13550,0,50,United-States,0.762113739633891,1
41,Local-gov,112763,Masters,14,Divorced,Prof-specialty,Unmarried,White,Female,7430,0,36,United-States,0.7600706885748698,1
71,?,144872,Some-college,10,Married-civ-spouse,?,Husband,White,Male,6514,0,40,United-States,0.7592734710405229,1
39,Private,355468,HS-grad,9,Married-civ-spouse,Sales,Husband,White,Male,0,1887,46,United-States,0.7586555453403808,0
42,Self-emp-not-inc,32546,Prof-school,15,Divorced,Prof-specialty,Unmarried,White,Male,7430,0,40,United-States,0.7585130263644126,1
25,Private,169905,Assoc-voc,11,Never-married,Sales,Not-in-family,White,Male,27828,0,40,United-States,0.7584086970643366,1
37,Private,171150,HS-grad,9,Married-civ-spouse,Exec-managerial,Husband,White,Male,0,1887,50,United-States,0.7581222422947449,0
59,Self-emp-not-inc,325732,HS-grad,9,Married-civ-spouse,Exec-managerial,Husband,White,Male,0,1902,52,United-States,0.7581222422947449,0
37,Private,188540,HS-grad,9,Married-civ-spouse,Exec-managerial,Husband,White,Male,0,1902,45,United-States,0.7581222422947449,0
50,Private,150876,HS-grad,9,Married-civ-spouse,Exec-managerial,Husband,Black,Male,0,1887,55,United-States,0.7581222422947449,0
44,Self-emp-not-inc,179557,HS-grad,9,Married-civ-spouse,Exec-managerial,Husband,White,Male,0,1977,45,United-States,0.7581222422947449,0
47,Private,239865,HS-grad,9,Married-civ-spouse,Craft-repair,Husband,White,Male,0,1977,45,United-States,0.7566050237882679,0
42,Local-gov,195124,11th,7,Divorced,Sales,Unmarried,White,Male,7430,0,50,Puerto-Rico,0.7557586040407986,1
39,Federal-gov,175232,Some-college,10,Married-civ-spouse,Handlers-cleaners,Husband,White,Male,0,1977,60,United-States,0.7545859942285853,0
40,Self-emp-not-inc,26892,Bachelors,13,Married-AF-spouse,Prof-specialty,Husband,White,Male,7298,0,50,United-States,0.754317056477278,1
37,Private,193855,HS-grad,9,Married-civ-spouse,Craft-repair,Husband,White,Male,0,1902,50,United-States,0.7535830805310019,0
28,Private,51461,Bachelors,13,Married-civ-spouse,Adm-clerical,Husband,White,Male,0,1887,40,United-States,0.7524456979577648,0
40,Self-emp-not-inc,175943,Assoc-voc,11,Married-civ-spouse,Prof-specialty,Wife,White,Female,0,1977,15,United-States,0.7508408299590634,1
67,?,157403,Prof-school,15,Married-civ-spouse,?,Husband,White,Male,6418,0,10,United-States,0.749670087770123,1
32,Private,185027,Assoc-acdm,12,Married-civ-spouse,Craft-repair,Husband,White,Male,0,1887,40,Ireland,0.7461085301885746,0
66,?,212759,Bachelors,13,Married-civ-spouse,?,Husband,White,Male,6767,0,20,United-States,0.7458160861443489,1
25,Self-emp-not-inc,368115,Bachelors,13,Never-married,Exec-managerial,Not-in-family,White,Male,13550,0,35,United-States,0.7430636602456129,1
38,Private,111499,HS-grad,9,Married-civ-spouse,Sales,Husband,White,Male,0,1977,99,United-States,0.7426365541233261,2
41,Private,529216,Bachelors,13,Divorced,Tech-support,Unmarried,Black,Male,7430,0,45,?,0.7422543353603929,6
66,Self-emp-inc,249043,Bachelors,13,Married-civ-spouse,Sales,Husband,White,Male,5556,0,26,United-States,0.7411307345588943,1
37,Self-emp-not-inc,162834,HS-grad,9,Married-civ-spouse,Sales,Husband,White,Male,0,1902,45,United-States,0.7410915144701621,0
39,Self-emp-inc,135500,HS-grad,9,Married-civ-spouse,Exec-managerial,Husband,White,Male,0,1977,40,United-States,0.7404291522162838,0
53,Self-emp-inc,128272,Doctorate,16,Married-civ-spouse,Exec-managerial,Husband,White,Male,0,0,70,United-States,0.7403313917980644,0
44,Private,186916,Some-college,10,Married-civ-spouse,Transport-moving,Husband,White,Male,0,1887,60,United-States,0.7399793126107088,0
45,Self-emp-inc,311231,Prof-school,15,Married-civ-spouse,Prof-specialty,Husband,White,Male,0,1485,50,United-States,0.7387058511417552,0
55,Federal-gov,238192,HS-grad,9,Married-civ-spouse,Tech-support,Husband,White,Male,0,1887,40,United-States,0.7381922547416893,0
56,Self-emp-inc,208809,HS-grad,9,Married-civ-spouse,Sales,Husband,White,Male,0,1902,40,United-States,0.7379991811357459,0
50,Self-emp-inc,175070,Prof-school,15,Married-civ-spouse,Prof-specialty,Husband,White,Male,0,0,45,United-States,0.7378163472574027,0
48,Self-emp-inc,155664,Prof-school,15,Married-civ-spouse,Prof-specialty,Husband,White,Male,0,0,60,United-States,0.7378163472574027,0
54,Self-emp-inc,147239,Doctorate,16,Married-civ-spouse,Prof-specialty,Husband,White,Male,0,0,60,United-States,0.7378163472574027,0
73,Self-emp-not-inc,102510,7th-8th,4,Married-civ-spouse,Farming-fishing,Husband,White,Male,6418,0,99,United-States,0.7378072667442479,4
55,Self-emp-inc,183869,Prof-school,15,Married-civ-spouse,Exec-managerial,Husband,White,Male,0,0,50,?,0.7375837959595171,0
49,Self-emp-inc,94606,Doctorate,16,Married-civ-spouse,Prof-specialty,Husband,Black,Male,0,0,60,United-States,0.7370139776588545,0
45,Self-emp-inc,201699,Doctorate,16,Married-civ-spouse,Prof-specialty,Husband,White,Male,0,0,60,United-States,0.7366864351772575,0
44,Self-emp-inc,311357,Prof-school,15,Married-civ-spouse,Prof-specialty,Husband,White,Male,0,0,50,United-States,0.7366864351772575,0
50,Private,102615,HS-grad,9,Married-civ-spouse,Exec-managerial,Husband,White,Male,0,1902,40,United-States,0.7365008964652087,0
41,Federal-gov,219155,Prof-school,15,Married-civ-spouse,Prof-specialty,Husband,White,Male,0,0,50,India,0.7364511146448637,0
46,Self-emp-inc,110457,Masters,14,Married-civ-spouse,Exec-managerial,Husband,White,Male,0,0,55,United-States,0.735189245320363,0
43,Self-emp-inc,602513,Masters,14,Married-civ-spouse,Exec-managerial,Husband,White,Male,0,0,50,United-States,0.7350703614389182,0
39,Self-emp-inc,372525,Masters,14,Married-civ-spouse,Exec-managerial,Husband,White,Male,0,0,60,United-States,0.7350703614389182,0
42,Self-emp-inc,152071,Prof-school,15,Married-civ-spouse,Prof-specialty,Husband,White,Male,0,0,60,Cuba,0.7347006364316733,0
57,Self-emp-inc,180211,Prof-school,15,Married-civ-spouse,Prof-specialty,Husband,Asian-Pac-Islander,Male,0,0,50,Taiwan,0.7345807221373883,2
46,Private,102318,Some-college,10,Married-civ-spouse,Transport-moving,Husband,White,Male,0,1887,40,United-States,0.7345001567334406,0
40,Private,187802,Some-college,10,Married-civ-spouse,Handlers-cleaners,Husband,White,Male,0,1887,40,United-States,0.7345001567334406,0
38,Federal-gov,325538,Prof-school,15,Married-civ-spouse,Prof-specialty,Husband,White,Male,0,0,50,United-States,0.7336286206729902,0
49,Self-emp-inc,125892,Masters,14,Married-civ-spouse,Exec-managerial,Husband,White,Male,0,0,50,United-States,0.7335551393573192,0
44,Private,183342,Prof-school,15,Married-civ-spouse,Exec-managerial,Husband,White,Male,0,0,55,United-States,0.7332679117780974,0
44,Private,125461,Doctorate,16,Married-civ-spouse,Exec-managerial,Husband,White,Male,0,0,60,United-States,0.7332679117780974,0
41,Private,166662,Prof-school,15,Married-civ-spouse,Exec-managerial,Husband,White,Male,0,0,50,United-States,0.7332679117780974,0
58,Private,156040,Assoc-acdm,12,Married-civ-spouse,Machine-op-inspct,Husband,Black,Male,0,1848,40,United-States,0.7331592676242528,1
41,Self-emp-inc,94113,Prof-school,15,Married-civ-spouse,Prof-specialty,Husband,White,Male,0,0,60,United-States,0.7330450206005892,0
44,Self-emp-not-inc,124692,HS-grad,9,Married-civ-spouse,Prof-specialty,Husband,White,Male,0,1902,40,United-States,0.7328335283651263,0
49,State-gov,183710,Doctorate,16,Married-civ-spouse,Exec-managerial,Husband,White,Male,0,0,50,United-States,0.73273892358623,0
46,Self-emp-inc,214627,Doctorate,16,Married-civ-spouse,Prof-specialty,Husband,White,Male,0,0,60,United-States,0.7326760684029744,0
46,Self-emp-inc,201865,Prof-school,15,Married-civ-spouse,Prof-specialty,Husband,White,Male,0,0,60,United-States,0.7326760684029744,0
34,Private,164190,Some-college,10,Married-civ-spouse,Prof-specialty,Husband,White,Male,0,1902,38,United-States,0.7326575209718497,0
32,Federal-gov,148138,Bachelors,13,Married-civ-spouse,Prof-specialty,Husband,Asian-Pac-Islander,Male,0,2002,40,Iran,0.7325195744528602,4
40,Self-emp-inc,344060,Prof-school,15,Married-civ-spouse,Prof-specialty,Husband,White,Male,0,0,50,United-States,0.7321558387202493,0
45,Self-emp-inc,40666,Prof-school,15,Married-civ-spouse,Prof-specialty,Husband,White,Male,0,0,55,United-States,0.7318163176893843,0
41,Federal-gov,214838,Masters,14,Married-civ-spouse,Exec-managerial,Husband,White,Male,0,0,60,United-States,0.7315584568761098,0
49,Self-emp-inc,101722,Prof-school,15,Married-civ-spouse,Prof-specialty,Husband,White,Male,0,0,60,United-States,0.7312097909312876,0
43,Private,112181,Assoc-voc,11,Married-civ-spouse,Tech-support,Wife,White,Female,0,1902,32,United-States,0.7309725383748182,0
50,Self-emp-inc,321822,Prof-school,15,Married-civ-spouse,Prof-specialty,Husband,White,Male,0,0,75,United-States,0.7309487100778872,0
41,Private,267252,Some-college,10,Married-civ-spouse,Machine-op-inspct,Husband,Black,Male,0,1902,40,United-States,0.7308214540921154,0
38,Private,191103,Prof-school,15,Married-civ-spouse,Prof-specialty,Husband,White,Male,0,0,99,United-States,0.7307213752450054,0
46,Private,295334,Doctorate,16,Married-civ-spouse,Prof-specialty,Husband,White,Male,0,0,60,United-States,0.7307213752450054,0
47,Private,370119,Prof-school,15,Married-civ-spouse,Prof-specialty,Husband,White,Male,0,0,50,United-States,0.7307213752450054,0
57,Private,265099,Prof-school,15,Married-civ-spouse,Prof-specialty,Husband,White,Male,0,0,60,United-States,0.7307213752450054,0
44,Private,146906,Prof-school,15,Married-civ-spouse,Prof-specialty,Husband,White,Male,0,0,50,United-States,0.7307213752450054,0
37,Private,189878,Prof-school,15,Married-civ-spouse,Prof-specialty,Husband,White,Male,0,0,50,United-States,0.7307213752450054,0
48,Private,173243,Doctorate,16,Married-civ-spouse,Prof-specialty,Husband,White,Male,0,0,45,United-States,0.7307213752450054,0
46,Private,249935,Doctorate,16,Married-civ-spouse,Prof-specialty,Husband,White,Male,0,0,70,United-States,0.7307213752450054,0
39,Private,150480,Prof-school,15,Married-civ-spouse,Prof-specialty,Husband,White,Male,0,0,55,United-States,0.7307213752450054,0
45,Private,214068,Doctorate,16,Married-civ-spouse,Prof-specialty,Husband,White,Male,0,0,50,United-States,0.7307213752450054,0
41,Private,130126,Prof-school,15,Married-civ-spouse,Prof-specialty,Husband,White,Male,0,0,80,United-States,0.7307213752450054,0
56,Private,282023,Prof-school,15,Married-civ-spouse,Prof-specialty,Husband,White,Male,0,0,45,United-States,0.7307213752450054,0
56,Private,245215,Doctorate,16,Married-civ-spouse,Prof-specialty,Husband,White,Male,0,0,50,United-States,0.7307213752450054,0
52,Private,168553,HS-grad,9,Married-civ-spouse,Craft-repair,Husband,White,Male,0,1977,40,United-States,0.7307187348121021,0
54,Private,86837,HS-grad,9,Married-civ-spouse,Craft-repair,Husband,Asian-Pac-Islander,Male,0,1902,40,United-States,0.7307187348121021,1
58,Private,225394,HS-grad,9,Married-civ-spouse,Craft-repair,Husband,White,Male,0,1902,40,United-States,0.7307187348121021,0
48,Self-emp-not-inc,353012,HS-grad,9,Married-civ-spouse,Craft-repair,Husband,White,Male,0,1902,40,United-States,0.7307187348121021,0
28,Private,114158,Bachelors,13,Married-civ-spouse,Prof-specialty,Wife,White,Female,0,1977,24,United-States,0.7304530171009207,0
55,Self-emp-inc,222615,Masters,14,Married-civ-spouse,Exec-managerial,Husband,White,Male,0,0,60,United-States,0.7302234282399508,0
51,Self-emp-inc,304955,Masters,14,Married-civ-spouse,Exec-managerial,Husband,White,Male,0,0,50,United-States,0.7302234282399508,0
37,State-gov,160910,Doctorate,16,Married-civ-spouse,Prof-specialty,Husband,White,Male,0,0,45,United-States,0.7301900686242474,0
43,State-gov,345969,Prof-school,15,Married-civ-spouse,Prof-specialty,Husband,White,Male,0,0,50,United-States,0.7301900686242474,0
41,State-gov,309056,Doctorate,16,Married-civ-spouse,Prof-specialty,Husband,White,Male,0,0,50,United-States,0.7301900686242474,0
62,?,160155,7th-8th,4,Married-civ-spouse,?,Husband,White,Male,6418,0,40,United-States,0.7299345262398635,1
59,Self-emp-inc,253062,Prof-school,15,Married-civ-spouse,Prof-specialty,Husband,White,Male,0,0,55,United-States,0.7299343330374559,0
37,Federal-gov,129573,Doctorate,16,Married-civ-spouse,Prof-specialty,Husband,White,Male,0,0,72,?,0.7297697889870273,0
45,Private,198759,Doctorate,16,Married-civ-spouse,Exec-managerial,Husband,White,Male,0,0,60,United-States,0.7294799209749023,0
39,Private,186130,Prof-school,15,Married-civ-spouse,Exec-managerial,Husband,White,Male,0,0,55,United-States,0.7294799209749023,0
45,Private,201865,Doctorate,16,Married-civ-spouse,Exec-managerial,Husband,White,Male,0,0,45,United-States,0.7294799209749023,0
38,Private,132879,HS-grad,9,Married-civ-spouse,Craft-repair,Husband,White,Male,0,1902,40,United-States,0.7293784897109394,0
43,Private,113324,HS-grad,9,Married-civ-spouse,Craft-repair,Husband,White,Male,0,1902,40,United-States,0.7293784897109394,0
45,Private,102771,HS-grad,9,Married-civ-spouse,Craft-repair,Husband,White,Male,0,1887,40,United-States,0.7293784897109394,0
71,Private,105200,HS-grad,9,Married-civ-spouse,Protective-serv,Husband,White,Male,6767,0,20,United-States,0.728995111733561,1
58,Private,320102,Doctorate,16,Married-civ-spouse,Prof-specialty,Husband,White,Male,0,0,50,United-States,0.7288444138556733,0
42,Local-gov,185129,Doctorate,16,Married-civ-spouse,Exec-managerial,Husband,White,Male,0,0,43,?,0.7288406786091274,0
41,Self-emp-not-inc,204235,Prof-school,15,Married-civ-spouse,Prof-specialty,Husband,White,Male,0,0,50,United-States,0.7283648854801383,0
38,Self-emp-not-inc,239045,Doctorate,16,Married-civ-spouse,Prof-specialty,Husband,White,Male,0,0,50,United-States,0.7283648854801383,0
41,Self-emp-not-inc,150533,Prof-school,15,Married-civ-spouse,Prof-specialty,Husband,White,Male,0,0,50,United-States,0.7283648854801383,0
37,Self-emp-not-inc,143368,Doctorate,16,Married-civ-spouse,Prof-specialty,Husband,White,Male,0,0,60,United-States,0.7283648854801383,0
40,Self-emp-not-inc,238574,Prof-school,15,Married-civ-spouse,Prof-specialty,Husband,White,Male,0,0,55,United-States,0.7283648854801383,0
39,Self-emp-not-inc,195253,Prof-school,15,Married-civ-spouse,Prof-specialty,Husband,White,Male,0,0,45,United-States,0.7283648854801383,0
49,Self-emp-not-inc,163352,Prof-school,15,Married-civ-spouse,Prof-specialty,Husband,White,Male,0,0,85,United-States,0.7283648854801383,0
41,Self-emp-inc,145441,Masters,14,Married-civ-spouse,Exec-managerial,Husband,White,Male,0,0,50,United-States,0.7283278550186916,0
37,Private,298539,HS-grad,9,Married-civ-spouse,Exec-managerial,Husband,White,Male,0,1902,55,United-States,0.7283006778800298,0
38,Private,266645,Masters,14,Married-civ-spouse,Exec-managerial,Husband,White,Male,0,0,60,United-States,0.7280618153034976,0
44,Private,104196,Masters,14,Married-civ-spouse,Exec-managerial,Husband,White,Male,0,0,45,United-States,0.7280618153034976,0
38,Private,193815,Masters,14,Married-civ-spouse,Exec-managerial,Husband,White,Male,0,0,45,United-States,0.7280618153034976,0
53,Private,123011,Masters,14,Married-civ-spouse,Exec-managerial,Husband,White,Male,0,0,45,United-States,0.7280618153034976,0
50,Private,206862,Masters,14,Married-civ-spouse,Exec-managerial,Husband,White,Male,0,0,65,United-States,0.7280618153034976,0
40,Private,180985,Masters,14,Married-civ-spouse,Exec-managerial,Husband,White,Male,0,0,50,United-States,0.7280618153034976,0
47,Private,148995,Masters,14,Married-civ-spouse,Exec-managerial,Husband,White,Male,0,0,65,United-States,0.7280618153034976,0
48,Private,204629,Masters,14,Married-civ-spouse,Exec-managerial,Husband,White,Male,0,0,50,United-States,0.7280618153034976,0
39,Private,108140,Masters,14,Married-civ-spouse,Exec-managerial,Husband,White,Male,0,0,50,United-States,0.7280618153034976,0
43,Private,188808,Masters,14,Married-civ-spouse,Exec-managerial,Husband,White,Male,0,0,45,United-States,0.7280618153034976,0
48,Private,233802,Masters,14,Married-civ-spouse,Exec-managerial,Husband,Black,Male,0,0,45,United-States,0.7280618153034976,0
37,Private,259785,Masters,14,Married-civ-spouse,Exec-managerial,Husband,White,Male,0,0,50,United-States,0.7280618153034976,0
41,Private,242089,Masters,14,Married-civ-spouse,Exec-managerial,Husband,White,Male,0,0,45,United-States,0.7280618153034976,0
54,Local-gov,34832,Doctorate,16,Married-civ-spouse,Exec-managerial,Husband,White,Male,0,0,60,United-States,0.7279567131937913,0
44,Self-emp-inc,64632,Doctorate,16,Married-civ-spouse,Prof-specialty,Husband,White,Male,0,0,60,United-States,0.7278925699944853,0
52,Private,96359,Doctorate,16,Married-civ-spouse,Exec-managerial,Husband,White,Male,0,0,57,United-States,0.7278094929592395,0
37,Self-emp-inc,382802,Doctorate,16,Married-civ-spouse,Prof-specialty,Husband,Black,Male,0,0,99,United-States,0.7277967416003412,3
60,State-gov,165827,Doctorate,16,Married-civ-spouse,Prof-specialty,Husband,White,Male,0,0,55,United-States,0.7277224230742376,0
24,Local-gov,452640,Some-college,10,Never-married,Tech-support,Not-in-family,White,Male,14344,0,50,United-States,0.7275149236885308,1
59,State-gov,139616,Masters,14,Married-civ-spouse,Exec-managerial,Husband,White,Male,0,0,50,United-States,0.7269384077044065,0
53,Private,304504,Some-college,10,Married-civ-spouse,Transport-moving,Husband,White,Male,0,1887,45,United-States,0.7267793377221917,0
59,Federal-gov,117299,HS-grad,9,Married-civ-spouse,Craft-repair,Husband,White,Male,0,1887,40,United-States,0.7262473226926062,0
59,Private,91384,Doctorate,16,Married-civ-spouse,Prof-specialty,Husband,White,Male,0,0,60,United-States,0.7260803958124844,0
43,Federal-gov,325706,Prof-school,15,Married-civ-spouse,Prof-specialty,Husband,Asian-Pac-Islander,Male,0,0,50,India,0.7260615263773471,3
40,State-gov,86912,Doctorate,16,Married-civ-spouse,Prof-specialty,Husband,White,Male,0,0,50,United-States,0.7260409181205421,0
47,State-gov,80282,Doctorate,16,Married-civ-spouse,Prof-specialty,Husband,White,Male,0,0,45,United-States,0.7260409181205421,0
37,Self-emp-inc,196123,Masters,14,Married-civ-spouse,Exec-managerial,Husband,White,Male,0,0,70,United-States,0.7258609178775095,0
39,Local-gov,177907,HS-grad,9,Married-civ-spouse,Protective-serv,Husband,White,Male,0,1887,40,United-States,0.7258176405382186,0
41,Self-emp-inc,75742,Prof-school,15,Married-civ-spouse,Prof-specialty,Husband,White,Male,0,0,45,El-Salvador,0.7258131324820425,0
39,Local-gov,327164,Masters,14,Married-civ-spouse,Exec-managerial,Husband,White,Male,0,0,45,United-States,0.7256947638070179,0
46,Self-emp-not-inc,246212,Masters,14,Married-civ-spouse,Exec-managerial,Husband,White,Male,0,0,45,United-States,0.7256947638070179,0
37,Self-emp-not-inc,120130,Masters,14,Married-civ-spouse,Exec-managerial,Husband,White,Male,0,0,60,United-States,0.7256947638070179,0
42,Self-emp-not-inc,178780,Masters,14,Married-civ-spouse,Exec-managerial,Husband,White,Male,0,0,50,United-States,0.7256947638070179,0
50,Local-gov,100480,Masters,14,Married-civ-spouse,Exec-managerial,Husband,White,Male,0,0,60,United-States,0.7256947638070179,0
42,Self-emp-inc,443508,Doctorate,16,Married-civ-spouse,Prof-specialty,Husband,White,Male,0,0,45,United-States,0.7254302053102817,0
55,State-gov,117357,Doctorate,16,Married-civ-spouse,Prof-specialty,Husband,Asian-Pac-Islander,Male,0,0,70,?,0.7251964947979508,3
46,Private,117849,Masters,14,Married-civ-spouse,Exec-managerial,Husband,White,Male,0,0,55,United-States,0.7249925374563823,0
51,Private,146574,Masters,14,Married-civ-spouse,Exec-managerial,Husband,White,Male,0,0,50,United-States,0.7249925374563823,0
43,Private,456236,Masters,14,Married-civ-spouse,Exec-managerial,Husband,White,Male,0,0,50,United-States,0.7249925374563823,0
49,Private,281647,Masters,14,Married-civ-spouse,Exec-managerial,Husband,White,Male,0,0,45,United-States,0.7249925374563823,0
46,Private,123053,Masters,14,Married-civ-spouse,Exec-managerial,Husband,Asian-Pac-Islander,Male,0,0,50,Japan,0.7249925374563823,2
46,Private,155489,Masters,14,Married-civ-spouse,Exec-managerial,Husband,White,Male,0,0,50,United-States,0.7249925374563823,0
35,Federal-gov,105138,Prof-school,15,Married-civ-spouse,Prof-specialty,Husband,White,Male,0,0,55,United-States,0.7249619470751871,0
54,Self-emp-inc,99185,Doctorate,16,Married-civ-spouse,Prof-specialty,Husband,White,Male,0,0,50,?,0.724911650048422,0
49,Private,133969,Doctorate,16,Married-civ-spouse,Prof-specialty,Husband,Other,Male,0,0,50,United-States,0.7249007663127968,2
52,Self-emp-not-inc,123011,Prof-school,15,Married-civ-spouse,Prof-specialty,Husband,White,Male,0,0,50,United-States,0.7249007663127968,0
49,Private,262116,Prof-school,15,Married-civ-spouse,Prof-specialty,Husband,White,Male,0,0,48,United-States,0.7249007663127968,0
50,Private,178530,Prof-school,15,Married-civ-spouse,Prof-specialty,Husband,White,Male,0,0,60,United-States,0.7249007663127968,0
47,Private,185866,Prof-school,15,Married-civ-spouse,Prof-specialty,Husband,White,Male,0,0,60,?,0.7249007663127968,0
43,Self-emp-inc,286750,Prof-school,15,Married-civ-spouse,Prof-specialty,Husband,Black,Male,0,0,99,United-States,0.7248575533743085,2
39,Self-emp-inc,241153,Masters,14,Married-civ-spouse,Exec-managerial,Husband,White,Male,0,0,50,United-States,0.7248160148566856,0
59,Private,100313,HS-grad,9,Married-civ-spouse,Exec-managerial,Husband,White,Male,0,1887,40,United-States,0.7247042794643201,0
41,Private,116825,Masters,14,Married-civ-spouse,Prof-specialty,Husband,White,Male,0,0,55,United-States,0.7246130235271548,0
43,Private,304175,Masters,14,Married-civ-spouse,Prof-specialty,Husband,White,Male,0,0,50,United-States,0.7246130235271548,0
44,Private,104196,Masters,14,Married-civ-spouse,Prof-specialty,Husband,White,Male,0,0,45,United-States,0.7246130235271548,0
46,Private,265275,Masters,14,Married-civ-spouse,Prof-specialty,Husband,White,Male,0,0,60,United-States,0.7246130235271548,0
54,Private,177927,Masters,14,Married-civ-spouse,Prof-specialty,Husband,White,Male,0,0,60,United-States,0.7246130235271548,0
45,Private,127111,Masters,14,Married-civ-spouse,Prof-specialty,Husband,White,Male,0,0,55,United-States,0.7246130235271548,0
48,Private,131309,Masters,14,Married-civ-spouse,Prof-specialty,Husband,White,Male,0,0,45,United-States,0.7246130235271548,0
43,Private,174295,Masters,14,Married-civ-spouse,Prof-specialty,Husband,White,Male,0,0,55,United-States,0.7246130235271548,0
43,Private,102025,Masters,14,Married-civ-spouse,Prof-specialty,Husband,Other,Male,0,0,50,United-States,0.7246130235271548,2
50,State-gov,116211,Prof-school,15,Married-civ-spouse,Exec-managerial,Husband,White,Male,0,0,52,United-States,0.724528078868636,0
55,Private,125000,Prof-school,15,Married-civ-spouse,Exec-managerial,Husband,White,Male,0,0,60,United-States,0.724528078868636,0
61,Self-emp-not-inc,176965,Prof-school,15,Married-civ-spouse,Prof-specialty,Husband,White,Male,0,0,50,United-States,0.7245262112453631,0
40,Private,173590,Masters,14,Married-civ-spouse,Exec-managerial,Husband,White,Male,0,0,50,United-States,0.7243507190585067,0
42,Private,203554,Masters,14,Married-civ-spouse,Exec-managerial,Husband,White,Male,0,0,60,United-States,0.7243507190585067,0
39,Private,204501,Masters,14,Married-civ-spouse,Exec-managerial,Husband,White,Male,0,0,50,United-States,0.7243507190585067,0
40,Private,221172,Masters,14,Married-civ-spouse,Exec-managerial,Husband,White,Male,0,0,65,United-States,0.7243507190585067,0
49,Local-gov,174981,Masters,14,Married-civ-spouse,Exec-managerial,Husband,Black,Male,0,0,47,United-States,0.7242859318511755,0
40,Private,130760,Doctorate,16,Married-civ-spouse,Prof-specialty,Husband,White,Male,0,0,45,United-States,0.7242587547125137,0
39,Private,202027,Prof-school,15,Married-civ-spouse,Prof-specialty,Husband,White,Male,0,0,45,United-States,0.7242587547125137,0
42,Private,171841,Prof-school,15,Married-civ-spouse,Prof-specialty,Husband,White,Male,0,0,60,United-States,0.7242587547125137,0
39,Private,204527,Doctorate,16,Married-civ-spouse,Prof-specialty,Husband,White,Male,0,0,50,United-States,0.7242587547125137,0
41,Private,220531,Prof-school,15,Married-civ-spouse,Prof-specialty,Husband,White,Male,0,0,60,United-States,0.7242587547125137,0
40,Self-emp-not-inc,123306,Prof-school,15,Married-civ-spouse,Prof-specialty,Husband,White,Male,0,0,45,United-States,0.7242587547125137,0
40,Self-emp-inc,110862,Assoc-acdm,12,Married-civ-spouse,Craft-repair,Husband,White,Male,0,2377,50,United-States,0.7241769012925157,0
47,Private,141511,Doctorate,16,Married-civ-spouse,Prof-specialty,Husband,White,Male,0,0,60,United-States,0.7241631195207773,0
53,State-gov,246820,Doctorate,16,Married-civ-spouse,Prof-specialty,Husband,White,Male,0,0,50,United-States,0.7241631195207773,0
52,Self-emp-not-inc,289436,Doctorate,16,Married-civ-spouse,Prof-specialty,Husband,White,Male,0,0,60,United-States,0.7241631195207773,0
40,Private,193524,Doctorate,16,Married-civ-spouse,Prof-specialty,Husband,White,Male,0,0,60,United-States,0.7241631195207773,0
41,Local-gov,235951,Prof-school,15,Married-civ-spouse,Prof-specialty,Husband,White,Male,0,0,50,United-States,0.7241631195207773,0
38,Private,348739,Prof-school,15,Married-civ-spouse,Prof-specialty,Husband,White,Male,0,0,60,United-States,0.7241631195207773,0
38,Private,136081,Prof-school,15,Married-civ-spouse,Prof-specialty,Husband,White,Male,0,0,60,United-States,0.7241631195207773,0
41,Private,268183,Prof-school,15,Married-civ-spouse,Prof-specialty,Husband,White,Male,0,0,45,United-States,0.7241631195207773,0
37,Self-emp-not-inc,348739,Prof-school,15,Married-civ-spouse,Prof-specialty,Husband,White,Male,0,0,50,United-States,0.7241631195207773,0
53,State-gov,229465,Doctorate,16,Married-civ-spouse,Prof-specialty,Husband,White,Male,0,0,50,United-States,0.7241631195207773,0
44,State-gov,691903,Masters,14,Married-civ-spouse,Prof-specialty,Husband,Black,Male,0,0,60,United-States,0.7240761784373805,2
45,Private,114032,Prof-school,15,Married-civ-spouse,Prof-specialty,Husband,White,Male,0,0,60,United-States,0.7240495809059414,0
44,Private,277647,HS-grad,9,Married-civ-spouse,Sales,Husband,White,Male,0,1902,40,United-States,0.7240261390138255,0
61,Federal-gov,151369,Prof-school,15,Married-civ-spouse,Prof-specialty,Husband,White,Male,0,0,50,United-States,0.7240250442001828,0
36,Private,186865,Doctorate,16,Married-civ-spouse,Prof-specialty,Husband,White,Male,0,0,60,United-States,0.7238950833807052,0
36,Private,143123,Prof-school,15,Married-civ-spouse,Prof-specialty,Husband,White,Male,0,0,50,United-States,0.7238950833807052,0
63,Federal-gov,97855,Masters,14,Married-civ-spouse,Exec-managerial,Husband,White,Male,0,0,50,United-States,0.7237385894305911,0
44,Self-emp-not-inc,197558,Prof-school,15,Married-civ-spouse,Prof-specialty,Husband,White,Male,0,0,70,United-States,0.7236850079628977,0
38,Self-emp-inc,159179,Prof-school,15,Married-civ-spouse,Prof-specialty,Husband,White,Male,0,0,45,United-States,0.723666331730168,0
38,Private,277248,Masters,14,Married-civ-spouse,Exec-managerial,Husband,White,Male,0,0,60,Cuba,0.7236367717618131,0
40,Self-emp-inc,33126,Masters,14,Married-civ-spouse,Craft-repair,Husband,White,Male,0,0,50,United-States,0.7236233119940872,0
37,Local-gov,265038,Prof-school,15,Married-civ-spouse,Prof-specialty,Husband,White,Male,0,0,60,United-States,0.7235447430150176,0
40,Private,111483,Masters,14,Married-civ-spouse,Exec-managerial,Husband,White,Male,0,0,50,United-States,0.723498760842021,0
41,Self-emp-inc,94113,Masters,14,Married-civ-spouse,Exec-managerial,Husband,White,Male,0,0,60,United-States,0.723426760744808,0
48,State-gov,106377,Doctorate,16,Married-civ-spouse,Prof-specialty,Husband,White,Male,0,0,65,United-States,0.723344520919995,0
58,Self-emp-not-inc,130714,Masters,14,Married-civ-spouse,Exec-managerial,Husband,White,Male,0,0,50,United-States,0.7233223670439294,0
55,Local-gov,133201,Masters,14,Married-civ-spouse,Exec-managerial,Husband,White,Male,0,0,50,United-States,0.7233223670439294,0
61,Self-emp-not-inc,96073,Prof-school,15,Married-civ-spouse,Prof-specialty,Husband,White,Male,0,0,50,England,0.7232511397563466,0
53,Local-gov,204447,Masters,14,Married-civ-spouse,Exec-managerial,Husband,White,Male,0,0,43,United-States,0.7231729571820921,0
63,?,310396,9th,5,Married-civ-spouse,?,Husband,White,Male,5178,0,40,United-States,0.7231081055739583,0
41,Private,101593,Masters,14,Married-civ-spouse,Exec-managerial,Husband,White,Male,0,0,50,United-States,0.7229603701329864,0
43,Private,102180,Masters,14,Married-civ-spouse,Exec-managerial,Husband,White,Male,0,0,50,United-States,0.7229603701329864,0
41,Private,149909,HS-grad,9,Married-civ-spouse,Craft-repair,Husband,White,Male,0,1848,40,United-States,0.7228677617789682,1
59,Private,384246,Doctorate,16,Married-civ-spouse,Prof-specialty,Husband,White,Male,0,0,50,United-States,0.7228508243679065,0
59,Private,146391,Doctorate,16,Married-civ-spouse,Prof-specialty,Husband,White,Male,0,0,50,United-States,0.7228508243679065,0
36,Self-emp-not-inc,175769,Prof-school,15,Married-civ-spouse,Craft-repair,Husband,White,Male,0,0,60,United-States,0.7228282196862233,0
59,Private,151616,Masters,14,Married-civ-spouse,Prof-specialty,Husband,White,Male,0,0,55,United-States,0.722652856300972,0
40,Private,71738,Masters,14,Married-civ-spouse,Exec-managerial,Husband,White,Male,0,0,46,United-States,0.722520834655814,0
49,Private,81654,Prof-school,15,Married-civ-spouse,Prof-specialty,Husband,White,Male,0,0,60,United-States,0.7224779437213382,0
39,State-gov,99156,Doctorate,16,Married-civ-spouse,Prof-specialty,Husband,White,Male,0,0,50,United-States,0.7224779437213382,0
49,Private,99361,Prof-school,15,Married-civ-spouse,Prof-specialty,Husband,White,Male,0,0,45,United-States,0.7224779437213382,0
57,Local-gov,215175,Masters,14,Married-civ-spouse,Prof-specialty,Husband,White,Male,0,0,60,United-States,0.7222325122629493,0
44,Local-gov,145246,Masters,14,Married-civ-spouse,Prof-specialty,Husband,White,Male,0,0,44,United-States,0.7222325122629493,0
51,Local-gov,96678,Masters,14,Married-civ-spouse,Prof-specialty,Husband,White,Male,0,0,60,United-States,0.7222325122629493,0
43,Local-gov,174395,Masters,14,Married-civ-spouse,Prof-specialty,Husband,White,Male,0,0,50,United-States,0.7222325122629493,0
38,State-gov,104280,Doctorate,16,Married-civ-spouse,Prof-specialty,Husband,White,Male,0,0,55,United-States,0.7221526552678293,0
35,Private,316141,Some-college,10,Divorced,Prof-specialty,Unmarried,White,Female,7443,0,40,United-States,0.7221474388028255,1
38,State-gov,22245,Doctorate,16,Married-civ-spouse,Prof-specialty,Husband,White,Male,0,0,45,United-States,0.721901427737214,0
42,Local-gov,209752,Prof-school,15,Married-civ-spouse,Exec-managerial,Husband,White,Male,0,0,55,United-States,0.7218497782935961,0
47,Private,423222,Prof-school,15,Married-civ-spouse,Exec-managerial,Husband,White,Male,0,0,45,United-States,0.7218497782935961,0
39,Private,286789,Doctorate,16,Married-civ-spouse,Exec-managerial,Husband,White,Male,0,0,45,United-States,0.7218497782935961,0
37,Self-emp-not-inc,241463,HS-grad,9,Married-civ-spouse,Exec-managerial,Husband,White,Male,0,1848,65,United-States,0.7217689552864384,1
53,State-gov,58913,Masters,14,Married-civ-spouse,Exec-managerial,Husband,White,Male,0,0,42,United-States,0.7216545794611697,0
49,Local-gov,358668,Doctorate,16,Married-civ-spouse,Prof-specialty,Husband,White,Male,0,0,45,United-States,0.7216524542346867,0
37,Private,112497,Prof-school,15,Married-civ-spouse,Prof-specialty,Husband,White,Male,0,0,50,United-States,0.7216524542346867,0
42,Private,116632,Doctorate,16,Married-civ-spouse,Prof-specialty,Husband,White,Male,0,0,45,United-States,0.7216524542346867,0
41,Private,146908,Doctorate,16,Married-civ-spouse,Prof-specialty,Husband,White,Male,0,0,60,United-States,0.7216524542346867,0
37,Self-emp-not-inc,180150,Prof-school,15,Married-civ-spouse,Prof-specialty,Husband,White,Male,0,0,45,United-States,0.7216524542346867,0
48,Private,123075,Doctorate,16,Married-civ-spouse,Prof-specialty,Husband,White,Male,0,0,45,United-States,0.7216524542346867,0
51,Private,310774,Prof-school,15,Married-civ-spouse,Prof-specialty,Husband,White,Male,0,0,50,United-States,0.7216524542346867,0
45,Private,165484,Doctorate,16,Married-civ-spouse,Prof-specialty,Husband,White,Male,0,0,50,United-States,0.7216524542346867,0
42,Private,115511,Doctorate,16,Married-civ-spouse,Prof-specialty,Husband,White,Male,0,0,50,United-States,0.7216524542346867,0
44,Private,119281,Prof-school,15,Married-civ-spouse,Prof-specialty,Husband,White,Male,0,0,50,United-States,0.7216524542346867,0
46,Self-emp-not-inc,328216,Prof-school,15,Married-civ-spouse,Prof-specialty,Husband,White,Male,0,0,45,United-States,0.7216524542346867,0
50,Self-emp-not-inc,167728,Doctorate,16,Married-civ-spouse,Prof-specialty,Husband,White,Male,0,0,60,United-States,0.7216524542346867,0
41,Private,220531,Doctorate,16,Married-civ-spouse,Prof-specialty,Husband,White,Male,0,0,50,United-States,0.7216524542346867,0
60,Private,159049,Prof-school,15,Married-civ-spouse,Prof-specialty,Husband,White,Male,0,0,70,Germany,0.7216311375690538,0
40,Private,146908,HS-grad,9,Married-civ-spouse,Prof-specialty,Husband,White,Male,0,1902,40,United-States,0.721603574025577,0
51,Self-emp-inc,28765,Prof-school,15,Married-civ-spouse,Prof-specialty,Husband,White,Male,0,0,60,United-States,0.7215458709065226,0
35,Private,189623,Doctorate,16,Married-civ-spouse,Exec-managerial,Husband,White,Male,0,0,45,United-States,0.7214846901441322,0
55,Private,50164,Doctorate,16,Married-civ-spouse,Exec-managerial,Husband,White,Male,0,0,60,United-States,0.7213719243389265,0
55,Federal-gov,35723,Masters,14,Married-civ-spouse,Exec-managerial,Husband,White,Male,0,0,60,United-States,0.7212793159849084,0
56,Self-emp-not-inc,233312,Masters,14,Married-civ-spouse,Craft-repair,Husband,White,Male,0,0,50,United-States,0.7211628149331567,0
46,Self-emp-not-inc,148599,Masters,14,Married-civ-spouse,Craft-repair,Husband,White,Male,0,0,50,United-States,0.7211628149331567,0
49,Local-gov,337768,Masters,14,Married-civ-spouse,Exec-managerial,Husband,White,Male,0,0,50,United-States,0.7209650400686297,0
47,Self-emp-not-inc,218676,Masters,14,Married-civ-spouse,Exec-managerial,Husband,White,Male,0,0,45,United-States,0.7209650400686297,0
51,Private,138022,Masters,14,Married-civ-spouse,Exec-managerial,Husband,White,Male,0,0,60,United-States,0.7209650400686297,0
53,Private,201127,Masters,14,Married-civ-spouse,Exec-managerial,Husband,White,Male,0,0,48,United-States,0.7209650400686297,0
41,Local-gov,144995,Masters,14,Married-civ-spouse,Exec-managerial,Husband,White,Male,0,0,55,United-States,0.7209650400686297,0
46,Self-emp-not-inc,119944,Masters,14,Married-civ-spouse,Exec-managerial,Husband,White,Male,0,0,50,United-States,0.7209650400686297,0
54,Private,338620,Masters,14,Married-civ-spouse,Exec-managerial,Husband,White,Male,0,0,52,United-States,0.7209650400686297,0
50,Local-gov,234143,Masters,14,Married-civ-spouse,Exec-managerial,Husband,Black,Male,0,0,45,United-States,0.7209650400686297,0
43,Private,214781,Masters,14,Married-civ-spouse,Exec-managerial,Husband,White,Male,0,0,45,United-States,0.7209650400686297,0
41,Private,204662,Masters,14,Married-civ-spouse,Exec-managerial,Husband,White,Male,0,0,45,United-States,0.7209650400686297,0
37,Private,221850,Masters,14,Married-civ-spouse,Exec-managerial,Husband,White,Male,0,0,50,Ecuador,0.7209650400686297,0
45,Private,341762,Masters,14,Married-civ-spouse,Exec-managerial,Husband,White,Male,0,0,65,United-States,0.7209650400686297,0
44,Private,186916,Masters,14,Married-civ-spouse,Exec-managerial,Husband,White,Male,0,0,50,United-States,0.7209650400686297,0
55,Private,160662,Doctorate,16,Married-civ-spouse,Exec-managerial,Husband,White,Male,0,0,80,United-States,0.7207047964256621,0
74,?,169303,HS-grad,9,Married-civ-spouse,?,Husband,White,Male,6767,0,6,United-States,0.7205583490007405,1
58,Private,98725,Doctorate,16,Married-civ-spouse,Prof-specialty,Husband,White,Male,0,0,50,United-States,0.7204354722695397,0
58,Private,172618,Prof-school,15,Married-civ-spouse,Prof-specialty,Husband,White,Male,0,0,45,United-States,0.7204354722695397,0
38,Self-emp-not-inc,109133,Masters,14,Married-civ-spouse,Exec-managerial,Husband,White,Male,0,0,70,United-States,0.7203127243399441,0
36,Private,280169,Masters,14,Married-civ-spouse,Exec-managerial,Husband,White,Male,0,0,50,United-States,0.7200718653385338,0
40,State-gov,141858,Prof-school,15,Married-civ-spouse,Prof-specialty,Husband,White,Male,0,0,72,United-States,0.7199572319100551,0
36,Self-emp-inc,242080,Prof-school,15,Married-civ-spouse,Prof-specialty,Husband,White,Male,0,0,80,United-States,0.7199482801985054,0
34,Private,226443,Prof-school,15,Married-civ-spouse,Prof-specialty,Husband,White,Male,0,0,55,United-States,0.7199309563826285,0
38,Local-gov,115076,Masters,14,Married-civ-spouse,Exec-managerial,Husband,White,Male,0,0,70,United-States,0.7196158432559172,0
41,Private,116379,Masters,14,Married-civ-spouse,Prof-specialty,Husband,Asian-Pac-Islander,Male,0,0,55,Taiwan,0.7195734031270591,1
55,Local-gov,161662,Masters,14,Married-civ-spouse,Exec-managerial,Husband,White,Male,0,0,55,United-States,0.7195661902371773,0
51,Self-emp-not-inc,125417,Masters,14,Married-civ-spouse,Exec-managerial,Husband,White,Male,0,0,42,United-States,0.7192875923654926,0
55,Federal-gov,88876,Masters,14,Married-civ-spouse,Exec-managerial,Husband,Asian-Pac-Islander,Male,0,0,60,United-States,0.7191106833609808,1
50,Private,102346,Bachelors,13,Married-civ-spouse,Exec-managerial,Wife,White,Female,0,2415,20,United-States,0.7190841502303442,1
54,State-gov,312897,Doctorate,16,Married-civ-spouse,Prof-specialty,Husband,White,Male,0,0,46,England,0.7190315991754911,0
45,Self-emp-not-inc,216402,Prof-school,15,Married-civ-spouse,Prof-specialty,Husband,Asian-Pac-Islander,Male,0,0,50,India,0.7190315991754911,1
44,Self-emp-not-inc,149943,Prof-school,15,Married-civ-spouse,Prof-specialty,Husband,Asian-Pac-Islander,Male,0,0,60,Taiwan,0.7190315991754911,1
38,Private,241153,Masters,14,Married-civ-spouse,Exec-managerial,Husband,White,Male,0,0,48,United-States,0.7188842501393342,0
57,Private,245193,Masters,14,Married-civ-spouse,Exec-managerial,Husband,White,Male,0,0,60,United-States,0.7188842501393342,0
50,Private,237868,Masters,14,Married-civ-spouse,Exec-managerial,Husband,White,Male,0,0,50,United-States,0.7188842501393342,0
46,Private,139268,Masters,14,Married-civ-spouse,Exec-managerial,Husband,White,Male,0,0,45,United-States,0.7188842501393342,0
51,Private,123429,Masters,14,Married-civ-spouse,Exec-managerial,Husband,White,Male,0,0,50,United-States,0.7188842501393342,0
50,Private,158680,Masters,14,Married-civ-spouse,Exec-managerial,Husband,White,Male,0,0,50,United-States,0.7188842501393342,0
47,Private,158286,Masters,14,Married-civ-spouse,Exec-managerial,Husband,White,Male,0,0,50,United-States,0.7188842501393342,0
45,Private,142287,Masters,14,Married-civ-spouse,Exec-managerial,Husband,White,Male,0,0,50,United-States,0.7188842501393342,0
49,Private,193366,Masters,14,Married-civ-spouse,Exec-managerial,Husband,White,Male,0,0,65,United-States,0.7188842501393342,0
49,Private,170871,Masters,14,Married-civ-spouse,Exec-managerial,Husband,White,Male,0,0,45,United-States,0.7188842501393342,0
54,Private,421561,Masters,14,Married-civ-spouse,Exec-managerial,Husband,White,Male,0,0,45,United-States,0.7188842501393342,0
44,Private,116632,Masters,14,Married-civ-spouse,Exec-managerial,Husband,White,Male,0,0,50,United-States,0.7188842501393342,0
45,Private,260490,Masters,14,Married-civ-spouse,Exec-managerial,Husband,White,Male,0,0,50,United-States,0.7188842501393342,0
50,Self-emp-inc,160107,Masters,14,Married-civ-spouse,Prof-specialty,Husband,White,Male,0,0,55,United-States,0.7187147472271118,0
64,Private,98586,Doctorate,16,Married-civ-spouse,Prof-specialty,Husband,White,Male,0,0,60,United-States,0.7183933228217539,0
49,Private,185385,Masters,14,Married-civ-spouse,Prof-specialty,Husband,White,Male,0,0,50,United-States,0.7182448789719542,0
37,Self-emp-not-inc,112497,Masters,14,Married-civ-spouse,Exec-managerial,Husband,White,Male,0,0,50,United-States,0.7181930363259288,0
39,Private,96452,Masters,14,Married-civ-spouse,Exec-managerial,Husband,White,Male,0,0,55,United-States,0.7178349034631367,0
43,Private,227065,Masters,14,Married-civ-spouse,Exec-managerial,Husband,White,Male,0,0,43,United-States,0.7176815007515434,0
60,Private,151369,Masters,14,Married-civ-spouse,Exec-managerial,Husband,White,Male,0,0,60,United-States,0.7176618585067759,0
42,Private,383493,Masters,14,Married-civ-spouse,Prof-specialty,Husband,White,Male,0,0,50,United-States,0.717595976485802,0
42,Private,141558,Masters,14,Married-civ-spouse,Prof-specialty,Husband,White,Male,0,0,60,United-States,0.717595976485802,0
47,Local-gov,228372,Masters,14,Married-civ-spouse,Prof-specialty,Husband,White,Male,0,0,48,United-States,0.7175305452704456,0
45,State-gov,199326,Masters,14,Married-civ-spouse,Prof-specialty,Husband,White,Male,0,0,45,United-States,0.7175305452704456,0
47,Local-gov,172246,Masters,14,Married-civ-spouse,Prof-specialty,Husband,White,Male,0,0,60,United-States,0.7175305452704456,0
37,Private,51264,Doctorate,16,Married-civ-spouse,Prof-specialty,Husband,White,Male,0,0,99,France,0.7174461802191494,1
64,Private,192884,Prof-school,15,Married-civ-spouse,Exec-managerial,Husband,White,Male,0,0,60,United-States,0.7174240263430839,0
51,Private,160724,Doctorate,16,Married-civ-spouse,Prof-specialty,Husband,Asian-Pac-Islander,Male,0,0,99,South,0.7173293571633852,3
42,State-gov,102343,Prof-school,15,Married-civ-spouse,Prof-specialty,Husband,Asian-Pac-Islander,Male,0,0,72,India,0.7173293571633852,2
61,Private,232719,Masters,14,Married-civ-spouse,Prof-specialty,Husband,White,Male,0,0,50,United-States,0.7172718472467383,0
42,Self-emp-not-inc,54202,Prof-school,15,Married-civ-spouse,Prof-specialty,Husband,White,Male,0,0,50,United-States,0.7171748596381491,0
37,Private,40955,Prof-school,15,Married-civ-spouse,Prof-specialty,Husband,White,Male,0,0,50,United-States,0.7171748596381491,0
48,Self-emp-not-inc,246891,Prof-school,15,Married-civ-spouse,Craft-repair,Husband,White,Male,0,0,60,United-States,0.7166244903798464,0
55,Self-emp-not-inc,183810,Masters,14,Married-civ-spouse,Prof-specialty,Husband,White,Male,0,0,55,United-States,0.7165564831323894,0
41,Private,194360,HS-grad,9,Married-civ-spouse,Craft-repair,Husband,White,Male,0,1887,40,United-States,0.7164587871149725,0
46,Local-gov,36228,HS-grad,9,Married-civ-spouse,Craft-repair,Husband,White,Male,0,1902,40,United-States,0.7164587871149725,0
42,Private,213821,HS-grad,9,Married-civ-spouse,Craft-repair,Husband,White,Male,0,1887,40,United-States,0.7164587871149725,0
46,Private,403911,HS-grad,9,Married-civ-spouse,Craft-repair,Husband,Black,Male,0,1902,40,United-States,0.7164587871149725,0
35,Private,92028,Masters,14,Married-civ-spouse,Exec-managerial,Husband,White,Male,0,0,50,United-States,0.7163938067052337,0
37,Private,218490,Masters,14,Married-civ-spouse,Exec-managerial,Husband,White,Male,0,0,55,El-Salvador,0.7162519317372907,0
44,Private,178385,Masters,14,Married-civ-spouse,Exec-managerial,Husband,Asian-Pac-Islander,Male,0,0,48,India,0.7162519317372907,1
44,Self-emp-inc,212760,Bachelors,13,Married-civ-spouse,Exec-managerial,Husband,White,Male,0,0,60,United-States,0.7158756378481891,0
52,Federal-gov,221532,Bachelors,13,Married-civ-spouse,Exec-managerial,Husband,White,Male,0,0,45,United-States,0.7158756378481891,0
49,Self-emp-inc,315998,Bachelors,13,Married-civ-spouse,Exec-managerial,Husband,White,Male,0,0,50,United-States,0.7158756378481891,0
47,Self-emp-inc,362835,Bachelors,13,Married-civ-spouse,Exec-managerial,Husband,White,Male,0,0,50,United-States,0.7158756378481891,0
60,Local-gov,165982,Masters,14,Married-civ-spouse,Exec-managerial,Husband,White,Male,0,0,50,United-States,0.7158346789377888,0
37,Private,117381,Masters,14,Married-civ-spouse,Prof-specialty,Husband,White,Male,0,0,45,United-States,0.7158099490296227,0
38,Private,314310,Masters,14,Married-civ-spouse,Prof-specialty,Husband,White,Male,0,0,45,United-States,0.7158099490296227,0
41,Self-emp-not-inc,223763,Masters,14,Married-civ-spouse,Craft-repair,Husband,White,Male,0,0,65,United-States,0.7155884746697697,0
42,Self-emp-not-inc,206066,Masters,14,Married-civ-spouse,Prof-specialty,Husband,White,Male,0,0,65,United-States,0.7155743064932162,0
39,Local-gov,287031,Masters,14,Married-civ-spouse,Prof-specialty,Husband,White,Male,0,0,45,United-States,0.7155743064932162,0
47,Private,191411,Masters,14,Married-civ-spouse,Prof-specialty,Husband,Asian-Pac-Islander,Male,0,0,45,India,0.7155743064932162,1
45,Local-gov,287920,Masters,14,Married-civ-spouse,Prof-specialty,Husband,White,Male,0,0,50,United-States,0.7155743064932162,0
41,Private,233955,Masters,14,Married-civ-spouse,Prof-specialty,Husband,Asian-Pac-Islander,Male,0,0,45,China,0.7155743064932162,1
43,Private,196084,Masters,14,Married-civ-spouse,Prof-specialty,Husband,White,Male,0,0,55,United-States,0.7155743064932162,0
37,Private,340614,Masters,14,Married-civ-spouse,Prof-specialty,Husband,White,Male,0,0,50,United-States,0.7155743064932162,0
54,Local-gov,224934,Masters,14,Married-civ-spouse,Prof-specialty,Husband,White,Male,0,0,50,United-States,0.7155743064932162,0
37,State-gov,239409,Masters,14,Married-civ-spouse,Prof-specialty,Husband,White,Male,0,0,60,United-States,0.7155743064932162,0
42,State-gov,160369,Masters,14,Married-civ-spouse,Prof-specialty,Husband,White,Male,0,0,50,United-States,0.7155743064932162,0
49,Private,155489,Masters,14,Married-civ-spouse,Prof-specialty,Husband,White,Male,0,0,50,United-States,0.7155743064932162,0
49,Private,123681,Masters,14,Married-civ-spouse,Prof-specialty,Husband,White,Male,0,0,43,United-States,0.7155743064932162,0
52,Private,160703,Doctorate,16,Married-civ-spouse,Prof-specialty,Husband,White,Male,0,0,65,United-States,0.7155311579555304,0
43,Self-emp-not-inc,193494,Prof-school,15,Married-civ-spouse,Prof-specialty,Husband,White,Male,0,0,60,United-States,0.7155311579555304,0
40,Private,146908,Doctorate,16,Married-civ-spouse,Prof-specialty,Husband,White,Male,0,0,60,United-States,0.7155311579555304,0
45,Private,243631,Doctorate,16,Married-civ-spouse,Prof-specialty,Husband,Asian-Pac-Islander,Male,0,0,45,China,0.7155311579555304,1
50,Self-emp-not-inc,341797,Prof-school,15,Married-civ-spouse,Prof-specialty,Husband,White,Male,0,0,50,United-States,0.7155311579555304,0
50,Private,172175,Prof-school,15,Married-civ-spouse,Prof-specialty,Husband,White,Male,0,0,50,United-States,0.7155311579555304,0
50,Self-emp-not-inc,198581,Prof-school,15,Married-civ-spouse,Prof-specialty,Husband,White,Male,0,0,50,United-States,0.7155311579555304,0
48,Local-gov,328610,Prof-school,15,Married-civ-spouse,Prof-specialty,Husband,White,Male,0,0,45,United-States,0.7155311579555304,0
37,Private,167415,Prof-school,15,Married-civ-spouse,Prof-specialty,Husband,White,Male,0,0,60,United-States,0.7155311579555304,0
45,Private,178319,Doctorate,16,Married-civ-spouse,Prof-specialty,Husband,White,Male,0,0,56,United-States,0.7155311579555304,0
38,Private,108140,Masters,14,Married-civ-spouse,Prof-specialty,Husband,White,Male,0,0,50,United-States,0.7154675299626445,0
44,Private,106900,Masters,14,Married-civ-spouse,Prof-specialty,Husband,White,Male,0,0,44,United-States,0.7153868357570918,0
51,Private,108435,Masters,14,Married-civ-spouse,Prof-specialty,Husband,White,Male,0,0,47,United-States,0.7153868357570918,0
34,Private,182274,Some-college,10,Married-civ-spouse,Exec-managerial,Wife,White,Female,0,1887,40,United-States,0.7152664706571892,0
52,Local-gov,108083,Masters,14,Married-civ-spouse,Prof-specialty,Husband,White,Male,0,0,50,United-States,0.7148973896579693,0
41,Private,351161,HS-grad,9,Married-civ-spouse,Sales,Husband,White,Male,0,1848,45,United-States,0.7147887455041246,1
64,State-gov,216160,Doctorate,16,Married-civ-spouse,Prof-specialty,Husband,White,Male,0,0,50,Columbia,0.7146611675143403,0
61,Private,147280,Masters,14,Married-civ-spouse,Exec-managerial,Husband,White,Male,0,0,60,United-States,0.7145393855967823,0
60,Private,355865,Masters,14,Married-civ-spouse,Exec-managerial,Husband,White,Male,0,0,50,United-States,0.7145393855967823,0
47,Self-emp-not-inc,159869,Doctorate,16,Married-civ-spouse,Craft-repair,Husband,White,Male,0,0,50,United-States,0.714414319238296,0
53,Federal-gov,271544,HS-grad,9,Married-civ-spouse,Adm-clerical,Husband,Black,Male,0,1977,40,United-States,0.7143889453221046,1
46,Private,55720,Masters,14,Married-civ-spouse,Exec-managerial,Husband,White,Male,0,0,45,United-States,0.7143871420996342,0
51,Local-gov,108435,Masters,14,Married-civ-spouse,Prof-specialty,Husband,White,Male,0,0,80,United-States,0.7142400506666874,0
44,Self-emp-not-inc,103111,Prof-school,15,Married-civ-spouse,Prof-specialty,Husband,White,Male,0,0,60,United-States,0.7140235351686283,0
46,Self-emp-not-inc,103538,Prof-school,15,Married-civ-spouse,Prof-specialty,Husband,White,Male,0,0,65,United-States,0.7140235351686283,0
46,Private,99835,Prof-school,15,Married-civ-spouse,Prof-specialty,Husband,White,Male,0,0,60,United-States,0.7140235351686283,0
52,Private,110748,Masters,14,Married-civ-spouse,Prof-specialty,Husband,White,Male,0,0,50,United-States,0.7139384617085045,0
39,Private,230054,Masters,14,Married-civ-spouse,Prof-specialty,Husband,White,Male,0,0,50,United-States,0.7139384617085045,0
41,Private,177905,Masters,14,Married-civ-spouse,Prof-specialty,Husband,White,Male,0,0,45,United-States,0.7139384617085045,0
43,Local-gov,34640,HS-grad,9,Married-civ-spouse,Exec-managerial,Husband,Other,Male,0,1887,40,United-States,0.7138876494753192,1
51,Local-gov,33863,Masters,14,Married-civ-spouse,Prof-specialty,Husband,White,Male,0,0,45,United-States,0.7138363220357139,0
36,Self-emp-not-inc,408427,Prof-school,15,Married-civ-spouse,Prof-specialty,Husband,White,Male,0,0,60,United-States,0.713716665344639,0
34,Private,192002,Masters,14,Married-civ-spouse,Prof-specialty,Husband,White,Male,0,0,55,United-States,0.7137148621221685,0
47,State-gov,80914,Masters,14,Married-civ-spouse,Exec-managerial,Husband,White,Male,0,0,47,United-States,0.71369109822604,0
41,Private,287306,HS-grad,9,Married-civ-spouse,Prof-specialty,Husband,White,Male,0,1902,40,United-States,0.713418682831397,0
45,State-gov,35969,Masters,14,Married-civ-spouse,Prof-specialty,Husband,White,Male,0,0,60,United-States,0.7133946613320584,0
47,Local-gov,36169,Masters,14,Married-civ-spouse,Prof-specialty,Husband,White,Male,0,0,60,United-States,0.7133946613320584,0
48,State-gov,44434,Masters,14,Married-civ-spouse,Prof-specialty,Husband,White,Male,0,0,61,United-States,0.7133946613320584,0
51,Local-gov,116286,Masters,14,Married-civ-spouse,Prof-specialty,Husband,White,Male,0,0,60,United-States,0.7132419026284902,0
45,Local-gov,188823,Masters,14,Married-civ-spouse,Prof-specialty,Husband,White,Male,0,0,50,United-States,0.7132419026284902,0
42,Local-gov,328581,Masters,14,Married-civ-spouse,Prof-specialty,Husband,White,Male,0,0,55,United-States,0.7132419026284902,0
35,State-gov,226789,Masters,14,Married-civ-spouse,Prof-specialty,Husband,White,Male,0,0,75,United-States,0.7132238704037858,0
47,Private,114459,Doctorate,16,Married-civ-spouse,Prof-specialty,Husband,White,Male,0,0,50,United-States,0.7132031333453756,0
54,Private,139850,Masters,14,Married-civ-spouse,Exec-managerial,Husband,Asian-Pac-Islander,Male,0,0,45,United-States,0.7130094157314071,1
53,State-gov,123011,Masters,14,Married-civ-spouse,Exec-managerial,Husband,White,Male,0,0,60,United-States,0.7130094157314071,0
38,Private,169104,Masters,14,Married-civ-spouse,Exec-managerial,Husband,White,Male,0,0,60,United-States,0.7130094157314071,0
57,Private,159319,Masters,14,Married-civ-spouse,Exec-managerial,Husband,White,Male,0,0,50,United-States,0.7130094157314071,0
55,State-gov,200497,Masters,14,Married-civ-spouse,Exec-managerial,Husband,White,Male,0,0,45,United-States,0.7130094157314071,0
53,State-gov,197184,Masters,14,Married-civ-spouse,Exec-managerial,Husband,White,Male,0,0,70,United-States,0.7130094157314071,0
46,Private,268022,Masters,14,Married-civ-spouse,Exec-managerial,Husband,White,Male,0,0,55,?,0.7130094157314071,0
45,Private,188950,Masters,14,Married-civ-spouse,Exec-managerial,Husband,White,Male,0,0,50,United-States,0.7130094157314071,0
40,Private,259307,Masters,14,Married-civ-spouse,Exec-managerial,Husband,White,Male,0,0,50,United-States,0.7130094157314071,0
50,Private,176157,Masters,14,Married-civ-spouse,Exec-managerial,Husband,White,Male,0,0,50,United-States,0.7130094157314071,0
53,Private,229465,Masters,14,Married-civ-spouse,Exec-managerial,Husband,White,Male,0,0,55,United-States,0.7130094157314071,0
46,Local-gov,209057,Masters,14,Married-civ-spouse,Exec-managerial,Husband,White,Male,0,0,50,United-States,0.7130094157314071,0
40,Local-gov,319271,Masters,14,Married-civ-spouse,Exec-managerial,Husband,White,Male,0,0,60,United-States,0.7130094157314071,0
49,Private,181363,Masters,14,Married-civ-spouse,Exec-managerial,Husband,White,Male,0,0,45,United-States,0.7130094157314071,0
50,Self-emp-not-inc,42402,Prof-school,15,Married-civ-spouse,Prof-specialty,Husband,White,Male,0,2415,30,United-States,0.7129329719788204,1
40,Private,32627,Masters,14,Married-civ-spouse,Prof-specialty,Husband,White,Male,0,0,60,United-States,0.7128862169961937,0
37,Private,50837,Masters,14,Married-civ-spouse,Prof-specialty,Husband,White,Male,0,0,45,United-States,0.7128862169961937,0
41,Local-gov,67671,Masters,14,Married-civ-spouse,Prof-specialty,Husband,White,Male,0,0,50,United-States,0.7128862169961937,0
50,Local-gov,30682,Masters,14,Married-civ-spouse,Prof-specialty,Husband,White,Male,0,0,50,United-States,0.7128862169961937,0
53,Self-emp-not-inc,46704,Masters,14,Married-civ-spouse,Prof-specialty,Husband,White,Male,0,0,50,United-States,0.7128862169961937,0
56,Private,314149,Doctorate,16,Married-civ-spouse,Prof-specialty,Husband,White,Male,0,0,50,United-States,0.7127123348294002,0
58,Private,115605,Masters,14,Married-civ-spouse,Prof-specialty,Husband,White,Male,0,0,50,United-States,0.7127067319595813,0
34,Private,294064,Masters,14,Married-civ-spouse,Exec-managerial,Husband,White,Male,0,0,50,France,0.7126664814580088,0
36,Local-gov,114719,Masters,14,Married-civ-spouse,Prof-specialty,Husband,White,Male,0,0,50,United-States,0.7125097299046845,0
52,Self-emp-inc,132178,Bachelors,13,Married-civ-spouse,Exec-managerial,Husband,White,Male,0,0,50,United-States,0.7123580016139566,0
44,Federal-gov,191295,Bachelors,13,Married-civ-spouse,Exec-managerial,Husband,Black,Male,0,0,48,United-States,0.7123580016139566,0
49,Self-emp-inc,197038,Bachelors,13,Married-civ-spouse,Exec-managerial,Husband,White,Male,0,0,50,United-States,0.7123580016139566,0
45,Self-emp-inc,188330,Bachelors,13,Married-civ-spouse,Exec-managerial,Husband,White,Male,0,0,60,United-States,0.7123580016139566,0
54,Self-emp-inc,298215,Bachelors,13,Married-civ-spouse,Exec-managerial,Husband,White,Male,0,0,50,United-States,0.7123580016139566,0
35,Self-emp-not-inc,198841,Prof-school,15,Married-civ-spouse,Prof-specialty,Husband,White,Male,0,0,50,United-States,0.7122354468867684,0
34,Private,117963,Prof-school,15,Married-civ-spouse,Prof-specialty,Husband,White,Male,0,0,50,United-States,0.7122354468867684,0
22,Self-emp-not-inc,214014,Some-college,10,Never-married,Sales,Own-child,Black,Male,99999,0,55,United-States,0.7122197330909545,1
46,Self-emp-inc,125892,Masters,14,Married-civ-spouse,Sales,Husband,White,Male,0,0,50,United-States,0.7121768421564788,0
59,State-gov,186308,Masters,14,Married-civ-spouse,Prof-specialty,Husband,White,Male,0,0,50,United-States,0.7120088848635168,0
60,Local-gov,204062,Masters,14,Married-civ-spouse,Prof-specialty,Husband,White,Male,0,0,48,United-States,0.7120088848635168,0
26,Private,164488,Masters,14,Married-civ-spouse,Prof-specialty,Husband,White,Male,0,1887,40,United-States,0.7118280474100516,0
52,Self-emp-not-inc,42984,Prof-school,15,Married-civ-spouse,Prof-specialty,Husband,White,Male,0,0,70,United-States,0.7116815355843273,0
41,State-gov,36999,Masters,14,Married-civ-spouse,Prof-specialty,Husband,White,Male,0,0,75,United-States,0.7115199539708145,0
64,Private,47298,Doctorate,16,Married-civ-spouse,Prof-specialty,Husband,White,Male,0,0,60,United-States,0.7113096853505994,0
69,State-gov,203072,Doctorate,16,Married-civ-spouse,Prof-specialty,Husband,White,Male,0,0,50,United-States,0.7113014420478773,0
66,Self-emp-not-inc,291362,Prof-school,15,Married-civ-spouse,Prof-specialty,Husband,White,Male,0,0,50,United-States,0.7113014420478773,0
43,Self-emp-inc,188436,Masters,14,Married-civ-spouse,Exec-managerial,Husband,White,Male,5013,0,45,United-States,0.7112537854540154,0
65,Self-emp-inc,172684,Bachelors,13,Married-civ-spouse,Exec-managerial,Husband,White,Male,0,0,44,Mexico,0.7112079320826239,0
44,Private,267717,Masters,14,Married-civ-spouse,Prof-specialty,Husband,White,Male,0,0,42,United-States,0.7111477817330739,0
51,Federal-gov,237819,Bachelors,13,Married-civ-spouse,Prof-specialty,Husband,White,Male,0,0,50,United-States,0.7111315527308398,0
44,Federal-gov,344060,Prof-school,15,Married-civ-spouse,Prof-specialty,Husband,White,Male,0,0,40,United-States,0.711102250365695,0
36,Federal-gov,403489,Masters,14,Married-civ-spouse,Prof-specialty,Husband,White,Male,0,0,45,United-States,0.7110817065096924,0
26,Private,291968,Prof-school,15,Married-civ-spouse,Prof-specialty,Husband,White,Male,0,1977,40,United-States,0.7110176277111888,0
35,Private,374524,Prof-school,15,Married-civ-spouse,Prof-specialty,Husband,White,Male,0,0,75,United-States,0.7109952806327157,0
57,Private,49893,Masters,14,Married-civ-spouse,Prof-specialty,Husband,White,Male,0,0,60,United-States,0.7107294985207318,0
52,Private,74024,Masters,14,Married-civ-spouse,Prof-specialty,Husband,White,Male,0,0,45,United-States,0.7107294985207318,0
49,Self-emp-not-inc,51620,Doctorate,16,Married-civ-spouse,Prof-specialty,Husband,White,Male,0,0,60,United-States,0.7106137702786103,0
59,Private,322691,Masters,14,Married-civ-spouse,Prof-specialty,Husband,White,Male,0,0,50,United-States,0.710584918719083,0
52,Self-emp-inc,138497,Bachelors,13,Married-civ-spouse,Exec-managerial,Husband,White,Male,0,0,60,United-States,0.7105520099089974,0
45,Self-emp-inc,173664,Bachelors,13,Married-civ-spouse,Exec-managerial,Husband,White,Male,0,0,45,United-States,0.7105520099089974,0
68,Self-emp-not-inc,89011,Doctorate,16,Married-civ-spouse,Prof-specialty,Husband,White,Male,0,0,50,Canada,0.7104434945567577,0
42,Self-emp-inc,119281,Bachelors,13,Married-civ-spouse,Exec-managerial,Husband,White,Male,0,0,60,United-States,0.7102918950676348,0
39,Self-emp-inc,172538,Bachelors,13,Married-civ-spouse,Prof-specialty,Husband,White,Male,0,0,50,United-States,0.7102738628429303,0
42,Self-emp-inc,348886,Bachelors,13,Married-civ-spouse,Exec-managerial,Husband,White,Male,0,0,45,United-States,0.71001303959274,0
43,Self-emp-inc,198316,Bachelors,13,Married-civ-spouse,Exec-managerial,Husband,White,Male,0,0,50,United-States,0.71001303959274,0
39,Self-emp-inc,189092,Bachelors,13,Married-civ-spouse,Exec-managerial,Husband,White,Male,0,0,45,United-States,0.71001303959274,0
41,Self-emp-inc,397280,Bachelors,13,Married-civ-spouse,Exec-managerial,Husband,White,Male,0,0,72,?,0.71001303959274,0
58,Self-emp-inc,258883,Bachelors,13,Married-civ-spouse,Prof-specialty,Husband,White,Male,0,0,60,United-States,0.7098946065169128,0
19,?,200790,12th,8,Married-civ-spouse,?,Other-relative,White,Female,15024,0,40,United-States,0.7098868140198085,0
38,Self-emp-inc,308686,Bachelors,13,Married-civ-spouse,Prof-specialty,Husband,White,Male,0,0,70,United-States,0.7096636008382876,0
48,Self-emp-inc,81513,Bachelors,13,Married-civ-spouse,Exec-managerial,Husband,White,Male,0,0,50,United-States,0.7096567099524184,0
36,Private,185099,Prof-school,15,Married-civ-spouse,Prof-specialty,Husband,White,Male,0,0,55,United-States,0.7095937259675577,0
36,Private,356838,Doctorate,16,Married-civ-spouse,Prof-specialty,Husband,White,Male,0,0,50,Canada,0.7095937259675577,0
36,Private,150601,Prof-school,15,Married-civ-spouse,Prof-specialty,Husband,White,Male,0,0,50,?,0.7095937259675577,0
59,Private,108496,Masters,14,Married-civ-spouse,Exec-managerial,Husband,White,Male,0,0,45,United-States,0.709565196412043,0
59,Private,75867,Masters,14,Married-civ-spouse,Prof-specialty,Husband,White,Male,0,0,60,United-States,0.7094917794971746,0
41,Private,253060,Prof-school,15,Married-civ-spouse,Sales,Husband,White,Male,0,0,50,United-States,0.7094783197294487,0
40,Private,51290,Masters,14,Married-civ-spouse,Prof-specialty,Husband,White,Male,0,0,50,United-States,0.709407092441866,0
36,Private,180667,HS-grad,9,Married-civ-spouse,Craft-repair,Husband,White,Male,0,1887,60,United-States,0.709309396424449,0
39,Self-emp-not-inc,336793,Masters,14,Married-civ-spouse,Craft-repair,Husband,White,Male,0,0,55,United-States,0.7093050171698779,0
47,Federal-gov,102771,Doctorate,16,Married-civ-spouse,Prof-specialty,Husband,White,Male,0,0,40,United-States,0.7090294461359115,0
59,Self-emp-inc,146477,Prof-school,15,Married-civ-spouse,Prof-specialty,Husband,White,Male,0,0,40,United-States,0.7090058754421905,0
36,Private,531055,HS-grad,9,Married-civ-spouse,Craft-repair,Husband,White,Male,0,1902,48,United-States,0.7088849951358678,0
45,Local-gov,54190,Masters,14,Married-civ-spouse,Prof-specialty,Husband,White,Male,0,0,50,United-States,0.708705832103268,0
42,Federal-gov,132125,Bachelors,13,Married-civ-spouse,Exec-managerial,Husband,White,Male,0,0,52,United-States,0.7085964795405957,0
48,Self-emp-inc,51579,Bachelors,13,Married-civ-spouse,Exec-managerial,Husband,White,Male,0,0,60,United-States,0.7084048871531102,0
24,Private,243190,Assoc-acdm,12,Separated,Craft-repair,Unmarried,Asian-Pac-Islander,Male,8614,0,40,United-States,0.7082654594156629,2
36,Private,199439,Masters,14,Married-civ-spouse,Exec-managerial,Husband,White,Male,0,0,45,United-States,0.7081474771454533,0
41,Private,37869,HS-grad,9,Married-civ-spouse,Sales,Husband,White,Male,0,1902,40,United-States,0.7080601496572415,0
57,Local-gov,52267,Masters,14,Married-civ-spouse,Exec-managerial,Husband,White,Male,0,0,50,United-States,0.7079239419599199,0
35,Private,186845,Prof-school,15,Married-civ-spouse,Prof-specialty,Husband,White,Male,0,0,45,United-States,0.7079011440758292,0
36,Self-emp-not-inc,342719,Doctorate,16,Married-civ-spouse,Prof-specialty,Husband,White,Male,0,0,45,?,0.7077991976054462,0
36,Self-emp-not-inc,180686,Prof-school,15,Married-civ-spouse,Prof-specialty,Husband,White,Male,0,0,50,United-States,0.7075490004876711,0
38,Private,91039,Masters,14,Married-civ-spouse,Exec-managerial,Husband,White,Male,0,0,65,United-States,0.7073067246686054,0
57,Self-emp-inc,165881,Prof-school,15,Married-civ-spouse,Prof-specialty,Husband,White,Male,0,0,40,United-States,0.7070247135543875,0
37,Private,49115,Masters,14,Married-civ-spouse,Exec-managerial,Husband,White,Male,0,0,60,United-States,0.7068502517803713,0
49,State-gov,122066,Masters,14,Married-civ-spouse,Prof-specialty,Husband,White,Male,0,0,45,United-States,0.7066044983179698,0
41,Local-gov,195897,Masters,14,Married-civ-spouse,Prof-specialty,Husband,White,Male,0,0,60,United-States,0.7066044983179698,0
48,Private,148995,Masters,14,Married-civ-spouse,Prof-specialty,Husband,White,Male,0,0,55,United-States,0.7066044983179698,0
45,Private,178341,Masters,14,Married-civ-spouse,Prof-specialty,Husband,White,Male,0,0,50,United-States,0.7066044983179698,0
43,Private,346321,Masters,14,Married-civ-spouse,Prof-specialty,Husband,White,Male,0,0,45,United-States,0.7066044983179698,0
44,State-gov,167265,Masters,14,Married-civ-spouse,Prof-specialty,Husband,White,Male,0,0,60,United-States,0.7066044983179698,0
48,Local-gov,177018,Masters,14,Married-civ-spouse,Prof-specialty,Husband,White,Male,0,0,50,United-States,0.7066044983179698,0
39,Local-gov,249392,Masters,14,Married-civ-spouse,Prof-specialty,Husband,White,Male,0,0,72,United-States,0.7066044983179698,0
62,Private,205643,Prof-school,15,Married-civ-spouse,Craft-repair,Husband,White,Male,0,0,45,United-States,0.7064972709817805,0
35,Private,49020,Masters,14,Married-civ-spouse,Exec-managerial,Husband,White,Male,0,0,60,United-States,0.706343224262162,0
37,Self-emp-inc,126569,Bachelors,13,Married-civ-spouse,Craft-repair,Husband,White,Male,0,0,60,United-States,0.706319524766836,0
50,Private,192982,HS-grad,9,Married-civ-spouse,Tech-support,Husband,White,Male,0,1848,40,United-States,0.7062133922442895,1
47,Federal-gov,197038,Bachelors,13,Married-civ-spouse,Prof-specialty,Husband,White,Male,0,0,50,United-States,0.7059425868697092,0
51,Self-emp-inc,162943,Prof-school,15,Married-civ-spouse,Prof-specialty,Husband,White,Male,0,0,40,United-States,0.7058774132575629,0
33,Self-emp-inc,239018,Doctorate,16,Married-civ-spouse,Prof-specialty,Husband,White,Male,0,0,60,United-States,0.7058507513253213,0
66,Self-emp-inc,179951,Bachelors,13,Married-civ-spouse,Exec-managerial,Husband,White,Male,0,0,70,United-States,0.7055688046119057,0
64,Private,134378,Masters,14,Married-civ-spouse,Exec-managerial,Husband,White,Male,0,0,50,United-States,0.7054774198731354,0
34,Private,165737,Masters,14,Married-civ-spouse,Prof-specialty,Husband,Asian-Pac-Islander,Male,0,0,43,India,0.705246285392905,1
50,Private,128143,Bachelors,13,Married-civ-spouse,Exec-managerial,Husband,White,Male,0,0,50,United-States,0.7042632715432992,0
48,Private,138970,Bachelors,13,Married-civ-spouse,Exec-managerial,Husband,White,Male,0,0,45,United-States,0.7042632715432992,0
39,Private,214816,Bachelors,13,Married-civ-spouse,Exec-managerial,Husband,White,Male,0,0,60,United-States,0.7042632715432992,0
53,Private,129525,Bachelors,13,Married-civ-spouse,Exec-managerial,Husband,White,Male,0,0,50,United-States,0.7042632715432992,0
47,Private,212120,Bachelors,13,Married-civ-spouse,Exec-managerial,Husband,White,Male,0,0,45,United-States,0.7042632715432992,0
46,Private,330087,Bachelors,13,Married-civ-spouse,Exec-managerial,Husband,White,Male,0,0,55,United-States,0.7042632715432992,0
38,Private,368140,Bachelors,13,Married-civ-spouse,Exec-managerial,Husband,White,Male,0,0,50,United-States,0.7042632715432992,0
49,Private,110243,Bachelors,13,Married-civ-spouse,Exec-managerial,Husband,White,Male,0,0,45,United-States,0.7042632715432992,0
49,Private,224393,Bachelors,13,Married-civ-spouse,Exec-managerial,Husband,White,Male,0,0,55,United-States,0.7042632715432992,0
39,Private,154641,Bachelors,13,Married-civ-spouse,Exec-managerial,Husband,White,Male,0,0,45,United-States,0.7042632715432992,0
47,Private,129513,Bachelors,13,Married-civ-spouse,Exec-managerial,Husband,White,Male,0,0,60,United-States,0.7042632715432992,0
45,Private,266860,Bachelors,13,Married-civ-spouse,Exec-managerial,Husband,White,Male,0,0,50,United-States,0.7042632715432992,0
38,Private,229015,Bachelors,13,Married-civ-spouse,Exec-managerial,Husband,White,Male,0,0,50,United-States,0.7042632715432992,0
37,Private,140854,Bachelors,13,Married-civ-spouse,Exec-managerial,Husband,White,Male,0,0,50,United-States,0.7042632715432992,0
43,Private,187795,Bachelors,13,Married-civ-spouse,Exec-managerial,Husband,White,Male,0,0,45,United-States,0.7042632715432992,0
40,Private,273425,Bachelors,13,Married-civ-spouse,Exec-managerial,Husband,White,Male,0,0,50,United-States,0.7042632715432992,0
57,Private,112840,Masters,14,Married-civ-spouse,Prof-specialty,Husband,White,Male,0,0,55,United-States,0.7042454325210021,0
50,Self-emp-inc,123429,Bachelors,13,Married-civ-spouse,Prof-specialty,Husband,White,Male,0,0,45,Italy,0.7041238438058518,0
42,Federal-gov,294431,Masters,14,Married-civ-spouse,Prof-specialty,Husband,White,Male,0,0,40,United-States,0.7041206237657259,0
62,Private,162245,Prof-school,15,Married-civ-spouse,Prof-specialty,Husband,White,Male,0,1628,70,United-States,0.7039892461285931,1
60,Federal-gov,165630,HS-grad,9,Married-civ-spouse,Tech-support,Husband,White,Male,0,1977,40,United-States,0.7039853176796396,0
72,Self-emp-not-inc,285408,Prof-school,15,Married-civ-spouse,Prof-specialty,Husband,White,Male,0,2246,28,United-States,0.7038718434656063,1
37,Self-emp-inc,205852,Bachelors,13,Married-civ-spouse,Prof-specialty,Husband,White,Male,0,0,45,United-States,0.703856966880225,0
66,Self-emp-not-inc,427422,Doctorate,16,Married-civ-spouse,Sales,Husband,White,Male,0,2377,25,United-States,0.7036412241917961,2
40,Self-emp-inc,301007,Bachelors,13,Married-civ-spouse,Prof-specialty,Husband,White,Male,0,0,60,United-States,0.7035797214253932,0
49,Self-emp-not-inc,263568,Bachelors,13,Married-civ-spouse,Exec-managerial,Husband,White,Male,0,0,60,United-States,0.7035567303388949,0
38,Local-gov,421446,Bachelors,13,Married-civ-spouse,Exec-managerial,Husband,Black,Male,0,0,50,United-States,0.7035567303388949,0
56,Self-emp-not-inc,258752,Bachelors,13,Married-civ-spouse,Exec-managerial,Husband,White,Male,0,0,60,United-States,0.7035567303388949,0
45,Self-emp-inc,32356,Bachelors,13,Married-civ-spouse,Exec-managerial,Husband,White,Male,0,0,51,United-States,0.7032473488836075,0
41,Private,92775,Bachelors,13,Married-civ-spouse,Exec-managerial,Husband,White,Male,0,0,60,United-States,0.70321720930803,0
45,Private,90758,Bachelors,13,Married-civ-spouse,Exec-managerial,Husband,White,Male,0,0,55,United-States,0.70321720930803,0
39,Private,216256,Bachelors,13,Married-civ-spouse,Exec-managerial,Husband,White,Male,0,0,60,Italy,0.7031843004979442,0
56,Federal-gov,67153,Masters,14,Married-civ-spouse,Exec-managerial,Husband,White,Male,0,0,40,Portugal,0.7030824184283637,0
52,Self-emp-inc,179951,Prof-school,15,Married-civ-spouse,Exec-managerial,Husband,White,Male,0,0,40,United-States,0.7030424899308038,0
51,Federal-gov,73670,Doctorate,16,Married-civ-spouse,Prof-specialty,Husband,White,Male,4386,0,52,United-States,0.7028961713074872,0
44,Self-emp-inc,69333,Bachelors,13,Married-civ-spouse,Craft-repair,Husband,White,Male,0,0,50,United-States,0.7028119994585986,0
63,Local-gov,57674,Masters,14,Married-civ-spouse,Prof-specialty,Husband,White,Male,0,0,48,United-States,0.7027660816864046,0
50,Self-emp-inc,104849,Prof-school,15,Married-civ-spouse,Prof-specialty,Husband,Asian-Pac-Islander,Male,0,0,40,India,0.7025658595913821,1
48,Local-gov,378221,Bachelors,13,Married-civ-spouse,Exec-managerial,Husband,White,Male,0,0,60,Mexico,0.7024766644798972,0
31,?,85077,Bachelors,13,Married-civ-spouse,?,Wife,White,Female,0,1902,20,United-States,0.7024350615614718,1
53,State-gov,53197,Doctorate,16,Married-civ-spouse,Adm-clerical,Husband,White,Male,0,0,50,United-States,0.7023964854807646,0
43,Self-emp-not-inc,101534,Some-college,10,Married-civ-spouse,Exec-managerial,Husband,White,Male,0,1902,15,United-States,0.7023785820576652,1
36,Private,107302,Masters,14,Married-civ-spouse,Prof-specialty,Husband,White,Male,0,0,60,United-States,0.7021200772363655,0
55,Private,32365,Bachelors,13,Married-civ-spouse,Exec-managerial,Husband,White,Male,0,0,45,United-States,0.7020844635925741,0
74,Self-emp-not-inc,292915,Bachelors,13,Married-civ-spouse,Exec-managerial,Husband,White,Male,0,1825,12,United-States,0.7020677193839199,1
44,Private,209174,Bachelors,13,Married-civ-spouse,Exec-managerial,Husband,White,Male,0,0,70,United-States,0.7020664313678696,0
42,Self-emp-inc,120277,Masters,14,Married-civ-spouse,Exec-managerial,Husband,White,Male,0,0,40,United-States,0.7019535367610589,0
42,Federal-gov,122861,Masters,14,Married-civ-spouse,Exec-managerial,Husband,White,Male,0,0,40,United-States,0.7019535367610589,0
37,Federal-gov,325538,Masters,14,Married-civ-spouse,Prof-specialty,Husband,White,Male,0,0,40,?,0.7019427818270386,0
64,Federal-gov,175534,Doctorate,16,Married-civ-spouse,Prof-specialty,Husband,Asian-Pac-Islander,Male,0,0,40,China,0.7017158977997744,3
43,Self-emp-not-inc,198096,Masters,14,Married-civ-spouse,Sales,Husband,White,Male,0,0,60,United-States,0.7016165917622945,0
52,Self-emp-not-inc,240013,Masters,14,Married-civ-spouse,Sales,Husband,White,Male,0,0,70,United-States,0.7016165917622945,0
56,Private,161662,Bachelors,13,Married-civ-spouse,Exec-managerial,Husband,White,Male,0,0,42,United-States,0.7014327274711111,0
22,Private,233955,Bachelors,13,Never-married,Prof-specialty,Not-in-family,Amer-Indian-Eskimo,Female,14344,0,40,United-States,0.7013449491772816,1
22,Private,195532,Bachelors,13,Never-married,Prof-specialty,Not-in-family,White,Female,8614,0,40,United-States,0.7013449491772816,1
40,Self-emp-inc,99185,Bachelors,13,Married-civ-spouse,Prof-specialty,Husband,White,Male,0,0,60,United-States,0.7011221224005759,0
40,Federal-gov,280167,Masters,14,Married-civ-spouse,Prof-specialty,Husband,White,Male,0,0,40,United-States,0.7010825159070284,0
30,Self-emp-inc,173858,Some-college,10,Married-civ-spouse,Exec-managerial,Husband,Asian-Pac-Islander,Male,0,1902,40,South,0.7008112597268306,1
37,Private,77820,Bachelors,13,Married-civ-spouse,Exec-managerial,Husband,White,Male,0,0,50,United-States,0.7007455065074617,0
46,Private,79874,Bachelors,13,Married-civ-spouse,Exec-managerial,Husband,White,Male,0,0,53,United-States,0.7007455065074617,0
37,Private,86551,Bachelors,13,Married-civ-spouse,Exec-managerial,Husband,White,Male,0,0,50,United-States,0.7007455065074617,0
33,Self-emp-not-inc,127894,Prof-school,15,Married-civ-spouse,Prof-specialty,Husband,White,Male,0,0,60,United-States,0.7006713811837656,0
56,Federal-gov,196307,Doctorate,16,Married-civ-spouse,Prof-specialty,Husband,White,Male,0,0,40,United-States,0.7003437099005636,0
62,Self-emp-inc,354075,Bachelors,13,Married-civ-spouse,Exec-managerial,Husband,White,Male,0,0,50,United-States,0.700272869017796,0
61,Self-emp-inc,98350,Doctorate,16,Married-civ-spouse,Exec-managerial,Husband,Asian-Pac-Islander,Male,0,0,40,Taiwan,0.7002063429887968,3
58,Self-emp-not-inc,31732,Bachelors,13,Married-civ-spouse,Exec-managerial,Husband,White,Male,0,0,50,United-States,0.7001212051278705,0
46,Local-gov,65535,Bachelors,13,Married-civ-spouse,Exec-managerial,Husband,White,Male,0,0,48,United-States,0.700035423258919,0
44,Local-gov,56651,Bachelors,13,Married-civ-spouse,Exec-managerial,Husband,White,Male,0,0,52,United-States,0.700035423258919,0
37,State-gov,29145,Bachelors,13,Married-civ-spouse,Exec-managerial,Husband,White,Male,0,0,50,United-States,0.700035423258919,0
54,Private,308087,Some-college,10,Married-civ-spouse,Tech-support,Husband,White,Male,0,1977,18,United-States,0.6999605895263953,1
42,Self-emp-inc,161532,Bachelors,13,Married-civ-spouse,Craft-repair,Husband,Black,Male,0,0,60,United-States,0.6997696411469351,0
42,Local-gov,55363,Masters,14,Married-civ-spouse,Prof-specialty,Husband,White,Male,0,0,55,United-States,0.6996633798227835,0
41,Private,77373,Some-college,10,Married-civ-spouse,Transport-moving,Husband,White,Male,0,1848,65,United-States,0.6996425139627682,1
40,Private,101593,Bachelors,13,Married-civ-spouse,Prof-specialty,Husband,White,Male,0,0,50,United-States,0.699437719410767,0
51,Private,171914,Bachelors,13,Married-civ-spouse,Prof-specialty,Husband,White,Male,0,0,50,United-States,0.699437719410767,0
37,Private,305597,Bachelors,13,Married-civ-spouse,Prof-specialty,Husband,White,Male,0,0,45,United-States,0.699437719410767,0
53,Private,151411,Bachelors,13,Married-civ-spouse,Prof-specialty,Husband,White,Male,0,0,45,United-States,0.699437719410767,0
53,Private,135840,Bachelors,13,Married-civ-spouse,Prof-specialty,Husband,White,Male,0,0,55,United-States,0.699437719410767,0
51,Private,118793,Bachelors,13,Married-civ-spouse,Prof-specialty,Husband,White,Male,0,0,70,United-States,0.699437719410767,0
43,Private,111895,Bachelors,13,Married-civ-spouse,Prof-specialty,Husband,White,Male,0,0,50,United-States,0.699437719410767,0
44,Private,106900,Bachelors,13,Married-civ-spouse,Prof-specialty,Husband,White,Male,0,0,60,United-States,0.699437719410767,0
56,Private,155449,Bachelors,13,Married-civ-spouse,Prof-specialty,Husband,White,Male,0,0,50,United-States,0.699437719410767,0
48,Private,109421,Bachelors,13,Married-civ-spouse,Prof-specialty,Husband,White,Male,0,0,55,United-States,0.699437719410767,0
50,Self-emp-not-inc,312477,HS-grad,9,Married-civ-spouse,Exec-managerial,Husband,White,Male,0,1887,40,United-States,0.6993168391044443,0
41,Self-emp-inc,139916,Assoc-voc,11,Married-civ-spouse,Sales,Husband,Other,Male,0,2179,84,Mexico,0.6992246815560437,5
38,Self-emp-inc,112847,Prof-school,15,Married-civ-spouse,Prof-specialty,Husband,Asian-Pac-Islander,Male,0,0,40,United-States,0.6991416689216005,1
35,Self-emp-inc,135436,Prof-school,15,Married-civ-spouse,Prof-specialty,Husband,White,Male,0,0,50,United-States,0.6990769461150718,0
57,Private,169329,HS-grad,9,Married-civ-spouse,Tech-support,Husband,Black,Male,0,1887,40,Trinadad&Tobago,0.6989543913878836,1
57,Self-emp-inc,33725,Bachelors,13,Married-civ-spouse,Craft-repair,Husband,White,Male,0,0,50,United-States,0.6988747275951711,0
57,State-gov,32694,Masters,14,Married-civ-spouse,Prof-specialty,Husband,White,Male,0,0,50,United-States,0.6988328670735356,0
34,Federal-gov,341051,Masters,14,Married-civ-spouse,Adm-clerical,Husband,White,Male,0,0,50,United-States,0.6987879153133795,0
34,Self-emp-inc,154120,Masters,14,Married-civ-spouse,Sales,Husband,White,Male,0,0,60,United-States,0.6987879153133795,0
61,Private,80896,Masters,14,Married-civ-spouse,Prof-specialty,Husband,Asian-Pac-Islander,Male,0,0,45,India,0.6987451531805088,1
47,Self-emp-not-inc,355978,Doctorate,16,Married-civ-spouse,Transport-moving,Husband,White,Male,0,2002,45,United-States,0.698738455497047,1
49,Local-gov,275074,Bachelors,13,Married-civ-spouse,Prof-specialty,Husband,White,Male,0,0,60,United-States,0.6987263481461741,0
46,Local-gov,149949,Bachelors,13,Married-civ-spouse,Prof-specialty,Husband,White,Male,0,0,45,United-States,0.6987263481461741,0
47,Self-emp-not-inc,274800,Bachelors,13,Married-civ-spouse,Prof-specialty,Husband,White,Male,0,0,60,United-States,0.6987263481461741,0
53,Self-emp-not-inc,98829,Bachelors,13,Married-civ-spouse,Prof-specialty,Husband,White,Male,0,0,50,United-States,0.6987263481461741,0
40,Local-gov,243580,Bachelors,13,Married-civ-spouse,Prof-specialty,Husband,White,Male,0,0,48,United-States,0.6987263481461741,0
47,Private,133969,Bachelors,13,Married-civ-spouse,Exec-managerial,Husband,Asian-Pac-Islander,Male,2885,0,65,Japan,0.698673925892926,2
52,Private,236497,Bachelors,13,Married-civ-spouse,Exec-managerial,Husband,White,Male,0,0,48,United-States,0.698673925892926,0
41,Private,194636,Bachelors,13,Married-civ-spouse,Exec-managerial,Husband,White,Male,0,0,60,United-States,0.698673925892926,0
41,Private,170866,Bachelors,13,Married-civ-spouse,Exec-managerial,Husband,White,Male,0,0,50,United-States,0.698673925892926,0
45,Private,199058,Bachelors,13,Married-civ-spouse,Exec-managerial,Husband,White,Male,0,0,48,?,0.698673925892926,0
42,State-gov,345969,Bachelors,13,Married-civ-spouse,Exec-managerial,Husband,White,Male,0,0,48,United-States,0.698673925892926,0
38,Private,180303,Bachelors,13,Married-civ-spouse,Exec-managerial,Husband,Asian-Pac-Islander,Male,0,0,50,Japan,0.698673925892926,2
43,Private,145441,Bachelors,13,Married-civ-spouse,Exec-managerial,Husband,White,Male,0,0,50,United-States,0.698673925892926,0
38,Private,455379,Bachelors,13,Married-civ-spouse,Exec-managerial,Husband,White,Male,0,0,63,United-States,0.698673925892926,0
53,Private,311350,Bachelors,13,Married-civ-spouse,Exec-managerial,Husband,White,Male,0,0,50,United-States,0.698673925892926,0
46,Private,283037,Bachelors,13,Married-civ-spouse,Exec-managerial,Husband,White,Male,0,0,50,United-States,0.698673925892926,0
49,Private,177211,Bachelors,13,Married-civ-spouse,Exec-managerial,Husband,White,Male,0,0,50,United-States,0.698673925892926,0
40,Private,197344,Bachelors,13,Married-civ-spouse,Exec-managerial,Husband,White,Male,0,0,65,United-States,0.698673925892926,0
58,Private,197319,Bachelors,13,Married-civ-spouse,Exec-managerial,Husband,White,Male,0,0,45,United-States,0.698673925892926,0
41,Private,180138,Bachelors,13,Married-civ-spouse,Exec-managerial,Husband,White,Male,0,0,50,Iran,0.698673925892926,0
48,Private,121424,Bachelors,13,Married-civ-spouse,Exec-managerial,Husband,White,Male,0,0,55,United-States,0.698673925892926,0
48,Private,186172,Bachelors,13,Married-civ-spouse,Exec-managerial,Husband,White,Male,0,0,45,United-States,0.698673925892926,0
43,Self-emp-not-inc,240170,Bachelors,13,Married-civ-spouse,Exec-managerial,Husband,White,Male,0,0,50,Germany,0.698673925892926,0
43,Private,180303,Bachelors,13,Married-civ-spouse,Exec-managerial,Husband,Asian-Pac-Islander,Male,0,0,50,United-States,0.698673925892926,1
57,Private,190997,Bachelors,13,Married-civ-spouse,Exec-managerial,Husband,White,Male,0,0,50,United-States,0.698673925892926,0
45,Private,207277,Bachelors,13,Married-civ-spouse,Exec-managerial,Husband,White,Male,0,0,50,United-States,0.698673925892926,0
62,State-gov,33142,Masters,14,Married-civ-spouse,Prof-specialty,Husband,White,Male,0,0,60,United-States,0.6985388130092471,0
44,Private,180985,Bachelors,13,Married-civ-spouse,Prof-specialty,Husband,White,Male,0,0,50,?,0.6983513422731228,0
43,Private,144778,Bachelors,13,Married-civ-spouse,Prof-specialty,Husband,White,Male,0,0,55,Italy,0.6983513422731228,0
58,Self-emp-not-inc,35551,Bachelors,13,Married-civ-spouse,Exec-managerial,Husband,White,Male,0,0,70,United-States,0.6979116779943453,0
47,Self-emp-not-inc,109421,Bachelors,13,Married-civ-spouse,Exec-managerial,Husband,White,Male,0,0,50,United-States,0.6978235132957007,0
61,Self-emp-not-inc,215591,HS-grad,9,Married-civ-spouse,Exec-managerial,Husband,White,Male,0,1887,40,United-States,0.6976715274017626,0
35,Private,258339,Prof-school,15,Married-civ-spouse,Prof-specialty,Husband,White,Male,0,0,55,United-States,0.6975836203063281,0
34,Private,418020,Doctorate,16,Married-civ-spouse,Prof-specialty,Husband,White,Male,0,0,50,United-States,0.6975836203063281,0
36,Private,347491,Bachelors,13,Married-civ-spouse,Exec-managerial,Husband,White,Male,0,0,50,United-States,0.6975335164819706,0
45,Private,175958,Prof-school,15,Married-civ-spouse,Exec-managerial,Husband,White,Male,0,0,40,United-States,0.6972882138251868,0
39,Private,269722,Bachelors,13,Married-civ-spouse,Exec-managerial,Husband,White,Male,0,0,70,United-States,0.6972795841176497,0
46,Federal-gov,39606,Masters,14,Married-civ-spouse,Exec-managerial,Husband,White,Male,0,0,40,England,0.6972746896566584,0
53,Self-emp-inc,55139,Masters,14,Married-civ-spouse,Exec-managerial,Husband,White,Male,0,0,40,United-States,0.6972746896566584,0
45,State-gov,101299,Doctorate,16,Married-civ-spouse,Prof-specialty,Husband,White,Male,0,0,40,United-States,0.6972517629709627,0
55,Private,104724,Doctorate,16,Married-civ-spouse,Prof-specialty,Husband,White,Male,0,0,40,United-States,0.6972517629709627,0
42,Self-emp-not-inc,174216,Prof-school,15,Married-civ-spouse,Prof-specialty,Husband,White,Male,0,0,38,United-States,0.6972517629709627,0
44,Private,145160,Doctorate,16,Married-civ-spouse,Prof-specialty,Husband,White,Male,0,0,40,United-States,0.6972517629709627,0
47,State-gov,216414,Doctorate,16,Married-civ-spouse,Prof-specialty,Husband,White,Male,0,0,40,United-States,0.6972517629709627,0
33,Private,208405,Masters,14,Married-civ-spouse,Prof-specialty,Husband,White,Male,0,0,50,United-States,0.6970919845799202,0
77,Private,117898,Bachelors,13,Married-civ-spouse,Exec-managerial,Husband,White,Male,0,0,50,United-States,0.6969396766819695,0
51,Federal-gov,140516,Masters,14,Married-civ-spouse,Prof-specialty,Husband,White,Male,0,0,40,United-States,0.6966619160207176,0
62,Self-emp-inc,56248,Bachelors,13,Married-civ-spouse,Farming-fishing,Husband,White,Male,0,2415,60,United-States,0.6964866814370713,1
36,Private,153078,Bachelors,13,Married-civ-spouse,Exec-managerial,Husband,Asian-Pac-Islander,Male,0,0,60,?,0.6964443701098182,1
35,Private,320451,Masters,14,Married-civ-spouse,Exec-managerial,Husband,Asian-Pac-Islander,Male,0,0,65,Hong,0.696429493524437,2
62,Self-emp-inc,137354,Masters,14,Married-civ-spouse,Prof-specialty,Husband,Asian-Pac-Islander,Male,0,0,40,South,0.6962853001276034,1
53,Self-emp-inc,100029,Doctorate,16,Married-civ-spouse,Prof-specialty,Husband,White,Male,0,0,40,United-States,0.6962337794855905,0
40,Private,77357,Prof-school,15,Married-civ-spouse,Prof-specialty,Husband,White,Male,0,0,40,United-States,0.6961686702742467,0
57,Self-emp-not-inc,177271,Doctorate,16,Married-civ-spouse,Prof-specialty,Husband,White,Male,0,0,35,United-States,0.6961083267222892,0
60,Private,43235,Bachelors,13,Married-civ-spouse,Prof-specialty,Husband,White,Male,0,0,50,United-States,0.6959824875541727,0
59,Self-emp-inc,52822,Bachelors,13,Married-civ-spouse,Craft-repair,Husband,White,Male,0,0,60,United-States,0.6959672245639763,0
37,Private,86551,Bachelors,13,Married-civ-spouse,Exec-managerial,Husband,White,Male,0,0,45,United-States,0.6959193103669044,0
51,Private,99185,Bachelors,13,Married-civ-spouse,Exec-managerial,Husband,White,Male,0,0,60,United-States,0.6959193103669044,0
42,Self-emp-not-inc,101593,Bachelors,13,Married-civ-spouse,Exec-managerial,Husband,White,Male,0,0,60,United-States,0.6959193103669044,0
55,Private,102058,Bachelors,13,Married-civ-spouse,Exec-managerial,Husband,White,Male,0,0,50,United-States,0.6959193103669044,0
42,Private,37937,Bachelors,13,Married-civ-spouse,Exec-managerial,Husband,White,Male,0,0,55,United-States,0.6959193103669044,0
47,Private,33710,Bachelors,13,Married-civ-spouse,Exec-managerial,Husband,White,Male,3103,0,60,United-States,0.6959193103669044,0
47,Private,28035,Bachelors,13,Married-civ-spouse,Exec-managerial,Husband,White,Male,0,0,50,United-States,0.6959193103669044,0
48,Private,75104,Bachelors,13,Married-civ-spouse,Prof-specialty,Husband,White,Male,0,0,50,United-States,0.6958961260779986,0
41,Private,32878,Bachelors,13,Married-civ-spouse,Prof-specialty,Husband,White,Male,0,0,45,United-States,0.6958961260779986,0
66,Private,216856,Masters,14,Married-civ-spouse,Sales,Husband,White,Male,0,0,50,United-States,0.6957791742206293,0
36,Self-emp-not-inc,202950,Bachelors,13,Married-civ-spouse,Exec-managerial,Husband,White,Male,0,0,50,Iran,0.6957301652099145,0
34,Private,228873,Doctorate,16,Married-civ-spouse,Prof-specialty,Husband,White,Male,0,0,45,United-States,0.6956825086160526,0
52,Private,167794,Doctorate,16,Married-civ-spouse,Exec-managerial,Husband,White,Male,0,0,38,United-States,0.695660097136777,0
50,Private,165001,Bachelors,13,Married-civ-spouse,Craft-repair,Husband,White,Male,0,0,50,United-States,0.6954220717706775,0
43,Private,174051,Bachelors,13,Married-civ-spouse,Craft-repair,Husband,White,Male,0,0,48,United-States,0.6954220717706775,0
43,Private,167265,Bachelors,13,Married-civ-spouse,Craft-repair,Husband,White,Male,0,0,84,United-States,0.6954220717706775,0
46,Private,238162,Bachelors,13,Married-civ-spouse,Craft-repair,Husband,White,Male,0,0,45,United-States,0.6954220717706775,0
40,Private,346189,Doctorate,16,Married-civ-spouse,Prof-specialty,Husband,White,Male,0,0,40,United-States,0.6952492844175268,0
50,Local-gov,30008,Bachelors,13,Married-civ-spouse,Prof-specialty,Husband,White,Male,0,0,45,United-States,0.6951814059716748,0
44,Self-emp-not-inc,89172,Bachelors,13,Married-civ-spouse,Prof-specialty,Husband,White,Male,0,0,80,United-States,0.6951814059716748,0
41,Federal-gov,564135,Masters,14,Married-civ-spouse,Exec-managerial,Husband,White,Male,0,0,40,United-States,0.6951636957509828,0
42,Federal-gov,198316,Masters,14,Married-civ-spouse,Exec-managerial,Husband,White,Male,0,0,40,United-States,0.6951636957509828,0
60,Private,185836,Prof-school,15,Married-civ-spouse,Exec-managerial,Husband,White,Male,0,0,40,United-States,0.6951522968089374,0
53,Private,94081,Bachelors,13,Married-civ-spouse,Exec-managerial,Husband,White,Male,0,0,44,United-States,0.6950533771762727,0
47,Private,192793,Doctorate,16,Married-civ-spouse,Prof-specialty,Husband,White,Male,0,0,40,Iran,0.695010228638587,0
48,Private,192894,Doctorate,16,Married-civ-spouse,Prof-specialty,Husband,White,Male,0,0,40,United-States,0.695010228638587,0
44,Self-emp-not-inc,264740,Prof-school,15,Married-civ-spouse,Prof-specialty,Husband,White,Male,0,0,40,United-States,0.695010228638587,0
36,Self-emp-not-inc,223789,Masters,14,Married-civ-spouse,Prof-specialty,Husband,White,Male,0,0,45,United-States,0.6949874307544962,0
34,Private,36385,Masters,14,Married-civ-spouse,Prof-specialty,Husband,White,Male,0,0,45,United-States,0.694884453871273,0
58,Self-emp-inc,329793,Bachelors,13,Married-civ-spouse,Exec-managerial,Husband,White,Male,0,0,45,United-States,0.6948794950094792,0
70,Self-emp-inc,272896,Doctorate,16,Married-civ-spouse,Exec-managerial,Husband,White,Male,0,0,40,United-States,0.6948773053821937,0
40,Self-emp-not-inc,280433,Bachelors,13,Married-civ-spouse,Craft-repair,Husband,White,Male,0,0,50,United-States,0.6947068364579335,0
34,Self-emp-not-inc,108247,Prof-school,15,Married-civ-spouse,Prof-specialty,Husband,White,Male,0,0,55,United-States,0.6946497773469043,0
61,Local-gov,177189,Bachelors,13,Married-civ-spouse,Prof-specialty,Husband,White,Male,0,0,42,United-States,0.6946099776509493,0
57,Self-emp-inc,37345,Prof-school,15,Married-civ-spouse,Prof-specialty,Husband,White,Male,0,0,36,United-States,0.6946023139554499,0
37,Self-emp-not-inc,265266,Prof-school,15,Married-civ-spouse,Prof-specialty,Husband,White,Male,0,0,40,Cuba,0.6945352083192281,0
52,Private,178983,Doctorate,16,Married-civ-spouse,Prof-specialty,Husband,White,Male,0,0,40,?,0.6945352083192281,0
41,State-gov,116520,Doctorate,16,Married-civ-spouse,Prof-specialty,Husband,White,Male,0,0,40,United-States,0.6944896125510467,0
51,Self-emp-not-inc,103257,Prof-school,15,Married-civ-spouse,Prof-specialty,Husband,White,Male,0,0,40,United-States,0.6944896125510467,0
51,State-gov,172962,Doctorate,16,Married-civ-spouse,Prof-specialty,Husband,White,Male,0,0,40,United-States,0.6944896125510467,0
38,Local-gov,161463,Prof-school,15,Married-civ-spouse,Prof-specialty,Husband,Black,Male,0,0,40,United-States,0.6944896125510467,0
43,State-gov,310969,Prof-school,15,Married-civ-spouse,Prof-specialty,Husband,Black,Male,0,0,40,United-States,0.6944896125510467,0
53,State-gov,231472,Doctorate,16,Married-civ-spouse,Prof-specialty,Husband,White,Male,0,0,40,United-States,0.6944896125510467,0
52,Private,347519,Bachelors,13,Married-civ-spouse,Exec-managerial,Husband,White,Male,0,0,55,United-States,0.6943931401488775,0
47,Private,144351,Bachelors,13,Married-civ-spouse,Exec-managerial,Husband,White,Male,0,0,45,United-States,0.6943931401488775,0
45,Private,242391,Bachelors,13,Married-civ-spouse,Exec-managerial,Husband,White,Male,0,0,60,United-States,0.6943931401488775,0
51,Private,255412,Bachelors,13,Married-civ-spouse,Exec-managerial,Husband,White,Male,0,0,50,France,0.6943931401488775,0
44,Private,286750,Bachelors,13,Married-civ-spouse,Exec-managerial,Husband,Black,Male,0,0,50,United-States,0.6943931401488775,1
59,Private,182460,Bachelors,13,Married-civ-spouse,Exec-managerial,Husband,White,Male,0,0,60,United-States,0.6943931401488775,0
53,Private,312446,Bachelors,13,Married-civ-spouse,Exec-managerial,Husband,White,Male,0,0,60,United-States,0.6943931401488775,0
51,Private,193720,Bachelors,13,Married-civ-spouse,Exec-managerial,Husband,White,Male,0,0,45,United-States,0.6943931401488775,0
47,Private,156926,Bachelors,13,Married-civ-spouse,Exec-managerial,Husband,White,Male,0,0,45,Canada,0.6943931401488775,0
58,Private,265086,Bachelors,13,Married-civ-spouse,Exec-managerial,Husband,White,Male,0,0,50,United-States,0.6943931401488775,0
45,Private,304570,Bachelors,13,Married-civ-spouse,Exec-managerial,Husband,Asian-Pac-Islander,Male,0,0,60,China,0.6943931401488775,1
44,Self-emp-inc,71556,Masters,14,Married-civ-spouse,Sales,Husband,White,Male,0,0,50,?,0.6943354370298231,0
39,Self-emp-inc,216473,Bachelors,13,Married-civ-spouse,Exec-managerial,Husband,White,Male,0,0,60,United-States,0.6942083098456563,0
40,Self-emp-inc,218558,Bachelors,13,Married-civ-spouse,Exec-managerial,Husband,White,Male,0,0,45,United-States,0.6942083098456563,0
39,Self-emp-inc,117555,Bachelors,13,Married-civ-spouse,Exec-managerial,Husband,White,Male,0,0,60,United-States,0.6942083098456563,0
59,Private,160631,Bachelors,13,Married-civ-spouse,Craft-repair,Husband,White,Male,0,0,60,United-States,0.6941573044100635,0
68,Private,128472,Doctorate,16,Married-civ-spouse,Prof-specialty,Husband,White,Male,0,0,55,United-States,0.6941540199691353,0
40,Private,145160,Doctorate,16,Married-civ-spouse,Prof-specialty,Husband,White,Male,0,0,40,United-States,0.6939539266757176,0
40,Private,188291,Prof-school,15,Married-civ-spouse,Prof-specialty,Husband,White,Male,0,0,40,United-States,0.6939539266757176,0
59,State-gov,192258,Doctorate,16,Married-civ-spouse,Prof-specialty,Husband,White,Male,0,0,40,United-States,0.6938700768308417,0
45,Federal-gov,171335,Masters,14,Married-civ-spouse,Sales,Husband,White,Male,0,0,50,United-States,0.6937893182244865,0
42,Private,201466,Bachelors,13,Married-civ-spouse,Exec-managerial,Husband,White,Male,0,0,45,United-States,0.6937214397786345,0
40,Private,174373,Bachelors,13,Married-civ-spouse,Exec-managerial,Husband,White,Male,0,0,50,United-States,0.6937214397786345,0
36,Private,105021,Bachelors,13,Married-civ-spouse,Prof-specialty,Husband,White,Male,0,0,55,United-States,0.6936726883711298,0
45,Self-emp-not-inc,225456,Bachelors,13,Married-civ-spouse,Exec-managerial,Husband,White,Male,0,0,50,United-States,0.6936536901343876,0
43,Self-emp-not-inc,355856,Bachelors,13,Married-civ-spouse,Exec-managerial,Husband,Asian-Pac-Islander,Male,0,0,50,Philippines,0.6936536901343876,2
47,State-gov,54887,Doctorate,16,Married-civ-spouse,Prof-specialty,Husband,White,Male,0,0,40,United-States,0.6935305557999768,0
53,State-gov,71417,Doctorate,16,Married-civ-spouse,Prof-specialty,Husband,White,Male,0,0,40,United-States,0.6935305557999768,0
63,Self-emp-inc,267101,Bachelors,13,Married-civ-spouse,Exec-managerial,Husband,White,Male,0,0,60,United-States,0.6933904840545042,0
53,Private,53197,Masters,14,Married-civ-spouse,Prof-specialty,Husband,White,Male,3103,0,40,United-States,0.6930183762175661,0
42,State-gov,293791,Bachelors,13,Married-civ-spouse,Exec-managerial,Husband,White,Male,0,0,50,United-States,0.6929814101569219,0
37,Private,128715,Bachelors,13,Married-civ-spouse,Exec-managerial,Husband,White,Male,0,0,60,United-States,0.6929745836718552,0
62,Private,153891,Bachelors,13,Married-civ-spouse,Exec-managerial,Husband,White,Male,0,0,50,United-States,0.692877853666476,0
67,Self-emp-not-inc,345236,Bachelors,13,Married-civ-spouse,Exec-managerial,Husband,White,Male,0,0,55,United-States,0.692877853666476,0
61,Private,423297,Doctorate,16,Married-civ-spouse,Prof-specialty,Husband,White,Male,0,0,40,United-States,0.692867742740481,0
55,State-gov,120781,Doctorate,16,Married-civ-spouse,Prof-specialty,Husband,Asian-Pac-Islander,Male,0,0,40,India,0.692867742740481,2
37,Private,294292,Prof-school,15,Married-civ-spouse,Exec-managerial,Husband,White,Male,0,0,40,United-States,0.6928351559344078,0
39,Private,113481,Bachelors,13,Married-civ-spouse,Exec-managerial,Husband,White,Male,0,0,45,United-States,0.6928301970726141,0
45,Private,154308,Masters,14,Married-civ-spouse,Exec-managerial,Husband,Black,Male,0,0,40,United-States,0.6927956138416629,1
48,Private,141511,Masters,14,Married-civ-spouse,Exec-managerial,Husband,White,Male,0,0,40,United-States,0.6927956138416629,0
49,Self-emp-not-inc,111959,Bachelors,13,Married-civ-spouse,Exec-managerial,Husband,White,Male,0,0,60,Scotland,0.6927623186267621,0
45,Federal-gov,76008,Bachelors,13,Married-civ-spouse,Exec-managerial,Husband,White,Male,0,0,50,United-States,0.6927548481336703,0
45,Private,329603,Doctorate,16,Married-civ-spouse,Prof-specialty,Husband,White,Male,0,0,40,Poland,0.6926894813191163,0
46,Private,164733,Masters,14,Married-civ-spouse,Prof-specialty,Husband,White,Male,0,0,41,United-States,0.6925402646596865,0
53,Self-emp-inc,155983,Masters,14,Married-civ-spouse,Sales,Husband,White,Male,0,0,65,United-States,0.6922851086801177,0
48,Private,96359,Bachelors,13,Married-civ-spouse,Exec-managerial,Husband,White,Male,0,0,60,Greece,0.6922670764554132,0
46,Private,105444,Bachelors,13,Married-civ-spouse,Exec-managerial,Husband,White,Male,0,0,50,United-States,0.6922670764554132,0
44,Private,76196,Bachelors,13,Married-civ-spouse,Exec-managerial,Husband,White,Male,0,0,50,United-States,0.6922670764554132,0
38,Self-emp-not-inc,403391,Bachelors,13,Married-civ-spouse,Exec-managerial,Husband,White,Male,0,0,60,United-States,0.6922338456413148,0
37,Self-emp-inc,395831,Bachelors,13,Married-civ-spouse,Exec-managerial,Husband,White,Male,0,0,80,United-States,0.6921885074763435,0
72,Local-gov,144515,Doctorate,16,Married-civ-spouse,Exec-managerial,Husband,White,Male,0,1258,40,United-States,0.6921809725824491,1
47,Private,192776,Bachelors,13,Married-civ-spouse,Prof-specialty,Husband,White,Male,0,0,50,United-States,0.6921330583853772,0
44,Private,353396,Bachelors,13,Married-civ-spouse,Prof-specialty,Husband,White,Male,0,0,45,United-States,0.6921330583853772,0
44,Private,266135,Bachelors,13,Married-civ-spouse,Prof-specialty,Husband,White,Male,0,0,50,United-States,0.6921330583853772,0
49,State-gov,324791,Bachelors,13,Married-civ-spouse,Prof-specialty,Husband,White,Male,0,0,50,United-States,0.6921330583853772,0
56,Private,247337,Bachelors,13,Married-civ-spouse,Prof-specialty,Husband,White,Male,0,0,50,United-States,0.6921330583853772,0
40,Private,209547,Bachelors,13,Married-civ-spouse,Prof-specialty,Husband,White,Male,0,0,60,United-States,0.6921330583853772,0
44,Private,215304,Bachelors,13,Married-civ-spouse,Prof-specialty,Husband,White,Male,0,0,45,United-States,0.6921330583853772,0
39,Private,175681,Bachelors,13,Married-civ-spouse,Prof-specialty,Husband,Black,Male,0,0,60,?,0.6921330583853772,0
50,Private,171924,Bachelors,13,Married-civ-spouse,Prof-specialty,Husband,White,Male,0,0,43,United-States,0.6921330583853772,0
40,State-gov,377018,Bachelors,13,Married-civ-spouse,Prof-specialty,Husband,White,Male,0,0,60,United-States,0.6921330583853772,0
39,Private,271521,Bachelors,13,Married-civ-spouse,Prof-specialty,Husband,Asian-Pac-Islander,Male,0,0,48,Philippines,0.6921330583853772,1
45,Private,148900,Bachelors,13,Married-civ-spouse,Prof-specialty,Husband,White,Male,0,0,50,United-States,0.6921330583853772,0
36,Federal-gov,54159,Bachelors,13,Married-civ-spouse,Exec-managerial,Husband,White,Male,0,0,45,United-States,0.6921296451428438,0
38,Private,112561,Bachelors,13,Married-civ-spouse,Exec-managerial,Husband,White,Male,0,0,55,United-States,0.6920824393545996,0
73,Private,105886,Bachelors,13,Married-civ-spouse,Prof-specialty,Husband,White,Male,1173,0,75,United-States,0.6920653087411303,0
43,State-gov,129298,Masters,14,Married-civ-spouse,Exec-managerial,Husband,White,Male,0,0,40,United-States,0.6920334947446872,0
52,Private,74660,Masters,14,Married-civ-spouse,Exec-managerial,Husband,White,Male,0,0,40,United-States,0.6919357343264678,0
45,Private,36006,Bachelors,13,Married-civ-spouse,Craft-repair,Husband,White,Male,0,0,45,United-States,0.6918613513995617,0
48,Private,55237,Bachelors,13,Married-civ-spouse,Craft-repair,Husband,White,Male,0,0,45,United-States,0.6918613513995617,0
47,Private,190139,Masters,14,Married-civ-spouse,Exec-managerial,Husband,White,Male,0,0,40,United-States,0.6916891436536337,0
48,Private,148995,Masters,14,Married-civ-spouse,Exec-managerial,Husband,White,Male,0,0,40,United-States,0.6916891436536337,0
44,Private,296728,Masters,14,Married-civ-spouse,Exec-managerial,Husband,White,Male,0,0,40,United-States,0.6916891436536337,0
61,Self-emp-not-inc,84409,Doctorate,16,Married-civ-spouse,Prof-specialty,Husband,White,Male,0,0,40,United-States,0.6915801774957764,0
54,Private,93605,HS-grad,9,Married-civ-spouse,Sales,Husband,White,Male,0,1848,40,United-States,0.6915390897837711,1
52,Federal-gov,30731,Bachelors,13,Married-civ-spouse,Exec-managerial,Husband,White,Male,0,0,45,United-States,0.6915200915470289,0
37,Private,91711,Bachelors,13,Married-civ-spouse,Exec-managerial,Husband,White,Male,0,0,60,United-States,0.691518739130176,0
62,Private,69867,Bachelors,13,Married-civ-spouse,Prof-specialty,Husband,White,Male,0,0,55,United-States,0.691505150560845,0
53,Self-emp-not-inc,33304,Prof-school,15,Married-civ-spouse,Prof-specialty,Husband,White,Male,0,0,38,United-States,0.6914516978947567,0
43,Private,91959,Bachelors,13,Married-civ-spouse,Exec-managerial,Husband,White,Male,0,0,45,United-States,0.6914352756901151,0
45,Private,82797,Bachelors,13,Married-civ-spouse,Exec-managerial,Husband,White,Male,0,0,45,United-States,0.6914352756901151,0
46,Private,203067,Prof-school,15,Married-civ-spouse,Prof-specialty,Husband,White,Male,0,0,40,United-States,0.6913732577172921,0
52,State-gov,149650,Doctorate,16,Married-civ-spouse,Prof-specialty,Husband,White,Male,0,0,40,Iran,0.6913732577172921,0
40,Self-emp-not-inc,125206,Prof-school,15,Married-civ-spouse,Prof-specialty,Husband,White,Male,0,0,40,United-States,0.6913732577172921,0
50,Private,177896,Doctorate,16,Married-civ-spouse,Prof-specialty,Husband,White,Male,0,0,40,United-States,0.6913732577172921,0
42,Private,269028,Doctorate,16,Married-civ-spouse,Prof-specialty,Husband,White,Male,0,0,40,France,0.6913732577172921,0
40,Private,185145,Doctorate,16,Married-civ-spouse,Prof-specialty,Husband,White,Male,0,0,40,United-States,0.6913732577172921,0
51,Private,110747,HS-grad,9,Married-civ-spouse,Craft-repair,Husband,White,Male,0,1887,40,United-States,0.6913407353120214,0
61,State-gov,124971,Doctorate,16,Married-civ-spouse,Prof-specialty,Husband,White,Male,0,0,40,?,0.6913055724738477,0
45,Private,109434,Bachelors,13,Married-civ-spouse,Prof-specialty,Husband,White,Male,0,0,55,United-States,0.6912751752950601,0
52,Private,68982,Bachelors,13,Married-civ-spouse,Exec-managerial,Husband,White,Male,0,0,50,United-States,0.6910314826583391,0
37,Private,321943,Prof-school,15,Married-civ-spouse,Prof-specialty,Husband,White,Male,0,0,40,United-States,0.6909918761647917,0
38,State-gov,321943,Doctorate,16,Married-civ-spouse,Prof-specialty,Husband,White,Male,0,0,40,United-States,0.6909918761647917,0
57,Private,211804,Bachelors,13,Married-civ-spouse,Prof-specialty,Husband,White,Male,3103,0,50,United-States,0.6909716543128016,0
43,Local-gov,33331,Masters,14,Married-civ-spouse,Exec-managerial,Husband,White,Male,0,0,40,United-States,0.690947117607043,0
37,Private,151835,Prof-school,15,Married-civ-spouse,Sales,Husband,White,Male,0,0,45,United-States,0.6908615289404991,0
46,Private,144351,Masters,14,Married-civ-spouse,Prof-specialty,Husband,White,Male,0,0,40,United-States,0.6908530280345669,0
49,Private,175622,Masters,14,Married-civ-spouse,Prof-specialty,Husband,White,Male,0,0,40,United-States,0.6908530280345669,0
54,Private,117674,Masters,14,Married-civ-spouse,Prof-specialty,Husband,White,Male,0,0,40,United-States,0.6908530280345669,0
42,Private,169383,Masters,14,Married-civ-spouse,Prof-specialty,Husband,White,Male,0,0,40,United-States,0.6908530280345669,0
59,Private,232672,Masters,14,Married-civ-spouse,Exec-managerial,Husband,White,Male,0,0,40,United-States,0.6906784374589457,0
58,Private,170108,Masters,14,Married-civ-spouse,Exec-managerial,Husband,White,Male,0,0,40,United-States,0.6906784374589457,0
40,Private,102606,Masters,14,Married-civ-spouse,Exec-managerial,Husband,White,Male,0,0,40,United-States,0.6906281404321807,0
40,State-gov,40024,Prof-school,15,Married-civ-spouse,Prof-specialty,Husband,White,Male,0,0,38,United-States,0.6905131849996895,0
53,State-gov,104501,Doctorate,16,Married-civ-spouse,Prof-specialty,Husband,White,Male,0,0,40,?,0.6905131849996895,0
55,Private,163083,Masters,14,Married-civ-spouse,Prof-specialty,Husband,White,Male,0,0,40,United-States,0.6905110597732064,0
57,Private,191318,Masters,14,Married-civ-spouse,Prof-specialty,Husband,White,Male,0,0,40,United-States,0.6905110597732064,0
56,Private,110003,Masters,14,Married-civ-spouse,Prof-specialty,Husband,White,Male,0,0,40,United-States,0.6905110597732064,0
53,Private,254285,Masters,14,Married-civ-spouse,Prof-specialty,Husband,White,Male,0,0,40,United-States,0.6905110597732064,0
39,Private,186183,Masters,14,Married-civ-spouse,Prof-specialty,Husband,White,Male,0,0,40,United-States,0.6905110597732064,0
48,Private,254291,Masters,14,Married-civ-spouse,Prof-specialty,Husband,White,Male,0,0,40,United-States,0.6905110597732064,0
51,Private,289436,Bachelors,13,Married-civ-spouse,Exec-managerial,Husband,White,Male,0,0,60,United-States,0.6904976000054805,0
45,Self-emp-not-inc,160724,Bachelors,13,Married-civ-spouse,Exec-managerial,Husband,Asian-Pac-Islander,Male,0,0,45,China,0.6904976000054805,1
43,Private,241895,Bachelors,13,Married-civ-spouse,Exec-managerial,Husband,White,Male,0,0,50,United-States,0.6904976000054805,0
51,Private,207449,Bachelors,13,Married-civ-spouse,Exec-managerial,Husband,White,Male,0,0,55,United-States,0.6904976000054805,0
39,Self-emp-not-inc,191342,Bachelors,13,Married-civ-spouse,Exec-managerial,Husband,Asian-Pac-Islander,Male,0,0,50,South,0.6904976000054805,1
52,Private,256861,Bachelors,13,Married-civ-spouse,Exec-managerial,Husband,White,Male,0,0,50,United-States,0.6904976000054805,0
56,Private,290641,Bachelors,13,Married-civ-spouse,Exec-managerial,Husband,White,Male,0,0,50,United-States,0.6904976000054805,0
45,Private,246891,Bachelors,13,Married-civ-spouse,Exec-managerial,Husband,White,Male,0,0,72,Canada,0.6904976000054805,0
37,Private,126954,Bachelors,13,Married-civ-spouse,Exec-managerial,Husband,White,Male,0,0,50,United-States,0.6904976000054805,0
37,Private,127772,Bachelors,13,Married-civ-spouse,Exec-managerial,Husband,White,Male,0,0,50,United-States,0.6904976000054805,0
54,Private,337992,Bachelors,13,Married-civ-spouse,Exec-managerial,Husband,Asian-Pac-Islander,Male,0,0,50,Japan,0.6904976000054805,2
52,Self-emp-not-inc,185407,Bachelors,13,Married-civ-spouse,Exec-managerial,Husband,White,Male,0,0,50,United-States,0.6904976000054805,0
43,Private,169383,Bachelors,13,Married-civ-spouse,Exec-managerial,Husband,White,Male,0,0,45,United-States,0.6904976000054805,0
38,Private,204501,Bachelors,13,Married-civ-spouse,Exec-managerial,Husband,White,Male,0,0,55,United-States,0.6904976000054805,0
54,Private,185407,Bachelors,13,Married-civ-spouse,Exec-managerial,Husband,White,Male,0,0,60,United-States,0.6904976000054805,0
51,Private,259323,Bachelors,13,Married-civ-spouse,Exec-managerial,Husband,White,Male,0,0,50,United-States,0.6904976000054805,0
39,Private,280570,Bachelors,13,Married-civ-spouse,Exec-managerial,Husband,White,Male,0,0,45,United-States,0.6904976000054805,0
57,Local-gov,132717,Bachelors,13,Married-civ-spouse,Exec-managerial,Husband,White,Male,0,0,45,United-States,0.6904976000054805,0
46,Private,128796,Bachelors,13,Married-civ-spouse,Exec-managerial,Husband,White,Male,0,0,44,United-States,0.6904976000054805,0
41,Private,149102,Bachelors,13,Married-civ-spouse,Exec-managerial,Husband,White,Male,0,0,60,United-States,0.6904976000054805,0
43,Private,176138,Bachelors,13,Married-civ-spouse,Exec-managerial,Husband,White,Male,0,0,50,United-States,0.6904976000054805,0
57,Private,278228,Bachelors,13,Married-civ-spouse,Exec-managerial,Husband,White,Male,0,0,50,United-States,0.6904976000054805,0
51,Local-gov,168539,Bachelors,13,Married-civ-spouse,Exec-managerial,Husband,White,Male,0,0,50,United-States,0.6904976000054805,0
44,Self-emp-not-inc,155930,Bachelors,13,Married-civ-spouse,Exec-managerial,Husband,White,Male,0,0,60,United-States,0.6904976000054805,0
38,Private,237713,Bachelors,13,Married-civ-spouse,Exec-managerial,Husband,White,Male,0,0,60,United-States,0.6904976000054805,0
54,Self-emp-not-inc,179704,Bachelors,13,Married-civ-spouse,Exec-managerial,Husband,White,Male,0,0,45,United-States,0.6904976000054805,0
43,State-gov,270721,Bachelors,13,Married-civ-spouse,Exec-managerial,Husband,White,Male,0,0,55,United-States,0.6904976000054805,0
40,Private,220977,Doctorate,16,Married-civ-spouse,Exec-managerial,Husband,Asian-Pac-Islander,Male,3103,0,40,India,0.6903782009176157,1
47,Private,586657,Masters,14,Married-civ-spouse,Exec-managerial,Husband,White,Male,0,0,40,Japan,0.6902276318413331,0
41,Self-emp-not-inc,252986,Masters,14,Married-civ-spouse,Prof-specialty,Husband,White,Male,0,0,40,United-States,0.6901334778680545,0
39,Local-gov,153976,Masters,14,Married-civ-spouse,Prof-specialty,Husband,White,Male,0,0,40,United-States,0.6901334778680545,0
48,Local-gov,142719,Masters,14,Married-civ-spouse,Prof-specialty,Husband,White,Male,0,0,40,United-States,0.6901334778680545,0
47,Local-gov,287480,Masters,14,Married-civ-spouse,Prof-specialty,Husband,White,Male,0,0,40,United-States,0.6901334778680545,0
53,Local-gov,197054,Masters,14,Married-civ-spouse,Prof-specialty,Husband,White,Male,0,0,40,United-States,0.6901334778680545,0
43,State-gov,198965,Masters,14,Married-civ-spouse,Prof-specialty,Husband,White,Male,0,0,40,United-States,0.6901334778680545,0
35,Self-emp-not-inc,350247,Prof-school,15,Married-civ-spouse,Prof-specialty,Husband,White,Male,0,0,50,United-States,0.6900540716785522,0
34,Self-emp-not-inc,140011,Prof-school,15,Married-civ-spouse,Prof-specialty,Husband,White,Male,0,0,55,United-States,0.6900540716785522,0
34,Self-emp-not-inc,319165,Doctorate,16,Married-civ-spouse,Prof-specialty,Husband,White,Male,0,0,50,United-States,0.6900540716785522,0
52,Local-gov,35092,Doctorate,16,Married-civ-spouse,Exec-managerial,Husband,White,Male,0,0,40,United-States,0.6900386154859482,0
22,Self-emp-not-inc,202920,HS-grad,9,Never-married,Prof-specialty,Unmarried,White,Female,99999,0,40,Dominican-Republic,0.6899481967592156,1
58,State-gov,279878,Masters,14,Married-civ-spouse,Exec-managerial,Husband,White,Male,0,0,40,United-States,0.6899354454003175,0
43,Federal-gov,32016,Masters,14,Married-civ-spouse,Prof-specialty,Husband,White,Male,0,0,40,United-States,0.6898837959566995,0
48,Federal-gov,435503,Masters,14,Married-civ-spouse,Prof-specialty,Husband,White,Male,0,0,40,United-States,0.6898837959566995,0
64,Self-emp-not-inc,149698,Prof-school,15,Married-civ-spouse,Prof-specialty,Husband,White,Male,0,0,40,United-States,0.689857778032483,0
44,State-gov,165108,Masters,14,Married-civ-spouse,Prof-specialty,Husband,White,Male,0,0,40,United-States,0.6897466222473402,0
43,Local-gov,180096,Masters,14,Married-civ-spouse,Prof-specialty,Husband,White,Male,0,0,40,United-States,0.6897466222473402,0
44,Self-emp-not-inc,202692,Masters,14,Married-civ-spouse,Prof-specialty,Husband,White,Male,0,0,40,United-States,0.6897466222473402,0
48,Private,47343,Masters,14,Married-civ-spouse,Prof-specialty,Husband,White,Male,0,0,40,United-States,0.6896486042259107,0
55,Private,70088,Masters,14,Married-civ-spouse,Prof-specialty,Husband,White,Male,0,0,40,United-States,0.6896486042259107,0
44,Private,120277,Masters,14,Married-civ-spouse,Exec-managerial,Husband,White,Male,0,0,38,United-States,0.6896052624858173,0
38,Federal-gov,99527,Masters,14,Married-civ-spouse,Exec-managerial,Husband,White,Male,0,0,40,United-States,0.6895791801607983,0
38,Private,65324,Prof-school,15,Married-civ-spouse,Prof-specialty,Husband,White,Male,0,0,40,United-States,0.6895043464282746,0
48,Self-emp-not-inc,379883,Masters,14,Married-civ-spouse,Exec-managerial,Husband,White,Male,0,0,40,Mexico,0.6894628723114542,0
35,Private,267866,HS-grad,9,Married-civ-spouse,Sales,Husband,Asian-Pac-Islander,Male,0,1887,50,Iran,0.6894556594215724,1
41,Private,174395,Masters,14,Married-civ-spouse,Prof-specialty,Husband,White,Male,0,0,40,United-States,0.6893941566551696,0
47,Private,202812,Masters,14,Married-civ-spouse,Prof-specialty,Husband,White,Male,0,0,40,?,0.6893941566551696,0
43,Private,150528,Masters,14,Married-civ-spouse,Prof-specialty,Husband,White,Male,0,0,40,United-States,0.6893941566551696,0
42,Private,107762,Masters,14,Married-civ-spouse,Prof-specialty,Husband,White,Male,0,0,40,United-States,0.6893941566551696,0
48,Private,379883,Masters,14,Married-civ-spouse,Prof-specialty,Husband,White,Male,0,0,40,Cuba,0.6893941566551696,0
47,Private,181363,Masters,14,Married-civ-spouse,Prof-specialty,Husband,White,Male,0,0,40,United-States,0.6893941566551696,0
52,Private,127315,Masters,14,Married-civ-spouse,Prof-specialty,Husband,White,Male,0,0,40,United-States,0.6893941566551696,0
38,Private,33001,Bachelors,13,Married-civ-spouse,Exec-managerial,Husband,White,Male,0,0,55,United-States,0.6893676879253354,0
48,Private,97863,Bachelors,13,Married-civ-spouse,Prof-specialty,Husband,White,Male,0,0,45,Italy,0.6893543569592145,0
51,Private,95946,Bachelors,13,Married-civ-spouse,Prof-specialty,Husband,White,Male,0,0,50,United-States,0.6893543569592145,0
37,Self-emp-not-inc,48063,Bachelors,13,Married-civ-spouse,Prof-specialty,Husband,White,Male,0,0,55,United-States,0.6893543569592145,0
50,Private,38795,Bachelors,13,Married-civ-spouse,Prof-specialty,Husband,White,Male,0,0,50,United-States,0.6893543569592145,0
46,Self-emp-inc,116338,Masters,14,Married-civ-spouse,Exec-managerial,Wife,White,Female,0,0,50,United-States,0.6892991654714583,0
63,?,83043,Bachelors,13,Married-civ-spouse,?,Husband,White,Male,0,2179,45,United-States,0.68927617438496,0
36,Private,230329,Bachelors,13,Married-civ-spouse,Exec-managerial,Husband,White,Male,0,0,50,United-States,0.6892469364206177,0
36,Private,153205,Bachelors,13,Married-civ-spouse,Prof-specialty,Husband,Asian-Pac-Islander,Male,0,0,45,?,0.6892287753943082,1
34,Private,204461,Doctorate,16,Married-civ-spouse,Prof-specialty,Husband,White,Male,0,0,60,United-States,0.6891612189524687,0
43,Self-emp-inc,35662,Doctorate,16,Married-civ-spouse,Prof-specialty,Wife,White,Female,0,0,70,United-States,0.6890545712235021,0
52,Local-gov,89705,Masters,14,Married-civ-spouse,Prof-specialty,Husband,White,Male,0,0,40,United-States,0.6890401454437385,0
60,Private,317083,Bachelors,13,Married-civ-spouse,Exec-managerial,Husband,White,Male,0,0,45,United-States,0.6890186999765006,0
54,Self-emp-not-inc,156800,Bachelors,13,Married-civ-spouse,Craft-repair,Husband,White,Male,0,0,50,United-States,0.6890145783251396,0
54,Private,186117,Bachelors,13,Married-civ-spouse,Craft-repair,Husband,White,Male,0,0,45,United-States,0.6890145783251396,0
53,Private,177705,Bachelors,13,Married-civ-spouse,Craft-repair,Husband,White,Male,0,0,44,United-States,0.6890145783251396,0
53,State-gov,143822,Masters,14,Married-civ-spouse,Prof-specialty,Husband,White,Male,0,0,36,United-States,0.688940259799036,0
18,Private,301948,HS-grad,9,Never-married,Protective-serv,Own-child,White,Male,34095,0,3,United-States,0.6889311792858812,1
49,State-gov,185800,Masters,14,Divorced,Prof-specialty,Unmarried,Black,Female,7430,0,40,United-States,0.6888907355819011,1
59,Local-gov,140478,Masters,14,Married-civ-spouse,Prof-specialty,Husband,White,Male,0,0,40,United-States,0.6888599519982984,0
40,Private,118853,Bachelors,13,Married-civ-spouse,Exec-managerial,Husband,White,Male,0,0,60,United-States,0.6888547355332946,0
37,Private,188576,Doctorate,16,Married-civ-spouse,Prof-specialty,Husband,Asian-Pac-Islander,Male,0,0,40,?,0.6887536262733442,1
57,Private,127277,Doctorate,16,Married-civ-spouse,Prof-specialty,Husband,Asian-Pac-Islander,Male,0,0,40,Taiwan,0.6887536262733442,1
42,Private,139012,Doctorate,16,Married-civ-spouse,Prof-specialty,Husband,Asian-Pac-Islander,Male,0,0,40,Taiwan,0.6887536262733442,1
52,Local-gov,205767,Masters,14,Married-civ-spouse,Prof-specialty,Husband,Black,Male,0,0,40,United-States,0.6886499409812934,1
46,Local-gov,175428,Masters,14,Married-civ-spouse,Prof-specialty,Husband,White,Male,0,0,40,United-States,0.6886499409812934,0
44,State-gov,111483,Masters,14,Married-civ-spouse,Prof-specialty,Husband,White,Male,0,0,40,United-States,0.6886499409812934,0
52,Local-gov,298035,Masters,14,Married-civ-spouse,Prof-specialty,Husband,White,Male,0,0,40,United-States,0.6886499409812934,0
46,Local-gov,14878,Prof-school,15,Married-civ-spouse,Prof-specialty,Husband,Asian-Pac-Islander,Male,0,0,40,Philippines,0.6885714364030262,2
47,Private,175958,Prof-school,15,Married-civ-spouse,Sales,Husband,White,Male,0,0,45,United-States,0.6885707279941985,0
49,State-gov,36177,Bachelors,13,Married-civ-spouse,Exec-managerial,Husband,White,Male,0,0,45,United-States,0.6885396224065833,0
47,Local-gov,148576,Prof-school,15,Married-civ-spouse,Prof-specialty,Husband,White,Male,0,0,35,United-States,0.6884704559446809,0
35,Self-emp-not-inc,97277,Prof-school,15,Married-civ-spouse,Prof-specialty,Husband,White,Male,0,0,65,United-States,0.6884599586138708,0
47,Local-gov,162187,Some-college,10,Married-civ-spouse,Transport-moving,Husband,White,Male,0,1887,40,United-States,0.6883375970890903,0
39,Private,99146,Masters,14,Married-civ-spouse,Prof-specialty,Husband,White,Male,0,0,40,?,0.6883301265959983,0
35,Private,278403,Prof-school,15,Married-civ-spouse,Prof-specialty,Husband,White,Male,0,0,80,United-States,0.6882800227716408,0
53,Private,113995,Bachelors,13,Married-civ-spouse,Exec-managerial,Husband,White,Male,0,0,45,United-States,0.6880860475544623,0
43,Federal-gov,222756,Masters,14,Married-civ-spouse,Craft-repair,Husband,White,Male,0,0,40,United-States,0.6880183623110179,0
40,State-gov,506329,Doctorate,16,Married-civ-spouse,Prof-specialty,Husband,Asian-Pac-Islander,Male,0,0,40,Taiwan,0.6879874499258101,4
38,Private,33105,Bachelors,13,Married-civ-spouse,Prof-specialty,Husband,Amer-Indian-Eskimo,Male,0,0,70,United-States,0.6879426269672589,0
56,Private,98361,Masters,14,Married-civ-spouse,Prof-specialty,Husband,White,Male,0,0,40,?,0.6879353496765745,0
51,Private,410114,Masters,14,Married-civ-spouse,Craft-repair,Husband,White,Male,0,0,40,United-States,0.6878966447942624,0
41,Private,173938,Prof-school,15,Married-civ-spouse,Adm-clerical,Husband,White,Male,0,0,50,?,0.6878939399605567,0
48,Federal-gov,326048,Bachelors,13,Married-civ-spouse,Prof-specialty,Husband,White,Male,0,0,44,United-States,0.6878287019476079,0
57,Self-emp-inc,146103,Bachelors,13,Married-civ-spouse,Prof-specialty,Husband,White,Male,0,0,45,United-States,0.6878287019476079,0
45,Federal-gov,358242,Bachelors,13,Married-civ-spouse,Prof-specialty,Husband,White,Male,0,0,45,United-States,0.6878287019476079,0
36,Private,269722,Bachelors,13,Married-civ-spouse,Exec-managerial,Husband,White,Male,0,0,55,United-States,0.6877640435418817,0
36,Private,201117,Bachelors,13,Married-civ-spouse,Exec-managerial,Husband,White,Male,0,0,50,United-States,0.6877640435418817,0
60,Local-gov,141637,Masters,14,Married-civ-spouse,Prof-specialty,Husband,White,Male,0,0,40,United-States,0.6876847661539844,0
34,Private,204470,Masters,14,Married-civ-spouse,Exec-managerial,Husband,White,Male,0,0,50,United-States,0.6876697607669982,0
58,Local-gov,147428,Masters,14,Married-civ-spouse,Prof-specialty,Husband,White,Male,0,0,40,United-States,0.687635306337652,0
60,Self-emp-not-inc,135285,Masters,14,Married-civ-spouse,Prof-specialty,Husband,White,Male,0,0,40,United-States,0.687635306337652,0
35,Private,113481,Doctorate,16,Married-civ-spouse,Prof-specialty,Husband,White,Male,0,0,60,United-States,0.6876098036198557,0
43,Self-emp-not-inc,116666,Prof-school,15,Married-civ-spouse,Prof-specialty,Husband,Other,Male,0,0,35,United-States,0.687607227587755,2
40,Local-gov,112362,Masters,14,Married-civ-spouse,Prof-specialty,Husband,White,Male,0,0,40,United-States,0.6875848161084794,0
45,Private,331482,Bachelors,13,Married-civ-spouse,Prof-specialty,Husband,White,Male,0,0,50,United-States,0.6873379034316326,0
45,Private,247869,Bachelors,13,Married-civ-spouse,Prof-specialty,Husband,White,Male,0,0,60,United-States,0.6873379034316326,0
48,Private,355320,Bachelors,13,Married-civ-spouse,Prof-specialty,Husband,White,Male,0,0,45,Canada,0.6873379034316326,0
46,Private,265105,Bachelors,13,Married-civ-spouse,Prof-specialty,Husband,White,Male,0,0,50,United-States,0.6873379034316326,0
47,Private,131002,Bachelors,13,Married-civ-spouse,Prof-specialty,Husband,White,Male,0,0,50,United-States,0.6873379034316326,0
47,Private,332727,Bachelors,13,Married-civ-spouse,Prof-specialty,Husband,White,Male,0,0,60,United-States,0.6873379034316326,0
49,Private,237920,Doctorate,16,Married-civ-spouse,Sales,Husband,White,Male,0,0,60,United-States,0.6873057674311771,0
64,State-gov,111795,Bachelors,13,Married-civ-spouse,Craft-repair,Husband,White,Male,0,0,45,United-States,0.6872879284088801,0
42,Private,183241,Masters,14,Married-civ-spouse,Prof-specialty,Wife,White,Female,0,0,45,United-States,0.6872593344525629,0
47,Federal-gov,96854,Bachelors,13,Married-civ-spouse,Prof-specialty,Husband,White,Male,0,0,40,United-States,0.6870585327503177,0
43,Federal-gov,114537,Bachelors,13,Married-civ-spouse,Prof-specialty,Husband,White,Male,0,0,40,United-States,0.6870585327503177,0
70,Self-emp-not-inc,205860,Masters,14,Married-civ-spouse,Exec-managerial,Husband,Black,Male,0,0,40,United-States,0.686943770520234,1
48,Private,105838,Bachelors,13,Married-civ-spouse,Exec-managerial,Husband,White,Male,0,0,45,United-States,0.686943770520234,0
39,Private,206074,Bachelors,13,Married-civ-spouse,Prof-specialty,Husband,White,Male,0,0,45,United-States,0.686660020584348,0
40,Private,224799,Bachelors,13,Married-civ-spouse,Prof-specialty,Husband,White,Male,0,0,45,United-States,0.686660020584348,0
40,Private,115932,Bachelors,13,Married-civ-spouse,Prof-specialty,Husband,White,Male,0,0,60,Ireland,0.686660020584348,0
41,Private,170331,Bachelors,13,Married-civ-spouse,Prof-specialty,Husband,White,Male,0,0,60,United-States,0.686660020584348,0
52,Self-emp-not-inc,334273,Bachelors,13,Married-civ-spouse,Prof-specialty,Husband,White,Male,0,0,60,United-States,0.6865916913328785,0
43,State-gov,260960,Bachelors,13,Married-civ-spouse,Prof-specialty,Husband,White,Male,0,0,50,United-States,0.6865916913328785,0
41,Local-gov,184466,Masters,14,Married-civ-spouse,Prof-specialty,Husband,White,Male,0,0,38,United-States,0.68655794531236,0
36,Private,99146,Some-college,10,Married-civ-spouse,Machine-op-inspct,Husband,White,Male,0,1887,40,United-States,0.686444020292709,0
60,Self-emp-not-inc,176839,Prof-school,15,Married-civ-spouse,Sales,Husband,White,Male,0,0,45,United-States,0.686410209871388,0
38,Self-emp-inc,189679,Bachelors,13,Married-civ-spouse,Prof-specialty,Husband,White,Male,0,0,50,United-States,0.686398102520515,0
68,Private,138714,Bachelors,13,Married-civ-spouse,Prof-specialty,Husband,White,Male,0,0,55,United-States,0.6862867535329646,0
43,Private,242968,Masters,14,Married-civ-spouse,Exec-managerial,Husband,Asian-Pac-Islander,Male,0,0,40,India,0.6862792186390703,1
63,Private,30813,Masters,14,Married-civ-spouse,Prof-specialty,Husband,White,Male,0,0,50,United-States,0.6862677552962224,0
60,Local-gov,212856,Masters,14,Married-civ-spouse,Prof-specialty,Husband,White,Male,0,0,40,?,0.6861133221717888,0
59,Private,200700,Bachelors,13,Married-civ-spouse,Craft-repair,Husband,Black,Male,0,0,48,United-States,0.6859905742421931,1
43,Private,194636,Bachelors,13,Married-civ-spouse,Craft-repair,Husband,White,Male,0,0,48,United-States,0.6859905742421931,0
45,Local-gov,209482,Masters,14,Married-civ-spouse,Prof-specialty,Wife,White,Female,0,0,45,United-States,0.685930037487828,0
51,Local-gov,155118,Masters,14,Married-civ-spouse,Prof-specialty,Wife,White,Female,0,0,70,United-States,0.685930037487828,0
59,Private,81973,Masters,14,Married-civ-spouse,Exec-managerial,Husband,Asian-Pac-Islander,Male,0,0,40,United-States,0.6859295866822104,2
41,Self-emp-not-inc,168098,Bachelors,13,Married-civ-spouse,Prof-specialty,Husband,White,Male,0,0,50,United-States,0.6859131644775687,0
38,Private,312271,Bachelors,13,Married-civ-spouse,Prof-specialty,Husband,White,Male,0,0,50,United-States,0.6859064023933046,0
36,Self-emp-not-inc,347491,Doctorate,16,Married-civ-spouse,Prof-specialty,Husband,White,Male,0,0,35,United-States,0.6858524989215985,0
38,Federal-gov,125933,Masters,14,Married-civ-spouse,Prof-specialty,Husband,White,Male,0,0,40,Iran,0.6858385239474526,0
36,Private,659504,Bachelors,13,Married-civ-spouse,Exec-managerial,Husband,Black,Male,0,0,45,United-States,0.6858382663442425,0
62,Private,185503,Bachelors,13,Married-civ-spouse,Prof-specialty,Husband,White,Male,0,0,50,United-States,0.685834209093684,0
63,Private,339755,Bachelors,13,Married-civ-spouse,Prof-specialty,Husband,White,Male,0,0,50,?,0.685834209093684,0
58,Self-emp-inc,143266,Bachelors,13,Married-civ-spouse,Prof-specialty,Husband,White,Male,0,0,40,United-States,0.6857799836179654,0
41,Private,331651,Prof-school,15,Married-civ-spouse,Exec-managerial,Wife,White,Female,0,0,50,Japan,0.6856815791917208,0
46,Private,279661,Masters,14,Married-civ-spouse,Prof-specialty,Husband,Black,Male,0,0,35,United-States,0.6856486059808325,1
57,State-gov,32694,Doctorate,16,Married-civ-spouse,Prof-specialty,Husband,White,Male,0,0,40,United-States,0.6856443555278665,0
65,Private,115880,Doctorate,16,Married-civ-spouse,Exec-managerial,Husband,White,Male,0,0,40,United-States,0.6856430675118161,0
41,Private,104892,Masters,14,Married-civ-spouse,Exec-managerial,Husband,White,Male,0,0,40,United-States,0.6855901944529504,0
42,Private,124692,Masters,14,Married-civ-spouse,Exec-managerial,Husband,White,Male,0,0,40,United-States,0.6855901944529504,0
48,Private,185143,Masters,14,Married-civ-spouse,Exec-managerial,Husband,White,Male,0,0,40,United-States,0.6855901944529504,0
48,Private,355978,Masters,14,Married-civ-spouse,Exec-managerial,Husband,White,Male,0,0,40,United-States,0.6855901944529504,0
48,Private,199058,Masters,14,Married-civ-spouse,Exec-managerial,Husband,White,Male,0,0,40,United-States,0.6855901944529504,0
40,Private,137225,Masters,14,Married-civ-spouse,Exec-managerial,Husband,White,Male,0,0,40,United-States,0.6855901944529504,0
37,Private,174150,Masters,14,Married-civ-spouse,Exec-managerial,Husband,White,Male,0,0,40,United-States,0.6855901944529504,0
35,Private,160120,Masters,14,Married-civ-spouse,Exec-managerial,Husband,Asian-Pac-Islander,Male,0,0,50,United-States,0.6854010492959606,2
41,Private,146659,Bachelors,13,Married-civ-spouse,Prof-specialty,Husband,White,Male,0,0,70,United-States,0.6853754821773618,0
42,Private,273230,Bachelors,13,Married-civ-spouse,Prof-specialty,Husband,White,Male,0,0,90,United-States,0.6853754821773618,0
38,Private,320451,Masters,14,Married-civ-spouse,Prof-specialty,Husband,Asian-Pac-Islander,Male,0,0,40,?,0.6853463730146244,1
36,Private,114059,Bachelors,13,Married-civ-spouse,Exec-managerial,Husband,White,Male,0,0,45,United-States,0.6852883478915575,0
39,Private,167140,Masters,14,Married-civ-spouse,Exec-managerial,Husband,White,Male,0,0,40,United-States,0.6852811350016756,0
49,Private,122385,Masters,14,Married-civ-spouse,Exec-managerial,Husband,White,Male,0,0,40,United-States,0.6852811350016756,0
46,Private,273629,Masters,14,Married-civ-spouse,Exec-managerial,Husband,White,Male,0,0,40,United-States,0.6852811350016756,0
53,Private,321865,Masters,14,Married-civ-spouse,Exec-managerial,Husband,White,Male,0,0,40,United-States,0.6852811350016756,0
43,Private,115562,Bachelors,13,Married-civ-spouse,Prof-specialty,Husband,White,Male,0,0,42,United-States,0.6852640043882063,0
36,Federal-gov,106297,Masters,14,Married-civ-spouse,Exec-managerial,Husband,White,Male,0,0,40,United-States,0.6852538934622113,0
49,Self-emp-not-inc,126268,Bachelors,13,Married-civ-spouse,Craft-repair,Husband,White,Male,0,0,50,United-States,0.6852431385281911,0
50,Self-emp-not-inc,183915,Bachelors,13,Married-civ-spouse,Craft-repair,Husband,White,Male,0,0,45,United-States,0.6852431385281911,0
34,Private,340917,Prof-school,15,Married-civ-spouse,Exec-managerial,Husband,White,Male,2829,0,50,?,0.6850771132593045,0
36,Private,66304,Bachelors,13,Married-civ-spouse,Exec-managerial,Husband,White,Male,0,0,55,United-States,0.6849697571215102,0
47,Local-gov,121124,Masters,14,Married-civ-spouse,Prof-specialty,Husband,White,Male,0,0,35,United-States,0.6849242901549338,0
40,State-gov,188693,Masters,14,Married-civ-spouse,Prof-specialty,Husband,White,Male,0,0,35,United-States,0.6849242901549338,0
42,Local-gov,238188,Masters,14,Married-civ-spouse,Prof-specialty,Husband,White,Male,0,0,35,United-States,0.6849242901549338,0
57,Self-emp-not-inc,315460,Prof-school,15,Married-civ-spouse,Prof-specialty,Husband,White,Male,0,0,36,United-States,0.6849172704674595,0
66,Private,262285,Bachelors,13,Married-civ-spouse,Prof-specialty,Husband,White,Male,0,0,99,United-States,0.6848694850719926,0
38,Local-gov,414791,Bachelors,13,Married-civ-spouse,Exec-managerial,Husband,White,Male,0,0,42,United-States,0.6848077247023797,0
37,Private,241174,Bachelors,13,Married-civ-spouse,Prof-specialty,Husband,White,Male,0,0,99,United-States,0.6846205115694654,0
38,Local-gov,223237,Masters,14,Married-civ-spouse,Prof-specialty,Husband,White,Male,0,0,40,United-States,0.6845983576933998,0
47,Private,46044,Masters,14,Married-civ-spouse,Exec-managerial,Husband,White,Male,0,0,40,United-States,0.6844904863491853,0
44,Private,60414,Masters,14,Married-civ-spouse,Exec-managerial,Husband,White,Male,0,0,40,United-States,0.6844904863491853,0
37,Private,107737,Bachelors,13,Married-civ-spouse,Prof-specialty,Husband,White,Male,0,0,55,United-States,0.684437291286307,0
38,Private,103408,Masters,14,Married-civ-spouse,Exec-managerial,Husband,Black,Male,0,0,40,?,0.6844143001998088,0
49,Local-gov,37353,Masters,14,Married-civ-spouse,Exec-managerial,Husband,White,Male,0,0,40,United-States,0.6844143001998088,0
44,State-gov,115932,Masters,14,Married-civ-spouse,Exec-managerial,Husband,White,Male,0,0,40,United-States,0.6844143001998088,0
40,Private,91959,Bachelors,13,Married-civ-spouse,Prof-specialty,Husband,White,Male,0,0,46,United-States,0.6843530550366159,0
35,Private,200153,Masters,14,Married-civ-spouse,Exec-managerial,Husband,White,Male,0,0,45,United-States,0.6842994735689225,0
53,Private,22978,Masters,14,Married-civ-spouse,Exec-managerial,Wife,White,Female,0,0,50,United-States,0.684241126441843,0
34,Federal-gov,149368,Prof-school,15,Married-civ-spouse,Prof-specialty,Husband,White,Male,0,0,40,United-States,0.6842344287583813,0
17,?,304873,10th,6,Never-married,?,Own-child,White,Female,34095,0,32,United-States,0.6841235949772511,1
38,State-gov,203628,Bachelors,13,Married-civ-spouse,Prof-specialty,Husband,White,Male,0,0,45,United-States,0.6840462496134292,0
34,Private,175856,Bachelors,13,Married-civ-spouse,Exec-managerial,Husband,White,Male,3103,0,55,United-States,0.6840385859179298,0
38,Private,201328,Bachelors,13,Married-civ-spouse,Prof-specialty,Husband,White,Male,0,0,50,United-States,0.6838906572745502,0
56,Private,345730,Bachelors,13,Married-civ-spouse,Prof-specialty,Husband,White,Male,0,0,45,United-States,0.6838906572745502,0
51,Self-emp-not-inc,290290,Bachelors,13,Married-civ-spouse,Prof-specialty,Husband,White,Male,0,0,45,United-States,0.6838906572745502,0
49,Self-emp-not-inc,349986,Bachelors,13,Married-civ-spouse,Prof-specialty,Husband,White,Male,0,0,60,United-States,0.6838906572745502,0
58,Local-gov,237879,Bachelors,13,Married-civ-spouse,Prof-specialty,Husband,White,Male,0,0,58,United-States,0.6838906572745502,0
37,Private,292370,Bachelors,13,Married-civ-spouse,Prof-specialty,Husband,Other,Male,0,0,50,?,0.6838906572745502,2
51,Local-gov,420917,Bachelors,13,Married-civ-spouse,Prof-specialty,Husband,White,Male,0,0,45,United-States,0.6838906572745502,0
44,Local-gov,190020,Bachelors,13,Married-civ-spouse,Prof-specialty,Husband,White,Male,0,0,50,United-States,0.6838906572745502,0
37,State-gov,160402,Bachelors,13,Married-civ-spouse,Prof-specialty,Husband,White,Male,0,0,55,United-States,0.6838906572745502,0
55,Private,463072,Bachelors,13,Married-civ-spouse,Prof-specialty,Husband,White,Male,0,0,60,United-States,0.6838906572745502,0
42,Private,285066,Bachelors,13,Married-civ-spouse,Prof-specialty,Husband,White,Male,0,0,45,United-States,0.6838906572745502,0
39,Private,746786,Bachelors,13,Married-civ-spouse,Prof-specialty,Husband,White,Male,0,0,55,United-States,0.6838906572745502,1
41,Private,199018,Prof-school,15,Married-civ-spouse,Exec-managerial,Husband,White,Male,0,0,40,United-States,0.6838571688572419,0
48,Private,94342,Bachelors,13,Married-civ-spouse,Craft-repair,Husband,White,Male,0,0,55,United-States,0.6838415194622305,0
44,Private,89172,Bachelors,13,Married-civ-spouse,Craft-repair,Husband,White,Male,0,0,50,United-States,0.6838415194622305,0
49,Private,94342,Bachelors,13,Married-civ-spouse,Craft-repair,Husband,White,Male,0,0,60,United-States,0.6838415194622305,0
42,Private,173704,Masters,14,Married-civ-spouse,Prof-specialty,Husband,White,Male,0,0,40,United-States,0.6838051330088089,0
44,Local-gov,254146,Masters,14,Married-civ-spouse,Prof-specialty,Husband,White,Male,0,0,40,United-States,0.6838051330088089,0
48,Private,174386,Masters,14,Married-civ-spouse,Prof-specialty,Husband,White,Male,0,0,40,El-Salvador,0.6838051330088089,0
38,Private,229700,Masters,14,Married-civ-spouse,Prof-specialty,Husband,Black,Male,0,0,40,United-States,0.6838051330088089,1
47,Self-emp-not-inc,235646,Masters,14,Married-civ-spouse,Prof-specialty,Husband,White,Male,0,0,40,United-States,0.6838051330088089,0
47,Local-gov,126754,Masters,14,Married-civ-spouse,Prof-specialty,Husband,White,Male,0,0,40,United-States,0.6838051330088089,0
69,Private,230417,Doctorate,16,Married-civ-spouse,Prof-specialty,Husband,White,Male,0,0,40,China,0.6837760882468741,1
41,Local-gov,32185,Masters,14,Married-civ-spouse,Exec-managerial,Husband,White,Male,0,0,40,United-States,0.6837651401104464,0
62,Self-emp-inc,200577,Masters,14,Married-civ-spouse,Sales,Husband,White,Male,0,0,45,United-States,0.6836787786342723,0
48,Local-gov,85341,Bachelors,13,Married-civ-spouse,Prof-specialty,Husband,White,Male,0,0,45,United-States,0.6836040737033536,0
88,Self-emp-not-inc,206291,Prof-school,15,Married-civ-spouse,Prof-specialty,Husband,White,Male,0,0,40,United-States,0.6835002596096976,1
38,Private,296212,Bachelors,13,Married-civ-spouse,Craft-repair,Husband,White,Male,0,0,45,United-States,0.6834432648994708,0
50,Local-gov,172175,Prof-school,15,Married-civ-spouse,Prof-specialty,Husband,White,Male,0,0,40,United-States,0.6832337046880834,0
50,Self-emp-not-inc,146603,Prof-school,15,Married-civ-spouse,Prof-specialty,Husband,White,Male,0,0,40,United-States,0.6832337046880834,0
44,Private,257758,Doctorate,16,Married-civ-spouse,Prof-specialty,Husband,White,Male,0,0,40,United-States,0.6832337046880834,0
46,Private,269045,Prof-school,15,Married-civ-spouse,Prof-specialty,Husband,Black,Male,0,0,40,United-States,0.6832337046880834,1
48,Private,119471,Doctorate,16,Married-civ-spouse,Prof-specialty,Husband,Asian-Pac-Islander,Male,0,0,40,India,0.6832337046880834,1
33,Local-gov,182971,Some-college,10,Married-civ-spouse,Protective-serv,Husband,White,Male,0,1887,40,United-States,0.6831164308267016,0
49,Self-emp-not-inc,111066,Bachelors,13,Married-civ-spouse,Craft-repair,Husband,White,Male,0,0,50,United-States,0.683092022922548,0
45,Private,34127,Bachelors,13,Married-civ-spouse,Prof-specialty,Husband,White,Male,0,0,50,United-States,0.6830238868734859,0
41,Private,55854,Bachelors,13,Married-civ-spouse,Prof-specialty,Husband,White,Male,0,0,56,United-States,0.6830238868734859,0
40,Private,79531,Bachelors,13,Married-civ-spouse,Exec-managerial,Husband,White,Male,0,0,75,United-States,0.6829903984561776,0
36,Federal-gov,153066,Masters,14,Married-civ-spouse,Prof-specialty,Husband,White,Male,0,0,40,United-States,0.6829471855176893,0
50,Private,104501,Masters,14,Married-civ-spouse,Prof-specialty,Husband,White,Male,0,0,40,United-States,0.6829367525876816,0
55,Local-gov,107308,Masters,14,Married-civ-spouse,Prof-specialty,Husband,White,Male,0,0,40,United-States,0.6829367525876816,0
45,Local-gov,61885,Masters,14,Married-civ-spouse,Prof-specialty,Husband,White,Male,0,0,37,United-States,0.6829367525876816,0
49,Local-gov,59612,Masters,14,Married-civ-spouse,Prof-specialty,Husband,White,Male,0,0,40,United-States,0.6829367525876816,0
43,Private,102180,Masters,14,Married-civ-spouse,Prof-specialty,Husband,White,Male,0,0,40,United-States,0.6829367525876816,0
57,Self-emp-not-inc,102058,Masters,14,Married-civ-spouse,Prof-specialty,Husband,White,Male,0,0,40,United-States,0.6829367525876816,0
55,Local-gov,104917,Masters,14,Married-civ-spouse,Prof-specialty,Husband,Black,Male,0,0,40,United-States,0.6829367525876816,1
41,Private,93793,Masters,14,Married-civ-spouse,Prof-specialty,Husband,White,Male,0,0,38,United-States,0.6829367525876816,0
39,Private,505119,Masters,14,Married-civ-spouse,Exec-managerial,Husband,White,Male,0,0,40,Cuba,0.6828322944860005,0
38,Private,154568,Masters,14,Married-civ-spouse,Exec-managerial,Husband,Asian-Pac-Islander,Male,0,0,40,?,0.6828322944860005,1
34,State-gov,204461,Masters,14,Married-civ-spouse,Prof-specialty,Husband,White,Male,0,0,50,United-States,0.6827995788783223,0
46,Private,122026,Bachelors,13,Married-civ-spouse,Craft-repair,Husband,White,Male,0,0,44,United-States,0.6827239079353659,0
49,Private,129513,Masters,14,Married-civ-spouse,Sales,Husband,White,Male,0,0,45,United-States,0.6827066485202916,0
61,Private,208919,Masters,14,Married-civ-spouse,Sales,Husband,White,Male,0,0,60,United-States,0.6826526806477831,0
43,Local-gov,216070,Masters,14,Married-civ-spouse,Exec-managerial,Wife,Amer-Indian-Eskimo,Female,0,0,50,United-States,0.6824994067377947,0
36,Private,306646,Bachelors,13,Married-civ-spouse,Exec-managerial,Husband,White,Male,0,0,55,United-States,0.6824914210382828,0
49,State-gov,102308,Bachelors,13,Married-civ-spouse,Prof-specialty,Husband,White,Male,0,0,42,United-States,0.6824247662076786,0
37,Private,119098,Bachelors,13,Married-civ-spouse,Prof-specialty,Husband,White,Male,0,0,50,United-States,0.6822340754314283,0
54,Self-emp-not-inc,114758,Masters,14,Married-civ-spouse,Sales,Husband,White,Male,0,0,50,United-States,0.6820205867710875,0
55,Self-emp-not-inc,322691,Masters,14,Married-civ-spouse,Sales,Husband,White,Male,3103,0,55,United-States,0.6819796922614897,0
38,Private,200818,Prof-school,15,Married-civ-spouse,Prof-specialty,Husband,White,Male,0,0,40,United-States,0.681874912155796,0
38,State-gov,200289,Doctorate,16,Married-civ-spouse,Prof-specialty,Husband,Asian-Pac-Islander,Male,0,0,40,Taiwan,0.681874912155796,2
39,Private,126675,Masters,14,Married-civ-spouse,Sales,Husband,White,Male,0,0,50,United-States,0.6818544971013984,0
49,Private,423222,Masters,14,Married-civ-spouse,Sales,Husband,White,Male,0,0,50,United-States,0.6818544971013984,0
38,Local-gov,86643,Bachelors,13,Married-civ-spouse,Prof-specialty,Husband,White,Male,0,0,45,United-States,0.6817318135726053,0
38,Self-emp-not-inc,146042,Bachelors,13,Married-civ-spouse,Prof-specialty,Husband,Asian-Pac-Islander,Male,3103,0,60,United-States,0.6815538097544507,1
51,Private,111939,Bachelors,13,Married-civ-spouse,Prof-specialty,Husband,White,Male,0,0,50,United-States,0.6814590761739495,0
61,Private,160942,Masters,14,Married-civ-spouse,Sales,Husband,White,Male,3103,0,50,United-States,0.6814211441012675,0
56,Private,318450,Masters,14,Married-civ-spouse,Adm-clerical,Husband,White,Male,0,0,80,United-States,0.6813617665613476,0
46,Federal-gov,219967,Bachelors,13,Married-civ-spouse,Exec-managerial,Husband,White,Male,0,0,40,United-States,0.6813276985368166,0
49,Federal-gov,125892,Bachelors,13,Married-civ-spouse,Exec-managerial,Husband,White,Male,0,0,40,United-States,0.6813276985368166,0
45,Self-emp-inc,142719,Bachelors,13,Married-civ-spouse,Exec-managerial,Husband,White,Male,0,0,40,United-States,0.6813276985368166,0
56,Federal-gov,277420,Bachelors,13,Married-civ-spouse,Exec-managerial,Husband,White,Male,0,0,40,Puerto-Rico,0.6813178452140317,0
36,Private,190759,Bachelors,13,Married-civ-spouse,Prof-specialty,Husband,White,Male,0,0,45,United-States,0.6812774015100516,0
35,Self-emp-inc,196373,Bachelors,13,Married-civ-spouse,Exec-managerial,Husband,White,Male,0,0,45,United-States,0.6812766931012239,0
36,Private,354078,Bachelors,13,Married-civ-spouse,Prof-specialty,Husband,White,Male,0,0,60,United-States,0.6811299236722896,0
52,Self-emp-not-inc,63004,Masters,14,Married-civ-spouse,Exec-managerial,Husband,Asian-Pac-Islander,Male,0,0,40,Philippines,0.6810009932656524,1
45,Private,48495,Bachelors,13,Married-civ-spouse,Prof-specialty,Husband,White,Male,0,0,42,United-States,0.6810009288648499,0
41,State-gov,27305,Masters,14,Married-civ-spouse,Prof-specialty,Husband,White,Male,0,0,40,United-States,0.6809764565598938,0
46,Self-emp-inc,120121,Bachelors,13,Married-civ-spouse,Sales,Husband,White,Male,0,0,50,United-States,0.6809508894412949,0
63,Self-emp-inc,54052,Masters,14,Married-civ-spouse,Sales,Husband,White,Male,0,0,68,United-States,0.6808687140172843,0
60,State-gov,69251,Masters,14,Married-civ-spouse,Prof-specialty,Husband,Asian-Pac-Islander,Male,0,0,38,China,0.6807448068732433,1
23,State-gov,287988,Bachelors,13,Never-married,Prof-specialty,Not-in-family,White,Male,10520,0,40,United-States,0.6806348747033483,0
45,Private,26502,Bachelors,13,Married-civ-spouse,Craft-repair,Husband,White,Male,0,0,72,United-States,0.6803768850884688,0
34,Private,317809,Bachelors,13,Married-civ-spouse,Exec-managerial,Husband,White,Male,0,0,50,?,0.6803730210403178,0
32,Private,209538,Masters,14,Married-civ-spouse,Exec-managerial,Husband,White,Male,0,0,55,United-States,0.6803508671642523,0
47,Private,102308,Bachelors,13,Married-civ-spouse,Prof-specialty,Husband,White,Male,0,0,50,United-States,0.6803073322217513,0
42,Local-gov,100793,Bachelors,13,Married-civ-spouse,Prof-specialty,Husband,White,Male,0,0,60,United-States,0.6803073322217513,0
38,Private,105150,Bachelors,13,Married-civ-spouse,Prof-specialty,Husband,White,Male,0,0,45,United-States,0.6803073322217513,0
54,Private,68985,Masters,14,Married-civ-spouse,Sales,Husband,White,Male,0,0,55,United-States,0.6802661157081411,0
37,Self-emp-inc,217054,Bachelors,13,Married-civ-spouse,Prof-specialty,Husband,White,Male,0,0,35,United-States,0.6802417078039875,0
55,Self-emp-inc,141807,Bachelors,13,Married-civ-spouse,Sales,Husband,White,Male,0,0,60,United-States,0.6800450277531033,0
53,Self-emp-inc,148532,Bachelors,13,Married-civ-spouse,Sales,Husband,White,Male,0,0,60,United-States,0.6800450277531033,0
36,Private,135289,Bachelors,13,Married-civ-spouse,Craft-repair,Husband,White,Male,0,0,48,United-States,0.679919961394617,0
66,?,213149,Some-college,10,Married-civ-spouse,?,Husband,White,Male,0,1825,40,United-States,0.6798636750932179,1
55,Federal-gov,270859,Bachelors,13,Married-civ-spouse,Prof-specialty,Husband,White,Male,0,0,40,United-States,0.6798444836540681,0
46,Federal-gov,162187,Bachelors,13,Married-civ-spouse,Prof-specialty,Husband,White,Male,0,0,40,United-States,0.6798444836540681,0
50,Self-emp-inc,101094,Masters,14,Married-civ-spouse,Sales,Husband,White,Male,0,0,55,United-States,0.6797666874846287,0
59,Private,171355,Doctorate,16,Married-civ-spouse,Exec-managerial,Husband,White,Male,0,0,40,United-States,0.6796986802371716,0
34,State-gov,366198,Doctorate,16,Married-civ-spouse,Prof-specialty,Husband,White,Male,0,0,45,Germany,0.6796266157391561,0
49,Local-gov,349633,Masters,14,Married-civ-spouse,Prof-specialty,Wife,White,Female,0,0,50,United-States,0.6794824223423225,0
46,Local-gov,324561,Masters,14,Married-civ-spouse,Prof-specialty,Wife,White,Female,0,0,45,United-States,0.6794824223423225,0
56,Private,158752,Masters,14,Married-civ-spouse,Exec-managerial,Wife,White,Female,0,0,50,United-States,0.6794484831193965,0
48,Self-emp-not-inc,167918,Masters,14,Married-civ-spouse,Sales,Husband,Asian-Pac-Islander,Male,0,0,50,India,0.6793832451064478,2
43,Federal-gov,197069,Bachelors,13,Married-civ-spouse,Prof-specialty,Husband,White,Male,0,0,40,Philippines,0.6792828442553251,0
36,Private,200352,Bachelors,13,Married-civ-spouse,Prof-specialty,Husband,White,Male,0,0,45,United-States,0.679188368278034,0
55,Self-emp-not-inc,105582,Masters,14,Married-civ-spouse,Sales,Husband,White,Male,2228,0,50,United-States,0.6791367188344161,0
59,Self-emp-inc,125000,Bachelors,13,Married-civ-spouse,Exec-managerial,Husband,White,Male,0,0,40,England,0.6791358816239833,0
51,Private,104651,Bachelors,13,Married-civ-spouse,Craft-repair,Husband,White,Male,0,0,50,United-States,0.6791354952191683,0
50,Self-emp-not-inc,95949,Bachelors,13,Married-civ-spouse,Craft-repair,Husband,White,Male,0,0,50,United-States,0.6791354952191683,0
35,Private,282951,Bachelors,13,Married-civ-spouse,Exec-managerial,Husband,White,Male,0,0,70,United-States,0.679078436108139,0
41,Private,156566,Bachelors,13,Married-civ-spouse,Exec-managerial,Husband,White,Male,4386,0,50,United-States,0.6788605037924245,0
52,Self-emp-inc,51048,Bachelors,13,Married-civ-spouse,Sales,Husband,White,Male,0,0,55,United-States,0.6787045894495329,0
35,Self-emp-inc,65624,Bachelors,13,Married-civ-spouse,Exec-managerial,Husband,White,Male,0,0,50,United-States,0.6786803103469844,0
60,State-gov,352156,Prof-school,15,Married-civ-spouse,Prof-specialty,Husband,White,Male,0,0,40,United-States,0.6786497199657893,0
46,Private,113390,Masters,14,Married-civ-spouse,Adm-clerical,Husband,White,Male,0,1740,60,United-States,0.6783293903740741,0
36,Private,111128,Bachelors,13,Married-civ-spouse,Prof-specialty,Husband,White,Male,0,0,48,United-States,0.6783163814119658,0
50,Private,400630,Prof-school,15,Married-civ-spouse,Prof-specialty,Husband,White,Male,0,0,36,United-States,0.6780681163182662,0
50,Private,123174,Doctorate,16,Married-civ-spouse,Prof-specialty,Husband,Black,Male,0,0,37,?,0.6780681163182662,1
44,Local-gov,177937,Doctorate,16,Married-civ-spouse,Prof-specialty,Husband,White,Male,0,0,36,United-States,0.6780681163182662,0
45,Self-emp-inc,34091,Bachelors,13,Married-civ-spouse,Exec-managerial,Husband,White,Male,0,0,38,United-States,0.6779041518750603,0
51,Federal-gov,36186,Bachelors,13,Married-civ-spouse,Prof-specialty,Husband,White,Male,0,0,40,United-States,0.6778110927154244,0
44,Private,115323,Masters,14,Married-civ-spouse,Exec-managerial,Husband,White,Male,0,0,40,United-States,0.6778078726752986,0
45,Private,216932,Masters,14,Married-civ-spouse,Exec-managerial,Husband,White,Male,0,0,40,United-States,0.6778078726752986,0
42,Private,356934,Masters,14,Married-civ-spouse,Exec-managerial,Husband,White,Male,0,0,40,United-States,0.6778078726752986,0
53,Local-gov,236873,Masters,14,Married-civ-spouse,Exec-managerial,Husband,Black,Male,0,0,40,United-States,0.6778078726752986,1
41,Private,201495,Masters,14,Married-civ-spouse,Exec-managerial,Husband,White,Male,0,0,40,United-States,0.6778078726752986,0
44,Private,165346,Masters,14,Married-civ-spouse,Exec-managerial,Husband,White,Male,0,0,40,United-States,0.6778078726752986,0
40,Private,146520,Masters,14,Married-civ-spouse,Exec-managerial,Husband,White,Male,0,0,40,United-States,0.6778078726752986,0
51,State-gov,237141,Masters,14,Married-civ-spouse,Exec-managerial,Husband,White,Male,0,0,40,United-States,0.6778078726752986,0
34,Private,30673,Masters,14,Married-civ-spouse,Prof-specialty,Husband,White,Male,0,0,55,United-States,0.6778033646191225,0
36,Private,202662,Masters,14,Married-civ-spouse,Prof-specialty,Husband,White,Male,0,0,40,United-States,0.6777964093324508,0
54,Private,57758,Masters,14,Married-civ-spouse,Sales,Husband,White,Male,0,0,68,United-States,0.6776099046083641,0
43,Private,220776,Masters,14,Married-civ-spouse,Exec-managerial,Husband,White,Male,0,0,35,United-States,0.6775537471085701,1
45,Private,46406,Masters,14,Married-civ-spouse,Prof-specialty,Husband,White,Male,0,0,36,England,0.6775527166957298,1
41,Private,24763,HS-grad,9,Divorced,Transport-moving,Unmarried,White,Male,7443,0,40,United-States,0.677419471435324,1
48,Self-emp-not-inc,218835,Masters,14,Married-civ-spouse,Sales,Husband,White,Male,0,0,50,England,0.6773785125249238,0
36,Private,398931,Bachelors,13,Married-civ-spouse,Prof-specialty,Husband,White,Male,0,1485,50,United-States,0.6773499185686066,0
76,Private,124191,Masters,14,Married-civ-spouse,Exec-managerial,Husband,White,Male,0,0,40,United-States,0.6773425124763172,0
43,Federal-gov,56063,Bachelors,13,Married-civ-spouse,Sales,Husband,White,Male,0,0,60,United-States,0.6773246090532177,0
49,Self-emp-inc,102771,Bachelors,13,Married-civ-spouse,Sales,Husband,White,Male,0,0,52,United-States,0.6772241438012926,0
46,Self-emp-inc,98929,Bachelors,13,Married-civ-spouse,Sales,Husband,White,Male,0,0,52,United-States,0.6772241438012926,0
54,Private,37289,Masters,14,Married-civ-spouse,Exec-managerial,Wife,White,Female,0,0,55,United-States,0.6771981902778786,0
41,State-gov,170924,Masters,14,Married-civ-spouse,Prof-specialty,Husband,White,Male,0,0,40,United-States,0.677179900449964,0
45,State-gov,144351,Masters,14,Married-civ-spouse,Prof-specialty,Husband,White,Male,0,0,40,United-States,0.677179900449964,0
54,Private,260052,Masters,14,Married-civ-spouse,Prof-specialty,Husband,White,Male,0,0,40,United-States,0.677179900449964,0
54,State-gov,93449,Masters,14,Married-civ-spouse,Prof-specialty,Husband,Asian-Pac-Islander,Male,0,0,40,India,0.677179900449964,1
51,Local-gov,35211,Masters,14,Married-civ-spouse,Prof-specialty,Husband,Amer-Indian-Eskimo,Male,0,0,40,United-States,0.677179900449964,0
41,Private,113823,Masters,14,Married-civ-spouse,Prof-specialty,Husband,White,Male,0,0,40,England,0.677179900449964,0
51,Local-gov,159755,Masters,14,Married-civ-spouse,Prof-specialty,Husband,White,Male,0,0,40,United-States,0.677179900449964,0
52,State-gov,71344,Masters,14,Married-civ-spouse,Prof-specialty,Husband,White,Male,0,0,40,United-States,0.677179900449964,0
43,Local-gov,36924,Masters,14,Married-civ-spouse,Prof-specialty,Husband,White,Male,0,0,40,United-States,0.677179900449964,0
44,Private,147265,Masters,14,Married-civ-spouse,Prof-specialty,Husband,White,Male,0,0,40,United-States,0.677179900449964,0
42,Private,280167,Masters,14,Married-civ-spouse,Prof-specialty,Husband,White,Male,0,0,40,United-States,0.677179900449964,0
40,Private,170108,Masters,14,Married-civ-spouse,Prof-specialty,Husband,White,Male,0,0,40,United-States,0.677179900449964,0
41,Private,56795,Masters,14,Married-civ-spouse,Prof-specialty,Wife,White,Female,0,0,45,England,0.6771793852435439,0
44,Self-emp-inc,352971,Bachelors,13,Married-civ-spouse,Exec-managerial,Husband,White,Male,0,0,45,United-States,0.6771549129385878,0
36,Self-emp-not-inc,151322,Bachelors,13,Married-civ-spouse,Prof-specialty,Husband,White,Male,0,0,45,United-States,0.6770594709492589,0
36,Private,241998,Bachelors,13,Married-civ-spouse,Craft-repair,Husband,White,Male,0,0,50,United-States,0.6769199144102065,0
43,Private,158926,Masters,14,Married-civ-spouse,Prof-specialty,Wife,Asian-Pac-Islander,Female,0,0,50,South,0.676813910689265,1
43,Private,208277,Masters,14,Married-civ-spouse,Prof-specialty,Wife,White,Female,0,0,45,United-States,0.676813910689265,0
38,Local-gov,91711,Bachelors,13,Married-civ-spouse,Prof-specialty,Husband,White,Male,0,0,50,United-States,0.6767969732782032,0
60,Private,85995,Masters,14,Married-civ-spouse,Adm-clerical,Husband,Asian-Pac-Islander,Male,0,0,50,South,0.6766976672407234,2
53,Private,31588,Bachelors,13,Married-civ-spouse,Prof-specialty,Husband,White,Male,0,0,52,United-States,0.6766938675933749,0
35,Private,236910,Bachelors,13,Married-civ-spouse,Exec-managerial,Husband,White,Male,0,0,60,United-States,0.6766733237373723,0
61,Self-emp-inc,119986,Bachelors,13,Married-civ-spouse,Sales,Husband,White,Male,0,0,50,United-States,0.6766704257012591,0
37,Private,112497,Masters,14,Married-civ-spouse,Exec-managerial,Husband,White,Male,0,0,40,United-States,0.676440321633869,0
39,Private,91711,Masters,14,Married-civ-spouse,Exec-managerial,Husband,White,Male,0,0,40,United-States,0.676440321633869,0
55,Private,208451,Masters,14,Married-civ-spouse,Exec-managerial,Husband,White,Male,0,0,40,United-States,0.6763233697764998,0
38,Private,119741,Masters,14,Married-civ-spouse,Craft-repair,Husband,Black,Male,0,0,40,United-States,0.6762957418322203,1
47,Federal-gov,34845,Bachelors,13,Married-civ-spouse,Adm-clerical,Husband,White,Male,0,0,45,Germany,0.6762072551295633,0
47,Self-emp-inc,120131,Bachelors,13,Married-civ-spouse,Exec-managerial,Husband,White,Male,0,0,50,Cuba,0.6761813660069518,0
46,Private,196858,Masters,14,Married-civ-spouse,Prof-specialty,Husband,White,Male,0,0,35,United-States,0.6760638989431623,1
46,Local-gov,125457,Masters,14,Married-civ-spouse,Prof-specialty,Husband,Black,Male,0,0,38,United-States,0.6759902888258864,1
51,Private,82578,Masters,14,Married-civ-spouse,Prof-specialty,Husband,White,Male,0,0,38,Canada,0.6759902888258864,0
47,State-gov,123219,Masters,14,Married-civ-spouse,Prof-specialty,Husband,White,Male,0,0,38,United-States,0.6759902888258864,0
38,Private,98360,Masters,14,Married-civ-spouse,Prof-specialty,Husband,White,Male,0,0,40,United-States,0.6758112545948917,0
37,Self-emp-not-inc,298444,Masters,14,Married-civ-spouse,Prof-specialty,Husband,White,Male,0,0,40,United-States,0.6758112545948917,0
39,Private,72338,Masters,14,Married-civ-spouse,Prof-specialty,Husband,Asian-Pac-Islander,Male,0,0,40,Philippines,0.6758112545948917,1
38,Private,192337,Masters,14,Married-civ-spouse,Prof-specialty,Husband,White,Male,0,0,40,England,0.6758112545948917,0
39,Private,76417,Masters,14,Married-civ-spouse,Prof-specialty,Husband,White,Male,0,0,40,United-States,0.6758112545948917,0
37,Federal-gov,48779,Bachelors,13,Married-civ-spouse,Prof-specialty,Husband,White,Male,0,0,40,United-States,0.675768878866836,0
55,Local-gov,209535,Masters,14,Married-civ-spouse,Prof-specialty,Husband,White,Male,0,0,40,United-States,0.6756942383367199,0
45,Local-gov,37306,Bachelors,13,Married-civ-spouse,Prof-specialty,Husband,White,Male,0,0,45,United-States,0.6755752256536701,0
56,Local-gov,273084,Masters,14,Married-civ-spouse,Exec-managerial,Husband,Black,Male,0,0,40,United-States,0.6755139160896748,0
65,Self-emp-inc,115922,Bachelors,13,Married-civ-spouse,Exec-managerial,Husband,White,Male,0,0,40,United-States,0.6754712827584091,0
35,Private,115792,Bachelors,13,Married-civ-spouse,Prof-specialty,Husband,White,Male,0,0,55,United-States,0.6754272970102906,0
35,Private,143058,Bachelors,13,Married-civ-spouse,Prof-specialty,Husband,White,Male,0,0,60,United-States,0.6754272970102906,0
37,Local-gov,44694,Masters,14,Married-civ-spouse,Prof-specialty,Wife,White,Female,0,0,45,United-States,0.6753279909728107,0
50,Self-emp-inc,304955,Bachelors,13,Married-civ-spouse,Sales,Husband,White,Male,0,0,60,United-States,0.6752870320624105,0
46,Self-emp-inc,278322,Bachelors,13,Married-civ-spouse,Sales,Husband,White,Male,0,0,45,United-States,0.6752870320624105,0
46,Self-emp-inc,168796,Bachelors,13,Married-civ-spouse,Sales,Husband,White,Male,0,0,55,United-States,0.6752870320624105,0
37,State-gov,210452,Masters,14,Married-civ-spouse,Exec-managerial,Husband,White,Male,0,0,38,United-States,0.6752496795969511,0
44,Federal-gov,68729,Bachelors,13,Married-civ-spouse,Exec-managerial,Husband,Asian-Pac-Islander,Male,0,0,40,United-States,0.6749274823819631,1
45,Federal-gov,283037,Bachelors,13,Married-civ-spouse,Exec-managerial,Husband,White,Male,0,0,40,United-States,0.6749274823819631,0
50,Federal-gov,65160,Bachelors,13,Married-civ-spouse,Exec-managerial,Husband,White,Male,0,0,40,United-States,0.6749274823819631,0
40,Self-emp-inc,64885,Masters,14,Married-civ-spouse,Sales,Husband,White,Male,0,0,70,United-States,0.6748979868144107,0
58,State-gov,110517,Doctorate,16,Married-civ-spouse,Prof-specialty,Husband,Asian-Pac-Islander,Male,4064,0,40,India,0.6747740152695672,3
42,Self-emp-inc,188615,Bachelors,13,Married-civ-spouse,Sales,Husband,White,Male,0,0,60,United-States,0.6747223658259492,0
43,Self-emp-inc,304906,Bachelors,13,Married-civ-spouse,Sales,Husband,White,Male,0,0,45,United-States,0.6747223658259492,0
35,Private,475324,Bachelors,13,Married-civ-spouse,Exec-managerial,Husband,White,Male,0,0,45,United-States,0.6747213998139115,0
34,Private,245378,Bachelors,13,Married-civ-spouse,Exec-managerial,Husband,White,Male,0,0,45,United-States,0.6747213998139115,0
34,Private,318641,Bachelors,13,Married-civ-spouse,Exec-managerial,Husband,Black,Male,0,0,45,United-States,0.6747213998139115,0
48,Private,248059,Bachelors,13,Married-civ-spouse,Exec-managerial,Husband,White,Male,5013,0,45,United-States,0.674631496293599,0
34,Self-emp-inc,175761,Bachelors,13,Married-civ-spouse,Prof-specialty,Husband,White,Male,0,0,60,United-States,0.6745618790260791,0
61,Self-emp-inc,134768,Bachelors,13,Married-civ-spouse,Exec-managerial,Husband,White,Male,0,0,50,Germany,0.6745437179997695,0
51,Private,123053,Masters,14,Married-civ-spouse,Prof-specialty,Husband,Asian-Pac-Islander,Male,5013,0,40,India,0.6744525908642093,1
53,Private,70387,Masters,14,Married-civ-spouse,Prof-specialty,Husband,Asian-Pac-Islander,Male,4386,0,40,India,0.6744525908642093,1
56,Private,212864,Bachelors,13,Married-civ-spouse,Prof-specialty,Husband,White,Male,0,0,40,United-States,0.6743950165467598,0
39,Private,24342,Bachelors,13,Married-civ-spouse,Prof-specialty,Husband,White,Male,0,0,40,United-States,0.6743950165467598,0
45,Private,55720,Bachelors,13,Married-civ-spouse,Prof-specialty,Husband,White,Male,0,0,40,United-States,0.6743950165467598,0
56,Private,208451,Bachelors,13,Married-civ-spouse,Prof-specialty,Husband,White,Male,0,0,40,United-States,0.6743950165467598,0
51,Private,200618,Bachelors,13,Married-civ-spouse,Prof-specialty,Husband,White,Male,0,0,40,United-States,0.6743950165467598,0
37,Private,164526,Bachelors,13,Married-civ-spouse,Prof-specialty,Husband,White,Male,0,0,40,United-States,0.6743950165467598,0
43,Private,274731,Bachelors,13,Married-civ-spouse,Prof-specialty,Husband,White,Male,0,0,40,United-States,0.6743950165467598,0
40,Private,186916,Bachelors,13,Married-civ-spouse,Prof-specialty,Husband,White,Male,0,0,40,United-States,0.6743950165467598,0
44,Private,427952,Bachelors,13,Married-civ-spouse,Prof-specialty,Husband,White,Male,0,0,40,United-States,0.6743950165467598,0
51,Private,146767,Bachelors,13,Married-civ-spouse,Prof-specialty,Husband,White,Male,0,0,40,United-States,0.6743950165467598,0
52,Private,294991,Bachelors,13,Married-civ-spouse,Prof-specialty,Husband,White,Male,0,0,40,United-States,0.6743950165467598,0
36,Private,183612,HS-grad,9,Married-civ-spouse,Prof-specialty,Husband,White,Male,0,1977,40,United-States,0.6743096210826235,0
59,Self-emp-not-inc,132925,Masters,14,Married-civ-spouse,Craft-repair,Husband,White,Male,0,0,40,United-States,0.6742667301481478,0
49,Private,186078,Masters,14,Married-civ-spouse,Prof-specialty,Wife,White,Female,0,0,50,United-States,0.6742298928891085,0
56,Private,37394,Masters,14,Married-civ-spouse,Exec-managerial,Husband,White,Male,0,0,40,United-States,0.6741464938498501,0
47,Self-emp-not-inc,107231,Doctorate,16,Married-civ-spouse,Prof-specialty,Husband,White,Male,0,0,35,United-States,0.6740616779929365,0
48,Self-emp-not-inc,219021,Prof-school,15,Married-civ-spouse,Prof-specialty,Husband,White,Male,0,0,35,United-States,0.6740616779929365,0
35,Self-emp-not-inc,112271,Bachelors,13,Married-civ-spouse,Exec-managerial,Husband,White,Male,0,0,50,United-States,0.6736614270052989,0
44,Local-gov,144778,Bachelors,13,Married-civ-spouse,Prof-specialty,Husband,White,Male,0,0,40,United-States,0.6736608473980762,0
39,State-gov,85566,Bachelors,13,Married-civ-spouse,Prof-specialty,Husband,White,Male,0,0,40,United-States,0.6736608473980762,0
46,State-gov,394860,Bachelors,13,Married-civ-spouse,Prof-specialty,Husband,White,Male,0,0,38,United-States,0.6736608473980762,0
43,Local-gov,293535,Bachelors,13,Married-civ-spouse,Prof-specialty,Husband,Black,Male,0,0,40,United-States,0.6736608473980762,0
48,Local-gov,148549,Bachelors,13,Married-civ-spouse,Prof-specialty,Husband,White,Male,0,0,40,United-States,0.6736608473980762,0
43,State-gov,52849,Bachelors,13,Married-civ-spouse,Prof-specialty,Husband,White,Male,0,0,40,United-States,0.6736608473980762,0
36,Self-emp-not-inc,138940,Bachelors,13,Married-civ-spouse,Exec-managerial,Husband,White,Male,4386,0,50,United-States,0.6735446683503371,0
56,Private,282023,Masters,14,Married-civ-spouse,Prof-specialty,Husband,White,Male,0,0,40,United-States,0.67351581679081,0
70,Self-emp-inc,158437,Prof-school,15,Married-civ-spouse,Prof-specialty,Husband,White,Male,0,0,35,United-States,0.6735085395001256,0
46,Federal-gov,297906,Bachelors,13,Married-civ-spouse,Prof-specialty,Husband,Asian-Pac-Islander,Male,0,0,50,United-States,0.6734611405094737,1
19,Private,188815,HS-grad,9,Never-married,Other-service,Own-child,White,Female,34095,0,20,United-States,0.6734505787778611,1
32,State-gov,253354,Masters,14,Married-civ-spouse,Prof-specialty,Husband,White,Male,0,0,50,United-States,0.6733857271697273,0
34,Private,173730,Bachelors,13,Married-civ-spouse,Exec-managerial,Husband,White,Male,0,0,50,United-States,0.6733486967082806,0
34,Private,117444,Bachelors,13,Married-civ-spouse,Exec-managerial,Husband,White,Male,0,0,65,United-States,0.6733486967082806,0
34,Private,159322,Bachelors,13,Married-civ-spouse,Exec-managerial,Husband,White,Male,0,0,50,United-States,0.6733486967082806,0
45,Self-emp-inc,151584,Prof-school,15,Married-civ-spouse,Prof-specialty,Husband,White,Male,0,0,35,United-States,0.6733086394091156,0
49,Federal-gov,128990,Bachelors,13,Married-civ-spouse,Prof-specialty,Husband,White,Male,0,0,40,United-States,0.6733031009400993,0
57,Federal-gov,140711,Bachelors,13,Married-civ-spouse,Prof-specialty,Husband,White,Male,0,0,40,United-States,0.6733031009400993,0
56,Federal-gov,130454,Bachelors,13,Married-civ-spouse,Prof-specialty,Husband,White,Male,0,0,40,United-States,0.6733031009400993,0
38,Private,40955,Bachelors,13,Married-civ-spouse,Prof-specialty,Husband,White,Male,0,0,40,England,0.6732738629757569,0
53,Private,288020,Bachelors,13,Married-civ-spouse,Prof-specialty,Husband,Asian-Pac-Islander,Male,0,0,40,Japan,0.6732738629757569,1
53,Federal-gov,84278,Bachelors,13,Married-civ-spouse,Exec-managerial,Husband,White,Male,0,0,48,United-States,0.6732305856364661,0
58,Private,281792,Bachelors,13,Married-civ-spouse,Prof-specialty,Husband,White,Male,0,0,40,United-States,0.6730968251696401,0
51,Self-emp-inc,124963,Masters,14,Married-civ-spouse,Sales,Husband,White,Male,0,0,40,United-States,0.672894284645727,0
90,Private,221832,Bachelors,13,Married-civ-spouse,Exec-managerial,Husband,White,Male,0,0,45,United-States,0.6726840160255119,1
77,Private,83601,Prof-school,15,Married-civ-spouse,Exec-managerial,Husband,White,Male,0,0,40,United-States,0.6724403233887909,1
45,Self-emp-inc,185497,Bachelors,13,Married-civ-spouse,Exec-managerial,Wife,Asian-Pac-Islander,Female,0,0,70,?,0.6723902195644333,2
60,Local-gov,227332,Masters,14,Married-civ-spouse,Exec-managerial,Husband,White,Male,0,0,40,United-States,0.6723667776723175,0
43,Self-emp-inc,244945,Bachelors,13,Married-civ-spouse,Prof-specialty,Husband,White,Male,0,0,60,United-States,0.6723535111069991,0
35,Private,102268,Bachelors,13,Married-civ-spouse,Exec-managerial,Husband,White,Male,0,0,45,United-States,0.6722017828162712,0
33,Private,144064,Doctorate,16,Married-civ-spouse,Prof-specialty,Husband,White,Male,0,0,55,United-States,0.6720876001934102,0
42,Self-emp-inc,90693,Bachelors,13,Married-civ-spouse,Exec-managerial,Husband,White,Male,0,0,70,United-States,0.6719640150533818,0
44,Private,175935,Doctorate,16,Married-civ-spouse,Adm-clerical,Husband,White,Male,0,0,55,United-States,0.6719479792535552,0
48,Self-emp-inc,382242,Doctorate,16,Married-civ-spouse,Exec-managerial,Wife,White,Female,0,0,40,United-States,0.6719343262834218,0
54,Self-emp-inc,108435,Bachelors,13,Married-civ-spouse,Sales,Husband,White,Male,0,0,50,United-States,0.6716669985521775,0
72,Self-emp-not-inc,52138,Doctorate,16,Married-civ-spouse,Prof-specialty,Husband,White,Male,0,2392,25,United-States,0.6712992699698105,2
57,Self-emp-inc,125000,Prof-school,15,Married-civ-spouse,Prof-specialty,Husband,White,Male,0,0,35,United-States,0.6711081927887451,0
36,State-gov,183735,Masters,14,Married-civ-spouse,Prof-specialty,Husband,White,Male,0,0,40,United-States,0.6710642070406266,0
60,Self-emp-not-inc,143932,Masters,14,Married-civ-spouse,Exec-managerial,Husband,White,Male,0,0,40,United-States,0.6709944609715017,0
34,State-gov,173730,Masters,14,Married-civ-spouse,Exec-managerial,Husband,White,Male,0,0,38,United-States,0.6709171156076799,0
48,Self-emp-inc,36020,Bachelors,13,Married-civ-spouse,Exec-managerial,Husband,White,Male,0,0,50,United-States,0.6708965073508747,0
88,Self-emp-not-inc,187097,Prof-school,15,Married-civ-spouse,Exec-managerial,Husband,White,Male,0,0,40,United-States,0.6707957844957395,1
33,Private,72338,Prof-school,15,Married-civ-spouse,Exec-managerial,Husband,Asian-Pac-Islander,Male,0,0,65,Japan,0.6707344749317442,2
39,Local-gov,170382,Masters,14,Married-civ-spouse,Prof-specialty,Wife,White,Female,0,0,50,England,0.6706978308751125,0
61,Private,119986,Masters,14,Married-civ-spouse,Prof-specialty,Husband,White,Male,0,0,40,?,0.6703614654835709,0
36,Private,52327,Masters,14,Married-civ-spouse,Prof-specialty,Husband,Other,Male,0,0,40,Iran,0.6702048427318517,2
42,Federal-gov,33521,Bachelors,13,Married-civ-spouse,Prof-specialty,Husband,White,Male,0,0,40,United-States,0.6698125130429236,0
40,Self-emp-inc,49249,Bachelors,13,Married-civ-spouse,Exec-managerial,Husband,White,Male,0,0,50,United-States,0.6697855935074718,0
45,Private,162187,Bachelors,13,Married-civ-spouse,Sales,Husband,White,Male,0,0,52,United-States,0.6696924699470335,0
37,Private,254202,Bachelors,13,Married-civ-spouse,Sales,Husband,White,Male,0,0,50,United-States,0.6696924699470335,0
47,Private,160440,Bachelors,13,Married-civ-spouse,Sales,Husband,White,Male,0,0,55,United-States,0.6696924699470335,0
37,Private,99146,Bachelors,13,Married-civ-spouse,Sales,Husband,White,Male,0,0,60,United-States,0.6696924699470335,0
46,Private,203039,Bachelors,13,Married-civ-spouse,Sales,Husband,White,Male,0,0,48,United-States,0.6696924699470335,0
41,Private,99870,Bachelors,13,Married-civ-spouse,Sales,Husband,White,Male,0,0,55,United-States,0.6696924699470335,0
39,Private,342448,Bachelors,13,Married-civ-spouse,Adm-clerical,Husband,White,Male,0,0,45,United-States,0.6696924699470335,0
46,Private,368561,Bachelors,13,Married-civ-spouse,Sales,Husband,White,Male,0,0,55,United-States,0.6696924699470335,0
49,Private,281647,Bachelors,13,Married-civ-spouse,Sales,Husband,White,Male,0,0,45,United-States,0.6696924699470335,0
38,Private,174717,Bachelors,13,Married-civ-spouse,Sales,Husband,White,Male,0,0,50,United-States,0.6696924699470335,0
40,Private,175674,Bachelors,13,Married-civ-spouse,Sales,Husband,White,Male,0,0,50,United-States,0.6696924699470335,0
39,Private,113151,Bachelors,13,Married-civ-spouse,Sales,Husband,White,Male,0,0,55,United-States,0.6696924699470335,0
36,Federal-gov,51089,Bachelors,13,Married-civ-spouse,Adm-clerical,Husband,White,Male,0,0,50,United-States,0.6696499654173729,0
45,Private,285060,Bachelors,13,Married-civ-spouse,Exec-managerial,Husband,White,Male,0,0,50,United-States,0.6694644911061265,0
42,Private,268183,Bachelors,13,Married-civ-spouse,Exec-managerial,Husband,White,Male,0,1485,60,United-States,0.6694644911061265,0
46,Private,251474,Bachelors,13,Married-civ-spouse,Exec-managerial,Husband,White,Male,0,0,60,United-States,0.6694644911061265,0
52,Private,386397,Bachelors,13,Married-civ-spouse,Exec-managerial,Husband,White,Male,0,0,45,United-States,0.6694644911061265,0
47,Private,173938,Bachelors,13,Married-civ-spouse,Exec-managerial,Husband,White,Male,0,0,57,United-States,0.6694644911061265,0
44,Private,176063,Bachelors,13,Married-civ-spouse,Exec-managerial,Husband,White,Male,0,0,45,United-States,0.6694644911061265,0
37,Private,305379,Bachelors,13,Married-civ-spouse,Exec-managerial,Husband,White,Male,0,0,50,United-States,0.6694644911061265,0
41,Private,118619,Bachelors,13,Married-civ-spouse,Exec-managerial,Husband,Black,Male,0,0,50,United-States,0.6694644911061265,1
50,Private,270194,Bachelors,13,Married-civ-spouse,Exec-managerial,Husband,White,Male,0,0,60,United-States,0.6694644911061265,0
39,Private,224566,Bachelors,13,Married-civ-spouse,Exec-managerial,Husband,White,Male,0,0,60,United-States,0.6694644911061265,0
39,Private,280570,Bachelors,13,Married-civ-spouse,Exec-managerial,Husband,White,Male,3103,0,50,United-States,0.6694644911061265,0
50,Private,135465,Bachelors,13,Married-civ-spouse,Exec-managerial,Husband,White,Male,0,0,50,United-States,0.6694644911061265,0
53,Private,250034,Bachelors,13,Married-civ-spouse,Exec-managerial,Husband,Black,Male,0,0,50,United-States,0.6694644911061265,1
54,Private,291755,Bachelors,13,Married-civ-spouse,Exec-managerial,Husband,White,Male,0,0,45,United-States,0.6694644911061265,0
39,Private,238415,Bachelors,13,Married-civ-spouse,Exec-managerial,Husband,White,Male,0,0,50,United-States,0.6694644911061265,0
55,Private,189719,Bachelors,13,Married-civ-spouse,Exec-managerial,Husband,White,Male,0,0,45,United-States,0.6694644911061265,0
42,Private,303155,Bachelors,13,Married-civ-spouse,Exec-managerial,Husband,White,Male,0,0,50,United-States,0.6694644911061265,0
33,State-gov,119628,Doctorate,16,Married-civ-spouse,Prof-specialty,Husband,Asian-Pac-Islander,Male,0,0,50,Hong,0.6694286842599275,4
44,Private,164678,Masters,14,Married-civ-spouse,Prof-specialty,Wife,White,Female,0,0,45,United-States,0.6694214713700457,0
37,Local-gov,196529,Masters,14,Married-civ-spouse,Prof-specialty,Wife,White,Female,0,0,45,United-States,0.6694214713700457,0
38,Self-emp-inc,140854,Bachelors,13,Married-civ-spouse,Craft-repair,Husband,White,Male,0,0,50,United-States,0.6693792244435951,0
34,Private,146161,Bachelors,13,Married-civ-spouse,Prof-specialty,Husband,White,Male,0,0,60,United-States,0.6693707879384655,0
35,Private,172571,Bachelors,13,Married-civ-spouse,Prof-specialty,Husband,White,Male,0,0,50,United-States,0.6693707879384655,0
34,Private,204461,Bachelors,13,Married-civ-spouse,Prof-specialty,Husband,White,Male,0,0,55,United-States,0.6693707879384655,0
52,Federal-gov,192386,Masters,14,Married-civ-spouse,Exec-managerial,Husband,White,Male,5013,0,40,United-States,0.6692723835122208,0
31,Local-gov,192565,Masters,14,Married-civ-spouse,Prof-specialty,Husband,White,Male,0,0,90,United-States,0.6692116535554482,0
31,State-gov,190305,Masters,14,Married-civ-spouse,Prof-specialty,Husband,White,Male,0,0,50,United-States,0.6692116535554482,0
42,Self-emp-not-inc,120539,Bachelors,13,Married-civ-spouse,Sales,Husband,White,Male,0,0,50,United-States,0.6689544367501988,0
34,Private,195576,Bachelors,13,Married-civ-spouse,Exec-managerial,Husband,White,Male,0,0,50,United-States,0.668843152163451,0
57,Private,199934,Bachelors,13,Married-civ-spouse,Exec-managerial,Husband,White,Male,0,0,40,United-States,0.6687894418941526,0
44,Private,227065,Bachelors,13,Married-civ-spouse,Exec-managerial,Husband,White,Male,0,0,40,United-States,0.6687894418941526,0
38,Private,143123,Bachelors,13,Married-civ-spouse,Exec-managerial,Husband,White,Male,0,0,40,United-States,0.6687894418941526,0
41,Private,110562,Bachelors,13,Married-civ-spouse,Exec-managerial,Husband,White,Male,0,0,40,United-States,0.6687894418941526,0
45,Private,240554,Bachelors,13,Married-civ-spouse,Exec-managerial,Husband,White,Male,0,0,40,United-States,0.6687894418941526,0
42,Private,118947,Bachelors,13,Married-civ-spouse,Exec-managerial,Husband,White,Male,0,0,40,United-States,0.6687894418941526,0
44,Private,98211,Bachelors,13,Married-civ-spouse,Exec-managerial,Husband,White,Male,0,0,40,United-States,0.6687894418941526,0
40,Private,63503,Bachelors,13,Married-civ-spouse,Exec-managerial,Husband,White,Male,0,0,40,United-States,0.6687894418941526,0
51,Private,138847,Bachelors,13,Married-civ-spouse,Exec-managerial,Husband,White,Male,0,0,40,United-States,0.6687894418941526,0
49,Private,204629,Bachelors,13,Married-civ-spouse,Exec-managerial,Husband,White,Male,0,0,40,United-States,0.6687894418941526,0
46,Private,159869,Bachelors,13,Married-civ-spouse,Exec-managerial,Husband,White,Male,0,0,40,United-States,0.6687894418941526,0
40,Private,124692,Bachelors,13,Married-civ-spouse,Exec-managerial,Husband,White,Male,0,0,40,United-States,0.6687894418941526,0
39,Private,167728,Bachelors,13,Married-civ-spouse,Exec-managerial,Husband,White,Male,0,0,40,United-States,0.6687894418941526,0
38,Private,132879,Bachelors,13,Married-civ-spouse,Exec-managerial,Husband,White,Male,0,0,40,United-States,0.6687894418941526,0
49,Private,195727,Bachelors,13,Married-civ-spouse,Exec-managerial,Husband,White,Male,0,0,40,United-States,0.6687894418941526,0
54,Private,174102,Bachelors,13,Married-civ-spouse,Exec-managerial,Husband,White,Male,0,0,40,United-States,0.6687894418941526,0
42,Private,185413,Bachelors,13,Married-civ-spouse,Exec-managerial,Husband,White,Male,0,0,40,United-States,0.6687894418941526,0
42,Private,173628,Bachelors,13,Married-civ-spouse,Exec-managerial,Husband,White,Male,0,0,40,United-States,0.6687894418941526,0
28,Private,141957,Assoc-acdm,12,Married-civ-spouse,Tech-support,Husband,White,Male,0,1887,70,United-States,0.6686743576600563,1
34,Local-gov,136331,Bachelors,13,Married-civ-spouse,Prof-specialty,Husband,White,Male,0,0,60,United-States,0.6686324327376183,0
37,Private,117567,Bachelors,13,Married-civ-spouse,Exec-managerial,Husband,White,Male,0,0,60,United-States,0.6686189729698925,0
44,Private,125461,Masters,14,Married-civ-spouse,Exec-managerial,Husband,White,Male,0,0,35,United-States,0.6685774344522696,1
44,Self-emp-not-inc,483201,Bachelors,13,Married-civ-spouse,Exec-managerial,Husband,White,Male,0,0,40,United-States,0.6680507002884903,0
51,Local-gov,110327,Bachelors,13,Married-civ-spouse,Exec-managerial,Husband,White,Male,0,0,40,United-States,0.6680507002884903,0
56,State-gov,175057,Bachelors,13,Married-civ-spouse,Exec-managerial,Husband,White,Male,0,0,40,United-States,0.6680507002884903,0
48,Local-gov,123075,Masters,14,Married-civ-spouse,Prof-specialty,Husband,White,Male,0,0,35,United-States,0.6679427645434732,0
44,Local-gov,124692,Masters,14,Married-civ-spouse,Prof-specialty,Husband,White,Male,0,0,35,United-States,0.6679427645434732,0
36,Private,120760,Masters,14,Married-civ-spouse,Prof-specialty,Husband,Asian-Pac-Islander,Male,0,0,40,China,0.6678683816165671,1
60,Private,198170,Bachelors,13,Married-civ-spouse,Exec-managerial,Husband,White,Male,0,0,45,United-States,0.6678143493432561,0
60,Private,131681,Bachelors,13,Married-civ-spouse,Exec-managerial,Husband,White,Male,0,0,50,United-States,0.6678143493432561,0
34,Private,217460,Bachelors,13,Married-civ-spouse,Exec-managerial,Husband,White,Male,0,0,45,United-States,0.6678072652549794,0
57,Private,135339,Bachelors,13,Married-civ-spouse,Exec-managerial,Husband,Asian-Pac-Islander,Male,0,0,40,Philippines,0.6676612686356753,1
50,Private,171225,Bachelors,13,Married-civ-spouse,Exec-managerial,Husband,Asian-Pac-Islander,Male,0,0,40,Philippines,0.6676612686356753,1
45,Private,102096,Bachelors,13,Married-civ-spouse,Exec-managerial,Husband,White,Male,0,0,40,?,0.6676612686356753,0
49,Self-emp-inc,38819,Bachelors,13,Married-civ-spouse,Sales,Husband,White,Male,0,0,50,United-States,0.6676416907917104,0
35,Self-emp-not-inc,241998,Bachelors,13,Married-civ-spouse,Craft-repair,Husband,White,Male,0,0,45,United-States,0.6674240804800086,0
50,State-gov,159219,Bachelors,13,Married-civ-spouse,Exec-managerial,Husband,White,Male,0,0,40,Canada,0.6669215610179753,0
27,Private,31659,Bachelors,13,Married-civ-spouse,Machine-op-inspct,Husband,White,Male,0,1887,60,United-States,0.6668114356456728,0
64,Private,270333,Bachelors,13,Married-civ-spouse,Prof-specialty,Husband,White,Male,0,0,40,United-States,0.6667908273888676,0
58,State-gov,40925,Bachelors,13,Married-civ-spouse,Exec-managerial,Husband,White,Male,0,0,40,United-States,0.6667432351958082,0
60,State-gov,152711,Bachelors,13,Married-civ-spouse,Exec-managerial,Husband,White,Male,0,0,40,United-States,0.6667432351958082,0
34,Private,73585,Masters,14,Married-civ-spouse,Prof-specialty,Husband,White,Male,0,0,40,?,0.6666347842443711,0
33,Private,115496,Doctorate,16,Married-civ-spouse,Prof-specialty,Husband,White,Male,0,0,60,United-States,0.6666048378712011,0
80,Private,148623,Prof-school,15,Married-civ-spouse,Prof-specialty,Husband,White,Male,0,0,35,United-States,0.6663140682478409,1
61,Self-emp-not-inc,163174,Prof-school,15,Married-civ-spouse,Prof-specialty,Husband,White,Male,0,0,35,United-States,0.6662432273650731,0
33,Private,238912,Doctorate,16,Married-civ-spouse,Prof-specialty,Husband,White,Male,0,0,60,United-States,0.666118933816217,0
44,Private,188436,Bachelors,13,Married-civ-spouse,Adm-clerical,Husband,White,Male,0,0,45,United-States,0.6660762360841489,0
46,Private,165953,Bachelors,13,Married-civ-spouse,Adm-clerical,Husband,White,Male,0,0,45,United-States,0.6660762360841489,0
42,Local-gov,569930,Bachelors,13,Married-civ-spouse,Adm-clerical,Husband,White,Male,0,0,45,United-States,0.6660762360841489,0
63,Self-emp-not-inc,125178,Bachelors,13,Married-civ-spouse,Prof-specialty,Husband,White,Male,0,0,40,United-States,0.6660504757631425,0
39,Private,49020,Bachelors,13,Married-civ-spouse,Sales,Husband,White,Male,3103,0,48,United-States,0.666019112572317,0
42,Private,44402,Bachelors,13,Married-civ-spouse,Sales,Husband,White,Male,0,0,60,United-States,0.666019112572317,0
49,Private,82649,Bachelors,13,Married-civ-spouse,Prof-specialty,Husband,White,Male,5013,0,45,United-States,0.6659471768759065,0
51,Self-emp-not-inc,32372,Bachelors,13,Married-civ-spouse,Exec-managerial,Husband,White,Male,0,1672,70,United-States,0.6659306902704625,0
34,Private,55717,HS-grad,9,Married-civ-spouse,Craft-repair,Husband,White,Male,0,1848,50,United-States,0.6659171661019341,1
55,Self-emp-not-inc,185195,Bachelors,13,Married-civ-spouse,Exec-managerial,Husband,White,Male,0,0,99,United-States,0.6658637134358457,0
44,Self-emp-not-inc,182771,Bachelors,13,Married-civ-spouse,Exec-managerial,Husband,Asian-Pac-Islander,Male,0,0,48,South,0.6658637134358457,1
41,Self-emp-not-inc,144002,Bachelors,13,Married-civ-spouse,Exec-managerial,Husband,White,Male,0,0,60,United-States,0.6658637134358457,0
50,Local-gov,124963,HS-grad,9,Married-civ-spouse,Craft-repair,Husband,White,Male,0,1977,35,United-States,0.6658407223493474,0
40,Private,210648,Bachelors,13,Married-civ-spouse,Prof-specialty,Husband,White,Male,0,0,44,United-States,0.665738582676557,0
41,Private,152292,Bachelors,13,Married-civ-spouse,Prof-specialty,Husband,White,Male,0,0,50,United-States,0.665738582676557,0
38,Private,186959,Bachelors,13,Married-civ-spouse,Prof-specialty,Husband,White,Male,0,0,50,United-States,0.665738582676557,0
42,Private,214503,Bachelors,13,Married-civ-spouse,Prof-specialty,Husband,White,Male,0,0,44,United-States,0.665738582676557,0
37,Private,348739,Bachelors,13,Married-civ-spouse,Prof-specialty,Husband,White,Male,0,0,45,United-States,0.665738582676557,0
42,Private,194636,Bachelors,13,Married-civ-spouse,Prof-specialty,Husband,White,Male,0,0,45,United-States,0.665738582676557,0
47,Private,199058,Bachelors,13,Married-civ-spouse,Prof-specialty,Husband,White,Male,0,0,60,United-States,0.665738582676557,0
45,Private,155659,Bachelors,13,Married-civ-spouse,Prof-specialty,Husband,White,Male,0,0,60,United-States,0.665738582676557,0
45,Private,267967,Bachelors,13,Married-civ-spouse,Prof-specialty,Husband,White,Male,0,0,45,United-States,0.665738582676557,0
52,Private,146711,Bachelors,13,Married-civ-spouse,Prof-specialty,Husband,White,Male,0,0,50,United-States,0.665738582676557,0
38,Private,179668,Bachelors,13,Married-civ-spouse,Prof-specialty,Husband,White,Male,0,0,50,United-States,0.665738582676557,0
43,Private,206139,Bachelors,13,Married-civ-spouse,Prof-specialty,Husband,White,Male,0,0,50,United-States,0.665738582676557,0
39,Private,245053,Bachelors,13,Married-civ-spouse,Prof-specialty,Husband,White,Male,0,0,50,United-States,0.665738582676557,0
39,Private,185099,Bachelors,13,Married-civ-spouse,Prof-specialty,Husband,White,Male,0,0,48,United-States,0.665738582676557,0
37,State-gov,76767,Prof-school,15,Married-civ-spouse,Prof-specialty,Wife,White,Female,0,0,39,United-States,0.665722997682348,0
43,Private,115323,Bachelors,13,Married-civ-spouse,Exec-managerial,Husband,White,Male,3103,0,40,United-States,0.6656649081584785,0
41,Self-emp-inc,151089,Some-college,10,Married-civ-spouse,Exec-managerial,Husband,White,Male,0,2415,55,United-States,0.6654552835462885,0
41,Private,112763,Prof-school,15,Married-civ-spouse,Prof-specialty,Wife,White,Female,0,0,40,United-States,0.6652385104450192,0
35,Private,125933,Bachelors,13,Married-civ-spouse,Craft-repair,Husband,White,Male,0,0,50,United-States,0.6652043136188832,0
36,Private,414683,Bachelors,13,Married-civ-spouse,Prof-specialty,Husband,Black,Male,0,0,40,United-States,0.6650731935849604,0
36,Private,173542,Bachelors,13,Married-civ-spouse,Prof-specialty,Husband,White,Male,0,0,40,United-States,0.6650731935849604,0
38,Private,278557,Bachelors,13,Married-civ-spouse,Sales,Husband,White,Male,0,0,50,United-States,0.6650534869393905,0
44,Private,320984,Bachelors,13,Married-civ-spouse,Sales,Husband,White,Male,0,0,60,United-States,0.6650534869393905,0
40,Self-emp-not-inc,173716,Bachelors,13,Married-civ-spouse,Sales,Husband,White,Male,0,0,45,United-States,0.6650534869393905,0
47,Private,162034,Bachelors,13,Married-civ-spouse,Sales,Husband,White,Male,0,0,60,United-States,0.6650534869393905,0
49,Private,124356,Bachelors,13,Married-civ-spouse,Sales,Husband,White,Male,0,0,60,United-States,0.6650534869393905,0
48,Private,227714,Bachelors,13,Married-civ-spouse,Sales,Husband,White,Male,0,0,60,United-States,0.6650534869393905,0
40,Private,240504,Bachelors,13,Married-civ-spouse,Sales,Husband,White,Male,0,0,45,United-States,0.6650534869393905,0
40,Private,224658,Bachelors,13,Married-civ-spouse,Sales,Husband,White,Male,0,0,45,United-States,0.6650534869393905,0
41,Private,134130,Bachelors,13,Married-civ-spouse,Sales,Husband,White,Male,0,0,50,United-States,0.6650534869393905,0
40,Self-emp-not-inc,107762,Bachelors,13,Married-civ-spouse,Exec-managerial,Husband,White,Male,0,0,45,United-States,0.6650147820570783,0
50,Self-emp-inc,120781,Bachelors,13,Married-civ-spouse,Sales,Husband,Asian-Pac-Islander,Male,0,0,60,South,0.6649742739522957,2
37,Private,77820,Bachelors,13,Married-civ-spouse,Exec-managerial,Husband,White,Male,0,0,45,United-States,0.6649689930864894,0
67,Self-emp-inc,330144,Masters,14,Married-civ-spouse,Sales,Husband,White,Male,0,0,48,United-States,0.6648864956584662,0
55,Local-gov,143949,Masters,14,Married-civ-spouse,Prof-specialty,Wife,White,Female,3103,0,45,United-States,0.6645113609838099,0
40,Self-emp-inc,92036,Bachelors,13,Married-civ-spouse,Craft-repair,Husband,White,Male,0,0,40,United-States,0.6644109601326873,0
36,Private,139364,Bachelors,13,Married-civ-spouse,Sales,Husband,White,Male,0,0,50,United-States,0.6642636754973329,0
36,Private,199346,Masters,14,Married-civ-spouse,Prof-specialty,Wife,White,Female,0,0,50,United-States,0.6642265162342811,0
37,Private,105021,Bachelors,13,Married-civ-spouse,Sales,Husband,White,Male,0,0,50,United-States,0.6641675250991764,0
39,State-gov,122353,Bachelors,13,Married-civ-spouse,Prof-specialty,Husband,White,Male,0,0,45,United-States,0.6641198685053145,0
47,State-gov,188386,Bachelors,13,Married-civ-spouse,Prof-specialty,Husband,White,Male,0,0,45,United-States,0.6641198685053145,0
38,Private,234807,Bachelors,13,Married-civ-spouse,Exec-managerial,Wife,White,Female,0,0,50,United-States,0.6639335569836353,0
39,Private,99452,Bachelors,13,Married-civ-spouse,Prof-specialty,Husband,White,Male,0,0,50,United-States,0.6639327841740051,0
51,Self-emp-inc,189183,Bachelors,13,Married-civ-spouse,Exec-managerial,Husband,White,Male,0,0,40,United-States,0.663906057840961,0
54,Self-emp-inc,124963,Bachelors,13,Married-civ-spouse,Exec-managerial,Husband,White,Male,0,0,40,United-States,0.663906057840961,0
47,Federal-gov,323798,Bachelors,13,Married-civ-spouse,Exec-managerial,Husband,White,Male,0,0,40,United-States,0.663906057840961,0
58,Federal-gov,497253,Bachelors,13,Married-civ-spouse,Exec-managerial,Husband,Black,Male,0,0,40,United-States,0.663906057840961,0
41,Federal-gov,510072,Bachelors,13,Married-civ-spouse,Exec-managerial,Husband,White,Male,0,0,40,United-States,0.663906057840961,0
33,Private,202051,Masters,14,Married-civ-spouse,Prof-specialty,Husband,White,Male,0,0,50,United-States,0.6638891848307017,0
46,Local-gov,216214,Bachelors,13,Married-civ-spouse,Prof-specialty,Husband,White,Male,0,0,35,United-States,0.6638517035636373,0
35,Local-gov,79649,Bachelors,13,Married-civ-spouse,Prof-specialty,Husband,White,Male,0,0,50,United-States,0.6638207267776272,0
39,Private,272950,Bachelors,13,Married-civ-spouse,Craft-repair,Husband,White,Male,0,0,45,United-States,0.6637308232573146,0
37,Private,308691,Bachelors,13,Married-civ-spouse,Craft-repair,Husband,White,Male,0,0,45,United-States,0.6637308232573146,0
52,Private,298215,Bachelors,13,Married-civ-spouse,Craft-repair,Husband,White,Male,0,0,50,United-States,0.6637308232573146,0
38,Private,243872,Bachelors,13,Married-civ-spouse,Sales,Husband,White,Male,0,0,70,United-States,0.6636009912394422,0
35,Self-emp-inc,79586,Masters,14,Married-civ-spouse,Prof-specialty,Husband,Asian-Pac-Islander,Male,0,0,40,India,0.663350665320062,1
36,Private,182863,Bachelors,13,Married-civ-spouse,Exec-managerial,Husband,White,Male,0,0,50,United-States,0.6632966974475535,0
36,Private,269318,Bachelors,13,Married-civ-spouse,Exec-managerial,Husband,White,Male,0,0,50,United-States,0.6632966974475535,0
39,Private,103456,Bachelors,13,Married-civ-spouse,Adm-clerical,Husband,White,Male,0,0,45,United-States,0.663210529173787,0
47,Private,168232,HS-grad,9,Married-civ-spouse,Transport-moving,Husband,White,Male,0,1887,45,United-States,0.6629006325120794,0
62,Private,98076,Bachelors,13,Married-civ-spouse,Exec-managerial,Husband,White,Male,0,0,40,United-States,0.6628500134813018,0
33,State-gov,291494,Doctorate,16,Married-civ-spouse,Prof-specialty,Husband,White,Male,0,0,50,United-States,0.6628393873488866,0
35,Self-emp-inc,187046,Masters,14,Married-civ-spouse,Adm-clerical,Husband,White,Male,0,0,50,United-States,0.6627192798521941,0
37,Private,284582,Masters,14,Married-civ-spouse,Exec-managerial,Wife,White,Female,0,0,40,United-States,0.6626953871544606,0
50,Private,234373,Masters,14,Married-civ-spouse,Exec-managerial,Wife,White,Female,0,1485,40,United-States,0.6626953871544606,0
38,Private,58108,Bachelors,13,Married-civ-spouse,Exec-managerial,Husband,White,Male,0,0,50,United-States,0.6626135337344626,0
46,Private,35969,Bachelors,13,Married-civ-spouse,Exec-managerial,Husband,White,Male,0,0,51,United-States,0.6626135337344626,0
38,Private,29702,Bachelors,13,Married-civ-spouse,Exec-managerial,Husband,White,Male,0,0,45,United-States,0.6626135337344626,0
52,Self-emp-not-inc,34973,HS-grad,9,Married-civ-spouse,Farming-fishing,Husband,White,Male,0,1887,60,United-States,0.662611344107177,0
34,Local-gov,246104,Masters,14,Married-civ-spouse,Prof-specialty,Husband,Black,Male,0,0,40,United-States,0.662572896828075,0
45,Private,129336,Masters,14,Married-civ-spouse,Adm-clerical,Husband,White,Male,0,0,45,United-States,0.6625030863581475,0
55,Private,185459,Masters,14,Married-civ-spouse,Sales,Husband,White,Male,0,0,50,United-States,0.6625030863581475,0
42,Private,201785,Masters,14,Married-civ-spouse,Sales,Husband,White,Male,0,0,50,United-States,0.6625030863581475,0
66,State-gov,132055,HS-grad,9,Married-civ-spouse,Exec-managerial,Husband,White,Male,0,1825,40,United-States,0.6624345639042704,1
44,Local-gov,162506,Masters,14,Married-civ-spouse,Prof-specialty,Husband,White,Male,0,0,35,United-States,0.6623624994062548,0
47,State-gov,118447,Bachelors,13,Married-civ-spouse,Prof-specialty,Husband,White,Male,0,0,60,United-States,0.6623109143634395,0
36,Local-gov,95855,Masters,14,Married-civ-spouse,Prof-specialty,Wife,White,Female,0,0,60,United-States,0.6623095619465866,0
42,Self-emp-not-inc,27661,Bachelors,13,Married-civ-spouse,Sales,Husband,White,Male,0,0,45,United-States,0.6621846243897054,0
45,Private,83064,Bachelors,13,Married-civ-spouse,Sales,Husband,White,Male,0,0,50,United-States,0.6621846243897054,0
48,Private,67725,Bachelors,13,Married-civ-spouse,Sales,Husband,White,Male,0,0,45,United-States,0.6621846243897054,0
39,Local-gov,229651,Bachelors,13,Married-civ-spouse,Prof-specialty,Husband,White,Male,0,0,50,United-States,0.662123186024105,0
40,Self-emp-not-inc,242082,Bachelors,13,Married-civ-spouse,Prof-specialty,Husband,White,Male,0,0,45,United-States,0.662123186024105,0
38,Self-emp-not-inc,342635,Bachelors,13,Married-civ-spouse,Prof-specialty,Husband,White,Male,0,0,70,United-States,0.662123186024105,0
34,Private,342709,Masters,14,Married-civ-spouse,Exec-managerial,Husband,White,Male,0,0,40,United-States,0.6621231216233024,0
43,Private,145762,Bachelors,13,Married-civ-spouse,Exec-managerial,Husband,White,Male,0,0,40,United-States,0.6619216115122295,0
41,Private,324629,Bachelors,13,Married-civ-spouse,Exec-managerial,Husband,White,Male,0,0,40,Yugoslavia,0.6619216115122295,0
53,Private,196328,Bachelors,13,Married-civ-spouse,Exec-managerial,Husband,Black,Male,0,0,40,United-States,0.6619216115122295,1
44,Private,193882,Bachelors,13,Married-civ-spouse,Exec-managerial,Husband,White,Male,0,0,40,United-States,0.6619216115122295,0
45,Private,209912,Bachelors,13,Married-civ-spouse,Exec-managerial,Husband,Asian-Pac-Islander,Male,0,0,40,India,0.6619216115122295,1
42,Private,201495,Bachelors,13,Married-civ-spouse,Exec-managerial,Husband,White,Male,0,0,40,United-States,0.6619216115122295,0
55,Private,349304,Bachelors,13,Married-civ-spouse,Exec-managerial,Husband,White,Male,0,0,40,United-States,0.6619216115122295,0
53,Private,96062,Bachelors,13,Married-civ-spouse,Exec-managerial,Husband,White,Male,0,0,40,Greece,0.6619216115122295,0
46,Private,428405,Bachelors,13,Married-civ-spouse,Exec-managerial,Husband,White,Male,0,0,40,United-States,0.6619216115122295,0
53,Private,288353,Bachelors,13,Married-civ-spouse,Exec-managerial,Husband,White,Male,0,0,40,United-States,0.6619216115122295,0
52,Private,155983,Bachelors,13,Married-civ-spouse,Exec-managerial,Husband,White,Male,0,0,40,United-States,0.6619216115122295,0
51,Private,311350,Bachelors,13,Married-civ-spouse,Exec-managerial,Husband,White,Male,0,0,40,United-States,0.6619216115122295,0
41,Private,116391,Bachelors,13,Married-civ-spouse,Exec-managerial,Husband,White,Male,0,0,40,United-States,0.6619216115122295,0
57,Private,73051,Bachelors,13,Married-civ-spouse,Exec-managerial,Husband,White,Male,0,0,40,United-States,0.6619216115122295,0
49,Private,121602,Bachelors,13,Married-civ-spouse,Exec-managerial,Husband,White,Male,0,0,40,United-States,0.6619216115122295,0
41,Private,182567,Bachelors,13,Married-civ-spouse,Exec-managerial,Husband,White,Male,0,0,40,?,0.6619216115122295,1
44,Private,211759,Bachelors,13,Married-civ-spouse,Exec-managerial,Husband,Other,Male,0,0,40,Puerto-Rico,0.6619216115122295,2
34,Private,230246,Bachelors,13,Married-civ-spouse,Prof-specialty,Husband,White,Male,0,0,42,United-States,0.661815478989683,0
65,?,240857,Bachelors,13,Married-civ-spouse,?,Husband,White,Male,0,2377,40,United-States,0.661813482564805,0
32,Private,156464,HS-grad,9,Married-civ-spouse,Sales,Husband,White,Male,0,1902,50,United-States,0.6616236289989875,0
67,Private,105252,Masters,14,Married-civ-spouse,Exec-managerial,Husband,White,Male,0,0,40,United-States,0.6614109131482768,0
30,Private,129707,Some-college,10,Married-civ-spouse,Sales,Husband,White,Male,0,1848,40,United-States,0.6613189488022838,1
56,Local-gov,268213,Masters,14,Married-civ-spouse,Prof-specialty,Husband,White,Male,0,0,35,?,0.6613164371709856,0
63,Private,213095,Bachelors,13,Married-civ-spouse,Exec-managerial,Husband,White,Male,0,0,50,United-States,0.6612565444246457,0
54,Local-gov,219276,Bachelors,13,Married-civ-spouse,Exec-managerial,Husband,Asian-Pac-Islander,Male,0,0,40,Philippines,0.6611533099382123,1
54,Self-emp-not-inc,230951,Bachelors,13,Married-civ-spouse,Exec-managerial,Husband,White,Male,0,0,40,United-States,0.6611533099382123,0
48,Self-emp-not-inc,160724,Bachelors,13,Married-civ-spouse,Exec-managerial,Husband,Asian-Pac-Islander,Male,0,0,40,Japan,0.6611533099382123,1
58,Local-gov,292379,Bachelors,13,Married-civ-spouse,Exec-managerial,Husband,White,Male,0,0,40,United-States,0.6611533099382123,0
50,State-gov,276241,Bachelors,13,Married-civ-spouse,Exec-managerial,Husband,White,Male,0,0,40,United-States,0.6611533099382123,0
46,Local-gov,316205,Bachelors,13,Married-civ-spouse,Exec-managerial,Husband,Black,Male,0,0,40,United-States,0.6611533099382123,0
68,Private,170376,Bachelors,13,Married-civ-spouse,Exec-managerial,Husband,White,Male,0,0,40,United-States,0.6611383689520286,0
51,Private,169112,Masters,14,Married-civ-spouse,Sales,Husband,White,Male,0,0,40,United-States,0.6610716497206219,0
54,Private,35576,Some-college,10,Married-civ-spouse,Sales,Husband,White,Male,0,2415,50,United-States,0.6610677212716685,0
52,Local-gov,155141,Doctorate,16,Married-civ-spouse,Prof-specialty,Wife,White,Female,0,0,40,United-States,0.6610570951392533,0
53,Self-emp-inc,298215,Bachelors,13,Married-civ-spouse,Sales,Husband,White,Male,0,0,45,United-States,0.6609731808935748,0
46,Self-emp-inc,276934,Bachelors,13,Married-civ-spouse,Sales,Husband,White,Male,0,0,70,United-States,0.6609731808935748,0
34,State-gov,327902,Bachelors,13,Married-civ-spouse,Prof-specialty,Husband,White,Male,0,0,55,United-States,0.6609563722841181,0
40,Private,107306,Bachelors,13,Married-civ-spouse,Exec-managerial,Husband,White,Male,0,0,40,United-States,0.6608230626229097,0
62,Private,270092,Masters,14,Married-civ-spouse,Prof-specialty,Husband,White,Male,0,0,40,United-States,0.6607713487784893,0
38,Private,22494,Some-college,10,Divorced,Adm-clerical,Not-in-family,White,Female,7443,0,40,United-States,0.6607052091543053,1
32,Private,53277,Masters,14,Married-civ-spouse,Exec-managerial,Husband,White,Male,0,0,60,United-States,0.6605022822255769,0
34,Private,108116,Bachelors,13,Married-civ-spouse,Prof-specialty,Husband,White,Male,0,0,50,United-States,0.660464350152895,0
61,Self-emp-not-inc,219183,Bachelors,13,Married-civ-spouse,Prof-specialty,Husband,White,Male,0,0,50,United-States,0.6604600996999289,0
39,Self-emp-not-inc,103110,Bachelors,13,Married-civ-spouse,Prof-specialty,Husband,White,Male,0,0,50,United-States,0.6603105610364866,0
44,Self-emp-inc,116358,Bachelors,13,Married-civ-spouse,Sales,Husband,Asian-Pac-Islander,Male,0,0,50,?,0.6603013517217268,1
52,Self-emp-inc,210736,Bachelors,13,Married-civ-spouse,Sales,Husband,White,Male,0,0,60,United-States,0.6603013517217268,0
45,Self-emp-not-inc,201080,Masters,14,Married-civ-spouse,Sales,Husband,White,Male,0,0,40,United-States,0.6602806146633166,0
45,Private,84790,Bachelors,13,Married-civ-spouse,Prof-specialty,Husband,White,Male,0,0,55,United-States,0.6602645144626875,0
44,Private,83237,Bachelors,13,Married-civ-spouse,Prof-specialty,Husband,White,Male,0,0,55,United-States,0.6602645144626875,0
51,Private,84278,Bachelors,13,Married-civ-spouse,Prof-specialty,Husband,White,Male,0,0,55,United-States,0.6602645144626875,0
47,Private,82797,Bachelors,13,Married-civ-spouse,Prof-specialty,Husband,White,Male,0,0,50,United-States,0.6602645144626875,0
53,Federal-gov,276868,Masters,14,Married-civ-spouse,Adm-clerical,Husband,White,Male,0,0,40,United-States,0.6601657236316278,0
48,Self-emp-inc,103713,Masters,14,Married-civ-spouse,Sales,Husband,White,Male,0,0,40,United-States,0.6601657236316278,0
50,Self-emp-inc,240374,Masters,14,Married-civ-spouse,Sales,Husband,White,Male,0,0,40,United-States,0.6601657236316278,0
59,Private,195176,Bachelors,13,Married-civ-spouse,Sales,Husband,White,Male,0,0,72,United-States,0.6601638560083548,0
47,Local-gov,173938,Bachelors,13,Married-civ-spouse,Craft-repair,Husband,White,Male,0,0,50,United-States,0.6601078273101658,0
53,Federal-gov,155594,Bachelors,13,Married-civ-spouse,Prof-specialty,Husband,White,Male,0,0,40,United-States,0.660052442620002,0
58,Self-emp-inc,190763,Bachelors,13,Married-civ-spouse,Prof-specialty,Husband,White,Male,0,0,40,United-States,0.660052442620002,0
57,Federal-gov,337895,Bachelors,13,Married-civ-spouse,Prof-specialty,Husband,Black,Male,0,0,40,United-States,0.660052442620002,0
52,Federal-gov,290856,Bachelors,13,Married-civ-spouse,Prof-specialty,Husband,White,Male,0,0,40,United-States,0.660052442620002,0
49,Private,93639,Bachelors,13,Married-civ-spouse,Exec-managerial,Wife,White,Female,0,0,43,United-States,0.6599026463533495,0
42,Self-emp-inc,1097453,Bachelors,13,Married-civ-spouse,Sales,Husband,White,Male,0,0,60,United-States,0.6598504173025089,2
41,Self-emp-inc,218302,Bachelors,13,Married-civ-spouse,Sales,Husband,White,Male,0,0,60,United-States,0.6598504173025089,0
43,Private,125461,Bachelors,13,Married-civ-spouse,Sales,Husband,White,Male,0,0,65,United-States,0.6597947106083325,0
57,Private,124507,Bachelors,13,Married-civ-spouse,Sales,Husband,White,Male,0,0,55,United-States,0.6597947106083325,0
52,Private,138497,Bachelors,13,Married-civ-spouse,Sales,Husband,White,Male,0,0,45,United-States,0.6597947106083325,0
51,Private,175339,Bachelors,13,Married-civ-spouse,Sales,Husband,White,Male,0,0,47,United-States,0.6597947106083325,0
45,Private,146857,Bachelors,13,Married-civ-spouse,Exec-managerial,Husband,White,Male,0,0,38,United-States,0.6597641202271374,0
56,Self-emp-not-inc,145574,HS-grad,9,Married-civ-spouse,Other-service,Husband,White,Male,0,1902,60,United-States,0.6597091219417885,0
62,State-gov,162678,Bachelors,13,Married-civ-spouse,Exec-managerial,Husband,White,Male,0,0,40,United-States,0.6596038910304772,0
37,Private,192939,Bachelors,13,Married-civ-spouse,Craft-repair,Husband,White,Male,0,0,40,United-States,0.65955481761896,0
56,Private,267652,Bachelors,13,Married-civ-spouse,Craft-repair,Husband,White,Male,0,0,40,United-States,0.65955481761896,0
43,Private,309932,Bachelors,13,Married-civ-spouse,Craft-repair,Husband,White,Male,0,0,40,United-States,0.65955481761896,0
38,Private,102938,Bachelors,13,Married-civ-spouse,Craft-repair,Husband,White,Male,0,0,40,United-States,0.65955481761896,0
41,Private,118212,Bachelors,13,Married-civ-spouse,Craft-repair,Husband,White,Male,3103,0,40,United-States,0.65955481761896,0
48,Private,202467,Bachelors,13,Married-civ-spouse,Prof-specialty,Husband,White,Male,0,1485,40,United-States,0.6595456727050026,0
52,Private,235307,Bachelors,13,Married-civ-spouse,Prof-specialty,Husband,White,Male,0,0,40,United-States,0.6595456727050026,0
54,Private,37237,Bachelors,13,Married-civ-spouse,Prof-specialty,Husband,White,Male,0,0,40,United-States,0.6595456727050026,0
46,Private,213140,Bachelors,13,Married-civ-spouse,Prof-specialty,Husband,White,Male,0,0,40,?,0.6595456727050026,0
41,Private,206470,Bachelors,13,Married-civ-spouse,Prof-specialty,Husband,White,Male,0,0,40,Germany,0.6595456727050026,1
41,Private,203761,Bachelors,13,Married-civ-spouse,Prof-specialty,Husband,White,Male,0,0,40,United-States,0.6595456727050026,0
61,Private,105384,Bachelors,13,Married-civ-spouse,Prof-specialty,Husband,White,Male,0,0,40,United-States,0.6595456727050026,0
42,Private,29320,Bachelors,13,Married-civ-spouse,Prof-specialty,Husband,White,Male,0,0,40,United-States,0.6595456727050026,0
49,Private,242987,Bachelors,13,Married-civ-spouse,Prof-specialty,Husband,White,Male,0,0,40,Columbia,0.6595456727050026,0
48,Local-gov,317360,Masters,14,Married-civ-spouse,Prof-specialty,Wife,White,Female,0,0,40,United-States,0.659536978596663,0
40,Local-gov,202872,Masters,14,Married-civ-spouse,Prof-specialty,Wife,White,Female,0,0,40,United-States,0.659536978596663,0
35,Private,105813,Bachelors,13,Married-civ-spouse,Prof-specialty,Husband,White,Male,0,0,48,United-States,0.659419189528861,0
53,Local-gov,192982,Masters,14,Married-civ-spouse,Adm-clerical,Husband,White,Male,0,0,38,United-States,0.6592970856072905,0
62,Self-emp-not-inc,71467,Bachelors,13,Married-civ-spouse,Craft-repair,Husband,White,Male,0,0,55,United-States,0.6592075684917931,0
40,Private,510072,Bachelors,13,Married-civ-spouse,Sales,Husband,White,Male,0,0,55,United-States,0.6590951890914025,0
41,Private,204415,Bachelors,13,Married-civ-spouse,Sales,Husband,White,Male,0,0,48,United-States,0.6590951890914025,0
40,Private,223277,Bachelors,13,Married-civ-spouse,Adm-clerical,Husband,White,Male,0,0,50,United-States,0.6590951890914025,0
39,Private,211440,Bachelors,13,Married-civ-spouse,Sales,Husband,White,Male,0,0,50,United-States,0.6590951890914025,0
54,Self-emp-not-inc,242606,Masters,14,Married-civ-spouse,Sales,Husband,White,Male,4386,0,45,United-States,0.6590919046504742,0
68,?,257269,Bachelors,13,Married-civ-spouse,?,Husband,White,Male,0,2377,35,United-States,0.6590381943811757,1
44,State-gov,185832,Bachelors,13,Married-civ-spouse,Adm-clerical,Husband,White,Male,0,0,46,United-States,0.6590247346134499,0
34,Private,158420,Bachelors,13,Married-civ-spouse,Exec-managerial,Husband,White,Male,0,0,70,United-States,0.6590037399518296,0
35,Private,166416,Bachelors,13,Married-civ-spouse,Exec-managerial,Husband,White,Male,0,0,50,United-States,0.6590037399518296,0
35,Private,154410,Bachelors,13,Married-civ-spouse,Exec-managerial,Husband,White,Male,0,0,50,United-States,0.6590037399518296,0
35,Private,119272,Bachelors,13,Married-civ-spouse,Exec-managerial,Husband,White,Male,0,0,55,United-States,0.6590037399518296,0
34,Private,158800,Bachelors,13,Married-civ-spouse,Exec-managerial,Husband,White,Male,0,0,50,United-States,0.6590037399518296,0
54,State-gov,197184,Bachelors,13,Married-civ-spouse,Exec-managerial,Husband,White,Male,0,0,38,United-States,0.6589940798314522,0
54,Self-emp-inc,383365,Bachelors,13,Married-civ-spouse,Sales,Husband,White,Male,0,0,70,United-States,0.6589775932260081,0
34,Local-gov,97723,Prof-school,15,Married-civ-spouse,Prof-specialty,Husband,White,Male,0,0,40,United-States,0.6588916825554516,0
45,Private,112283,Bachelors,13,Married-civ-spouse,Sales,Husband,White,Male,0,0,55,United-States,0.6588673390521005,0
43,Self-emp-inc,155293,Bachelors,13,Married-civ-spouse,Sales,Husband,White,Male,0,0,60,United-States,0.6588582585389458,0
38,Self-emp-inc,299036,Bachelors,13,Married-civ-spouse,Sales,Husband,White,Male,0,0,55,United-States,0.6588248989232424,0
46,Self-emp-not-inc,113434,Bachelors,13,Married-civ-spouse,Craft-repair,Husband,White,Male,0,0,40,United-States,0.6588086699210083,0
41,Local-gov,523910,Bachelors,13,Married-civ-spouse,Craft-repair,Husband,Black,Male,0,0,40,United-States,0.6588086699210083,0
47,Self-emp-not-inc,243631,Bachelors,13,Married-civ-spouse,Prof-specialty,Husband,Asian-Pac-Islander,Male,0,0,40,South,0.65877543910691,1
43,Local-gov,193755,Bachelors,13,Married-civ-spouse,Prof-specialty,Husband,White,Male,0,0,40,United-States,0.65877543910691,0
59,Local-gov,196013,Bachelors,13,Married-civ-spouse,Prof-specialty,Husband,White,Male,0,0,40,United-States,0.65877543910691,0
43,Local-gov,113324,Bachelors,13,Married-civ-spouse,Prof-specialty,Husband,White,Male,0,0,40,United-States,0.65877543910691,0
73,Self-emp-inc,191540,Bachelors,13,Married-civ-spouse,Sales,Husband,White,Male,0,0,50,United-States,0.6587506447979413,0
44,Local-gov,83286,Masters,14,Married-civ-spouse,Prof-specialty,Wife,White,Female,0,0,40,United-States,0.6586430954577394,0
42,Local-gov,138077,Masters,14,Married-civ-spouse,Prof-specialty,Wife,White,Female,0,0,38,United-States,0.6585527411318093,0
64,Self-emp-inc,195366,Bachelors,13,Married-civ-spouse,Prof-specialty,Husband,White,Male,0,0,40,United-States,0.6585012848905989,0
39,Private,53926,Bachelors,13,Married-civ-spouse,Prof-specialty,Husband,White,Male,0,0,40,United-States,0.6584444189819773,0
36,Private,131239,Bachelors,13,Married-civ-spouse,Prof-specialty,Husband,White,Male,3103,0,45,United-States,0.6584187230617733,0
41,Private,169104,Bachelors,13,Married-civ-spouse,Craft-repair,Husband,Asian-Pac-Islander,Male,0,0,40,?,0.65841556742245,1
39,Private,191342,Bachelors,13,Married-civ-spouse,Craft-repair,Husband,Asian-Pac-Islander,Male,0,0,40,Philippines,0.65841556742245,1
37,Private,191754,Bachelors,13,Married-civ-spouse,Adm-clerical,Husband,White,Male,0,0,50,United-States,0.6583175494010205,0
50,Self-emp-inc,251240,Masters,14,Married-civ-spouse,Sales,Husband,White,Male,0,0,40,United-States,0.6583026084148367,0
31,Private,188246,Masters,14,Married-civ-spouse,Prof-specialty,Husband,White,Male,0,0,50,United-States,0.6581517817353439,0
53,Local-gov,248834,Bachelors,13,Married-civ-spouse,Prof-specialty,Wife,White,Female,0,0,50,United-States,0.658117713710813,0
46,State-gov,248895,Bachelors,13,Married-civ-spouse,Exec-managerial,Husband,White,Male,0,0,40,United-States,0.6580266509760552,0
52,Private,180881,Bachelors,13,Married-civ-spouse,Exec-managerial,Husband,White,Male,0,0,40,United-States,0.6580266509760552,0
52,Private,266138,Bachelors,13,Married-civ-spouse,Exec-managerial,Husband,White,Male,0,0,40,?,0.6580266509760552,0
38,Private,125933,Bachelors,13,Married-civ-spouse,Exec-managerial,Husband,White,Male,0,0,40,?,0.6580266509760552,1
40,Private,191342,Bachelors,13,Married-civ-spouse,Exec-managerial,Husband,Asian-Pac-Islander,Male,0,0,40,China,0.6580266509760552,1
49,Private,149337,Bachelors,13,Married-civ-spouse,Exec-managerial,Husband,White,Male,0,0,40,United-States,0.6580266509760552,0
50,Private,189811,Bachelors,13,Married-civ-spouse,Exec-managerial,Husband,White,Male,0,0,40,United-States,0.6580266509760552,0
48,Private,265295,Bachelors,13,Married-civ-spouse,Exec-managerial,Husband,White,Male,0,0,40,United-States,0.6580266509760552,0
45,Private,242391,Bachelors,13,Married-civ-spouse,Exec-managerial,Husband,White,Male,0,0,40,United-States,0.6580266509760552,0
55,Self-emp-not-inc,141807,Bachelors,13,Married-civ-spouse,Exec-managerial,Husband,White,Male,0,0,40,United-States,0.6580266509760552,0
42,Local-gov,227890,Bachelors,13,Married-civ-spouse,Exec-managerial,Husband,White,Male,0,1485,40,United-States,0.6580266509760552,0
54,Local-gov,168553,Bachelors,13,Married-civ-spouse,Exec-managerial,Husband,White,Male,0,0,40,United-States,0.6580266509760552,0
37,Private,183800,Bachelors,13,Married-civ-spouse,Exec-managerial,Husband,White,Male,0,0,40,United-States,0.6580266509760552,0
57,Private,165695,Bachelors,13,Married-civ-spouse,Exec-managerial,Husband,White,Male,0,0,40,?,0.6580266509760552,0
55,Self-emp-not-inc,477867,Bachelors,13,Married-civ-spouse,Exec-managerial,Husband,White,Male,0,0,40,United-States,0.6580266509760552,0
42,Private,136986,Bachelors,13,Married-civ-spouse,Exec-managerial,Husband,White,Male,0,0,40,United-States,0.6580266509760552,0
38,Private,205852,Bachelors,13,Married-civ-spouse,Exec-managerial,Husband,White,Male,0,0,40,United-States,0.6580266509760552,0
59,Self-emp-not-inc,357943,Bachelors,13,Married-civ-spouse,Exec-managerial,Husband,White,Male,0,0,40,United-States,0.6580266509760552,0
43,Private,145441,Bachelors,13,Married-civ-spouse,Exec-managerial,Husband,White,Male,0,0,38,United-States,0.6580266509760552,0
45,Private,238567,Bachelors,13,Married-civ-spouse,Exec-managerial,Husband,White,Male,0,0,40,England,0.6580266509760552,0
36,State-gov,340091,Doctorate,16,Married-civ-spouse,Prof-specialty,Wife,White,Female,0,0,36,United-States,0.6580091983585733,0
32,State-gov,159247,Masters,14,Married-civ-spouse,Prof-specialty,Husband,White,Male,0,0,50,United-States,0.6579284397522182,0
34,Private,206297,Bachelors,13,Married-civ-spouse,Exec-managerial,Husband,White,Male,0,0,48,United-States,0.6578756954949574,0
35,Private,241998,Bachelors,13,Married-civ-spouse,Exec-managerial,Husband,White,Male,0,0,45,United-States,0.6578756954949574,0
37,Private,333305,Doctorate,16,Married-civ-spouse,Prof-specialty,Wife,White,Female,0,0,35,United-States,0.6577564252086976,0
38,Private,176101,Bachelors,13,Married-civ-spouse,Exec-managerial,Husband,White,Male,0,0,40,United-States,0.6577440602546145,0
40,Local-gov,303212,Bachelors,13,Married-civ-spouse,Prof-specialty,Husband,White,Male,0,0,40,United-States,0.6576733481734518,0
39,Private,110713,Bachelors,13,Married-civ-spouse,Sales,Husband,White,Male,0,0,50,United-States,0.6575809330218412,0
47,Private,78529,Bachelors,13,Married-civ-spouse,Sales,Husband,White,Male,0,0,60,United-States,0.6575809330218412,0
40,Self-emp-not-inc,167081,Masters,14,Married-civ-spouse,Sales,Husband,White,Male,3103,0,50,United-States,0.6575569115225027,0
33,Private,123253,Bachelors,13,Married-civ-spouse,Exec-managerial,Husband,White,Male,0,0,55,United-States,0.6575077093093804,0
56,Local-gov,216824,Prof-school,15,Married-civ-spouse,Adm-clerical,Husband,Asian-Pac-Islander,Male,0,0,40,Philippines,0.657500045613881,1
66,Private,201197,Bachelors,13,Married-civ-spouse,Prof-specialty,Husband,White,Male,0,0,45,United-States,0.6574981135898055,0
34,Local-gov,177675,Bachelors,13,Married-civ-spouse,Exec-managerial,Husband,White,Male,0,0,55,United-States,0.6574326823744491,0
50,Private,220019,Masters,14,Married-civ-spouse,Prof-specialty,Wife,White,Female,0,0,40,United-States,0.6572348431091196,0
62,State-gov,39630,Bachelors,13,Married-civ-spouse,Prof-specialty,Husband,White,Male,0,0,40,United-States,0.657222284952629,0
44,Private,104440,Bachelors,13,Married-civ-spouse,Exec-managerial,Husband,White,Male,0,0,40,United-States,0.6571328966387366,0
38,Private,107630,Bachelors,13,Married-civ-spouse,Exec-managerial,Husband,White,Male,0,0,40,United-States,0.6571328966387366,0
75,Self-emp-not-inc,208426,Prof-school,15,Married-civ-spouse,Prof-specialty,Husband,White,Male,0,0,35,United-States,0.6570268285169926,1
38,Local-gov,201410,Bachelors,13,Married-civ-spouse,Exec-managerial,Husband,White,Male,0,0,40,United-States,0.6569724098388665,0
33,Private,594187,Masters,14,Married-civ-spouse,Prof-specialty,Husband,White,Male,0,0,45,United-States,0.6568654401058872,0
38,Private,242720,Masters,14,Married-civ-spouse,Prof-specialty,Husband,White,Male,0,0,35,United-States,0.6567739265655118,1
34,Private,454508,Bachelors,13,Married-civ-spouse,Prof-specialty,Husband,White,Male,0,0,65,Iran,0.6567733469582892,0
45,State-gov,94754,Masters,14,Married-civ-spouse,Adm-clerical,Husband,White,Male,0,0,40,India,0.6567180266689279,0
33,Private,156192,Masters,14,Married-civ-spouse,Prof-specialty,Husband,White,Male,0,0,45,United-States,0.6566639943956168,0
34,State-gov,56964,Doctorate,16,Married-civ-spouse,Prof-specialty,Wife,White,Female,0,0,50,United-States,0.6566364952529424,0
46,Local-gov,141944,Bachelors,13,Married-civ-spouse,Prof-specialty,Husband,White,Male,0,0,38,United-States,0.6566110569359486,0
44,State-gov,98989,Bachelors,13,Married-civ-spouse,Prof-specialty,Husband,Amer-Indian-Eskimo,Male,0,0,38,United-States,0.6566110569359486,0
36,Private,96452,Bachelors,13,Married-civ-spouse,Prof-specialty,Husband,White,Male,0,0,45,United-States,0.6565991427874831,0
38,Private,338320,Bachelors,13,Married-civ-spouse,Prof-specialty,Husband,White,Male,0,0,40,Canada,0.6565047312109945,0
41,Private,320744,Bachelors,13,Married-civ-spouse,Prof-specialty,Husband,White,Male,0,0,40,United-States,0.6565047312109945,0
41,Private,120277,Bachelors,13,Married-civ-spouse,Prof-specialty,Husband,White,Male,0,0,40,United-States,0.6565047312109945,0
45,Private,202812,Bachelors,13,Married-civ-spouse,Prof-specialty,Husband,White,Male,0,0,40,United-States,0.6565047312109945,0
50,Private,302372,Bachelors,13,Married-civ-spouse,Prof-specialty,Husband,White,Male,0,0,40,United-States,0.6565047312109945,0
41,Private,384508,Bachelors,13,Married-civ-spouse,Prof-specialty,Husband,White,Male,0,0,40,United-States,0.6565047312109945,0
40,Self-emp-not-inc,199303,Bachelors,13,Married-civ-spouse,Prof-specialty,Husband,White,Male,0,0,40,United-States,0.6565047312109945,0
57,Private,298507,Bachelors,13,Married-civ-spouse,Prof-specialty,Husband,White,Male,3103,0,40,United-States,0.6565047312109945,0
45,Private,191098,Bachelors,13,Married-civ-spouse,Prof-specialty,Husband,Asian-Pac-Islander,Male,0,0,40,China,0.6565047312109945,1
37,Private,343721,Bachelors,13,Married-civ-spouse,Prof-specialty,Husband,White,Male,0,0,40,United-States,0.6565047312109945,0
51,Local-gov,117496,Masters,14,Married-civ-spouse,Prof-specialty,Wife,White,Female,0,0,40,United-States,0.6564870209903025,0
43,Local-gov,35824,Masters,14,Married-civ-spouse,Prof-specialty,Wife,White,Female,0,0,40,United-States,0.6564870209903025,0
33,Private,199227,Bachelors,13,Married-civ-spouse,Exec-managerial,Husband,White,Male,0,0,55,United-States,0.6564406524124909,0
38,Private,75826,Prof-school,15,Married-civ-spouse,Prof-specialty,Wife,White,Female,0,0,40,United-States,0.6564121872577788,0
56,Private,65325,Bachelors,13,Married-civ-spouse,Adm-clerical,Husband,White,Male,0,0,50,United-States,0.656295042198002,0
30,Private,345122,Prof-school,15,Married-civ-spouse,Prof-specialty,Husband,White,Male,0,0,50,United-States,0.6562377898845652,0
66,Self-emp-not-inc,97847,Bachelors,13,Married-civ-spouse,Sales,Husband,White,Male,0,0,50,United-States,0.6562035930584291,0
33,Private,201988,Masters,14,Married-civ-spouse,Prof-specialty,Husband,White,Male,0,0,45,United-States,0.6561906484971234,0
33,Private,177675,Bachelors,13,Married-civ-spouse,Exec-managerial,Husband,White,Male,0,0,50,Germany,0.6561288237267079,0
36,Private,123983,Bachelors,13,Married-civ-spouse,Prof-specialty,Husband,Asian-Pac-Islander,Male,0,0,55,Japan,0.6560375033887401,1
40,Private,225660,Bachelors,13,Married-civ-spouse,Exec-managerial,Wife,White,Female,0,0,45,United-States,0.6560329309317614,0
38,Private,81232,Bachelors,13,Married-civ-spouse,Exec-managerial,Husband,White,Male,0,0,40,?,0.6559440578242892,0
52,Self-emp-inc,81436,Prof-school,15,Married-civ-spouse,Sales,Husband,White,Male,0,0,40,United-States,0.6559344621047143,0
38,Federal-gov,190895,Bachelors,13,Married-civ-spouse,Prof-specialty,Husband,White,Male,0,0,40,?,0.6558669056628749,0
49,Self-emp-inc,119565,Masters,14,Married-civ-spouse,Sales,Husband,White,Male,0,0,40,United-States,0.6557708840663234,0
35,Private,401930,HS-grad,9,Married-civ-spouse,Adm-clerical,Wife,White,Female,0,1887,42,United-States,0.6556190269739904,0
58,Private,111394,Bachelors,13,Married-civ-spouse,Prof-specialty,Husband,White,Male,0,0,40,United-States,0.6556096888576256,0
39,State-gov,201105,Bachelors,13,Married-civ-spouse,Exec-managerial,Wife,White,Female,0,0,55,United-States,0.6556035707813865,0
63,Self-emp-not-inc,344128,Bachelors,13,Married-civ-spouse,Sales,Husband,White,Male,0,0,50,United-States,0.6555661539151246,0
63,Private,221072,Bachelors,13,Married-civ-spouse,Craft-repair,Husband,White,Male,0,0,49,?,0.6554732235570939,0
38,Private,374524,Bachelors,13,Married-civ-spouse,Prof-specialty,Husband,White,Male,0,0,40,United-States,0.6553580105213926,0
38,Private,165472,Bachelors,13,Married-civ-spouse,Prof-specialty,Husband,White,Male,0,0,40,United-States,0.6553580105213926,0
43,Private,33331,Bachelors,13,Married-civ-spouse,Sales,Husband,White,Male,0,0,55,United-States,0.6553445507536667,0
52,Private,180142,Masters,14,Married-civ-spouse,Tech-support,Husband,White,Male,0,0,45,United-States,0.6553273557393949,0
35,Private,185325,Bachelors,13,Married-civ-spouse,Prof-specialty,Husband,White,Male,0,0,50,United-States,0.6552366150086497,0
43,Local-gov,265698,Bachelors,13,Married-civ-spouse,Prof-specialty,Wife,White,Female,0,0,45,United-States,0.6550188114945402,0
48,Local-gov,334409,Bachelors,13,Married-civ-spouse,Prof-specialty,Wife,White,Female,0,0,50,United-States,0.6550188114945402,0
46,Private,229737,Bachelors,13,Married-civ-spouse,Sales,Husband,White,Male,0,0,50,India,0.6549593695538178,0
33,State-gov,400943,Masters,14,Married-civ-spouse,Prof-specialty,Husband,White,Male,0,0,50,United-States,0.6549408221226932,0
36,Private,218490,Bachelors,13,Married-civ-spouse,Prof-specialty,Husband,White,Male,0,0,45,Germany,0.6549060456893345,0
49,Federal-gov,94754,Masters,14,Married-civ-spouse,Adm-clerical,Husband,White,Male,0,0,40,United-States,0.6548750689033243,0
62,Private,94318,Bachelors,13,Married-civ-spouse,Prof-specialty,Husband,White,Male,0,0,50,United-States,0.6547794981123903,0
37,Self-emp-not-inc,415847,Bachelors,13,Married-civ-spouse,Prof-specialty,Husband,White,Male,0,0,40,United-States,0.6545846212839767,0
36,Self-emp-not-inc,109133,Bachelors,13,Married-civ-spouse,Sales,Husband,White,Male,0,0,50,United-States,0.6545526784859287,0
35,Local-gov,668319,Bachelors,13,Married-civ-spouse,Exec-managerial,Husband,White,Male,0,1740,80,United-States,0.6545183528581876,1
45,Private,31339,Bachelors,13,Married-civ-spouse,Adm-clerical,Husband,White,Male,0,0,45,United-States,0.6544769431421698,0
43,State-gov,126701,Bachelors,13,Married-civ-spouse,Exec-managerial,Husband,White,Male,0,0,35,United-States,0.6544548536669067,0
51,State-gov,172281,Bachelors,13,Married-civ-spouse,Exec-managerial,Husband,White,Male,0,0,35,United-States,0.6544548536669067,0
47,Local-gov,39986,Bachelors,13,Married-civ-spouse,Prof-specialty,Husband,White,Male,0,0,40,United-States,0.6544189824199051,0
43,Private,63503,Bachelors,13,Married-civ-spouse,Prof-specialty,Husband,White,Male,0,0,40,United-States,0.6544189824199051,0
46,State-gov,55377,Bachelors,13,Married-civ-spouse,Prof-specialty,Husband,Black,Male,0,0,40,United-States,0.6544189824199051,0
36,Private,214604,Bachelors,13,Married-civ-spouse,Sales,Husband,White,Male,0,0,42,United-States,0.6543461451122595,0
54,Self-emp-not-inc,175804,Bachelors,13,Married-civ-spouse,Exec-managerial,Husband,White,Male,0,0,40,United-States,0.6542355045335368,0
44,State-gov,175696,Bachelors,13,Married-civ-spouse,Exec-managerial,Husband,White,Male,0,0,40,United-States,0.6542355045335368,0
43,Private,119721,Bachelors,13,Married-civ-spouse,Exec-managerial,Husband,White,Male,0,0,40,United-States,0.6542355045335368,0
44,Private,523484,Bachelors,13,Married-civ-spouse,Exec-managerial,Husband,Black,Male,0,0,40,United-States,0.6542355045335368,0
44,Private,173704,Bachelors,13,Married-civ-spouse,Exec-managerial,Husband,White,Male,0,0,40,United-States,0.6542355045335368,0
41,State-gov,73199,Bachelors,13,Married-civ-spouse,Exec-managerial,Husband,Asian-Pac-Islander,Male,0,0,40,United-States,0.6542355045335368,1
48,Private,164966,Bachelors,13,Married-civ-spouse,Exec-managerial,Husband,Asian-Pac-Islander,Male,0,0,40,India,0.6542355045335368,1
53,Private,168107,Bachelors,13,Married-civ-spouse,Exec-managerial,Husband,White,Male,0,0,40,United-States,0.6542355045335368,0
47,Private,420986,Bachelors,13,Married-civ-spouse,Exec-managerial,Husband,White,Male,0,0,40,United-States,0.6542355045335368,0
48,Private,247895,Bachelors,13,Married-civ-spouse,Exec-managerial,Husband,Black,Male,0,0,40,United-States,0.6542355045335368,0
47,State-gov,187087,Bachelors,13,Married-civ-spouse,Exec-managerial,Husband,White,Male,0,0,40,United-States,0.6542355045335368,0
54,Private,231482,Bachelors,13,Married-civ-spouse,Exec-managerial,Husband,White,Male,0,0,40,United-States,0.6542355045335368,0
49,Private,62546,Bachelors,13,Married-civ-spouse,Exec-managerial,Husband,White,Male,0,0,40,United-States,0.6542355045335368,0
54,Private,98535,Bachelors,13,Married-civ-spouse,Exec-managerial,Husband,White,Male,0,0,40,United-States,0.6542355045335368,0
44,Private,230478,Bachelors,13,Married-civ-spouse,Exec-managerial,Husband,White,Male,0,0,40,United-States,0.6542355045335368,0
48,State-gov,201177,Bachelors,13,Married-civ-spouse,Exec-managerial,Husband,Black,Male,0,0,40,United-States,0.6542355045335368,0
58,Self-emp-not-inc,450544,Bachelors,13,Married-civ-spouse,Exec-managerial,Husband,White,Male,0,0,40,United-States,0.6542355045335368,0
58,Private,310320,Bachelors,13,Married-civ-spouse,Exec-managerial,Husband,White,Male,0,0,40,United-States,0.6542355045335368,0
59,Self-emp-inc,200453,Masters,14,Married-civ-spouse,Sales,Husband,White,Male,0,0,40,United-States,0.6541691073061427,0
35,Private,255191,Bachelors,13,Married-civ-spouse,Prof-specialty,Husband,White,Male,0,0,45,United-States,0.6541043200988115,0
33,Private,276221,Doctorate,16,Married-civ-spouse,Prof-specialty,Husband,White,Male,0,0,40,United-States,0.6539797045459428,0
33,Private,140206,Prof-school,15,Married-civ-spouse,Prof-specialty,Husband,White,Male,0,0,40,United-States,0.6539797045459428,0
44,Private,36271,Bachelors,13,Married-civ-spouse,Craft-repair,Husband,White,Male,0,0,40,United-States,0.6539746812833466,0
47,Private,359461,Bachelors,13,Married-civ-spouse,Craft-repair,Husband,White,Male,0,0,40,United-States,0.6539746812833466,0
46,Private,149388,Bachelors,13,Married-civ-spouse,Craft-repair,Husband,White,Male,0,0,40,United-States,0.6539746812833466,0
52,Private,145271,Bachelors,13,Married-civ-spouse,Craft-repair,Husband,Asian-Pac-Islander,Male,0,0,40,United-States,0.6539746812833466,1
50,Private,196193,Bachelors,13,Married-civ-spouse,Craft-repair,Husband,White,Male,0,0,40,?,0.6539746812833466,0
47,Self-emp-not-inc,208407,Bachelors,13,Married-civ-spouse,Prof-specialty,Husband,White,Male,0,2002,30,United-States,0.6539516257960458,1
62,Self-emp-not-inc,171315,Bachelors,13,Married-civ-spouse,Prof-specialty,Husband,White,Male,0,0,60,United-States,0.6538519977545534,0
50,Self-emp-not-inc,176867,Doctorate,16,Married-civ-spouse,Prof-specialty,Husband,White,Male,3781,0,40,United-States,0.6538270102431771,0
33,Private,162930,Bachelors,13,Married-civ-spouse,Prof-specialty,Husband,White,Male,0,0,50,Italy,0.6538214073733583,0
43,Local-gov,92374,Masters,14,Married-civ-spouse,Prof-specialty,Wife,Black,Female,0,0,35,United-States,0.6537137292315512,0
42,Self-emp-not-inc,29962,Bachelors,13,Married-civ-spouse,Sales,Husband,White,Male,0,0,48,United-States,0.6537027810951236,0
36,Private,165799,Masters,14,Married-civ-spouse,Sales,Husband,White,Male,0,0,50,United-States,0.6536864876920869,0
41,Local-gov,183224,Masters,14,Married-civ-spouse,Prof-specialty,Wife,Asian-Pac-Islander,Female,0,0,40,Taiwan,0.6536383158918049,1
50,Self-emp-not-inc,127151,Masters,14,Married-civ-spouse,Prof-specialty,Wife,White,Female,0,0,40,Canada,0.6536383158918049,0
38,Private,79619,Bachelors,13,Married-civ-spouse,Sales,Husband,White,Male,0,0,42,United-States,0.6535688918266925,0
46,Local-gov,267588,Bachelors,13,Married-civ-spouse,Prof-specialty,Wife,White,Female,0,0,70,United-States,0.6535513748084082,0
39,Local-gov,119421,Bachelors,13,Married-civ-spouse,Prof-specialty,Wife,White,Female,0,0,42,United-States,0.6534771850839096,0
43,Self-emp-inc,33729,Bachelors,13,Married-civ-spouse,Sales,Husband,White,Male,0,0,45,United-States,0.6534742226469938,0
36,Private,116358,Masters,14,Married-civ-spouse,Exec-managerial,Husband,Asian-Pac-Islander,Male,0,0,40,Taiwan,0.6533991957120626,1
36,Private,198841,Masters,14,Married-civ-spouse,Exec-managerial,Husband,White,Male,0,0,40,United-States,0.6533991957120626,0
41,Local-gov,47902,Bachelors,13,Married-civ-spouse,Prof-specialty,Husband,White,Male,0,0,45,United-States,0.6533789738600725,0
49,Local-gov,31267,Bachelors,13,Married-civ-spouse,Prof-specialty,Husband,White,Male,0,0,50,United-States,0.6533789738600725,0
59,Self-emp-not-inc,41258,Bachelors,13,Married-civ-spouse,Prof-specialty,Husband,White,Male,0,0,50,United-States,0.6533789738600725,0
59,Local-gov,53304,Bachelors,13,Married-civ-spouse,Prof-specialty,Husband,White,Male,0,0,50,United-States,0.6533789738600725,0
29,Private,228860,Some-college,10,Married-civ-spouse,Exec-managerial,Husband,White,Male,0,1887,50,United-States,0.6532959612256293,0
39,Self-emp-inc,202937,Masters,14,Married-civ-spouse,Prof-specialty,Wife,White,Female,0,0,40,United-States,0.6532917107726632,0
43,Local-gov,160574,Bachelors,13,Married-civ-spouse,Craft-repair,Husband,White,Male,0,0,40,United-States,0.6532001972322878,0
43,Self-emp-not-inc,130126,Bachelors,13,Married-civ-spouse,Craft-repair,Husband,White,Male,0,0,40,United-States,0.6532001972322878,0
52,Local-gov,74784,Masters,14,Married-civ-spouse,Prof-specialty,Wife,White,Female,0,0,40,United-States,0.6531144153633364,0
50,Local-gov,173224,Masters,14,Married-civ-spouse,Prof-specialty,Wife,White,Female,0,0,40,United-States,0.6531144153633364,0
39,Private,176101,Bachelors,13,Married-civ-spouse,Craft-repair,Husband,White,Male,0,0,40,United-States,0.652867309484082,0
39,Private,138192,Bachelors,13,Married-civ-spouse,Craft-repair,Husband,White,Male,0,0,40,United-States,0.652867309484082,0
56,Private,357118,Masters,14,Married-civ-spouse,Prof-specialty,Wife,White,Female,0,0,40,United-States,0.6528339498683787,0
37,Private,79586,Bachelors,13,Married-civ-spouse,Exec-managerial,Husband,Asian-Pac-Islander,Male,0,0,40,Iran,0.6528327262531309,1
39,Self-emp-not-inc,122353,Bachelors,13,Married-civ-spouse,Exec-managerial,Husband,White,Male,0,0,40,United-States,0.6528327262531309,0
38,Local-gov,181721,Bachelors,13,Married-civ-spouse,Exec-managerial,Husband,Black,Male,0,0,40,United-States,0.6528327262531309,0
49,Private,291783,Bachelors,13,Married-civ-spouse,Craft-repair,Husband,White,Male,0,0,40,United-States,0.6526803539543777,0
45,Private,179659,Bachelors,13,Married-civ-spouse,Craft-repair,Husband,White,Male,3103,0,40,United-States,0.6526803539543777,0
37,Private,355856,Bachelors,13,Married-civ-spouse,Craft-repair,Husband,Asian-Pac-Islander,Male,0,0,40,Cambodia,0.6526803539543777,1
55,State-gov,153451,HS-grad,9,Married-civ-spouse,Tech-support,Wife,White,Female,0,1887,40,United-States,0.6526683754051098,0
44,Private,210525,Bachelors,13,Married-civ-spouse,Prof-specialty,Husband,White,Male,0,0,40,United-States,0.6525749298406589,0
47,Local-gov,198660,Bachelors,13,Married-civ-spouse,Prof-specialty,Husband,White,Male,0,0,40,United-States,0.6525749298406589,0
45,Self-emp-not-inc,420986,Bachelors,13,Married-civ-spouse,Prof-specialty,Husband,White,Male,0,0,40,United-States,0.6525749298406589,0
42,State-gov,341638,Bachelors,13,Married-civ-spouse,Prof-specialty,Husband,White,Male,0,0,40,United-States,0.6525749298406589,0
46,Local-gov,187749,Bachelors,13,Married-civ-spouse,Prof-specialty,Husband,Asian-Pac-Islander,Male,0,0,40,Philippines,0.6525749298406589,1
44,Private,171424,Bachelors,13,Married-civ-spouse,Prof-specialty,Husband,White,Male,0,0,40,United-States,0.6525749298406589,0
48,Self-emp-not-inc,187454,Bachelors,13,Married-civ-spouse,Prof-specialty,Husband,White,Male,0,0,40,United-States,0.6525749298406589,0
40,Private,145441,Bachelors,13,Married-civ-spouse,Prof-specialty,Husband,White,Male,0,0,40,United-States,0.6525749298406589,0
55,Private,193130,Bachelors,13,Married-civ-spouse,Prof-specialty,Husband,White,Male,0,0,40,United-States,0.6525749298406589,0
41,Private,185267,Bachelors,13,Married-civ-spouse,Prof-specialty,Husband,White,Male,0,0,40,United-States,0.6525749298406589,0
52,State-gov,254285,Bachelors,13,Married-civ-spouse,Prof-specialty,Husband,White,Male,0,0,40,United-States,0.6525749298406589,0
55,Private,156430,Bachelors,13,Married-civ-spouse,Prof-specialty,Husband,White,Male,0,0,40,United-States,0.6525749298406589,0
46,Private,243743,Bachelors,13,Married-civ-spouse,Prof-specialty,Husband,White,Male,0,0,40,United-States,0.6525749298406589,0
48,Local-gov,127921,Bachelors,13,Married-civ-spouse,Prof-specialty,Husband,White,Male,0,0,40,United-States,0.6525749298406589,0
53,Local-gov,293941,Bachelors,13,Married-civ-spouse,Prof-specialty,Husband,White,Male,0,0,40,United-States,0.6525749298406589,0
61,Self-emp-inc,113544,Masters,14,Married-civ-spouse,Sales,Husband,White,Male,0,0,40,United-States,0.6525729334157809,0
68,Private,218637,Some-college,10,Married-civ-spouse,Sales,Husband,White,Male,0,2377,55,United-States,0.6525443394594638,0
51,Local-gov,166461,Doctorate,16,Married-civ-spouse,Prof-specialty,Wife,Black,Female,0,0,40,United-States,0.6525089190180798,0
33,State-gov,37070,Masters,14,Married-civ-spouse,Prof-specialty,Husband,White,Male,0,0,60,Canada,0.6524947508415263,0
63,Private,137192,Bachelors,13,Married-civ-spouse,Craft-repair,Husband,Asian-Pac-Islander,Male,0,0,40,South,0.6524141210367762,1
38,Private,156728,Bachelors,13,Married-civ-spouse,Adm-clerical,Husband,White,Male,0,0,56,United-States,0.6523927399703409,0
43,Private,226902,Bachelors,13,Married-civ-spouse,Sales,Husband,White,Male,0,0,50,United-States,0.6523927399703409,0
38,Private,184801,Bachelors,13,Married-civ-spouse,Sales,Husband,White,Male,0,0,60,United-States,0.6523927399703409,0
44,Private,160785,Bachelors,13,Married-civ-spouse,Sales,Husband,White,Male,0,0,60,United-States,0.6523927399703409,0
49,Private,196571,Bachelors,13,Married-civ-spouse,Sales,Husband,White,Male,0,0,45,United-States,0.6523927399703409,0
42,Private,219591,Bachelors,13,Married-civ-spouse,Adm-clerical,Husband,White,Male,0,0,55,United-States,0.6523927399703409,0
55,Private,320835,Bachelors,13,Married-civ-spouse,Sales,Husband,White,Male,0,0,50,United-States,0.6523927399703409,0
42,Private,121055,Bachelors,13,Married-civ-spouse,Sales,Husband,White,Male,0,0,60,United-States,0.6523927399703409,0
47,Private,362835,Bachelors,13,Married-civ-spouse,Sales,Husband,White,Male,0,0,60,United-States,0.6523927399703409,0
38,Private,165848,Bachelors,13,Married-civ-spouse,Sales,Husband,White,Male,0,0,44,United-States,0.6523927399703409,0
49,Private,268022,Bachelors,13,Married-civ-spouse,Sales,Husband,White,Male,0,0,50,United-States,0.6523927399703409,0
66,Private,192504,Masters,14,Married-civ-spouse,Sales,Husband,White,Male,0,0,40,United-States,0.652341090526723,0
65,Federal-gov,23494,Some-college,10,Married-civ-spouse,Exec-managerial,Husband,Black,Male,0,2174,40,United-States,0.6523197738610901,2
41,State-gov,47170,Bachelors,13,Married-civ-spouse,Prof-specialty,Wife,Amer-Indian-Eskimo,Female,0,0,48,United-States,0.6521204533773027,0
42,Local-gov,19700,Bachelors,13,Married-civ-spouse,Prof-specialty,Wife,White,Female,0,0,50,United-States,0.6521204533773027,0
59,Local-gov,102442,Bachelors,13,Married-civ-spouse,Prof-specialty,Wife,White,Female,0,0,45,United-States,0.6521204533773027,0
34,Private,163110,Bachelors,13,Married-civ-spouse,Craft-repair,Husband,White,Male,0,0,45,United-States,0.6520726035810332,0
33,Private,79923,Masters,14,Married-civ-spouse,Prof-specialty,Husband,White,Male,0,0,45,United-States,0.6520711867633778,0
25,Local-gov,90730,Bachelors,13,Married-civ-spouse,Prof-specialty,Husband,White,Male,0,1977,40,United-States,0.6519816696478805,0
34,Private,42900,Bachelors,13,Married-civ-spouse,Exec-managerial,Husband,White,Male,0,0,50,United-States,0.6518592437222973,0
39,Self-emp-not-inc,190023,Bachelors,13,Married-civ-spouse,Sales,Husband,White,Male,0,0,60,United-States,0.6518282669362871,0
44,Private,174283,Bachelors,13,Married-civ-spouse,Sales,Husband,White,Male,0,0,50,United-States,0.6518282669362871,0
51,Local-gov,387250,Bachelors,13,Married-civ-spouse,Adm-clerical,Husband,White,Male,0,0,50,United-States,0.6518282669362871,0
39,Private,257942,Bachelors,13,Married-civ-spouse,Sales,Husband,White,Male,0,0,60,United-States,0.6518282669362871,0
46,Private,389843,Bachelors,13,Married-civ-spouse,Sales,Husband,White,Male,0,0,50,Germany,0.6518282669362871,0
43,Private,153489,Bachelors,13,Married-civ-spouse,Sales,Husband,White,Male,0,0,50,United-States,0.6518282669362871,0
48,Private,166929,Bachelors,13,Married-civ-spouse,Adm-clerical,Husband,White,Male,0,0,45,?,0.6518282669362871,0
42,Self-emp-not-inc,201522,Bachelors,13,Married-civ-spouse,Sales,Husband,White,Male,0,0,60,United-States,0.6518282669362871,0
43,State-gov,206139,Bachelors,13,Married-civ-spouse,Adm-clerical,Husband,White,Male,0,0,50,United-States,0.6518282669362871,0
54,Self-emp-not-inc,200960,Bachelors,13,Married-civ-spouse,Sales,Husband,White,Male,0,0,50,United-States,0.6518282669362871,0
56,Private,274111,Bachelors,13,Married-civ-spouse,Adm-clerical,Husband,White,Male,0,0,45,United-States,0.6518282669362871,0
47,Private,162034,Bachelors,13,Married-civ-spouse,Sales,Husband,White,Male,0,0,70,United-States,0.6518282669362871,0
37,Private,379522,Bachelors,13,Married-civ-spouse,Sales,Husband,White,Male,0,0,55,United-States,0.6518282669362871,0
53,Private,302868,Bachelors,13,Married-civ-spouse,Sales,Husband,White,Male,0,0,50,United-States,0.6518282669362871,0
48,Private,248164,Bachelors,13,Married-civ-spouse,Sales,Husband,White,Male,4386,0,50,United-States,0.6518019914088605,0
50,State-gov,24185,Bachelors,13,Married-civ-spouse,Exec-managerial,Husband,White,Male,0,0,38,United-States,0.6517742990637786,0
35,Private,119098,Masters,14,Married-civ-spouse,Exec-managerial,Husband,White,Male,0,0,40,United-States,0.651743901884991,0
61,Local-gov,180079,Doctorate,16,Married-civ-spouse,Exec-managerial,Husband,White,Male,4064,0,40,United-States,0.6515793578345623,0
36,Local-gov,578377,Masters,14,Married-civ-spouse,Prof-specialty,Wife,White,Female,0,0,40,United-States,0.6515414901626829,0
44,Private,101593,Bachelors,13,Married-civ-spouse,Sales,Husband,White,Male,0,0,60,United-States,0.6515320876455155,0
56,Private,105363,Bachelors,13,Married-civ-spouse,Exec-managerial,Husband,White,Male,4508,0,40,United-States,0.65146028075071,0
37,Self-emp-not-inc,36214,Bachelors,13,Married-civ-spouse,Craft-repair,Husband,White,Male,0,0,65,United-States,0.651345840524639,0
62,Private,218009,HS-grad,9,Married-civ-spouse,Transport-moving,Husband,White,Male,0,1977,60,United-States,0.6513336043721609,0
70,Private,94692,Bachelors,13,Married-civ-spouse,Sales,Husband,White,Male,0,0,70,United-States,0.6511985558892845,0
39,Private,184801,Bachelors,13,Married-civ-spouse,Prof-specialty,Husband,White,Male,0,0,40,United-States,0.65117002633377,0
38,Private,219546,Bachelors,13,Married-civ-spouse,Prof-specialty,Husband,White,Male,0,0,40,United-States,0.65117002633377,0
38,Private,187748,Bachelors,13,Married-civ-spouse,Prof-specialty,Husband,White,Male,0,0,40,United-States,0.65117002633377,0
39,State-gov,152307,Bachelors,13,Married-civ-spouse,Prof-specialty,Husband,White,Male,0,0,40,United-States,0.65117002633377,0
48,Local-gov,242923,HS-grad,9,Married-civ-spouse,Tech-support,Wife,White,Female,0,1848,40,United-States,0.6510909421482801,1
70,Self-emp-not-inc,155141,Bachelors,13,Married-civ-spouse,Craft-repair,Husband,White,Male,0,2377,12,United-States,0.6508051957875162,1
44,Private,107584,Masters,14,Married-civ-spouse,Adm-clerical,Husband,White,Male,3908,0,50,United-States,0.6507943764526934,0
38,Private,95336,Bachelors,13,Married-civ-spouse,Sales,Husband,White,Male,0,0,50,United-States,0.6506311204183152,0
35,Federal-gov,110188,Bachelors,13,Married-civ-spouse,Prof-specialty,Husband,Asian-Pac-Islander,Male,0,0,40,Vietnam,0.6506241007308409,1
45,Private,88781,Bachelors,13,Married-civ-spouse,Craft-repair,Husband,White,Male,0,0,40,Germany,0.6505868770669866,0
33,Private,171216,Bachelors,13,Married-civ-spouse,Exec-managerial,Husband,White,Male,0,0,50,United-States,0.6505470773710316,0
62,Local-gov,115763,Masters,14,Married-civ-spouse,Prof-specialty,Wife,White,Female,0,0,40,United-States,0.6504718572336928,0
35,Private,186934,Bachelors,13,Married-civ-spouse,Sales,Husband,White,Male,0,0,50,United-States,0.6502955278364037,0
20,?,273701,Some-college,10,Never-married,?,Other-relative,Black,Male,34095,0,10,United-States,0.6499083502116768,3
61,Private,97128,Bachelors,13,Married-civ-spouse,Sales,Husband,White,Male,0,0,45,United-States,0.6498512911006475,0
38,Private,182609,Bachelors,13,Married-civ-spouse,Sales,Husband,White,Male,0,0,50,Poland,0.6497996416570296,0
47,Federal-gov,202560,Bachelors,13,Married-civ-spouse,Exec-managerial,Wife,White,Female,0,0,40,United-States,0.6497432909548281,0
90,Private,206667,Masters,14,Married-civ-spouse,Prof-specialty,Wife,White,Female,0,0,40,United-States,0.6497159850145612,1
58,Federal-gov,208640,Bachelors,13,Married-civ-spouse,Exec-managerial,Husband,White,Male,0,0,40,United-States,0.6495988399547844,0
33,Private,392812,Bachelors,13,Married-civ-spouse,Exec-managerial,Husband,White,Male,0,0,45,United-States,0.6494916126185951,0
45,Private,120724,Masters,14,Married-civ-spouse,Exec-managerial,Husband,White,Male,4386,0,40,United-States,0.6491646497442208,0
60,Self-emp-not-inc,35649,Bachelors,13,Married-civ-spouse,Craft-repair,Husband,White,Male,0,0,40,United-States,0.6490406781993773,0
34,Local-gov,429897,Bachelors,13,Married-civ-spouse,Prof-specialty,Husband,White,Male,0,0,45,Mexico,0.6489926352007003,0
50,Self-emp-not-inc,203098,Bachelors,13,Married-civ-spouse,Exec-managerial,Husband,White,Male,0,0,35,United-States,0.648953543913573,0
34,Private,379798,Masters,14,Married-civ-spouse,Exec-managerial,Husband,White,Male,0,0,40,United-States,0.6488972576121739,0
50,Federal-gov,32801,Bachelors,13,Married-civ-spouse,Exec-managerial,Wife,Amer-Indian-Eskimo,Female,0,0,40,United-States,0.6488195902443394,0
40,Self-emp-not-inc,243636,Bachelors,13,Married-civ-spouse,Sales,Husband,White,Male,0,0,50,United-States,0.6487284631087792,0
50,Self-emp-not-inc,386397,Bachelors,13,Married-civ-spouse,Sales,Husband,White,Male,0,0,60,United-States,0.6487284631087792,0
50,Self-emp-not-inc,186565,Bachelors,13,Married-civ-spouse,Sales,Husband,White,Male,0,0,50,United-States,0.6487284631087792,0
46,Self-emp-not-inc,236852,Bachelors,13,Married-civ-spouse,Sales,Husband,White,Male,0,0,45,United-States,0.6487284631087792,0
38,Local-gov,177305,Bachelors,13,Married-civ-spouse,Prof-specialty,Husband,White,Male,0,0,38,United-States,0.6487016079741299,0
42,Private,246011,Bachelors,13,Married-civ-spouse,Prof-specialty,Wife,White,Female,0,0,55,United-States,0.6486641911078681,0
48,Self-emp-inc,193188,Bachelors,13,Married-civ-spouse,Exec-managerial,Husband,White,Male,0,0,40,United-States,0.6485966990668313,0
48,Self-emp-inc,200471,Bachelors,13,Married-civ-spouse,Exec-managerial,Husband,White,Male,0,0,40,United-States,0.6485966990668313,0
55,Federal-gov,145401,Bachelors,13,Married-civ-spouse,Exec-managerial,Husband,White,Male,0,0,40,United-States,0.6485966990668313,0
34,Self-emp-not-inc,77209,HS-grad,9,Married-civ-spouse,Sales,Husband,White,Male,0,1902,60,United-States,0.6482690277836293,0
76,Private,125784,Bachelors,13,Married-civ-spouse,Exec-managerial,Husband,White,Male,0,0,40,United-States,0.6481355893208158,1
62,Private,167098,Bachelors,13,Married-civ-spouse,Exec-managerial,Husband,White,Male,0,0,40,United-States,0.6481355893208158,0
38,Private,102945,Bachelors,13,Married-civ-spouse,Sales,Husband,White,Male,0,0,52,United-States,0.648118394306544,0
36,Private,357619,Bachelors,13,Married-civ-spouse,Exec-managerial,Wife,White,Female,0,0,60,Germany,0.6481136930479604,0
49,Self-emp-not-inc,182752,Doctorate,16,Married-civ-spouse,Prof-specialty,Wife,White,Female,0,0,35,United-States,0.6480767269873161,0
23,Private,106957,11th,7,Never-married,Craft-repair,Own-child,Asian-Pac-Islander,Male,14344,0,40,Vietnam,0.6480298432030844,2
37,Private,126569,Masters,14,Married-civ-spouse,Tech-support,Husband,White,Male,0,0,60,United-States,0.6479508878191996,0
34,Local-gov,240252,Masters,14,Married-civ-spouse,Exec-managerial,Husband,White,Male,0,0,40,United-States,0.6478870666239062,0
47,Local-gov,183486,Bachelors,13,Married-civ-spouse,Prof-specialty,Wife,White,Female,0,0,50,United-States,0.6478857786078559,0
53,Local-gov,205005,Bachelors,13,Married-civ-spouse,Prof-specialty,Wife,White,Female,0,0,60,United-States,0.6478857786078559,0
33,Private,117186,Bachelors,13,Married-civ-spouse,Exec-managerial,Husband,White,Male,0,0,45,United-States,0.6478707732208696,0
45,Local-gov,86644,Bachelors,13,Married-civ-spouse,Prof-specialty,Wife,White,Female,0,0,55,United-States,0.6478573134531438,0
46,Self-emp-inc,120902,Bachelors,13,Married-civ-spouse,Exec-managerial,Husband,White,Male,3103,0,37,United-States,0.6476657210656583,0
38,Local-gov,210991,Bachelors,13,Married-civ-spouse,Craft-repair,Husband,White,Male,0,1740,40,United-States,0.647660311398247,0
59,Private,95165,Doctorate,16,Married-civ-spouse,Sales,Husband,White,Male,0,0,40,United-States,0.6475392378895167,0
55,Local-gov,110490,Bachelors,13,Married-civ-spouse,Prof-specialty,Wife,White,Female,0,0,60,United-States,0.6474094058716442,0
36,Private,136343,Bachelors,13,Married-civ-spouse,Prof-specialty,Husband,White,Male,0,0,40,United-States,0.6473953020958931,0
70,Self-emp-not-inc,124449,Masters,14,Married-civ-spouse,Exec-managerial,Husband,White,Male,0,2246,8,United-States,0.6473730838190251,1
44,Local-gov,101967,Masters,14,Married-civ-spouse,Prof-specialty,Wife,White,Female,0,0,40,United-States,0.6473154451007732,0
31,Self-emp-not-inc,108468,Prof-school,15,Married-civ-spouse,Prof-specialty,Husband,White,Male,0,0,60,United-States,0.6471868366981485,0
31,Private,340880,Prof-school,15,Married-civ-spouse,Prof-specialty,Husband,White,Male,0,0,60,United-States,0.647116639823406,0
36,Private,95654,Bachelors,13,Married-civ-spouse,Prof-specialty,Wife,White,Female,0,0,50,Iran,0.6470492765839742,0
31,Private,106437,Prof-school,15,Married-civ-spouse,Prof-specialty,Wife,White,Female,0,0,60,United-States,0.6469253694399331,0
36,Self-emp-not-inc,224886,Bachelors,13,Married-civ-spouse,Exec-managerial,Husband,White,Male,2407,0,40,United-States,0.6468889829865115,0
55,Private,80445,Bachelors,13,Married-civ-spouse,Craft-repair,Husband,White,Male,0,0,40,United-States,0.6468124104323199,0
51,Private,24185,Bachelors,13,Married-civ-spouse,Craft-repair,Husband,White,Male,0,0,40,United-States,0.6468124104323199,0
35,Self-emp-inc,289430,Masters,14,Married-civ-spouse,Sales,Husband,White,Male,0,0,45,Mexico,0.6467521312811648,0
35,Private,1226583,Bachelors,13,Married-civ-spouse,Sales,Husband,White,Male,0,0,52,United-States,0.6466920453324172,2
34,Private,197886,Bachelors,13,Married-civ-spouse,Sales,Husband,White,Male,0,0,60,United-States,0.6466920453324172,0
35,Private,163237,Bachelors,13,Married-civ-spouse,Sales,Husband,White,Male,0,0,52,United-States,0.6466920453324172,0
34,Private,99872,Masters,14,Married-civ-spouse,Exec-managerial,Husband,Asian-Pac-Islander,Male,3103,0,40,India,0.6466714370756121,1
50,Self-emp-inc,201689,7th-8th,4,Married-civ-spouse,Craft-repair,Husband,White,Male,0,1977,63,?,0.6465336193582276,1
57,Private,182677,Bachelors,13,Married-civ-spouse,Exec-managerial,Husband,Asian-Pac-Islander,Male,4508,0,40,South,0.646518807173649,1
33,Private,37274,Bachelors,13,Married-civ-spouse,Prof-specialty,Husband,White,Male,0,0,65,United-States,0.6463560019448882,0
34,Self-emp-inc,209538,Bachelors,13,Married-civ-spouse,Sales,Husband,White,Male,0,0,50,United-States,0.64635349031359,0
31,Private,136398,Doctorate,16,Married-civ-spouse,Prof-specialty,Husband,Asian-Pac-Islander,Male,0,0,50,Thailand,0.6463515582895146,3
33,Private,169496,Bachelors,13,Married-civ-spouse,Exec-managerial,Husband,White,Male,0,0,50,United-States,0.6463229643331975,0
33,Private,144064,Bachelors,13,Married-civ-spouse,Exec-managerial,Husband,White,Male,0,0,50,United-States,0.6463229643331975,0
33,Private,341187,Bachelors,13,Married-civ-spouse,Exec-managerial,Husband,White,Male,0,0,50,United-States,0.6463229643331975,0
31,Self-emp-inc,203488,Bachelors,13,Married-civ-spouse,Exec-managerial,Husband,White,Male,0,0,50,United-States,0.6462020196260722,0
41,Self-emp-inc,120277,Bachelors,13,Married-civ-spouse,Exec-managerial,Husband,White,Male,0,0,40,?,0.6461666635854908,0
36,Private,224531,Bachelors,13,Married-civ-spouse,Sales,Husband,White,Male,0,0,50,United-States,0.646117396971566,0
44,Private,456236,Masters,14,Married-civ-spouse,Adm-clerical,Husband,White,Male,0,0,40,United-States,0.6460869353919759,0
43,Federal-gov,369468,Bachelors,13,Married-civ-spouse,Prof-specialty,Husband,White,Male,0,0,40,United-States,0.6460739264298676,0
33,Private,188246,Bachelors,13,Married-civ-spouse,Exec-managerial,Husband,White,Male,0,0,65,United-States,0.6459556865564481,0
62,Self-emp-inc,134768,Masters,14,Married-civ-spouse,Sales,Husband,White,Male,0,0,35,United-States,0.6458669422505808,0
43,Private,187322,Bachelors,13,Married-civ-spouse,Craft-repair,Husband,White,Male,0,0,40,United-States,0.6457293821364064,0
57,Federal-gov,310320,Bachelors,13,Married-civ-spouse,Tech-support,Husband,White,Male,0,0,48,United-States,0.645705489438673,0
40,Private,53835,Bachelors,13,Married-civ-spouse,Sales,Husband,White,Male,0,0,50,United-States,0.6454225767132197,0
41,Private,57233,Bachelors,13,Married-civ-spouse,Sales,Husband,White,Male,0,0,70,United-States,0.6454225767132197,0
41,Local-gov,34987,Bachelors,13,Married-civ-spouse,Prof-specialty,Husband,White,Male,0,0,35,United-States,0.6453143189641901,0
60,Private,238913,Bachelors,13,Married-civ-spouse,Sales,Husband,White,Male,0,0,46,United-States,0.6452582902660011,0
41,Private,211253,Masters,14,Married-civ-spouse,Exec-managerial,Wife,White,Female,0,0,40,United-States,0.6450308266315142,0
32,State-gov,111363,Prof-school,15,Married-civ-spouse,Prof-specialty,Husband,White,Male,0,0,75,United-States,0.6449912201379667,0
39,Private,216552,Masters,14,Married-civ-spouse,Adm-clerical,Husband,White,Male,0,0,40,United-States,0.6449712558891868,0
47,Self-emp-inc,239321,Bachelors,13,Married-civ-spouse,Sales,Husband,White,Male,0,0,40,United-States,0.6449444651553401,0
32,Local-gov,168387,Masters,14,Married-civ-spouse,Prof-specialty,Husband,White,Male,0,0,50,United-States,0.6449152271909978,0
33,Private,709798,Bachelors,13,Married-civ-spouse,Prof-specialty,Husband,White,Male,0,0,60,United-States,0.6448407798632891,1
38,State-gov,318886,Bachelors,13,Married-civ-spouse,Protective-serv,Husband,Black,Male,0,0,52,United-States,0.6447918352533769,0
37,State-gov,348960,Bachelors,13,Married-civ-spouse,Prof-specialty,Husband,White,Male,0,0,36,United-States,0.6445737097352549,0
33,Self-emp-inc,281832,Doctorate,16,Married-civ-spouse,Prof-specialty,Husband,White,Male,0,0,40,Cuba,0.6445249583277501,0
51,Private,63424,Masters,14,Married-civ-spouse,Prof-specialty,Wife,White,Female,0,0,40,United-States,0.6443810225341267,0
40,Local-gov,333530,Masters,14,Married-civ-spouse,Prof-specialty,Wife,White,Female,0,0,40,United-States,0.6443810225341267,0
38,Local-gov,227154,Bachelors,13,Married-civ-spouse,Craft-repair,Husband,Asian-Pac-Islander,Male,0,0,40,Philippines,0.6443154625171652,1
49,Private,340755,Masters,14,Married-civ-spouse,Sales,Husband,White,Male,0,0,40,United-States,0.644308700432901,0
42,Private,230684,Bachelors,13,Married-civ-spouse,Prof-specialty,Husband,White,Male,5013,0,40,United-States,0.6442891225889361,0
35,Private,193026,Bachelors,13,Married-civ-spouse,Sales,Husband,White,Male,0,0,45,United-States,0.6442775304444832,0
56,Federal-gov,141877,Bachelors,13,Married-civ-spouse,Adm-clerical,Husband,White,Male,0,0,40,United-States,0.6440167715950955,0
41,State-gov,47902,Bachelors,13,Married-civ-spouse,Adm-clerical,Husband,White,Male,0,0,50,United-States,0.6439959701358828,0
47,Private,170850,Bachelors,13,Married-civ-spouse,Tech-support,Husband,White,Male,0,0,48,United-States,0.6438990469280961,0
41,Private,171546,Bachelors,13,Married-civ-spouse,Tech-support,Husband,White,Male,0,0,45,United-States,0.6438990469280961,0
54,Private,171924,Bachelors,13,Married-civ-spouse,Tech-support,Husband,White,Male,0,0,48,United-States,0.6438990469280961,0
33,Private,184306,Bachelors,13,Married-civ-spouse,Prof-specialty,Husband,White,Male,0,0,45,United-States,0.6437797766418362,0
34,Private,242984,HS-grad,9,Married-civ-spouse,Exec-managerial,Husband,White,Male,0,1887,45,United-States,0.6436583167282909,0
62,Federal-gov,258124,Masters,14,Married-civ-spouse,Adm-clerical,Husband,White,Male,0,0,40,Italy,0.6436060876774503,0
44,State-gov,166597,Masters,14,Married-civ-spouse,Adm-clerical,Husband,White,Male,0,0,40,United-States,0.6435516689993241,0
61,Federal-gov,28291,Bachelors,13,Married-civ-spouse,Exec-managerial,Wife,White,Female,0,0,40,United-States,0.6435000839565087,0
36,Private,206521,Bachelors,13,Married-civ-spouse,Sales,Husband,White,Male,0,0,60,United-States,0.6434760624571703,0
32,Private,44675,Doctorate,16,Married-civ-spouse,Prof-specialty,Husband,White,Male,0,0,65,United-States,0.6432502732435488,0
34,Private,155343,HS-grad,9,Married-civ-spouse,Craft-repair,Husband,White,Male,0,1848,50,United-States,0.6432183304455008,1
40,State-gov,182460,Masters,14,Married-civ-spouse,Prof-specialty,Wife,Asian-Pac-Islander,Female,0,0,38,China,0.6431505164004513,1
58,Private,312131,Masters,14,Married-civ-spouse,Sales,Husband,White,Male,0,0,40,United-States,0.6429701297526037,0
54,Self-emp-inc,196328,Bachelors,13,Married-civ-spouse,Sales,Husband,Black,Male,0,0,40,Jamaica,0.6428604551859187,0
40,Self-emp-inc,190290,Bachelors,13,Married-civ-spouse,Sales,Husband,White,Male,0,0,40,?,0.6428604551859187,0
37,Private,204277,HS-grad,9,Married-civ-spouse,Machine-op-inspct,Husband,White,Male,0,1848,48,United-States,0.6428406841395463,1
39,Self-emp-inc,143123,Assoc-voc,11,Married-civ-spouse,Craft-repair,Husband,White,Male,0,2415,40,United-States,0.6427254067030425,0
36,Federal-gov,184556,Bachelors,13,Married-civ-spouse,Exec-managerial,Wife,White,Female,0,0,40,United-States,0.6427018360093215,0
50,Local-gov,339547,Prof-school,15,Married-civ-spouse,Adm-clerical,Husband,Asian-Pac-Islander,Male,0,0,40,Laos,0.6426619719125641,1
33,Self-emp-not-inc,192256,Bachelors,13,Married-civ-spouse,Craft-repair,Husband,White,Male,0,0,50,United-States,0.642427488590603,0
56,Federal-gov,101338,Bachelors,13,Married-civ-spouse,Sales,Husband,White,Male,0,0,40,United-States,0.6423912953395888,0
34,Self-emp-not-inc,306982,Bachelors,13,Married-civ-spouse,Sales,Husband,Asian-Pac-Islander,Male,0,0,60,South,0.6419196238619609,2
35,Self-emp-not-inc,361888,Bachelors,13,Married-civ-spouse,Sales,Husband,White,Male,0,0,60,Japan,0.6419196238619609,0
34,Private,163110,Masters,14,Married-civ-spouse,Sales,Husband,White,Male,0,0,40,United-States,0.641918142643503,0
36,Local-gov,196529,Masters,14,Married-civ-spouse,Prof-specialty,Wife,White,Female,0,0,40,United-States,0.6418723536729141,0
35,Private,308489,Bachelors,13,Married-civ-spouse,Sales,Husband,Black,Male,0,0,50,United-States,0.6417523749778266,1
44,Private,203943,Bachelors,13,Married-civ-spouse,Exec-managerial,Husband,Black,Male,0,0,35,United-States,0.641704009975137,0
32,Self-emp-inc,209691,Bachelors,13,Married-civ-spouse,Craft-repair,Husband,White,Male,0,0,50,Canada,0.6415149292189497,0
47,Local-gov,80282,Bachelors,13,Married-civ-spouse,Prof-specialty,Husband,White,Male,3137,0,40,United-States,0.6414397090816109,0
33,Private,169879,Bachelors,13,Married-civ-spouse,Prof-specialty,Husband,White,Male,3103,0,47,United-States,0.6413420130641939,0
30,Private,122042,Masters,14,Married-civ-spouse,Exec-managerial,Husband,White,Male,0,0,45,United-States,0.6413411758537612,0
35,Private,292472,Doctorate,16,Married-civ-spouse,Prof-specialty,Husband,Asian-Pac-Islander,Male,0,0,40,Taiwan,0.6411956944408773,1
33,Self-emp-not-inc,175502,Bachelors,13,Married-civ-spouse,Prof-specialty,Husband,White,Male,0,0,60,United-States,0.6410802882027684,0
47,Self-emp-not-inc,118506,Bachelors,13,Married-civ-spouse,Exec-managerial,Own-child,White,Male,0,0,60,United-States,0.6410459625750273,0
47,Private,178341,Bachelors,13,Married-civ-spouse,Sales,Husband,White,Male,4064,0,60,United-States,0.6410300555768058,0
32,Federal-gov,111567,Prof-school,15,Married-civ-spouse,Prof-specialty,Husband,White,Male,0,0,40,United-States,0.6409046028135045,0
32,Self-emp-inc,113543,Prof-school,15,Married-civ-spouse,Prof-specialty,Husband,White,Male,0,0,40,United-States,0.6409046028135045,0
33,Local-gov,115488,Bachelors,13,Married-civ-spouse,Prof-specialty,Husband,White,Male,0,0,50,United-States,0.6408841233583044,0
34,Private,250724,Bachelors,13,Married-civ-spouse,Sales,Husband,White,Male,0,0,45,Jamaica,0.640880452512561,0
45,Self-emp-not-inc,31478,Bachelors,13,Married-civ-spouse,Sales,Husband,White,Male,2829,0,60,United-States,0.6408505705401935,0
50,Local-gov,163998,Bachelors,13,Married-civ-spouse,Protective-serv,Husband,White,Male,0,0,44,United-States,0.6406778475878453,0
33,State-gov,121245,Bachelors,13,Married-civ-spouse,Prof-specialty,Husband,White,Male,0,0,60,United-States,0.6405452463354646,0
47,Local-gov,37672,Bachelors,13,Married-civ-spouse,Prof-specialty,Wife,White,Female,0,0,45,United-States,0.6404285520813053,0
35,Private,191502,Bachelors,13,Married-civ-spouse,Sales,Husband,White,Male,0,0,60,United-States,0.6400802725412983,0
35,Private,261382,Bachelors,13,Married-civ-spouse,Sales,Husband,White,Male,0,0,50,United-States,0.6400802725412983,0
35,Private,125933,Bachelors,13,Married-civ-spouse,Sales,Husband,White,Male,0,0,60,United-States,0.6400802725412983,0
57,Local-gov,148509,Bachelors,13,Married-civ-spouse,Prof-specialty,Husband,Asian-Pac-Islander,Male,0,0,35,India,0.6400241794423067,1
60,Private,167670,Bachelors,13,Married-civ-spouse,Prof-specialty,Husband,White,Male,0,0,35,United-States,0.6400241794423067,0
43,Private,184378,Bachelors,13,Married-civ-spouse,Prof-specialty,Husband,White,Male,0,0,35,United-States,0.6400241794423067,1
53,Local-gov,549341,Bachelors,13,Married-civ-spouse,Prof-specialty,Husband,Black,Male,0,0,35,United-States,0.6400241794423067,0
35,Private,77146,Bachelors,13,Married-civ-spouse,Sales,Husband,White,Male,0,0,45,United-States,0.6400125872978538,0
43,State-gov,28451,Bachelors,13,Married-civ-spouse,Prof-specialty,Husband,White,Male,0,0,37,United-States,0.6399266122264948,0
46,State-gov,193047,Bachelors,13,Married-civ-spouse,Prof-specialty,Husband,White,Male,0,0,37,United-States,0.6399266122264948,0
41,Private,126850,Prof-school,15,Married-civ-spouse,Adm-clerical,Husband,Asian-Pac-Islander,Male,0,0,40,Philippines,0.6397500252259957,1
33,Private,111363,Bachelors,13,Married-civ-spouse,Craft-repair,Husband,White,Male,0,0,45,United-States,0.6397314133940685,0
65,Private,113323,Bachelors,13,Married-civ-spouse,Exec-managerial,Husband,White,Male,0,0,40,United-States,0.6395751126463619,0
59,State-gov,303176,Some-college,10,Married-civ-spouse,Exec-managerial,Husband,White,Male,0,2179,40,United-States,0.6395266188420673,0
47,Federal-gov,20956,Bachelors,13,Married-civ-spouse,Craft-repair,Husband,White,Male,0,1740,40,United-States,0.6394427045963887,0
30,Private,167990,Prof-school,15,Married-civ-spouse,Prof-specialty,Husband,White,Male,0,0,60,United-States,0.6394178458866175,0
60,State-gov,194252,Masters,14,Married-civ-spouse,Exec-managerial,Wife,White,Female,3103,0,40,United-States,0.6394045793212992,0
57,Self-emp-inc,199768,HS-grad,9,Married-civ-spouse,Sales,Husband,White,Male,0,1902,30,United-States,0.6393863538941872,0
34,State-gov,180871,Bachelors,13,Married-civ-spouse,Adm-clerical,Husband,White,Male,0,0,55,United-States,0.6393204074724107,0
34,Self-emp-not-inc,100079,Bachelors,13,Married-civ-spouse,Sales,Husband,Asian-Pac-Islander,Male,0,0,55,India,0.6393204074724107,2
34,Self-emp-not-inc,313729,Bachelors,13,Married-civ-spouse,Sales,Husband,White,Male,0,0,60,United-States,0.6393204074724107,0
62,Self-emp-not-inc,75478,Bachelors,13,Married-civ-spouse,Exec-managerial,Husband,White,Male,0,0,40,United-States,0.6393072053078949,0
41,Local-gov,189956,Bachelors,13,Married-civ-spouse,Prof-specialty,Wife,Black,Female,0,0,40,United-States,0.6392910407064634,0
40,Local-gov,63042,Bachelors,13,Married-civ-spouse,Prof-specialty,Wife,White,Female,0,0,40,United-States,0.6392910407064634,0
51,Private,182314,Masters,14,Married-civ-spouse,Tech-support,Husband,White,Male,0,0,40,United-States,0.6391281066760975,0
35,Private,139364,HS-grad,9,Married-civ-spouse,Sales,Husband,White,Male,0,1902,40,United-States,0.6390271906185548,0
42,Private,127314,Bachelors,13,Married-civ-spouse,Tech-support,Husband,White,Male,0,0,45,United-States,0.6389766359885797,0
62,Private,121319,Bachelors,13,Married-civ-spouse,Prof-specialty,Husband,White,Male,3103,0,40,United-States,0.6389675554754249,0
33,State-gov,220066,Doctorate,16,Married-civ-spouse,Prof-specialty,Wife,White,Female,0,0,48,United-States,0.6388637413817689,0
32,Local-gov,223267,Masters,14,Married-civ-spouse,Prof-specialty,Husband,White,Male,0,0,48,United-States,0.6388287073452001,0
30,Local-gov,183000,Masters,14,Married-civ-spouse,Prof-specialty,Husband,White,Male,0,0,45,United-States,0.6388287073452001,0
31,Local-gov,102130,Masters,14,Married-civ-spouse,Prof-specialty,Husband,White,Male,0,0,45,United-States,0.6388287073452001,0
33,Private,150570,Bachelors,13,Married-civ-spouse,Prof-specialty,Husband,White,Male,3103,0,43,United-States,0.6385193258899128,0
36,Self-emp-not-inc,160120,Bachelors,13,Married-civ-spouse,Sales,Husband,Other,Male,0,0,45,?,0.6384284563575625,3
30,Private,467108,Masters,14,Married-civ-spouse,Prof-specialty,Husband,White,Male,0,0,44,United-States,0.6384195690468153,0
30,Private,181651,Bachelors,13,Married-civ-spouse,Exec-managerial,Husband,White,Male,0,0,50,United-States,0.6384131289665637,0
32,Private,103860,Bachelors,13,Married-civ-spouse,Exec-managerial,Husband,White,Male,0,0,50,United-States,0.6384131289665637,0
32,Private,164197,Bachelors,13,Married-civ-spouse,Exec-managerial,Husband,White,Male,0,0,60,United-States,0.6384131289665637,0
44,Private,192225,Bachelors,13,Married-civ-spouse,Exec-managerial,Husband,White,Male,0,0,40,United-States,0.638316592163592,0
42,Private,168103,Bachelors,13,Married-civ-spouse,Exec-managerial,Husband,White,Male,0,0,40,United-States,0.638316592163592,0
45,Private,126141,Bachelors,13,Married-civ-spouse,Exec-managerial,Husband,White,Male,0,0,40,United-States,0.638316592163592,0
42,Private,221172,Bachelors,13,Married-civ-spouse,Exec-managerial,Husband,White,Male,0,0,40,United-States,0.638316592163592,0
43,Private,131899,Bachelors,13,Married-civ-spouse,Exec-managerial,Husband,White,Male,0,0,40,United-States,0.638316592163592,0
41,Private,304906,Bachelors,13,Married-civ-spouse,Exec-managerial,Husband,White,Male,0,0,40,United-States,0.638316592163592,0
45,Private,257609,Bachelors,13,Married-civ-spouse,Exec-managerial,Husband,White,Male,0,0,40,United-States,0.638316592163592,0
44,Private,110355,Bachelors,13,Married-civ-spouse,Exec-managerial,Husband,White,Male,0,0,40,United-States,0.638316592163592,0
45,Private,235646,Bachelors,13,Married-civ-spouse,Exec-managerial,Husband,White,Male,0,0,40,United-States,0.638316592163592,0
44,Private,107218,Bachelors,13,Married-civ-spouse,Exec-managerial,Husband,Asian-Pac-Islander,Male,0,0,40,United-States,0.638316592163592,1
57,Private,346963,Bachelors,13,Married-civ-spouse,Exec-managerial,Husband,White,Male,0,0,40,United-States,0.638316592163592,0
39,Private,286789,Bachelors,13,Married-civ-spouse,Exec-managerial,Husband,White,Male,0,0,40,United-States,0.638316592163592,0
43,Private,320277,Bachelors,13,Married-civ-spouse,Exec-managerial,Husband,White,Male,0,0,40,United-States,0.638316592163592,0
50,Private,167065,Bachelors,13,Married-civ-spouse,Exec-managerial,Husband,White,Male,0,0,40,United-States,0.638316592163592,0
35,Private,224512,Masters,14,Married-civ-spouse,Sales,Husband,White,Male,0,0,55,United-States,0.6382438836575514,0
38,State-gov,312528,Bachelors,13,Married-civ-spouse,Exec-managerial,Husband,White,Male,0,0,37,United-States,0.6380571857310572,0
66,Private,127139,Bachelors,13,Married-civ-spouse,Prof-specialty,Husband,White,Male,0,0,40,United-States,0.638026852953072,0
68,Private,104438,Bachelors,13,Married-civ-spouse,Prof-specialty,Husband,White,Male,0,0,40,Ireland,0.638026852953072,1
41,Federal-gov,153132,Bachelors,13,Married-civ-spouse,Prof-specialty,Husband,White,Male,0,0,38,United-States,0.6379950389566291,0
33,Private,235847,Prof-school,15,Married-civ-spouse,Exec-managerial,Wife,White,Female,0,0,40,United-States,0.6379138939454588,0
52,Private,260938,Masters,14,Married-civ-spouse,Sales,Husband,White,Male,0,0,40,United-States,0.6378360977760194,0
45,Private,189792,Masters,14,Married-civ-spouse,Sales,Husband,White,Male,0,0,40,United-States,0.6378360977760194,0
47,Private,102308,Masters,14,Married-civ-spouse,Sales,Husband,White,Male,0,0,40,United-States,0.6378360977760194,0
54,Private,457237,Masters,14,Married-civ-spouse,Sales,Husband,White,Male,0,0,40,United-States,0.6378360977760194,0
42,Private,92288,Masters,14,Married-civ-spouse,Sales,Husband,Asian-Pac-Islander,Male,0,0,40,?,0.6378360977760194,1
32,Private,331539,Bachelors,13,Married-civ-spouse,Exec-managerial,Husband,Asian-Pac-Islander,Male,0,0,50,China,0.6377020153051808,2
32,Private,212276,Bachelors,13,Married-civ-spouse,Prof-specialty,Husband,White,Male,0,0,60,United-States,0.6376195822779602,0
32,Private,348152,Masters,14,Married-civ-spouse,Exec-managerial,Husband,White,Male,0,0,40,United-States,0.6374160113412067,0
43,Private,91209,Bachelors,13,Married-civ-spouse,Exec-managerial,Husband,White,Male,0,0,40,United-States,0.6374048700023714,0
44,Private,48087,Bachelors,13,Married-civ-spouse,Exec-managerial,Husband,White,Male,0,0,40,United-States,0.6374048700023714,0
35,Private,107302,Masters,14,Married-civ-spouse,Sales,Husband,White,Male,0,0,40,India,0.637340920005473,0
31,Self-emp-inc,114937,Bachelors,13,Married-civ-spouse,Exec-managerial,Husband,White,Male,0,0,55,United-States,0.6372365907053968,0
61,Self-emp-not-inc,30073,HS-grad,9,Married-civ-spouse,Farming-fishing,Husband,White,Male,0,1848,60,United-States,0.6370905296852903,1
32,Private,132601,Prof-school,15,Married-civ-spouse,Prof-specialty,Husband,White,Male,0,0,40,United-States,0.6370667013883594,0
38,Federal-gov,122493,Bachelors,13,Married-civ-spouse,Prof-specialty,Husband,White,Male,4064,0,40,United-States,0.6370328265662359,0
50,Private,176227,Bachelors,13,Married-civ-spouse,Exec-managerial,Husband,White,Male,0,0,40,?,0.6370126047142458,0
48,Private,240231,Bachelors,13,Married-civ-spouse,Exec-managerial,Husband,Asian-Pac-Islander,Male,0,0,40,Japan,0.6370126047142458,1
41,Private,58484,Bachelors,13,Married-civ-spouse,Exec-managerial,Wife,White,Female,0,0,40,United-States,0.6369897424293527,0
38,Private,39606,Bachelors,13,Married-civ-spouse,Exec-managerial,Wife,White,Female,0,0,40,United-States,0.6369897424293527,0
56,Self-emp-not-inc,162130,5th-6th,3,Married-civ-spouse,Exec-managerial,Husband,White,Male,0,1887,67,United-States,0.6369496851301876,1
34,Private,84154,Bachelors,13,Married-civ-spouse,Sales,Husband,White,Male,0,0,50,United-States,0.6369120106607157,0
32,Private,132601,Bachelors,13,Married-civ-spouse,Prof-specialty,Husband,White,Male,0,0,50,United-States,0.6366435237150261,0
33,Self-emp-inc,202153,Masters,14,Married-civ-spouse,Craft-repair,Husband,White,Male,0,0,40,United-States,0.636623430664641,0
61,Private,226297,Bachelors,13,Married-civ-spouse,Exec-managerial,Husband,White,Male,0,0,40,United-States,0.6366157669691416,0
33,Private,206609,Bachelors,13,Married-civ-spouse,Exec-managerial,Husband,White,Male,0,0,45,United-States,0.6365923894778283,0
61,Private,51385,Bachelors,13,Married-civ-spouse,Sales,Husband,White,Male,0,0,50,United-States,0.6365480817256971,0
34,Private,106761,Bachelors,13,Married-civ-spouse,Sales,Husband,White,Male,0,0,45,United-States,0.6365373911924794,0
34,State-gov,190290,Bachelors,13,Married-civ-spouse,Prof-specialty,Husband,White,Male,0,0,38,United-States,0.636461462646313,0
39,State-gov,318918,Bachelors,13,Married-civ-spouse,Exec-managerial,Husband,White,Male,0,0,40,United-States,0.6364429152151884,0
55,Self-emp-not-inc,185195,Bachelors,13,Married-civ-spouse,Exec-managerial,Husband,White,Male,0,0,40,United-States,0.6364429152151884,0
47,State-gov,199512,Bachelors,13,Married-civ-spouse,Exec-managerial,Husband,White,Male,0,0,40,United-States,0.6364429152151884,0
54,Self-emp-not-inc,105010,Bachelors,13,Married-civ-spouse,Exec-managerial,Husband,White,Male,0,0,40,United-States,0.6364429152151884,0
50,State-gov,103063,Bachelors,13,Married-civ-spouse,Exec-managerial,Husband,White,Male,0,0,40,United-States,0.6364429152151884,0
21,Private,334618,Some-college,10,Never-married,Protective-serv,Not-in-family,Black,Female,99999,0,40,United-States,0.6364147720644888,1
30,Private,378009,Masters,14,Married-civ-spouse,Exec-managerial,Husband,White,Male,0,0,50,United-States,0.6363591297711149,0
51,Self-emp-not-inc,199005,Bachelors,13,Married-civ-spouse,Exec-managerial,Wife,White,Female,0,0,40,United-States,0.636227880935587,0
36,Self-emp-not-inc,67728,Bachelors,13,Married-civ-spouse,Sales,Husband,White,Male,0,0,50,United-States,0.6362232440778058,0
41,Private,22201,Bachelors,13,Married-civ-spouse,Exec-managerial,Husband,Asian-Pac-Islander,Male,0,0,40,Japan,0.636099852140185,1
31,Private,176185,Masters,14,Married-civ-spouse,Exec-managerial,Husband,White,Male,0,0,60,France,0.6360568324041043,0
31,Private,111567,Bachelors,13,Married-civ-spouse,Exec-managerial,Husband,White,Male,0,0,70,United-States,0.6360480094941595,0
36,Private,166988,Bachelors,13,Married-civ-spouse,Prof-specialty,Wife,White,Female,0,0,40,United-States,0.6360004817019027,0
44,Local-gov,193425,Masters,14,Married-civ-spouse,Prof-specialty,Wife,White,Female,4386,0,40,United-States,0.6359843815012737,0
35,Private,186126,Masters,14,Married-civ-spouse,Prof-specialty,Husband,White,Male,0,0,38,?,0.6359532115128559,1
42,Private,226902,Bachelors,13,Married-civ-spouse,Tech-support,Husband,White,Male,0,0,45,United-States,0.6359104493799852,0
43,Local-gov,163434,Bachelors,13,Married-civ-spouse,Protective-serv,Husband,White,Male,0,0,55,United-States,0.6359104493799852,0
45,Local-gov,167159,Bachelors,13,Married-civ-spouse,Protective-serv,Husband,White,Male,0,0,50,United-States,0.6359104493799852,0
41,Local-gov,158688,Bachelors,13,Married-civ-spouse,Protective-serv,Husband,White,Male,0,0,50,United-States,0.6359104493799852,0
51,Self-emp-not-inc,170086,Bachelors,13,Married-civ-spouse,Tech-support,Husband,White,Male,0,0,45,United-States,0.6359104493799852,0
39,Private,206951,Bachelors,13,Married-civ-spouse,Prof-specialty,Husband,White,Male,0,0,40,United-States,0.6359056193197964,0
56,Private,187295,Bachelors,13,Married-civ-spouse,Prof-specialty,Husband,White,Male,0,0,40,United-States,0.6359056193197964,0
47,Private,168283,Bachelors,13,Married-civ-spouse,Prof-specialty,Husband,White,Male,0,0,40,United-States,0.6359056193197964,0
45,Private,144579,Bachelors,13,Married-civ-spouse,Prof-specialty,Husband,White,Male,0,0,40,United-States,0.6359056193197964,0
52,Private,416059,Bachelors,13,Married-civ-spouse,Prof-specialty,Husband,Black,Male,0,0,40,United-States,0.6359056193197964,0
40,Private,347890,Bachelors,13,Married-civ-spouse,Prof-specialty,Husband,White,Male,0,0,40,United-States,0.6359056193197964,0
40,Private,277647,Bachelors,13,Married-civ-spouse,Prof-specialty,Husband,White,Male,0,0,40,United-States,0.6359056193197964,0
39,Private,297449,Bachelors,13,Married-civ-spouse,Prof-specialty,Husband,White,Male,0,0,40,United-States,0.6359056193197964,0
43,Private,243580,Bachelors,13,Married-civ-spouse,Prof-specialty,Husband,White,Male,0,0,40,United-States,0.6359056193197964,0
57,Private,201991,Bachelors,13,Married-civ-spouse,Prof-specialty,Husband,White,Male,0,0,40,United-States,0.6359056193197964,0
52,Private,128378,Bachelors,13,Married-civ-spouse,Prof-specialty,Husband,White,Male,0,0,40,United-States,0.6359056193197964,0
46,Private,186172,Bachelors,13,Married-civ-spouse,Prof-specialty,Husband,White,Male,3103,0,40,United-States,0.6359056193197964,0
43,Private,195212,Bachelors,13,Married-civ-spouse,Exec-managerial,Wife,Black,Female,0,0,40,?,0.6358264063327016,0
57,Private,170287,Masters,14,Married-civ-spouse,Tech-support,Husband,White,Male,0,0,40,United-States,0.6357943991338512,0
46,Private,377401,HS-grad,9,Married-civ-spouse,Transport-moving,Husband,White,Male,0,1902,70,Canada,0.6355132252300658,1
57,Private,375868,Masters,14,Married-civ-spouse,Adm-clerical,Husband,White,Male,0,0,40,United-States,0.6354694970851573,0
32,Self-emp-not-inc,174789,Bachelors,13,Married-civ-spouse,Prof-specialty,Husband,White,Male,0,0,50,United-States,0.6354557153134189,0
34,Private,37676,Bachelors,13,Married-civ-spouse,Sales,Husband,White,Male,0,0,50,United-States,0.6352559440240139,0
36,Self-emp-not-inc,283122,HS-grad,9,Married-civ-spouse,Farming-fishing,Husband,White,Male,0,1902,60,United-States,0.635212280279908,0
54,State-gov,119565,Bachelors,13,Married-civ-spouse,Exec-managerial,Husband,White,Male,0,0,40,Puerto-Rico,0.6351368669401616,0
42,Private,111483,Bachelors,13,Married-civ-spouse,Tech-support,Husband,White,Male,0,0,50,United-States,0.6349997576316049,0
49,Private,54260,Bachelors,13,Married-civ-spouse,Prof-specialty,Husband,White,Male,0,0,40,United-States,0.6349919651345004,0
46,Private,70754,Bachelors,13,Married-civ-spouse,Prof-specialty,Husband,White,Male,0,0,40,United-States,0.6349919651345004,0
32,Private,288273,Bachelors,13,Married-civ-spouse,Craft-repair,Husband,White,Male,0,0,70,Mexico,0.634846805725629,0
30,Private,112115,Bachelors,13,Married-civ-spouse,Exec-managerial,Husband,White,Male,0,0,50,United-States,0.6348048164023886,0
35,Private,31964,Bachelors,13,Married-civ-spouse,Sales,Husband,White,Male,0,0,50,United-States,0.6344933097206181,0
33,Private,176992,Masters,14,Married-civ-spouse,Prof-specialty,Husband,White,Male,0,0,40,United-States,0.6344906048869124,0
39,Private,129150,Bachelors,13,Married-civ-spouse,Tech-support,Husband,White,Male,0,0,50,United-States,0.6343942612863483,0
38,Private,187999,Bachelors,13,Married-civ-spouse,Tech-support,Husband,White,Male,0,0,45,United-States,0.6343942612863483,0
33,Private,181372,Masters,14,Married-civ-spouse,Exec-managerial,Wife,White,Female,0,0,50,United-States,0.634354654792801,0
68,Self-emp-not-inc,116903,Assoc-voc,11,Married-civ-spouse,Prof-specialty,Husband,White,Male,0,2149,40,United-States,0.6342503898935273,0
50,Self-emp-not-inc,37913,Bachelors,13,Married-civ-spouse,Exec-managerial,Husband,White,Male,0,0,40,Italy,0.6342226975484454,0
34,Private,303187,Bachelors,13,Married-civ-spouse,Prof-specialty,Husband,Asian-Pac-Islander,Male,0,0,40,?,0.6342087225742995,1
34,Private,153326,Bachelors,13,Married-civ-spouse,Prof-specialty,Husband,White,Male,0,0,40,United-States,0.6342087225742995,0
44,State-gov,244974,Bachelors,13,Married-civ-spouse,Protective-serv,Husband,White,Male,0,0,44,United-States,0.634168858477542,0
65,Private,194456,Bachelors,13,Married-civ-spouse,Craft-repair,Husband,White,Male,0,0,40,England,0.6341376884891242,0
31,Private,150309,Doctorate,16,Married-civ-spouse,Prof-specialty,Wife,White,Female,0,0,90,United-States,0.6341225543005329,0
44,Local-gov,203761,Bachelors,13,Married-civ-spouse,Prof-specialty,Husband,White,Male,0,0,40,United-States,0.6340281427240443,0
41,State-gov,144928,Bachelors,13,Married-civ-spouse,Prof-specialty,Husband,White,Male,0,0,40,United-States,0.6340281427240443,0
49,Self-emp-not-inc,175622,Bachelors,13,Married-civ-spouse,Prof-specialty,Husband,White,Male,0,0,40,United-States,0.6340281427240443,0
58,Local-gov,489085,Bachelors,13,Married-civ-spouse,Prof-specialty,Husband,Black,Male,0,0,40,United-States,0.6340281427240443,0
56,Local-gov,370045,Bachelors,13,Married-civ-spouse,Prof-specialty,Husband,White,Male,0,0,40,United-States,0.6340281427240443,0
42,Private,344624,HS-grad,9,Married-civ-spouse,Transport-moving,Husband,White,Male,0,1902,50,United-States,0.6335991689784845,0
32,Local-gov,209900,Bachelors,13,Married-civ-spouse,Prof-specialty,Husband,White,Male,0,0,65,United-States,0.6335609149017899,0
50,Private,163948,Masters,14,Married-civ-spouse,Sales,Husband,White,Male,0,0,40,United-States,0.6335334157591155,0
49,Local-gov,184428,Masters,14,Married-civ-spouse,Adm-clerical,Husband,White,Male,0,0,40,United-States,0.6335334157591155,0
32,Private,206609,Bachelors,13,Married-civ-spouse,Exec-managerial,Husband,White,Male,0,0,60,United-States,0.6334887216021693,0
34,Local-gov,230420,Bachelors,13,Married-civ-spouse,Prof-specialty,Husband,White,Male,0,0,40,United-States,0.6334203923506997,0
49,Local-gov,186539,Masters,14,Married-civ-spouse,Protective-serv,Husband,White,Male,0,0,40,United-States,0.6331902882833097,0
37,Private,134367,Bachelors,13,Married-civ-spouse,Exec-managerial,Wife,White,Female,0,0,37,United-States,0.6331901594817047,0
45,Local-gov,55377,Bachelors,13,Married-civ-spouse,Prof-specialty,Husband,Black,Male,0,0,40,United-States,0.6331131361218953,0
53,Self-emp-not-inc,88506,Bachelors,13,Married-civ-spouse,Prof-specialty,Husband,White,Male,0,0,40,United-States,0.6331131361218953,0
32,Private,318647,Bachelors,13,Married-civ-spouse,Exec-managerial,Husband,White,Male,0,0,48,United-States,0.6329989534990343,0
32,Private,130057,Bachelors,13,Married-civ-spouse,Exec-managerial,Husband,White,Male,0,0,45,United-States,0.6329989534990343,0
33,Local-gov,33727,Masters,14,Married-civ-spouse,Prof-specialty,Wife,White,Female,0,0,40,United-States,0.6329844633184681,0
39,Private,22245,Bachelors,13,Married-civ-spouse,Prof-specialty,Not-in-family,White,Male,0,0,60,United-States,0.6329789248494518,0
35,Private,108140,Bachelors,13,Married-civ-spouse,Exec-managerial,Husband,White,Male,0,0,40,United-States,0.6329583809934491,0
34,Private,192002,Bachelors,13,Married-civ-spouse,Exec-managerial,Husband,White,Male,0,0,40,United-States,0.6329583809934491,0
35,Private,31023,Bachelors,13,Married-civ-spouse,Sales,Husband,White,Male,0,0,45,United-States,0.6327454075395283,0
52,Federal-gov,221532,Bachelors,13,Married-civ-spouse,Protective-serv,Husband,White,Male,0,0,45,United-States,0.6327045130299307,0
35,Federal-gov,475324,Bachelors,13,Married-civ-spouse,Exec-managerial,Husband,White,Male,0,0,40,United-States,0.6325383589594391,0
34,State-gov,216283,Bachelors,13,Married-civ-spouse,Prof-specialty,Wife,White,Female,0,0,45,United-States,0.6324940512073081,0
30,Private,111415,Bachelors,13,Married-civ-spouse,Exec-managerial,Husband,White,Male,0,0,45,United-States,0.6323706592696872,0
53,Private,180439,Bachelors,13,Married-civ-spouse,Craft-repair,Husband,White,Male,0,0,40,United-States,0.6322571206548513,0
39,Private,138192,Bachelors,13,Married-civ-spouse,Craft-repair,Husband,White,Male,0,0,40,United-States,0.6322571206548513,0
41,Private,221172,Bachelors,13,Married-civ-spouse,Craft-repair,Husband,White,Male,0,0,40,United-States,0.6322571206548513,0
50,Private,305147,Bachelors,13,Married-civ-spouse,Craft-repair,Husband,White,Male,0,0,40,United-States,0.6322571206548513,0
49,Private,155489,Bachelors,13,Married-civ-spouse,Craft-repair,Husband,White,Male,0,0,40,United-States,0.6322571206548513,0
41,Private,192107,Bachelors,13,Married-civ-spouse,Craft-repair,Husband,White,Male,0,0,40,United-States,0.6322571206548513,0
32,Self-emp-not-inc,298332,Bachelors,13,Married-civ-spouse,Prof-specialty,Husband,White,Male,0,0,45,United-States,0.6321757824412734,0
49,Private,40000,Bachelors,13,Married-civ-spouse,Sales,Husband,White,Male,4064,0,44,United-States,0.6321356607413059,0
50,Federal-gov,20179,Masters,14,Married-civ-spouse,Tech-support,Husband,White,Male,0,0,40,United-States,0.632118594528639,0
35,Private,35945,Bachelors,13,Married-civ-spouse,Exec-managerial,Husband,White,Male,0,0,40,United-States,0.6319838036489729,0
36,Private,84306,Bachelors,13,Married-civ-spouse,Exec-managerial,Husband,White,Male,5013,0,50,United-States,0.6319633241937728,0
43,Private,55213,HS-grad,9,Married-civ-spouse,Machine-op-inspct,Husband,White,Male,0,1977,52,United-States,0.6318761899079685,0
36,Private,201519,Bachelors,13,Married-civ-spouse,Exec-managerial,Wife,White,Female,0,0,40,United-States,0.63185242601184,0
49,Private,165953,HS-grad,9,Married-civ-spouse,Machine-op-inspct,Husband,White,Male,0,1902,40,United-States,0.6317990377465541,0
31,Private,348504,Bachelors,13,Married-civ-spouse,Exec-managerial,Husband,White,Male,0,0,50,United-States,0.6317669661469011,0
31,Private,170983,Bachelors,13,Married-civ-spouse,Exec-managerial,Husband,White,Male,0,0,60,United-States,0.6317669661469011,0
31,Private,137290,Bachelors,13,Married-civ-spouse,Exec-managerial,Husband,White,Male,0,0,55,United-States,0.6317669661469011,0
51,Private,142717,Doctorate,16,Divorced,Craft-repair,Not-in-family,White,Female,4787,0,60,United-States,0.6317652273252332,0
38,Self-emp-not-inc,100316,Bachelors,13,Married-civ-spouse,Craft-repair,Husband,White,Male,0,0,35,United-States,0.63167249016961,0
35,Self-emp-not-inc,114366,Bachelors,13,Married-civ-spouse,Prof-specialty,Husband,White,Male,0,0,40,United-States,0.6316290840287141,0
37,Self-emp-not-inc,73199,Bachelors,13,Married-civ-spouse,Sales,Husband,Asian-Pac-Islander,Male,3137,0,77,Vietnam,0.6316213559324122,2
46,Private,78529,Bachelors,13,Married-civ-spouse,Tech-support,Husband,White,Male,0,0,60,United-States,0.6315597243644043,0
29,Private,282944,Doctorate,16,Married-civ-spouse,Prof-specialty,Husband,White,Male,0,0,50,United-States,0.6314778709444063,0
42,Private,313945,Masters,14,Married-civ-spouse,Sales,Husband,White,Male,0,0,40,Ecuador,0.6314718816697723,0
49,Local-gov,215895,Masters,14,Married-civ-spouse,Adm-clerical,Husband,White,Male,0,0,40,Italy,0.6314718816697723,0
36,Private,35309,Bachelors,13,Married-civ-spouse,Exec-managerial,Husband,White,Male,0,0,40,United-States,0.6313722536282799,0
35,Local-gov,33975,Bachelors,13,Married-civ-spouse,Prof-specialty,Husband,White,Male,0,0,40,United-States,0.6313603394798144,0
36,Private,74791,Bachelors,13,Married-civ-spouse,Sales,Wife,White,Male,0,0,60,?,0.6313316167218922,0
32,Private,164197,Bachelors,13,Married-civ-spouse,Craft-repair,Husband,White,Male,0,0,44,United-States,0.6311113659772871,0
36,Local-gov,241998,Bachelors,13,Married-civ-spouse,Prof-specialty,Husband,White,Male,0,1672,50,United-States,0.630877011456931,0
42,State-gov,74334,Masters,14,Married-civ-spouse,Adm-clerical,Husband,Amer-Indian-Eskimo,Male,0,0,40,United-States,0.6308455838653031,0
54,Private,343242,Bachelors,13,Married-civ-spouse,Sales,Husband,White,Male,0,0,40,United-States,0.6307799594475392,0
40,Private,89226,Bachelors,13,Married-civ-spouse,Sales,Husband,White,Male,0,0,40,United-States,0.6307799594475392,0
47,Private,120131,Bachelors,13,Married-civ-spouse,Sales,Husband,White,Male,0,0,40,United-States,0.6307799594475392,0
47,Private,102569,Bachelors,13,Married-civ-spouse,Adm-clerical,Husband,White,Male,0,0,40,United-States,0.6307799594475392,0
54,Private,169719,Bachelors,13,Married-civ-spouse,Sales,Husband,White,Male,3103,0,40,United-States,0.6307799594475392,0
38,Private,607848,Bachelors,13,Married-civ-spouse,Sales,Husband,White,Male,0,0,40,United-States,0.6307799594475392,0
46,Private,91608,Bachelors,13,Married-civ-spouse,Adm-clerical,Husband,White,Male,0,0,40,United-States,0.6307799594475392,0
38,Private,809585,Bachelors,13,Married-civ-spouse,Sales,Husband,White,Male,0,0,40,United-States,0.6307799594475392,0
41,Private,159549,Bachelors,13,Married-civ-spouse,Sales,Husband,White,Male,0,0,40,United-States,0.6307799594475392,0
46,Private,123598,Bachelors,13,Married-civ-spouse,Sales,Husband,White,Male,0,0,40,United-States,0.6307799594475392,0
48,Private,182566,Bachelors,13,Married-civ-spouse,Sales,Husband,Black,Male,0,0,40,United-States,0.6307799594475392,1
43,Private,293176,Bachelors,13,Married-civ-spouse,Sales,Husband,White,Male,0,0,40,United-States,0.6307799594475392,0
47,Private,191957,Bachelors,13,Married-civ-spouse,Sales,Husband,Black,Male,0,0,40,United-States,0.6307799594475392,1
35,Local-gov,204277,Bachelors,13,Married-civ-spouse,Prof-specialty,Husband,White,Male,0,0,40,United-States,0.6306036944510526,0
34,Self-emp-not-inc,192259,Prof-school,15,Married-civ-spouse,Prof-specialty,Husband,White,Male,0,0,35,United-States,0.6305623491358373,0
30,Local-gov,44566,Bachelors,13,Married-civ-spouse,Prof-specialty,Husband,White,Male,0,0,80,United-States,0.6305607391157744,0
32,Private,255885,Bachelors,13,Married-civ-spouse,Exec-managerial,Husband,White,Male,0,0,43,United-States,0.630503422401535,0
39,Local-gov,256997,Bachelors,13,Married-civ-spouse,Craft-repair,Husband,White,Male,0,0,40,United-States,0.6303741699908852,0
47,Private,60267,Bachelors,13,Married-civ-spouse,Exec-managerial,Husband,White,Male,0,0,38,United-States,0.6302852324826105,0
34,Private,737315,Bachelors,13,Married-civ-spouse,Prof-specialty,Husband,White,Male,0,0,40,United-States,0.63024324315937,0
34,Private,303867,Bachelors,13,Married-civ-spouse,Prof-specialty,Husband,White,Male,0,0,40,United-States,0.63024324315937,0
45,Private,77085,Bachelors,13,Married-civ-spouse,Craft-repair,Husband,Asian-Pac-Islander,Male,0,0,40,Japan,0.6300293036934115,1
30,Private,75167,Bachelors,13,Married-civ-spouse,Exec-managerial,Husband,White,Male,0,0,55,United-States,0.6300123018815472,0
34,Private,212064,HS-grad,9,Separated,Adm-clerical,Unmarried,White,Female,7443,0,35,United-States,0.6299519583295896,1
34,Local-gov,93886,Bachelors,13,Married-civ-spouse,Prof-specialty,Wife,White,Female,0,0,46,United-States,0.6298767381922508,0
62,Private,232308,Bachelors,13,Married-civ-spouse,Exec-managerial,Husband,White,Male,0,0,40,United-States,0.6298628920197098,0
65,Private,150095,Bachelors,13,Married-civ-spouse,Exec-managerial,Husband,White,Male,0,0,40,United-States,0.6298628920197098,0
60,Federal-gov,63526,Bachelors,13,Married-civ-spouse,Adm-clerical,Husband,Black,Male,0,0,40,United-States,0.6298178114579486,1
32,Private,37210,Bachelors,13,Married-civ-spouse,Exec-managerial,Husband,White,Male,0,0,45,United-States,0.6297004731957642,0
36,Private,416745,Bachelors,13,Married-civ-spouse,Prof-specialty,Husband,White,Male,0,0,40,United-States,0.6296779973156861,0
58,Private,56331,Bachelors,13,Married-civ-spouse,Sales,Husband,White,Male,0,0,40,United-States,0.629426061376243,0
34,Private,164190,Bachelors,13,Married-civ-spouse,Exec-managerial,Husband,White,Male,0,0,40,United-States,0.629187842807736,0
33,Private,133503,HS-grad,9,Married-civ-spouse,Sales,Husband,White,Male,0,1977,45,United-States,0.6291032201532297,0
30,Private,93884,Bachelors,13,Married-civ-spouse,Prof-specialty,Husband,White,Male,0,0,45,United-States,0.6289784757987561,0
45,Federal-gov,56904,Bachelors,13,Married-civ-spouse,Adm-clerical,Husband,White,Male,5013,0,45,United-States,0.6289319140185369,0
39,Private,188503,Bachelors,13,Married-civ-spouse,Exec-managerial,Wife,White,Female,0,0,60,United-States,0.6289216742909368,0
42,Private,254773,Bachelors,13,Married-civ-spouse,Exec-managerial,Wife,Black,Female,0,0,50,United-States,0.6289216742909368,0
34,State-gov,595000,Masters,14,Married-civ-spouse,Prof-specialty,Wife,Black,Female,0,0,40,United-States,0.6289113701625343,0
34,Private,349169,Masters,14,Married-civ-spouse,Craft-repair,Husband,White,Male,0,0,40,Mexico,0.6288827762062171,0
57,State-gov,399246,Bachelors,13,Married-civ-spouse,Adm-clerical,Husband,Asian-Pac-Islander,Male,0,1485,40,China,0.6288442645263125,1
52,Private,162238,Bachelors,13,Married-civ-spouse,Prof-specialty,Husband,White,Male,0,0,38,United-States,0.6287772876916957,0
46,Local-gov,109089,Prof-school,15,Married-civ-spouse,Protective-serv,Husband,White,Male,0,0,40,United-States,0.6286935666484248,0
55,Private,135803,Bachelors,13,Married-civ-spouse,Exec-managerial,Husband,Other,Male,0,1579,35,India,0.628692600636387,1
59,Private,333270,Masters,14,Married-civ-spouse,Craft-repair,Wife,Asian-Pac-Islander,Female,0,0,35,Philippines,0.6286110048195991,1
56,State-gov,54260,Doctorate,16,Married-civ-spouse,Prof-specialty,Not-in-family,Asian-Pac-Islander,Male,2885,0,40,China,0.628560578991229,5
33,Private,132601,Bachelors,13,Married-civ-spouse,Sales,Husband,White,Male,0,0,55,United-States,0.6285000422368638,0
35,Local-gov,103260,Masters,14,Married-civ-spouse,Prof-specialty,Wife,White,Female,0,0,35,United-States,0.6284869044731506,0
32,Private,31740,Masters,14,Married-civ-spouse,Prof-specialty,Husband,Asian-Pac-Islander,Male,0,0,40,India,0.6283028469795595,1
33,Federal-gov,37546,Prof-school,15,Married-civ-spouse,Prof-specialty,Wife,White,Female,0,0,40,United-States,0.6282800490954689,0
36,Federal-gov,112847,Bachelors,13,Married-civ-spouse,Prof-specialty,Husband,Asian-Pac-Islander,Male,0,0,40,United-States,0.6281256803718377,1
31,Private,236599,Bachelors,13,Married-civ-spouse,Exec-managerial,Husband,White,Male,0,0,45,United-States,0.6281151830410276,0
31,Private,159123,Bachelors,13,Married-civ-spouse,Prof-specialty,Husband,White,Male,0,0,60,United-States,0.6279070396472956,0
31,Private,253354,Bachelors,13,Married-civ-spouse,Prof-specialty,Husband,White,Male,0,0,50,United-States,0.6279070396472956,0
49,Self-emp-inc,246891,Bachelors,13,Married-civ-spouse,Adm-clerical,Husband,White,Male,0,0,40,United-States,0.6277595618095336,0
30,Self-emp-inc,127651,HS-grad,9,Married-civ-spouse,Craft-repair,Husband,White,Male,0,1887,48,United-States,0.6277185384983309,0
73,Private,147551,Some-college,10,Married-civ-spouse,Prof-specialty,Husband,White,Male,0,2174,50,United-States,0.6276956762134377,0
60,?,191118,HS-grad,9,Married-civ-spouse,?,Husband,White,Male,0,1848,40,United-States,0.6276897513396061,1
41,Federal-gov,192589,Bachelors,13,Married-civ-spouse,Adm-clerical,Husband,White,Male,0,0,40,United-States,0.627527268114858,0
58,Federal-gov,139290,Bachelors,13,Married-civ-spouse,Adm-clerical,Husband,White,Male,0,0,40,United-States,0.627527268114858,0
44,Federal-gov,239539,Bachelors,13,Married-civ-spouse,Adm-clerical,Husband,Asian-Pac-Islander,Male,0,0,40,Philippines,0.627527268114858,1
31,Local-gov,190401,Masters,14,Married-civ-spouse,Prof-specialty,Husband,White,Male,0,0,40,United-States,0.6274125058847743,0
32,Federal-gov,82393,Bachelors,13,Married-civ-spouse,Prof-specialty,Husband,Asian-Pac-Islander,Male,0,0,56,United-States,0.6272151174250624,1
53,Self-emp-inc,135643,Bachelors,13,Married-civ-spouse,Adm-clerical,Wife,Asian-Pac-Islander,Female,0,0,50,South,0.6271203838445613,2
31,Self-emp-not-inc,145162,Bachelors,13,Married-civ-spouse,Exec-managerial,Husband,White,Male,0,0,60,?,0.6270962335436177,0
33,Private,198660,Bachelors,13,Married-civ-spouse,Sales,Husband,White,Male,0,0,50,United-States,0.6269600902470986,0
62,Private,664366,Bachelors,13,Married-civ-spouse,Sales,Husband,White,Male,0,0,60,United-States,0.6269190025350934,1
46,State-gov,178686,Bachelors,13,Married-civ-spouse,Prof-specialty,Husband,White,Male,0,0,38,United-States,0.6268892493643309,0
50,Self-emp-inc,140516,Bachelors,13,Married-civ-spouse,Adm-clerical,Husband,White,Male,0,0,40,United-States,0.6267386158872458,0
59,Private,182062,Bachelors,13,Married-civ-spouse,Prof-specialty,Husband,White,Male,5013,0,40,United-States,0.6267150451935248,0
47,Private,169324,Bachelors,13,Married-civ-spouse,Exec-managerial,Wife,Black,Female,0,0,35,United-States,0.626605757031655,0
39,Self-emp-inc,222641,Bachelors,13,Married-civ-spouse,Sales,Husband,White,Male,0,0,40,United-States,0.6266028589955418,0
67,Private,89346,Bachelors,13,Married-civ-spouse,Prof-specialty,Husband,White,Male,0,0,40,United-States,0.62651553150733,0
57,Private,182028,Bachelors,13,Married-civ-spouse,Exec-managerial,Wife,White,Female,0,0,40,United-States,0.6262665580048027,0
31,Private,113838,Bachelors,13,Married-civ-spouse,Prof-specialty,Husband,White,Male,0,0,50,United-States,0.626037741953463,0
47,Federal-gov,227244,Bachelors,13,Married-civ-spouse,Protective-serv,Husband,Black,Male,0,0,50,United-States,0.6260032231233142,0
33,Self-emp-inc,201763,Bachelors,13,Married-civ-spouse,Sales,Husband,White,Male,0,0,50,United-States,0.6258866576707601,0
30,Private,183284,Bachelors,13,Married-civ-spouse,Exec-managerial,Husband,White,Male,0,0,50,United-States,0.6256696269662808,0
33,Federal-gov,78307,Bachelors,13,Married-civ-spouse,Prof-specialty,Husband,White,Male,0,0,40,United-States,0.6256467002805851,0
38,Self-emp-inc,107909,Bachelors,13,Married-civ-spouse,Sales,Husband,White,Male,0,0,40,United-States,0.6255810114620186,0
63,Local-gov,379940,Bachelors,13,Married-civ-spouse,Prof-specialty,Husband,White,Male,0,0,40,United-States,0.6255452690166222,0
35,Private,198341,Bachelors,13,Married-civ-spouse,Exec-managerial,Husband,Asian-Pac-Islander,Male,0,0,40,?,0.6255276231967328,1
45,Local-gov,206459,Masters,14,Married-civ-spouse,Adm-clerical,Husband,White,Male,0,0,35,United-States,0.6253972115716376,0
30,Self-emp-not-inc,146161,HS-grad,9,Married-civ-spouse,Exec-managerial,Husband,White,Male,0,1887,50,United-States,0.625288438616188,0
66,Private,117746,Bachelors,13,Married-civ-spouse,Sales,Husband,White,Male,0,0,50,United-States,0.6251353579086072,0
30,Private,149184,Bachelors,13,Married-civ-spouse,Exec-managerial,Husband,White,Male,0,0,45,United-States,0.6249803451769509,0
33,Private,181091,Bachelors,13,Married-civ-spouse,Adm-clerical,Husband,White,Male,0,0,60,Iran,0.6248936616967642,0
46,Private,137354,Masters,14,Married-civ-spouse,Tech-support,Husband,Asian-Pac-Islander,Male,0,0,40,Philippines,0.6248521875799439,1
31,Private,574005,Bachelors,13,Married-civ-spouse,Craft-repair,Husband,White,Male,0,0,44,United-States,0.6247857259517472,0
90,Private,88991,Bachelors,13,Married-civ-spouse,Exec-managerial,Wife,White,Female,0,0,40,England,0.6246683876895629,1
35,Private,36214,Bachelors,13,Married-civ-spouse,Exec-managerial,Husband,White,Male,4386,0,47,United-States,0.6246652964510421,0
39,Private,99270,Bachelors,13,Married-civ-spouse,Prof-specialty,Wife,White,Female,0,0,50,Germany,0.6243877289921976,0
41,Private,227968,Bachelors,13,Married-civ-spouse,Prof-specialty,Wife,Black,Female,0,0,35,Haiti,0.6242061187291023,0
46,Private,357338,Bachelors,13,Married-civ-spouse,Tech-support,Husband,White,Male,0,0,40,United-States,0.6241708270893234,0
35,Local-gov,190964,Bachelors,13,Married-civ-spouse,Craft-repair,Husband,White,Male,0,0,40,United-States,0.6240673994004825,0
46,Private,315423,Some-college,10,Married-civ-spouse,Sales,Husband,White,Male,0,2042,50,United-States,0.6240424762899088,1
62,State-gov,159699,Bachelors,13,Married-civ-spouse,Adm-clerical,Husband,White,Male,0,0,38,United-States,0.6238590628043429,0
36,State-gov,110964,Bachelors,13,Married-civ-spouse,Prof-specialty,Wife,White,Female,0,1672,38,United-States,0.6238557783634145,0
38,Private,187983,Prof-school,15,Married-civ-spouse,Sales,Wife,White,Female,0,0,40,United-States,0.6237570519331573,0
30,Private,226665,Bachelors,13,Married-civ-spouse,Exec-managerial,Husband,Black,Male,0,0,42,United-States,0.6237313560129535,1
33,Private,114691,Bachelors,13,Married-civ-spouse,Sales,Husband,White,Male,0,0,60,United-States,0.6237041788742916,0
54,Private,391016,Bachelors,13,Married-civ-spouse,Sales,Husband,White,Male,0,0,40,United-States,0.6236249014863943,0
45,Private,338105,Bachelors,13,Married-civ-spouse,Adm-clerical,Husband,Asian-Pac-Islander,Male,0,0,40,Philippines,0.6236249014863943,1
51,Private,124963,Bachelors,13,Married-civ-spouse,Sales,Husband,White,Male,0,0,40,United-States,0.6236249014863943,0
50,Private,152810,Bachelors,13,Married-civ-spouse,Sales,Husband,White,Male,0,0,40,United-States,0.6236249014863943,0
42,Private,154374,Bachelors,13,Married-civ-spouse,Sales,Husband,White,Male,0,0,40,United-States,0.6236249014863943,0
41,Private,206948,Bachelors,13,Married-civ-spouse,Sales,Husband,White,Male,0,0,40,United-States,0.6236249014863943,0
48,Private,115585,Bachelors,13,Married-civ-spouse,Sales,Husband,White,Male,0,0,40,United-States,0.6236249014863943,0
42,Private,240628,Bachelors,13,Married-civ-spouse,Exec-managerial,Wife,White,Female,0,0,40,United-States,0.6236064828568747,0
34,Private,117963,Bachelors,13,Married-civ-spouse,Craft-repair,Husband,White,Male,0,0,40,United-States,0.6234407795920007,0
52,Local-gov,236497,Bachelors,13,Married-civ-spouse,Tech-support,Husband,White,Male,0,0,40,United-States,0.6234012374992559,0
39,Self-emp-inc,206253,Bachelors,13,Married-civ-spouse,Prof-specialty,Wife,White,Female,0,0,40,United-States,0.6232012730074433,0
48,Private,287480,Masters,14,Married-civ-spouse,Tech-support,Husband,White,Male,0,0,40,United-States,0.6231851728068143,0
42,Local-gov,126319,Bachelors,13,Married-civ-spouse,Prof-specialty,Wife,White,Female,0,0,40,United-States,0.6230193407403354,0
46,Local-gov,180010,Bachelors,13,Married-civ-spouse,Prof-specialty,Wife,White,Female,0,0,40,United-States,0.6230193407403354,0
47,Private,287828,Bachelors,13,Married-civ-spouse,Exec-managerial,Wife,White,Female,0,0,40,United-States,0.6228526714634236,0
45,Private,306889,Bachelors,13,Married-civ-spouse,Exec-managerial,Wife,White,Female,0,0,40,United-States,0.6228526714634236,0
43,State-gov,199806,Bachelors,13,Married-civ-spouse,Adm-clerical,Husband,White,Male,0,0,40,United-States,0.622830131182543,0
49,State-gov,55938,Bachelors,13,Married-civ-spouse,Adm-clerical,Husband,White,Male,0,0,40,United-States,0.622830131182543,0
56,Self-emp-inc,75214,Prof-school,15,Married-civ-spouse,Prof-specialty,Husband,White,Male,0,0,32,United-States,0.6227009431726956,0
32,Private,168443,Masters,14,Married-civ-spouse,Exec-managerial,Wife,White,Female,0,0,40,United-States,0.6226598554606904,0
37,Local-gov,593246,Bachelors,13,Married-civ-spouse,Prof-specialty,Wife,White,Female,0,0,50,United-States,0.6225618374392609,0
42,Local-gov,159931,Bachelors,13,Married-civ-spouse,Prof-specialty,Wife,White,Female,0,0,45,United-States,0.6225618374392609,0
50,Local-gov,124076,Bachelors,13,Married-civ-spouse,Prof-specialty,Wife,White,Female,0,0,40,United-States,0.6225088999795927,0
40,Private,192344,Bachelors,13,Married-civ-spouse,Adm-clerical,Husband,White,Male,0,0,40,United-States,0.6224885493259975,0
40,Private,26892,Bachelors,13,Married-civ-spouse,Adm-clerical,Husband,White,Male,0,0,40,United-States,0.6224885493259975,0
39,Private,202683,Bachelors,13,Married-civ-spouse,Adm-clerical,Husband,White,Male,0,0,40,United-States,0.6224885493259975,0
39,Private,89508,Bachelors,13,Married-civ-spouse,Sales,Husband,White,Male,0,0,40,United-States,0.6224885493259975,0
30,Private,122889,Masters,14,Married-civ-spouse,Prof-specialty,Husband,Asian-Pac-Islander,Male,0,0,50,India,0.6224714187125283,2
33,Private,236379,Bachelors,13,Married-civ-spouse,Sales,Husband,White,Male,0,0,45,United-States,0.6224112039621758,0
30,Private,114912,Bachelors,13,Married-civ-spouse,Exec-managerial,Husband,White,Male,3103,0,60,United-States,0.6223602629273854,0
57,Private,170411,Bachelors,13,Married-civ-spouse,Protective-serv,Husband,White,Male,0,0,40,United-States,0.6223137011471663,0
46,Private,192360,Bachelors,13,Married-civ-spouse,Exec-managerial,Husband,White,Male,0,0,35,United-States,0.6220775434043397,1
55,Private,377061,Bachelors,13,Married-civ-spouse,Protective-serv,Husband,White,Male,0,0,40,United-States,0.6220739369593988,0
33,Federal-gov,193246,Bachelors,13,Married-civ-spouse,Adm-clerical,Husband,White,Male,0,0,42,United-States,0.6220611211996981,0
66,Private,244661,Bachelors,13,Married-civ-spouse,Adm-clerical,Husband,Asian-Pac-Islander,Male,0,0,40,Philippines,0.6220235755318312,1
63,Private,171635,Bachelors,13,Married-civ-spouse,Sales,Husband,White,Male,0,0,40,United-States,0.6220235755318312,0
79,Private,266119,Bachelors,13,Married-civ-spouse,Sales,Husband,White,Male,0,0,40,United-States,0.6220235755318312,1
31,Private,54318,Bachelors,13,Married-civ-spouse,Exec-managerial,Husband,White,Male,0,0,50,United-States,0.6219821014150109,0
51,Local-gov,201560,Bachelors,13,Married-civ-spouse,Prof-specialty,Wife,White,Female,0,0,40,United-States,0.6219021156182859,0
58,Local-gov,205267,Bachelors,13,Married-civ-spouse,Prof-specialty,Wife,White,Female,0,0,40,United-States,0.6219021156182859,0
39,Local-gov,113253,Bachelors,13,Married-civ-spouse,Prof-specialty,Wife,White,Female,0,0,50,United-States,0.6218950959308116,0
33,Private,231413,Bachelors,13,Married-civ-spouse,Prof-specialty,Husband,White,Male,0,0,40,United-States,0.6218606415014655,0
33,Private,209768,Bachelors,13,Married-civ-spouse,Prof-specialty,Husband,White,Male,0,0,40,United-States,0.6218606415014655,0
33,Private,178429,Bachelors,13,Married-civ-spouse,Prof-specialty,Husband,White,Male,0,0,40,United-States,0.6218606415014655,0
63,Private,308028,Masters,14,Married-civ-spouse,Tech-support,Husband,White,Male,5013,0,40,United-States,0.621806931232167,0
29,Private,273051,Bachelors,13,Married-civ-spouse,Exec-managerial,Husband,White,Male,0,0,52,Yugoslavia,0.6216881761523273,0
36,Private,167482,Bachelors,13,Married-civ-spouse,Adm-clerical,Husband,White,Male,0,0,40,United-States,0.6216415499713057,0
46,Federal-gov,33794,Bachelors,13,Married-civ-spouse,Tech-support,Husband,White,Male,3103,0,40,United-States,0.6216321474541383,0
52,State-gov,349795,Bachelors,13,Married-civ-spouse,Protective-serv,Husband,White,Male,0,0,40,United-States,0.6215431455450611,0
46,Local-gov,215895,Bachelors,13,Married-civ-spouse,Protective-serv,Husband,White,Male,0,0,40,United-States,0.6215431455450611,0
50,State-gov,288353,Bachelors,13,Married-civ-spouse,Protective-serv,Husband,White,Male,0,0,40,United-States,0.6215431455450611,0
36,Private,210945,Bachelors,13,Married-civ-spouse,Prof-specialty,Husband,White,Male,0,0,40,United-States,0.6213668805485745,0
36,Private,226947,Bachelors,13,Married-civ-spouse,Prof-specialty,Husband,White,Male,0,0,40,United-States,0.6213668805485745,0
46,Local-gov,207677,Bachelors,13,Married-civ-spouse,Protective-serv,Husband,White,Male,0,0,40,United-States,0.6212782006435098,0
30,Private,87418,Bachelors,13,Married-civ-spouse,Exec-managerial,Husband,White,Male,0,0,45,United-States,0.621244776627004,0
64,State-gov,211222,Bachelors,13,Married-civ-spouse,Adm-clerical,Husband,White,Male,0,0,40,United-States,0.6212277748151397,0
35,Self-emp-not-inc,189878,Masters,14,Married-civ-spouse,Sales,Husband,White,Male,0,0,40,United-States,0.6211206762805553,0
33,Local-gov,194901,Bachelors,13,Married-civ-spouse,Prof-specialty,Husband,White,Male,0,0,40,United-States,0.6210896994945451,0
35,Private,30381,Bachelors,13,Married-civ-spouse,Sales,Husband,White,Male,0,0,45,United-States,0.6210360536260492,0
57,Self-emp-not-inc,103529,Masters,14,Married-civ-spouse,Tech-support,Husband,White,Male,0,0,38,United-States,0.620925091043314,0
36,Local-gov,241962,Bachelors,13,Married-civ-spouse,Adm-clerical,Husband,White,Male,0,0,40,United-States,0.6208704791627803,0
60,Local-gov,259803,Bachelors,13,Married-civ-spouse,Prof-specialty,Wife,White,Female,0,0,45,United-States,0.6208398243807826,0
35,Federal-gov,133935,Bachelors,13,Married-civ-spouse,Craft-repair,Husband,White,Male,0,0,40,United-States,0.6207325970445933,0
36,Self-emp-not-inc,36270,HS-grad,9,Married-civ-spouse,Farming-fishing,Husband,White,Male,0,1977,65,United-States,0.6206124251470982,0
41,Local-gov,180096,Bachelors,13,Married-civ-spouse,Prof-specialty,Husband,White,Male,0,0,35,United-States,0.6204763462513817,0
62,Private,178249,Bachelors,13,Married-civ-spouse,Exec-managerial,Husband,White,Male,0,0,35,United-States,0.6204744142273062,0
38,Local-gov,169104,Bachelors,13,Married-civ-spouse,Protective-serv,Husband,Asian-Pac-Islander,Male,0,0,40,Philippines,0.620365705672659,2
42,Private,153414,Bachelors,13,Married-civ-spouse,Sales,Husband,Black,Male,0,0,40,United-States,0.620305812926319,1
50,Private,230951,Bachelors,13,Married-civ-spouse,Sales,Husband,White,Male,0,0,40,United-States,0.620305812926319,0
56,Self-emp-not-inc,119069,Bachelors,13,Married-civ-spouse,Adm-clerical,Husband,White,Male,0,0,40,United-States,0.620305812926319,0
42,Self-emp-not-inc,96524,Bachelors,13,Married-civ-spouse,Sales,Husband,White,Male,0,0,40,United-States,0.620305812926319,0
47,Private,277545,Bachelors,13,Married-civ-spouse,Adm-clerical,Husband,Asian-Pac-Islander,Male,0,0,40,?,0.620305812926319,1
57,Private,206206,Bachelors,13,Married-civ-spouse,Sales,Husband,White,Male,0,0,40,United-States,0.620305812926319,0
40,Self-emp-not-inc,209040,Bachelors,13,Married-civ-spouse,Sales,Husband,White,Male,0,0,40,United-States,0.620305812926319,0
43,Private,124692,Bachelors,13,Married-civ-spouse,Sales,Husband,White,Male,0,0,40,United-States,0.620305812926319,0
45,Self-emp-not-inc,33234,Bachelors,13,Married-civ-spouse,Sales,Husband,White,Male,0,0,40,United-States,0.620305812926319,0
43,Self-emp-not-inc,99220,Bachelors,13,Married-civ-spouse,Sales,Husband,White,Male,0,0,40,United-States,0.620305812926319,0
41,Private,286970,Bachelors,13,Married-civ-spouse,Adm-clerical,Husband,White,Male,0,0,40,United-States,0.620305812926319,0
42,Private,306982,Bachelors,13,Married-civ-spouse,Adm-clerical,Husband,Asian-Pac-Islander,Male,0,0,40,Philippines,0.620305812926319,1
44,Private,152629,Bachelors,13,Married-civ-spouse,Adm-clerical,Husband,White,Male,3103,0,40,United-States,0.620305812926319,0
46,Private,268022,Bachelors,13,Married-civ-spouse,Sales,Husband,White,Male,0,0,40,United-States,0.620305812926319,0
44,Self-emp-not-inc,167280,Bachelors,13,Married-civ-spouse,Sales,Husband,White,Male,0,0,40,United-States,0.620305812926319,0
35,Private,214816,Bachelors,13,Married-civ-spouse,Exec-managerial,Husband,White,Male,0,0,40,United-States,0.620081698133563,0
34,Private,113530,Bachelors,13,Married-civ-spouse,Exec-managerial,Husband,White,Male,0,0,40,United-States,0.620081698133563,0
34,Private,384150,Bachelors,13,Married-civ-spouse,Exec-managerial,Husband,White,Male,0,0,40,United-States,0.620081698133563,0
34,Private,133122,Bachelors,13,Married-civ-spouse,Exec-managerial,Husband,White,Male,0,0,40,United-States,0.620081698133563,0
30,Private,185177,Bachelors,13,Married-civ-spouse,Exec-managerial,Husband,White,Male,0,0,43,United-States,0.6200803457167101,0
40,Private,197462,Bachelors,13,Married-civ-spouse,Tech-support,Husband,White,Male,0,0,40,United-States,0.6197240160763885,0
40,Private,247880,Bachelors,13,Married-civ-spouse,Tech-support,Husband,White,Male,0,0,40,United-States,0.6197240160763885,0
32,Federal-gov,127651,Bachelors,13,Married-civ-spouse,Prof-specialty,Husband,White,Male,0,0,40,United-States,0.6196554292217088,0
44,Private,207578,Bachelors,13,Married-civ-spouse,Prof-specialty,Husband,White,Male,0,0,35,United-States,0.6196175615498294,1
48,Private,332465,Bachelors,13,Married-civ-spouse,Prof-specialty,Husband,White,Male,0,0,35,United-States,0.6196175615498294,0
30,Private,220148,HS-grad,9,Married-civ-spouse,Craft-repair,Husband,White,Male,0,1848,50,United-States,0.6195535471521283,1
45,Private,275995,Bachelors,13,Married-civ-spouse,Tech-support,Husband,White,Male,0,0,50,United-States,0.619532294887298,0
56,Private,182062,Bachelors,13,Married-civ-spouse,Tech-support,Husband,White,Male,0,0,48,United-States,0.619532294887298,0
39,Private,211154,Bachelors,13,Married-civ-spouse,Tech-support,Husband,White,Male,0,0,50,United-States,0.619532294887298,0
48,Private,307440,Bachelors,13,Married-civ-spouse,Tech-support,Husband,Asian-Pac-Islander,Male,0,0,45,Philippines,0.619532294887298,2
31,Private,94235,Bachelors,13,Married-civ-spouse,Craft-repair,Husband,White,Male,0,0,46,United-States,0.619358477121307,0
45,Local-gov,102359,Bachelors,13,Married-civ-spouse,Prof-specialty,Husband,White,Male,0,0,37,United-States,0.6193063768720715,0
38,Private,119177,Bachelors,13,Married-civ-spouse,Sales,Husband,White,Male,0,0,40,United-States,0.6193054752608362,0
38,Private,156728,Bachelors,13,Married-civ-spouse,Sales,Husband,White,Male,0,0,40,United-States,0.6188626553427355,0
37,Local-gov,397877,Bachelors,13,Married-civ-spouse,Adm-clerical,Husband,White,Male,0,0,40,United-States,0.6188626553427355,0
37,Private,175759,Bachelors,13,Married-civ-spouse,Tech-support,Husband,White,Male,0,0,40,United-States,0.618676665825069,0
51,Private,186303,Bachelors,13,Married-civ-spouse,Sales,Husband,White,Male,0,0,40,United-States,0.6185212666885976,0
40,Private,224232,Bachelors,13,Married-civ-spouse,Sales,Husband,White,Male,0,0,40,United-States,0.6185212666885976,0
47,Self-emp-not-inc,121124,Bachelors,13,Married-civ-spouse,Sales,Husband,White,Male,0,0,40,United-States,0.6185212666885976,0
50,Private,209320,Bachelors,13,Married-civ-spouse,Sales,Husband,White,Male,0,0,40,United-States,0.6185212666885976,0
40,State-gov,184378,Bachelors,13,Married-civ-spouse,Adm-clerical,Husband,White,Male,0,0,40,United-States,0.6185212666885976,0
54,Self-emp-not-inc,310774,Bachelors,13,Married-civ-spouse,Sales,Husband,White,Male,0,0,40,United-States,0.6185212666885976,0
44,Private,125461,Bachelors,13,Married-civ-spouse,Sales,Husband,White,Male,0,0,40,United-States,0.6185212666885976,0
52,Private,180195,Bachelors,13,Married-civ-spouse,Sales,Husband,White,Male,0,0,40,United-States,0.6185212666885976,0
38,Self-emp-not-inc,114835,Bachelors,13,Married-civ-spouse,Sales,Wife,White,Female,0,0,60,United-States,0.6185117353698252,0
32,Self-emp-inc,195447,Bachelors,13,Married-civ-spouse,Sales,Husband,White,Male,0,0,45,United-States,0.6184619535494803,0
35,Private,167140,Bachelors,13,Married-civ-spouse,Prof-specialty,Husband,White,Male,5013,0,40,United-States,0.6184286583345794,0
37,Private,241998,Bachelors,13,Married-civ-spouse,Tech-support,Husband,White,Male,0,0,50,United-States,0.6182616026528527,0
55,Private,272656,Bachelors,13,Married-civ-spouse,Tech-support,Husband,White,Male,0,0,55,United-States,0.6182616026528527,0
62,Private,176839,Bachelors,13,Married-civ-spouse,Tech-support,Husband,White,Male,0,0,38,United-States,0.6182343611133884,0
34,Private,88215,Masters,14,Married-civ-spouse,Prof-specialty,Wife,Asian-Pac-Islander,Female,0,0,40,China,0.6179707042278874,1
37,Self-emp-not-inc,607848,Bachelors,13,Married-civ-spouse,Tech-support,Husband,White,Male,0,0,40,United-States,0.6178790618859069,0
53,Self-emp-not-inc,263925,Bachelors,13,Married-civ-spouse,Sales,Husband,White,Male,0,0,40,Canada,0.6178388757851369,0
55,Private,101524,Bachelors,13,Married-civ-spouse,Sales,Husband,White,Male,0,0,40,United-States,0.6175969863708863,0
55,Private,110871,Bachelors,13,Married-civ-spouse,Sales,Husband,White,Male,0,0,40,United-States,0.6175969863708863,0
39,Private,230329,Bachelors,13,Married-civ-spouse,Sales,Husband,White,Male,0,0,40,Canada,0.6174961347141461,1
42,Private,203393,Bachelors,13,Married-civ-spouse,Craft-repair,Wife,Black,Female,0,0,35,United-States,0.6172237837203055,0
35,Private,189092,Bachelors,13,Married-civ-spouse,Exec-managerial,Husband,White,Male,0,0,40,United-States,0.6168767921963487,0
33,Self-emp-not-inc,312055,Bachelors,13,Married-civ-spouse,Sales,Husband,White,Male,0,0,45,United-States,0.6168194754821094,0
58,State-gov,198145,Bachelors,13,Married-civ-spouse,Adm-clerical,Husband,White,Male,0,0,35,United-States,0.6168047920991357,0
38,Private,203138,Bachelors,13,Married-civ-spouse,Adm-clerical,Wife,White,Female,0,0,50,United-States,0.6167599691405845,0
35,Self-emp-not-inc,98360,Bachelors,13,Married-civ-spouse,Prof-specialty,Husband,White,Male,0,0,40,United-States,0.6165547237829656,0
40,Self-emp-not-inc,165108,Bachelors,13,Married-civ-spouse,Adm-clerical,Husband,White,Male,0,0,40,England,0.6164364195087436,0
47,Self-emp-not-inc,61885,Bachelors,13,Married-civ-spouse,Sales,Husband,White,Male,0,0,40,United-States,0.6163680258564714,0
42,Private,36271,Bachelors,13,Married-civ-spouse,Sales,Husband,White,Male,0,0,40,United-States,0.6163680258564714,0
32,Private,313835,Masters,14,Married-civ-spouse,Prof-specialty,Husband,White,Male,0,0,40,United-States,0.6162260220869235,0
43,Self-emp-not-inc,182217,Bachelors,13,Married-civ-spouse,Prof-specialty,Wife,White,Female,0,0,35,United-States,0.6162030954012276,0
43,Self-emp-not-inc,89636,Bachelors,13,Married-civ-spouse,Sales,Wife,Asian-Pac-Islander,Female,0,0,60,South,0.6161869952005987,2
32,Private,136480,Bachelors,13,Married-civ-spouse,Sales,Husband,White,Male,0,0,60,United-States,0.6158582935045565,0
44,Private,116358,Bachelors,13,Married-civ-spouse,Sales,Husband,Asian-Pac-Islander,Male,0,0,40,United-States,0.6158031664176027,1
35,State-gov,89040,Bachelors,13,Married-civ-spouse,Exec-managerial,Husband,White,Male,0,0,40,United-States,0.6157112664724121,0
62,Local-gov,76720,Bachelors,13,Married-civ-spouse,Prof-specialty,Wife,White,Female,0,0,40,United-States,0.6156368191447036,0
34,Private,213307,HS-grad,9,Never-married,Handlers-cleaners,Unmarried,White,Female,7443,0,35,United-States,0.6156070659739411,1
43,Private,240698,Bachelors,13,Married-civ-spouse,Adm-clerical,Husband,White,Male,0,0,40,United-States,0.6154970050024411,0
40,Private,150528,Bachelors,13,Married-civ-spouse,Adm-clerical,Husband,White,Male,0,0,40,United-States,0.6154970050024411,0
56,Private,125000,Bachelors,13,Married-civ-spouse,Adm-clerical,Husband,White,Male,0,0,40,United-States,0.6154970050024411,0
38,Private,180342,Bachelors,13,Married-civ-spouse,Adm-clerical,Husband,White,Male,0,0,40,United-States,0.6154970050024411,0
50,Private,112873,Bachelors,13,Married-civ-spouse,Sales,Husband,White,Male,0,0,40,United-States,0.6154970050024411,0
58,Private,356067,Bachelors,13,Married-civ-spouse,Adm-clerical,Husband,White,Male,0,0,40,United-States,0.6154970050024411,0
39,Private,286026,Bachelors,13,Married-civ-spouse,Adm-clerical,Husband,White,Male,0,0,40,United-States,0.6154970050024411,0
50,Private,175804,Bachelors,13,Married-civ-spouse,Sales,Husband,White,Male,0,0,40,United-States,0.6154970050024411,0
55,Private,160362,Bachelors,13,Married-civ-spouse,Adm-clerical,Husband,White,Male,0,0,40,United-States,0.6154970050024411,0
37,Private,188774,Bachelors,13,Married-civ-spouse,Adm-clerical,Husband,White,Male,0,0,40,United-States,0.6154970050024411,0
56,Private,181220,Bachelors,13,Married-civ-spouse,Sales,Husband,White,Male,0,0,40,United-States,0.6154970050024411,0
44,Private,205474,Bachelors,13,Married-civ-spouse,Sales,Husband,White,Male,0,0,40,United-States,0.6154970050024411,0
43,Private,171841,Bachelors,13,Married-civ-spouse,Sales,Husband,White,Male,0,0,40,United-States,0.6154970050024411,0
34,Private,157747,Bachelors,13,Married-civ-spouse,Exec-managerial,Husband,White,Male,0,0,40,United-States,0.6154934629583027,0
34,Private,212781,Bachelors,13,Married-civ-spouse,Exec-managerial,Husband,White,Male,0,0,40,United-States,0.6154934629583027,0
36,Private,130620,Bachelors,13,Married-civ-spouse,Prof-specialty,Wife,Asian-Pac-Islander,Female,0,0,35,Philippines,0.6151697201240541,1
35,Private,193961,Bachelors,13,Married-civ-spouse,Prof-specialty,Husband,Asian-Pac-Islander,Male,0,0,40,Philippines,0.6151643748574454,1
43,Federal-gov,287008,Masters,14,Married-civ-spouse,Protective-serv,Husband,White,Male,0,0,35,United-States,0.6151362317067458,0
29,Self-emp-inc,168221,Bachelors,13,Married-civ-spouse,Exec-managerial,Husband,White,Male,0,1740,70,United-States,0.6150182494365363,0
33,Self-emp-not-inc,134886,Bachelors,13,Married-civ-spouse,Prof-specialty,Wife,White,Female,0,0,50,United-States,0.6145866352580733,0
42,Private,79586,Bachelors,13,Married-civ-spouse,Adm-clerical,Husband,Asian-Pac-Islander,Male,0,0,40,United-States,0.6145726602839273,0
34,Private,244147,Bachelors,13,Married-civ-spouse,Prof-specialty,Husband,White,Male,0,0,40,?,0.6144152647225779,0
29,Private,250967,Assoc-voc,11,Married-civ-spouse,Machine-op-inspct,Husband,White,Male,0,1887,48,United-States,0.6143541483609901,0
29,Federal-gov,208534,Prof-school,15,Married-civ-spouse,Prof-specialty,Husband,White,Male,0,0,80,United-States,0.6142726169450048,0
40,Private,260761,Bachelors,13,Married-civ-spouse,Adm-clerical,Husband,White,Male,0,0,40,Mexico,0.6141702840698067,0
43,Private,125833,Bachelors,13,Married-civ-spouse,Adm-clerical,Husband,Asian-Pac-Islander,Male,0,0,40,Vietnam,0.6141702840698067,1
58,Private,136951,Bachelors,13,Married-civ-spouse,Adm-clerical,Husband,Asian-Pac-Islander,Male,0,0,40,Philippines,0.6141702840698067,1
39,Private,139012,Bachelors,13,Married-civ-spouse,Adm-clerical,Husband,Asian-Pac-Islander,Male,0,0,40,Philippines,0.6141702840698067,1
33,Private,578701,Bachelors,13,Married-civ-spouse,Exec-managerial,Husband,Black,Male,0,0,40,?,0.6141378904661411,0
31,Private,99928,Masters,14,Married-civ-spouse,Prof-specialty,Wife,White,Female,0,0,50,United-States,0.6141062696721057,0
33,Self-emp-inc,144949,Bachelors,13,Married-civ-spouse,Sales,Husband,White,Male,0,0,65,United-States,0.6139934394660974,0
35,Private,174597,Bachelors,13,Married-civ-spouse,Craft-repair,Husband,White,Male,0,0,40,United-States,0.613937861573526,0
34,Private,150324,Bachelors,13,Married-civ-spouse,Prof-specialty,Husband,White,Male,0,0,40,United-States,0.6137794355993363,0
34,Private,213226,Bachelors,13,Married-civ-spouse,Prof-specialty,Husband,White,Male,0,0,40,Iran,0.6137794355993363,1
34,Private,97723,Bachelors,13,Married-civ-spouse,Prof-specialty,Husband,White,Male,0,0,40,United-States,0.6137794355993363,0
60,Private,145995,Bachelors,13,Married-civ-spouse,Sales,Husband,White,Male,0,0,40,United-States,0.6137665554388332,0
61,Private,162397,Bachelors,13,Married-civ-spouse,Sales,Husband,White,Male,0,0,40,United-States,0.6137665554388332,0
32,Private,229732,Bachelors,13,Married-civ-spouse,Sales,Husband,White,Male,0,0,45,United-States,0.613665961385303,0
51,Local-gov,152754,Bachelors,13,Married-civ-spouse,Adm-clerical,Husband,White,Male,0,0,40,United-States,0.6135908056487667,0
45,Local-gov,182100,Bachelors,13,Married-civ-spouse,Sales,Husband,White,Male,0,0,40,United-States,0.6135908056487667,0
31,Private,298871,Doctorate,16,Married-civ-spouse,Prof-specialty,Husband,Asian-Pac-Islander,Male,0,0,40,China,0.6134079717704235,1
58,Private,218281,Bachelors,13,Married-civ-spouse,Adm-clerical,Husband,White,Male,0,0,40,Mexico,0.6133658536455779,0
33,Self-emp-not-inc,123424,Bachelors,13,Married-civ-spouse,Exec-managerial,Husband,White,Male,0,0,40,United-States,0.6133628912086622,0
32,Private,193042,Bachelors,13,Married-civ-spouse,Sales,Husband,White,Male,0,0,44,United-States,0.6130979463071109,0
34,Private,48935,Bachelors,13,Married-civ-spouse,Prof-specialty,Wife,White,Female,0,0,40,United-States,0.6130828765193221,0
34,Self-emp-not-inc,426431,Bachelors,13,Married-civ-spouse,Craft-repair,Husband,White,Male,0,0,40,United-States,0.6128534164599573,0
33,Private,312881,Bachelors,13,Married-civ-spouse,Prof-specialty,Husband,Black,Male,0,0,40,United-States,0.6126738026217398,0
47,Self-emp-not-inc,39986,Bachelors,13,Married-civ-spouse,Sales,Husband,White,Male,0,0,40,United-States,0.6126620172748793,0
34,State-gov,253121,Bachelors,13,Married-civ-spouse,Prof-specialty,Husband,White,Male,0,0,40,United-States,0.6126113982441017,0
46,Private,44671,Bachelors,13,Married-civ-spouse,Protective-serv,Husband,White,Male,0,0,40,United-States,0.6124733229235072,0
42,Private,102606,Bachelors,13,Married-civ-spouse,Tech-support,Husband,White,Male,0,0,40,United-States,0.6124733229235072,0
36,Private,209609,Bachelors,13,Married-civ-spouse,Prof-specialty,Husband,White,Male,0,0,38,United-States,0.6121610434321065,0
49,Private,287647,Masters,14,Divorced,Sales,Not-in-family,White,Male,4787,0,45,United-States,0.6119438195252197,0
52,Federal-gov,22428,Bachelors,13,Married-civ-spouse,Protective-serv,Husband,White,Male,0,0,60,United-States,0.6117719981841068,0
32,Private,27051,Bachelors,13,Married-civ-spouse,Adm-clerical,Husband,White,Male,0,0,44,United-States,0.6117402485884663,0
42,Private,125280,Bachelors,13,Married-civ-spouse,Exec-managerial,Husband,White,Male,3137,0,40,United-States,0.6113561622022602,0
59,Private,91384,Bachelors,13,Married-civ-spouse,Adm-clerical,Husband,White,Male,0,0,40,United-States,0.6112051423203599,0
41,Local-gov,47858,Bachelors,13,Married-civ-spouse,Protective-serv,Husband,White,Male,0,0,40,United-States,0.6109307949016413,0
38,Private,140854,Bachelors,13,Married-civ-spouse,Tech-support,Husband,White,Male,0,0,40,United-States,0.6108599540188736,0
63,Private,76860,Bachelors,13,Married-civ-spouse,Protective-serv,Husband,Asian-Pac-Islander,Male,0,0,40,Philippines,0.6108596964156635,3
33,Private,55291,Masters,14,Married-civ-spouse,Exec-managerial,Husband,White,Male,0,0,40,United-States,0.6106940575515921,0
32,Self-emp-not-inc,65278,Doctorate,16,Married-civ-spouse,Exec-managerial,Husband,White,Male,0,0,40,United-States,0.610458093011173,0
64,Private,312498,Bachelors,13,Married-civ-spouse,Sales,Husband,White,Male,0,0,40,United-States,0.6104494633036359,0
41,Private,106900,Bachelors,13,Married-civ-spouse,Tech-support,Husband,White,Male,0,0,38,United-States,0.6102248333044596,0
37,Local-gov,108320,Bachelors,13,Married-civ-spouse,Tech-support,Husband,White,Male,0,0,45,United-States,0.6101889620574582,0
36,Private,90159,Bachelors,13,Married-civ-spouse,Prof-specialty,Wife,White,Female,0,0,32,United-States,0.6099907363873136,0
66,Local-gov,222810,Some-college,10,Divorced,Other-service,Other-relative,White,Female,7896,0,40,?,0.6098817702294563,1
44,Private,210648,Bachelors,13,Married-civ-spouse,Tech-support,Husband,White,Male,0,0,40,United-States,0.6093639233764243,0
50,Private,128798,Bachelors,13,Married-civ-spouse,Tech-support,Husband,White,Male,0,0,40,United-States,0.6093639233764243,0
44,Local-gov,323790,Bachelors,13,Married-civ-spouse,Protective-serv,Husband,White,Male,0,0,40,United-States,0.6093639233764243,0
31,Self-emp-not-inc,340880,Bachelors,13,Married-civ-spouse,Sales,Husband,White,Male,0,0,48,United-States,0.609328696137448,0
34,Private,207668,Some-college,10,Married-civ-spouse,Handlers-cleaners,Husband,White,Male,0,1887,40,United-States,0.6090689677009006,0
26,?,370727,Bachelors,13,Married-civ-spouse,?,Wife,White,Female,0,1977,40,United-States,0.6089217474663488,0
59,Private,227856,Bachelors,13,Married-civ-spouse,Sales,Husband,White,Male,0,0,37,United-States,0.6085154428032745,0
41,Private,174575,HS-grad,9,Married-civ-spouse,Transport-moving,Husband,White,Male,0,1887,45,United-States,0.6085083587149978,0
54,Private,163671,HS-grad,9,Married-civ-spouse,Transport-moving,Husband,White,Male,0,1887,65,United-States,0.6085083587149978,0
35,Private,206951,Masters,14,Married-civ-spouse,Sales,Husband,White,Male,0,0,40,United-States,0.608261317236546,0
37,Self-emp-not-inc,103925,Bachelors,13,Married-civ-spouse,Sales,Wife,White,Female,0,0,50,United-States,0.6082523655249963,0
38,State-gov,112497,Bachelors,13,Married-civ-spouse,Protective-serv,Husband,White,Male,0,0,60,United-States,0.6081470058120799,0
44,Self-emp-not-inc,163985,Prof-school,15,Married-civ-spouse,Prof-specialty,Husband,White,Male,0,0,32,United-States,0.6081393421165805,0
35,Private,202397,Bachelors,13,Married-civ-spouse,Craft-repair,Husband,Asian-Pac-Islander,Male,0,0,40,Philippines,0.6081130021883514,1
51,Self-emp-inc,166386,Bachelors,13,Married-civ-spouse,Exec-managerial,Wife,Asian-Pac-Islander,Female,0,0,35,Taiwan,0.608021359846371,2
34,Federal-gov,198265,Bachelors,13,Married-civ-spouse,Protective-serv,Husband,White,Male,0,0,60,United-States,0.6072676128537224,0
31,Private,341672,Bachelors,13,Married-civ-spouse,Adm-clerical,Husband,Asian-Pac-Islander,Male,0,0,60,India,0.6071686288202551,1
31,Private,103435,Bachelors,13,Married-civ-spouse,Sales,Husband,White,Male,0,0,50,United-States,0.6071632191528438,0
70,Self-emp-not-inc,143833,Some-college,10,Married-civ-spouse,Exec-managerial,Husband,White,Male,0,2246,40,United-States,0.6071580670886425,0
30,Private,35724,Prof-school,15,Married-civ-spouse,Prof-specialty,Wife,White,Female,0,0,45,United-States,0.6071418380864084,0
42,Self-emp-inc,204033,Bachelors,13,Married-civ-spouse,Adm-clerical,Wife,White,Female,0,0,35,?,0.6069517269173809,0
63,Private,188976,Bachelors,13,Married-civ-spouse,Adm-clerical,Husband,White,Male,0,0,40,United-States,0.6069009146841957,0
31,Private,127610,Bachelors,13,Married-civ-spouse,Exec-managerial,Wife,White,Female,0,0,50,United-States,0.6066352613738167,0
32,Private,317809,Bachelors,13,Married-civ-spouse,Exec-managerial,Husband,White,Male,4064,0,50,United-States,0.6064324632466935,0
51,Self-emp-inc,192973,Bachelors,13,Married-civ-spouse,Protective-serv,Husband,Black,Male,0,0,40,United-States,0.6061755684454567,0
56,Self-emp-not-inc,335605,HS-grad,9,Married-civ-spouse,Other-service,Husband,White,Male,0,1887,50,Canada,0.6060613214217931,0
33,Self-emp-not-inc,202729,Bachelors,13,Married-civ-spouse,Craft-repair,Husband,White,Male,0,0,40,United-States,0.6060550745439491,0
34,Federal-gov,191342,Bachelors,13,Married-civ-spouse,Adm-clerical,Husband,Asian-Pac-Islander,Male,0,0,38,United-States,0.6059939581823613,1
41,Private,167106,Bachelors,13,Married-civ-spouse,Adm-clerical,Husband,Asian-Pac-Islander,Male,3103,0,35,Philippines,0.6059857148796393,1
30,Private,226443,Bachelors,13,Married-civ-spouse,Sales,Husband,White,Male,0,0,50,United-States,0.6058216860356307,0
42,Local-gov,101593,Bachelors,13,Married-civ-spouse,Protective-serv,Husband,White,Male,0,0,42,United-States,0.6050416635155556,0
32,Self-emp-not-inc,420895,Bachelors,13,Married-civ-spouse,Sales,Husband,White,Male,0,0,47,United-States,0.6049343073777612,0
33,Private,196385,Masters,14,Married-civ-spouse,Prof-specialty,Husband,White,Male,0,0,37,United-States,0.6048135558730435,0
34,Private,178841,Bachelors,13,Married-civ-spouse,Exec-managerial,Wife,White,Female,0,0,40,United-States,0.6047192086973574,0
31,Private,129775,Bachelors,13,Married-civ-spouse,Sales,Husband,White,Male,0,0,65,United-States,0.6044699131908176,0
29,Self-emp-inc,206903,Prof-school,15,Married-civ-spouse,Prof-specialty,Husband,White,Male,0,0,55,United-States,0.6044175553383719,0
66,?,177351,Bachelors,13,Married-civ-spouse,?,Husband,White,Male,0,2174,40,United-States,0.6042957090200115,0
31,Private,34572,Bachelors,13,Married-civ-spouse,Sales,Husband,White,Male,0,0,55,United-States,0.6042079951269845,0
50,Self-emp-not-inc,363405,Bachelors,13,Married-civ-spouse,Tech-support,Wife,White,Female,0,0,50,United-States,0.6039103990185576,0
32,Private,263908,Bachelors,13,Married-civ-spouse,Prof-specialty,Husband,White,Male,0,0,40,United-States,0.6038412969574578,0
32,Private,101709,Bachelors,13,Married-civ-spouse,Prof-specialty,Husband,Asian-Pac-Islander,Male,0,0,40,United-States,0.6038412969574578,1
30,Private,185027,Bachelors,13,Married-civ-spouse,Prof-specialty,Husband,White,Male,0,0,40,United-States,0.6038412969574578,0
31,Private,226443,Bachelors,13,Married-civ-spouse,Prof-specialty,Husband,White,Male,0,0,40,United-States,0.6038412969574578,0
38,Private,80771,Bachelors,13,Married-civ-spouse,Prof-specialty,Wife,White,Female,0,0,40,United-States,0.6038040732936035,0
32,Private,255424,Bachelors,13,Married-civ-spouse,Sales,Husband,White,Male,0,0,60,United-States,0.6037412825111502,0
32,State-gov,147215,Bachelors,13,Married-civ-spouse,Exec-managerial,Wife,White,Female,0,0,55,United-States,0.6036674147906643,0
41,Self-emp-inc,32185,Bachelors,13,Married-civ-spouse,Tech-support,Husband,White,Male,0,0,40,United-States,0.6035686883604071,0
35,Self-emp-not-inc,190895,Masters,14,Married-civ-spouse,Sales,Husband,White,Male,0,0,40,United-States,0.6035471784923667,0
49,State-gov,31650,Bachelors,13,Married-civ-spouse,Prof-specialty,Other-relative,White,Female,0,0,45,United-States,0.6032504195943725,0
35,State-gov,119421,Bachelors,13,Married-civ-spouse,Exec-managerial,Wife,White,Female,0,0,35,United-States,0.603084651928696,0
30,Private,97521,Bachelors,13,Married-civ-spouse,Sales,Husband,White,Male,0,0,50,United-States,0.6029422617543329,0
51,Self-emp-not-inc,268639,Some-college,10,Married-civ-spouse,Prof-specialty,Wife,White,Female,0,2057,60,Canada,0.6026358427359613,2
31,Local-gov,149184,Bachelors,13,Married-civ-spouse,Protective-serv,Husband,White,Male,0,0,97,United-States,0.602533252257553,0
40,State-gov,150533,Bachelors,13,Married-civ-spouse,Prof-specialty,Other-relative,White,Male,0,0,40,United-States,0.6025203076962473,0
45,Self-emp-inc,122206,Assoc-acdm,12,Married-civ-spouse,Exec-managerial,Husband,White,Male,0,0,50,United-States,0.6022280568544293,0
32,Federal-gov,454508,Bachelors,13,Married-civ-spouse,Exec-managerial,Husband,White,Male,0,0,40,United-States,0.6021516131018426,0
41,State-gov,75409,Bachelors,13,Married-civ-spouse,Prof-specialty,Wife,White,Female,0,0,40,United-States,0.6018838989657831,0
33,Private,159247,Bachelors,13,Married-civ-spouse,Prof-specialty,Husband,White,Male,0,0,40,United-States,0.6015793475706844,0
30,Private,175856,Masters,14,Married-civ-spouse,Prof-specialty,Husband,White,Male,0,0,38,United-States,0.601527762527869,0
45,Private,189564,Bachelors,13,Married-civ-spouse,Sales,Wife,White,Female,0,0,42,United-States,0.601469608603197,0
41,Self-emp-inc,149102,Bachelors,13,Married-civ-spouse,Exec-managerial,Husband,White,Male,0,0,35,United-States,0.6013064169696212,0
29,Local-gov,195520,Masters,14,Married-civ-spouse,Prof-specialty,Husband,White,Male,0,0,40,United-States,0.6011126993556527,0
36,Private,68273,Bachelors,13,Married-civ-spouse,Sales,Husband,White,Male,0,0,40,United-States,0.6009437116498504,0
36,Private,143486,Bachelors,13,Married-civ-spouse,Sales,Husband,White,Male,0,0,40,United-States,0.6009437116498504,0
36,Private,193026,Bachelors,13,Married-civ-spouse,Sales,Husband,White,Male,0,0,40,United-States,0.6007490280238442,0
36,Private,187983,Bachelors,13,Married-civ-spouse,Prof-specialty,Wife,White,Female,0,0,40,United-States,0.6006618937380399,0
34,Private,188900,Bachelors,13,Married-civ-spouse,Exec-managerial,Wife,White,Female,0,0,40,United-States,0.6006522980184651,0
31,Private,339482,HS-grad,9,Married-civ-spouse,Craft-repair,Husband,White,Male,0,1848,40,United-States,0.6002931347428326,1
59,Private,59469,Masters,14,Married-civ-spouse,Tech-support,Husband,White,Male,0,0,40,Iran,0.6002190738199391,0
46,Private,191357,Bachelors,13,Married-civ-spouse,Tech-support,Husband,White,Male,0,0,40,United-States,0.6002032956233228,0
42,Private,279914,Bachelors,13,Married-civ-spouse,Tech-support,Husband,White,Male,0,0,40,United-States,0.6002032956233228,0
58,Private,154950,Bachelors,13,Married-civ-spouse,Tech-support,Husband,White,Male,0,0,40,United-States,0.6002032956233228,0
28,Private,147560,Some-college,10,Married-civ-spouse,Sales,Husband,White,Male,0,1902,55,United-States,0.6000932346518227,0
38,Private,31603,Bachelors,13,Married-civ-spouse,Craft-repair,Wife,White,Female,0,0,40,United-States,0.6000732704030427,0
43,Self-emp-inc,150533,Assoc-acdm,12,Married-civ-spouse,Exec-managerial,Husband,White,Male,0,0,50,United-States,0.6000483472924689,0
52,Private,25826,10th,6,Married-civ-spouse,Craft-repair,Husband,White,Male,0,1887,47,United-States,0.6000035887347203,0
35,Private,241126,Masters,14,Married-civ-spouse,Sales,Husband,White,Male,0,0,40,United-States,0.5998526976544251,0
35,Private,112271,Masters,14,Married-civ-spouse,Adm-clerical,Husband,White,Male,0,0,40,United-States,0.5998526976544251,0
36,State-gov,135874,Bachelors,13,Married-civ-spouse,Sales,Husband,White,Male,0,0,40,United-States,0.5997665293806584,0
41,Federal-gov,19914,Bachelors,13,Married-civ-spouse,Adm-clerical,Wife,Asian-Pac-Islander,Female,0,0,40,Philippines,0.5993034876105676,2
30,Private,186932,Bachelors,13,Married-civ-spouse,Exec-managerial,Husband,White,Male,0,0,70,United-States,0.5992873230091361,0
39,Federal-gov,110622,Bachelors,13,Married-civ-spouse,Adm-clerical,Wife,Asian-Pac-Islander,Female,0,0,40,Philippines,0.5992374767879886,1
29,Private,81648,HS-grad,9,Married-civ-spouse,Sales,Husband,White,Male,0,1887,55,United-States,0.5992057271923482,0
35,Private,292185,Bachelors,13,Married-civ-spouse,Adm-clerical,Husband,White,Male,0,0,40,United-States,0.5990512940679146,0
35,Private,331831,Bachelors,13,Married-civ-spouse,Sales,Husband,White,Male,0,0,40,United-States,0.5990512940679146,0
53,Private,285621,Masters,14,Married-civ-spouse,Adm-clerical,Wife,White,Female,0,0,40,United-States,0.5990060203037457,0
35,Private,275364,Bachelors,13,Divorced,Tech-support,Unmarried,White,Male,7430,0,40,Germany,0.5989553368721655,1
56,Local-gov,216851,Bachelors,13,Married-civ-spouse,Tech-support,Husband,White,Male,0,0,40,United-States,0.5982791284457464,0
31,Private,156743,Masters,14,Married-civ-spouse,Sales,Husband,White,Male,0,0,76,United-States,0.5977188414638562,0
36,Private,112497,Bachelors,13,Married-civ-spouse,Tech-support,Husband,White,Male,0,0,40,United-States,0.5977065409105756,0
39,Private,176296,HS-grad,9,Married-civ-spouse,Transport-moving,Husband,Black,Male,0,1887,40,United-States,0.5976519290300419,0
53,Private,48343,HS-grad,9,Married-civ-spouse,Transport-moving,Husband,White,Male,0,1902,40,United-States,0.5976519290300419,0
51,Private,415287,HS-grad,9,Married-civ-spouse,Machine-op-inspct,Husband,Black,Male,0,1902,40,United-States,0.5976519290300419,1
39,Private,128392,HS-grad,9,Married-civ-spouse,Machine-op-inspct,Husband,White,Male,0,1887,40,United-States,0.5976519290300419,0
32,Private,186824,Bachelors,13,Married-civ-spouse,Craft-repair,Husband,White,Male,0,0,40,United-States,0.5976251382961952,0
39,Private,327435,Bachelors,13,Married-civ-spouse,Prof-specialty,Wife,White,Female,0,0,36,United-States,0.59754412208663,0
57,Self-emp-inc,42959,Bachelors,13,Married-civ-spouse,Sales,Wife,White,Female,0,0,40,United-States,0.5974746980215176,0
40,Private,29841,Bachelors,13,Married-civ-spouse,Adm-clerical,Wife,White,Female,0,0,40,United-States,0.5974291022533362,0
39,Private,129597,Bachelors,13,Married-civ-spouse,Sales,Husband,White,Male,3464,0,40,United-States,0.5973697247134164,0
32,Private,187560,Prof-school,15,Married-civ-spouse,Prof-specialty,Husband,White,Male,3908,0,40,United-States,0.5973618678155094,0
40,Private,247469,Doctorate,16,Married-civ-spouse,Prof-specialty,Wife,White,Female,0,0,30,United-States,0.597291928543977,0
37,Private,219546,Bachelors,13,Married-civ-spouse,Exec-managerial,Other-relative,White,Male,3411,0,47,United-States,0.5967717632620543,0
35,Self-emp-not-inc,193260,Masters,14,Married-civ-spouse,Sales,Husband,Asian-Pac-Islander,Male,0,0,40,?,0.5965927290310595,1
44,State-gov,150755,Bachelors,13,Married-civ-spouse,Adm-clerical,Husband,White,Male,5013,0,40,United-States,0.5962882420367633,0
32,Private,316589,Bachelors,13,Married-civ-spouse,Exec-managerial,Husband,White,Male,0,0,40,United-States,0.5960307676283039,0
30,Private,232356,Bachelors,13,Married-civ-spouse,Exec-managerial,Husband,White,Male,0,0,40,United-States,0.5960307676283039,0
31,Private,222654,Bachelors,13,Married-civ-spouse,Exec-managerial,Husband,White,Male,0,0,40,United-States,0.5960307676283039,0
31,Private,167319,Bachelors,13,Married-civ-spouse,Exec-managerial,Husband,White,Male,0,0,40,United-States,0.5960307676283039,0
39,Private,258276,Bachelors,13,Married-civ-spouse,Tech-support,Husband,Asian-Pac-Islander,Male,3137,0,40,?,0.5958109032885139,1
30,Local-gov,200892,Masters,14,Married-civ-spouse,Prof-specialty,Husband,White,Male,0,0,40,United-States,0.5957958335007252,0
30,Private,182771,Masters,14,Married-civ-spouse,Prof-specialty,Husband,Asian-Pac-Islander,Male,0,0,40,United-States,0.5957781876808358,2
35,Private,356250,Prof-school,15,Married-civ-spouse,Sales,Husband,Asian-Pac-Islander,Male,0,0,35,China,0.5955777723834056,1
44,Private,127592,Bachelors,13,Married-civ-spouse,Tech-support,Husband,White,Male,0,0,40,United-States,0.595469514634376,0
31,Private,110643,Bachelors,13,Married-civ-spouse,Prof-specialty,Husband,White,Male,0,0,40,United-States,0.5954222444453292,0
35,Private,140564,Bachelors,13,Married-civ-spouse,Sales,Husband,White,Male,0,0,40,United-States,0.5953792247092484,0
35,Private,61343,Bachelors,13,Married-civ-spouse,Sales,Husband,White,Male,0,0,40,United-States,0.5953792247092484,0
33,Private,118941,Bachelors,13,Married-civ-spouse,Exec-managerial,Wife,White,Female,0,0,40,United-States,0.5953183659508707,0
30,State-gov,48214,Masters,14,Married-civ-spouse,Prof-specialty,Wife,White,Female,0,0,50,United-States,0.5950251490970149,0
32,Private,209691,Bachelors,13,Married-civ-spouse,Sales,Husband,White,Male,0,0,42,United-States,0.5950038968321846,0
33,Self-emp-not-inc,37939,Bachelors,13,Married-civ-spouse,Craft-repair,Husband,White,Male,0,0,35,United-States,0.5949317679333666,0
52,Local-gov,194788,Masters,14,Divorced,Exec-managerial,Not-in-family,White,Female,4787,0,60,United-States,0.5947808768530712,0
41,Private,175674,Bachelors,13,Married-civ-spouse,Tech-support,Husband,White,Male,0,0,40,United-States,0.594612146750479,0
30,Private,202051,Bachelors,13,Married-civ-spouse,Exec-managerial,Husband,White,Male,0,0,42,United-States,0.5946107943336262,0
31,Local-gov,356689,Bachelors,13,Married-civ-spouse,Prof-specialty,Husband,White,Male,0,0,40,United-States,0.5943721249595015,0
31,Private,162572,Bachelors,13,Married-civ-spouse,Exec-managerial,Husband,White,Male,0,0,40,United-States,0.5943426293919492,0
34,Self-emp-not-inc,213226,Bachelors,13,Married-civ-spouse,Exec-managerial,Husband,White,Male,0,1485,35,?,0.5942244539193321,0
36,Private,58343,Bachelors,13,Married-civ-spouse,Tech-support,Husband,White,Male,3103,0,42,United-States,0.5941617919384838,0
52,Local-gov,175339,Bachelors,13,Married-civ-spouse,Protective-serv,Husband,White,Male,0,0,40,United-States,0.594042521652224,0
47,Local-gov,246891,Bachelors,13,Married-civ-spouse,Protective-serv,Husband,White,Male,0,0,40,United-States,0.594042521652224,0
33,Private,409172,Bachelors,13,Married-civ-spouse,Exec-managerial,Own-child,White,Male,0,0,55,United-States,0.5938296125991058,0
35,Private,160120,Bachelors,13,Married-civ-spouse,Adm-clerical,Husband,Asian-Pac-Islander,Male,0,0,40,Philippines,0.5937082814871655,1
30,Local-gov,235271,Bachelors,13,Married-civ-spouse,Prof-specialty,Husband,White,Male,0,0,50,United-States,0.5936943065130195,0
48,Private,125892,Bachelors,13,Married-civ-spouse,Tech-support,Husband,White,Male,0,0,40,United-States,0.5932107852877285,0
52,Private,229983,Prof-school,15,Married-civ-spouse,Prof-specialty,Wife,White,Female,3103,0,30,United-States,0.5927942408970542,0
59,Private,168569,HS-grad,9,Married-civ-spouse,Machine-op-inspct,Husband,White,Male,0,1887,40,United-States,0.5927769170811774,0
45,Private,168262,HS-grad,9,Married-civ-spouse,Machine-op-inspct,Husband,White,Male,0,1887,40,United-States,0.5927769170811774,0
31,Private,227146,Bachelors,13,Married-civ-spouse,Sales,Husband,White,Male,0,0,55,United-States,0.5927479367200452,0
31,Private,145377,Bachelors,13,Married-civ-spouse,Sales,Husband,White,Male,0,0,60,United-States,0.5927479367200452,0
33,State-gov,357691,Masters,14,Married-civ-spouse,Protective-serv,Husband,Black,Male,0,0,40,United-States,0.5927016969438387,0
30,Private,177216,Prof-school,15,Married-civ-spouse,Prof-specialty,Husband,Black,Male,0,1740,40,Haiti,0.5920827408308563,1
66,Self-emp-not-inc,140456,Bachelors,13,Married-civ-spouse,Sales,Husband,White,Male,0,0,40,United-States,0.5920230412869238,0
51,Local-gov,199688,Bachelors,13,Married-civ-spouse,Protective-serv,Husband,White,Male,0,0,40,United-States,0.5916435917584989,0
46,Local-gov,200947,Bachelors,13,Married-civ-spouse,Protective-serv,Husband,White,Male,0,0,40,United-States,0.5916435917584989,0
45,Private,265097,HS-grad,9,Married-civ-spouse,Other-service,Husband,White,Male,0,1902,40,United-States,0.5915073840611773,0
55,Private,193130,HS-grad,9,Married-civ-spouse,Handlers-cleaners,Husband,White,Male,0,1887,40,United-States,0.5913544321552016,0
60,Private,232618,Bachelors,13,Married-civ-spouse,Exec-managerial,Husband,White,Male,0,0,35,United-States,0.591194396160949,0
33,Private,54782,Bachelors,13,Married-civ-spouse,Adm-clerical,Husband,White,Male,0,1579,42,United-States,0.5910366785955871,0
61,?,202106,HS-grad,9,Married-civ-spouse,?,Husband,White,Male,0,1902,40,United-States,0.5909628108751012,0
31,Private,179186,Bachelors,13,Married-civ-spouse,Sales,Husband,Black,Male,0,0,90,United-States,0.5909274548345198,0
33,Private,182556,Bachelors,13,Married-civ-spouse,Exec-managerial,Husband,White,Male,0,0,40,United-States,0.5907420449240759,0
33,Private,111363,Bachelors,13,Married-civ-spouse,Exec-managerial,Husband,White,Male,0,0,40,United-States,0.5907420449240759,0
33,Private,117963,Bachelors,13,Married-civ-spouse,Exec-managerial,Husband,White,Male,0,0,40,United-States,0.5907420449240759,0
33,Private,188246,Bachelors,13,Married-civ-spouse,Exec-managerial,Husband,White,Male,0,0,40,United-States,0.5907420449240759,0
46,Private,54985,HS-grad,9,Married-civ-spouse,Machine-op-inspct,Husband,White,Male,0,1887,40,United-States,0.5905993327457002,0
57,Private,173796,HS-grad,9,Married-civ-spouse,Transport-moving,Husband,White,Male,0,1887,40,United-States,0.5905993327457002,0
31,Private,114937,Bachelors,13,Married-civ-spouse,Prof-specialty,Husband,White,Male,0,0,35,United-States,0.5904472824509597,1
40,Private,104892,Bachelors,13,Married-civ-spouse,Tech-support,Husband,White,Male,0,0,40,United-States,0.5904363987153345,0
33,Local-gov,220430,Bachelors,13,Married-civ-spouse,Protective-serv,Husband,Black,Male,0,0,70,United-States,0.5903927349712286,0
35,Private,465326,Bachelors,13,Married-civ-spouse,Sales,Husband,White,Male,0,0,40,United-States,0.5902423590973535,0
35,Private,265662,Bachelors,13,Married-civ-spouse,Sales,Husband,White,Male,0,0,40,United-States,0.5902423590973535,0
35,Private,224889,Bachelors,13,Married-civ-spouse,Sales,Husband,White,Male,0,0,40,United-States,0.5902423590973535,0
32,Self-emp-not-inc,62165,Bachelors,13,Married-civ-spouse,Exec-managerial,Husband,Black,Male,0,0,40,?,0.5899742585564789,0
40,Local-gov,166893,Bachelors,13,Married-civ-spouse,Protective-serv,Husband,Black,Male,0,0,40,United-States,0.5898221438609358,0
33,Private,193285,Bachelors,13,Married-civ-spouse,Prof-specialty,Husband,White,Male,0,0,38,United-States,0.5897525909942184,0
32,Private,227214,Bachelors,13,Married-civ-spouse,Prof-specialty,Husband,Other,Male,0,0,40,Ecuador,0.5895271237846095,2
50,Private,92811,Bachelors,13,Married-civ-spouse,Tech-support,Husband,White,Male,0,0,40,United-States,0.5891877315553495,0
31,Private,197672,Bachelors,13,Married-civ-spouse,Prof-specialty,Husband,White,Male,0,0,40,United-States,0.5888777704928395,0
31,Private,131425,Bachelors,13,Married-civ-spouse,Craft-repair,Husband,White,Male,0,0,40,United-States,0.5887386003586023,0
30,Private,24292,Bachelors,13,Married-civ-spouse,Sales,Husband,White,Male,0,0,45,United-States,0.5886486968382897,0
39,Local-gov,139364,Bachelors,13,Married-civ-spouse,Prof-specialty,Husband,White,Male,0,0,35,United-States,0.5885286537423997,0
40,Local-gov,306495,Bachelors,13,Married-civ-spouse,Prof-specialty,Husband,White,Male,0,0,35,United-States,0.5885286537423997,0
33,Private,139057,Masters,14,Married-civ-spouse,Tech-support,Husband,Asian-Pac-Islander,Male,0,0,50,United-States,0.588375959439634,2
33,Private,65278,Bachelors,13,Married-civ-spouse,Exec-managerial,Husband,White,Male,0,0,40,United-States,0.5883690685537648,0
23,Private,143003,Masters,14,Married-civ-spouse,Prof-specialty,Husband,Asian-Pac-Islander,Male,0,1887,50,India,0.588343887839981,1
32,Private,204742,Bachelors,13,Married-civ-spouse,Prof-specialty,Husband,White,Male,0,0,40,United-States,0.5883275944369444,0
32,Private,199416,Bachelors,13,Married-civ-spouse,Prof-specialty,Husband,White,Male,0,0,40,United-States,0.5883275944369444,0
30,Private,340917,Bachelors,13,Married-civ-spouse,Craft-repair,Husband,White,Male,0,0,40,United-States,0.5881325244061231,0
29,Private,87507,Doctorate,16,Married-civ-spouse,Prof-specialty,Husband,Asian-Pac-Islander,Male,0,0,60,India,0.5879582558345146,3
38,Private,266325,Bachelors,13,Married-civ-spouse,Prof-specialty,Wife,White,Female,0,0,32,United-States,0.5877388423003421,0
30,Local-gov,154950,Bachelors,13,Married-civ-spouse,Protective-serv,Husband,White,Male,0,0,72,United-States,0.5873445805873385,0
35,Private,67728,Some-college,10,Married-civ-spouse,Craft-repair,Husband,White,Male,0,2051,45,United-States,0.5870920650406728,1
32,Private,113504,Bachelors,13,Married-civ-spouse,Exec-managerial,Husband,White,Male,0,0,40,United-States,0.5870399647914373,0
32,Self-emp-not-inc,39369,Bachelors,13,Married-civ-spouse,Craft-repair,Husband,White,Male,0,0,40,United-States,0.5870006159011,0
36,Private,232874,Bachelors,13,Married-civ-spouse,Tech-support,Husband,White,Male,0,0,40,United-States,0.5869221757236354,0
30,State-gov,361497,Bachelors,13,Married-civ-spouse,Protective-serv,Husband,White,Male,0,0,72,United-States,0.586609316625012,0
31,Local-gov,199368,Bachelors,13,Married-civ-spouse,Protective-serv,Husband,Black,Male,0,0,50,United-States,0.586609316625012,0
33,State-gov,156015,Bachelors,13,Married-civ-spouse,Exec-managerial,Husband,White,Male,0,0,40,United-States,0.5860843212829008,0
30,Self-emp-inc,109282,Bachelors,13,Married-civ-spouse,Sales,Husband,White,Male,0,0,52,United-States,0.5858383102172892,0
31,Federal-gov,334346,Bachelors,13,Married-civ-spouse,Exec-managerial,Husband,White,Male,0,0,40,United-States,0.5857244495984407,0
29,Private,53181,Masters,14,Married-civ-spouse,Prof-specialty,Husband,White,Male,0,0,55,United-States,0.5856750541829109,0
35,Private,183800,Bachelors,13,Married-civ-spouse,Adm-clerical,Husband,White,Male,0,0,40,United-States,0.5854436620994705,0
35,Private,178322,Bachelors,13,Married-civ-spouse,Sales,Husband,White,Male,0,0,40,United-States,0.5854436620994705,0
35,Private,218955,Bachelors,13,Married-civ-spouse,Sales,Husband,White,Male,0,0,40,United-States,0.5854436620994705,0
30,Private,55291,Bachelors,13,Married-civ-spouse,Prof-specialty,Husband,White,Male,0,0,40,United-States,0.5850666598015412,0
29,Private,263005,Masters,14,Married-civ-spouse,Exec-managerial,Husband,White,Male,0,0,45,Germany,0.5848952892660458,0
45,Local-gov,168191,Bachelors,13,Married-civ-spouse,Craft-repair,Husband,White,Male,0,0,35,United-States,0.584768162081879,0
43,Self-emp-inc,140988,Bachelors,13,Married-civ-spouse,Sales,Other-relative,Asian-Pac-Islander,Male,0,0,45,India,0.5846856646538559,2
32,Private,40142,Bachelors,13,Married-civ-spouse,Exec-managerial,Husband,White,Male,0,0,40,United-States,0.5846628023689626,0
32,Private,473133,Masters,14,Married-civ-spouse,Prof-specialty,Husband,White,Male,0,0,40,United-States,0.5846253855027008,0
58,Self-emp-inc,182062,Doctorate,16,Married-civ-spouse,Prof-specialty,Husband,White,Male,0,0,24,United-States,0.5845439184875179,0
29,Private,144592,Prof-school,15,Married-civ-spouse,Prof-specialty,Husband,White,Male,0,0,50,United-States,0.5842911453376421,0
31,Local-gov,153005,Bachelors,13,Married-civ-spouse,Prof-specialty,Husband,White,Male,0,0,40,United-States,0.5840978785292913,0
31,Self-emp-not-inc,177675,Bachelors,13,Married-civ-spouse,Prof-specialty,Husband,White,Male,0,0,40,United-States,0.5840978785292913,0
29,Private,185908,Bachelors,13,Married-civ-spouse,Exec-managerial,Husband,Black,Male,0,0,55,United-States,0.584096461711636,1
33,Private,246038,Bachelors,13,Married-civ-spouse,Prof-specialty,Husband,White,Male,0,0,40,United-States,0.5840884116113214,0
33,Private,41610,Bachelors,13,Married-civ-spouse,Prof-specialty,Husband,White,Male,0,0,40,United-States,0.5840884116113214,0
30,Local-gov,44566,Bachelors,13,Married-civ-spouse,Prof-specialty,Husband,White,Male,0,0,40,United-States,0.5840113238507096,0
42,Private,390781,Bachelors,13,Married-civ-spouse,Adm-clerical,Wife,Black,Female,0,0,40,United-States,0.5839596100062893,0
31,Private,217460,Bachelors,13,Married-civ-spouse,Exec-managerial,Husband,White,Male,0,0,40,United-States,0.5836213769914746,0
36,Local-gov,177858,Bachelors,13,Married-civ-spouse,Prof-specialty,Own-child,White,Male,0,0,40,United-States,0.5834990798674965,0
62,Private,113440,Bachelors,13,Married-civ-spouse,Sales,Husband,White,Male,0,0,35,United-States,0.583484911690943,1
50,Private,310774,Bachelors,13,Married-civ-spouse,Sales,Husband,White,Male,0,0,35,United-States,0.5834091119463816,0
54,Private,212960,Bachelors,13,Married-civ-spouse,Sales,Husband,White,Male,0,0,35,United-States,0.5834091119463816,1
29,Private,162551,Masters,14,Married-civ-spouse,Prof-specialty,Wife,Asian-Pac-Islander,Female,0,0,40,Hong,0.5831839667407852,1
50,Private,137253,Bachelors,13,Married-civ-spouse,Adm-clerical,Wife,White,Female,0,0,40,United-States,0.582879479746489,0
29,Local-gov,142443,Bachelors,13,Married-civ-spouse,Prof-specialty,Husband,White,Male,0,0,60,United-States,0.5825411823308719,0
29,Federal-gov,360527,Masters,14,Married-civ-spouse,Prof-specialty,Husband,White,Male,0,0,40,United-States,0.5820930815469648,0
32,Local-gov,100135,Bachelors,13,Married-civ-spouse,Prof-specialty,Wife,White,Female,0,0,35,United-States,0.5817668270814181,0
29,Private,194940,Bachelors,13,Married-civ-spouse,Exec-managerial,Husband,White,Male,0,0,40,United-States,0.5815369806172382,0
30,Private,208043,Bachelors,13,Married-civ-spouse,Sales,Husband,White,Male,0,0,55,United-States,0.5812795706095812,0
63,Federal-gov,39181,Doctorate,16,Divorced,Exec-managerial,Not-in-family,White,Female,0,2559,60,United-States,0.5812176170375608,4
59,Local-gov,303455,Masters,14,Widowed,Prof-specialty,Unmarried,White,Female,4787,0,60,United-States,0.5810595130673838,0
52,Local-gov,100226,Bachelors,13,Married-civ-spouse,Adm-clerical,Wife,White,Female,0,0,40,United-States,0.5810296954958187,0
29,Private,278637,Bachelors,13,Married-civ-spouse,Sales,Husband,White,Male,3103,0,45,United-States,0.5808274769759182,0
32,Local-gov,186784,Bachelors,13,Married-civ-spouse,Prof-specialty,Wife,White,Female,5013,0,45,United-States,0.5807643641894524,0
30,Local-gov,169020,Bachelors,13,Married-civ-spouse,Prof-specialty,Husband,White,Male,0,0,40,United-States,0.5805663317217153,0
34,Private,345360,Bachelors,13,Married-civ-spouse,Tech-support,Husband,White,Male,0,0,40,England,0.5803058304755377,0
54,Self-emp-not-inc,83311,Prof-school,15,Married-civ-spouse,Prof-specialty,Husband,White,Male,0,0,30,United-States,0.5802545030359324,0
30,Private,206046,HS-grad,9,Married-civ-spouse,Craft-repair,Husband,White,Male,0,1848,40,United-States,0.5801598338562337,1
29,State-gov,267989,Bachelors,13,Married-civ-spouse,Prof-specialty,Husband,White,Male,0,0,50,United-States,0.5800196977099586,0
29,Private,216481,Masters,14,Married-civ-spouse,Exec-managerial,Wife,White,Female,0,0,40,United-States,0.5799283129711883,0
32,Private,212064,Bachelors,13,Married-civ-spouse,Exec-managerial,Wife,White,Female,0,0,40,United-States,0.579639153367891,0
29,Local-gov,289991,Masters,14,Married-civ-spouse,Prof-specialty,Husband,White,Male,0,0,50,United-States,0.579407568082043,0
32,Private,191856,Masters,14,Married-civ-spouse,Sales,Wife,White,Female,0,0,45,United-States,0.5793765912960327,0
33,Private,51471,HS-grad,9,Married-civ-spouse,Tech-support,Wife,White,Female,0,1902,40,United-States,0.5792155248889399,0
44,Private,151985,Masters,14,Married-civ-spouse,Exec-managerial,Wife,White,Female,0,0,24,United-States,0.5791124836049142,0
30,Private,79712,Bachelors,13,Married-civ-spouse,Prof-specialty,Husband,Other,Male,0,0,40,United-States,0.5789977213748305,2
32,Private,102858,Assoc-acdm,12,Married-civ-spouse,Prof-specialty,Husband,White,Male,0,2002,42,United-States,0.5788149518972897,1
49,Private,160647,Bachelors,13,Married-civ-spouse,Adm-clerical,Wife,White,Female,0,0,40,United-States,0.5787675529066378,0
42,Private,227397,Bachelors,13,Married-civ-spouse,Adm-clerical,Wife,White,Female,0,0,40,United-States,0.5787675529066378,0
34,Private,177675,Bachelors,13,Married-civ-spouse,Tech-support,Husband,White,Male,0,0,40,United-States,0.5786992236551683,0
29,Private,370509,Bachelors,13,Married-civ-spouse,Exec-managerial,Husband,White,Male,0,0,50,France,0.5781753875275023,0
30,Self-emp-not-inc,178255,Bachelors,13,Married-civ-spouse,Sales,Husband,White,Male,0,0,70,?,0.5780825215702741,0
52,Private,198863,Prof-school,15,Divorced,Exec-managerial,Not-in-family,White,Male,0,2559,60,United-States,0.5779401957967134,2
32,Private,340940,Bachelors,13,Married-civ-spouse,Exec-managerial,Husband,White,Male,0,0,40,United-States,0.5779148862813246,0
32,Private,176998,Bachelors,13,Married-civ-spouse,Exec-managerial,Husband,White,Male,0,0,40,United-States,0.5779148862813246,0
32,Private,200246,Bachelors,13,Married-civ-spouse,Exec-managerial,Husband,White,Male,0,0,40,United-States,0.5779148862813246,0
40,Self-emp-not-inc,154076,Assoc-acdm,12,Married-civ-spouse,Exec-managerial,Husband,White,Male,0,0,60,United-States,0.5777931043637666,0
38,Private,193815,Assoc-acdm,12,Married-civ-spouse,Exec-managerial,Husband,White,Male,0,0,55,Italy,0.5777931043637666,0
43,Private,178780,Assoc-acdm,12,Married-civ-spouse,Exec-managerial,Husband,White,Male,0,0,45,United-States,0.5777931043637666,0
47,Self-emp-not-inc,84735,Masters,14,Married-civ-spouse,Prof-specialty,Wife,White,Female,0,0,20,United-States,0.5772416402918211,0
31,Private,263561,Masters,14,Married-civ-spouse,Exec-managerial,Husband,White,Male,0,0,40,United-States,0.5772388066565105,0
33,State-gov,79580,Bachelors,13,Married-civ-spouse,Adm-clerical,Husband,Black,Male,0,0,40,United-States,0.5767840081891417,0
31,Private,43953,Bachelors,13,Married-civ-spouse,Prof-specialty,Wife,White,Female,0,0,35,United-States,0.5767449169020145,0
32,Private,295117,Bachelors,13,Married-civ-spouse,Exec-managerial,Husband,Black,Male,0,0,40,England,0.5764580113268052,0
33,Private,35378,Bachelors,13,Married-civ-spouse,Sales,Wife,White,Female,0,0,45,United-States,0.5762148982973069,0
32,State-gov,92003,Bachelors,13,Married-civ-spouse,Exec-managerial,Wife,White,Female,0,0,40,United-States,0.576039728114463,0
30,Federal-gov,314310,Bachelors,13,Married-civ-spouse,Prof-specialty,Husband,White,Male,0,0,40,United-States,0.5759687584300902,0
57,Private,158077,Bachelors,13,Married-civ-spouse,Sales,Wife,White,Female,0,0,40,United-States,0.5757664755093872,0
39,Private,219483,Bachelors,13,Married-civ-spouse,Prof-specialty,Wife,White,Female,5013,0,32,United-States,0.5757648654893243,0
31,Private,288566,Bachelors,13,Married-civ-spouse,Tech-support,Husband,White,Male,0,0,43,United-States,0.5750907822893881,0
50,Self-emp-not-inc,196504,Doctorate,16,Married-civ-spouse,Prof-specialty,Husband,White,Male,0,0,23,United-States,0.5746571072852447,0
29,Private,233421,Bachelors,13,Married-civ-spouse,Craft-repair,Husband,White,Male,3411,0,45,United-States,0.5746345026035615,0
34,Local-gov,226296,Bachelors,13,Married-civ-spouse,Protective-serv,Husband,White,Male,0,0,40,United-States,0.5742155753831942,0
30,Local-gov,159773,Bachelors,13,Married-civ-spouse,Protective-serv,Husband,White,Male,0,0,45,United-States,0.5741987667737375,0
42,State-gov,39586,Masters,14,Married-civ-spouse,Prof-specialty,Wife,White,Female,0,0,20,United-States,0.5740784016738348,0
46,Private,42972,Masters,14,Married-civ-spouse,Prof-specialty,Wife,White,Female,0,0,22,United-States,0.574005049159769,0
31,Self-emp-not-inc,81030,Doctorate,16,Married-civ-spouse,Prof-specialty,Husband,White,Male,0,0,40,United-States,0.5738875176951771,0
29,Private,201022,Bachelors,13,Married-civ-spouse,Exec-managerial,Wife,White,Female,0,0,50,United-States,0.5737201400094377,0
29,Private,209301,Bachelors,13,Married-civ-spouse,Craft-repair,Husband,White,Male,0,0,40,Canada,0.5735869591498344,1
31,Private,127610,Bachelors,13,Married-civ-spouse,Prof-specialty,Wife,White,Female,0,0,40,United-States,0.5731940498536836,0
31,Self-emp-inc,256362,Bachelors,13,Married-civ-spouse,Sales,Husband,White,Male,3908,0,50,United-States,0.5727604392503427,0
31,Local-gov,178449,Prof-school,15,Married-civ-spouse,Prof-specialty,Husband,White,Male,0,0,40,United-States,0.5726953944398014,0
34,Self-emp-not-inc,213887,Doctorate,16,Married-civ-spouse,Prof-specialty,Husband,White,Male,0,0,32,Canada,0.5724646463643862,1
44,Private,131650,Assoc-acdm,12,Married-civ-spouse,Exec-managerial,Husband,White,Male,0,0,54,United-States,0.5723556802065289,0
46,Local-gov,165484,Assoc-acdm,12,Married-civ-spouse,Exec-managerial,Husband,White,Male,0,0,44,United-States,0.5723556802065289,0
53,Private,178356,Assoc-acdm,12,Married-civ-spouse,Exec-managerial,Husband,White,Male,2407,0,99,United-States,0.5723556802065289,0
36,Private,186808,Bachelors,13,Married-civ-spouse,Craft-repair,Own-child,White,Male,0,0,40,United-States,0.5720168031836892,1
61,Private,147393,Prof-school,15,Married-civ-spouse,Exec-managerial,Husband,White,Male,0,0,20,United-States,0.5718429854176982,0
32,Private,79586,Bachelors,13,Married-civ-spouse,Prof-specialty,Husband,Asian-Pac-Islander,Male,0,0,40,India,0.5717857331042613,1
30,Private,48520,Assoc-acdm,12,Married-civ-spouse,Prof-specialty,Husband,White,Male,0,2002,40,United-States,0.5716875218804243,1
40,Private,221172,Assoc-acdm,12,Married-civ-spouse,Exec-managerial,Husband,White,Male,0,0,50,United-States,0.5716132033543206,0
41,Local-gov,396467,Assoc-acdm,12,Married-civ-spouse,Exec-managerial,Husband,Black,Male,0,0,50,United-States,0.5716132033543206,0
35,Private,105138,Bachelors,13,Married-civ-spouse,Tech-support,Husband,White,Male,0,0,40,United-States,0.5716028348251155,0
51,Self-emp-inc,96062,Assoc-acdm,12,Married-civ-spouse,Sales,Husband,White,Male,0,0,60,United-States,0.5714039651469458,0
35,Private,223514,Bachelors,13,Married-civ-spouse,Adm-clerical,Wife,Black,Female,0,0,40,United-States,0.5713011814661301,0
60,Self-emp-inc,226355,Assoc-voc,11,Married-civ-spouse,Machine-op-inspct,Husband,White,Male,0,2415,70,?,0.5711193135998246,1
42,Private,156580,Bachelors,13,Married-civ-spouse,Sales,Wife,White,Female,0,0,40,Puerto-Rico,0.570647191316579,0
48,Private,155664,Bachelors,13,Married-civ-spouse,Adm-clerical,Husband,White,Male,0,0,35,United-States,0.5703001997926223,1
25,Private,203871,Assoc-voc,11,Married-civ-spouse,Prof-specialty,Wife,White,Female,0,1887,40,United-States,0.569989723523692,0
38,Self-emp-not-inc,164526,Prof-school,15,Never-married,Prof-specialty,Not-in-family,White,Male,0,2824,45,United-States,0.5699013656226399,2
31,Self-emp-not-inc,162442,Bachelors,13,Married-civ-spouse,Exec-managerial,Wife,White,Female,0,0,40,United-States,0.5693914400683174,0
58,Private,104613,Assoc-acdm,12,Married-civ-spouse,Exec-managerial,Husband,White,Male,0,0,50,United-States,0.5693494507450769,0
37,Private,240810,Assoc-acdm,12,Married-civ-spouse,Craft-repair,Husband,White,Male,0,0,45,United-States,0.5692873039706489,0
50,Private,151580,Assoc-acdm,12,Married-civ-spouse,Craft-repair,Husband,White,Male,0,0,45,United-States,0.5692873039706489,0
46,Private,155489,Assoc-acdm,12,Married-civ-spouse,Craft-repair,Husband,White,Male,0,0,44,United-States,0.5692873039706489,0
45,Private,241350,Assoc-acdm,12,Married-civ-spouse,Craft-repair,Husband,White,Male,0,0,45,United-States,0.5692873039706489,0
31,Private,155781,Bachelors,13,Married-civ-spouse,Sales,Husband,White,Male,0,0,40,United-States,0.5689519689919474,0
31,Private,284395,Bachelors,13,Married-civ-spouse,Sales,Husband,White,Male,0,0,40,United-States,0.5689519689919474,0
31,Private,211880,Bachelors,13,Married-civ-spouse,Sales,Husband,White,Male,0,0,40,United-States,0.5689519689919474,0
30,Local-gov,211654,Masters,14,Married-civ-spouse,Prof-specialty,Husband,White,Male,0,0,40,United-States,0.5688470600846487,0
80,Private,86111,Doctorate,16,Married-civ-spouse,Prof-specialty,Husband,White,Male,0,0,30,United-States,0.568196740780841,1
47,Private,158451,Masters,14,Married-civ-spouse,Prof-specialty,Wife,White,Female,0,0,2,United-States,0.5681911379110222,0
44,Private,162028,Some-college,10,Married-civ-spouse,Adm-clerical,Wife,White,Female,0,2415,6,United-States,0.5679011410972921,1
56,Self-emp-not-inc,323639,Masters,14,Married-civ-spouse,Exec-managerial,Husband,White,Male,0,0,25,United-States,0.5678445327918804,0
50,Local-gov,117496,Bachelors,13,Married-civ-spouse,Prof-specialty,Wife,White,Female,0,0,24,United-States,0.5676656917632932,0
38,Self-emp-not-inc,122493,10th,6,Married-civ-spouse,Sales,Husband,White,Male,0,1887,40,United-States,0.5671050827773905,0
33,Private,118941,Bachelors,13,Married-civ-spouse,Exec-managerial,Wife,White,Female,0,0,32,United-States,0.5665492394508739,0
29,State-gov,159782,Masters,14,Married-civ-spouse,Prof-specialty,Wife,White,Female,0,0,45,United-States,0.5663928099015623,0
45,Self-emp-inc,84324,Assoc-acdm,12,Married-civ-spouse,Prof-specialty,Husband,White,Male,0,0,50,United-States,0.5659639649576075,0
49,State-gov,269417,Doctorate,16,Never-married,Exec-managerial,Not-in-family,White,Female,0,2258,50,United-States,0.5653908622160166,0
34,Private,101345,Bachelors,13,Married-civ-spouse,Sales,Wife,White,Female,0,0,40,United-States,0.5653906046128065,0
62,Local-gov,159908,Bachelors,13,Married-civ-spouse,Adm-clerical,Wife,White,Female,0,1258,38,United-States,0.5646479989589933,1
64,State-gov,194894,Doctorate,16,Never-married,Prof-specialty,Not-in-family,White,Female,4787,0,40,United-States,0.564498846700366,0
36,Local-gov,380614,Bachelors,13,Married-civ-spouse,Adm-clerical,Wife,White,Female,0,0,35,Germany,0.564415383260305,0
28,State-gov,158834,Masters,14,Married-civ-spouse,Exec-managerial,Husband,White,Male,0,0,50,United-States,0.5642964349780578,0
55,Private,141727,Bachelors,13,Married-civ-spouse,Adm-clerical,Wife,White,Female,3464,0,40,United-States,0.5642342238028273,0
31,Private,177675,Bachelors,13,Married-civ-spouse,Prof-specialty,Husband,White,Male,0,0,40,United-States,0.5642185744078159,0
31,Private,19302,Bachelors,13,Married-civ-spouse,Prof-specialty,Husband,White,Male,0,0,40,United-States,0.5642185744078159,0
31,Private,144949,Bachelors,13,Married-civ-spouse,Prof-specialty,Husband,White,Male,0,0,40,United-States,0.5642185744078159,0
44,Private,175943,Bachelors,13,Married-civ-spouse,Prof-specialty,Wife,White,Female,0,0,20,United-States,0.5641901736539062,0
30,Local-gov,181091,Bachelors,13,Married-civ-spouse,Protective-serv,Husband,White,Male,0,0,40,United-States,0.5641393614207211,0
30,Local-gov,235271,Bachelors,13,Married-civ-spouse,Protective-serv,Husband,White,Male,0,0,40,United-States,0.5641393614207211,0
37,Local-gov,221740,Bachelors,13,Married-civ-spouse,Prof-specialty,Wife,White,Female,0,0,30,United-States,0.5639592967768859,0
32,Self-emp-inc,103078,Bachelors,13,Married-civ-spouse,Sales,Husband,White,Male,0,0,40,United-States,0.5638469173764954,0
30,Private,100734,Bachelors,13,Married-civ-spouse,Prof-specialty,Wife,White,Female,0,0,38,United-States,0.5636835969413145,0
43,Private,184018,Assoc-acdm,12,Married-civ-spouse,Prof-specialty,Husband,White,Male,0,0,50,United-States,0.5635246557607048,0
36,Private,220585,Assoc-acdm,12,Married-civ-spouse,Exec-managerial,Husband,White,Male,0,0,50,United-States,0.5634554248979999,0
30,Private,212237,Bachelors,13,Married-civ-spouse,Prof-specialty,Husband,White,Male,0,1740,45,United-States,0.5633114247035739,0
33,Private,106670,Bachelors,13,Married-civ-spouse,Prof-specialty,Wife,White,Female,0,0,40,United-States,0.5630904011493386,0
30,State-gov,199539,HS-grad,9,Married-civ-spouse,Adm-clerical,Husband,White,Male,0,1902,40,United-States,0.5628257138509974,0
31,Private,189759,Masters,14,Married-civ-spouse,Sales,Husband,White,Male,0,0,40,United-States,0.5624867724273551,0
30,Private,101345,Bachelors,13,Married-civ-spouse,Sales,Wife,White,Female,3103,0,55,United-States,0.5624516739899839,0
63,Private,275034,Bachelors,13,Married-civ-spouse,Sales,Husband,White,Male,0,1740,35,United-States,0.5623989941335257,0
32,Private,296282,Bachelors,13,Married-civ-spouse,Sales,Husband,White,Male,0,0,40,United-States,0.5622676164963928,0
75,State-gov,113868,Doctorate,16,Married-civ-spouse,Prof-specialty,Husband,Black,Male,0,0,20,United-States,0.5621008828186785,1
31,Private,173858,Prof-school,15,Married-civ-spouse,Tech-support,Husband,Asian-Pac-Islander,Male,0,0,40,India,0.5620675232029753,1
51,Self-emp-not-inc,205100,Masters,14,Married-civ-spouse,Prof-specialty,Wife,White,Female,0,0,30,United-States,0.5619920454624263,0
61,Private,298400,Bachelors,13,Divorced,Sales,Not-in-family,Black,Male,4787,0,48,United-States,0.5619313155056537,0
36,Private,176634,Bachelors,13,Married-civ-spouse,Sales,Wife,White,Female,0,0,35,United-States,0.561712610380309,0
29,Private,85572,Bachelors,13,Married-civ-spouse,Exec-managerial,Wife,White,Female,0,0,42,United-States,0.5610567526074849,0
69,State-gov,50468,Prof-school,15,Married-civ-spouse,Adm-clerical,Husband,White,Male,0,0,34,United-States,0.5609887453600279,1
31,Self-emp-not-inc,182177,HS-grad,9,Married-civ-spouse,Craft-repair,Husband,White,Male,0,1902,40,United-States,0.560959571796488,0
33,Private,36539,Bachelors,13,Married-civ-spouse,Exec-managerial,Wife,White,Female,0,0,40,United-States,0.5607653389760995,0
37,Private,193815,Assoc-acdm,12,Married-civ-spouse,Prof-specialty,Husband,White,Male,0,0,45,United-States,0.560733589380459,0
43,Local-gov,94937,Bachelors,13,Married-civ-spouse,Prof-specialty,Wife,White,Female,0,0,28,United-States,0.5605719433661436,0
31,Private,145139,Bachelors,13,Married-civ-spouse,Craft-repair,Husband,White,Male,0,0,40,United-States,0.5599359854412971,0
32,Private,273241,Bachelors,13,Married-civ-spouse,Exec-managerial,Wife,White,Female,0,0,40,United-States,0.5594223890412311,0
30,Local-gov,131568,Bachelors,13,Married-civ-spouse,Prof-specialty,Husband,White,Male,0,0,40,United-States,0.5594118917104209,0
45,Private,168038,Bachelors,13,Married-civ-spouse,Exec-managerial,Husband,White,Male,0,0,32,United-States,0.5593529649761186,0
29,Private,100764,Bachelors,13,Married-civ-spouse,Exec-managerial,Husband,White,Male,0,0,45,United-States,0.5591962778235969,0
40,State-gov,31627,Bachelors,13,Married-civ-spouse,Exec-managerial,Wife,White,Female,0,0,20,United-States,0.5591670398592546,0
36,Private,183902,Bachelors,13,Married-civ-spouse,Prof-specialty,Wife,White,Female,0,0,4,United-States,0.5591561561236295,0
30,Private,54608,Bachelors,13,Married-civ-spouse,Adm-clerical,Husband,White,Male,0,0,40,United-States,0.5591555121156043,0
32,Private,180603,Bachelors,13,Married-civ-spouse,Sales,Husband,White,Male,0,0,40,United-States,0.5591555121156043,0
30,Private,302149,Bachelors,13,Married-civ-spouse,Sales,Husband,Asian-Pac-Islander,Male,0,0,40,India,0.5591555121156043,1
50,Private,195844,Assoc-acdm,12,Married-civ-spouse,Exec-managerial,Husband,White,Male,0,0,50,United-States,0.5590118339251908,0
71,Private,110380,HS-grad,9,Married-civ-spouse,Sales,Husband,White,Male,0,2467,52,United-States,0.5587973792528121,1
48,Private,98524,Assoc-acdm,12,Married-civ-spouse,Craft-repair,Husband,White,Male,0,0,45,United-States,0.558768527693285,0
37,Private,32709,Bachelors,13,Married-civ-spouse,Tech-support,Wife,White,Female,0,0,40,United-States,0.5585554898385617,0
46,Private,74895,Assoc-acdm,12,Married-civ-spouse,Craft-repair,Husband,White,Male,0,1485,55,United-States,0.5584412428148982,0
31,Private,173279,Bachelors,13,Married-civ-spouse,Tech-support,Husband,Asian-Pac-Islander,Male,0,0,40,United-States,0.5582425663391359,1
35,Local-gov,177305,Some-college,10,Married-civ-spouse,Exec-managerial,Husband,White,Male,0,2377,40,United-States,0.5579318324669956,0
64,State-gov,264544,Masters,14,Married-civ-spouse,Prof-specialty,Wife,White,Female,0,0,5,United-States,0.5578397393193977,0
55,Private,381965,Bachelors,13,Married-civ-spouse,Craft-repair,Other-relative,White,Male,0,0,40,United-States,0.5578101149502402,0
38,Self-emp-not-inc,43712,11th,7,Married-civ-spouse,Exec-managerial,Husband,White,Male,0,1887,45,United-States,0.557585613752669,0
33,Private,247205,Bachelors,13,Married-civ-spouse,Protective-serv,Husband,Black,Male,0,0,40,England,0.5573597601382451,0
38,State-gov,200904,Bachelors,13,Married-civ-spouse,Exec-managerial,Wife,Black,Female,0,0,30,United-States,0.5571185791328223,0
33,Private,150570,Bachelors,13,Married-civ-spouse,Sales,Husband,White,Male,0,0,40,United-States,0.5570977776736096,0
32,State-gov,400132,Bachelors,13,Married-civ-spouse,Protective-serv,Husband,White,Male,0,0,40,United-States,0.5570921748037906,0
47,Self-emp-not-inc,145290,HS-grad,9,Married-civ-spouse,Exec-managerial,Husband,White,Male,0,2415,50,United-States,0.5567323675201331,0
50,Federal-gov,69345,Assoc-acdm,12,Married-civ-spouse,Exec-managerial,Husband,White,Male,0,0,60,United-States,0.5566428504046357,0
30,Private,108247,Bachelors,13,Married-civ-spouse,Prof-specialty,Husband,White,Male,0,0,40,United-States,0.556635895117964,0
42,Local-gov,186909,Assoc-acdm,12,Married-civ-spouse,Exec-managerial,Wife,White,Female,0,0,45,United-States,0.5565731043355108,0
64,Local-gov,116620,Masters,14,Married-civ-spouse,Prof-specialty,Husband,White,Male,0,0,25,United-States,0.5563587784647371,0
30,Private,209900,Bachelors,13,Married-civ-spouse,Craft-repair,Husband,White,Male,0,0,40,United-States,0.5563221344081055,0
28,State-gov,445824,Masters,14,Married-civ-spouse,Prof-specialty,Wife,White,Female,0,0,50,United-States,0.5560622771699529,0
29,Private,221366,Bachelors,13,Married-civ-spouse,Prof-specialty,Husband,White,Male,5013,0,40,Germany,0.5559723736496405,0
30,Private,328242,Bachelors,13,Married-civ-spouse,Exec-managerial,Husband,Asian-Pac-Islander,Male,0,0,40,Hong,0.5558429924373857,1
28,?,123147,Some-college,10,Married-civ-spouse,?,Wife,White,Female,0,1887,40,United-States,0.5557755647971513,0
36,Private,186212,Assoc-acdm,12,Married-civ-spouse,Craft-repair,Husband,White,Male,0,0,50,United-States,0.555326562402009,0
55,Self-emp-not-inc,52888,Prof-school,15,Married-civ-spouse,Prof-specialty,Wife,White,Female,0,0,10,United-States,0.5552568807336865,0
28,Private,214702,Bachelors,13,Married-civ-spouse,Exec-managerial,Husband,White,Male,0,0,60,United-States,0.5551165513850039,0
28,Private,134566,Bachelors,13,Married-civ-spouse,Exec-managerial,Husband,White,Male,0,0,45,United-States,0.5540008074814123,0
51,Private,210940,HS-grad,9,Married-civ-spouse,Sales,Husband,White,Male,0,2002,45,United-States,0.553527847987734,1
40,Private,110622,Prof-school,15,Married-civ-spouse,Adm-clerical,Other-relative,Asian-Pac-Islander,Female,0,0,40,Philippines,0.5534065812765961,1
58,State-gov,223400,Bachelors,13,Married-civ-spouse,Prof-specialty,Wife,White,Female,0,0,20,United-States,0.5534015580139999,0
31,Private,181091,Bachelors,13,Married-civ-spouse,Sales,Husband,White,Male,0,0,40,United-States,0.5532594254428468,0
31,Private,119432,Bachelors,13,Married-civ-spouse,Sales,Husband,White,Male,0,0,40,United-States,0.5532594254428468,0
28,Private,183155,Bachelors,13,Married-civ-spouse,Prof-specialty,Husband,White,Male,0,0,55,United-States,0.5530282909626165,0
30,Private,186269,Bachelors,13,Married-civ-spouse,Tech-support,Husband,White,Male,0,0,40,United-States,0.5522708731242245,0
29,Private,203697,Bachelors,13,Married-civ-spouse,Prof-specialty,Own-child,White,Male,0,0,75,United-States,0.5520925473020575,0
28,Private,294936,Bachelors,13,Married-civ-spouse,Prof-specialty,Husband,White,Male,0,0,45,United-States,0.5520805687527894,0
30,State-gov,141297,Bachelors,13,Married-civ-spouse,Prof-specialty,Husband,Asian-Pac-Islander,Male,0,0,40,India,0.5516486969711164,1
34,Private,173806,Masters,14,Never-married,Prof-specialty,Not-in-family,White,Male,4865,0,60,United-States,0.5514296054409565,0
36,Self-emp-inc,102729,Assoc-acdm,12,Married-civ-spouse,Prof-specialty,Husband,White,Male,0,0,70,United-States,0.5510225279682522,0
48,Self-emp-inc,369522,Bachelors,13,Married-civ-spouse,Exec-managerial,Wife,White,Female,0,0,25,United-States,0.5509474366325184,0
38,Private,160192,HS-grad,9,Married-civ-spouse,Craft-repair,Husband,White,Male,0,2051,44,United-States,0.5505033286983674,1
66,Self-emp-inc,253741,HS-grad,9,Married-civ-spouse,Sales,Husband,White,Male,0,1825,10,United-States,0.5503188203991587,1
71,Private,152307,HS-grad,9,Married-civ-spouse,Exec-managerial,Husband,White,Male,0,2377,45,United-States,0.5499387268627086,0
32,Private,209184,Bachelors,13,Married-civ-spouse,Sales,Husband,Other,Male,0,0,40,Puerto-Rico,0.5498773528979107,2
49,Federal-gov,195437,Assoc-acdm,12,Married-civ-spouse,Adm-clerical,Husband,White,Male,0,0,60,United-States,0.5495027978304771,0
54,Self-emp-inc,119570,Assoc-acdm,12,Married-civ-spouse,Sales,Husband,White,Male,0,0,50,United-States,0.5495027978304771,0
35,?,98080,Prof-school,15,Never-married,?,Not-in-family,Asian-Pac-Islander,Male,4787,0,45,Japan,0.5492187258905785,5
32,Local-gov,235109,Bachelors,13,Married-civ-spouse,Adm-clerical,Wife,White,Female,0,0,40,United-States,0.5492019172811218,0
48,Self-emp-not-inc,317360,Bachelors,13,Married-civ-spouse,Prof-specialty,Wife,White,Female,0,0,20,United-States,0.5487393907174511,0
48,Private,101299,Assoc-acdm,12,Married-civ-spouse,Prof-specialty,Husband,White,Male,0,0,45,United-States,0.5486549612653525,0
32,Private,153326,Bachelors,13,Married-civ-spouse,Prof-specialty,Other-relative,White,Male,0,0,40,United-States,0.5483400413410487,0
41,Private,237452,Bachelors,13,Married-civ-spouse,Prof-specialty,Wife,White,Female,0,0,15,Cuba,0.5483012076571315,0
51,Private,177727,Assoc-acdm,12,Married-civ-spouse,Craft-repair,Husband,White,Male,0,0,45,United-States,0.5482793757850786,0
38,Local-gov,116580,Bachelors,13,Married-civ-spouse,Prof-specialty,Wife,White,Female,0,0,20,United-States,0.5480001983061712,0
40,Private,205195,Assoc-acdm,12,Married-civ-spouse,Sales,Husband,White,Male,0,0,60,United-States,0.5479484844617507,0
37,Self-emp-inc,163998,Assoc-acdm,12,Married-civ-spouse,Sales,Husband,White,Male,0,0,50,United-States,0.5479253645736475,0
59,Self-emp-not-inc,104216,Prof-school,15,Married-civ-spouse,Sales,Husband,White,Male,0,0,25,United-States,0.5478473752018005,0
30,Private,227146,Bachelors,13,Married-civ-spouse,Sales,Husband,White,Male,0,0,40,United-States,0.547697578935148,0
32,Private,87643,Bachelors,13,Married-civ-spouse,Sales,Husband,White,Male,0,0,40,United-States,0.5476458650907275,0
32,Private,157287,Bachelors,13,Married-civ-spouse,Sales,Husband,White,Male,0,0,40,United-States,0.5476458650907275,0
32,Private,260868,Bachelors,13,Married-civ-spouse,Sales,Husband,Black,Male,0,0,40,United-States,0.5476458650907275,0
37,Private,186035,Assoc-acdm,12,Married-civ-spouse,Craft-repair,Husband,White,Male,0,0,55,United-States,0.5471369055484427,0
37,Federal-gov,45937,Assoc-acdm,12,Married-civ-spouse,Exec-managerial,Wife,White,Female,0,0,40,United-States,0.5470834528823544,0
42,Self-emp-not-inc,177307,Prof-school,15,Married-civ-spouse,Farming-fishing,Husband,White,Male,0,0,65,United-States,0.5470767551988927,0
38,Local-gov,82880,Bachelors,13,Married-civ-spouse,Prof-specialty,Wife,White,Female,0,0,15,United-States,0.5466405685634511,0
44,Private,237993,Prof-school,15,Married-civ-spouse,Machine-op-inspct,Husband,White,Male,0,0,45,?,0.5465480246102354,0
57,Private,317847,Masters,14,Divorced,Exec-managerial,Not-in-family,White,Male,0,2824,50,United-States,0.5463771692811602,2
29,Private,122112,Bachelors,13,Married-civ-spouse,Sales,Wife,White,Female,0,0,50,United-States,0.5456779053674402,0
66,Private,28367,Bachelors,13,Married-civ-spouse,Priv-house-serv,Other-relative,White,Male,0,0,99,United-States,0.5456029428333115,1
28,Private,209205,Masters,14,Married-civ-spouse,Prof-specialty,Husband,White,Male,0,0,45,United-States,0.5453743199843794,0
28,Private,204074,Masters,14,Married-civ-spouse,Prof-specialty,Husband,White,Male,0,0,48,United-States,0.5453743199843794,0
29,State-gov,95423,Masters,14,Married-civ-spouse,Adm-clerical,Husband,White,Male,0,0,36,United-States,0.5453444380120118,0
30,Private,115426,Bachelors,13,Married-civ-spouse,Sales,Husband,White,Male,0,0,40,United-States,0.5451619261376812,0
30,Private,235271,Bachelors,13,Married-civ-spouse,Sales,Husband,White,Male,0,0,40,United-States,0.5451619261376812,0
28,Private,328949,Prof-school,15,Married-civ-spouse,Prof-specialty,Husband,White,Male,0,0,60,United-States,0.5447973531946375,0
55,Self-emp-not-inc,41938,Bachelors,13,Married-civ-spouse,Prof-specialty,Wife,White,Female,0,0,8,United-States,0.5447835070220965,0
51,Private,124963,Assoc-acdm,12,Married-civ-spouse,Sales,Husband,White,Male,0,0,50,United-States,0.5446890954456078,0
50,Private,116287,Assoc-acdm,12,Married-civ-spouse,Adm-clerical,Husband,White,Male,0,0,60,Columbia,0.5446890954456078,0
32,Private,201988,Prof-school,15,Married-civ-spouse,Sales,Husband,White,Male,4508,0,40,?,0.5446342259618642,0
29,Private,200511,Bachelors,13,Married-civ-spouse,Sales,Husband,White,Male,0,0,50,United-States,0.5445130236515289,0
57,Self-emp-not-inc,103948,Prof-school,15,Married-civ-spouse,Prof-specialty,Husband,White,Male,0,0,30,United-States,0.544355692490982,0
48,Self-emp-inc,250674,Assoc-voc,11,Married-civ-spouse,Craft-repair,Husband,White,Male,0,0,60,United-States,0.5443376602662775,0
30,Private,110643,Masters,14,Married-civ-spouse,Adm-clerical,Husband,White,Male,4386,0,40,United-States,0.5434650293921842,0
41,Federal-gov,133060,Assoc-acdm,12,Married-civ-spouse,Prof-specialty,Husband,White,Male,0,0,40,United-States,0.5431192614834752,0
51,Private,233149,Assoc-acdm,12,Married-civ-spouse,Exec-managerial,Husband,White,Male,0,0,45,United-States,0.5430982024210524,0
37,Private,251396,Assoc-acdm,12,Married-civ-spouse,Exec-managerial,Husband,White,Male,0,0,65,United-States,0.5430982024210524,0
44,Private,120057,Assoc-acdm,12,Married-civ-spouse,Exec-managerial,Husband,White,Male,4386,0,45,United-States,0.5424421514458208,0
39,Private,146091,Bachelors,13,Married-civ-spouse,Prof-specialty,Wife,White,Female,0,0,20,United-States,0.5423514751158781,0
32,Self-emp-not-inc,410615,HS-grad,9,Married-civ-spouse,Transport-moving,Husband,White,Male,0,1887,60,United-States,0.5423154750672716,0
29,Self-emp-inc,187450,Bachelors,13,Married-civ-spouse,Sales,Husband,White,Male,0,0,50,United-States,0.5421772709450721,0
29,Private,168479,Masters,14,Married-civ-spouse,Prof-specialty,Husband,White,Male,0,0,40,United-States,0.541951159727438,0
41,Private,207578,Assoc-acdm,12,Married-civ-spouse,Exec-managerial,Husband,Black,Male,0,0,50,India,0.5418804476462753,1
29,Private,270421,Bachelors,13,Married-civ-spouse,Craft-repair,Husband,White,Male,0,0,50,United-States,0.5416799679480426,0
52,Private,99307,Assoc-acdm,12,Married-civ-spouse,Sales,Husband,White,Male,3103,0,48,United-States,0.5414548227424463,0
42,?,321086,Masters,14,Married-civ-spouse,?,Husband,White,Male,0,0,50,United-States,0.5413170694258643,0
59,Local-gov,93211,Bachelors,13,Married-civ-spouse,Exec-managerial,Wife,White,Female,0,0,22,United-States,0.5412349584026563,0
42,Private,157443,Bachelors,13,Married-civ-spouse,Prof-specialty,Wife,Asian-Pac-Islander,Female,0,0,27,Taiwan,0.5409848256856837,1
55,?,389479,Masters,14,Married-civ-spouse,?,Husband,White,Male,0,0,50,United-States,0.5407504711653276,0
29,Private,205249,Masters,14,Married-civ-spouse,Exec-managerial,Husband,Asian-Pac-Islander,Male,0,0,40,Japan,0.5406450470516088,1
31,Private,206051,Bachelors,13,Married-civ-spouse,Adm-clerical,Husband,White,Male,0,0,40,United-States,0.5405424565732005,0
36,?,186815,Masters,14,Married-civ-spouse,?,Husband,White,Male,0,0,50,United-States,0.5404756729409914,0
40,Federal-gov,199303,Assoc-acdm,12,Married-civ-spouse,Prof-specialty,Husband,White,Male,0,0,40,United-States,0.540380295352465,0
55,Self-emp-not-inc,76901,Assoc-acdm,12,Married-civ-spouse,Exec-managerial,Husband,White,Male,0,0,55,United-States,0.539842741853863,0
62,Private,160143,Prof-school,15,Married-civ-spouse,Prof-specialty,Husband,White,Male,0,0,30,United-States,0.539546884567104,0
42,Self-emp-inc,27187,Masters,14,Married-civ-spouse,Farming-fishing,Husband,White,Male,0,0,60,United-States,0.5395444373366084,0
28,Private,51461,Masters,14,Married-civ-spouse,Prof-specialty,Husband,White,Male,0,0,60,United-States,0.5393581258149293,0
28,Private,251905,Bachelors,13,Married-civ-spouse,Prof-specialty,Husband,White,Male,0,0,50,United-States,0.5393181973173693,0
42,Private,176286,Assoc-acdm,12,Married-civ-spouse,Exec-managerial,Husband,White,Male,0,0,40,United-States,0.5391671130346666,0
46,Private,181363,Assoc-acdm,12,Married-civ-spouse,Exec-managerial,Husband,White,Male,0,0,40,United-States,0.5391671130346666,0
51,Self-emp-not-inc,168539,Assoc-acdm,12,Married-civ-spouse,Exec-managerial,Husband,White,Male,0,0,40,United-States,0.5391671130346666,0
37,Local-gov,191364,Assoc-acdm,12,Married-civ-spouse,Exec-managerial,Husband,White,Male,0,0,40,France,0.5389500179293847,0
30,Private,117963,Bachelors,13,Married-civ-spouse,Adm-clerical,Husband,White,Male,0,0,40,United-States,0.5387297027839771,0
30,Private,59496,Bachelors,13,Married-civ-spouse,Sales,Husband,White,Male,2407,0,40,United-States,0.5387297027839771,0
45,Federal-gov,98524,Assoc-acdm,12,Married-civ-spouse,Adm-clerical,Husband,White,Male,0,0,40,United-States,0.538603670413453,0
50,?,123044,Masters,14,Married-civ-spouse,?,Husband,White,Male,0,0,60,United-States,0.5382425751137453,0
32,Private,118551,Bachelors,13,Married-civ-spouse,Adm-clerical,Wife,White,Female,0,0,35,?,0.5382235124762005,0
61,Private,178312,Assoc-acdm,12,Married-civ-spouse,Exec-managerial,Husband,White,Male,0,0,42,United-States,0.5380624460691077,0
38,Private,111128,Assoc-acdm,12,Married-civ-spouse,Exec-managerial,Husband,White,Male,0,0,40,United-States,0.5379955336352934,0
28,Private,27956,Prof-school,15,Married-civ-spouse,Prof-specialty,Husband,Asian-Pac-Islander,Male,0,0,99,Philippines,0.5378576515171064,3
30,Private,252752,Bachelors,13,Married-civ-spouse,Prof-specialty,Wife,White,Female,0,0,40,United-States,0.5378177230195464,0
28,Self-emp-inc,219705,Bachelors,13,Married-civ-spouse,Exec-managerial,Husband,White,Male,5013,0,55,United-States,0.5375331358732278,0
70,Self-emp-not-inc,172370,Prof-school,15,Married-civ-spouse,Prof-specialty,Husband,White,Male,0,0,25,United-States,0.537485865684181,0
44,Private,157217,Assoc-acdm,12,Married-civ-spouse,Prof-specialty,Husband,White,Male,0,0,40,United-States,0.5373251212811008,0
30,Private,36383,Bachelors,13,Married-civ-spouse,Sales,Husband,White,Male,0,0,40,Mexico,0.537258015644879,0
31,Private,234500,Bachelors,13,Married-civ-spouse,Adm-clerical,Wife,White,Female,0,0,40,United-States,0.5369937791521554,0
30,Private,165235,Bachelors,13,Married-civ-spouse,Adm-clerical,Wife,Asian-Pac-Islander,Female,0,0,40,Philippines,0.5369937791521554,1
51,Local-gov,176813,Assoc-acdm,12,Married-civ-spouse,Prof-specialty,Husband,White,Male,0,0,60,United-States,0.5368660723607659,0
33,State-gov,200289,Masters,14,Married-civ-spouse,Prof-specialty,Husband,Asian-Pac-Islander,Male,0,0,19,India,0.5367930418507126,1
39,Private,348521,Some-college,10,Married-civ-spouse,Farming-fishing,Husband,White,Male,0,2415,99,United-States,0.5365690558595616,1
59,Self-emp-inc,349910,Assoc-acdm,12,Married-civ-spouse,Craft-repair,Husband,White,Male,0,0,40,United-States,0.5360237098638552,0
41,Private,125831,HS-grad,9,Married-civ-spouse,Craft-repair,Husband,White,Male,0,2051,60,United-States,0.5357612121927995,1
42,Self-emp-not-inc,120837,HS-grad,9,Married-civ-spouse,Craft-repair,Husband,White,Male,0,2042,48,United-States,0.5357612121927995,1
37,Local-gov,251396,Assoc-acdm,12,Married-civ-spouse,Prof-specialty,Husband,White,Male,0,0,45,Canada,0.5356472871731485,0
43,Self-emp-inc,82488,Bachelors,13,Married-civ-spouse,Sales,Own-child,Asian-Pac-Islander,Female,0,0,40,Philippines,0.5356204320384993,2
42,Private,113147,Assoc-acdm,12,Married-civ-spouse,Prof-specialty,Husband,Black,Male,0,0,40,United-States,0.5355598308833316,0
62,Self-emp-inc,197060,Assoc-voc,11,Married-civ-spouse,Exec-managerial,Husband,White,Male,0,0,50,United-States,0.5353952868329029,0
28,Self-emp-not-inc,188278,Bachelors,13,Married-civ-spouse,Craft-repair,Husband,White,Male,0,0,55,United-States,0.5353365533010083,0
40,Self-emp-not-inc,335549,Prof-school,15,Never-married,Prof-specialty,Not-in-family,White,Male,0,2444,45,United-States,0.5352936623665325,1
37,Private,109633,Bachelors,13,Married-civ-spouse,Prof-specialty,Wife,White,Female,0,0,16,United-States,0.5348715151060395,0
48,Self-emp-inc,191277,Assoc-voc,11,Married-civ-spouse,Exec-managerial,Husband,White,Male,0,0,50,United-States,0.5347937833374025,0
51,Private,252903,10th,6,Married-civ-spouse,Sales,Husband,White,Male,0,1977,40,United-States,0.5340832492832422,0
53,Private,203173,Assoc-voc,11,Married-civ-spouse,Exec-managerial,Husband,White,Male,0,0,45,United-States,0.5339971454102782,0
45,Local-gov,224474,Bachelors,13,Divorced,Prof-specialty,Unmarried,White,Female,4934,0,50,United-States,0.5339209592609017,0
42,Private,45363,Assoc-acdm,12,Married-civ-spouse,Prof-specialty,Husband,White,Male,0,0,50,United-States,0.5336971664721581,0
29,Private,286634,Bachelors,13,Married-civ-spouse,Prof-specialty,Wife,White,Female,0,0,50,United-States,0.5336784902394285,0
30,Private,154568,Bachelors,13,Married-civ-spouse,Craft-repair,Husband,Asian-Pac-Islander,Male,0,0,36,Vietnam,0.5336766226161556,1
47,Self-emp-inc,201699,Assoc-acdm,12,Married-civ-spouse,Exec-managerial,Husband,White,Male,0,0,50,United-States,0.5336761074097354,0
62,?,232719,Masters,14,Married-civ-spouse,?,Husband,White,Male,0,0,50,United-States,0.5335909695488091,0
29,Private,190777,Bachelors,13,Married-civ-spouse,Sales,Husband,White,Male,0,0,55,United-States,0.533512207367332,0
46,Self-emp-inc,181413,Assoc-acdm,12,Married-civ-spouse,Exec-managerial,Wife,White,Female,0,0,40,United-States,0.5334936599362072,0
46,Private,150499,Assoc-acdm,12,Married-civ-spouse,Craft-repair,Husband,White,Male,0,0,40,United-States,0.5332512553155366,0
34,Private,199864,Some-college,10,Married-civ-spouse,Adm-clerical,Wife,White,Female,0,2057,40,United-States,0.5332012158919817,1
42,Private,235786,Assoc-acdm,12,Married-civ-spouse,Craft-repair,Husband,White,Male,0,0,50,United-States,0.5331674054706607,0
35,Private,308691,Masters,14,Married-civ-spouse,Machine-op-inspct,Husband,White,Male,0,0,48,United-States,0.5328738022119897,0
31,Private,161765,Some-college,10,Married-civ-spouse,Sales,Husband,White,Male,0,2051,57,United-States,0.5328624032699444,1
50,Self-emp-not-inc,30653,Masters,14,Married-civ-spouse,Farming-fishing,Husband,White,Male,2407,0,98,United-States,0.5324964135092453,0
38,Private,187847,Assoc-voc,11,Married-civ-spouse,Exec-managerial,Husband,White,Male,0,0,50,United-States,0.5324161701093102,0
29,Self-emp-not-inc,162298,Bachelors,13,Married-civ-spouse,Sales,Husband,White,Male,0,0,70,United-States,0.5323949822452825,0
47,Private,103757,Assoc-acdm,12,Married-civ-spouse,Craft-repair,Husband,White,Male,0,0,40,United-States,0.5322961270134202,0
69,?,106566,Doctorate,16,Married-civ-spouse,?,Husband,White,Male,0,0,50,United-States,0.5322589033495659,0
39,Private,103260,Bachelors,13,Married-civ-spouse,Craft-repair,Wife,White,Female,0,0,30,United-States,0.5322447351730123,0
41,Private,41090,HS-grad,9,Married-civ-spouse,Craft-repair,Husband,White,Male,0,2002,60,United-States,0.5317547738674697,1
28,Private,100829,Bachelors,13,Married-civ-spouse,Exec-managerial,Wife,White,Female,0,0,50,United-States,0.5317453069495,0
55,Self-emp-not-inc,170166,Bachelors,13,Married-civ-spouse,Exec-managerial,Wife,White,Female,0,0,25,United-States,0.5317320403841815,0
41,Local-gov,343079,Bachelors,13,Married-civ-spouse,Prof-specialty,Wife,White,Female,0,1740,20,United-States,0.5317028668206418,0
46,Local-gov,148995,Bachelors,13,Never-married,Prof-specialty,Own-child,White,Male,4787,0,45,United-States,0.5314777860158479,0
68,?,351402,Doctorate,16,Married-civ-spouse,?,Husband,White,Male,0,0,70,United-States,0.5314513816868164,1
29,Self-emp-inc,241431,Doctorate,16,Married-civ-spouse,Prof-specialty,Husband,White,Male,0,0,35,United-States,0.5314129344077143,0
49,Self-emp-inc,119539,Some-college,10,Married-civ-spouse,Exec-managerial,Husband,White,Male,0,0,60,?,0.5311228731931817,0
43,Self-emp-not-inc,145441,Prof-school,15,Married-civ-spouse,Prof-specialty,Husband,White,Male,0,0,30,United-States,0.5310866155413652,0
48,Self-emp-inc,149218,Bachelors,13,Married-civ-spouse,Farming-fishing,Husband,White,Male,0,0,70,United-States,0.5310046333197621,0
36,Private,186819,Assoc-acdm,12,Married-civ-spouse,Craft-repair,Husband,White,Male,0,0,52,United-States,0.5309697280847984,0
39,Self-emp-inc,167482,Assoc-acdm,12,Married-civ-spouse,Exec-managerial,Husband,White,Male,0,0,50,United-States,0.5309446761726196,0
38,Private,76317,Assoc-voc,11,Married-civ-spouse,Exec-managerial,Husband,White,Male,0,0,55,United-States,0.5307965543268326,0
38,Private,22245,Masters,14,Married-civ-spouse,Transport-moving,Husband,White,Male,0,0,72,?,0.5305845468849495,0
63,Self-emp-not-inc,168048,Prof-school,15,Married-civ-spouse,Prof-specialty,Husband,White,Male,0,0,30,United-States,0.5303787863209105,0
36,Private,393673,Assoc-acdm,12,Married-civ-spouse,Exec-managerial,Wife,White,Female,0,0,50,United-States,0.5299612759181986,0
72,?,118902,Doctorate,16,Married-civ-spouse,?,Husband,White,Male,0,2392,6,United-States,0.5299557374491822,3
29,Private,233168,Bachelors,13,Married-civ-spouse,Prof-specialty,Wife,White,Female,0,0,46,United-States,0.529870985993071,0
28,Local-gov,34452,Prof-school,15,Married-civ-spouse,Prof-specialty,Husband,White,Male,0,0,40,United-States,0.529805103972097,0
67,Private,94610,Masters,14,Married-civ-spouse,Sales,Husband,White,Male,0,0,30,United-States,0.5298042023608618,0
32,Self-emp-inc,161153,HS-grad,9,Married-civ-spouse,Farming-fishing,Husband,White,Male,0,1902,55,United-States,0.529789132573073,0
44,Private,174373,Assoc-acdm,12,Married-civ-spouse,Craft-repair,Husband,White,Male,0,0,40,United-States,0.529611064354116,0
43,Federal-gov,95902,Assoc-acdm,12,Married-civ-spouse,Prof-specialty,Wife,Black,Female,0,0,40,United-States,0.529365246490912,0
42,Self-emp-not-inc,27821,Assoc-voc,11,Married-civ-spouse,Exec-managerial,Husband,White,Male,0,0,60,United-States,0.5292409529420559,0
32,Self-emp-not-inc,56026,Bachelors,13,Married-civ-spouse,Sales,Other-relative,White,Male,0,0,45,United-States,0.529205146095857,0
38,Private,168496,Assoc-acdm,12,Married-civ-spouse,Sales,Husband,White,Male,0,0,50,United-States,0.5291289599464803,0
53,Private,200190,Assoc-acdm,12,Married-civ-spouse,Sales,Husband,White,Male,0,0,80,United-States,0.5291289599464803,0
40,Private,202565,Assoc-acdm,12,Married-civ-spouse,Sales,Husband,White,Male,0,0,52,United-States,0.5291289599464803,0
55,Self-emp-not-inc,349910,Assoc-acdm,12,Married-civ-spouse,Sales,Husband,White,Male,0,0,60,United-States,0.5291289599464803,0
36,Private,410034,Assoc-acdm,12,Married-civ-spouse,Craft-repair,Husband,White,Male,0,0,45,United-States,0.5288419255696661,0
43,Self-emp-inc,240504,Some-college,10,Married-civ-spouse,Exec-managerial,Husband,White,Male,0,0,70,United-States,0.528761553368126,0
40,Self-emp-inc,137367,Some-college,10,Married-civ-spouse,Exec-managerial,Husband,Asian-Pac-Islander,Male,0,0,50,China,0.528761553368126,2
30,Local-gov,194740,Bachelors,13,Married-civ-spouse,Protective-serv,Husband,White,Male,0,0,40,United-States,0.5285369233689498,0
32,Federal-gov,83413,Bachelors,13,Married-civ-spouse,Adm-clerical,Husband,White,Male,0,0,35,United-States,0.5283244007206467,0
33,Private,394447,Masters,14,Married-civ-spouse,Prof-specialty,Husband,White,Male,0,0,33,United-States,0.5280933950420214,1
39,Local-gov,352628,Assoc-acdm,12,Married-civ-spouse,Craft-repair,Wife,White,Female,0,0,50,United-States,0.5277576736585049,0
31,Private,240283,Bachelors,13,Married-civ-spouse,Adm-clerical,Wife,White,Female,0,0,40,United-States,0.527654503572874,0
51,Private,120173,Assoc-voc,11,Married-civ-spouse,Craft-repair,Husband,White,Male,3103,0,50,United-States,0.5276382745706399,0
29,Private,57889,Bachelors,13,Married-civ-spouse,Sales,Husband,White,Male,0,0,45,United-States,0.5269972289823946,0
41,Private,101739,Assoc-acdm,12,Married-civ-spouse,Exec-managerial,Wife,White,Female,0,0,50,United-States,0.5267164414834244,0
30,State-gov,169496,Bachelors,13,Married-civ-spouse,Tech-support,Husband,White,Male,0,0,40,United-States,0.5267130926416935,0
37,Private,200598,Assoc-acdm,12,Married-civ-spouse,Prof-specialty,Husband,White,Male,0,1740,45,United-States,0.5263796896870676,0
38,Self-emp-not-inc,30916,Assoc-acdm,12,Married-civ-spouse,Sales,Husband,White,Male,0,0,60,United-States,0.5260428090891058,0
42,Private,33521,Assoc-acdm,12,Married-civ-spouse,Sales,Husband,White,Male,0,0,45,United-States,0.5260428090891058,0
44,Private,226129,Assoc-voc,11,Married-civ-spouse,Prof-specialty,Husband,White,Male,0,0,50,United-States,0.5250990797290348,0
28,Private,141957,Bachelors,13,Married-civ-spouse,Prof-specialty,Husband,White,Male,0,0,50,United-States,0.5238378544125593,0
47,Private,267205,Assoc-voc,11,Married-civ-spouse,Craft-repair,Husband,White,Male,0,0,60,?,0.5236103263772699,0
60,Private,152369,Assoc-voc,11,Married-civ-spouse,Craft-repair,Husband,White,Male,0,0,60,United-States,0.5236103263772699,0
56,State-gov,466498,Assoc-voc,11,Married-civ-spouse,Craft-repair,Husband,Black,Male,0,0,60,United-States,0.5236103263772699,0
28,State-gov,52636,Masters,14,Married-civ-spouse,Exec-managerial,Husband,White,Male,0,0,40,United-States,0.5234423690843079,0
43,Local-gov,37937,Assoc-acdm,12,Married-civ-spouse,Tech-support,Husband,White,Male,0,0,43,United-States,0.5229346975580733,0
42,Self-emp-not-inc,103980,Assoc-voc,11,Married-civ-spouse,Prof-specialty,Husband,White,Male,0,0,50,United-States,0.5227294522004545,0
40,?,351161,Masters,14,Married-civ-spouse,?,Husband,White,Male,0,0,60,United-States,0.5227027902682129,0
46,Private,195833,Bachelors,13,Married-civ-spouse,Transport-moving,Husband,White,Male,0,0,50,?,0.5226815380033826,0
42,Private,154374,Bachelors,13,Married-civ-spouse,Transport-moving,Husband,White,Male,0,0,58,United-States,0.5226815380033826,0
37,Self-emp-not-inc,187411,Bachelors,13,Married-civ-spouse,Transport-moving,Husband,White,Male,0,0,50,?,0.5226815380033826,0
45,Private,301802,Bachelors,13,Married-civ-spouse,Transport-moving,Husband,White,Male,0,0,50,United-States,0.5226815380033826,0
45,Self-emp-inc,197332,Some-college,10,Married-civ-spouse,Craft-repair,Husband,White,Male,0,0,55,United-States,0.5225869332244863,0
64,Private,137205,Assoc-voc,11,Married-civ-spouse,Craft-repair,Husband,White,Male,0,0,48,United-States,0.5219489144739593,0
44,Self-emp-inc,138991,Some-college,10,Married-civ-spouse,Exec-managerial,Husband,White,Male,0,0,50,United-States,0.5217385814529416,0
44,Self-emp-inc,181762,Some-college,10,Married-civ-spouse,Exec-managerial,Husband,White,Male,0,0,50,United-States,0.5217385814529416,0
49,Self-emp-inc,191681,Some-college,10,Married-civ-spouse,Exec-managerial,Husband,White,Male,0,0,50,United-States,0.5217385814529416,0
48,Self-emp-inc,30575,Assoc-voc,11,Married-civ-spouse,Craft-repair,Husband,White,Male,0,0,70,United-States,0.5214896723512169,0
49,Self-emp-inc,349230,Assoc-voc,11,Married-civ-spouse,Exec-managerial,Husband,White,Male,0,0,60,United-States,0.5214738297537979,0
42,Local-gov,29075,Assoc-acdm,12,Married-civ-spouse,Prof-specialty,Wife,Amer-Indian-Eskimo,Female,0,0,40,United-States,0.5214585667636016,0
29,Private,114982,Bachelors,13,Married-civ-spouse,Tech-support,Husband,White,Male,0,0,40,United-States,0.52142218031018,0
65,Private,170012,Bachelors,13,Married-civ-spouse,Adm-clerical,Husband,White,Male,0,0,34,United-States,0.5213595183293318,1
29,Private,58115,Bachelors,13,Married-civ-spouse,Sales,Husband,White,Male,0,0,41,United-States,0.5213330495994977,0
32,Private,353994,Bachelors,13,Married-civ-spouse,Exec-managerial,Other-relative,Asian-Pac-Islander,Female,0,0,40,China,0.5211699867675269,1
37,Self-emp-inc,199265,Some-college,10,Married-civ-spouse,Exec-managerial,Husband,White,Male,0,0,50,United-States,0.5211233605865052,0
57,?,208311,Bachelors,13,Married-civ-spouse,?,Husband,White,Male,0,0,80,United-States,0.5211175645142788,0
38,Private,359001,Assoc-voc,11,Married-civ-spouse,Prof-specialty,Husband,White,Male,0,0,42,United-States,0.5209936573702378,0
51,Private,197163,Prof-school,15,Never-married,Prof-specialty,Not-in-family,White,Female,0,2559,50,United-States,0.5206542007401753,2
32,Private,127875,Bachelors,13,Married-civ-spouse,Tech-support,Wife,White,Female,0,0,40,United-States,0.5205842614686429,0
52,Self-emp-inc,260938,Some-college,10,Married-civ-spouse,Exec-managerial,Husband,White,Male,0,0,60,United-States,0.5205762113683283,0
44,Self-emp-inc,229466,Some-college,10,Married-civ-spouse,Exec-managerial,Husband,White,Male,0,0,50,United-States,0.5205762113683283,0
29,Private,350162,Bachelors,13,Married-civ-spouse,Exec-managerial,Wife,White,Male,0,0,40,United-States,0.5205128409786525,0
29,Private,133937,Bachelors,13,Married-civ-spouse,Prof-specialty,Husband,White,Male,0,0,40,United-States,0.5203468157097659,0
29,Private,444304,Bachelors,13,Married-civ-spouse,Prof-specialty,Husband,White,Male,0,0,40,United-States,0.5203468157097659,0
29,Private,168138,Bachelors,13,Married-civ-spouse,Protective-serv,Husband,White,Male,0,0,40,United-States,0.520266958714646,0
