Unnamed: 0,_id,inter_api_access_duration(sec),api_access_uniqueness,sequence_length(count),vsession_duration(min),ip_type,behavior,behavior_type,num_sessions,num_users,num_unique_apis,source,score_isolation_forest,anomaly_vote_count
2135,9c2049c6-7b37-3601-b78c-5b268c83e779,1.5832805573147563e-05,0.0044331855604813,1579.0,2,private_ip,outlier,outlier,1364.0,1.0,7.0,E,1.0,5
15443,1a1c2722-61bc-370e-bf44-5e9c4c3a2770,1.86706497386109e-05,0.0074682598954443,1339.0,2,private_ip,outlier,outlier,1142.0,1.0,10.0,E,0.9983084706748728,5
7598,f90bff13-cf5f-3d49-add5-0806b5753460,1.607717041800643e-05,0.0057877813504823,1555.0,2,private_ip,outlier,outlier,1148.0,1.0,9.0,E,0.9983084706748728,5
6966,e7d0cdae-4a93-3f23-a73d-614a9827d962,1.730103806228374e-05,0.0062283737024221,1445.0,2,private_ip,outlier,outlier,1086.0,1.0,9.0,E,0.9983084706748728,5
13645,e27bbb76-d19c-3a2b-8a7a-a45716a9bdbc,1.6423357664233576e-05,0.0048661800486618,1644.0,2,private_ip,outlier,outlier,1070.0,1.0,8.0,E,0.9974692668259781,5
5588,28bae9ea-c0c5-30bc-83fb-65ca5019e92a,1.9765739385065887e-05,0.0058565153733528,1366.0,2,private_ip,outlier,outlier,1193.0,1.0,8.0,E,0.9968371184325564,5
17705,1b414fac-ce1e-37ac-b07f-9e2486db8db4,1.990049751243781e-05,0.005685856432125,1407.0,2,private_ip,outlier,outlier,1228.0,1.0,8.0,E,0.9968371184325564,5
7200,763e51b2-06ea-3d53-aea2-143b55af0cb6,1.771117166212534e-05,0.0054495912806539,1468.0,2,private_ip,outlier,outlier,1068.0,1.0,8.0,E,0.9968371184325564,5
5630,b1b2bcf9-adb7-3e02-960e-58f8cd91b0e3,1.948051948051948e-05,0.0057720057720057,1386.0,2,private_ip,outlier,outlier,1202.0,1.0,8.0,E,0.9968371184325564,5
15688,d0921e71-d3c7-3298-b075-7949908a33b8,2.1455938697318007e-05,0.0053639846743295,1305.0,2,private_ip,outlier,outlier,1141.0,1.0,7.0,E,0.9962051838544428,5
14418,34ebc2dc-5ae1-3727-9368-440eb349f73f,1.9984012789768184e-05,0.005595523581135,1251.0,2,private_ip,outlier,outlier,1060.0,1.0,7.0,E,0.9962051838544428,5
10531,ed75a55c-bfb0-3b22-a121-49ec0d6f8876,2.0202020202020203e-05,0.0062160062160062,1287.0,2,private_ip,outlier,outlier,1089.0,1.0,8.0,E,0.9955734630193172,5
16171,08d225f8-6723-3fa4-8e1c-0e7d0b3c0f38,1.902587519025875e-05,0.0060882800608828,1314.0,2,private_ip,outlier,outlier,1134.0,1.0,8.0,E,0.9955734630193172,5
15755,ad776986-2c00-384c-9208-b36b1b836256,1.9623875715453804e-05,0.0065412919051512,1223.0,2,private_ip,outlier,outlier,1051.0,1.0,8.0,E,0.9930487156631478,5
12875,6c571a82-19c0-3b49-9934-b64cce582729,2.168473728106756e-05,0.006672226855713,1199.0,2,private_ip,outlier,outlier,1014.0,1.0,8.0,E,0.9880094586597366,5
9907,dc576722-dad1-36d6-bfaf-36fb2bf45b57,2.155172413793104e-05,0.0060344827586206,1160.0,2,private_ip,outlier,outlier,989.0,1.0,7.0,E,0.9848668415396047,5
12379,ef4b0c9e-8a65-39ee-932a-5054f164aafd,2.220248667850799e-05,0.0062166962699822,1126.0,2,private_ip,outlier,outlier,933.0,1.0,7.0,E,0.9817295355557467,5
4954,612a4555-7093-3c03-9d89-2f5a51a2f585,2.378774016468436e-05,0.0091491308325709,1093.0,2,private_ip,outlier,outlier,934.0,1.0,10.0,E,0.9800545198458455,5
3221,f267d608-cbac-310d-b32e-3e05984d9c6c,2.266545784224841e-05,0.0072529465095194,1103.0,2,private_ip,outlier,outlier,920.0,1.0,8.0,E,0.9779717664378413,5
10550,26c57b3e-04b5-3198-bf72-6f1883f1d94b,2.354048964218456e-05,0.0065913370998116,1062.0,2,private_ip,outlier,outlier,878.0,1.0,7.0,E,0.9760957402064663,5
5883,bd238783-3989-3b96-bc0c-7dde1ce3084b,2.205882352941177e-05,0.0073529411764705,1088.0,2,private_ip,outlier,outlier,896.0,1.0,8.0,E,0.9754708211079732,5
10287,2a6237a8-0394-31d4-b176-f00370bde4e0,1.802656546489564e-05,0.0066413662239089,1054.0,2,private_ip,outlier,outlier,863.0,1.0,7.0,E,0.9748461133795804,5
12841,fca53020-66d3-3325-8a23-13499f4bc1e1,1.0358565737051793e-05,0.0063745019920318,1255.0,1,private_ip,outlier,outlier,657.0,1.0,8.0,E,0.9729732577001966,5
11610,91810fa8-c2c6-3cb2-968d-20abfba25757,1.976284584980237e-05,0.0069169960474308,1012.0,2,private_ip,outlier,outlier,817.0,1.0,7.0,E,0.9673660815074561,5
7031,bbb8be8e-1e65-304e-995a-45f352f54be9,2.33739837398374e-05,0.0071138211382113,984.0,2,private_ip,outlier,outlier,802.0,1.0,7.0,E,0.9605360096459251,5
3185,677cf61f-c097-36d3-bc48-8997fb99782f,1.7293997965412005e-05,0.0071210579857578,983.0,2,private_ip,outlier,outlier,781.0,1.0,7.0,E,0.9605360096459251,5
12891,926255c3-7355-3a89-8872-4d3e4d3407fa,1.1330049261083744e-05,0.0078817733990147,1015.0,1,private_ip,outlier,outlier,628.0,1.0,8.0,E,0.958677669630001,5
3473,dfd78806-b354-33ee-972e-e2fdef3b7736,2.1852237252861603e-05,0.0072840790842872,961.0,2,private_ip,outlier,outlier,785.0,1.0,7.0,E,0.9574398236454742,5
12736,e7cda4dc-2d1b-3d9a-940f-9460030c2112,2.014846235418876e-05,0.0074231177094379,943.0,2,private_ip,outlier,outlier,752.0,1.0,7.0,E,0.9562028148873412,5
669,c5c670f5-3c00-3609-bd8e-2ea29890e74d,1.808510638297872e-05,0.0085106382978723,940.0,2,private_ip,outlier,outlier,755.0,1.0,8.0,E,0.9555846242911994,5
4565,b4f56ee1-d084-3376-8cd7-703f8fe8c468,2.7262813522355503e-05,0.0076335877862595,917.0,2,private_ip,outlier,outlier,739.0,1.0,7.0,E,0.9512631407991987,5
34333,eb0d9697-da49-3ffb-9f8d-ce0fab981a23,840.8206153846154,0.0256410256410256,39.0,1967521,datacenter,outlier,outlier,1.0,1.0,1.0,F,0.9500944007690634,5
13515,10767265-a051-3b8a-b243-f7e511a66d72,1.5625e-05,0.0100446428571428,896.0,1,private_ip,outlier,outlier,707.0,1.0,9.0,E,0.9488719794701957,5
2362,49b1f4f2-84a9-3860-b4bd-99ef60e0349e,1.945080091533181e-05,0.0080091533180778,874.0,2,private_ip,outlier,outlier,707.0,1.0,7.0,E,0.9468243025214201,5
15466,6aaf0c5c-716a-353b-97db-f27bd003ebb4,1.5819209039548023e-05,0.0090395480225988,885.0,1,private_ip,outlier,outlier,681.0,1.0,8.0,E,0.944979871176585,5
16486,ccc10b0f-29aa-389a-a495-5613382c25e8,1.8847006651884705e-05,0.0210643015521064,902.0,2,private_ip,outlier,outlier,701.0,1.0,19.0,E,0.9443595886011398,5
8643,81523c6a-9e68-37c4-814b-161be06bf600,2.86368843069874e-05,0.0263459335624284,873.0,2,private_ip,outlier,outlier,669.0,1.0,23.0,E,0.9437454038098075,5
23591,c3367779-e611-3b81-9313-88921cc31708,848.9697419354839,0.032258064516129,31.0,1579084,datacenter,outlier,outlier,1.0,1.0,1.0,F,0.943397363034483,5
8254,503d2ac7-e145-3408-a0af-ca733f5f5343,2.7577937649880093e-05,0.0071942446043165,834.0,2,private_ip,outlier,outlier,644.0,1.0,6.0,E,0.9431373107577175,5
16190,5381cd54-1e42-3f28-82e0-5f2851501ba7,1.9024970273483943e-05,0.0083234244946492,841.0,1,private_ip,outlier,outlier,648.0,1.0,7.0,E,0.9412966193670165,5
4375,c20b2bff-77e9-3f8d-a772-0d1171bb3941,1.5931372549019605e-05,0.0073529411764705,816.0,1,private_ip,outlier,outlier,623.0,1.0,6.0,E,0.9406834705819711,5
180,0cbb32e4-37f8-3cf9-8126-21d468551d50,1.717791411042945e-05,0.0085889570552147,815.0,1,private_ip,outlier,outlier,617.0,1.0,7.0,E,0.9382329486300182,5
1957,9eca0d35-a692-3540-8bed-83643cfa655a,1.86799501867995e-05,0.0087173100871731,803.0,1,private_ip,outlier,outlier,624.0,1.0,7.0,E,0.9382329486300182,5
7956,e1efb3d9-d0bc-3e6d-bb32-cae72b6def09,1.6049382716049385e-05,0.0086419753086419,810.0,1,private_ip,outlier,outlier,620.0,1.0,7.0,E,0.9382329486300182,5
6711,f82366c6-4544-360d-bebe-2a0693cef9ed,1.845018450184502e-05,0.008610086100861,813.0,1,private_ip,outlier,outlier,620.0,1.0,7.0,E,0.9382329486300182,5
3313,31b3a7b8-7e1a-3470-a175-c5a459313442,2.6927784577723375e-05,0.0085679314565483,817.0,2,private_ip,outlier,outlier,628.0,1.0,7.0,E,0.9376208360885332,5
16070,0e9524b9-3fb7-34bd-84a1-66b33d4260e5,3.172588832487309e-05,0.0101522842639593,788.0,2,private_ip,outlier,outlier,633.0,1.0,8.0,E,0.936397232050923,5
19794,c6f29ac0-bb75-3f61-901d-54f746a5f9aa,0.0025801033591731,0.0111972437553832,2322.0,360,private_ip,outlier,outlier,106.0,1.0,26.0,F,0.9340844224474858,5
20191,725690f1-0072-30ad-a894-ae178042489e,816.8762857142857,0.0357142857142857,28.0,1372353,datacenter,outlier,outlier,1.0,1.0,1.0,F,0.9328045341954193,5
30784,7aaa757e-6372-35ef-897f-08724d737533,579.3909583333334,0.0208333333333333,48.0,1668646,datacenter,outlier,outlier,1.0,1.0,1.0,F,0.9214732693095153,5
21364,90b1ff84-2bae-3010-a0ed-1147aa7f9461,595.6877619047619,0.0238095238095238,42.0,1501134,datacenter,outlier,outlier,1.0,1.0,1.0,F,0.9190487244964034,5
25793,04ebb5db-bf07-3362-b591-461cd17cc792,857.672,0.0588235294117647,17.0,874826,datacenter,outlier,outlier,1.0,1.0,1.0,F,0.9184053860773537,5
20507,4dcf851a-0257-3af0-9f37-4518b6cde29b,0.02219,0.0192307692307692,1300.0,1731,private_ip,outlier,outlier,61.0,1.0,25.0,F,0.9171641931998207,5
662,af9660ad-6af0-39e4-87cf-6782b0a5f3b1,2.0526550647032576e-05,0.0151717983043284,2241.0,3,private_ip,outlier,outlier,111.0,1.0,34.0,E,0.910705751251907,5
1270,87b43763-03de-3152-a052-67b97776f340,2.8037383177570094e-05,0.0161993769470405,1605.0,3,private_ip,outlier,outlier,103.0,1.0,26.0,E,0.8970284185716841,5
7520,3c348d6d-ef57-3e31-8024-ffdf8b4fae28,3.247232472324723e-05,0.018450184501845,1355.0,3,private_ip,outlier,outlier,92.0,1.0,25.0,E,0.8952344984115721,5
25098,c9379931-db7a-3998-8cba-593e49a79cac,598.5612692307692,0.0384615384615384,26.0,933756,datacenter,outlier,outlier,1.0,1.0,1.0,F,0.8943021571439691,5
18722,97df1bcc-0499-37b1-8de8-96e30eb2fb54,495.9671176470588,0.0294117647058823,34.0,1011773,datacenter,outlier,outlier,1.0,1.0,1.0,F,0.8895566513056548,5
28679,d8d8d6e0-d800-3412-a22d-0bda5667f69a,867.11325,0.0833333333333333,12.0,624322,datacenter,outlier,outlier,1.0,1.0,1.0,F,0.8864099864986699,5
29424,0209747b-490d-3dd7-82d6-bc96c7eee1c6,515.0005384615384,0.0384615384615384,26.0,803401,datacenter,outlier,outlier,1.0,1.0,1.0,F,0.884770303336331,5
23158,53c5bdf0-0bb7-39ee-b05b-5239ef7cac49,869.4806,0.1,10.0,521689,datacenter,outlier,outlier,1.0,1.0,1.0,F,0.8799544818127913,5
28240,13f55c15-a51f-3e8f-aab0-278e58ac8208,640.0271764705882,0.0588235294117647,17.0,652828,datacenter,outlier,outlier,1.0,1.0,1.0,F,0.8727203571435971,5
3478,e5d74067-c7c9-3594-9a03-46cf4ef4852d,49.627404040404045,0.0757575757575757,198.0,589574,private_ip,outlier,outlier,1.0,1.0,15.0,E,0.8681658991768009,5
21685,4fe2ca9b-2f83-33cd-aa2b-8f3e02b0c459,0.0035785024154589,0.0301932367149758,828.0,178,private_ip,outlier,outlier,39.0,1.0,25.0,F,0.8680973721012095,5
23484,ad77c300-00f7-3cbf-bc40-af4ea4387b5e,658.2551428571428,0.0714285714285714,14.0,552935,datacenter,outlier,outlier,1.0,1.0,1.0,F,0.8655497896693085,5
22028,cceaf493-8c70-3a1a-b74a-8b0ea751e319,0.1238858156028368,0.0411347517730496,705.0,5241,private_ip,outlier,outlier,28.0,1.0,29.0,F,0.8644972920316398,5
32852,3c1d272a-ab46-3ba9-9c1c-a9cc3071bd29,0.0468966836734693,0.0293367346938775,784.0,2207,private_ip,outlier,outlier,33.0,1.0,23.0,F,0.8631002563256936,5
7866,ed0de216-bcd1-307a-83e0-f437c8275547,45.65893877551021,0.0459183673469387,196.0,536950,private_ip,outlier,outlier,1.0,1.0,9.0,E,0.8622280396093982,5
3950,4f60c2e6-2e56-36bf-8836-f56770f6c21a,35.565704918032786,0.3333333333333333,183.0,390512,private_ip,outlier,outlier,1.0,1.0,61.0,E,0.851695417576056,5
17680,c1ec8f9c-afe0-3daf-8bc8-1ae4c5f151b4,41.77821,0.04,200.0,501339,private_ip,outlier,outlier,1.0,1.0,8.0,E,0.8514362024598252,5
25468,70182d22-0cd5-3346-9108-7d54fd2cc410,0.073778534923339,0.0340715502555366,587.0,2599,private_ip,outlier,outlier,29.0,1.0,20.0,F,0.836339555390994,5
27450,05dc072b-b1cf-3c6a-9d15-5c70956fbdb2,0.0545025817555938,0.0413080895008605,581.0,1900,private_ip,outlier,outlier,25.0,1.0,24.0,F,0.8334204463294894,5
23811,25dabbfc-bd81-3768-ab5c-72b356654118,0.3099343434343434,0.0488215488215488,594.0,11047,private_ip,outlier,outlier,16.0,1.0,29.0,F,0.8296539648787712,4
34412,da87163f-6a24-39fc-a79f-1b05f00610de,944.4231428571428,0.1428571428571428,7.0,396658,datacenter,outlier,outlier,1.0,1.0,1.0,F,0.8241263472478337,5
26978,457c098a-e062-3bb6-9d68-59102e9e49f4,596.36225,0.75,4.0,143127,private_ip,outlier,outlier,1.0,1.0,3.0,F,0.8236756769316821,5
9901,c029d1d9-12a9-3159-b9f5-b01d2ed45888,0.105788767812238,0.0268231349538977,1193.0,7573,private_ip,outlier,outlier,1.0,1.0,32.0,E,0.8235302273068786,5
13894,ba176141-b5d9-31b5-a55a-0905f7f5ef91,0.0282707112970711,0.0234309623430962,1195.0,2028,private_ip,outlier,outlier,1.0,1.0,28.0,E,0.8220249919028294,5
1034,e8078de3-909b-39f8-b2a8-9ec9627ee4e7,28.20842,0.2,200.0,338502,private_ip,outlier,outlier,1.0,1.0,40.0,E,0.8197121690618154,4
21202,84e7af3e-296c-3275-bccd-d89b6616716d,711.3425405405405,0.027027027027027,37.0,1579181,default,outlier,outlier,1.0,1.0,1.0,F,0.816409300514483,4
33891,2d4f5431-a053-3353-b05d-e0a0e0273ebd,0.0135307692307692,0.0384615384615384,390.0,317,private_ip,outlier,outlier,55.0,1.0,15.0,F,0.8155909459467297,5
30304,e5816afa-96b8-3d0c-ba68-1030bdf6c579,957.5571666666666,0.1666666666666666,6.0,344721,datacenter,outlier,outlier,1.0,1.0,1.0,F,0.8124624562506414,5
1031,e3f16723-eaa4-334e-99ff-dddc99435662,0.0040665499124343,0.0367775831873905,2284.0,558,default,outlier,outlier,165.0,1.0,84.0,E,0.8120695339479995,5
21277,821a754b-7730-37f1-9934-58a916a72cbf,0.0360847280334728,0.0397489539748954,478.0,1035,private_ip,outlier,outlier,24.0,1.0,19.0,F,0.8119184898956182,5
9987,bcdf67cc-68e4-3010-a534-31658408bfb0,0.0035425183973834,0.0347506132461161,2446.0,520,default,outlier,outlier,183.0,1.0,85.0,E,0.810930847472987,5
12172,b6ebf444-642b-390d-b858-98889746a54f,0.0034492170969107,0.0355480321625052,2363.0,490,default,outlier,outlier,172.0,1.0,84.0,E,0.8103617930777145,5
26225,c4d20459-4a81-3301-8131-7c56c62e238e,0.1773475728155339,0.0446601941747572,515.0,5481,private_ip,outlier,outlier,21.0,1.0,23.0,F,0.810177339691117,4
4585,ee54a555-ad47-355f-a2bc-6ed97d2a0548,0.0035169197396963,0.0364425162689804,2305.0,487,default,outlier,outlier,170.0,1.0,84.0,E,0.8097929311570922,5
15316,59fafe01-300e-3a0e-93ac-f07b6ecce438,0.0036809935205183,0.0362850971922246,2315.0,512,default,outlier,outlier,164.0,1.0,84.0,E,0.8097929311570922,5
27759,b449448b-b121-3dce-9a3c-3f96ad9d32f2,0.1970921610169491,0.0466101694915254,472.0,5582,private_ip,outlier,outlier,20.0,1.0,22.0,F,0.8074916948498408,4
12713,a43f8865-27bd-3f67-b1ea-5f9088a53dbb,0.0033358407079646,0.0371681415929203,2260.0,453,default,outlier,outlier,172.0,1.0,84.0,E,0.8073511454374702,5
23169,7270b95c-b116-34c9-833c-5504536c1ef7,632.3497021276596,0.0212765957446808,47.0,1783227,default,outlier,outlier,1.0,1.0,1.0,F,0.806826917301074,4
12142,6dcfa6ba-f6c0-3451-83c0-f0495d12347c,1.675977653631285e-05,0.2472067039106145,716.0,1,default,outlier,outlier,595.0,1.0,177.0,E,0.8052713248547159,5
16157,e55ad05c-c50e-39ac-8811-f2addf93b723,25.638413612565444,0.2460732984293193,191.0,293817,private_ip,outlier,outlier,1.0,1.0,47.0,E,0.8045016948286532,4
29778,8e900e2e-16ed-3e19-af2b-7bb05985692f,416.9713333333333,0.6666666666666666,6.0,150110,private_ip,outlier,outlier,1.0,1.0,4.0,F,0.8026021714848043,4
6972,03224686-875c-3163-a840-54a467bb07e3,0.0041606969990319,0.0406582768635043,2066.0,516,default,outlier,outlier,163.0,1.0,84.0,E,0.8021726938099316,5
24446,c0ebdf5e-2f1b-3836-99a8-3c508bb1385a,0.2023977528089887,0.049438202247191,445.0,5405,private_ip,outlier,outlier,19.0,1.0,22.0,F,0.7999391557557806,4
16373,7d56e99d-5bcf-310f-8aa8-4dda908e9e4a,24.30963402061856,0.2319587628865979,194.0,282965,private_ip,outlier,outlier,1.0,1.0,45.0,E,0.798088367155502,4
20334,5b909d47-b6ce-36ef-b5e4-6ea7b51b9883,705.8597931034483,0.0344827586206896,29.0,1228197,default,outlier,outlier,1.0,1.0,1.0,F,0.7976465603522855,4
19826,2464cf06-719b-33d1-9137-72b6cf3b3fc9,684.291,0.125,8.0,328460,datacenter,outlier,outlier,1.0,1.0,1.0,F,0.7957961480830306,5
11717,b660a673-2d72-30d8-bbf8-c1a55459009f,0.0057535436671239,0.0365797896662094,2187.0,755,default,outlier,outlier,152.0,1.0,80.0,E,0.7941309510127005,5
20900,0d6845a8-c2e9-3372-b8d6-d37461ab3652,0.3420079365079365,0.0767195767195767,378.0,7757,private_ip,outlier,outlier,16.0,1.0,29.0,F,0.7905901844195046,4
24625,fc7c869e-bd8d-30b3-9f77-2a48ffe99167,779.2886666666666,0.1666666666666666,6.0,280544,datacenter,outlier,outlier,1.0,1.0,1.0,F,0.7877850776554239,5
7307,c28f2a0e-919b-3a43-b01a-18d940324476,1021.3685625,0.3125,16.0,980514,default,outlier,outlier,1.0,1.0,5.0,E,0.7872281690221895,3
25265,e36c374b-f5b6-331c-925b-6a70b4c63505,80.00110714285715,0.0535714285714285,56.0,268804,private_ip,outlier,outlier,1.0,1.0,3.0,F,0.7871667109660817,4
21017,66f09ddf-c52b-320a-9a4a-9a298e17eda6,76.65654545454545,0.9090909090909092,22.0,101187,private_ip,outlier,outlier,1.0,1.0,20.0,F,0.7859445265648035,4
19605,713cbdbf-e3d7-3422-9b06-d1f03d06a7fa,0.3220876963350785,0.0654450261780104,382.0,7383,private_ip,outlier,outlier,16.0,1.0,25.0,F,0.785762647400594,4
9677,1d50712b-068e-33b4-9846-84e55ab93746,43.23704918032787,0.2049180327868852,122.0,316496,private_ip,outlier,outlier,1.0,1.0,25.0,E,0.7850499635612073,4
8263,68ee8561-0caa-325a-b13a-cf49810762fd,0.0001333333333333,0.0358974358974358,195.0,2,private_ip,outlier,outlier,174.0,1.0,7.0,E,0.7847009238327918,5
31477,54a4ba7d-ec59-3874-9c8a-6789a675e1eb,0.0200304498269896,0.0657439446366782,15.706521739130435,1737,default,Normal,normal,143.0,92.0,95.0,F,0.7841891632656834,4
25326,9e3bcf2b-9d3d-38e8-816c-d545b68cef55,80.6028,0.95,20.0,96724,private_ip,outlier,outlier,1.0,1.0,19.0,F,0.7839292654934984,4
33594,5b5db38d-3310-3be4-817a-280db03f3778,54.20814285714285,0.9523809523809524,21.0,68303,private_ip,outlier,outlier,1.0,1.0,20.0,F,0.7827858942412367,3
28013,a619ecbf-735d-30f4-987d-348e7d6658b7,0.4505620253164556,0.0582278481012658,395.0,10679,private_ip,outlier,outlier,19.0,1.0,23.0,F,0.7800586838015515,4
32848,2c9a588f-414d-3a03-9ca6-cf9ad616c5f4,472.35723076923074,0.0769230769230769,13.0,368439,datacenter,outlier,outlier,1.0,1.0,1.0,F,0.7791652988978233,5
1734,13e983cc-df14-3d4b-925b-664906025816,297.6823333333333,0.8333333333333334,6.0,107166,private_ip,outlier,outlier,1.0,1.0,5.0,E,0.7783388524139812,4
30072,068f2cf4-c998-31e8-869d-9af70b4c0f74,58.43583636363636,0.4727272727272727,55.0,192839,private_ip,outlier,outlier,1.0,1.0,26.0,F,0.7779244093006791,4
26119,996c3790-faeb-34e9-8b08-614b989e80ed,0.0104859114433582,0.0506037952846463,18.305263157894736,1095,default,Normal,normal,146.0,95.0,88.0,F,0.7773006525260369,4
10852,37054f6f-9345-3087-9687-f03d9601386c,77.08255555555556,0.2361111111111111,72.0,332997,private_ip,outlier,outlier,1.0,1.0,17.0,E,0.7772401669176746,4
21038,a1f476fa-f6da-35d7-bc42-92ca4c60246d,250.79414285714287,0.8571428571428571,7.0,105334,private_ip,outlier,outlier,1.0,1.0,6.0,F,0.7749693233466777,4
24901,1df5b811-8154-31c1-9b5b-0960537eaaab,813.5473333333334,0.0666666666666666,15.0,732193,default,outlier,outlier,1.0,1.0,1.0,F,0.773694188495863,4
22563,85240f93-00eb-30cb-ba2b-82fc68e076e1,72.49139393939393,0.6666666666666666,33.0,143533,private_ip,outlier,outlier,1.0,1.0,22.0,F,0.7730245868623112,4
34146,71307d0c-8c5e-3d4f-9f03-f2edef27b6f2,0.1983466076696165,0.0648967551622418,339.0,4035,private_ip,outlier,outlier,14.0,1.0,22.0,F,0.7728509416510573,4
109,5b2680f7-cd8a-3848-ba2b-b3dab4a1c66d,4e-05,0.0278787878787878,3.767123287671233,2,default,BingPreview/1.0b,bot,631.0,219.0,23.0,E,0.7725300522459402,4
28379,d11119c6-8bdf-302e-bb73-a4df76e32bed,0.0490331284664967,0.0103432768700344,69.48958333333333,19626,default,Normal,normal,117.0,96.0,69.0,F,0.7723645287308666,4
31553,71845c4a-f739-3241-a8d2-1f91088a8469,0.2873679245283019,0.0754716981132075,318.0,5483,private_ip,outlier,outlier,15.0,1.0,24.0,F,0.771821303808327,4
32721,93e34201-61ce-369a-b6ef-58628498a369,10.684602870813396,0.1196172248803827,209.0,133985,private_ip,outlier,outlier,1.0,1.0,25.0,F,0.7716082395079964,4
12822,b8f464ca-c671-376f-bfc3-9766a0b43fa9,3.295310519645121e-05,0.0291508238276299,3.602739726027397,2,default,BingPreview/1.0b,bot,600.0,219.0,23.0,E,0.771418108595218,4
8473,c6a1b30b-eb58-3358-a63f-7205000e98e5,16.87733163265306,0.2346938775510204,196.0,198478,private_ip,outlier,outlier,1.0,1.0,46.0,E,0.7712933181658949,4
33673,69052fcc-c25b-3734-a72b-5f9fb79a72e6,251.5113333333333,0.7777777777777778,9.0,135817,private_ip,outlier,outlier,1.0,1.0,7.0,F,0.7707135858574371,4
12329,52de4fd7-4003-3d57-9ddd-b62b874bb94d,21.24955782312925,0.2653061224489796,147.0,187422,private_ip,outlier,outlier,1.0,1.0,39.0,E,0.7693407380187673,4
33392,afcd8139-4b4f-3907-b800-34d5fed4be69,1.4890979591836735,0.1183673469387755,245.0,21890,private_ip,outlier,outlier,9.0,1.0,29.0,F,0.7691910192292848,3
33573,245f57ff-f1c6-33df-837f-dd8914691c20,58.866,0.8260869565217391,23.0,81236,private_ip,outlier,outlier,1.0,1.0,19.0,F,0.7688451196866996,3
31113,3f8de0e5-2891-3c40-823d-1382c07f7f76,0.2289938650306748,0.0674846625766871,326.0,4480,private_ip,outlier,outlier,15.0,1.0,22.0,F,0.7684891083639386,4
31878,6567fd3d-8967-3644-85da-a64de8ea279b,1.4984100418410042,0.1255230125523012,239.0,21488,private_ip,outlier,outlier,9.0,1.0,30.0,F,0.7665229622033213,3
27226,52ea44c0-ee0f-3e9d-8551-e61b101eca09,0.6908980263157894,0.0921052631578947,304.0,12602,private_ip,outlier,outlier,11.0,1.0,28.0,F,0.766453562628718,4
33499,1bceea5b-3d63-3ab1-a5de-4b5e0ede90b0,533.12364,0.04,50.0,1599371,default,outlier,outlier,1.0,1.0,2.0,F,0.765922377957112,4
14815,27c6f5c9-526e-31e9-a94d-2b1d476454d4,327.37555555555554,0.4444444444444444,9.0,176783,private_ip,outlier,outlier,1.0,1.0,4.0,E,0.7655553889416845,4
8163,2121907a-0f43-3121-9a62-b037d3298bf0,102.87238095238096,0.5476190476190477,42.0,259239,private_ip,outlier,outlier,1.0,1.0,23.0,E,0.7652411107040697,4
12193,f215f480-8e52-3100-aecc-c4746c9af486,21.418460122699383,0.2147239263803681,163.0,209473,private_ip,outlier,outlier,1.0,1.0,35.0,E,0.7647634066331098,4
31982,a0134b50-2af5-3f8e-898b-560962f7dd77,36.916555555555554,0.7222222222222222,36.0,79740,private_ip,outlier,outlier,1.0,1.0,26.0,F,0.7640874369671008,3
8908,3032e252-0145-3f65-90d2-67cdf096b197,109.97345,0.55,40.0,263937,private_ip,outlier,outlier,1.0,1.0,22.0,E,0.7635482097442813,4
11380,f6fe715c-2667-303d-a159-2d794705e572,0.0249920382165605,0.2197452229299363,314.0,471,private_ip,outlier,outlier,10.0,1.0,69.0,E,0.7609460715918593,5
883,49b2aad7-6c4f-3173-8102-5195fcf60772,17.728387978142077,0.180327868852459,183.0,194658,private_ip,outlier,outlier,1.0,1.0,33.0,E,0.7607094779479808,4
16400,01f65a4d-d5ba-324b-a793-8d4bd663e14a,57.92659722222222,0.375,72.0,250243,private_ip,outlier,outlier,1.0,1.0,27.0,E,0.7596555665245507,4
20468,decfe046-b80c-315e-a13f-d9ede4b841cc,0.5372367601246105,0.0623052959501557,321.0,10348,private_ip,outlier,outlier,15.0,1.0,20.0,F,0.7594021956491857,4
11387,01a07012-137a-3073-923e-af98c5f7ebad,17.17050561797753,0.2359550561797752,178.0,183381,private_ip,outlier,outlier,1.0,1.0,42.0,E,0.7589161684558587,4
20085,1a313334-853e-34ff-b4a8-f55f9a588a7d,0.0594762967094255,0.0148726529094627,68.0886075949367,19196,default,Normal,normal,97.0,79.0,80.0,F,0.7587524603882554,4
15973,fcf315f7-0b76-3849-9f44-2187a78b3069,495.5695416666667,0.0416666666666666,24.0,713621,default,outlier,outlier,1.0,1.0,1.0,E,0.7586824813296,2
22364,f2693564-fd21-3590-8157-063d492fc13e,0.9238333333333334,0.125,240.0,13304,private_ip,outlier,outlier,8.0,1.0,30.0,F,0.7586691404381387,3
22339,9926431a-bbdc-3001-a1fc-d419986a4c76,0.0551055744757124,0.0136225129951604,65.63529411764706,18447,default,Normal,normal,108.0,85.0,76.0,F,0.7579804689384544,4
22803,46e2d4d7-583d-3b5a-999c-7cc035f62a6a,631.99715,0.05,20.0,758397,default,outlier,outlier,1.0,1.0,1.0,F,0.7576224725811752,4
31802,75f79982-47a4-376f-a82b-aafe2438a989,0.0770081967213114,0.1024590163934426,244.0,1128,private_ip,outlier,outlier,12.0,1.0,25.0,F,0.7574794920915802,3
7557,9a9185c1-02a8-33c5-af43-c08913bb8c2f,3.104786545924968e-05,0.0349288486416558,3.7892156862745097,2,default,BingPreview/1.0b,bot,542.0,204.0,27.0,E,0.7565565864047561,4
15428,0355d46f-0002-3d56-933b-e875b34a286f,11.56129,0.3,200.0,138736,private_ip,outlier,outlier,1.0,1.0,60.0,E,0.7563947422728984,4
4174,7fdae6e4-ac2a-3818-a6f7-331c9cff0808,4.2836041358936486e-05,0.0457902511078286,3.334975369458128,2,default,BingPreview/1.0b,bot,498.0,203.0,31.0,E,0.7560638897759518,4
30595,6c38945e-dd7e-3df4-b301-820d8d53bc77,0.0623988712065137,0.0149888971132494,65.10843373493977,20233,default,Normal,normal,89.0,83.0,81.0,F,0.7560347518477131,4
1180,8dc57d20-744c-315d-b8e9-3290eb967d25,4.403409090909091e-05,0.0426136363636363,3.78494623655914,2,default,BingPreview/1.0b,bot,512.0,186.0,30.0,E,0.7550892640643505,4
32029,169d7120-d87e-3b25-8abb-9d8b7331c5ac,0.2358682170542635,0.0930232558139534,258.0,3652,private_ip,outlier,outlier,10.0,1.0,24.0,F,0.754449429289473,3
10763,65b83579-e88d-3d8d-a82b-d3890a37437e,5.649717514124294e-05,0.0602636534839924,2.765625,2,default,BingPreview/1.0b,bot,494.0,192.0,32.0,E,0.7544129590516859,4
26606,1686ffd4-36fc-3e08-a28b-0894aab3b07f,0.5915527426160339,0.1054852320675105,237.0,8412,private_ip,outlier,outlier,10.0,1.0,25.0,F,0.7528445404665167,3
9481,0adbc822-1ac5-3c76-9f2e-30cc81e13793,41.49808602150538,0.2903225806451613,93.0,231560,private_ip,outlier,outlier,1.0,1.0,27.0,E,0.7527821876681807,4
16725,a8fd847c-fc22-3e2e-9ad5-0809d020b403,0.0036875600384245,0.0374639769452449,41.64,922,default,Normal,normal,137.0,100.0,156.0,E,0.7526165861314822,4
20649,059ba3c3-2a1e-307d-b5b8-ca834dd27c12,0.4434757281553398,0.0744336569579288,309.0,8223,private_ip,outlier,outlier,12.0,1.0,23.0,F,0.7522338866192592,3
33907,5f6cf9fa-432c-338c-9173-8c232f9007b9,2.493540284360189,0.1421800947867298,211.0,31569,private_ip,outlier,outlier,8.0,1.0,30.0,F,0.7522164871110706,3
33893,36418183-d4a9-36c3-9b0b-a0a698a38bd2,0.4948721804511278,0.0864661654135338,266.0,7899,private_ip,outlier,outlier,13.0,1.0,23.0,F,0.7511297177926628,3
19691,805315c5-a003-3cbd-b492-6fbc47c8194d,0.626125,0.0735294117647058,272.0,10219,private_ip,outlier,outlier,13.0,1.0,20.0,F,0.7507741903607728,3
15140,7f742073-ccd8-3c33-ac7d-13be88bbe76c,3.137254901960784e-05,0.0352941176470588,4.005235602094241,2,default,BingPreview/1.0b,bot,519.0,191.0,27.0,E,0.7506705037078707,4
15906,1cba4d92-926f-3fd9-ad50-56a9ad26c871,2.661064425770308e-05,0.0378151260504201,3.5172413793103448,2,default,BingPreview/1.0b,bot,522.0,203.0,27.0,E,0.7506705037078707,4
31558,7e811c0b-57aa-3dc0-af5b-cf5aabbbd714,474.0728727272728,0.0545454545454545,55.0,1564441,default,outlier,outlier,1.0,1.0,3.0,F,0.7505459130133026,3
16434,5dd7e752-f504-3e04-93c1-405eba63b1fb,12.26120942408377,0.2827225130890052,191.0,140514,private_ip,outlier,outlier,1.0,1.0,54.0,E,0.7504946505692774,4
6470,1865c6e1-9c8e-397e-b4a7-9ae177e78c6a,3.3973412112259975e-05,0.0443131462333825,3.471794871794872,2,default,BingPreview/1.0b,bot,492.0,195.0,30.0,E,0.750144457000344,4
28483,483d875f-f40d-35be-a6ed-62c95fd9b5e8,258.36519540229887,0.0114942528735632,174.0,2697333,default,outlier,outlier,1.0,1.0,2.0,F,0.7496138767786891,4
22738,8df9f7f6-5f4d-3c6e-a980-29cac72e8ef6,3.726640909090909,0.1318181818181818,220.0,49192,private_ip,outlier,outlier,5.0,1.0,29.0,F,0.7492703142586367,4
20791,9ba6e917-505d-389f-ba40-435993fcfb38,0.5095818965517241,0.1163793103448275,232.0,7094,private_ip,outlier,outlier,9.0,1.0,27.0,F,0.7492463340912768,3
20537,becd0b64-2ee6-3a36-b3e4-f329dd5c818d,604.1155652173913,0.0434782608695652,23.0,833680,default,outlier,outlier,1.0,1.0,1.0,F,0.7492438727160208,4
34114,0b259bdd-0b0c-3532-83ab-48291b8d4744,606.2862105263158,0.0789473684210526,38.0,1382333,default,outlier,outlier,1.0,1.0,3.0,F,0.7491573973451635,3
3173,47a70d52-c43c-30a6-a38c-5dd58c6ee081,193.60233333333332,0.7777777777777778,9.0,104546,private_ip,outlier,outlier,1.0,1.0,7.0,E,0.7486963087876003,3
26935,b5c51112-ad37-3940-958c-1345b11622ff,885.2821818181818,0.0909090909090909,11.0,584287,default,AdsBot-Google;Mobile Safari,bot,1.0,1.0,1.0,F,0.7486220533985419,3
27788,1e3db95f-19ca-35ed-9c69-9357312878b2,1484.03375,0.5,8.0,712337,default,outlier,outlier,1.0,1.0,4.0,F,0.7479674282685654,3
11933,063dc3a1-8589-3424-ab1e-0820af9f7399,168.37633333333335,1.0,3.0,30308,private_ip,Yahoo! Slurp;unknown,bot,1.0,1.0,3.0,E,0.7472873674157788,3
895,69a25975-05fe-378d-a054-eeb21ff08fa5,16.16491719745223,0.286624203821656,157.0,152274,private_ip,outlier,outlier,1.0,1.0,45.0,E,0.7470365386214702,4
20950,929ce0fd-91ba-3a91-b5ba-8bb503f46770,28.762347826086955,0.9130434782608696,23.0,39693,private_ip,outlier,outlier,1.0,1.0,21.0,F,0.7467890028233604,3
23318,03894800-814a-30a0-aed5-798ddb95335a,1.8730047846889952,0.1435406698564593,209.0,23488,private_ip,outlier,outlier,8.0,1.0,30.0,F,0.7467662175723074,3
23766,ae0f6b24-c4cd-32b3-80d0-3c4eb37d63d7,939.21525,0.25,12.0,676235,default,outlier,outlier,1.0,1.0,3.0,F,0.7462760348781083,2
20732,fe144363-a97e-364c-93f2-4f7fe4b0e352,418.547963963964,0.063063063063063,111.0,2787530,default,outlier,outlier,1.0,1.0,7.0,F,0.7460992565564948,4
4978,8e42a83b-ef0a-3226-aba1-c9f8408de75e,10.15996,0.29,200.0,121920,private_ip,outlier,outlier,1.0,1.0,58.0,E,0.746029543839396,4
23960,e679215b-91ef-3fd3-950b-0e083df945d6,0.065207760230939,0.0123959925284428,70.10714285714286,23041,default,Normal,normal,99.0,84.0,73.0,F,0.7454254959584371,4
28,560615eb-45d9-3902-b4d8-60d4bb35b8b1,683.7524615384615,0.0769230769230769,13.0,533327,default,outlier,outlier,1.0,1.0,1.0,E,0.7437644349519293,2
24504,68ad3490-fb71-34ed-89fb-eb82c1c4ad07,0.5510247933884298,0.0785123966942148,242.0,8001,private_ip,outlier,outlier,13.0,1.0,19.0,F,0.743569847325067,3
11444,c5613285-3b64-3f3e-8468-3b6a5bbe1ba3,23.089525,0.3666666666666666,120.0,166245,private_ip,outlier,outlier,1.0,1.0,44.0,E,0.7431033694657798,4
24944,b29699de-b481-3d6c-aad5-0cf1a8b41ba5,354.13027450980394,0.0196078431372549,102.0,2167278,default,outlier,outlier,1.0,1.0,2.0,F,0.7426217011525142,4
23713,fff35ef7-33c1-3260-b236-fa656f2d40e9,38.169714285714285,0.9047619047619048,21.0,48094,private_ip,outlier,outlier,1.0,1.0,19.0,F,0.7416171457155627,3
25731,32a24c85-0f47-310a-a8e1-f721e1e15014,37.45138,0.015,200.0,449417,datacenter,outlier,outlier,1.0,1.0,3.0,F,0.7415550841281342,4
17557,8194cfb6-2535-3c2d-94ef-2771f82b618f,5.656934306569344e-05,0.0364963503649635,2.781725888324873,2,default,BingPreview/1.0b,bot,520.0,197.0,20.0,E,0.7412355620319708,4
27318,63a115df-52e2-3491-964e-4e861d6d2719,0.0604911504424778,0.0973451327433628,226.0,821,private_ip,outlier,outlier,11.0,1.0,22.0,F,0.7409662076036237,3
25201,1c43b972-a71d-3c94-97bc-061634897008,47.101689655172414,0.2413793103448276,58.0,163914,private_ip,outlier,outlier,1.0,1.0,14.0,F,0.7406145046091415,3
5737,dc06783e-743f-30fa-8dca-3cff63bab1ab,12.291708542713568,0.2110552763819095,199.0,146763,private_ip,outlier,outlier,1.0,1.0,42.0,E,0.7396831862501492,4
29291,814a9dc9-6f66-3d7d-ac13-e4d23f559a12,0.619572463768116,0.1207729468599033,207.0,7696,private_ip,outlier,outlier,8.0,1.0,25.0,F,0.739245787701305,3
27624,00875271-5d16-37eb-8be6-a93fd0605891,0.0707801348462423,0.0101956914981088,69.10227272727273,25825,default,Normal,normal,109.0,88.0,62.0,F,0.7388322276976149,4
20886,d669a47c-7e77-3238-a64b-6dbeb1dbf493,920.733,0.4,5.0,276220,datacenter,outlier,outlier,1.0,1.0,2.0,F,0.7387933724510506,4
7439,55d3f382-f843-3fd7-8969-1b0190d6407a,4.909090909090909e-05,0.0581818181818181,3.0726256983240225,2,default,BingPreview/1.0b,bot,439.0,179.0,32.0,E,0.7383306690669812,4
24811,27d8f108-ef17-318f-8677-e714d46b91cd,0.7280169082125604,0.1400966183574879,207.0,9042,private_ip,outlier,outlier,8.0,1.0,29.0,F,0.7376158460412794,3
18488,b2090a66-f70a-330d-92b1-7914e5ae0364,3.005212264150944,0.1273584905660377,212.0,38227,private_ip,outlier,outlier,5.0,1.0,27.0,F,0.7375254188498185,3
22540,36a5e7d0-dcf4-3279-a144-98b4ef3f7b3f,2.3980277777777776,0.1722222222222222,180.0,25899,private_ip,outlier,outlier,7.0,1.0,31.0,F,0.7367751435491271,3
25871,dc6517ec-8cc1-3d5c-86c0-de60976a4494,0.7888317757009345,0.1121495327102803,214.0,10129,private_ip,outlier,outlier,9.0,1.0,24.0,F,0.7365235901569154,3
29468,934292b0-36ac-3b1a-99e6-091c09d36730,0.0161039084842707,0.0714966634890371,12.488095238095235,1014,default,Normal,normal,119.0,84.0,75.0,F,0.7364695722517904,4
22113,b15ec9aa-54ed-3c09-ad21-96ea689e239a,1.3307783251231526,0.1280788177339901,203.0,16209,private_ip,outlier,outlier,9.0,1.0,26.0,F,0.7350776121205418,3
20960,b4ec3ae1-c1e9-39ee-ba10-bc1940161308,30.503,0.875,24.0,43925,private_ip,outlier,outlier,1.0,1.0,21.0,F,0.7346273113586549,3
25674,a0069b44-15bb-3cf0-bd90-6fd6dc2f84dd,0.0123979475484606,0.072976054732041,9.853932584269662,653,default,Normal,normal,135.0,89.0,64.0,F,0.7345932880825663,4
27638,262094e9-9242-3265-80d8-58c92a1320fe,0.017101409978308,0.0737527114967462,10.359550561797754,947,default,Normal,normal,117.0,89.0,68.0,F,0.7342903282360204,4
4884,a45fd2b9-f279-3a4e-89ce-dd30599cd287,0.0116261928265876,0.029285949325436,60.78,4240,default,Normal,normal,107.0,100.0,178.0,E,0.7342143172630189,4
12253,865364b3-f171-30f0-a650-09beeb71034f,0.0125278996101364,0.0166910331384015,82.08,6170,default,Normal,normal,108.0,100.0,137.0,E,0.7340355924382395,4
29244,d4764e34-ebea-3513-80a4-a3f76ddb7b8b,174.25114285714287,0.7142857142857143,7.0,73186,private_ip,outlier,outlier,1.0,1.0,5.0,F,0.7340347558309838,3
23035,f0b610bc-0af8-31b5-ab84-062f46277943,0.0717953872526102,0.0101293439301854,77.3132530120482,27643,default,Normal,normal,97.0,83.0,65.0,F,0.7332834942434421,4
25490,a8f5ae42-5b31-3b61-bee1-03168334ed34,22.151478260869563,0.9130434782608696,23.0,30570,private_ip,outlier,outlier,1.0,1.0,21.0,F,0.7321874628636018,3
25194,0cde0339-0fe3-36cb-bb39-9fad254acec9,22.220409090909094,0.9090909090909092,22.0,29331,private_ip,outlier,outlier,1.0,1.0,20.0,F,0.7316450423112666,3
26468,8db80050-38e0-3c45-b3e7-d2d7e1bbd777,0.3751593137254902,0.0980392156862745,204.0,4592,private_ip,outlier,outlier,10.0,1.0,20.0,F,0.7314352092416144,3
21983,4335e56f-3d59-3e03-92fa-29b1def5b4cc,0.0653049953459509,0.0100837728824076,79.58024691358025,25258,default,Normal,normal,92.0,81.0,65.0,F,0.7310009968574933,4
22813,6bd388b2-705b-3294-ba6e-1a3f35d46d21,0.9229352331606218,0.1243523316062176,193.0,10688,private_ip,outlier,outlier,8.0,1.0,24.0,F,0.7309161973894954,3
23136,1dc9ab6d-4ab0-3239-83e8-d7cf7637d3e9,11.383342857142855,0.2476190476190476,105.0,71716,private_ip,outlier,outlier,4.0,1.0,26.0,F,0.7308706672307844,3
33297,8019bdaf-fee6-3edd-94f7-694ee33768dc,421.4773,0.1,10.0,252887,datacenter,outlier,outlier,1.0,1.0,1.0,F,0.7306152684768707,3
19824,1d37611a-d9d3-37b1-b483-e20e5d3b1263,33.33598214285715,0.75,28.0,56005,private_ip,outlier,outlier,2.0,1.0,21.0,F,0.729897021263399,3
34159,a02cc39d-10cd-3fa8-8dfb-4d9e55f6fdff,630.6825625,0.0625,16.0,605456,default,outlier,outlier,1.0,1.0,1.0,F,0.7283591355778242,2
25101,d89a631c-2704-3de2-b1ea-b298df1c1372,154.07152,0.01,200.0,1848859,default,outlier,outlier,1.0,1.0,2.0,F,0.7278230410336773,4
27789,1fcf7876-0f19-324a-a236-4b8e5f3f9b56,18.404565217391305,0.9130434782608696,23.0,25399,private_ip,outlier,outlier,2.0,1.0,21.0,F,0.7271894478288186,3
32375,5ad3d19c-cb44-3a98-be97-817538df3230,149.40679999999998,0.8,5.0,44823,private_ip,outlier,outlier,1.0,1.0,4.0,F,0.7269591938104709,3
4320,eb98f2b6-7ef4-3cbd-9665-2ecfece77683,6.769818181818182,0.2777777777777778,198.0,80426,private_ip,outlier,outlier,1.0,1.0,55.0,E,0.7260892992175078,4
32924,1e347c6b-79ea-38a1-8337-96d78200343f,25.11672,0.84,25.0,37676,private_ip,outlier,outlier,1.0,1.0,21.0,F,0.726054486883091,3
14311,f56eb3a5-d4a3-370a-8d3e-908109bbcdae,2.0419269521410577,0.017632241813602,397.0,48639,private_ip,outlier,outlier,1.0,1.0,7.0,E,0.7254729060208939,3
17428,f4690a58-fca4-33b8-9498-64b2d1f06802,5.405405405405406e-05,0.0456081081081081,3.4022988505747125,2,default,BingPreview/1.0b,bot,422.0,174.0,27.0,E,0.7253029782164859,4
24353,ae57543e-c0c2-3027-8948-15009b890405,0.0604364615024572,0.0159138778375848,56.973333333333336,15495,default,Normal,normal,103.0,75.0,68.0,F,0.725079698163513,4
1583,2c057ec7-4400-3239-aaf1-2fd34a8ec239,10.31018,0.18,200.0,123723,private_ip,outlier,outlier,1.0,1.0,36.0,E,0.7249151910898756,4
8419,20d85dca-ee9f-3ccd-8783-7c48f964f223,5.656565656565657e-05,0.0525252525252525,2.861271676300578,2,default,BingPreview/1.0b,bot,444.0,173.0,26.0,E,0.7248748821752702,4
21895,0f81ec71-b973-37d2-b5b5-05eea9cf39c5,0.9480922330097088,0.1262135922330097,206.0,11719,private_ip,outlier,outlier,6.0,1.0,26.0,F,0.7242681058436002,3
32807,a5aa1856-3370-31df-ad8d-71faee2aecf7,19.412,0.95,20.0,23295,private_ip,outlier,outlier,1.0,1.0,19.0,F,0.7240981720047551,3
30608,89fce233-11f1-3455-bafd-f8edec694016,383.8150909090909,0.0909090909090909,11.0,253318,datacenter,outlier,outlier,1.0,1.0,1.0,F,0.7240512510906008,3
25414,c566cfd7-29b8-3b0f-ac21-60f6a3fccde0,744.962,0.1428571428571428,14.0,625769,default,outlier,outlier,1.0,1.0,2.0,F,0.7240254138987269,2
26294,855d81cf-3b02-3833-a891-73a28dac230f,0.0792360449285228,0.0108917631041524,76.31168831168831,27936,default,Normal,normal,90.0,77.0,64.0,F,0.7235876777514535,4
24260,6dc27808-e021-32f1-b3f4-d70003808438,18.452136363636363,0.9090909090909092,22.0,24357,private_ip,outlier,outlier,1.0,1.0,20.0,F,0.7227764411795503,3
23382,9a9065a5-f36c-3c99-b0c5-2cac10bea04d,111.64155555555556,0.7777777777777778,9.0,60287,private_ip,outlier,outlier,1.0,1.0,7.0,F,0.7215493949097209,3
27200,08a24527-18df-3c74-8dcf-984e9fb60224,0.0089272340425531,0.0391489361702127,11.989795918367347,630,default,Normal,normal,152.0,98.0,46.0,F,0.7211213748187225,4
17202,5f53fb1e-7795-3fa4-aa26-a16f61879819,5.1764705882352943e-05,0.0658823529411764,2.7777777777777777,2,default,BingPreview/1.0b,bot,407.0,153.0,28.0,E,0.7208043513028182,4
32568,ccb24f41-d3fc-3fb2-94d8-058c7dde2c23,0.0375622406639004,0.0774550484094052,7.53125,1630,default,Normal,normal,118.0,96.0,56.0,F,0.7205346364491871,4
15460,59ad2597-0d83-3302-bc26-8466eeef055e,0.000165366972477,0.0243119266055045,2180.0,22,default,outlier,outlier,122.0,1.0,53.0,E,0.7204807382184093,4
16813,c6f92c5f-059e-3e96-9404-0e23294ddcd8,0.0003648247177658,0.0338680926916221,1683.0,37,default,outlier,outlier,127.0,1.0,57.0,E,0.7204053527623339,5
7461,9229f563-0bf3-394d-ba82-37200901adc1,11.195155000000002,0.135,200.0,134342,private_ip,outlier,outlier,1.0,1.0,27.0,E,0.7202219068658979,3
9338,7391d0c0-cd06-38c8-ab44-6bc180e4f754,12.502810344827587,0.2126436781609195,174.0,130530,private_ip,outlier,outlier,1.0,1.0,37.0,E,0.7198955870687522,4
15128,69cbf688-946a-3bab-8f44-19a1b54936c6,7.654320987654322e-05,0.0641975308641975,2.6298701298701297,2,default,BingPreview/1.0b,bot,383.0,154.0,26.0,E,0.7195831508057419,4
30042,a9d59f95-e4cc-32ca-8f97-250a9b72a67f,13.941333333333334,0.9523809523809524,21.0,17567,private_ip,outlier,outlier,1.0,1.0,20.0,F,0.719191824664079,3
11981,a195f866-715b-3abc-9bc7-708819cb0a6d,9.631129411764707,0.3058823529411765,170.0,98238,private_ip,outlier,outlier,1.0,1.0,52.0,E,0.7189397581590109,4
29578,c4969305-28c5-3acc-8679-5d91776cc432,23.91521739130435,0.391304347826087,69.0,99009,private_ip,outlier,outlier,2.0,1.0,27.0,F,0.7186604338850151,3
12936,350657e3-bc6e-33c6-911f-24318e1465bf,5.778643216080402,0.2964824120603015,199.0,68997,private_ip,outlier,outlier,1.0,1.0,59.0,E,0.7182832132958132,4
13397,96eee616-6511-333a-809c-aa39cce5a9ef,2.0379457671957675,0.0317460317460317,378.0,46221,private_ip,outlier,outlier,1.0,1.0,12.0,E,0.7181945499939038,3
30816,c5b96c8f-b589-385f-9ef4-1aec6c16a758,0.0188475967174677,0.0679953106682297,9.271739130434783,965,default,Normal,normal,115.0,92.0,58.0,F,0.7180996662780477,4
14747,8953346b-39dc-31f8-adea-dcd45ea888b5,4.71311475409836e-05,0.0389344262295082,2.7111111111111112,2,default,BingPreview/1.0b,bot,465.0,180.0,19.0,E,0.7179669225638158,4
8397,e6ea414e-a830-3d70-b706-a890a3a07362,20.05641958041958,0.1468531468531468,143.0,172085,private_ip,outlier,outlier,1.0,1.0,21.0,E,0.7178230127525496,3
22844,b88a3f8c-19d7-3d91-a098-1705ff6d72c0,934.4795833333334,0.5,12.0,672826,default,outlier,outlier,1.0,1.0,6.0,F,0.7177827249545057,2
16639,98cf7f2c-fc47-3a22-92d4-dc9679d461ca,10.30415652173913,0.4782608695652174,115.0,71099,private_ip,outlier,outlier,1.0,1.0,55.0,E,0.7177365679247061,3
32701,5ed8e7d1-330e-3f6b-8489-5741922e6416,2.397638655462185,0.1092436974789916,119.0,17120,private_ip,outlier,outlier,16.0,1.0,13.0,F,0.7176600146975258,3
16081,22327ffd-cad2-3f91-9c17-1dec520a54eb,1483.9342,0.2,5.0,445181,default,BingPreview/1.0b;unknown,bot,1.0,1.0,1.0,E,0.7175894010539725,4
2620,2d398a56-4233-34a5-926a-8db2d2e06061,0.9940987341772152,0.0227848101265822,395.0,23561,private_ip,outlier,outlier,1.0,1.0,9.0,E,0.7168948095623202,3
33880,039429f4-d1f4-3987-b15f-d1d35769cf35,0.6858174603174604,0.119047619047619,126.0,5185,private_ip,outlier,outlier,17.0,1.0,15.0,F,0.7165466440268432,3
22409,82f3d212-f085-38c2-a20c-2961fefddd5e,104.297,0.8333333333333334,6.0,37547,private_ip,outlier,outlier,1.0,1.0,5.0,F,0.7164766709281764,3
2572,a22ab638-1c6b-30ab-b802-6278aff1b1bd,5.922551252847381e-05,0.0751708428246013,3.300751879699248,2,default,BingPreview/1.0b,bot,358.0,133.0,33.0,E,0.7164163430993764,4
25287,2a8573f2-492e-328a-b43d-00294547ab44,1.3643529411764703,0.1229946524064171,187.0,15309,private_ip,outlier,outlier,3.0,1.0,23.0,F,0.7161829905959675,3
16890,a3aa05e3-f068-3b21-aef8-e04458a174db,13.450638036809815,0.1901840490797546,163.0,131548,private_ip,outlier,outlier,1.0,1.0,31.0,E,0.7161247622435079,3
11866,5202ac1a-fa7b-3c75-bb6e-40ccfa719f2f,38.64501388888889,0.2083333333333333,72.0,166947,private_ip,outlier,outlier,1.0,1.0,15.0,E,0.7155324343713954,3
2173,2f9d582b-dea1-34f0-a4fd-f991dc31e017,7.458857142857143,0.2592592592592592,189.0,84584,private_ip,outlier,outlier,1.0,1.0,49.0,E,0.7154697583181822,3
32842,1f143950-e146-36c4-bdc0-84ea8f782089,16.20945,0.95,20.0,19452,private_ip,outlier,outlier,1.0,1.0,19.0,F,0.7153737537628696,3
30198,8478bbf0-2056-394a-a270-b66ccc99f675,13.34790476190476,0.9523809523809524,21.0,16819,private_ip,outlier,outlier,1.0,1.0,20.0,F,0.7152757109443331,3
30871,83869f77-eb0a-3ade-8e8b-77debd151566,13.381619047619049,0.9523809523809524,21.0,16861,private_ip,outlier,outlier,1.0,1.0,20.0,F,0.7152757109443331,3
6598,962b0e27-ec7c-3a16-9e0c-41e3c62a4eb0,13.09743373493976,0.1686746987951807,166.0,130451,private_ip,outlier,outlier,1.0,1.0,28.0,E,0.715050968732712,3
33452,74dfd102-cb25-3942-bc48-78f78c77554a,783.3999090909091,0.0909090909090909,11.0,517044,default,AdsBot-Google;Googlebot/2.1;Mobile Safari,bot,1.0,1.0,1.0,F,0.7149217962645935,2
29061,84336231-c6c4-3e63-86a5-2055b65e4492,3.9110833333333335,0.1666666666666666,144.0,33792,private_ip,outlier,outlier,6.0,1.0,24.0,F,0.7142422723713987,3
27779,f881c1a3-013e-3da6-847d-1fe55d576d52,4.9622394366197184,0.1830985915492957,142.0,42279,private_ip,outlier,outlier,5.0,1.0,26.0,F,0.7138673074647772,3
8048,eb5665db-309d-3c2e-a2c8-0d818c8f0943,6.91906005221932e-05,0.0678851174934725,2.6783216783216783,2,default,BingPreview/1.0b,bot,356.0,143.0,26.0,E,0.7136734214516389,4
25523,efd72dd0-0850-3b76-a8b8-840c9607b7d2,742.057947368421,0.3157894736842105,19.0,845947,default,outlier,outlier,1.0,1.0,6.0,F,0.7136284368226964,2
21383,e196d5ef-7d62-37dc-a77d-8b17229511ed,0.0124794117647058,0.088235294117647,7.555555555555555,510,default,Normal,normal,114.0,90.0,60.0,F,0.7134498697650998,4
14746,88ef5ae3-8c69-30ec-9911-ddadfd510c2b,9.851095744680851,0.2074468085106383,188.0,111121,private_ip,outlier,outlier,1.0,1.0,39.0,E,0.7134105157262717,3
4826,e628eb43-7c1c-33be-9b94-649f56da33e1,2333.6273333333334,1.0,3.0,420053,default,outlier,outlier,1.0,1.0,3.0,E,0.7132125076529647,4
24011,81e465b4-1372-3f79-a249-aefc1aa97393,487.8109090909091,0.0606060606060606,33.0,965866,default,outlier,outlier,1.0,1.0,2.0,F,0.7129066579426596,2
8840,8f12bd75-123c-3772-b8b1-12c013812a54,6.896551724137931e-05,0.0394088669950738,2.4907975460122698,2,default,BingPreview/1.0b,bot,404.0,163.0,16.0,E,0.712726210196731,4
14073,7f4bfde3-6e6e-3d32-ae9b-477afd4b1b7a,2103.6923333333334,1.0,3.0,378665,default,outlier,outlier,1.0,1.0,3.0,E,0.7126765051124958,4
27282,0989a3f3-f22e-3a07-b90f-1752c52d2865,15.26532142857143,0.2976190476190476,84.0,76938,private_ip,outlier,outlier,3.0,1.0,25.0,F,0.7123020520333178,3
22200,ccbcdadc-f7a1-39b1-84bf-46a7b1a37eab,4.106209790209791,0.1608391608391608,143.0,35232,private_ip,outlier,outlier,6.0,1.0,23.0,F,0.7120601628864284,3
2179,3d064b03-c5d2-35d9-aaca-ad4e1ee9220e,16.5074453125,0.3046875,128.0,126778,private_ip,outlier,outlier,1.0,1.0,39.0,E,0.7119584115565477,3
330,cd3d59bb-dfb5-370b-9972-7034a94db785,11.781603658536586,0.2073170731707317,164.0,115931,private_ip,outlier,outlier,1.0,1.0,34.0,E,0.7115213378230553,3
33875,fccf1379-452a-3e1b-98e4-bfaa083d95f3,0.8536932515337423,0.1595092024539877,163.0,8350,private_ip,outlier,outlier,7.0,1.0,26.0,F,0.7112211166024606,3
13555,89cc92a2-6518-345f-982f-d1d0cfd74672,9.351244897959184,0.3605442176870748,147.0,82478,private_ip,outlier,outlier,1.0,1.0,53.0,E,0.7110463504236381,3
34079,9a29984d-81fe-399f-927e-36149cd960db,1.613453947368421,0.1907894736842105,152.0,14715,private_ip,outlier,outlier,4.0,1.0,29.0,F,0.7107207237224873,3
28762,bcb69a4d-46a9-3bcd-9194-36fd96493ffb,3.14775,0.1710526315789473,152.0,28708,private_ip,outlier,outlier,5.0,1.0,26.0,F,0.7106648892171574,3
2320,e612fefb-474d-3f26-9184-134f07ceec0e,7.284768211920529e-05,0.0375275938189845,2.83125,2,default,BingPreview/1.0b,bot,385.0,160.0,17.0,E,0.7105839451609263,4
24540,da3890ee-3c81-3d5f-96b4-9d890cff2c64,541.0724583333333,0.0833333333333333,24.0,779145,default,outlier,outlier,1.0,1.0,2.0,F,0.7104457790863448,2
20030,656fa932-6aee-3fa8-b40e-404c9a8b2c4b,12.740826086956522,0.9130434782608696,23.0,17583,private_ip,outlier,outlier,1.0,1.0,21.0,F,0.7098160610709932,3
20954,9c87a585-d4b3-368c-a0da-6717b7c4012e,0.0628967236467236,0.0147198480531813,56.91891891891892,15896,default,Normal,normal,95.0,74.0,62.0,F,0.7095859159505561,4
3007,92aa414d-10e3-3478-a3b1-29762d56c183,7.5e-05,0.0522727272727272,2.8947368421052637,2,default,BingPreview/1.0b,bot,380.0,152.0,23.0,E,0.7095448827261406,4
491,9e1b284f-49ae-3874-adff-e4884818f30f,7.575757575757576e-05,0.0555555555555555,2.622516556291391,2,default,BingPreview/1.0b,bot,379.0,151.0,22.0,E,0.709433962301249,4
20878,b0c22af4-341d-3219-af22-1499ff5657fe,0.0062615789473684,0.0705263157894736,11.585365853658535,357,default,Normal,normal,101.0,82.0,67.0,F,0.7093690944771875,4
16496,dd076010-43bd-3853-a5c1-a17fad1a14cd,36.00316071428572,0.5178571428571429,56.0,120971,private_ip,outlier,outlier,1.0,1.0,29.0,E,0.7093690899047483,3
11902,a17e41d0-79a7-38dc-8083-67f4cc138ef3,1.0620962025316456,0.0810126582278481,395.0,25172,private_ip,outlier,outlier,1.0,1.0,32.0,E,0.7092124563265513,3
17837,b39f8671-ca75-335f-b279-ec1cdd3fdda4,0.2808157894736842,0.0526315789473684,38.0,641,private_ip,outlier,outlier,19.0,1.0,2.0,F,0.708522136165058,3
12088,ec53350f-45bb-35c5-9377-e2c45908b877,7.74756,0.21,200.0,92971,private_ip,outlier,outlier,1.0,1.0,42.0,E,0.7085063569024694,3
31485,703576a8-9432-340d-a896-4ffdb3803947,73.79025,0.875,8.0,35420,private_ip,outlier,outlier,1.0,1.0,7.0,F,0.7084111298344301,3
21557,c7a3e20d-e9b8-31ee-a14b-e04e8944ea21,1.6030402684563758,0.1610738255033557,149.0,14332,private_ip,outlier,outlier,7.0,1.0,24.0,F,0.7082713563498402,3
15501,ddbd87e3-b14e-3276-90ae-9b4af96cffb3,83.42184,0.2,25.0,125133,private_ip,outlier,outlier,1.0,1.0,5.0,E,0.7075961123247949,3
15461,5c43b27b-e1db-36d8-a2ab-d5898a23de99,12.00873,0.47,100.0,72053,private_ip,outlier,outlier,1.0,1.0,47.0,E,0.7073559566092464,3
1866,853aff78-9e64-320d-a396-46a57327070c,6.796116504854369e-05,0.0606796116504854,2.942857142857143,2,default,BingPreview/1.0b,bot,344.0,140.0,25.0,E,0.7071764113424941,4
8322,2112fc76-d64a-3503-a694-5abca1aec9eb,3.215189873417722e-05,0.030886075949367,1975.0,4,default,outlier,outlier,82.0,1.0,61.0,E,0.7070568810599561,5
29154,bc3cb505-6a50-3ff0-8318-57fd83af6ab9,16.512,0.8695652173913043,23.0,22787,private_ip,outlier,outlier,1.0,1.0,20.0,F,0.7068688342716857,3
12963,7b2895f5-ad9c-3d11-bfbd-37c39cfcbc45,9.12258549222798,0.2020725388601036,193.0,105640,private_ip,outlier,outlier,1.0,1.0,39.0,E,0.7066508135371796,3
25009,a6cd1f7b-71fd-310e-9a1d-54ed426b820a,0.0751444690265486,0.0143805309734513,64.57142857142857,20380,default,Normal,normal,80.0,70.0,65.0,F,0.7066419889241347,4
16121,a391c6d7-b10f-31d3-8053-5add4a994ec6,11.39671710526316,0.2631578947368421,152.0,103939,private_ip,outlier,outlier,1.0,1.0,40.0,E,0.7066116531928319,3
33978,412d62e0-bbad-39ea-a3d5-3a7b153aa030,0.064540687919463,0.011744966442953,63.57333333333333,18464,default,Normal,normal,98.0,75.0,56.0,F,0.7063803675648361,4
28121,cd02f435-0096-3e33-8e43-c5e03efe64c6,98.86533333333333,0.5833333333333334,12.0,71184,private_ip,outlier,outlier,2.0,1.0,7.0,F,0.7062102421073235,3
10419,82e1b7e3-0866-3c77-885b-d554d5a3c172,5.488988764044945,0.3258426966292135,178.0,58623,private_ip,outlier,outlier,1.0,1.0,58.0,E,0.7062094892375794,3
26248,f92e11f5-c931-395a-8217-940161dbbeb1,12.14455,0.95,20.0,14574,private_ip,outlier,outlier,1.0,1.0,19.0,F,0.7061210601524972,3
2050,90853b35-7eba-3dfc-8997-42b2965f60ab,111.78916666666667,0.8333333333333334,6.0,40245,private_ip,outlier,outlier,1.0,1.0,5.0,E,0.7059010431363725,3
20412,2a0f0c22-d89f-35e1-b7a9-75243a7dafb4,16.71808695652174,0.2898550724637681,69.0,69213,private_ip,outlier,outlier,3.0,1.0,20.0,F,0.7057465218936858,3
15100,1d6d4f6f-7197-33f7-97e5-021630b7dc63,6.05968,0.255,200.0,72717,private_ip,outlier,outlier,1.0,1.0,51.0,E,0.7055607581402624,3
18146,7c46f709-d62b-30ab-8d79-61696752db11,5.587129310344828,0.2327586206896551,116.0,38887,private_ip,outlier,outlier,5.0,1.0,27.0,F,0.7055337577459684,3
914,9210089d-2795-354d-bc82-b2f63d696fba,6.876225641025641,0.2102564102564102,195.0,80452,private_ip,outlier,outlier,1.0,1.0,41.0,E,0.7054517158449247,3
13495,c9a12870-4056-3731-8fa5-af3b4d994319,9.422494897959185,0.1581632653061224,196.0,110809,private_ip,outlier,outlier,1.0,1.0,31.0,E,0.7050012019526365,3
3277,bd390476-7df9-3b2f-9429-5344730378ba,21.48790909090909,0.101010101010101,99.0,127639,private_ip,outlier,outlier,1.0,1.0,10.0,E,0.7046137972185003,3
8796,1d559f3f-16c2-3d48-8feb-fd586e13b275,23.99690099009901,0.2574257425742574,101.0,145422,private_ip,outlier,outlier,1.0,1.0,26.0,E,0.7045902987223363,3
1790,b1a6fc2e-7b8b-38e4-9986-741cd5c37021,1.274856234096692,0.0381679389312977,393.0,30062,private_ip,outlier,outlier,1.0,1.0,15.0,E,0.7044611666364471,3
21164,16fa9292-a276-35b7-9508-2ffb53c88cfe,9.855755681818184,0.2386363636363636,88.0,52039,private_ip,outlier,outlier,4.0,1.0,21.0,F,0.7044056893564312,3
29376,7fc4570f-58ff-3b6f-8342-c23c69026625,3.2105407407407407,0.1777777777777777,135.0,26006,private_ip,outlier,outlier,6.0,1.0,24.0,F,0.7040645853554622,3
6561,1a71f3be-0427-32a4-b0ba-d4e07e59444d,1.8598279569892475,0.3548387096774194,186.0,20756,private_ip,outlier,outlier,1.0,1.0,66.0,E,0.7039478296577427,3
8571,a9c27edc-94c9-36a4-a394-6dc4f60449eb,7.446808510638298e-05,0.0398936170212766,2.629370629370629,2,default,BingPreview/1.0b,bot,373.0,143.0,15.0,E,0.7038140744211725,4
2011,2173898c-7b38-39ed-81ae-ef516dddb036,16.374468253968253,0.2936507936507936,126.0,123791,private_ip,outlier,outlier,1.0,1.0,37.0,E,0.7029155851690005,3
12082,d915efe8-23a6-3adc-9116-a879ab4a8d5d,6.614061855670103,0.211340206185567,194.0,76988,private_ip,outlier,outlier,1.0,1.0,41.0,E,0.7027866315007776,3
25995,43bc2c53-e7a2-3d7c-a4e3-dabb1d373d8a,0.0152237600922722,0.0761245674740484,11.56,792,default,Normal,normal,101.0,75.0,66.0,F,0.7024320504556638,4
28261,5268c01b-6457-3bb4-bcb9-0199c94efe01,2.605807971014493,0.1594202898550724,138.0,21577,private_ip,outlier,outlier,6.0,1.0,22.0,F,0.7022484858491266,3
23235,298dc807-d3f6-3bbc-aa9a-98f8e0e11b9b,454.334,0.1428571428571428,7.0,190821,datacenter,outlier,outlier,1.0,1.0,1.0,F,0.7021995368671452,3
19403,c57c5075-dc0b-3f1a-99c3-19f382a295c8,0.4840065359477123,0.130718954248366,153.0,4444,private_ip,outlier,outlier,7.0,1.0,20.0,F,0.7021741795286961,3
19799,d299f946-9624-3807-a811-9d968834d038,639.7225833333333,0.375,24.0,921201,default,outlier,outlier,1.0,1.0,9.0,F,0.7020599858148352,2
12827,cb23cc5c-de13-324f-96c9-af21a702f52e,9.003939223410241e-05,0.0348902644907146,1777.0,10,default,outlier,outlier,80.0,1.0,62.0,E,0.7017257954708201,5
21024,74d9bcf8-45a7-3934-be1d-a9edc7e7740f,0.068244688827793,0.0152461884528867,54.80821917808219,16383,default,Normal,normal,87.0,73.0,61.0,F,0.7017097003338539,4
487,966e0968-14bf-358d-a1e0-9a8778cdbf6e,7.990314769975787e-05,0.0799031476997578,3.2265625,2,default,BingPreview/1.0b,bot,293.0,128.0,33.0,E,0.7016819625452861,4
2529,42a5099d-cca8-3318-a20f-a25d808f12ec,101.15844444444444,0.3333333333333333,27.0,163877,private_ip,outlier,outlier,1.0,1.0,9.0,E,0.7015286463119371,3
21413,3f588760-6db8-3b35-bd69-fc3b8aad8e3c,1.2815944055944055,0.2237762237762237,143.0,10997,private_ip,outlier,outlier,6.0,1.0,32.0,F,0.7015091923084422,3
28299,dacbcc30-9a93-35f5-b735-10f3f4c544f9,0.0672210558499796,0.0124337545862209,69.09859154929578,19788,default,Normal,normal,90.0,71.0,61.0,F,0.7013218478568851,4
18872,5480c981-c58a-355b-a007-b471f0be7171,134.97,0.4,10.0,80982,private_ip,outlier,outlier,1.0,1.0,4.0,F,0.7013035340314283,3
24468,02370dec-f107-3181-a58e-8a313a063e4a,7.637363636363636,0.9545454545454546,22.0,10082,private_ip,outlier,outlier,1.0,1.0,21.0,F,0.7011616297388847,3
10472,3a8943aa-2a4a-33fc-8cff-5acd06c92ed7,2.0488838383838384,0.2777777777777778,198.0,24341,private_ip,outlier,outlier,1.0,1.0,55.0,E,0.7011503210156217,3
25552,4ac0b3d8-4a82-37a8-832b-9aea7c3268d7,625.12625,0.25,4.0,150031,datacenter,outlier,outlier,1.0,1.0,1.0,F,0.7011474142430147,3
2789,4c17fabe-e232-3c4a-b23d-22bed6532b7a,5.308165,0.02,200.0,63698,private_ip,outlier,outlier,1.0,1.0,4.0,E,0.7008516292420971,3
26130,be8ca619-fa4f-3bd4-af74-dac1a598442d,0.0764934827349645,0.0150926137662931,64.30882352941177,20071,default,Normal,normal,85.0,68.0,66.0,F,0.7007803270512801,4
25524,fa37eed1-9ed0-3340-be08-8cb3ca117ef7,12.78090243902439,0.3292682926829268,82.0,62883,private_ip,outlier,outlier,3.0,1.0,27.0,F,0.7001280237635364,3
30057,d403e610-0336-35ef-8e1a-c0d761c9fc0d,0.539325,0.1,20.0,648,private_ip,outlier,outlier,10.0,1.0,2.0,F,0.700124649113447,3
22672,d15bbb38-ad6b-38e5-ad7f-d847b2b83d47,0.9681172413793104,0.1862068965517241,145.0,8423,private_ip,outlier,outlier,7.0,1.0,27.0,F,0.6998906789564713,3
9214,f05858d9-9a6e-34ca-bac1-4c897f058d12,20.30239814814815,0.1851851851851851,108.0,131560,private_ip,outlier,outlier,1.0,1.0,20.0,E,0.6997896600693883,3
24060,30163ef4-c296-3dab-9349-8b1115e9e55e,1.2416041666666668,0.1145833333333333,96.0,7152,private_ip,outlier,outlier,15.0,1.0,11.0,F,0.699402129661937,3
22399,652377f1-d9b9-30b0-ab35-4261548d2016,32.321655,0.02,200.0,387860,datacenter,outlier,outlier,1.0,1.0,4.0,F,0.6993875005536956,3
20703,a0ba0b6a-7043-37c7-b484-72af88ca8040,9.476631578947368,0.9473684210526316,19.0,10804,private_ip,outlier,outlier,1.0,1.0,18.0,F,0.6992623043942678,3
18149,8291bff8-c75b-3ad3-a71c-395cf06aa853,190.19046666666668,0.025,120.0,1369372,default,outlier,outlier,1.0,1.0,3.0,F,0.6991598830234751,3
19328,d59443b0-ad30-3eb4-a75e-00f07da44650,11.33068,0.88,25.0,16997,private_ip,outlier,outlier,2.0,1.0,22.0,F,0.6990623874416807,3
32644,9c04b942-8c4c-36d1-97e9-2d9fef933cb5,4.915698113207547,0.1886792452830188,106.0,31264,private_ip,outlier,outlier,5.0,1.0,20.0,F,0.6988800408174737,3
5082,96ed1d7b-d039-3512-b1b3-267c115d0c2b,2.959255,0.265,200.0,35512,private_ip,outlier,outlier,1.0,1.0,53.0,E,0.6988328125564474,3
10597,9878054f-780f-3e16-876b-f10420ed421e,8.770251256281407,0.1608040201005025,199.0,104717,private_ip,outlier,outlier,1.0,1.0,32.0,E,0.6984349275034955,3
26251,0709aa10-24c4-343f-abbe-af5d15d52e08,16.409509433962263,0.4528301886792453,53.0,52183,private_ip,outlier,outlier,3.0,1.0,24.0,F,0.6982688120551123,3
15360,ee8f5ae5-19c0-38eb-a139-784e18dd931a,2.113897435897436,0.3025641025641025,195.0,24733,private_ip,outlier,outlier,1.0,1.0,59.0,E,0.6978866385552545,3
30015,510f7c41-11ad-3256-ba10-cf720057383a,0.8832715842414082,0.0075440067057837,1193.0,189674,default,Normal,normal,27.0,3.0,27.0,F,0.6978374555542276,4
14451,84157623-46d4-32af-aa5f-d7d3d5e99f2c,2.9714410256410257,0.2666666666666666,195.0,34766,private_ip,outlier,outlier,1.0,1.0,52.0,E,0.6977707145852038,3
4140,40654973-3488-3a93-8941-0afb6c7f3186,2.0421134020618554,0.3195876288659793,194.0,23771,private_ip,outlier,outlier,1.0,1.0,62.0,E,0.6974506511536387,3
8883,f38d4a76-65e4-3be8-8425-359bb1328d87,1198.7265,0.8333333333333334,6.0,431542,default,outlier,outlier,1.0,1.0,5.0,E,0.697325611309892,3
12919,efe46f52-7a93-3395-b005-5855224b8bec,9.263327956989247,0.1774193548387097,186.0,103379,private_ip,outlier,outlier,1.0,1.0,33.0,E,0.6972630321551933,3
13138,7e8c418e-21aa-3d3e-a1a9-8a025b186cc2,3.894616265750287e-05,0.0320733104238258,1746.0,5,default,outlier,outlier,69.0,1.0,56.0,E,0.6970219255701435,5
32587,05d72f6f-1b6c-3eb5-ab97-4991cdc0064d,12.860644736842104,0.1842105263157894,76.0,58645,private_ip,outlier,outlier,1.0,1.0,14.0,F,0.6970129003296281,3
30689,3def010a-5930-36f5-8ed6-3deb1aa6fb78,873.0787272727273,0.3636363636363636,11.0,576232,default,outlier,outlier,1.0,1.0,4.0,F,0.6970088938011445,2
26880,19557382-31f6-310b-bb60-6bb26a7a853d,0.555292857142857,0.1928571428571428,140.0,4665,private_ip,outlier,outlier,7.0,1.0,27.0,F,0.6968871357617629,3
33562,02d0765d-0d02-3e56-812e-313152e36e60,7.526760869565217,0.9130434782608696,23.0,10387,private_ip,outlier,outlier,2.0,1.0,21.0,F,0.6968621721805845,3
1112,ce2c594c-9800-343f-ad0f-6b112d7bc003,9.33734939759036e-05,0.0933734939759036,2.6991869918699187,2,default,BingPreview/1.0b,bot,292.0,123.0,31.0,E,0.6967952436884475,4
16612,5c23568a-5407-32ef-a6ca-32657007a65c,10.410762711864407,0.1581920903954802,177.0,110563,private_ip,outlier,outlier,1.0,1.0,28.0,E,0.6966679509025561,3
17182,1a7b2116-e563-3897-ab54-93f36e690507,1.6177957532861477e-05,0.025278058645096,1978.0,2,default,outlier,outlier,96.0,1.0,50.0,E,0.696420953243643,4
15562,8d304a02-e292-3396-99d3-0bc6c2836f84,8.238100502512562,0.1407035175879397,199.0,98363,private_ip,outlier,outlier,1.0,1.0,28.0,E,0.6963433060500391,3
31202,70eb2f20-b49c-35f0-b28e-b712cdef30f9,26.69283,0.46,50.0,80079,private_ip,outlier,outlier,2.0,1.0,23.0,F,0.6962866108561526,3
13517,145a6e75-6a02-3d34-a9d2-9770adf33059,5.817445714285714,0.2971428571428571,175.0,61084,private_ip,outlier,outlier,1.0,1.0,52.0,E,0.6960656202764073,3
7359,715452e4-4db5-3820-859c-1968c06862b6,3.2217272727272723,0.2878787878787879,198.0,38275,private_ip,outlier,outlier,1.0,1.0,57.0,E,0.6956544868105399,3
24651,42948890-01f8-3ce6-ba54-253060a14db9,6.712173913043478,0.9130434782608696,23.0,9263,private_ip,outlier,outlier,2.0,1.0,21.0,F,0.6954984516030217,3
21353,765c1d74-cda1-3872-aebc-a3c47081b079,12.65025,0.8333333333333334,24.0,18217,private_ip,outlier,outlier,2.0,1.0,20.0,F,0.6953680214065623,3
1780,96d0c91b-5d7d-30bd-9987-6ef160f55774,9.821428571428572e-05,0.0714285714285714,2.452554744525548,2,default,BingPreview/1.0b,bot,318.0,137.0,24.0,E,0.69486946892497,4
8633,62c70ee8-6fe8-38cd-bf3e-73bafa1eb021,3.902680981595092,0.3680981595092024,163.0,38169,private_ip,outlier,outlier,1.0,1.0,60.0,E,0.6947691876423779,3
18755,fbabe9cf-7ea0-3bce-bbd8-4961f941190c,2.3780227272727275,0.2045454545454545,132.0,18834,private_ip,outlier,outlier,5.0,1.0,27.0,F,0.6946802957113815,3
33607,835b27df-46e2-36f7-bdb0-639f1b041094,0.7087440944881889,0.1889763779527559,127.0,5401,private_ip,outlier,outlier,6.0,1.0,24.0,F,0.6941559135200992,3
19869,930d527c-b67e-35ae-a781-0d0d1f6a6dd6,0.0710232831608654,0.0145813734713076,60.74285714285714,18120,default,Normal,normal,79.0,70.0,62.0,F,0.6941336264843558,4
28165,594433a1-63b2-3b33-8ced-518d33ae6480,1.143221052631579,0.1263157894736842,95.0,6517,private_ip,outlier,outlier,11.0,1.0,12.0,F,0.6941303235731042,3
5499,11106ee8-71b2-316b-af55-52ed936ba834,6.334231805929919e-05,0.0323450134770889,2.748148148148148,2,default,BingPreview/1.0b,bot,336.0,135.0,12.0,E,0.6941125678332342,4
6627,e5feaa70-2ce6-3660-bc34-afc525b983ed,8.088235294117648e-05,0.0465686274509803,2.9565217391304346,2,default,BingPreview/1.0b,bot,399.0,138.0,19.0,E,0.6936091190238504,4
19034,408147e8-7b63-3229-89be-303f1e8361bf,0.3582045454545454,0.1363636363636363,88.0,1892,private_ip,outlier,outlier,15.0,1.0,12.0,F,0.6934971370439459,3
18793,6a32821c-7f67-3369-a937-45a834fbb0bc,2.521229729729729,0.1486486486486486,74.0,11195,private_ip,outlier,outlier,9.0,1.0,11.0,F,0.6933928864510154,3
7521,3e8409cb-3d41-312c-b7e6-36be5425fd14,823.5793636363636,0.3636363636363636,11.0,543563,default,outlier,outlier,1.0,1.0,4.0,E,0.6933647101881382,2
9720,877c9b56-f902-3dcf-923a-f4365f0d66a5,64.47575,1.0,4.0,15475,private_ip,outlier,outlier,1.0,1.0,4.0,E,0.6933379137321753,3
2111,4fc83438-2d4f-3d3c-8674-5f0b30fecf8d,10.357934065934066,0.0769230769230769,182.0,113109,private_ip,outlier,outlier,1.0,1.0,14.0,E,0.6928233864629458,3
14461,b2f53f12-4ed0-303e-8d06-0504b9f3d720,4.638088545326775e-05,0.0365425158116654,1423.0,4,default,outlier,outlier,121.0,1.0,52.0,E,0.6924825608714609,4
6554,0602d7f0-858c-32e3-9fe9-b4e41daa15df,35.44934693877551,0.5510204081632653,49.0,104222,private_ip,outlier,outlier,1.0,1.0,27.0,E,0.69235017588999,3
22102,94b9426b-8c02-3856-902a-dcf0f35c8a4f,0.2372065217391304,0.1413043478260869,92.0,1310,private_ip,outlier,outlier,16.0,1.0,13.0,F,0.6922295287640843,3
18464,6ef83c6c-161c-32df-a512-f340cbbb0cb8,0.0601590812420246,0.0123351765206295,66.22535211267606,16973,default,Normal,normal,87.0,71.0,58.0,F,0.6921399298336973,4
4959,6681ee36-197f-3505-99ce-682f826db144,4.745351648351649,0.2857142857142857,182.0,51820,private_ip,outlier,outlier,1.0,1.0,52.0,E,0.6920841958144412,3
4957,6681ee36-197f-3505-99ce-682f826db144,4.745351648351649,0.2857142857142857,182.0,51820,private_ip,outlier,outlier,1.0,1.0,52.0,E,0.6920841958144412,3
4958,6681ee36-197f-3505-99ce-682f826db144,4.745351648351649,0.2857142857142857,182.0,51820,private_ip,outlier,outlier,1.0,1.0,52.0,E,0.6920841958144412,3
4956,6681ee36-197f-3505-99ce-682f826db144,4.745351648351649,0.2857142857142857,182.0,51820,private_ip,outlier,outlier,1.0,1.0,52.0,E,0.6920841958144412,3
4633,a875dd2c-6449-375b-bc8d-94bec1c44748,134.90025,0.5,8.0,64753,private_ip,outlier,outlier,1.0,1.0,4.0,E,0.6919815081330699,3
16713,9475108b-6a7a-395d-a1e1-cee29d4ab574,2.6789938271604936,0.3518518518518518,162.0,26040,private_ip,outlier,outlier,1.0,1.0,57.0,E,0.6919583038032568,3
28886,3ceae00d-b48f-3eb5-a8c9-4100772e1998,1.364567857142857,0.1642857142857142,140.0,11463,private_ip,outlier,outlier,6.0,1.0,23.0,F,0.6917993850962004,3
14863,a2c75850-fbc0-3c9d-96e5-f65224c555ae,4.106038043478261,0.25,184.0,45331,private_ip,outlier,outlier,1.0,1.0,46.0,E,0.6917934040094289,3
21665,12e1f8b0-3693-3df6-abc7-ee53bf07e9de,0.0076952714535901,0.1225919439579684,8.157142857142857,264,default,Normal,normal,89.0,70.0,70.0,F,0.6917588274188076,4
20531,a62bfedb-a847-3726-a9bd-a74107f38de0,66.80369999999999,0.55,20.0,80165,private_ip,outlier,outlier,1.0,1.0,11.0,F,0.6914693826139113,3
11070,9ce120d1-fa74-3b49-92a8-a63365acfbf7,9.033024844720495,0.2360248447204969,161.0,87260,private_ip,outlier,outlier,1.0,1.0,38.0,E,0.6913919391963115,3
31418,8c1607a0-f1e1-3a3f-9f90-01b7c997eeaa,1132.8686,1.0,5.0,339861,default,outlier,outlier,1.0,1.0,5.0,F,0.6913657788032304,3
15719,1df3fdd3-a53e-35c4-b157-323f74bfb402,8.655077844311378,0.2095808383233532,167.0,86724,private_ip,outlier,outlier,1.0,1.0,35.0,E,0.6913621192985854,3
17566,939246ec-82ca-3108-a92c-a2ad38a9d158,1.890139896373057,0.2901554404145077,193.0,21888,private_ip,outlier,outlier,1.0,1.0,56.0,E,0.6912740968511861,3
33115,44396376-ff1d-3e5d-8431-ad1624f2d159,9.667325,0.005,400.0,232016,datacenter,outlier,outlier,1.0,1.0,2.0,F,0.6911323466420611,5
28890,3f8c6ce2-fdc1-3d8a-bb6c-462f5afaa31a,0.1565681818181818,0.9545454545454546,22.0,207,private_ip,outlier,outlier,2.0,1.0,21.0,F,0.691025635449656,3
22807,4fa032af-4c59-3f04-9c0e-009c1264ce62,0.0976666666666666,0.1666666666666666,120.0,704,private_ip,outlier,outlier,7.0,1.0,20.0,F,0.6905892619484689,3
7480,c671700c-65ec-3fc7-b5cd-0d5c51cd4d17,8.15592,0.11,200.0,97872,private_ip,outlier,outlier,1.0,1.0,22.0,E,0.690450859868531,3
12820,b801259c-5353-3146-8aa2-3e6ee00d1938,3.452419689119171,0.2487046632124352,193.0,39980,private_ip,outlier,outlier,1.0,1.0,48.0,E,0.6903810387923555,3
33980,4571d5a2-af12-3698-b73d-68fbec1efb07,7.780229885057472,0.2413793103448276,87.0,40613,private_ip,outlier,outlier,5.0,1.0,21.0,F,0.6903450813988161,3
13297,5f635c84-f7bf-37e7-9025-d1c2ae79f077,14.328446601941748,0.3883495145631068,103.0,88550,private_ip,outlier,outlier,1.0,1.0,40.0,E,0.6902839538557584,3
4361,960c3c1d-56b5-30b0-8a4b-e420f631ae73,3.626280423280423,0.2592592592592592,189.0,41123,private_ip,outlier,outlier,1.0,1.0,49.0,E,0.6901681696480487,3
25075,6ea37907-829a-3e1f-b3fd-dcadf69f8041,0.1347311827956989,0.1505376344086021,93.0,752,private_ip,outlier,outlier,15.0,1.0,14.0,F,0.6900955121789295,3
21191,69a25592-bf82-3246-ad9a-78f4fa93faaa,0.1567142857142857,0.9523809523809524,21.0,198,private_ip,outlier,outlier,2.0,1.0,20.0,F,0.6900431739657918,3
27081,b002f82f-a836-3120-abef-911be964b967,0.1653571428571428,0.9523809523809524,21.0,209,private_ip,outlier,outlier,2.0,1.0,20.0,F,0.6900431739657918,3
27219,499c994c-8fdc-3138-a450-2734c9c055fe,0.3561764705882353,0.1596638655462184,119.0,2544,private_ip,outlier,outlier,6.0,1.0,19.0,F,0.6900277766690236,3
1921,1ffe32a7-77d7-38fc-9dfd-7d74c72edcdf,66.12814634146342,0.3658536585365853,41.0,162676,private_ip,outlier,outlier,1.0,1.0,15.0,E,0.6900041908719984,3
31592,da00b931-847b-3b6c-b1ad-ce4b55140b82,7.046194915254238,0.1525423728813559,59.0,24944,private_ip,outlier,outlier,4.0,1.0,9.0,F,0.6893246499702546,3
7704,16671aa7-c604-356f-b48f-191793493610,22.03066666666667,0.4666666666666667,75.0,99138,private_ip,outlier,outlier,1.0,1.0,35.0,E,0.6890653862647551,3
4315,da825601-c982-3430-bee0-8a5cd77f4aca,3.2048854166666665,0.25,192.0,36921,private_ip,outlier,outlier,1.0,1.0,48.0,E,0.6890610704411728,3
32358,24520555-5da2-3825-9230-85a423dedd83,22.741130434782608,0.1739130434782608,23.0,31383,private_ip,outlier,outlier,1.0,1.0,4.0,F,0.6889887655875458,3
27556,245e06a7-17df-31b9-b670-d6b988b9293b,68.43983333333333,0.8333333333333334,6.0,24639,private_ip,outlier,outlier,1.0,1.0,5.0,F,0.6888970446236423,3
30145,eb16b4c4-48e9-37dc-bdfb-1d94f4c9e93a,9.095875,0.875,24.0,13099,private_ip,outlier,outlier,2.0,1.0,21.0,F,0.6888244009574728,3
31730,b9cdfb7d-d46a-3ddf-a8df-2f4990033907,0.2225964912280701,0.2456140350877192,114.0,1523,private_ip,outlier,outlier,5.0,1.0,28.0,F,0.6887918671122158,3
19999,1e580de7-8d3b-39b8-aecd-90502220b88b,0.0684047619047619,0.9523809523809524,21.0,87,private_ip,outlier,outlier,2.0,1.0,20.0,F,0.6884592123222477,3
22128,dc1d7f25-e27e-3548-9b27-b62c9d4df4e3,0.0475714285714285,0.9523809523809524,21.0,60,private_ip,outlier,outlier,2.0,1.0,20.0,F,0.6884592123222477,3
29686,3b51e56e-eeea-31c3-ba5b-b231bb1c5fc1,0.0602380952380952,0.9523809523809524,21.0,76,private_ip,outlier,outlier,2.0,1.0,20.0,F,0.6884592123222477,3
17834,ae03db80-98dc-3e7a-84ba-d9b96beae4cd,0.69714,0.92,25.0,1046,private_ip,outlier,outlier,2.0,1.0,23.0,F,0.6883155604234182,3
17112,59faf152-5c4f-39d4-b8ea-3671fe433e7c,6.857142857142858e-05,0.0342857142857142,2.592592592592593,2,default,BingPreview/1.0b,bot,317.0,135.0,12.0,E,0.6882974441088743,4
24900,1b5d996e-ede9-3885-90bc-42dd1301fa33,2.987552380952381,0.238095238095238,105.0,18822,private_ip,outlier,outlier,5.0,1.0,25.0,F,0.6881593835566272,3
1776,904b458a-772f-3510-a95e-0c96e1492bde,2.5185765306122447,0.2448979591836734,196.0,29619,private_ip,outlier,outlier,1.0,1.0,48.0,E,0.6881459060735781,3
18806,a05136c1-926e-3296-ae84-7510ee02d5c0,30.303875,0.01,200.0,363647,datacenter,outlier,outlier,1.0,1.0,2.0,F,0.6881300331315374,5
17301,963d54ed-ed98-3246-96ab-d971c5ede6a4,13.97411570247934,0.3057851239669421,121.0,101453,private_ip,outlier,outlier,1.0,1.0,37.0,E,0.6880060877643731,3
12637,b82d3ee1-1cd5-37a8-ba37-75b6ffb0a170,3.338877192982456,0.3040935672514619,171.0,34257,private_ip,outlier,outlier,1.0,1.0,52.0,E,0.6877770301127678,3
33016,06f6dc1e-670b-3ed9-833c-4755df6c71c6,601.9262380952381,0.4285714285714285,21.0,758428,default,outlier,outlier,1.0,1.0,9.0,F,0.6877336339097715,2
31600,eaa8fa85-01ea-32c4-aad2-14dcddc1431b,0.0843225039619651,0.0202852614896988,47.08955223880597,15963,default,Normal,normal,78.0,67.0,64.0,F,0.6876636507241036,4
13122,4b2db446-e2ec-3297-8b94-07dbb72cda2e,7.788944723618091e-05,0.057788944723618,2.970149253731343,2,default,BingPreview/1.0b,bot,321.0,134.0,23.0,E,0.6876220742182315,4
23803,15b6563c-9cfd-369b-8d6f-19b83fafa9f1,0.0097380952380952,0.9523809523809524,21.0,13,private_ip,outlier,outlier,2.0,1.0,20.0,F,0.6874041306131395,3
9883,96100674-0dcc-350c-94a0-9657ea91c32c,3.0327165775401066,0.2459893048128342,187.0,34028,private_ip,outlier,outlier,1.0,1.0,46.0,E,0.6872323325408131,3
32333,deb28afe-60da-3a22-99d5-1397f34418bc,1.662768,0.176,125.0,12471,private_ip,outlier,outlier,5.0,1.0,22.0,F,0.6866757503204834,3
3290,070bbdce-6478-3e0a-9392-f120b66ad37f,8.950617283950617e-05,0.0679012345679012,2.511627906976744,2,default,BingPreview/1.0b,bot,309.0,129.0,22.0,E,0.6865198567467826,4
30860,67b1e676-fef3-38ed-9ae5-f768a023a58d,24.392454545454545,0.1818181818181818,22.0,32199,private_ip,outlier,outlier,1.0,1.0,4.0,F,0.6864831989311624,3
25461,5fb9d996-4f81-329a-b64a-66a41ac6add8,6.591940217391304,0.2608695652173913,92.0,36388,private_ip,outlier,outlier,4.0,1.0,24.0,F,0.6863489420543958,3
15920,597ec2e3-a5c1-301a-ab6b-540aa6b359b1,9.040198581560285,0.3120567375886525,141.0,76481,private_ip,outlier,outlier,1.0,1.0,44.0,E,0.685689277574095,3
14898,276ccb32-ae36-3ec2-be02-09c2e7afc351,6.621745,0.09,200.0,79461,private_ip,outlier,outlier,1.0,1.0,18.0,E,0.685484570593512,3
15325,93a6af46-d6ae-3367-b5b1-fab2b0960dd8,15.343344537815126,0.2436974789915966,119.0,109552,private_ip,outlier,outlier,1.0,1.0,29.0,E,0.6854687888857878,3
19380,761689c4-6270-301e-b3df-3ad30b976dfd,0.0719791524265208,0.0177717019822283,69.66666666666667,18955,default,Normal,normal,72.0,63.0,78.0,F,0.6852873684428025,4
7617,2d416b41-aa63-39a3-869c-d082e8f9ce23,3.714493809176984e-05,0.0480699198834668,1373.0,4,default,outlier,outlier,81.0,1.0,66.0,E,0.6851785944515623,5
8018,8cb9a535-710c-3f09-81c6-a9442bfaf222,4.130370879120879,0.1923076923076923,182.0,45104,private_ip,outlier,outlier,2.0,1.0,35.0,E,0.685159362281866,3
610,fafc82ac-403c-3899-a64e-97d45c95acec,3.5861329787234046,0.2553191489361702,188.0,40452,private_ip,outlier,outlier,1.0,1.0,48.0,E,0.6850494794165798,3
2926,845f0e9f-8ef7-398f-98b1-a26d685cf5d0,42.2814375,0.328125,64.0,162361,private_ip,outlier,outlier,1.0,1.0,21.0,E,0.6849542443383243,3
17252,e03fb555-ae48-3cec-bf82-680ee0378ccd,4.669010101010101,0.2222222222222222,198.0,55468,private_ip,outlier,outlier,1.0,1.0,44.0,E,0.6848527001495134,3
25837,66c7587b-0dc3-3cc3-8f56-1625fc3cf9c3,10.323513513513513,0.2972972972972973,74.0,45837,private_ip,outlier,outlier,4.0,1.0,22.0,F,0.6845849417378929,3
22123,c7cb87f2-2fa1-3e42-82ba-9cdeffbf7b07,10.014477272727271,0.8636363636363636,22.0,13220,private_ip,outlier,outlier,2.0,1.0,19.0,F,0.684455198386161,3
1404,01602914-01c7-383f-b263-0793e7d17dc9,1.6968,0.245,200.0,20362,private_ip,outlier,outlier,1.0,1.0,49.0,E,0.6843033897140501,3
18079,b6d1b83b-ec7d-3e8d-91e8-f6cfd9afffd5,916.2928888888888,0.5555555555555556,9.0,494799,default,outlier,outlier,1.0,1.0,5.0,F,0.6841221789017033,2
22564,87bcc963-fbcc-33db-9abe-9e6e88840f4a,3.751,0.9473684210526316,19.0,4277,private_ip,outlier,outlier,1.0,1.0,18.0,F,0.6839646735830333,3
6499,66df3cbb-bc3a-3fec-973b-1f20a9a7f36e,1.2088532608695652,0.3206521739130434,184.0,13346,private_ip,outlier,outlier,1.0,1.0,59.0,E,0.6838250720729538,3
4576,d453cc36-f1bd-3089-818b-2a4bf9d7a30c,12.443052631578947,0.2030075187969924,133.0,99296,private_ip,outlier,outlier,1.0,1.0,27.0,E,0.6837936555300917,3
31263,0586dce5-6a16-3c40-aa9f-e87e20704db2,5.613913793103448,0.2988505747126437,87.0,29305,private_ip,outlier,outlier,4.0,1.0,26.0,F,0.6834850370844682,3
28727,5077db63-879a-3efb-87f2-5d3d8d13e302,81.39223255813954,0.0166112956810631,150.5,1469944,default,Normal,normal,2.0,2.0,5.0,F,0.6834599275294185,3
15762,bc338893-32db-3896-a8a0-5288e54d9f8f,6.826319727891157,0.3265306122448979,147.0,60209,private_ip,outlier,outlier,1.0,1.0,48.0,E,0.6834103214597146,3
15734,754a6876-5b61-31e6-af85-32e8a7e24af2,4.57145652173913,0.233695652173913,184.0,50469,private_ip,outlier,outlier,1.0,1.0,43.0,E,0.6834059643985221,3
34144,6cf2e412-32f9-3037-b42f-35f251a543bc,2.0030454545454544,0.9090909090909092,22.0,2645,private_ip,outlier,outlier,2.0,1.0,20.0,F,0.6833346619106955,3
1845,4c85d4a8-8ef1-3bbb-be88-0506ef8bbfb0,1.887374358974359,0.241025641025641,195.0,22083,private_ip,outlier,outlier,1.0,1.0,47.0,E,0.6831975358956118,3
21452,abfa8e9f-986e-383a-8e74-5cfb8c68f2c0,1.70826875,0.1625,80.0,8200,private_ip,outlier,outlier,10.0,1.0,13.0,F,0.6831636497179925,3
11865,509b67e3-7213-30e5-abfa-90fc76f9e144,6.154050632911392,0.2974683544303797,158.0,58341,private_ip,outlier,outlier,1.0,1.0,47.0,E,0.6831602946364875,3
20775,5ea7f3e0-3c9d-34ff-b040-261efb54edb1,676.9173125,0.3125,16.0,649841,default,outlier,outlier,1.0,1.0,5.0,F,0.6831161972540987,2
28369,b23b88eb-3f71-344b-a321-9fe49f62752a,98.0952957746479,0.1830985915492957,71.0,417886,datacenter,outlier,outlier,1.0,1.0,13.0,F,0.6830898691457684,3
25637,391357eb-dad0-3dad-a50d-53d43e4c0d34,6.128541176470589,0.2823529411764706,85.0,31256,private_ip,outlier,outlier,4.0,1.0,24.0,F,0.6829328797683099,3
28983,7d2fbabb-7cd1-3fad-b942-f1485411afc4,0.0152235099337748,0.097682119205298,8.053333333333333,552,default,Normal,normal,96.0,75.0,59.0,F,0.6828940767436698,4
19815,09c6908e-7546-393f-8b10-9cb320d20171,2.774869565217392,0.9130434782608696,23.0,3830,private_ip,outlier,outlier,1.0,1.0,21.0,F,0.6828763380665747,3
25090,a2817ccf-4dc1-3c64-bd08-f223c602f66d,0.0062707692307692,0.0876923076923077,8.125,245,default,Normal,normal,98.0,80.0,57.0,F,0.6827697128038844,4
946,e372f3ca-37ad-35e3-ab1f-f71f73d40523,1.8309657142857143,0.2742857142857143,175.0,19226,private_ip,outlier,outlier,1.0,1.0,48.0,E,0.6827094861373549,3
24958,e6e36d17-f7b4-3255-a415-5717d5b6b5cd,2.5306802721088437,0.1428571428571428,147.0,22321,private_ip,outlier,outlier,1.0,1.0,21.0,F,0.6826571553510898,3
15962,df7dd2d1-8e38-359f-8488-c1abba547f60,1.7742072538860103,0.238341968911917,193.0,20546,private_ip,outlier,outlier,1.0,1.0,46.0,E,0.682640640505766,3
22974,1f56f5f5-2809-3a82-9c6a-d47fcc76f545,140.09829677419356,0.0258064516129032,155.0,1302915,default,outlier,outlier,1.0,1.0,4.0,F,0.6826339058031181,2
16603,45108513-5fa3-3652-a7e4-d463bc72958c,7.180851063829788e-05,0.0558510638297872,2.9375,2,default,BingPreview/1.0b,bot,305.0,128.0,21.0,E,0.6825452987109575,4
31597,e69b0226-b8f6-36c2-9c27-93760131de66,0.1809919354838709,0.1612903225806451,62.0,674,private_ip,outlier,outlier,10.0,1.0,10.0,F,0.6822948390169181,3
23714,011d3d92-596b-3f51-9bf4-9bd19409b22d,80.43176470588234,0.0130718954248366,153.0,1476728,default,Normal,normal,2.0,2.0,4.0,F,0.6822363312393419,4
33621,af2e025e-e308-3018-a525-3b6969d1b439,103.76737,0.01,200.0,1245209,default,outlier,outlier,1.0,1.0,2.0,F,0.6822023937544789,4
25486,96d3e441-f8c5-35f5-8607-95b3bad5b2a6,0.04745,0.95,20.0,57,private_ip,outlier,outlier,2.0,1.0,19.0,F,0.682193871366256,3
16024,870cfae5-834d-3023-b6c6-6d81b89ec6f4,3.30947,0.185,200.0,39714,private_ip,outlier,outlier,1.0,1.0,37.0,E,0.6820391941620041,3
5978,b3160b48-30e3-32f3-a576-42afcc3bb676,2.6888832487309644,0.182741116751269,197.0,31783,private_ip,outlier,outlier,1.0,1.0,36.0,E,0.6818076195525063,3
34264,032bc2db-1709-3c9f-8a50-cb0daa0d62d1,0.6195903614457832,0.180722891566265,83.0,3086,private_ip,outlier,outlier,12.0,1.0,15.0,F,0.6817196410024282,3
13722,bff9f4fd-6f1f-349c-a7db-c43443adf4d2,2.762140703517588,0.1809045226130653,199.0,32980,private_ip,outlier,outlier,1.0,1.0,36.0,E,0.681667865412396,3
4325,044ac8a3-d7b7-334d-90bb-1bc64520b625,1.9395106382978724,0.25,188.0,21878,private_ip,outlier,outlier,1.0,1.0,47.0,E,0.6815115568888527,3
12805,979c3885-966d-3296-9097-31729bda8d91,8.707865168539327e-05,0.0758426966292134,3.2962962962962963,2,default,BingPreview/1.0b,bot,281.0,108.0,27.0,E,0.681507756128941,4
12232,5f221c20-b394-35fc-b62f-d8a8f7c70b7a,0.762,0.2698412698412698,189.0,8642,private_ip,outlier,outlier,1.0,1.0,51.0,E,0.6811838263666976,3
32729,a7fd2e64-e8ae-3218-9781-dbe674d98ce4,0.00515,0.95,20.0,7,private_ip,outlier,outlier,2.0,1.0,19.0,F,0.6811430272673816,3
18434,0e27861b-12dc-3a21-a198-511002e92fc0,0.0092249999999999,0.95,20.0,12,private_ip,outlier,outlier,2.0,1.0,19.0,F,0.6811430272673816,3
33529,7aa85a0a-2265-350c-aeb5-d82082a3fb43,0.036175,0.95,20.0,44,private_ip,outlier,outlier,2.0,1.0,19.0,F,0.6811430272673816,3
27156,76fd04d1-484b-3820-bb4b-5ffd75516a13,17.21702631578947,0.2631578947368421,38.0,39255,private_ip,outlier,outlier,5.0,1.0,10.0,F,0.6808295960151263,3
29523,42b38c12-3c69-3847-adfb-b7cfc09b0fe6,4.908043956043956,0.2527472527472527,91.0,26798,private_ip,outlier,outlier,4.0,1.0,23.0,F,0.68072957771467,3
15698,f9112062-2d8d-3330-b0ce-baefb6941650,3.2194207650273223,0.2349726775956284,183.0,35350,private_ip,outlier,outlier,1.0,1.0,43.0,E,0.6807150154973751,3
24481,242ad873-b8a5-3fc5-a9ea-652f40d0794d,0.020375,0.95,20.0,25,private_ip,outlier,outlier,2.0,1.0,19.0,F,0.6806178717778478,3
9925,16331eed-f6b8-3c1b-a982-a572764a82a8,8.902077151335312e-05,0.0623145400593471,2.808333333333333,2,default,BingPreview/1.0b,bot,287.0,120.0,21.0,E,0.6805052146482233,4
16506,100b146b-09e5-3b76-89f5-9cd15fdfa3ab,0.0001027190332326,0.0483383685800604,2.546153846153846,3,default,BingPreview/1.0b,bot,300.0,130.0,16.0,E,0.6803949568274663,4
25319,8db8e5cd-30f1-3791-988e-dec0ab461324,1299.6558333333332,0.8333333333333334,6.0,467877,default,outlier,outlier,1.0,1.0,5.0,F,0.6803663618080231,3
19771,81c51dc4-18e0-3de6-b5c3-6458d52fda39,1195.998,0.3333333333333333,6.0,430560,default,outlier,outlier,1.0,1.0,2.0,F,0.680314759464454,2
53,c14d01fb-f43f-3b97-9b51-924e0d009b54,13.0373,0.1846153846153846,130.0,101691,private_ip,outlier,outlier,1.0,1.0,24.0,E,0.6803017618312106,3
22737,8c95e68f-9d1e-3304-be5f-480d6d3db3d3,47.45755555555556,0.7777777777777778,9.0,25628,private_ip,outlier,outlier,1.0,1.0,7.0,F,0.6802692870816517,3
26342,197e5505-608d-3f22-b534-92e25f5976fc,0.029675,0.95,20.0,36,private_ip,outlier,outlier,2.0,1.0,19.0,F,0.6800928939147765,3
28466,0f4fb268-c516-3589-85c3-b1344261f3fe,0.028075,0.95,20.0,34,private_ip,outlier,outlier,2.0,1.0,19.0,F,0.6800928939147765,3
11452,cd1becdf-6460-38e2-9b81-380f5b6fe7c6,0.0616621621621621,0.1981981981981982,222.0,822,private_ip,outlier,outlier,3.0,1.0,44.0,E,0.6800590288628637,3
1650,072aca44-8ad4-3bec-8056-0d34af275917,2.6298440860215053,0.2258064516129032,186.0,29350,private_ip,outlier,outlier,1.0,1.0,42.0,E,0.6799547259682186,3
3147,eb42bfa8-5f42-3239-b229-b787add7c301,2.937946808510638,0.1861702127659574,188.0,33141,private_ip,outlier,outlier,1.0,1.0,35.0,E,0.6799515047377468,3
24656,5a446187-1beb-30b9-8431-4010158ca5f2,11.844814814814816,0.7407407407407407,27.0,19189,private_ip,outlier,outlier,1.0,1.0,20.0,F,0.6798682775709988,3
21891,0ac43067-5edb-311b-a9d9-64632ae3b35b,52.27166666666666,0.8333333333333334,6.0,18818,private_ip,outlier,outlier,1.0,1.0,5.0,F,0.6797935754147547,3
33801,148aeeb7-3610-3686-b1db-03b18aee45b3,889.3608333333334,0.1666666666666666,3.0,320170,default,Normal,normal,2.0,2.0,1.0,F,0.6796491051495877,4
4564,b44c7e7b-b2d2-3205-bc69-5789f4905a35,4.802775641025641,0.3397435897435897,156.0,44954,private_ip,outlier,outlier,1.0,1.0,53.0,E,0.6796455266953892,3
3305,264731a1-7927-390e-be98-7d38dc0f9839,0.003875,0.1666666666666666,3.0,3,private_ip,bingbot/2.0;unknown,bot,6.0,4.0,2.0,E,0.6795476753098046,4
16031,946c2c85-1589-3570-a633-3409af0ec994,9.847899159663866,0.361344537815126,119.0,70314,private_ip,outlier,outlier,1.0,1.0,43.0,E,0.6792019377689709,3
6262,98f0246e-7ca9-3eeb-b8f9-12f980f90e82,2.511145,0.19,200.0,30134,private_ip,outlier,outlier,1.0,1.0,38.0,E,0.679182494583833,3
31797,6b002119-0a79-3009-aaf7-b3ae341e0b7a,0.4687608695652174,0.9130434782608696,23.0,647,private_ip,outlier,outlier,2.0,1.0,21.0,F,0.679118629083942,3
26934,b1401d86-5930-31fe-bd81-4b0ae587205b,0.5186086956521738,0.9130434782608696,23.0,716,private_ip,outlier,outlier,2.0,1.0,21.0,F,0.679118629083942,3
12464,dd4805dc-2dbd-35e7-b201-b4b05fe6a6f3,0.0001,0.0774193548387096,2.8440366972477062,2,default,BingPreview/1.0b,bot,265.0,109.0,24.0,E,0.6790839539182165,4
10710,df6d1b72-c0c3-39aa-8c54-3657ecccef16,0.003,0.1818181818181818,3.142857142857143,4,private_ip,Googlebot/2.1;unknown,bot,7.0,7.0,4.0,E,0.678826385102163,4
14362,91a7b72a-ff50-3ce8-ad68-d413bdf36ea9,0.001833230389129,0.0321185917232859,1619.0,179,default,outlier,outlier,68.0,1.0,52.0,E,0.6787439137441655,4
21888,0446b53f-3b65-38b5-a346-5dce6a66b68c,1.1481845238095238,0.1547619047619047,84.0,5787,private_ip,outlier,outlier,12.0,1.0,13.0,F,0.6786909245767541,3
10995,e06ff9ee-3dfe-3ca4-9f5f-5026d72f8c81,9.415584415584417e-05,0.0616883116883116,2.566666666666667,2,default,BingPreview/1.0b,bot,291.0,120.0,19.0,E,0.6786845008092987,4
28883,3145e1e9-769b-319a-a3fb-6a1f3dc29ebc,82.09414285714286,0.7142857142857143,7.0,34480,private_ip,outlier,outlier,1.0,1.0,5.0,F,0.6785853478239188,3
12451,bef507f5-c7ce-37a8-90c5-8616aa85779d,0.0005384118786313,0.0374435119431891,1549.0,51,default,outlier,outlier,93.0,1.0,58.0,E,0.6785127132614972,5
31967,6405e0d4-f57e-33db-9cb4-ec385f5e8dca,1.5569473684210526,0.9473684210526316,19.0,1775,private_ip,outlier,outlier,1.0,1.0,18.0,F,0.6783937402406531,3
7848,b5c94115-e278-3a73-b442-43102f67627f,0.00688995215311,0.1531100478468899,209.0,87,private_ip,outlier,outlier,3.0,1.0,32.0,E,0.6783513421032848,3
2433,0498b5e0-2a82-3631-8259-dfb1795d45d1,4.944101123595505,0.2415730337078651,178.0,52803,private_ip,outlier,outlier,1.0,1.0,43.0,E,0.6783143737200829,3
21552,bd1e2acb-4157-3d98-973e-9d25356aee91,0.0330263157894736,0.9473684210526316,19.0,38,private_ip,outlier,outlier,2.0,1.0,18.0,F,0.6777483046126692,3
25119,2a6df63e-41cf-3b42-a785-68fec9addea0,0.0253684210526315,0.9473684210526316,19.0,29,private_ip,outlier,outlier,2.0,1.0,18.0,F,0.6777483046126692,3
6198,ed8a9a29-2c1c-3263-b824-fad78e33c52c,0.6853787878787879,0.2373737373737373,198.0,8143,private_ip,outlier,outlier,1.0,1.0,47.0,E,0.6775017281884699,3
32021,0f24e8bf-1cdd-3847-b962-ae9d315909a6,2.2596969696969693,0.7272727272727273,33.0,4475,private_ip,outlier,outlier,2.0,1.0,24.0,F,0.6774663502054438,3
17848,cf062c76-606b-3a6d-b83d-6c9f26169c65,9.37908,0.8,25.0,14069,private_ip,outlier,outlier,1.0,1.0,20.0,F,0.6771870373681808,3
4990,b3788edd-0acf-30fb-b1b2-4fc57aa3846a,0.0002242036482439,0.0098012523822488,36.73,50,default,Normal,normal,179.0,100.0,36.0,E,0.6769045353696274,4
8127,af3c1bf7-ad68-348b-ac1b-d7b52cce0498,9.749303621169916e-05,0.0584958217270195,3.121739130434783,3,default,BingPreview/1.0b,bot,277.0,115.0,21.0,E,0.6767731394048403,4
2500,f8111cfc-9d59-30fe-8952-409c82e886bc,24.249425925925927,0.2037037037037037,54.0,78569,private_ip,outlier,outlier,1.0,1.0,11.0,E,0.6762127272875388,3
12006,0335c867-c602-398f-9094-bf5d58be943d,2.217635897435897,0.2205128205128205,195.0,25947,private_ip,outlier,outlier,1.0,1.0,43.0,E,0.6761910355416703,3
8312,fd42bae2-0761-3bb9-9dc8-4f1329fa6247,10.382142857142856,0.2941176470588235,119.0,74129,private_ip,outlier,outlier,1.0,1.0,35.0,E,0.6761111741367298,3
28713,2c10c320-fb98-3797-a9c8-4021702ced88,1.1235535714285714,0.1785714285714285,56.0,3776,private_ip,outlier,outlier,8.0,1.0,10.0,F,0.6760470009431367,3
12285,c3c33e06-036b-3a20-85b2-6ead2f059bdc,4.542124542124542e-05,0.0432234432234432,1365.0,4,default,outlier,outlier,76.0,1.0,59.0,E,0.6759596350124204,5
2046,8674febd-4857-30b6-a496-22a1e42c75a2,17.176689655172414,0.160919540229885,87.0,89663,private_ip,outlier,outlier,1.0,1.0,14.0,E,0.6758709297454577,3
15513,f7580ec4-7f31-3d77-bc0f-92f577696622,0.0216294117647058,0.2,170.0,221,private_ip,outlier,outlier,6.0,1.0,34.0,E,0.6758463210463446,3
9494,2d059e05-d0e6-3bb4-b200-dca2031a32de,0.0001153603034134,0.0347661188369153,1582.0,11,default,outlier,outlier,52.0,1.0,55.0,E,0.6756326044149655,5
30425,52bd58ee-b7b3-39af-8273-a3124eb54663,0.07275,0.9090909090909092,22.0,97,private_ip,outlier,outlier,2.0,1.0,20.0,F,0.67563085671394,3
1934,3e6da6f0-909e-3695-83bb-5293f1a76e4e,0.0001051051051051,0.078078078078078,3.0,3,default,BingPreview/1.0b,bot,248.0,111.0,26.0,E,0.6754164637693342,4
7762,c1509443-a416-34ef-9f29-07e5e75657fc,62.04126666666667,0.6666666666666666,15.0,55838,private_ip,outlier,outlier,1.0,1.0,10.0,E,0.6753992096305742,3
27970,237e4da0-4c6c-3007-9505-e2de830a4824,86.62733333333333,0.6666666666666666,3.0,15593,private_ip,outlier,outlier,2.0,1.0,2.0,F,0.6751701769691164,3
595,d5e2b495-6814-3aa0-b2f9-5174f99163ac,2.856984375,0.2291666666666666,192.0,32913,private_ip,outlier,outlier,1.0,1.0,44.0,E,0.6748703666333651,3
16091,41a7c079-a042-3dac-a56b-4359565aed51,1.7195125628140704,0.1959798994974874,199.0,20531,private_ip,outlier,outlier,1.0,1.0,39.0,E,0.6748067214918548,3
4643,d1ab9676-cc74-33d6-bab2-bc80aa9b3863,9.309309309309307e-05,0.039039039039039,3.027272727272728,2,default,BingPreview/1.0b,bot,285.0,110.0,13.0,E,0.6747760472093145,4
13312,b28987e8-bf98-3b83-b1b9-439ce13d3a56,17.493,0.9333333333333332,15.0,15744,private_ip,outlier,outlier,1.0,1.0,14.0,E,0.6747717484099746,3
1024,dcbbc562-0d4c-3425-9d50-642828097f5d,21.35342307692308,0.173076923076923,52.0,66623,private_ip,outlier,outlier,1.0,1.0,9.0,E,0.6746719764408549,3
1026,df681f5f-b57f-3de9-a9b9-85b0a917cfb0,3.607214428857716e-05,0.032064128256513,4.415929203539823,2,default,BingPreview/1.0b,bot,276.0,113.0,16.0,E,0.6746307845567566,4
2723,54b11542-b70b-3fe6-b5d9-cb387a2d3b4f,94.964,0.6666666666666666,6.0,34188,private_ip,outlier,outlier,1.0,1.0,4.0,E,0.6745379018756885,3
24773,c755c786-9745-39e9-a8fb-f125ad898dc1,987.1105,0.5,8.0,473814,default,outlier,outlier,1.0,1.0,4.0,F,0.6744944503194317,2
28534,d34e0cfa-b981-39b0-8087-b93c28386471,6.2224545454545455,0.2363636363636363,55.0,20535,private_ip,outlier,outlier,6.0,1.0,13.0,F,0.6744776589011636,3
4577,d5016555-818f-387c-afeb-e94524aa9822,4.205336426914153e-05,0.0301624129930394,1724.0,5,default,outlier,outlier,53.0,1.0,52.0,E,0.6742893449886466,4
20431,6d16ccff-3466-3687-90c3-c399a2382722,0.0054318181818181,0.0012626262626262,792.0,259,datacenter,outlier,outlier,1.0,1.0,1.0,F,0.6742311203189696,5
21661,f4cd2e33-73e3-3589-9a13-03cba3a87bfd,1.292656561627443,0.0103709613083366,1253.5,194442,default,Normal,normal,18.0,2.0,26.0,F,0.674034735226053,4
6707,ec83b7be-750a-340e-8bf8-d02c3a6e94bf,2.06044385026738,0.1871657754010695,187.0,23119,private_ip,outlier,outlier,1.0,1.0,35.0,E,0.6740179929346596,3
23786,e0e47fe7-856a-3769-9aa9-f33bf160f72e,1.4260714285714289,0.219047619047619,105.0,8985,private_ip,outlier,outlier,5.0,1.0,23.0,F,0.6737237856282656,3
14026,1c8cee71-67df-3152-b333-149ac1752f60,4.289858895705522,0.2269938650306748,163.0,41955,private_ip,outlier,outlier,1.0,1.0,37.0,E,0.6735491050439419,3
17460,5427c7a1-0a68-36da-b4b8-79440835eeb5,0.5570416666666667,0.244047619047619,168.0,5615,private_ip,outlier,outlier,2.0,1.0,41.0,E,0.673216349635813,3
19083,c5657122-5eb6-3167-9993-cfa4fa713324,41.38663636363636,0.5454545454545454,22.0,54631,private_ip,outlier,outlier,1.0,1.0,12.0,F,0.6731426997453824,3
18305,7990e260-f090-37c4-9645-2e360f31ae85,0.0035630936227951,0.0284938941655359,16.377777777777776,316,default,Normal,normal,95.0,90.0,42.0,F,0.6730499870397402,4
27653,6782176d-0279-3a46-9c33-14b7e1d47e81,1.8656288659793816,0.2268041237113402,97.0,10858,private_ip,outlier,outlier,5.0,1.0,22.0,F,0.67299860450976,3
10830,e65631e6-2245-3014-8152-afbd570aaf26,2.3816573033707864,0.2247191011235955,178.0,25437,private_ip,outlier,outlier,1.0,1.0,40.0,E,0.6728987392960403,3
22980,32392d22-8f8f-37c1-8e9a-6134ae17f9ab,0.1294210526315789,0.9473684210526316,19.0,148,private_ip,outlier,outlier,1.0,1.0,18.0,F,0.6728734718167629,3
13416,d9ba9373-0617-3d96-82c4-855c4af013a2,1.3088121827411163,0.2284263959390862,197.0,15471,private_ip,outlier,outlier,1.0,1.0,45.0,E,0.6728367345016483,3
16760,36e8e668-5033-37fb-88d5-75312c342997,4.712011235955056,0.5280898876404494,89.0,25163,private_ip,outlier,outlier,1.0,1.0,47.0,E,0.6726045886997207,3
13054,6de6c7f4-f4b7-361a-9ad2-a0b74731772e,1.441945,0.18,200.0,17304,private_ip,outlier,outlier,1.0,1.0,36.0,E,0.6725874767427027,3
17530,211f9456-858f-3ce0-8471-92c06a614ab0,1.3875650000000002,0.18,200.0,16651,private_ip,outlier,outlier,1.0,1.0,36.0,E,0.6725874767427027,3
3088,53784915-d09c-32f3-9412-b8b749784ad5,3.687025641025641,0.2628205128205128,156.0,34511,private_ip,outlier,outlier,1.0,1.0,41.0,E,0.6725532676023727,3
25961,fc6f2064-d5d3-3842-897f-cdeeab04c49c,0.9100833333333334,0.1666666666666666,12.0,656,private_ip,outlier,outlier,6.0,1.0,2.0,F,0.6723509442030764,3
9069,47931bb8-7269-3ec8-a62e-d759506be089,1.64764,0.165,200.0,19772,private_ip,outlier,outlier,1.0,1.0,33.0,E,0.6721585176938139,3
24090,8718d7bb-afa4-371c-8df6-3a6b9dc64446,0.0363684210526315,0.9473684210526316,19.0,42,private_ip,outlier,outlier,1.0,1.0,18.0,F,0.6718289316398606,3
3100,6bf8511d-708a-3e00-a4c6-16dffb723619,3.748361111111112,0.1888888888888888,180.0,40483,private_ip,outlier,outlier,1.0,1.0,34.0,E,0.6718194315599504,3
30740,e1c69597-185b-36b2-b080-b932a4d922ec,2.1319791666666665,0.875,24.0,3071,private_ip,outlier,outlier,2.0,1.0,21.0,F,0.6716789171406718,3
25956,e84d9002-8cca-36a3-9849-0c69d60a5b90,3.723872093023256,0.2558139534883721,86.0,19216,private_ip,outlier,outlier,5.0,1.0,22.0,F,0.6714111485394114,3
27012,d7dbcacf-bc40-30ff-a191-4e81c9ee43d7,4.16125,0.2291666666666666,48.0,11985,private_ip,outlier,outlier,6.0,1.0,11.0,F,0.6714050363118496,3
7867,f1684ee8-782f-3708-bf4a-3b5d7201a8ba,6.220341040462428,0.1734104046242774,173.0,64568,private_ip,outlier,outlier,1.0,1.0,30.0,E,0.6713773779218651,3
25388,743171e5-a58e-385a-b830-a87320677089,0.0770346701164294,0.015006468305304,58.56060606060606,17865,default,Normal,normal,75.0,66.0,58.0,F,0.6712438709012143,4
7887,3fd63be5-6b12-3dcb-9196-c9efd5562e47,2.427735,0.12,200.0,29133,private_ip,outlier,outlier,1.0,1.0,24.0,E,0.6712192419697024,3
29250,f32d5040-65c2-366b-ac1d-31132981bf3d,2.0658854166666667,0.2395833333333333,96.0,11900,private_ip,outlier,outlier,5.0,1.0,23.0,F,0.6710669371067081,3
3494,0f99ca8a-408a-3c99-8a15-11a3babff3c5,1.8033333333333328,0.2901234567901234,162.0,17529,private_ip,outlier,outlier,1.0,1.0,47.0,E,0.6710536743340364,3
26943,d801a91c-d996-30e4-a67a-578f75883f58,11.643977777777778,0.4888888888888889,45.0,31439,private_ip,outlier,outlier,3.0,1.0,22.0,F,0.6709566230944715,3
11028,28d4e525-3c6b-353a-9172-9ab74396a4de,0.0001061643835616,0.1027397260273972,2.7289719626168223,2,default,BingPreview/1.0b,bot,254.0,107.0,30.0,E,0.670938524097151,4
27041,25a5e842-e4b0-3b12-90d6-1594bfd30ae4,0.0290526315789473,0.9473684210526316,19.0,34,private_ip,outlier,outlier,1.0,1.0,18.0,F,0.6707850979455225,3
13283,31534e1e-cf49-3d3a-bf46-56e9ec4401b1,0.0001011235955056,0.0898876404494382,2.643564356435644,2,default,BingPreview/1.0b,bot,250.0,101.0,24.0,E,0.6707350685501933,4
29028,fa2effe8-e700-3983-809b-53e610dbeea0,9.3065,0.7142857142857143,28.0,15635,private_ip,outlier,outlier,1.0,1.0,20.0,F,0.6707348805541334,3
1889,bf6df09d-dffd-35cc-923a-11522ed0b256,3.190281081081081,0.1675675675675675,185.0,35413,private_ip,outlier,outlier,1.0,1.0,31.0,E,0.6705906168671043,3
4910,d459fb3b-5830-3d6d-81b6-cdc5a40d0200,4.785951724137931,0.2689655172413793,145.0,41638,private_ip,outlier,outlier,1.0,1.0,39.0,E,0.6705284283144334,3
9691,43a4ac9f-b8d7-3cb0-9c70-bc54598bc5c2,2.329357575757576,0.2545454545454545,165.0,23061,private_ip,outlier,outlier,1.0,1.0,42.0,E,0.6704658655412499,3
23718,0d170c71-1555-3ac4-aca8-0b76dae3ddeb,1.8387605633802817,0.2253521126760563,71.0,7834,private_ip,outlier,outlier,9.0,1.0,16.0,F,0.6702979225617347,3
16289,9929374e-0bdd-301b-811d-95be1d1df66d,3.222035,0.16,200.0,38665,private_ip,outlier,outlier,1.0,1.0,32.0,E,0.6702072744835241,3
10587,866736cd-6815-39c2-8370-ddc9f967da2e,1.6947249999999998,0.21,200.0,20337,private_ip,outlier,outlier,1.0,1.0,42.0,E,0.6701928584606773,3
19247,dc3c2cbc-775a-3f5b-96d2-8b9423bde775,0.0730070213340534,0.0178233864434242,57.859375,16221,default,Normal,normal,83.0,64.0,66.0,F,0.6701763077524729,4
24190,83aadd43-b4ca-3cc3-99d1-64e14b168462,1.0860550458715597,0.1926605504587156,109.0,7103,private_ip,outlier,outlier,5.0,1.0,21.0,F,0.6701719550032976,3
6570,3792200d-cdc2-3138-a845-ac6e8b8ec341,6.766642282370155e-05,0.0395025603511338,1367.0,6,default,outlier,outlier,81.0,1.0,54.0,E,0.6700885876406822,5
6568,3792200d-cdc2-3138-a845-ac6e8b8ec341,6.766642282370155e-05,0.0395025603511338,1367.0,6,default,outlier,outlier,81.0,1.0,54.0,E,0.6700885876406822,5
6569,3792200d-cdc2-3138-a845-ac6e8b8ec341,6.766642282370155e-05,0.0395025603511338,1367.0,6,default,outlier,outlier,81.0,1.0,54.0,E,0.6700885876406822,5
6567,3792200d-cdc2-3138-a845-ac6e8b8ec341,6.766642282370155e-05,0.0395025603511338,1367.0,6,default,outlier,outlier,81.0,1.0,54.0,E,0.6700885876406822,5
5264,75705d10-3cca-3037-a067-5e9e92ae3f84,8.26086956521739e-05,0.0753623188405797,3.3823529411764706,2,default,BingPreview/1.0b,bot,250.0,102.0,26.0,E,0.6697248008970753,4
23879,e31eabea-6419-3fae-89e8-0ecd036fefca,64.00241666666666,0.6666666666666666,6.0,23041,private_ip,outlier,outlier,2.0,1.0,4.0,F,0.6697144007593827,3
13137,7e00bd4b-6e81-3ff1-8637-fc4b5b1cb7dd,189.55816949152543,0.0169491525423728,59.0,671036,default,BingPreview/1.0b;Mobile Safari,bot,1.0,1.0,1.0,E,0.6696888537658967,2
21132,90ad0e99-56eb-3650-8e17-31a8dfd659b8,25.991365,0.01,200.0,311897,datacenter,outlier,outlier,1.0,1.0,2.0,F,0.6696813460931244,3
26479,b0e34c80-512e-337f-8285-0247bdcd7c1c,1.8510833333333327,0.1666666666666666,6.0,667,private_ip,outlier,outlier,6.0,1.0,1.0,F,0.6695434303073369,3
26763,e6261e7f-edcf-3af3-8523-75d007abb5c4,28.08176,0.02,200.0,336982,datacenter,outlier,outlier,1.0,1.0,4.0,F,0.6695176131110087,3
24876,d864b916-f698-3adf-8fe4-4cdddccd662e,1037.2985714285714,0.4285714285714285,7.0,435666,default,outlier,outlier,1.0,1.0,3.0,F,0.6694204829569291,2
20642,e919a130-5012-37f9-aa6a-fe1695cd416d,2.575217391304348,0.8695652173913043,23.0,3554,private_ip,outlier,outlier,1.0,1.0,20.0,F,0.6690065924328553,3
7281,703fed14-2cdc-36d2-82f4-2f0ad397c9e8,0.0002225090345895,0.0263293753226639,1937.0,26,default,outlier,outlier,50.0,1.0,51.0,E,0.6688064658364676,4
12336,73beabe6-034c-36b0-8518-6693d97bc272,2.462380300957592e-05,0.0287277701778385,162.44444444444446,3,default,bingbot/2.0,bot,1462.0,9.0,42.0,E,0.6687688400711347,4
33000,d60b6440-9e21-3ae5-812b-cd05919e81fd,18.763195652173916,0.4347826086956521,23.0,25894,private_ip,outlier,outlier,4.0,1.0,10.0,F,0.6687625403499731,3
33323,ddf23eef-fb1c-344a-b878-3ec7d166a6da,68.25525,0.75,4.0,16382,private_ip,outlier,outlier,1.0,1.0,3.0,F,0.6686644867805908,3
21632,ac10ab9c-d1d4-33d7-b888-ca1e2668043f,0.0846111111111111,0.9444444444444444,18.0,92,private_ip,outlier,outlier,1.0,1.0,17.0,F,0.6682370398176983,3
33399,c3be2c53-b891-3cbc-9edb-b9ddd981258b,0.0857222222222222,0.9444444444444444,18.0,93,private_ip,outlier,outlier,1.0,1.0,17.0,F,0.6682370398176983,3
33456,82b87367-aa69-3d09-a735-6dfca44757a5,1.409125,0.875,24.0,2030,private_ip,outlier,outlier,2.0,1.0,21.0,F,0.6682022130580608,3
12473,f4cac4b8-fbed-3249-ba41-324da09a1d48,7.05248502994012,0.1197604790419161,167.0,70666,private_ip,outlier,outlier,1.0,1.0,20.0,E,0.6679559007182653,3
29754,450c7bbc-60be-3cf2-a93b-ecd503220137,1038.747,0.6666666666666666,6.0,373949,default,outlier,outlier,1.0,1.0,4.0,F,0.6677249870299371,2
17715,3faebe6d-03cf-345d-8364-62de8d02b631,0.000124,0.08,2.450980392156863,2,default,BingPreview/1.0b,bot,248.0,102.0,20.0,E,0.6677124792364979,4
29797,cf021fc0-fbf8-3dad-a6ef-633b625f8305,0.0331904761904761,0.9047619047619048,21.0,42,private_ip,outlier,outlier,2.0,1.0,19.0,F,0.6674356115296196,3
6046,5a41a8a6-fc42-343d-b012-c6030d8d7471,0.0001127272727272,0.0618181818181818,2.5,2,default,BingPreview/1.0b,bot,266.0,110.0,17.0,E,0.6673089012688589,4
4753,eaf5ae1f-d1bf-3da5-8825-d3e97615a9d5,3.608496,0.368,125.0,27064,private_ip,outlier,outlier,1.0,1.0,46.0,E,0.6672636642239,3
22962,ffc971ad-2f0c-337d-90ae-9f1218dddf91,0.5225394736842105,0.1973684210526315,76.0,2383,private_ip,outlier,outlier,11.0,1.0,15.0,F,0.667211328011938,3
19050,740778b6-1bdf-303b-a23d-27eae8b11fc5,1.4915208333333332,0.875,24.0,2148,private_ip,outlier,outlier,2.0,1.0,21.0,F,0.6671608323219711,3
1789,b0153c1d-b9aa-359b-a308-840dba411ebb,3.6513224043715846,0.1584699453551912,183.0,40092,private_ip,outlier,outlier,1.0,1.0,29.0,E,0.6670941956833278,3
13432,fe567250-43af-3910-84c6-3c80a1f8503c,2.232663043478261,0.2065217391304347,184.0,24649,private_ip,outlier,outlier,1.0,1.0,38.0,E,0.6670658575175428,3
8300,d41709ce-45d3-34cf-b923-11c4ba02daa6,20.62345,0.275,80.0,98993,private_ip,outlier,outlier,1.0,1.0,22.0,E,0.6670648349211087,3
12348,981e413f-abf1-320c-93ff-2bb61cd13752,21.14462025316456,0.2784810126582278,79.0,100226,private_ip,outlier,outlier,1.0,1.0,22.0,E,0.6670648349211087,3
15996,45f27262-0dc6-3353-93bf-b6b504485e35,48.97671428571428,0.8571428571428571,7.0,20571,private_ip,outlier,outlier,1.0,1.0,6.0,E,0.667001155744228,3
19596,53c26c4c-7981-3a23-8ab9-64d1840d70b6,0.0934595816845675,0.0214810627473148,59.96610169491525,19840,default,Normal,normal,69.0,59.0,76.0,F,0.6669454189712064,4
27479,68a149da-f21b-39e6-aa57-4e3a64511f17,3.1947132352941177,0.3676470588235294,68.0,13035,private_ip,outlier,outlier,4.0,1.0,25.0,F,0.6668935109228358,3
18270,03b5edd9-86c0-3ede-a994-51045c840eff,2.028557471264368,0.2298850574712643,87.0,10590,private_ip,outlier,outlier,4.0,1.0,20.0,F,0.6668552361194102,3
33304,9ddba533-e01b-387f-ab36-c40da28c0c5d,0.9172190476190476,0.2,105.0,5779,private_ip,outlier,outlier,5.0,1.0,21.0,F,0.6668423032011936,3
24737,3acf47c0-4295-3e89-9048-9fd83a9de07e,7.54350625,0.005,400.0,181045,datacenter,outlier,outlier,1.0,1.0,2.0,F,0.6667527464661432,4
3885,6f659c2b-4a3c-3f08-9346-7fafa1a2d88e,0.0001036789297658,0.0735785953177257,2.902912621359224,2,default,BingPreview/1.0b,bot,263.0,103.0,22.0,E,0.6667040300099016,4
12602,58bca706-c9c8-38ba-ba0c-7bc6e33e6dc8,25.344,1.0,3.0,4562,private_ip,outlier,outlier,1.0,1.0,3.0,E,0.6663328994430402,3
11365,d59326e8-31a4-300c-be82-57cb185f6847,90.22336,0.045,200.0,1082681,default,BingPreview/1.0b;bingbot/2.0;unknown,bot,1.0,1.0,9.0,E,0.6662156825543147,2
13106,2aad9a0e-dcab-3ac5-a04d-3c132e6dd692,7.348025974025974,0.1753246753246753,154.0,67896,private_ip,outlier,outlier,1.0,1.0,27.0,E,0.6662128193803121,3
2152,d7efc25c-3e04-31eb-9f98-ff8ecc9fc8f5,6.349891025641026,0.1858974358974359,156.0,59435,private_ip,outlier,outlier,1.0,1.0,29.0,E,0.6660498656121533,3
34049,247ae430-6304-3183-ae98-5596e971e59c,3.3522727272727275,0.8636363636363636,22.0,4425,private_ip,outlier,outlier,1.0,1.0,19.0,F,0.6659368167143842,3
1094,8b30adea-e1bc-33e9-8a27-513a41f26020,21.597774647887324,0.2816901408450704,71.0,92007,private_ip,outlier,outlier,1.0,1.0,20.0,E,0.6657929933942035,3
14587,f7be52a7-8888-32a7-9272-69fc0b61f327,0.8499608938547486,0.2346368715083799,179.0,9129,private_ip,outlier,outlier,1.0,1.0,42.0,E,0.6657383091273376,3
9263,a5ea4904-c883-3d32-b174-d78f9a8ba192,1.2358019801980198,0.1336633663366336,202.0,14978,private_ip,outlier,outlier,2.0,1.0,27.0,E,0.6656807211820817,3
14843,7db28937-4050-373e-9152-610b8e2154d2,36.83825,1.0,4.0,8842,private_ip,outlier,outlier,1.0,1.0,4.0,E,0.665678614153203,3
1758,5a5c1c22-7ca0-31cb-bea2-93faaa808ae6,1.0220717948717948,0.1846153846153846,195.0,11959,private_ip,outlier,outlier,1.0,1.0,36.0,E,0.665565172556771,3
9825,e0f87c14-3b50-34e8-95dc-4d41304a580a,2.587345,0.13,200.0,31049,private_ip,outlier,outlier,1.0,1.0,26.0,E,0.6655165676766481,3
7757,a3fee840-f5ff-3baf-b148-ebea80c02d4d,3.093106741573034,0.2078651685393258,178.0,33035,private_ip,outlier,outlier,1.0,1.0,37.0,E,0.6653136060159177,3
6238,5d06f75b-6ce0-3180-a347-4260ea0d199b,4.8290057803468205,0.1676300578034682,173.0,50126,private_ip,outlier,outlier,1.0,1.0,29.0,E,0.6651761477560999,3
4675,28ab2195-08c2-38fe-bced-384c26f4881f,0.0014631578947368,0.1894736842105263,95.0,9,private_ip,outlier,outlier,27.0,1.0,18.0,E,0.6651537461782124,3
2282,7f37c746-c89d-3402-a098-56b5675a0523,2.9086701030927835,0.0670103092783505,194.0,33857,private_ip,outlier,outlier,1.0,1.0,13.0,E,0.6651040314446113,3
11600,7f4b53fc-0cf7-39ba-92e9-66db0f4088dd,12.22858585858586,0.3636363636363636,99.0,72638,private_ip,outlier,outlier,1.0,1.0,36.0,E,0.6650533321440988,3
34350,28565546-6a0f-30d3-8fe7-d214a5e8f61e,4.857584615384615,0.3846153846153846,65.0,18945,private_ip,outlier,outlier,3.0,1.0,25.0,F,0.6646458331637765,3
12041,69b74939-01db-31ae-9b80-ab9487d2ad1c,6.478589743589743,0.7435897435897436,39.0,15160,private_ip,outlier,outlier,1.0,1.0,29.0,E,0.6645755474211152,3
14633,5c7b599f-ce56-3b5a-bdaf-f1aec21dcb13,0.69447,0.155,200.0,8334,private_ip,outlier,outlier,1.0,1.0,31.0,E,0.6643721442684288,3
7625,3f17d9d5-f53c-3bec-814f-261309a96dc5,3.406745,0.13,200.0,40881,private_ip,outlier,outlier,1.0,1.0,26.0,E,0.6642100913822871,3
3669,14b62ef9-43b9-3429-b90e-ed9f7fa3075c,9.454545454545456e-05,0.0618181818181818,2.5462962962962963,2,default,BingPreview/1.0b,bot,253.0,108.0,17.0,E,0.6641886829898105,4
21597,3f40c898-4c30-3ff6-a5e7-746d9ce9c9bb,33.48328571428572,0.8571428571428571,7.0,14063,private_ip,outlier,outlier,1.0,1.0,6.0,F,0.6641843686397438,3
29561,a0085840-d607-3bd8-881f-743a3ab538fa,0.4795,0.7419354838709677,31.0,892,private_ip,outlier,outlier,2.0,1.0,23.0,F,0.6639354090959165,3
8349,596b57d2-bb51-36cd-867d-c417dfbff95f,0.0001150793650793,0.0714285714285714,2.4705882352941178,2,default,BingPreview/1.0b,bot,247.0,102.0,18.0,E,0.6637353597145396,4
13707,a289adcd-3f8d-3a27-a12c-253816904744,4.55852027027027,0.2905405405405405,148.0,40480,private_ip,outlier,outlier,1.0,1.0,43.0,E,0.6632774710026161,3
23703,e70f911f-41c2-3636-8525-25ef9c805027,4.6804875,0.625,40.0,11234,private_ip,outlier,outlier,2.0,1.0,25.0,F,0.663192509590994,3
14278,7d918717-00dc-3d8c-b3d9-52897b87b59e,3.958240875912409,0.3430656934306569,137.0,32537,private_ip,outlier,outlier,1.0,1.0,47.0,E,0.6630730935171789,3
30581,42f15a70-4edb-38dc-8605-5ac2b3499133,9.546054054054052,0.2972972972972973,37.0,21193,private_ip,outlier,outlier,5.0,1.0,11.0,F,0.6630580979991808,3
22933,ac1d8a09-6be9-3711-b1ad-75b40ad1af3b,1505.8366666666668,1.0,3.0,271051,default,outlier,outlier,1.0,1.0,3.0,F,0.6625603177912135,4
22934,adeb7e16-5461-3198-bcc1-71c6c3ede8c0,1527.227,1.0,3.0,274901,default,outlier,outlier,1.0,1.0,3.0,F,0.6625603177912135,4
12040,693d5a20-10a1-3164-a7cd-fd45e68b1c68,0.000100358422939,0.1182795698924731,2.8181818181818183,2,default,BingPreview/1.0b,bot,226.0,99.0,33.0,E,0.6625544821477991,4
14539,6b7c0357-4ff2-3f31-a504-9ebbc6df8168,45.74791489361702,0.3404255319148936,47.0,129010,private_ip,outlier,outlier,1.0,1.0,16.0,E,0.6624775838287111,3
8564,97996659-7db8-3245-91a0-c6d8a3df69d9,1.1465794392523363,0.02803738317757,214.0,14723,private_ip,outlier,outlier,1.0,1.0,6.0,E,0.66231367323066,3
31296,7f701940-e6c7-3744-8fc5-76542a79013d,397.64293333333336,0.1777777777777777,45.0,1073636,default,outlier,outlier,1.0,1.0,8.0,F,0.6622816208975497,2
8858,b716173d-55f4-3dba-a7ac-e34ef2dd806c,0.0001044776119402,0.0970149253731343,2.627450980392157,2,default,BingPreview/1.0b,bot,235.0,102.0,26.0,E,0.6622495993553331,4
5857,6b007857-9639-334f-8bb5-514be4520487,4.594298342541437,0.1104972375690607,181.0,49895,private_ip,outlier,outlier,1.0,1.0,20.0,E,0.6618345355045967,3
8348,5944dd4a-b444-3170-b4e5-6931398ca885,2.814639053254438,0.1775147928994082,169.0,28541,private_ip,outlier,outlier,1.0,1.0,30.0,E,0.6615265910281054,3
31360,fec93bc5-84a0-36a2-b9cd-0c5b80698884,24.029475,0.01,200.0,288354,datacenter,outlier,outlier,1.0,1.0,2.0,F,0.6613923880318693,3
4420,3754df7d-dbf4-3027-9a49-274663e5d671,17.547776119402986,0.417910447761194,67.0,70543,private_ip,outlier,outlier,1.0,1.0,28.0,E,0.661317294889058,3
33385,a3398f1a-397f-39dd-97a2-1d5f466d0f3c,0.4010681818181818,0.8636363636363636,22.0,530,private_ip,outlier,outlier,2.0,1.0,19.0,F,0.661287875861423,3
18382,79ef6537-de17-38bb-accc-f2ad28b3ef80,0.074985493898227,0.0131245682707805,66.81538461538462,19540,default,Normal,normal,76.0,65.0,57.0,F,0.661140061325961,4
6597,949eea97-0316-36c1-aca8-f61fb36b4055,1.793553846153846,0.4076923076923077,130.0,13990,private_ip,outlier,outlier,1.0,1.0,53.0,E,0.6611061590223803,3
4440,74c435cc-2f7a-3959-8809-1bd0b270e352,144.5801095890411,0.0958904109589041,146.0,1266522,default,BingPreview/1.0b;Mobile Safari;unknown,bot,1.0,1.0,14.0,E,0.6611031150216872,2
12318,36c2a6c6-4e4e-3eb3-b26c-38cb9a87e686,9.191176470588237e-05,0.0698529411764705,2.6666666666666665,2,default,BingPreview/1.0b,bot,245.0,102.0,19.0,E,0.6610407025195166,4
17779,f0f2555c-05f2-379e-bd49-677f21de6d18,12.546142857142858,0.1587301587301587,63.0,47425,private_ip,outlier,outlier,1.0,1.0,10.0,E,0.6610381851765693,3
31519,fd6a5348-02e0-3e54-9a18-60f30451b907,865.2975714285715,0.1428571428571428,7.0,363425,default,outlier,outlier,1.0,1.0,1.0,F,0.660990267455136,2
28459,f107b2ce-e52c-34ed-bf16-8ac566eca7b3,34.84847619047619,0.3333333333333333,21.0,43910,private_ip,outlier,outlier,2.0,1.0,7.0,F,0.660799432253884,3
13414,d620f7de-a4d7-3e4d-8af6-99dff60ac617,1.084,0.205,200.0,13008,private_ip,outlier,outlier,1.0,1.0,41.0,E,0.6607439643341884,3
7824,7caaf56d-3726-353c-9e99-909d0137fbe3,0.0651426619828259,0.0464480874316939,2562.0,10014,default,outlier,outlier,2.0,1.0,119.0,E,0.6605297453669051,5
27037,1311382f-e9aa-3fb9-a5da-cc16a9734d32,1.0865217391304347,0.8695652173913043,23.0,1500,private_ip,outlier,outlier,1.0,1.0,20.0,F,0.6604476692165127,3
30886,a1f6cab4-34b3-3277-ad85-7b8aad4c82db,1.406346590909091,0.2272727272727272,88.0,7426,private_ip,outlier,outlier,4.0,1.0,20.0,F,0.6603291535190032,3
13478,999a1151-0978-3737-91c2-181bf0370f2a,0.0001052631578947,0.0639097744360902,2.633663366336634,2,default,BingPreview/1.0b,bot,255.0,101.0,17.0,E,0.6600919116396484,4
1819,fdcbe02d-751f-363b-90af-bb15beaa6077,2.9201459459459462,0.0864864864864864,185.0,32414,private_ip,outlier,outlier,1.0,1.0,16.0,E,0.659971426860772,3
9713,753412e7-771d-3a80-a5d1-51af40ede833,0.0002331288343558,0.147239263803681,163.0,3,private_ip,outlier,outlier,5.0,1.0,24.0,E,0.6598096557315118,4
12698,7f979fe9-95d8-3433-b231-e4402616dfff,4.915211111111111,0.15,180.0,53085,private_ip,outlier,outlier,1.0,1.0,27.0,E,0.6597955931558274,3
34358,40f34095-e144-3ce5-b084-dea4680ef56a,1.7393636363636362,0.4545454545454545,55.0,5740,private_ip,outlier,outlier,3.0,1.0,25.0,F,0.6594371505401943,3
22882,1f508a4d-f4af-3f03-ab68-6d034a4b0240,6.74028125,0.3125,64.0,25883,private_ip,outlier,outlier,3.0,1.0,20.0,F,0.6591854189375369,3
12754,10d42a89-3a17-30a6-8e24-d214d5810bf9,0.0001297376093294,0.0422740524781341,1372.0,11,default,outlier,outlier,53.0,1.0,58.0,E,0.659179206399575,5
12743,fd7521d6-e2aa-3a48-8403-8ec3c65f6e92,0.0001049180327868,0.0622950819672131,3.05,2,default,BingPreview/1.0b,bot,249.0,100.0,19.0,E,0.658968329599362,4
6670,7c5567c4-24e5-3bca-b4be-9735e86ff473,0.329125,0.1704545454545454,176.0,3476,private_ip,outlier,outlier,1.0,1.0,30.0,E,0.6587222825790071,3
30519,a223432e-a91d-384a-95d6-b5ad1984986e,9.045190909090907,0.4,55.0,29850,private_ip,outlier,outlier,2.0,1.0,22.0,F,0.6585027726513772,3
9018,a1ab5544-a122-3258-affa-012cfc1b4060,1.5988666666666669,0.1777777777777777,180.0,17268,private_ip,outlier,outlier,1.0,1.0,32.0,E,0.658183215420297,3
22713,428598a0-273d-302b-8ece-a906ac6c5dc3,0.0864875835721108,0.0162368672397325,72.20689655172414,21733,default,Normal,normal,70.0,58.0,68.0,F,0.6578822378711269,4
10140,7db56c03-63ba-3756-be71-d9750f085509,3.7994267515923568,0.1847133757961783,157.0,35791,private_ip,outlier,outlier,1.0,1.0,29.0,E,0.657854367168187,3
5732,d8027bb2-bf99-3375-958a-e988fcc52ae0,0.0001081081081081,0.0743243243243243,2.9019607843137254,2,default,BingPreview/1.0b,bot,240.0,102.0,22.0,E,0.6577233308944466,4
249,eaeb1bf6-01a2-3f19-ba08-d98924409fd8,3.725677419354839,0.2193548387096774,155.0,34649,private_ip,outlier,outlier,1.0,1.0,34.0,E,0.6575512956310284,3
15482,91af975c-ba9d-304d-a215-e9edf18e2c27,0.0001082089552238,0.1007462686567164,2.7628865979381443,2,default,BingPreview/1.0b,bot,246.0,97.0,27.0,E,0.6574369807563222,4
34308,a6d43719-2b50-3aed-a218-12ed94de5176,0.0974652850831054,0.0126236061434883,74.265625,27796,default,Normal,normal,74.0,64.0,60.0,F,0.6571877142368611,4
16451,819402bc-85c3-3027-bae1-438ba23cd6ea,7.000663570006637e-05,0.033178500331785,1507.0,7,default,outlier,outlier,56.0,1.0,50.0,E,0.6568339017524951,4
27992,764e9d31-3f3c-30ae-a57f-7df204b6e467,0.1289315835712716,0.0142763013397759,78.5,35222,default,Normal,normal,70.0,58.0,65.0,F,0.6564435213796506,4
20525,8d1c6fce-6141-34bc-8e30-09d51dc9ea41,5.040933333333333,0.3166666666666666,60.0,18148,private_ip,outlier,outlier,3.0,1.0,19.0,F,0.6563892341364442,3
3889,784ddeea-659b-3daf-a6f8-3824b1f01d9b,86.3963,0.4,10.0,51838,private_ip,outlier,outlier,1.0,1.0,4.0,E,0.6562821042713152,3
22314,4c5ea1af-ae01-38dc-9e3a-e66c29162828,1.9081144578313252,0.2409638554216867,83.0,9503,private_ip,outlier,outlier,4.0,1.0,20.0,F,0.6562236307268741,3
34176,d93efb29-3c03-378a-afe3-c88d5ff53a2a,46.658,0.8,5.0,13998,private_ip,outlier,outlier,1.0,1.0,4.0,F,0.6560575339911019,3
14831,626e23cc-3528-3779-b751-96f014d10787,15.096225352112675,0.4507042253521127,71.0,64310,private_ip,outlier,outlier,1.0,1.0,32.0,E,0.6559723172893877,3
17774,de2423ec-fdde-3e3f-884f-7da4f1a86ff4,3.3371373626373626,0.0989010989010989,182.0,36442,private_ip,outlier,outlier,1.0,1.0,18.0,E,0.6559642886904723,3
13212,6ac05948-284c-33e3-8d84-9f68d4175e8c,110.74284615384616,0.0489510489510489,143.0,950174,default,BingPreview/1.0b;bingbot/2.0;unknown,bot,1.0,1.0,7.0,E,0.6558145442490078,2
26080,34a6733b-9f1f-37ca-ab5d-07cec4db4c1f,0.6634516129032259,0.2096774193548387,62.0,2469,private_ip,outlier,outlier,8.0,1.0,13.0,F,0.6557314099507608,3
24167,4fa99067-a8fb-3cf4-a221-f32433320ea7,0.0906253323664491,0.0181290790427846,72.57894736842105,22496,default,Normal,normal,67.0,57.0,75.0,F,0.6556312946094971,4
27915,6f2cb61c-b526-3d9a-94b5-bed537ab09ef,0.0030606312292358,0.0930232558139534,8.72463768115942,111,default,Normal,normal,94.0,69.0,56.0,F,0.6554504843451583,4
24336,6f7b9941-6b94-3fa0-8bfc-f8e5c67730de,6.382879032258065,0.4516129032258064,62.0,23745,private_ip,outlier,outlier,2.0,1.0,28.0,F,0.6554402288384049,3
7624,3e564ac1-2629-3478-a621-a6f3043173f5,0.0001434599156118,0.0632911392405063,2.3465346534653464,3,default,BingPreview/1.0b,bot,236.0,101.0,15.0,E,0.655383301614087,4
4181,92dc1892-8fca-3f8e-930d-2833b61321ee,0.0001375,0.0625,2.3529411764705883,2,default,BingPreview/1.0b,bot,234.0,102.0,15.0,E,0.655383301614087,4
19041,5a1142d4-8b1a-3349-840e-e9cc26cf4ee0,83.05418181818182,0.4545454545454545,11.0,54816,private_ip,outlier,outlier,1.0,1.0,5.0,F,0.6553338169166505,3
3730,c4c0cb17-9619-384f-af21-924b2fda13e8,23.932,1.0,4.0,5744,private_ip,outlier,outlier,1.0,1.0,4.0,E,0.6553074078948319,3
7310,cabf13c2-6be1-30d3-bdf4-1ff85965aacd,31.954176470588237,0.3137254901960784,51.0,97780,private_ip,outlier,outlier,1.0,1.0,16.0,E,0.6553014842338434,3
2777,2245e3ae-2e4b-343e-b03f-c614e9d74c7a,1068.67075,1.0,4.0,256481,default,outlier,outlier,1.0,1.0,4.0,E,0.654588244456026,2
2180,3f9efcbf-9c96-3a75-9f5e-155eac1f5bb7,15.719728571428572,0.4142857142857143,70.0,66023,private_ip,outlier,outlier,1.0,1.0,29.0,E,0.6542081920465965,3
13678,43fb4ba8-77f8-368d-b639-f838aeab8d90,0.0653759124087591,0.218978102189781,137.0,538,private_ip,outlier,outlier,6.0,1.0,30.0,E,0.6542002137469798,3
27031,0823d181-6212-38d0-a5e1-7f82ee657455,0.6359873417721519,0.240506329113924,79.0,3015,private_ip,outlier,outlier,4.0,1.0,19.0,F,0.6540883580774408,3
1397,e91a3896-de69-3207-ac8b-df13aaa9dc62,5.697523809523809,0.7142857142857143,42.0,14358,private_ip,outlier,outlier,1.0,1.0,30.0,E,0.6537412026313087,3
13300,6636d26a-fc3f-3431-a5c1-555eb1e5d626,1.2351532258064517,0.3870967741935484,124.0,9190,private_ip,outlier,outlier,1.0,1.0,48.0,E,0.6535056419534381,3
24529,bc0968a2-1d9d-3e9f-89e1-7585a89c917d,3.178144927536232,0.3188405797101449,69.0,13158,private_ip,outlier,outlier,3.0,1.0,22.0,F,0.6534889487366663,3
5401,17f4f1e7-5e68-36ff-8884-3547146a06a6,12.60845,0.1857142857142857,70.0,52956,private_ip,outlier,outlier,2.0,1.0,13.0,E,0.6534619779727842,3
13232,9337cf4b-ffd2-3f06-bebb-76df7e4febd1,0.895795,0.13,200.0,10750,private_ip,outlier,outlier,1.0,1.0,26.0,E,0.6532190535671888,3
13233,9337cf4b-ffd2-3f06-bebb-76df7e4febd1,0.895795,0.13,200.0,10750,private_ip,outlier,outlier,1.0,1.0,26.0,E,0.6532190535671888,3
13234,9337cf4b-ffd2-3f06-bebb-76df7e4febd1,0.895795,0.13,200.0,10750,private_ip,outlier,outlier,1.0,1.0,26.0,E,0.6532190535671888,3
13231,9337cf4b-ffd2-3f06-bebb-76df7e4febd1,0.895795,0.13,200.0,10750,private_ip,outlier,outlier,1.0,1.0,26.0,E,0.6532190535671888,3
2208,8ca5bbc3-f907-30b2-a708-9b8915082205,0.0001185185185185,0.0777777777777777,2.727272727272727,2,default,BingPreview/1.0b,bot,221.0,99.0,21.0,E,0.6532101379542234,4
16604,45b2376a-2eb5-3f03-b777-c62e7219043b,1.1031910828025475,0.2484076433121019,157.0,10393,private_ip,outlier,outlier,1.0,1.0,39.0,E,0.6531641022110857,3
29710,a6053152-c430-3e1a-b1f7-288984fad429,10.764398148148148,0.4259259259259259,54.0,34877,private_ip,outlier,outlier,2.0,1.0,23.0,F,0.6530947235640248,3
3328,522536a1-8a50-33db-8484-79d27c185dc7,5.818122580645161,0.1225806451612903,155.0,54109,private_ip,outlier,outlier,1.0,1.0,19.0,E,0.6529091283347057,3
12721,ba23defb-7f65-36fb-8255-93a4fd4f2f55,59.698615,0.005,200.0,716384,default,outlier,outlier,1.0,1.0,1.0,E,0.6528979527802456,4
10388,2eac8cf8-9004-3c6a-b793-bff81a94fded,59.70324,0.005,200.0,716439,default,outlier,outlier,1.0,1.0,1.0,E,0.6528979527802456,4
27660,7dd0c13d-c0d0-3ac1-baaf-1d9e4f688dde,0.0039132379248658,0.0330948121645796,12.704545454545457,263,default,Normal,normal,91.0,88.0,37.0,F,0.652856608921476,4
24697,bc3d09fc-fc9e-3bf4-b604-871233eba88c,16.277846153846156,0.4871794871794871,39.0,38091,private_ip,outlier,outlier,2.0,1.0,19.0,F,0.6525891516631184,3
8541,6280a41c-690f-301a-acf7-3f85a2b8b91c,2.788362204724409,0.3070866141732283,127.0,21248,private_ip,outlier,outlier,1.0,1.0,39.0,E,0.6525039114735095,3
18777,3de8fd46-fad4-33fa-9114-75c671fd1f4f,91.9605632183908,0.0229885057471264,174.0,960069,default,outlier,outlier,1.0,1.0,4.0,F,0.6523264534716717,2
7195,6c98c8e1-fe85-3988-ac1a-e3e25a817c6a,37.7969375,0.5625,32.0,72571,private_ip,outlier,outlier,1.0,1.0,18.0,E,0.6521418878324148,3
7644,64505371-0b52-3b1a-85fe-52716e349188,16.33093103448276,0.1206896551724138,58.0,56832,private_ip,outlier,outlier,1.0,1.0,7.0,E,0.6520950604219865,3
15649,7b78fa9e-5967-3070-8041-513c6adf0460,46.546625,0.75,8.0,22343,private_ip,outlier,outlier,1.0,1.0,6.0,E,0.6520129314270553,3
10909,c3b0dce1-5cc2-30dc-8821-3cebbf43c945,15.5360625,0.3625,80.0,74574,private_ip,outlier,outlier,1.0,1.0,29.0,E,0.6518729948354833,3
15230,6343b1d7-361a-38fd-9852-3668959a640c,0.0001019108280254,0.0605095541401273,2.9904761904761905,2,default,BingPreview/1.0b,bot,236.0,105.0,19.0,E,0.6515175141072378,4
25489,a824d3ba-f1e4-3810-8379-261623c68c5e,0.1233809523809523,0.238095238095238,84.0,622,private_ip,outlier,outlier,4.0,1.0,20.0,F,0.6514807624585498,3
4457,a0612936-f878-3baa-8d7d-dfac20d00fbf,1.1298788819875776,0.1801242236024844,161.0,10915,private_ip,outlier,outlier,2.0,1.0,29.0,E,0.6512412548134837,3
17875,33572d6b-94cc-39bb-8e48-0aadef531579,11.967458333333331,0.2083333333333333,24.0,17234,private_ip,outlier,outlier,1.0,1.0,5.0,F,0.6511129805192508,3
18977,76dbd286-ab17-3c44-8b59-2b8f81b0c329,289.6291428571428,0.1428571428571428,70.0,1216443,default,outlier,outlier,1.0,1.0,10.0,F,0.6511129712603542,2
29044,42de59d0-ec83-3975-9b31-9886189f6ba8,0.109230975828111,0.0132050134288272,74.46666666666667,29283,default,Normal,normal,75.0,60.0,59.0,F,0.6510887328392605,4
23310,f09b5b19-3af7-3252-8c63-4d454a8cfb9c,352.8335714285714,0.1428571428571428,7.0,148191,datacenter,outlier,outlier,1.0,1.0,1.0,F,0.6510327774164613,3
8811,3ca605b3-fe99-39d7-8b65-0a934fa09a2e,1.1331468926553674,0.1581920903954802,177.0,12035,private_ip,outlier,outlier,1.0,1.0,28.0,E,0.6509735790694926,3
32132,50325678-773a-33fa-882f-ef1bd884dda9,0.101253164556962,0.2658227848101265,79.0,480,private_ip,outlier,outlier,5.0,1.0,21.0,F,0.6509133989980501,3
2141,a4891746-a999-3a13-b1be-bd61e40749ec,80.278845,0.05,200.0,963347,default,BingPreview/1.0b;bingbot/2.0;unknown,bot,1.0,1.0,10.0,E,0.650565222281967,2
19705,c21f267b-9013-3384-ae64-e90abf91498e,1.314780487804878,0.2439024390243902,82.0,6469,private_ip,outlier,outlier,4.0,1.0,20.0,F,0.6501539419616655,3
24532,c4f3ea3c-a0ae-3876-a2ec-356e3391a3db,0.3703,0.4,60.0,1334,private_ip,outlier,outlier,3.0,1.0,24.0,F,0.6501335095960434,3
727,72ebed57-d2a1-393f-bb16-d63a74bb701f,5.527929824561404,0.2982456140350877,114.0,37812,private_ip,outlier,outlier,2.0,1.0,34.0,E,0.6500352104911746,3
28139,034172ad-507d-34c0-9f83-b934469ac8eb,0.2809404761904762,0.2619047619047619,84.0,1416,private_ip,outlier,outlier,4.0,1.0,22.0,F,0.6500328876219823,3
32395,a8c49b1f-65d1-3f80-939b-fe3f1f0638d6,0.0001,0.0147058823529411,3.5789473684210527,3,default,Normal,normal,96.0,95.0,5.0,F,0.6498065919606123,4
27859,d4957d7f-1e9d-3b83-8ddd-daa690e45751,9.298780487804878e-05,0.0152439024390243,3.4166666666666665,2,default,Normal,normal,98.0,96.0,5.0,F,0.6498065919606123,4
10744,3d59642c-43a7-3f04-a39c-827c57a4dde1,0.5940828025477707,0.2292993630573248,157.0,5597,private_ip,outlier,outlier,1.0,1.0,36.0,E,0.6497691778431623,3
25591,c788f061-a7d0-3189-b035-e5cf08c40555,14.834780487804878,0.4878048780487805,41.0,36494,private_ip,outlier,outlier,2.0,1.0,20.0,F,0.6497586992132363,3
4538,65ac1ca2-75cf-3f9f-b220-12d9d59cd179,113.33370322580646,0.2064516129032258,155.0,1054004,default,outlier,outlier,1.0,1.0,32.0,E,0.6494231580050914,2
4536,65ac1ca2-75cf-3f9f-b220-12d9d59cd179,113.33370322580646,0.2064516129032258,155.0,1054004,default,outlier,outlier,1.0,1.0,32.0,E,0.6494231580050914,2
4537,65ac1ca2-75cf-3f9f-b220-12d9d59cd179,113.33370322580646,0.2064516129032258,155.0,1054004,default,outlier,outlier,1.0,1.0,32.0,E,0.6494231580050914,2
4539,65ac1ca2-75cf-3f9f-b220-12d9d59cd179,113.33370322580646,0.2064516129032258,155.0,1054004,default,outlier,outlier,1.0,1.0,32.0,E,0.6494231580050914,2
27055,5e4833de-16f6-3466-a741-6e6dbfba3653,4.038461538461539e-05,0.0115384615384615,5.252525252525253,2,default,Normal,normal,103.0,99.0,6.0,F,0.6492329332446068,4
21281,87e9b057-683a-35a4-a6a4-28bdc3b1a949,2.995969696969697,0.3333333333333333,66.0,11865,private_ip,outlier,outlier,4.0,1.0,22.0,F,0.6491684446330004,3
27744,6ca5413a-d4a7-37b5-b2fa-915c5fa008fe,263.2928292682927,0.1463414634146341,82.0,1295401,default,outlier,outlier,1.0,1.0,12.0,F,0.6491004296655811,2
5914,0028fc15-35d5-3736-bf9c-9d0ceecec142,132.80018867924528,0.3584905660377358,106.0,844610,default,outlier,outlier,1.0,1.0,38.0,E,0.6490616543683781,2
1395,e7395d95-cf60-3cc9-9cb5-047af3f3cd18,17.647,1.0,4.0,4236,private_ip,outlier,outlier,1.0,1.0,4.0,E,0.648937085040932,3
19694,94a7e546-e1ff-3aa8-bf46-e0e73ef91bd6,0.0894280335939762,0.0191138140747176,56.60655737704918,18528,default,Normal,normal,71.0,61.0,66.0,F,0.6488192742662338,4
837,b4dd7d66-2ec8-30ef-81aa-40b605b27588,8.797653958944282e-05,0.093841642228739,3.6666666666666665,2,default,BingPreview/1.0b,bot,216.0,93.0,32.0,E,0.6487852201438767,4
13609,6d635521-e4d6-3c79-9e3d-4f8f06af37c1,27.49127777777778,0.2777777777777778,36.0,59382,private_ip,outlier,outlier,1.0,1.0,10.0,E,0.6487128478671229,3
19790,bbca2319-4101-3383-8345-61a3cbadb47d,117.41554411764706,0.0294117647058823,136.0,958111,default,outlier,outlier,1.0,1.0,4.0,F,0.64861733706659,2
16870,7f91b388-e61d-310f-b404-6b4161ce087e,1.8358823529411763,0.1,170.0,18726,private_ip,outlier,outlier,1.0,1.0,17.0,E,0.6486013557185812,3
14090,9f4c675a-dc7b-3936-ab91-260e2bb6d638,1368.893,0.5,4.0,328535,default,outlier,outlier,1.0,1.0,2.0,E,0.6485475989627728,3
11310,3a2f3e61-d4e8-348b-90d1-17cdd5c6a5a5,3.5422,0.2571428571428571,140.0,29755,private_ip,outlier,outlier,1.0,1.0,36.0,E,0.6484853581393614,3
11023,1cc3dcc0-971b-314e-8c32-95f9296a521a,3.8145,0.3666666666666666,120.0,27465,private_ip,outlier,outlier,1.0,1.0,44.0,E,0.6483435615809542,3
7982,4d3b417d-1a19-3acf-b4df-c164d284e5ed,4.5137465753424655,0.1643835616438356,146.0,39541,private_ip,outlier,outlier,1.0,1.0,24.0,E,0.6483149941284464,3
24706,e278d84d-fe53-3cc1-892a-bd986c1735e7,15.437431818181818,0.4545454545454545,44.0,40755,private_ip,outlier,outlier,2.0,1.0,20.0,F,0.6481259599689146,3
30558,ffc77b29-b592-367a-8bd6-19532e9dd709,0.4541312417145382,0.0057445868316394,1131.5,123324,default,Normal,normal,29.0,4.0,26.0,F,0.6480298029861542,4
5248,3774ab92-1815-3609-bb17-ecfd0dfe30d1,0.0007882608695652,0.0226086956521739,2300.0,109,default,outlier,outlier,40.0,1.0,52.0,E,0.6477352137069569,4
32325,c88eecad-202d-36da-99a0-3d276ca8bf77,363.497,0.2,5.0,109050,datacenter,outlier,outlier,1.0,1.0,1.0,F,0.6476632608477483,3
23476,a40c79ce-7fad-39b3-b2a7-1eb7d3b93713,1232.846,0.4,5.0,369854,default,outlier,outlier,1.0,1.0,2.0,F,0.6474943548288816,2
31308,9166ddb5-b7c4-37cb-bd10-688e89abe7ad,0.3475614035087719,0.4035087719298245,57.0,1189,private_ip,outlier,outlier,3.0,1.0,23.0,F,0.6473846236119382,3
9301,0fc67c8e-a590-34ed-bcb2-315094af41e7,0.0001259541984732,0.0687022900763358,2.646464646464646,2,default,BingPreview/1.0b,bot,228.0,99.0,18.0,E,0.6473803587152587,4
20049,ba7501e0-839d-3b82-b4fa-bcf02ae09cd6,1213.32025,0.25,4.0,291197,default,outlier,outlier,1.0,1.0,1.0,F,0.6472306733539145,3
6339,9fd335b3-0d79-3260-992f-9d4318cd41b1,1273.596,0.75,4.0,305664,default,outlier,outlier,1.0,1.0,3.0,E,0.6472135791312134,2
8378,b4aba072-560c-35de-a7f7-e6fabf7ef7bb,14.503486486486487,0.6486486486486487,37.0,32198,private_ip,outlier,outlier,1.0,1.0,24.0,E,0.6469909982460568,3
20616,b0881ef7-4b58-39c8-a6be-85ffb13cb1e5,0.0008011137629276,0.0047732696897374,14.284090909090908,61,default,Normal,normal,87.0,88.0,6.0,F,0.646877999247864,4
2722,527bd966-7ee4-3fba-944b-1270f7f76253,7.179091743119265,0.3211009174311927,109.0,46952,private_ip,outlier,outlier,1.0,1.0,35.0,E,0.6468764139242814,3
33412,f9e2a426-79bc-3719-bee0-c9938e86d6c3,0.1005619204307508,0.0164522883637451,56.66101694915254,20171,default,Normal,normal,80.0,59.0,55.0,F,0.6468253449652119,4
5507,29a09d57-fdf8-3927-8842-1a7eed1aa75d,10.141962025316456,0.189873417721519,79.0,48073,private_ip,outlier,outlier,1.0,1.0,15.0,E,0.6468172294551662,3
31639,715b9ffe-bd17-39eb-a29a-4b3de586ca2a,0.0926070782743477,0.0154998708344097,66.74137931034483,21509,default,Normal,normal,77.0,58.0,60.0,F,0.6466623137802998,4
18195,0b62a04e-8a91-3cc1-9131-43c01b47bcfe,1.0849000000000002,0.2,10.0,651,private_ip,outlier,outlier,5.0,1.0,2.0,F,0.6466518007941193,3
24089,868f0a1b-ce04-3fc0-a6a8-084115de26af,1.0653,0.2,10.0,640,private_ip,outlier,outlier,5.0,1.0,2.0,F,0.6466518007941193,3
5878,b04df93a-7e05-3eab-bbaa-8058a70a142d,9.86820652173913,0.3152173913043478,92.0,54473,private_ip,outlier,outlier,1.0,1.0,29.0,E,0.6464253572654103,3
27355,f012d7c8-70e2-30d6-9d6d-58cfadea0539,3.195176923076924,0.3076923076923077,65.0,12462,private_ip,outlier,outlier,4.0,1.0,20.0,F,0.6463078969298957,3
24370,f6fdcb2c-8267-311a-8efc-6a8030be8065,0.1120540765391015,0.0124792013311148,78.81967213114754,32326,default,Normal,normal,70.0,61.0,60.0,F,0.6462816628369726,4
19066,a10231a4-e8f6-3de4-9fdf-68d1c3292c9c,1.1386595744680852,0.4893617021276595,47.0,3212,private_ip,outlier,outlier,3.0,1.0,23.0,F,0.6462783067260667,3
14498,01f4d095-28fc-3b2a-bf18-ac1abe96e89d,13.377985074626864,0.4626865671641791,67.0,53780,private_ip,outlier,outlier,1.0,1.0,31.0,E,0.6462108011883131,3
14927,5570f708-68b4-3632-9230-ac6eff84e4fc,5.182333333333333,0.2916666666666667,120.0,37313,private_ip,outlier,outlier,1.0,1.0,35.0,E,0.646194940181227,3
25831,55541558-83c5-32bd-8742-9bfcfcdd019d,0.0003846153846153,0.0109890109890109,2.022222222222222,5,default,Normal,normal,90.0,90.0,2.0,F,0.6461432547201282,4
15946,a62c880f-fc95-3554-9e70-bd48ecdd3c9b,2.2043255813953486,0.2635658914728682,129.0,17062,private_ip,outlier,outlier,1.0,1.0,34.0,E,0.6460750560040002,3
28943,f0a5aa3a-5eb6-3e66-bdb4-90676da119f4,19.01985714285714,0.8571428571428571,7.0,7989,private_ip,outlier,outlier,1.0,1.0,6.0,F,0.645986348339126,3
33113,405c54c9-88ff-3858-b489-860c2faebf42,8.679333333333334,1.0,3.0,1563,private_ip,outlier,outlier,1.0,1.0,3.0,F,0.6459617028061282,3
30402,0eb4c482-deb3-35a9-b9f1-53263d39ed22,166.26389655172414,0.1034482758620689,116.0,1157197,default,outlier,outlier,1.0,1.0,12.0,F,0.6457884429721286,2
26189,62226f0b-6ca9-3ce0-bf76-abcf6f99d3f1,1.2915296411856476,0.0105304212168486,854.6666666666666,198689,default,Normal,normal,19.0,3.0,27.0,F,0.6456933966630014,3
17455,43d221be-a9d5-3b46-ac50-f2988515507a,2.8446153846153845,0.2097902097902098,143.0,24407,private_ip,outlier,outlier,1.0,1.0,30.0,E,0.6456364332339244,3
27036,0f86b55a-ab9f-3924-a846-98168373fdff,0.0004222222222222,0.0111111111111111,2.0454545454545454,5,default,Normal,normal,88.0,88.0,2.0,F,0.6456299374116617,4
23145,29912852-b3fb-3d29-8fb8-f515b9dfc132,0.0001769662921348,0.0112359550561797,2.022727272727273,2,default,Normal,normal,88.0,88.0,2.0,F,0.6456299374116617,4
33690,a0ea7654-71b9-309d-a171-ef81a6b81d9b,0.0049668049792531,0.0995850622406639,6.513513513513513,144,default,Normal,normal,100.0,74.0,48.0,F,0.6454896339272543,4
20787,86870d3c-4684-36ec-8551-1e28a7883bfd,0.6827670722622299,0.0067047429848522,1006.75,164971,default,Normal,normal,31.0,4.0,27.0,F,0.6454726221577952,4
21138,a74d5fb3-60fb-3570-98e3-604497341ae0,898.001,0.5714285714285714,7.0,377161,default,outlier,outlier,1.0,1.0,4.0,F,0.6454527596870266,2
18652,b62202d8-5b60-3c98-88a4-42ee00461289,396.38103125,0.1875,32.0,761052,default,outlier,outlier,1.0,1.0,6.0,F,0.6453552854126177,2
19963,a82201c9-15f4-326c-80c8-d9d499ca9119,0.0079416183447548,0.0031628887717448,41.23913043478261,1808,default,Normal,normal,92.0,92.0,12.0,F,0.6453112553172528,4
22705,31c034cb-3178-376c-b7c6-a5f1729fdba2,25.849625,0.75,8.0,12408,private_ip,outlier,outlier,1.0,1.0,6.0,F,0.6453084428545861,3
361,21ae8ce0-2f69-3991-83c0-0e0905afe871,0.000126953125,0.08984375,2.6391752577319587,2,default,BingPreview/1.0b,bot,224.0,97.0,23.0,E,0.6452908715183636,4
357,163c692c-696d-35ae-9991-8cfbd8e6697a,5.17556880733945,0.2660550458715596,109.0,33849,private_ip,outlier,outlier,1.0,1.0,29.0,E,0.6451470311056556,3
22030,cda6ab04-efd3-39bf-ba8b-807a71ec24b8,0.0004130434782608,0.0163043478260869,2.0444444444444443,5,default,Normal,normal,93.0,90.0,3.0,F,0.6450607841308231,4
24121,da655f54-9e0c-3e76-9ce2-1fd641e9ff77,0.0002710526315789,0.0157894736842105,2.065217391304348,4,default,Normal,normal,94.0,92.0,3.0,F,0.6450607841308231,4
11799,8e824e98-8008-3e56-9c15-28d24e59ac62,2.743073529411765,0.0514705882352941,136.0,22384,private_ip,outlier,outlier,1.0,1.0,7.0,E,0.644977862297284,3
32404,c0bf3ccd-216e-3a62-9255-2979fa279dcf,0.0048955765047135,0.0239303843364757,14.98913043478261,406,default,Normal,normal,101.0,92.0,33.0,F,0.6448912725406587,4
34326,dca0ef58-4d01-3eee-94d3-4ecc3fc30c33,523.831,0.6,5.0,157150,datacenter,outlier,outlier,1.0,1.0,3.0,F,0.6448878052350653,3
9060,38424cd8-8664-35b7-839b-cc205fbb6d47,3.729095890410959,0.2191780821917808,146.0,32667,private_ip,outlier,outlier,1.0,1.0,32.0,E,0.6447405962488216,3
20619,b13fa010-6638-3258-9748-a91d5a609ef6,0.00090538573508,0.0131004366812227,7.387096774193548,38,default,Normal,normal,97.0,93.0,9.0,F,0.6446667771045701,4
9067,45685cf5-da47-35af-95aa-c9e819731edf,5.576535087719298,0.2631578947368421,114.0,38144,private_ip,outlier,outlier,1.0,1.0,30.0,E,0.6446340507558228,3
32561,b80b7677-fc4a-3054-bd82-5eca6d08d1d2,0.0885622401247401,0.0148128898128898,63.08196721311475,20448,default,Normal,normal,78.0,61.0,57.0,F,0.6445843259728813,4
25802,1ae2d73c-a584-32ee-b5c1-41c32c877d4c,55.53681818181818,0.4545454545454545,11.0,36655,private_ip,outlier,outlier,1.0,1.0,5.0,F,0.6445611066202004,3
24189,7e67fbff-d2ac-31fa-9db9-e530fcd04e94,13.014857142857142,0.8571428571428571,7.0,5467,private_ip,outlier,outlier,1.0,1.0,6.0,F,0.6444578559995492,3
24814,307e3641-b9d8-3db8-88bd-d5ab92b35c6d,0.0012088,0.0072,13.020833333333334,91,default,Normal,normal,92.0,96.0,9.0,F,0.6443160395177152,4
3090,5754f9aa-c858-3fe7-baf8-e02e72e523e1,6.145279279279279,0.2612612612612612,111.0,40928,private_ip,outlier,outlier,1.0,1.0,29.0,E,0.6442889229452751,3
26946,e87ccbf2-089d-3930-9c67-37a094f90446,981.8641666666666,0.8333333333333334,6.0,353472,default,outlier,outlier,1.0,1.0,5.0,F,0.6442181804696732,2
24444,b9df0050-b193-3461-9d97-eaaa8b17ebfb,0.0058104693140794,0.1191335740072202,9.389830508474576,194,default,Normal,normal,85.0,59.0,66.0,F,0.6440365893457077,4
1662,2cfc9027-e17a-3a9a-a9e5-d81e2e9282f1,5.637302521008404,0.2689075630252101,119.0,40251,private_ip,outlier,outlier,1.0,1.0,32.0,E,0.644016194107333,3
21496,2b5ef7b3-1b0f-3d35-8070-dc452ffb9637,494.7908695652174,0.3043478260869565,23.0,682812,default,outlier,outlier,1.0,1.0,7.0,F,0.6439303432124142,2
1158,4e8dd029-e7e2-305f-a770-155c7742e49f,11.967,1.0,4.0,2873,private_ip,outlier,outlier,1.0,1.0,4.0,E,0.6437409611762284,3
4687,43fe92a2-6436-3570-baf1-5230bcb03330,90.56331937172774,0.1047120418848167,191.0,1037856,default,outlier,outlier,1.0,1.0,20.0,E,0.6436630185940765,2
6509,8260dbaa-b661-398a-a2ef-6176453ef237,1.4596857142857145,0.3142857142857143,140.0,12262,private_ip,outlier,outlier,1.0,1.0,44.0,E,0.6433511192611434,3
20421,47873912-eb88-34c7-8b05-6fd6d3035588,0.4772040816326531,0.2653061224489796,49.0,1403,private_ip,outlier,outlier,7.0,1.0,13.0,F,0.6432715180487651,3
9520,8863c2e7-463b-37b4-8abc-17235ad67d77,1.4527902097902097,0.2517482517482518,143.0,12465,private_ip,outlier,outlier,1.0,1.0,36.0,E,0.643259423532746,3
3786,7b9e691e-2495-376c-a67e-d87ad372d732,0.0001255605381165,0.0672645739910313,2.2989690721649483,2,default,BingPreview/1.0b,bot,221.0,97.0,15.0,E,0.6432406823092728,4
22576,b3a076f2-be14-39b0-a828-2738260d946b,0.0025196779964221,0.0062611806797853,13.152941176470588,170,default,Normal,normal,84.0,85.0,7.0,F,0.6431457044868067,4
4778,535b6185-e136-3839-9f81-7d5826a20cb3,0.0001148648648648,0.0641891891891891,3.1157894736842104,3,default,BingPreview/1.0b,bot,227.0,95.0,19.0,E,0.6430476389865243,4
29570,b6c54cef-00d4-30de-bf7a-26d7677792e2,0.002452707856598,0.0068649885583524,14.566666666666666,193,default,Normal,normal,91.0,90.0,9.0,F,0.6429071072802515,4
15658,94df5839-69b4-3e57-8b63-ee1827a8c0d7,41.2486,0.8,5.0,12375,private_ip,outlier,outlier,1.0,1.0,4.0,E,0.6427116396399938,3
13931,2ea573a1-5b4f-3ee9-a8d4-d96840c188e2,0.000114186851211,0.0761245674740484,3.32183908045977,2,default,BingPreview/1.0b,bot,218.0,87.0,22.0,E,0.6426331970428443,4
23938,9cddfef1-7135-3726-958a-5ba29d8cc88b,0.095313865455332,0.0127622755786285,75.78688524590164,26439,default,Normal,normal,69.0,61.0,59.0,F,0.6425709686568986,4
33473,bdef5362-600a-3daa-b034-e1b45949a29f,1.2046538461538463,0.7307692307692307,26.0,1880,private_ip,outlier,outlier,1.0,1.0,19.0,F,0.6425089323351114,3
20606,8e5ea643-5a71-3bcc-9228-bc21bf840ed1,0.0012116200169635,0.008481764206955,11.909090909090908,86,default,Normal,normal,100.0,99.0,10.0,F,0.6423001319560278,4
23142,253acb2d-98dd-3cc9-805f-3879cb7a6b60,0.002319514661274,0.0101112234580384,10.091836734693878,138,default,Normal,normal,105.0,98.0,10.0,F,0.6422142285789888,4
30902,cdad071c-7273-39cd-970e-f676315e7dd8,0.0020417780748663,0.0200534759358288,15.26530612244898,184,default,Normal,normal,102.0,98.0,30.0,F,0.6422095541666142,4
12178,c87b302b-331b-333d-b6f5-587e8522d842,0.006125,0.25,2.6666666666666665,3,private_ip,FacebookExternalHit/1.1;unknown,bot,4.0,3.0,2.0,E,0.6421742576795849,4
23032,d39f4d04-1500-3775-8134-a84f6406b86a,1.7126307692307692,0.2461538461538461,65.0,6680,private_ip,outlier,outlier,5.0,1.0,16.0,F,0.6421715865488754,3
25091,a6d317ef-5bb7-301c-802e-e307fa5b410a,3.2710280373831774e-05,0.0233644859813084,2.183673469387755,1,default,Normal,normal,103.0,98.0,5.0,F,0.6421683010220017,4
29074,a7b3b4fa-9d2c-3da9-b578-09f1afa70122,0.0097178217821782,0.0808580858085808,8.08,354,default,Normal,normal,83.0,75.0,49.0,F,0.642167836919448,3
34060,5b85f170-7605-3996-b1f4-e25c42c88d35,6.179775280898876e-05,0.0168539325842696,2.045977011494253,1,default,Normal,normal,87.0,87.0,3.0,F,0.6421142564329284,4
27757,af82edc1-f924-313d-9c8b-4239350bbe1d,0.0017684824902723,0.0097276264591439,11.173913043478262,110,default,Normal,normal,93.0,92.0,10.0,F,0.641788114529813,4
11494,37a2c102-ddaa-3696-afba-f8166fb96f34,5.336379629629629,0.2685185185185185,108.0,34580,private_ip,outlier,outlier,1.0,1.0,29.0,E,0.6417234799742092,3
27188,e497aa3f-ffa0-3111-b5bd-2116ebb4f873,0.0011782573940847,0.008792965627498,12.76530612244898,89,default,Normal,normal,102.0,98.0,11.0,F,0.6416606653410899,4
19595,48d59a36-33b6-374c-bb48-fe1bf3bff327,0.0001440677966101,0.0169491525423728,2.034482758620689,2,default,Normal,normal,88.0,87.0,3.0,F,0.6416023018764967,4
21684,4e9c1852-fc7b-360c-8c44-6fedb1122970,3.35209375,0.3125,64.0,12873,private_ip,outlier,outlier,3.0,1.0,20.0,F,0.6415727185534608,3
21365,9955ed4b-4701-3865-9a78-b002c9899c8a,0.1529545454545454,0.5,44.0,404,private_ip,outlier,outlier,3.0,1.0,22.0,F,0.6414255264942558,3
6810,f5b5c3d5-fa3e-3d51-be54-fdc66d3a4e25,9.372637944066516e-05,0.0355253212396069,1323.0,8,default,outlier,outlier,47.0,1.0,47.0,E,0.6412412405375985,4
13580,f8ead62c-cace-3117-91b6-660e1bdc878c,4.967375,0.6071428571428571,56.0,16691,private_ip,outlier,outlier,1.0,1.0,34.0,E,0.6412018071653984,3
27263,cefbd3c5-bd2d-34e8-bfa9-9782378591fb,0.0002322274881516,0.0236966824644549,2.1979166666666665,3,default,Normal,normal,97.0,96.0,5.0,F,0.6410384068527458,4
2417,daf43aee-70fb-3845-abea-92af0d68b06b,4.796375,0.109375,128.0,36837,private_ip,outlier,outlier,1.0,1.0,14.0,E,0.6408975444996963,3
2549,6d2ee258-843b-34e1-bb19-0437f946ac9d,3.934987168520103e-05,0.0402053036783575,1169.0,3,default,outlier,outlier,69.0,1.0,47.0,E,0.6408075795263484,4
31472,4c1baee5-351f-3543-9d75-40ac60b3f228,0.1028692990511172,0.017447199265381,54.45,20165,default,Normal,normal,73.0,60.0,57.0,F,0.6408011512560752,4
9903,cd47c64a-a516-3ca5-83c3-e0ce831700e8,9.7856,1.0,5.0,2936,private_ip,outlier,outlier,1.0,1.0,5.0,E,0.6407344087805998,3
8833,7a0b2cd0-5e4f-3bec-9c72-1dc927ecc61b,0.153570652173913,0.058695652173913,1840.0,16955,default,outlier,outlier,2.0,1.0,108.0,E,0.6407317695305358,5
16682,1f6e5519-4e76-3b41-b90e-1e69b711c14e,1.1999545454545455,0.3,110.0,7920,private_ip,outlier,outlier,4.0,1.0,33.0,E,0.6406255971786843,3
27549,1446fe21-ea5a-3be1-83c9-27a30ef5beee,9.467725,0.5,40.0,22723,private_ip,outlier,outlier,2.0,1.0,20.0,F,0.6403281281707687,3
268,22dcbed5-eec5-3f2e-89ea-309dcabd51e0,0.1980051605504587,0.0619266055045871,1744.0,20720,default,outlier,outlier,2.0,1.0,108.0,E,0.6401817540791472,5
20593,550b14fa-a179-3758-8600-458f3dc03d52,8.83203409090909,0.4772727272727273,44.0,23317,private_ip,outlier,outlier,2.0,1.0,21.0,F,0.6401209815642531,3
8949,ca3e9b66-8d06-3792-a5bd-b092d2f6ba8f,3.9379406779661017,0.2711864406779661,118.0,27881,private_ip,outlier,outlier,1.0,1.0,32.0,E,0.6400726237123786,3
8172,3ecf7baa-1d46-307f-9abc-d28dfbb73686,39.04666666666667,0.6666666666666666,6.0,14057,private_ip,outlier,outlier,2.0,1.0,4.0,E,0.6400378991611361,3
4578,d6c42158-201c-33a2-b966-f3a4c9c31555,0.9089777777777778,0.2888888888888888,135.0,7363,private_ip,outlier,outlier,1.0,1.0,39.0,E,0.6398421761725277,3
30404,1407671c-10f5-318e-8f7f-1fa8991a75fd,0.0037510148849797,0.0081190798376184,16.24175824175824,333,default,Normal,normal,94.0,91.0,12.0,F,0.6396881576669391,4
23782,dd519d1f-2771-39e1-b75d-760cc72540ce,0.0001603773584905,0.0235849056603773,2.32967032967033,3,default,Normal,normal,96.0,91.0,5.0,F,0.6396860024503177,4
26432,21f51cdf-f397-3d9b-8ef6-24333caa9362,0.0951554975340876,0.0182767624020887,58.42372881355932,19681,default,Normal,normal,67.0,59.0,63.0,F,0.6394666154419468,4
21369,a6785760-2aae-3556-b770-f08effd8d4b4,2.4615384615384616e-05,0.0215384615384615,3.571428571428572,1,default,Normal,normal,95.0,91.0,7.0,F,0.6392221468626372,4
3443,967c3801-f71c-332a-be11-8eeb926391ff,17.027,0.8888888888888888,9.0,9195,private_ip,outlier,outlier,1.0,1.0,8.0,E,0.6388251557923477,3
29016,c82842b3-ff65-3713-8a2d-294c21af443b,0.0097868852459016,0.3114754098360656,61.0,36,private_ip,outlier,outlier,3.0,1.0,19.0,F,0.6388072016310925,3
4995,c1c888ce-2589-393f-ade3-257d78a5e1df,1.2594276315789472,0.1776315789473684,152.0,11486,private_ip,outlier,outlier,1.0,1.0,27.0,E,0.6387787065798368,3
32898,cb21795c-d469-3637-b13a-a3dedd8ce0ab,0.0016848708487084,0.0088560885608856,14.89010989010989,137,default,Normal,normal,92.0,91.0,12.0,F,0.63866606262556,4
24429,a5a6bf2a-00cf-3922-86e0-7f5ab79f3293,0.0002088353413654,0.0240963855421686,2.7065217391304346,4,default,Normal,normal,98.0,92.0,6.0,F,0.6384992760600567,4
19486,d8f09fe2-b157-383d-b33b-d7a5270a67de,8.971,0.8571428571428571,7.0,3768,private_ip,outlier,outlier,1.0,1.0,6.0,F,0.6383072857031656,3
21938,b668f97b-ef69-3bf3-bc3f-81297e94b3a6,165.1405,0.0576923076923076,104.0,1030477,default,outlier,outlier,1.0,1.0,6.0,F,0.6381943368645002,2
27968,21f55562-2de8-3fdb-97e4-55b9c8b7e888,0.0041503267973856,0.0317460317460317,12.170454545454543,267,default,Normal,normal,95.0,88.0,34.0,F,0.6380852184094317,4
24834,5a7f79a1-fafe-3d05-bb3a-8b853256f7d5,12.336333333333334,0.7777777777777778,9.0,6662,private_ip,outlier,outlier,1.0,1.0,7.0,F,0.6380019187407975,3
11468,fb50f22c-6a61-3689-b4d5-4b92577ff370,8.734358024691359,0.4074074074074074,81.0,42449,private_ip,outlier,outlier,1.0,1.0,33.0,E,0.6379520271302395,3
4669,1566ee88-d4c6-3c43-be42-69c6c82b0a2a,2.307562962962963,0.2222222222222222,135.0,18692,private_ip,outlier,outlier,1.0,1.0,30.0,E,0.6379249800257315,3
14994,163ffa91-83cd-3277-88d2-43df4a80a4c2,1.5255530129672005e-05,0.030511060259344,1311.0,2,default,outlier,outlier,75.0,1.0,40.0,E,0.6378170898065986,4
31766,09e824a0-1729-3976-90f4-c5e966d82a40,5.898888888888889,0.8888888888888888,9.0,3186,private_ip,outlier,outlier,1.0,1.0,8.0,F,0.6376271866012073,3
964,2c9e1f42-faf9-36d4-988b-8c6dcbf2eca4,6.054365733113674e-05,0.0210049423393739,2428.0,9,default,outlier,outlier,30.0,1.0,51.0,E,0.6372433595219619,4
29866,79ef6e53-f878-3c7c-84a5-6bf6062552b0,130.25490909090908,0.0330578512396694,121.0,945651,default,outlier,outlier,1.0,1.0,4.0,F,0.63719319029547,2
4710,7271dfc1-d395-3a65-aee5-8c72290a64ec,11.510607843137254,0.5294117647058824,51.0,35223,private_ip,outlier,outlier,1.0,1.0,27.0,E,0.6371494337647642,3
33857,be4fc207-e456-30fe-a812-00867b2ec17e,0.0002757009345794,0.0327102803738317,2.2291666666666665,4,default,Normal,normal,99.0,96.0,7.0,F,0.6369447694536032,4
32963,6e519370-1fbe-35b1-8ba8-dabe0246c846,0.0916027197668771,0.0131131617289946,67.50819672131148,22634,default,Normal,normal,73.0,61.0,54.0,F,0.6369100624575986,4
9927,1970863f-21e6-3a26-8cb9-d05f98d587ca,59.66189944134079,0.0055865921787709,179.0,640769,default,outlier,outlier,1.0,1.0,1.0,E,0.6368759982017984,3
30406,1e7183cf-7f07-3157-9bd5-5feab67e9981,27.5632,0.8,5.0,8269,private_ip,outlier,outlier,1.0,1.0,4.0,F,0.6368257878226035,3
26229,c9ce2a47-4a8f-3b57-a917-5bc54a44ae1a,0.0023858574610244,0.0111358574610244,9.868131868131869,129,default,Normal,normal,85.0,91.0,10.0,F,0.636795680658873,4
13172,faa3378e-26ba-37f4-ab73-3c42d20e818d,6.0355,0.08,50.0,18107,private_ip,outlier,outlier,1.0,1.0,4.0,E,0.6366734372336493,3
29855,52ba1077-a8fe-3c44-8e00-171a810adf81,7.07070707070707e-05,0.0252525252525252,2.2,1,default,Normal,normal,92.0,90.0,5.0,F,0.6365688464262617,4
30058,d49acf87-9573-352c-ae98-0fd02e8979f3,68.982725,0.02,200.0,827793,default,outlier,outlier,1.0,1.0,4.0,F,0.6365496495447305,2
7709,214e64c6-49b7-3bd8-b4d6-dda300f6dbcf,0.0020110497237569,0.0283149171270718,1448.0,175,default,outlier,outlier,57.0,1.0,41.0,E,0.6364029362589331,4
25415,c9c3a039-3bad-32df-8555-cc2f178a23f5,0.039095238095238,0.5,42.0,99,private_ip,outlier,outlier,3.0,1.0,21.0,F,0.636316092159914,3
2458,586198cd-5457-3d8a-9f40-b9fb9ffb25dc,0.7841052631578946,0.2481203007518796,133.0,6258,private_ip,outlier,outlier,1.0,1.0,33.0,E,0.6362182085518673,3
20,477d68be-4c83-35a8-a6d2-71b0f1ae19aa,0.3289743589743589,0.7435897435897436,39.0,770,private_ip,outlier,outlier,1.0,1.0,29.0,E,0.6361132858231908,3
28928,c287a672-6aca-3d4c-8940-6bb13742c91e,5.2360775,0.005,400.0,125666,datacenter,outlier,outlier,1.0,1.0,2.0,F,0.6361078458668152,3
16918,ef14eab5-983e-3445-9717-743959380538,25.02537777777778,0.4666666666666667,45.0,67569,private_ip,outlier,outlier,1.0,1.0,21.0,E,0.6359279551553786,3
20509,523ba061-8fcd-3872-b228-499f7a7e4f58,0.0048607843137254,0.0941176470588235,6.986301369863014,149,default,Normal,normal,91.0,73.0,48.0,F,0.6358807098007485,4
10191,256e3a0d-711f-30f6-95f9-a322d5ad08c1,0.0001065088757396,0.0650887573964497,3.6344086021505375,3,default,BingPreview/1.0b,bot,203.0,93.0,22.0,E,0.635761934569847,4
6545,f269c495-896e-394e-8702-54cf316c3ddb,3.557171717171717,0.4242424242424242,99.0,21130,private_ip,outlier,outlier,1.0,1.0,42.0,E,0.6357519619499029,3
34276,439808b2-ddd1-3965-b725-6294ba131fbb,0.0074829157175398,0.0933940774487471,5.4875,198,default,Normal,normal,94.0,80.0,41.0,F,0.6357051054042626,4
26321,de05f9c2-2a32-3b90-908c-c71acda137fa,0.1710238095238095,0.3492063492063492,63.0,647,private_ip,outlier,outlier,4.0,1.0,22.0,F,0.6356115597293382,3
21327,250a76f6-fe1a-38e2-a966-59858643d1fb,0.3963409090909091,0.4772727272727273,44.0,1047,private_ip,outlier,outlier,3.0,1.0,21.0,F,0.6355679449582785,3
20958,b475ebe8-2469-39d9-bb84-d2827f632152,1164.5155,0.25,4.0,279484,default,outlier,outlier,1.0,1.0,1.0,F,0.6355326238197836,2
22494,b29d72e2-2be2-3b20-9a01-3fbb03bbdda4,0.2922,0.3230769230769231,65.0,1140,private_ip,outlier,outlier,4.0,1.0,21.0,F,0.6355243264367301,3
28604,b2bf7f37-761f-3f55-abed-0e26c0d5ae26,7.93125,1.0,4.0,1904,private_ip,outlier,outlier,1.0,1.0,4.0,F,0.6354429015172506,3
10545,0edbab9c-cc03-3637-8fe6-1619654a3dc5,1.8529747899159663,0.2773109243697479,119.0,13231,private_ip,outlier,outlier,1.0,1.0,33.0,E,0.6353017352318541,3
8958,df2c4345-200a-355a-99a7-d87785bacbf4,7.027102040816327,0.5918367346938775,49.0,20660,private_ip,outlier,outlier,1.0,1.0,29.0,E,0.635281836286287,3
9137,150c9187-2c8e-3552-bb09-b68ffffa6c62,53.56171428571428,0.5,14.0,44992,private_ip,outlier,outlier,1.0,1.0,7.0,E,0.6352374755929729,3
25046,0966e23a-cd0d-3d64-8dd3-56bcb88f7bb0,99.03770588235294,0.0294117647058823,136.0,808148,default,outlier,outlier,1.0,1.0,4.0,F,0.6352034448240843,2
25678,aa7cc9a5-4f1e-359d-aa49-6b2db22de985,934.9932,0.2,5.0,280498,default,AdsBot-Google;Mobile Safari,bot,1.0,1.0,1.0,F,0.6351535069868498,2
30691,4b41ff46-6471-359f-aa5f-d598eb113ec5,0.0001978609625668,0.0213903743315508,2.1494252873563218,3,default,Normal,normal,90.0,87.0,4.0,F,0.6351323428752297,4
13140,873c0151-99f6-3705-83a6-43d46534e38c,3.125965811965812,0.2393162393162393,117.0,21945,private_ip,outlier,outlier,1.0,1.0,28.0,E,0.6350470354689488,3
26268,37284957-785f-3d43-afcb-a2ee6608d439,0.0885074977947662,0.0161717142017053,56.68333333333333,18061,default,Normal,normal,73.0,60.0,55.0,F,0.6349372588625647,4
8752,8caeaba8-185c-3566-a511-19ac44257774,2.9526029526029528e-05,0.0295260295260295,143.0,3,default,bingbot/2.0,bot,1286.0,9.0,38.0,E,0.6348964841957662,4
1568,f4cf0c2e-c304-30bc-b335-db3143acd672,2.2220087719298243,0.2631578947368421,114.0,15199,private_ip,outlier,outlier,1.0,1.0,30.0,E,0.6348477051866089,3
22512,e29d4f0a-9700-33ec-96b7-1da2836551bd,0.0578880038387715,0.0028790786948176,62.023809523809526,18096,default,Normal,normal,84.0,84.0,15.0,F,0.6348054257124234,4
1676,607f40bb-c0ab-374d-a395-28a399e09a07,0.0001068376068376,0.0769230769230769,2.5161290322580645,2,default,BingPreview/1.0b,bot,216.0,93.0,18.0,E,0.6347233528508471,4
30541,c0e6de36-7771-3035-b927-9a860cb942a5,26.70234375,0.5,16.0,25635,private_ip,outlier,outlier,2.0,1.0,8.0,F,0.6344254747886013,3
10540,f85838c2-1cfd-3863-87dd-ea9ce5264cd8,2.461322081575246e-05,0.0225035161744022,158.0,3,default,bingbot/2.0,bot,1422.0,9.0,32.0,E,0.6343815510998476,4
3003,84988515-b7c6-3c04-8796-e55fa738d70c,2.569803149606299,0.2283464566929134,127.0,19582,private_ip,outlier,outlier,1.0,1.0,29.0,E,0.6343548411595746,3
23083,8c5d5a5f-66a8-36cd-a7c3-cbc1ee6acaf8,59.9089,0.02,200.0,718907,default,outlier,outlier,1.0,1.0,4.0,F,0.6342839042094288,2
28902,6b18db77-d9de-3ffc-af32-b88a98f03371,1.7777222222222222,0.2222222222222222,27.0,2880,private_ip,outlier,outlier,4.0,1.0,6.0,F,0.6342665991110745,3
12426,6ee0c8d7-5208-30bf-b0f0-59cb216013e9,0.0015748792270531,0.0193236714975845,6.21,59,default,Normal,normal,114.0,100.0,12.0,E,0.6342264911710164,4
14225,0ea379a4-a600-3ddb-9cc4-43f3ce2d06b7,12.8945,0.2058823529411764,34.0,26305,private_ip,outlier,outlier,1.0,1.0,7.0,E,0.6341273917406429,3
14223,0ea379a4-a600-3ddb-9cc4-43f3ce2d06b7,12.8945,0.2058823529411764,34.0,26305,private_ip,outlier,outlier,1.0,1.0,7.0,E,0.6341273917406429,3
14222,0ea379a4-a600-3ddb-9cc4-43f3ce2d06b7,12.8945,0.2058823529411764,34.0,26305,private_ip,outlier,outlier,1.0,1.0,7.0,E,0.6341273917406429,3
14224,0ea379a4-a600-3ddb-9cc4-43f3ce2d06b7,12.8945,0.2058823529411764,34.0,26305,private_ip,outlier,outlier,1.0,1.0,7.0,E,0.6341273917406429,3
20492,224a26b8-c810-38f4-a621-0b62b98f629f,0.0656056680161943,0.0159244264507422,60.73770491803279,14585,default,Normal,normal,75.0,61.0,59.0,F,0.6340933134889597,4
29031,0160c0b5-8d6c-3157-838f-0665fa143780,0.0026310827250608,0.0212895377128953,19.571428571428573,260,default,Normal,normal,85.0,84.0,35.0,F,0.6338832525453635,4
30755,0346de24-6cca-31c0-ac84-9a89a0a1150a,0.0077059925093632,0.095505617977528,7.628571428571429,247,default,Normal,normal,91.0,70.0,51.0,F,0.6338535264254498,3
11243,8ad8d639-b249-3cd8-8445-303653db146e,11.409555555555556,0.8888888888888888,9.0,6162,private_ip,outlier,outlier,1.0,1.0,8.0,E,0.6337715839898063,3
23455,63de311f-9aa8-3ef6-a5b6-19205e26a3b2,0.101130890052356,0.0159823642876825,62.56896551724138,22021,default,Normal,normal,71.0,58.0,58.0,F,0.6337662676786742,4
30040,a0062d5d-1c1c-3415-8415-1ba69afde6bc,1.2947846153846154,0.3230769230769231,65.0,5050,private_ip,outlier,outlier,3.0,1.0,21.0,F,0.633748210598708,3
1649,0413f9f6-cb9f-3625-a13a-57449340bb86,0.1476089866156787,0.0401529636711281,2092.0,18528,default,outlier,outlier,5.0,1.0,84.0,E,0.6336526877046985,5
19424,2181dd8d-d68b-3807-ac60-76152ce54686,17.65521153846154,0.3461538461538461,26.0,27543,private_ip,outlier,outlier,2.0,1.0,9.0,F,0.6336425516687848,3
414,d0c9a537-8812-333f-9065-1f28e13f0346,0.0001308016877637,0.0843881856540084,2.7241379310344827,2,default,BingPreview/1.0b,bot,217.0,87.0,20.0,E,0.6335915479888823,4
32206,4c7c9c0f-97c5-3f43-8be4-503cdef24967,0.0897332552693208,0.0121779859484777,70.0,22990,default,Normal,normal,75.0,61.0,52.0,F,0.6334701678898006,4
20371,be2e3411-cc5c-3429-99be-24cc2f733609,0.0021257208765859,0.0092272202998846,10.081395348837209,111,default,Normal,normal,84.0,86.0,8.0,F,0.6333870886258044,4
13080,cf047f38-264c-3ff8-8013-02524e9a36b2,17.281875,0.875,8.0,8296,private_ip,outlier,outlier,1.0,1.0,7.0,E,0.6333816208612654,3
31502,bda660dd-7a7e-333c-bbe1-8158b9d0d402,25.9446,0.8,5.0,7784,private_ip,outlier,outlier,1.0,1.0,4.0,F,0.633354156302068,3
18566,a4318461-2bb1-3528-8d4d-83f5da4fb2dc,0.5242,0.3111111111111111,45.0,1416,private_ip,outlier,outlier,7.0,1.0,14.0,F,0.6331328920765426,3
18209,44014082-1e8a-3922-a6f7-afdafabecd08,0.0320806451612903,0.0887096774193548,6.888888888888889,955,default,Normal,normal,93.0,72.0,44.0,F,0.6329399136431968,2
27391,4e5bb59f-1ee6-3bdf-88ae-d2b7d52ccddb,0.0001323076923076,0.0246153846153846,3.571428571428572,3,default,Normal,normal,93.0,91.0,8.0,F,0.6329106984240643,4
33899,51716448-9b83-31cd-be98-cec63cc7b28a,0.0002857142857142,0.0119047619047619,2.074074074074074,3,default,Normal,normal,82.0,81.0,2.0,F,0.632801209660678,4
26375,71b865df-42dd-30a2-9f51-b1baeabe1f59,0.5183666666666666,0.3,30.0,934,private_ip,outlier,outlier,7.0,1.0,9.0,F,0.6328002745468887,3
25361,14bf52e7-4b85-33dd-ad33-be26237b8e44,0.3249761904761905,0.4761904761904761,42.0,819,private_ip,outlier,outlier,3.0,1.0,20.0,F,0.6325837078023572,3
23293,c953b06a-3065-36e1-b209-c36cd6b4c8c3,2.035659090909091,0.4545454545454545,44.0,5375,private_ip,outlier,outlier,3.0,1.0,20.0,F,0.6325364727737626,3
24983,4e878628-06d7-38a9-bff9-277c04fb4787,508.34675,0.4,20.0,610017,default,outlier,outlier,1.0,1.0,8.0,F,0.6325293031736327,2
599,df1ab406-f1e4-38a4-a29b-a1d47e8472a2,4.157239316239316,0.2307692307692307,117.0,29184,private_ip,outlier,outlier,1.0,1.0,27.0,E,0.6323092484015135,3
27696,e3adf785-2795-3972-a19c-4c5e34b1d47a,0.0182195121951219,0.4878048780487805,41.0,45,private_ip,outlier,outlier,3.0,1.0,20.0,F,0.6321781309663433,3
2006,12198e57-c394-33dc-a4c6-2c42016b35d0,0.9264174757281552,0.3980582524271844,103.0,5726,private_ip,outlier,outlier,1.0,1.0,41.0,E,0.6321708110300411,3
28129,da800b4b-d5e5-3db2-8e14-2bd5c4cfb0fd,1.3141764705882353,0.7647058823529411,17.0,1341,private_ip,outlier,outlier,1.0,1.0,13.0,F,0.6321463874785758,3
20829,18feb695-2bd1-30a9-ae82-d9f28fc68abe,0.0002666666666666,0.0333333333333333,2.967032967032967,5,default,Normal,normal,96.0,91.0,9.0,F,0.6320877701873011,4
26419,ed8ddcd5-25fa-346e-85d3-71f7d0a0fbaf,5.490625,0.875,8.0,2636,private_ip,outlier,outlier,1.0,1.0,7.0,F,0.6320567472225892,3
30247,27c15ce4-1cff-3304-a0e5-85ba3d93b0e2,7.825524390243903,0.5121951219512195,41.0,19251,private_ip,outlier,outlier,2.0,1.0,21.0,F,0.6318675581336507,3
12463,dd2182a6-8bb1-31d3-959e-f0bb04843cd6,14.00237142857143,0.6285714285714286,35.0,29405,private_ip,outlier,outlier,1.0,1.0,22.0,E,0.6318502483023711,3
24464,fb52fb7e-280f-3f32-a099-db7b55a5fc64,10.882888888888887,0.2777777777777778,18.0,11754,private_ip,outlier,outlier,1.0,1.0,5.0,F,0.6318064710413652,3
28905,6f34f4f8-c4c7-32b4-8806-75491271ecdd,959.1353333333334,0.3333333333333333,6.0,345289,default,outlier,outlier,1.0,1.0,2.0,F,0.6317886271456723,2
23185,acfe7634-8d61-3bd1-8222-1e8da77bcd16,4.721375,0.875,8.0,2267,private_ip,outlier,outlier,1.0,1.0,7.0,F,0.6317411196460159,3
16295,a7611a64-b64c-3649-ae22-04671ccdad94,2.0484745762711865,0.288135593220339,118.0,14504,private_ip,outlier,outlier,1.0,1.0,34.0,E,0.6316214869014352,3
11636,db8475c8-7375-3d76-b765-683917bdf4c0,5.524412371134021,0.1958762886597938,97.0,32153,private_ip,outlier,outlier,1.0,1.0,19.0,E,0.6315306130217356,3
21475,f5fa3c43-7845-3af7-80ab-7beb11e6cdad,1.0401953125,0.3125,64.0,3995,private_ip,outlier,outlier,4.0,1.0,20.0,F,0.6315229152029515,3
7952,da11d5af-a759-3556-8821-4847ae09d3c3,2.5145772594752182e-05,0.0240524781341107,152.44444444444446,3,default,bingbot/2.0,bot,1372.0,9.0,33.0,E,0.6312501560306043,4
18681,0d168af5-5acd-3d28-af84-abf057b87adc,0.0136666666666666,0.4761904761904761,42.0,35,private_ip,outlier,outlier,3.0,1.0,20.0,F,0.631161115387714,3
27097,dcde2494-9abd-3558-9b94-813ecac15663,0.0281428571428571,0.4761904761904761,42.0,71,private_ip,outlier,outlier,3.0,1.0,20.0,F,0.631161115387714,3
24569,3ebc5ae1-50be-3c64-94d2-c99b1c5d49dd,5.17975,0.875,8.0,2487,private_ip,outlier,outlier,1.0,1.0,7.0,F,0.631127247378473,3
22268,cbe28dd6-9023-3c09-b270-f72a53017de8,0.0598526397215238,0.0029007928833881,63.83950617283951,18570,default,Normal,normal,81.0,81.0,15.0,F,0.6310944067914763,4
29648,d313b650-4439-3288-8b00-8b44e71bf596,0.0648573790822654,0.0031004547333608,60.475,18827,default,Normal,normal,80.0,80.0,15.0,F,0.6310944067914763,4
6286,eb13219f-ba8f-3003-bb09-2e37e6ae7fea,0.0074375,0.25,4.0,4,private_ip,Googlebot/2.1;unknown,bot,4.0,2.0,2.0,E,0.6309745148255853,3
28384,e9297139-5450-3069-b3b0-4cae1382b86c,1.4487674418604652,0.4651162790697674,43.0,3738,private_ip,outlier,outlier,3.0,1.0,20.0,F,0.6308100827174494,3
6939,84b10cd3-4970-3bb3-bd8c-c74004cf7fad,14.945692307692308,0.6153846153846154,39.0,34973,private_ip,outlier,outlier,1.0,1.0,24.0,E,0.6307558613064316,3
19584,0abdf1d6-5195-31ea-b5cf-b6496df7d990,0.4105967677573823,0.0075818036711891,835.3333333333334,123475,default,Normal,normal,31.0,6.0,38.0,F,0.6307544501538652,4
25102,dc589e0d-8303-3498-a940-4d05bc05eadb,110.98486131386862,0.0802919708029197,137.0,912296,default,outlier,outlier,1.0,1.0,11.0,F,0.630754116805147,2
4574,d05f481c-66af-3f1b-87b9-8b791499729a,0.0065,0.3333333333333333,2.0,3,private_ip,Googlebot/2.1;unknown,bot,3.0,3.0,2.0,E,0.6306111406945675,4
2888,2b8e63a7-ffe7-30e2-befb-7f2dc11babaa,0.0071666666666666,0.3333333333333333,2.0,3,private_ip,Python-requests;unknown,bot,3.0,3.0,2.0,E,0.6306111406945675,4
7600,fb676711-5846-37cd-9251-88c3e1e47817,0.0066666666666666,0.3333333333333333,2.0,3,private_ip,Python-requests;unknown,bot,3.0,3.0,2.0,E,0.6306111406945675,4
3557,eee6ef46-0047-3890-a588-84963f3413df,0.0065,0.3333333333333333,2.0,3,private_ip,Googlebot/2.1;unknown,bot,3.0,3.0,2.0,E,0.6306111406945675,4
19495,e9dfabea-ecd1-3d2f-8114-8d2c4efe40b1,0.0614507924085306,0.0029348464097045,62.329268292682926,18845,default,Normal,normal,82.0,82.0,15.0,F,0.630586179544278,4
14803,1417ee6e-f19e-3472-bbdb-fa4c7dc0311c,70.34766499999999,0.045,200.0,844172,default,BingPreview/1.0b;bingbot/2.0;unknown,bot,1.0,1.0,9.0,E,0.6304407680693416,2
22174,77e910db-749c-30d9-b684-6485d74503d5,889.9525,0.6666666666666666,6.0,320383,default,outlier,outlier,1.0,1.0,4.0,F,0.6301446121311807,2
32795,73c588d7-1d14-34b0-a550-6ffa95444002,7.444488095238095,0.5238095238095238,42.0,18761,private_ip,outlier,outlier,2.0,1.0,22.0,F,0.6300426091627187,3
7527,4890deab-3810-3a73-9bfb-8db47b7c8184,2.9659262295081965,0.1885245901639344,122.0,21711,private_ip,outlier,outlier,1.0,1.0,23.0,E,0.6298568805523515,3
25169,b02c19ee-4286-34bf-87d1-d777e3ac59b7,2.8283048780487805,0.3414634146341463,41.0,6958,private_ip,outlier,outlier,6.0,1.0,14.0,F,0.6297264987615016,3
15069,cc228603-c22a-3842-8504-59adeee0e9f3,9.866220735785952e-05,0.0568561872909698,3.3222222222222224,2,default,BingPreview/1.0b,bot,200.0,90.0,17.0,E,0.6295651792226676,4
31829,c604b56c-4d2e-3dbb-9861-5abb8411af48,2.185792349726776e-05,0.0273224043715847,2.152941176470588,1,default,Normal,normal,87.0,85.0,5.0,F,0.6293559099533653,4
185,1ed50b15-e106-3245-b908-cb81bd0e3890,9.963768115942029e-05,0.0797101449275362,3.1724137931034484,2,default,BingPreview/1.0b,bot,192.0,87.0,22.0,E,0.6292823606887827,4
2708,29df8cac-26f0-3dbd-af60-a1cee1b10afe,2.528735632183908e-05,0.0237547892720306,145.0,2,default,bingbot/2.0,bot,1305.0,9.0,31.0,E,0.6290771996543677,4
6518,94e55007-7e36-319b-aa2c-997429661b32,0.0001112185686653,0.0483558994197292,1034.0,7,default,outlier,outlier,82.0,1.0,50.0,E,0.629059736519387,4
31593,da5d7033-c34a-3fb5-8cc7-56d52d66a9fb,13.667,0.75,4.0,3281,private_ip,outlier,outlier,1.0,1.0,3.0,F,0.6289484186273427,3
5321,1ea00bd0-252a-3ee1-91dc-cc796f6e1678,1.4286916666666667,0.3333333333333333,120.0,10287,private_ip,outlier,outlier,1.0,1.0,40.0,E,0.6287869210574606,3
1978,c8144188-74cc-3001-a3ac-9b4073fe9fa7,4.741298969072165,0.1546391752577319,97.0,27595,private_ip,outlier,outlier,1.0,1.0,15.0,E,0.6287467449318586,3
10365,fe3ae553-d3c3-3599-aef4-009a8654fcef,3.974795918367347,0.3877551020408163,98.0,23372,private_ip,outlier,outlier,1.0,1.0,38.0,E,0.6286332843545287,3
26644,8cd55657-b25d-362f-bea5-7b2e486ecc61,0.0004331210191082,0.0127388535031847,2.0128205128205128,5,default,Normal,normal,79.0,78.0,2.0,F,0.6286303376048241,4
3483,f51f2aa7-cc83-3a44-91c5-7fd9dbddc97a,9.10943103448276,0.2068965517241379,58.0,31701,private_ip,outlier,outlier,1.0,1.0,12.0,E,0.6286098266593129,3
32368,3ee51892-7084-316f-8f2b-d52b2893fe29,1160.2845,0.75,4.0,278469,default,outlier,outlier,1.0,1.0,3.0,F,0.6286032973204368,2
22504,cfa14b6f-f872-364d-8e7b-8f99817079fe,0.0024330677290836,0.0191235059760956,13.944444444444445,184,default,Normal,normal,91.0,90.0,24.0,F,0.6285698935748496,4
27928,933d5aba-1e2b-3b80-b056-01405cd205fb,6.286809523809524,0.4285714285714285,21.0,7922,private_ip,outlier,outlier,3.0,1.0,9.0,F,0.628545938739758,3
13951,58d7d53a-b53e-3576-9b41-25553f2672cc,1.6812319587628866,0.2989690721649484,97.0,9785,private_ip,outlier,outlier,2.0,1.0,29.0,E,0.6284363202690749,3
13997,dfad778e-3c1e-300c-96da-16a6536037a9,0.0001474999999999,0.08,2.5316455696202533,2,default,BingPreview/1.0b,bot,190.0,79.0,16.0,E,0.6284346495169981,4
4911,d687a8c8-44ae-3423-9a19-9ad7628fe1f1,2.676776119402985,0.1641791044776119,134.0,21522,private_ip,outlier,outlier,1.0,1.0,22.0,E,0.6283958360822979,3
19288,5343a853-5566-3746-abdb-6765592f855e,0.0019103972950126,0.0109890109890109,12.195876288659791,136,default,Normal,normal,97.0,97.0,13.0,F,0.6283316864976991,4
18470,7e5054c1-1dba-3cea-aba8-ff8688d74a8f,0.0285883989726027,0.0055650684931506,55.61904761904762,8014,default,Normal,normal,86.0,84.0,26.0,F,0.6281851852313696,4
26377,792acdf1-e20e-3287-8cef-b8d0efb5a5d1,8.61121052631579,0.5,38.0,19634,private_ip,outlier,outlier,2.0,1.0,19.0,F,0.6281388202185213,3
4323,ff91f32c-e795-3ab1-9114-09c39a537527,0.000114406779661,0.0932203389830508,2.744186046511628,2,default,BingPreview/1.0b,bot,189.0,86.0,22.0,E,0.6277281002732953,4
34419,e61bda8b-bff3-37dd-ab57-6f44e11ea4e8,2.3005,0.3,30.0,4141,private_ip,outlier,outlier,5.0,1.0,9.0,F,0.6276435801863075,3
20151,dd38551e-d242-3242-aa03-732e2651d1fe,817.7991428571429,0.7142857142857143,7.0,343476,default,outlier,outlier,1.0,1.0,5.0,F,0.6275359422431644,2
32894,bb8700cd-dd50-3c87-9485-2347783141a1,0.0587786008230452,0.0030864197530864,62.30769230769231,17140,default,Normal,normal,78.0,78.0,15.0,F,0.6275104802206343,4
3776,5d5d81bc-128c-3787-ab2f-2b43e09b8f81,7.24625,1.0,4.0,1740,private_ip,outlier,outlier,1.0,1.0,4.0,E,0.6274795216590221,3
9541,c3173275-924b-3477-949a-02d0bd227a2c,2.3374726077428785e-05,0.0219138056975894,152.11111111111111,2,default,bingbot/2.0,bot,1369.0,9.0,30.0,E,0.6273910866069328,4
26753,c9a7b085-9c97-33d1-9a73-aa5e98023ec4,7.807111111111111,0.4444444444444444,18.0,8432,private_ip,outlier,outlier,4.0,1.0,8.0,F,0.6273228448791949,3
26728,8611bd50-d8b3-3d3e-8739-42fd294cc28c,0.5530805116629044,0.0077752696262854,664.5,132308,default,Normal,normal,37.0,6.0,31.0,F,0.6273138336570608,4
28892,45da66bf-86d1-324b-8a38-3532bd08d604,925.5793333333334,0.3333333333333333,6.0,333209,default,outlier,outlier,1.0,1.0,2.0,F,0.6273113095658576,2
9333,646338fb-e600-3ff7-abec-c00618153138,6.265234042553191,0.6170212765957447,47.0,17668,private_ip,outlier,outlier,1.0,1.0,29.0,E,0.6272178742516145,3
21670,1ecadea0-1fe0-33c1-98a7-d8791d4bb7e4,0.0002434554973821,0.0209424083769633,2.3012048192771086,3,default,Normal,normal,84.0,83.0,4.0,F,0.6270202848553075,4
31926,f6e5a462-0ec1-34f4-bdc3-1754c9b8b468,773.0585,0.25,8.0,371069,default,outlier,outlier,1.0,1.0,2.0,F,0.6269582689900233,2
12764,25685b22-15f7-3c10-91a7-1c868d3d95a7,8.353808353808354e-05,0.0466830466830466,4.329787234042553,3,default,BingPreview/1.0b,bot,201.0,94.0,19.0,E,0.6268373687076653,4
28761,bb539da0-d247-32c7-a6a3-8f8426875e2a,0.0009228395061728,0.0141093474426807,11.690721649484535,63,default,Normal,normal,98.0,97.0,16.0,F,0.6268087163846209,4
7384,a0087dae-ccc6-34b0-a651-ebb62c44f8d5,0.00012109375,0.0859375,3.240506329113924,2,default,BingPreview/1.0b,bot,196.0,79.0,22.0,E,0.6267951872375616,4
29493,e4763a15-973e-38c7-8be4-9c64bdd31b8d,0.002520856820744,0.0146561443066516,9.53763440860215,135,default,Normal,normal,94.0,93.0,13.0,F,0.6267252984338548,4
3175,4ef8f822-18c8-38b7-839f-a9d48b4f5afe,3.718333333333333,1.0,3.0,670,private_ip,outlier,outlier,1.0,1.0,3.0,E,0.6266856645773595,3
17248,d27009de-5faf-3c54-97fb-df90a0b7ae24,2.7506654835847385e-05,0.028393966282165,125.22222222222224,2,default,bingbot/2.0,bot,1127.0,9.0,32.0,E,0.6264796139437036,4
12650,df73e4db-531e-3780-b300-4794abc15464,18.047473684210527,0.2894736842105263,38.0,41149,private_ip,outlier,outlier,1.0,1.0,11.0,E,0.6264255099626993,3
2414,d53557a7-894a-308e-a290-8f8ceeecb632,4.515545454545455,0.1818181818181818,55.0,14902,private_ip,outlier,outlier,1.0,1.0,10.0,E,0.6263987932727575,3
26807,665a5a3c-a5c2-3f0f-9054-c99c9e2d89c2,0.005205035971223,0.0917266187050359,8.298507462686567,174,default,Normal,normal,90.0,67.0,51.0,F,0.6262341754586391,3
13235,990cc0a7-e230-3491-91f9-63df277d72e6,1.8653301886792453,0.3867924528301887,106.0,11864,private_ip,outlier,outlier,1.0,1.0,41.0,E,0.6260623721353044,3
33262,1d8b22d8-739d-3609-95ac-6a905bad4a33,0.0036822803195352,0.0217864923747276,15.647727272727272,305,default,Normal,normal,92.0,88.0,30.0,F,0.6258840564127294,4
14544,78189567-ed8b-3811-b8ee-22b339790948,1.2673781512605042,0.2521008403361344,119.0,9050,private_ip,outlier,outlier,1.0,1.0,30.0,E,0.6258272885851419,3
4834,06d68136-9d84-3137-9864-fc3ee2e32567,2.8936666666666664,0.25,108.0,18751,private_ip,outlier,outlier,1.0,1.0,27.0,E,0.6256528914495579,3
27864,e23a7784-9e3c-3a94-914a-630ad1a83302,0.0031651436031331,0.0176240208877284,17.40909090909091,291,default,Normal,normal,93.0,88.0,27.0,F,0.625572162723742,4
3406,39b95e92-204e-3197-b43c-fbe0a7f7403c,2.342606149341142e-05,0.0190336749633967,151.77777777777777,2,default,bingbot/2.0,bot,1366.0,9.0,26.0,E,0.625476524633418,4
10946,42f6c428-e470-338b-94f0-049b135b5309,0.0002196589769307,0.0591775325977933,997.0,14,default,outlier,outlier,52.0,1.0,59.0,E,0.625439728310238,5
4509,329a3a2c-adfc-375b-aa23-c916ed93d79e,3.4737450980392155,0.3529411764705882,102.0,21260,private_ip,outlier,outlier,1.0,1.0,36.0,E,0.625278601529775,3
17495,c0a66205-317b-3a75-aec1-64121bb8e09d,0.0001155234657039,0.0685920577617328,3.2209302325581395,2,default,BingPreview/1.0b,bot,192.0,86.0,19.0,E,0.6251095001314628,4
659,a2533b48-dbe9-3aa8-90a8-d8598bd5ae6f,0.0001435406698564,0.0813397129186602,2.375,2,default,BingPreview/1.0b,bot,199.0,88.0,17.0,E,0.6249486533183211,4
4492,0a15d3fb-c81f-3d0f-88d6-979ec603adec,1.4960647482014389,0.158273381294964,139.0,12478,private_ip,outlier,outlier,1.0,1.0,22.0,E,0.6249069887873479,3
7064,0d9c27e0-55fe-3f5d-ace9-c9a4170291ca,2.202643171806168e-05,0.0273127753303964,126.11111111111111,2,default,bingbot/2.0,bot,1135.0,9.0,31.0,E,0.6247945880980362,4
13436,049d887e-70d6-39b6-a49f-9df245bbb9d2,3.072870939420544e-05,0.0272168568920105,126.55555555555556,3,default,bingbot/2.0,bot,1139.0,9.0,31.0,E,0.6247945880980362,4
86,2520c461-b6f8-3b87-9a18-b00663aecab9,2.242462962962963,0.074074074074074,54.0,7266,private_ip,outlier,outlier,1.0,1.0,4.0,E,0.6247221994082224,3
31821,af4f5714-12f8-30fc-9fbe-08733d840289,120.23497435897436,0.0341880341880341,117.0,844050,default,outlier,outlier,1.0,1.0,4.0,F,0.6246167920385789,2
15379,35a8e50a-356f-36af-af6e-bd9301694a1f,2.808219178082192e-05,0.0342465753424657,1460.0,3,default,outlier,outlier,40.0,1.0,50.0,E,0.6245967203687329,4
32542,8f00c750-4d65-3e3e-b944-b8aa274a30f6,3.17275,0.875,8.0,1523,private_ip,outlier,outlier,1.0,1.0,7.0,F,0.6245329717333079,3
26797,51ffa426-4f41-3836-b9a2-411fc10e6ad7,0.0062957516339869,0.0898692810457516,9.714285714285714,232,default,Normal,normal,95.0,63.0,55.0,F,0.6245096887738405,3
20295,0924ed98-82ca-3eef-976a-a69e18752659,0.1028966106965174,0.0183457711442786,57.42857142857143,19855,default,Normal,normal,72.0,56.0,59.0,F,0.6243603396276426,4
614,1870c0a0-64f3-3c30-969d-7216695a397d,2.8157683024939665e-05,0.0265486725663716,138.11111111111111,3,default,bingbot/2.0,bot,1243.0,9.0,33.0,E,0.6243525885937339,4
18961,58d56ae5-0671-3919-81e8-0068603b9b83,14.069363636363637,0.3636363636363636,11.0,9286,private_ip,outlier,outlier,3.0,1.0,4.0,F,0.6243160871488098,3
2041,73ca6a21-1f9b-3f87-9cc7-8364af3cc924,0.0001311475409836,0.0696721311475409,2.8705882352941177,2,default,BingPreview/1.0b,bot,212.0,85.0,17.0,E,0.6242639100489482,4
21959,fbb6f806-7763-33fd-bf8c-e6cfd4562f67,0.0465609284332688,0.0947775628626692,7.833333333333333,1445,default,Normal,normal,79.0,66.0,49.0,F,0.624257417894804,2
16752,1d7f4eb4-9dd6-343f-993d-c1ceb7269189,12.956813333333333,0.3333333333333333,75.0,58306,private_ip,outlier,outlier,1.0,1.0,25.0,E,0.6241962166427647,3
19957,95391fca-f291-34ae-81e6-870015e9d886,0.0482444774851316,0.0031860662701784,58.85,13629,default,Normal,normal,80.0,80.0,15.0,F,0.6240824068949435,4
13769,56c18d88-bffb-31b2-9225-97fbaa3faf80,2.5252525252525253e-05,0.0202020202020202,154.0,3,default,bingbot/2.0,bot,1386.0,9.0,28.0,E,0.6240740860487111,4
18835,e807b784-3bcc-351a-91d4-80924bc70d16,889.8711666666667,0.3333333333333333,6.0,320354,default,outlier,outlier,1.0,1.0,2.0,F,0.6240560510519777,2
16181,2be6c5d8-751a-3434-8972-7aef3eea5c32,2.1268118811881185,0.297029702970297,101.0,12889,private_ip,outlier,outlier,1.0,1.0,30.0,E,0.6239649958422,3
31925,f61b38db-352b-3882-8a10-fac13c65f04a,4.70395652173913,0.4782608695652174,46.0,12983,private_ip,outlier,outlier,2.0,1.0,22.0,F,0.6239288335731066,3
10663,560357f0-8763-3645-b313-bebeeadcfcfd,2.308265078183172e-05,0.0223380491437081,149.22222222222223,2,default,bingbot/2.0,bot,1342.0,9.0,30.0,E,0.6238982746039602,4
24238,134e875c-b0ea-3625-8a5f-e3c8851382b7,5.310989130434783,0.4782608695652174,46.0,14659,private_ip,outlier,outlier,2.0,1.0,22.0,F,0.62382391970947,3
9492,2c1c2967-119a-3993-9c60-34f7714b3628,3.049907578558225e-05,0.0286506469500924,120.22222222222224,2,default,bingbot/2.0,bot,1082.0,9.0,31.0,E,0.6237825664338712,4
8222,fe71a324-56d3-3dac-a12b-552e62ead1f7,2.1844204545454544,0.4431818181818182,88.0,11534,private_ip,outlier,outlier,1.0,1.0,39.0,E,0.623728037224014,3
29215,70b39881-fc4e-3a62-8e6c-b803795cab3c,1.3708181818181815,0.2727272727272727,11.0,905,private_ip,outlier,outlier,3.0,1.0,3.0,F,0.6236271621182098,3
26279,5d4e78b7-c46a-326b-834a-9830a603b62a,0.0155456046223689,0.0049525381758151,30.670886075949365,2261,default,Normal,normal,79.0,79.0,12.0,F,0.6235806539977804,4
27893,38820531-1380-35b1-8747-1a6e3980a523,34.5441,0.5,10.0,20727,private_ip,outlier,outlier,1.0,1.0,5.0,F,0.6234749257300838,3
4806,afa87fda-2e25-36d0-8c55-8cd3077503d2,5.533296296296297,0.7777777777777778,27.0,8964,private_ip,outlier,outlier,1.0,1.0,21.0,E,0.6234260255088809,3
19484,d50322fc-0d4a-37c8-959b-c6b6d0859bc1,0.0013686553873552,0.0151380231522707,12.075268817204302,93,default,Normal,normal,96.0,93.0,17.0,F,0.6232648702663689,4
2142,b0d32d7d-7957-3d6a-acaa-5d7a3e9dc5db,0.2171667731629393,0.0741214057507987,1565.0,20392,default,outlier,outlier,2.0,1.0,116.0,E,0.6232100469143662,5
7877,0f53d076-c526-3638-ba44-a794b5c2d284,2.667814113597246e-05,0.0292598967297762,129.11111111111111,2,default,bingbot/2.0,bot,1162.0,9.0,34.0,E,0.623143741946976,4
358,1994b198-3b07-3e93-a671-0d09bfd5b400,2.6816608996539797e-05,0.0302768166089965,128.44444444444446,2,default,bingbot/2.0,bot,1156.0,9.0,35.0,E,0.623143741946976,4
11183,e1c000d3-44cb-3444-b294-ca3958744f1b,6.06725,0.5357142857142857,56.0,20386,private_ip,outlier,outlier,1.0,1.0,30.0,E,0.6229680844064347,3
11668,280fc64f-31ff-3c74-a654-8cd831063763,0.0001141304347826,0.0833333333333333,3.325301204819277,2,default,BingPreview/1.0b,bot,184.0,83.0,23.0,E,0.6229321089068912,4
15378,35884d17-77ba-3c78-b3c4-fb4037b193ad,2.6829268292682928e-05,0.0268292682926829,136.66666666666666,2,default,bingbot/2.0,bot,1230.0,9.0,33.0,E,0.6228352611582629,4
22385,30421f20-1ae3-3aba-a923-1ce9f3201078,2.4930747922437677e-05,0.0249307479224376,4.102272727272728,1,default,Normal,normal,93.0,88.0,9.0,F,0.6227665713831666,4
11391,02bc15bd-4be4-303e-bc08-47277c8ce487,7.55564,0.2,75.0,34001,private_ip,outlier,outlier,1.0,1.0,15.0,E,0.6227614767924888,3
4314,d5b9b172-6a36-3c36-9caa-64d8f4af678f,0.0001266968325791,0.0814479638009049,2.6626506024096384,2,default,BingPreview/1.0b,bot,200.0,83.0,18.0,E,0.622654370338535,4
9046,0fac1bbd-5cf7-3294-b2a3-a951e17d0d2c,5.1575,1.0,4.0,1238,private_ip,outlier,outlier,1.0,1.0,4.0,E,0.6225041289734881,3
11573,26a576bc-c81e-3447-a787-31397ea68265,2.8699551569506727e-05,0.0295964125560538,123.88888888888889,2,default,bingbot/2.0,bot,1115.0,9.0,33.0,E,0.6224584068263551,4
17314,c84836fb-b5e2-3e26-a754-70d198b32012,6.001,1.0,4.0,1441,private_ip,outlier,outlier,1.0,1.0,4.0,E,0.6224450538325137,3
20837,2c8705aa-347a-3b05-ab86-3ff8fb0c21fa,9.0715,0.75,4.0,2178,private_ip,outlier,outlier,1.0,1.0,3.0,F,0.6224303579197363,3
2101,387f7810-14f7-3a03-b334-d39acb1da95a,2.5541795665634675e-05,0.0263157894736842,143.55555555555554,2,default,bingbot/2.0,bot,1292.0,9.0,34.0,E,0.6224047947552652,4
19758,55c45eba-c89e-32ed-b033-0961da0ee0b9,0.0030045719035743,0.0182876142975893,12.663157894736845,217,default,Normal,normal,98.0,95.0,22.0,F,0.6223078359471088,4
4708,6dc073b5-f493-33fd-9568-d2cb4ed814a4,6.420728260869565,0.3478260869565217,92.0,35443,private_ip,outlier,outlier,1.0,1.0,32.0,E,0.6223000304836058,3
18500,c924a646-a18f-329c-b130-a1eaaed9737a,2.870375,0.875,8.0,1378,private_ip,outlier,outlier,1.0,1.0,7.0,F,0.622295750131238,3
18907,b33c379d-de37-38ac-9d4b-bd92571d6b1f,79.56330201342281,0.0805369127516778,149.0,711296,default,outlier,outlier,1.0,1.0,12.0,F,0.6221799074180603,2
27303,43ca69fa-44ca-3159-a7f1-782401d9f400,5.282333333333333,0.8333333333333334,6.0,1902,private_ip,outlier,outlier,1.0,1.0,5.0,F,0.622105402494697,3
30364,911f3450-0168-3a55-a206-2a7b920691d2,19.816235294117647,0.4705882352941176,17.0,20213,private_ip,outlier,outlier,1.0,1.0,8.0,F,0.6220397130808016,3
12016,2faea69f-0d9c-3273-82c4-0a4f805cd62c,3.198,0.2293577981651376,109.0,20915,private_ip,outlier,outlier,1.0,1.0,25.0,E,0.6220375352727541,3
19331,e4073e8e-7060-35dd-a428-32ea1c67a519,56.03382,0.02,200.0,672406,default,outlier,outlier,1.0,1.0,4.0,F,0.622027805428763,2
2903,525855ea-badc-3e50-a830-6d657f393efd,2.612244897959184e-05,0.0285714285714285,136.11111111111111,2,default,bingbot/2.0,bot,1225.0,9.0,35.0,E,0.6220042854903917,4
11176,d2df9253-278f-31de-af0a-cc920b84802c,2.9973333333333336,0.8333333333333334,18.0,3238,private_ip,outlier,outlier,1.0,1.0,15.0,E,0.6219916827723663,3
5988,d6cc9029-a1f0-3b99-b672-a936feda22f9,2.5039123630672928e-05,0.0273865414710485,142.0,2,default,bingbot/2.0,bot,1278.0,9.0,35.0,E,0.6218995066471871,4
27891,3076865d-297c-366f-a900-924b57258764,3.062625,0.875,8.0,1471,private_ip,outlier,outlier,1.0,1.0,7.0,F,0.6218828178570914,3
26588,ec48d698-7686-3740-a407-0f09d220f5dd,0.0022231012658227,0.0197784810126582,14.363636363636363,169,default,Normal,normal,89.0,88.0,25.0,F,0.6218061580707034,4
20488,12ba455f-4ede-352c-ad79-059854f98425,0.0012798573975044,0.017825311942959,11.810526315789474,87,default,Normal,normal,97.0,95.0,20.0,F,0.6215699135095505,4
22602,05724299-f52f-3d6e-bf22-b2fa4082d9aa,0.2998148148148148,0.4444444444444444,27.0,486,private_ip,outlier,outlier,5.0,1.0,12.0,F,0.6214597526539626,3
7545,79f568a2-dd18-3fd2-8fa5-046e0a8f48b5,0.0001259259259259,0.0481481481481481,3.176470588235294,3,default,BingPreview/1.0b,bot,193.0,85.0,13.0,E,0.6213121893447497,4
5623,9d1e9e28-d344-3662-87c9-337a7b046d8c,12.851290322580644,0.3225806451612903,217.0,167324,datacenter,outlier,outlier,1.0,1.0,70.0,E,0.6212091186711759,3
7806,4649e598-788e-3222-a6ef-cd126524a793,3.871817391304348,0.2,115.0,26716,private_ip,outlier,outlier,1.0,1.0,23.0,E,0.6211871732930813,3
24878,dad218b9-31ea-36a9-9422-97fe0fb55d51,8.3504,0.8,5.0,2506,private_ip,outlier,outlier,1.0,1.0,4.0,F,0.6211395284493593,3
32092,eacaa166-c3d7-361d-9d37-5d528853dd54,3.2767142857142857,0.8571428571428571,7.0,1377,private_ip,outlier,outlier,1.0,1.0,6.0,F,0.6208300460710254,3
27900,48b4e5c8-cb00-3e3b-a65b-c75277562b7a,417.1351304347826,0.217391304347826,23.0,575647,default,outlier,outlier,1.0,1.0,5.0,F,0.6207205773526178,2
17690,ee6e7ac3-b17d-3058-9658-819f407ba961,2.4922118380062303e-05,0.0233644859813084,142.66666666666666,2,default,bingbot/2.0,bot,1284.0,9.0,30.0,E,0.6205112323014476,4
15343,c226753e-a27f-354b-9415-1b9c37aa904d,2.5457438345266508e-05,0.0238663484486873,139.66666666666666,2,default,bingbot/2.0,bot,1257.0,9.0,30.0,E,0.6204065582063072,4
1875,a166325d-a48b-305f-97ac-a67637ea1a73,8.887522727272728,0.5909090909090909,44.0,23464,private_ip,outlier,outlier,1.0,1.0,26.0,E,0.6202204515171199,3
28509,9986bb87-0c48-36dc-bc10-9be0d9267562,301.78008108108105,0.1081081081081081,37.0,669952,default,outlier,outlier,1.0,1.0,4.0,F,0.6201202375947629,2
12979,aae06809-d3a0-33bf-b009-dad38020adeb,1.2545111111111111,0.2,135.0,10162,private_ip,outlier,outlier,1.0,1.0,27.0,E,0.620102548207033,3
12739,ecabec1f-6892-33ab-9cdf-2a849fddb762,0.0175542168674698,0.2650602409638554,83.0,88,private_ip,outlier,outlier,6.0,1.0,22.0,E,0.6200578193848215,3
11567,1a92dc4e-7672-3ba2-b94e-1f7621f52c93,11.693333333333332,0.8333333333333334,6.0,4210,private_ip,outlier,outlier,1.0,1.0,5.0,E,0.6198790809677808,3
21930,89714c68-171e-3265-b572-e007b3a9e2f7,0.0026547291092745,0.0303030303030303,13.6125,174,default,Normal,normal,82.0,80.0,33.0,F,0.6198445345399657,4
16789,735dcf77-c334-3941-a431-e43afffb9696,6.111928571428572,0.3809523809523809,84.0,30805,private_ip,outlier,outlier,1.0,1.0,32.0,E,0.6198029696603078,3
10363,fc4aa689-c7e1-3e9f-a0a6-cdf8b7aaeaf0,3.4808888888888885,0.1944444444444444,108.0,22557,private_ip,outlier,outlier,1.0,1.0,21.0,E,0.6196577504697408,3
15620,3d082390-41f1-3eda-bcfc-56c51e0fa93d,2.3466296296296294,0.3425925925925926,108.0,15207,private_ip,outlier,outlier,1.0,1.0,37.0,E,0.6196167072496349,3
27934,9bc2d4cd-90e7-3c2a-86fe-bd9915985097,0.7018,0.44,25.0,1053,private_ip,outlier,outlier,4.0,1.0,11.0,F,0.6194252798216481,3
25532,0de17c71-dd83-37b7-970e-85034ccc4ecc,0.0955460143687991,0.0191583989052343,51.280701754385966,16757,default,Normal,normal,71.0,57.0,56.0,F,0.6193699953862806,3
18356,279d6eff-57c8-35cd-8a7b-a4343f0d3b7b,1.2523333333333333,1.0,3.0,226,private_ip,outlier,outlier,1.0,1.0,3.0,F,0.6191190366629092,3
21156,f3128ae6-e1b7-3a41-abe4-f2755a4368f5,1.345,1.0,3.0,243,private_ip,outlier,outlier,1.0,1.0,3.0,F,0.6191190366629092,3
27878,156b37bd-f679-3230-b5a8-ec1fd6d87d23,1.1306666666666667,1.0,3.0,204,private_ip,outlier,outlier,1.0,1.0,3.0,F,0.6191190366629092,3
31129,6c1be19f-9148-33a8-8ad6-9bf441c784f6,1.339,1.0,3.0,242,private_ip,outlier,outlier,1.0,1.0,3.0,F,0.6191190366629092,3
23809,1ff6f932-1326-34c8-ab4f-a52c27aeaf1a,0.9976666666666666,1.0,3.0,180,private_ip,outlier,outlier,1.0,1.0,3.0,F,0.6191190366629092,3
13994,d2183bbe-fd27-39fa-99f0-52344aee7b74,1.3706194690265483,0.2389380530973451,113.0,9293,private_ip,outlier,outlier,1.0,1.0,27.0,E,0.61900962929858,3
10960,5e67dc28-ce5e-3d3f-9e4f-1ae1032c2e80,10.07672463768116,0.3478260869565217,69.0,41718,private_ip,outlier,outlier,2.0,1.0,24.0,E,0.6188445184347044,3
12323,45b43b82-4280-3f8c-8b74-3828944b0a9a,0.0014430379746835,0.3164556962025316,79.0,7,private_ip,outlier,outlier,8.0,1.0,25.0,E,0.6186801558458473,3
23909,47de8c0c-65cb-3100-aceb-7a640e3f5b75,17.32440625,0.4375,16.0,16632,private_ip,outlier,outlier,2.0,1.0,7.0,F,0.6186534942075934,3
15784,f5698fdd-52cc-34b9-9a53-2ad30f98a56c,0.843069306930693,0.3762376237623762,101.0,5109,private_ip,outlier,outlier,1.0,1.0,38.0,E,0.6186203460222727,3
235,c9eb1369-9f3d-34ef-9424-33a4a478a984,3.601895734597156e-05,0.0284360189573459,117.22222222222224,3,default,bingbot/2.0,bot,1055.0,9.0,30.0,E,0.6185173732954042,4
3411,43151c6b-0290-3679-bbf0-e819669ee0e2,2.414513761467889,0.2201834862385321,109.0,15791,private_ip,outlier,outlier,1.0,1.0,24.0,E,0.6185049741929137,3
24251,427d70a9-46f2-3466-b0b6-9eee167d786d,1157.8723333333332,1.0,3.0,208418,default,outlier,outlier,1.0,1.0,3.0,F,0.6184046922730034,2
18994,b6957a92-359b-34a0-a335-f27b5b796d9b,27.76625,0.625,8.0,13328,private_ip,outlier,outlier,1.0,1.0,5.0,F,0.6184006648031529,3
3096,66319931-bc7a-36cc-97fd-300f19ccfbb6,3.0057251908396947e-05,0.0305343511450381,116.44444444444444,2,default,bingbot/2.0,bot,1048.0,9.0,32.0,E,0.6183934845178731,4
24766,a876f48d-c061-3eef-a52b-024e8aef7b09,0.798,1.0,3.0,144,private_ip,outlier,outlier,1.0,1.0,3.0,F,0.6181108537004227,3
21276,7f34d5b3-5f8e-3870-b993-dc267b15c447,0.9243333333333332,1.0,3.0,167,private_ip,outlier,outlier,1.0,1.0,3.0,F,0.6181108537004227,3
30274,87d2e3d2-92f3-33da-8a17-bd1054738a07,0.9086666666666666,1.0,3.0,164,private_ip,outlier,outlier,1.0,1.0,3.0,F,0.6181108537004227,3
7766,cb1898c9-6edd-3b2e-8ce0-2e8b42583297,8.50044642857143,0.2857142857142857,56.0,28562,private_ip,outlier,outlier,1.0,1.0,16.0,E,0.6181075323648251,3
24461,f2e72f8b-c021-3b24-a38a-20e4b1c8520d,4.775573170731708,0.4878048780487805,41.0,11748,private_ip,outlier,outlier,2.0,1.0,20.0,F,0.6179413918268849,3
34082,a21d5bc0-cacc-3ece-b03a-04c4c34227a5,1.69225,0.875,8.0,813,private_ip,outlier,outlier,1.0,1.0,7.0,F,0.6179338674125343,3
6722,090244e5-4445-3619-aa4f-f9dab64fa5a6,2.7884615384615383e-05,0.0307692307692307,115.55555555555556,2,default,bingbot/2.0,bot,1040.0,9.0,32.0,E,0.6178895531790951,4
14604,18e4e431-c19a-3731-8254-a3cda8f9101b,2.9411764705882357e-05,0.0313725490196078,113.33333333333331,2,default,bingbot/2.0,bot,1020.0,9.0,32.0,E,0.6178895531790951,4
17529,19542a56-19f8-34bc-b8d6-da4e91df20d3,3.180914512922465e-05,0.0318091451292246,111.77777777777776,2,default,bingbot/2.0,bot,1006.0,9.0,32.0,E,0.6178895531790951,4
7035,c39570be-22a8-3c7d-8c42-e8d13dfbdb8c,3.060217176702863e-05,0.0315893385982231,112.55555555555556,2,default,bingbot/2.0,bot,1013.0,9.0,32.0,E,0.6178895531790951,4
2938,b6598e43-1e3c-3a6c-a61a-63973e6cffac,0.0005616515837104,0.0599547511312217,884.0,30,default,outlier,outlier,120.0,1.0,53.0,E,0.6177978299329465,4
1876,a26b63c5-0553-3e70-9699-040c7fb1ee00,5.023651785714286,0.2142857142857142,56.0,16880,private_ip,outlier,outlier,2.0,1.0,12.0,E,0.6177895892216766,3
16454,85beb100-1d6e-3b87-be1a-0bfad1fcd3c4,11.3275,0.8,10.0,6797,private_ip,outlier,outlier,1.0,1.0,8.0,E,0.6177787597851702,3
11647,eef4c2b8-b62a-32e4-bb99-9fa8576eb8da,0.9955353535353536,0.3131313131313131,99.0,5914,private_ip,outlier,outlier,1.0,1.0,31.0,E,0.6177165062358453,3
13608,69ef4208-a81a-3fba-aa4a-09b0f0046506,7.693265625,0.234375,64.0,29543,private_ip,outlier,outlier,1.0,1.0,15.0,E,0.6177115081586595,3
28753,acd4e56a-5380-30b7-8111-11f06f8f256e,0.0001456953642384,0.0132450331125827,4.026666666666666,3,default,Normal,normal,78.0,75.0,4.0,F,0.6176767644661458,4
8750,890cc4e1-a7cf-390b-a4c6-bd34943216bd,0.0001159322033898,0.0352542372881355,1475.0,11,default,outlier,outlier,35.0,1.0,52.0,E,0.6175830002214943,4
10977,ae2941d0-3f36-39e4-8cfb-d8201ad6a225,14.624444444444446,0.6666666666666666,9.0,7898,private_ip,outlier,outlier,2.0,1.0,6.0,E,0.6174190399840822,3
19703,b4160aa5-91b2-3969-9a3e-161e7d5105f3,0.00025,0.0189873417721519,2.0789473684210527,3,default,Normal,normal,78.0,76.0,3.0,F,0.6172998753911979,4
2168,17e81c8b-0e38-38dd-8213-b798bc5814ac,93.40683333333332,0.0793650793650793,126.0,706156,default,BingPreview/1.0b;bingbot/2.0;unknown,bot,1.0,1.0,10.0,E,0.6171648783833273,2
1762,6b8c845a-f6d7-396a-a448-a8453006c27b,1.3696666666666668,1.0,3.0,247,private_ip,outlier,outlier,1.0,1.0,3.0,E,0.6171249997863261,3
6851,73d8a2e8-7138-3482-82fe-acd2810f2af8,1.3806666666666667,1.0,3.0,249,private_ip,outlier,outlier,1.0,1.0,3.0,E,0.6171249997863261,3
14162,5cd482a5-7040-335c-b5d0-7c64e47b71ed,1.5373333333333332,1.0,3.0,277,private_ip,outlier,outlier,1.0,1.0,3.0,E,0.6171249997863261,3
14399,0c50db90-6e53-304f-a67e-04f3ab5a2228,1.4767303370786518,0.3932584269662921,89.0,7886,private_ip,outlier,outlier,1.0,1.0,35.0,E,0.6171170961529914,3
28543,f05d6e8a-59e9-38c4-91af-64136aa35fd4,0.0010391822827938,0.004258943781942,15.447368421052632,74,default,Normal,normal,73.0,76.0,5.0,F,0.6170834437674105,4
8869,c4c4279b-6b45-37dd-a2e1-4e04178221a5,1.4484947368421053,0.3789473684210526,95.0,8257,private_ip,outlier,outlier,1.0,1.0,36.0,E,0.6170400682968507,3
27812,5ee29672-0399-3b8c-a355-6ee7ab1826c6,76.3090134228188,0.0536912751677852,149.0,682203,default,outlier,outlier,1.0,1.0,8.0,F,0.6170384868553801,2
31043,784fb6f7-3693-3daf-b869-0a671ced3395,86.64613953488373,0.0310077519379844,129.0,670642,default,outlier,outlier,1.0,1.0,4.0,F,0.6170019645976456,2
888,5b6824d3-fcb0-3992-8a3b-c2ead322fd8f,2.945859872611465e-05,0.0207006369426751,139.55555555555554,3,default,bingbot/2.0,bot,1256.0,9.0,26.0,E,0.6169895260695019,4
22594,fb322692-cde0-3562-a2f7-8ac47ab5c434,1.67426,0.52,25.0,2512,private_ip,outlier,outlier,4.0,1.0,13.0,F,0.6169779500470837,3
16198,81065574-0c2b-3123-83de-ad0979319136,2.7164685908319183e-05,0.0246179966044142,130.88888888888889,2,default,bingbot/2.0,bot,1178.0,9.0,29.0,E,0.6169319855620514,4
15844,9c592b90-f38a-3f28-a466-5b560c66230c,2.9822926374650516e-05,0.0279589934762348,119.22222222222224,2,default,bingbot/2.0,bot,1073.0,9.0,30.0,E,0.6169015367198413,4
32312,a0c4d6ea-fb46-30ea-b7a6-d62615e5da58,2.6172857142857144,0.8571428571428571,7.0,1100,private_ip,outlier,outlier,1.0,1.0,6.0,F,0.6168400216521092,3
31787,54d9c51f-eaa2-383f-a77d-3f7cfea4bf02,2.772571428571428,0.8571428571428571,7.0,1165,private_ip,outlier,outlier,1.0,1.0,6.0,F,0.6168400216521092,3
22207,effa1261-6c08-3d16-bbd4-e18cbb175fb0,516.0689333333333,0.1333333333333333,15.0,464463,default,outlier,outlier,1.0,1.0,2.0,F,0.6167978554028535,2
14526,50d4d2aa-5f7e-32b0-949f-fc6e682b8ad1,0.0001451612903225,0.0913978494623656,2.3846153846153846,2,default,BingPreview/1.0b,bot,181.0,78.0,17.0,E,0.6167936317158612,4
13839,1861ddea-bcd8-3e91-bc90-77dfda39f425,21.414875,0.5833333333333334,24.0,30838,private_ip,outlier,outlier,1.0,1.0,14.0,E,0.6167327970188925,3
14290,bfa405ab-571e-3591-858c-f59fc0d25ca9,0.0455,1.0,2.0,6,private_ip,Screaming Frog SEO Spider;unknown,bot,1.0,1.0,2.0,E,0.6166062522815609,3
18441,2679166a-2beb-3c29-826c-3a616b57399a,7.19725,0.75,4.0,1728,private_ip,outlier,outlier,1.0,1.0,3.0,F,0.6165794104188246,3
22098,89412b52-53bc-322c-9b57-49f2a8558e3d,0.0076656626506024,0.1204819277108433,8.586206896551724,230,default,Normal,normal,72.0,58.0,60.0,F,0.6165567409236501,3
10185,199a51ac-cb83-362e-8b02-1d119879781c,9.36584090909091,0.25,44.0,24726,private_ip,outlier,outlier,1.0,1.0,11.0,E,0.6165491785609684,3
10103,06d0b3ee-b649-339c-9fe5-50509b6c4b4c,0.0058333333333333,0.3333333333333333,3.0,3,private_ip,Googlebot/2.1;unknown,bot,3.0,2.0,2.0,E,0.6163781215738096,3
17228,a1dc5884-0bd5-3ed2-9822-8f3eb62cbc0e,0.0073333333333333,0.3333333333333333,3.0,3,private_ip,AdsBot-Google;unknown,bot,3.0,2.0,2.0,E,0.6163781215738096,3
6565,2a5dbec0-1f24-34df-a66a-a803ffb3fef8,0.0058333333333333,0.3333333333333333,3.0,3,private_ip,Googlebot/2.1;unknown,bot,3.0,2.0,2.0,E,0.6163781215738096,3
4784,6a044281-8060-3164-882d-6c7fe9833787,9.251035714285711,0.2142857142857142,28.0,15542,private_ip,outlier,outlier,1.0,1.0,6.0,E,0.6162119353621726,3
11076,b6aa6277-9192-36db-85bd-8790b53fbebf,1.54675,0.3214285714285714,84.0,7796,private_ip,outlier,outlier,3.0,1.0,27.0,E,0.6161368961842429,3
32147,82a7af95-0492-3b3a-8c74-054bd8d2135d,0.0977012811867835,0.0212407282535401,53.92727272727273,17387,default,Normal,normal,67.0,55.0,63.0,F,0.6159327190279619,4
33457,84055930-59dc-324b-b114-dcb365476684,0.0083874709976798,0.1160092807424593,6.53030303030303,217,default,Normal,normal,81.0,66.0,50.0,F,0.6156859234425558,3
14909,37fd0cea-4255-38c9-a9e2-f481e10bcbed,0.022,1.0,2.0,3,private_ip,Python-requests;unknown,bot,1.0,1.0,2.0,E,0.6155997688595917,4
891,60f9fe02-7234-385d-ac21-f5531bca8ffd,0.022,1.0,2.0,3,private_ip,bingbot/2.0;unknown,bot,1.0,1.0,2.0,E,0.6155997688595917,4
13805,cbc5996f-22af-35f4-9932-26e441103595,0.022,1.0,2.0,3,private_ip,FacebookExternalHit/1.1;unknown,bot,1.0,1.0,2.0,E,0.6155997688595917,4
19720,d79159a2-e5c6-31db-949b-706553592b8b,10.261272727272727,0.6363636363636364,11.0,6773,private_ip,outlier,outlier,1.0,1.0,7.0,F,0.6152372782663563,3
30961,7b2c9958-eff1-33a5-a44a-f92b030a2e46,6.8954,0.8,5.0,2069,private_ip,outlier,outlier,1.0,1.0,4.0,F,0.6152207001820914,3
27412,7efd7476-4e8f-3f18-af8c-946824b09ac5,0.0015249999999999,0.0102272727272727,11.282051282051285,81,default,Normal,normal,79.0,78.0,9.0,F,0.6151454238053559,3
14615,34e8dbf8-034e-3ff5-b898-d8686187130a,1.3303333333333334,1.0,3.0,240,private_ip,outlier,outlier,1.0,1.0,3.0,E,0.6151120122047743,3
979,5ed3fe53-c759-3462-8978-416003ac95ec,0.9986666666666666,1.0,3.0,180,private_ip,outlier,outlier,1.0,1.0,3.0,E,0.6151120122047743,3
5255,4f9ddd74-bdc2-3700-88be-64594dc20566,0.0175,1.0,2.0,3,private_ip,AdsBot-Google;unknown,bot,1.0,1.0,2.0,E,0.6150967824558632,4
16263,5b7a1766-2f1a-325d-a771-fe4f4d554c18,0.0225,1.0,2.0,3,private_ip,Python-requests;unknown,bot,1.0,1.0,2.0,E,0.6150967824558632,4
15169,ca2004a0-29e9-3228-b53a-d080b8edbb82,0.0175,1.0,2.0,3,private_ip,linkdexbot/2.0;unknown,bot,1.0,1.0,2.0,E,0.6150967824558632,4
5078,8a78c85b-e9a9-3224-acf2-61ab7bee8e46,0.0225,1.0,2.0,3,private_ip,bingbot/2.0;unknown,bot,1.0,1.0,2.0,E,0.6150967824558632,4
10902,afe91b25-b3aa-3d7d-a907-7ac4010d1921,0.017,1.0,2.0,3,private_ip,bingbot/2.0;unknown,bot,1.0,1.0,2.0,E,0.6150967824558632,4
6360,d6af0dcd-5c92-3fcd-b025-f32b9bc8c63e,0.0175,1.0,2.0,3,private_ip,bingbot/2.0;unknown,bot,1.0,1.0,2.0,E,0.6150967824558632,4
1263,7f9243f1-1c43-3caa-8b1a-f64688f99a6f,0.0165,1.0,2.0,2,private_ip,Screaming Frog SEO Spider;unknown,bot,1.0,1.0,2.0,E,0.6150967824558632,4
14689,eadbfe7f-e669-35b5-997f-f7043ba71b0f,0.017,1.0,2.0,3,private_ip,bingbot/2.0;unknown,bot,1.0,1.0,2.0,E,0.6150967824558632,4
16382,a2248b18-4538-3163-9157-6abc4c509a71,0.018,1.0,2.0,3,private_ip,Sogou web spider/4.0;unknown,bot,1.0,1.0,2.0,E,0.6150967824558632,4
7306,bf35cf50-f132-367f-82f1-acad62b851c1,0.018,1.0,2.0,3,private_ip,UptimeRobot/2.0;unknown,bot,1.0,1.0,2.0,E,0.6150967824558632,4
1277,942bede0-229d-3ca3-885a-1e12b14977d8,0.0225,1.0,2.0,3,private_ip,Googlebot-Mobile;unknown,bot,1.0,1.0,2.0,E,0.6150967824558632,4
1338,38bfd85a-3e07-3f43-9ac8-ab1d98aa56b2,0.023,1.0,2.0,3,private_ip,Sogou web spider/4.0;unknown,bot,1.0,1.0,2.0,E,0.6150967824558632,4
9628,9e95fd84-7614-33e4-9c03-79ee562d2699,0.023,1.0,2.0,3,private_ip,AdsBot-Google;unknown,bot,1.0,1.0,2.0,E,0.6150967824558632,4
33972,38191561-c39c-3a94-ba2e-24850d798969,0.0022706155632984,0.0104529616724738,10.7625,118,default,Normal,normal,79.0,80.0,9.0,F,0.6150852621275776,3
9292,fe14b982-2fb1-3758-974f-8b364f251ae2,3.0050083472454093e-05,0.0208681135225375,133.11111111111111,3,default,bingbot/2.0,bot,1198.0,9.0,25.0,E,0.6150222331933322,4
20608,9a301ba6-2393-3e03-8764-4c5a5d3ccf07,0.1627389775493643,0.0175818230998106,77.02083333333333,36099,default,Normal,normal,57.0,48.0,65.0,F,0.6149014603557544,4
5658,13548a62-fba9-31ed-80e7-2ef129aded7d,3.4454,1.0,5.0,1034,private_ip,outlier,outlier,1.0,1.0,5.0,E,0.6147893311947241,3
14982,fd4bf2c8-1a7a-379f-9719-9081be936aea,3.5796,1.0,5.0,1074,private_ip,outlier,outlier,1.0,1.0,5.0,E,0.6147893311947241,3
19737,11ce003a-d451-368c-ab5c-15146436bcec,0.0021854663774403,0.0195227765726681,5.621951219512195,61,default,Normal,normal,82.0,82.0,9.0,F,0.6146625209587259,3
13200,53513add-7fcd-3625-b9ba-bc5646b3e153,0.933,1.0,3.0,168,private_ip,outlier,outlier,1.0,1.0,3.0,E,0.6146091907778779,3
16663,fce1d5e3-5efa-35c5-9eea-67077ade50de,0.019,1.0,2.0,3,private_ip,bingbot/2.0;unknown,bot,1.0,1.0,2.0,E,0.6145939661802156,4
11369,ddcd5418-eaa7-3774-ac82-b9f064aaa858,0.0195,1.0,2.0,3,private_ip,AdsBot-Google;unknown,bot,1.0,1.0,2.0,E,0.6145939661802156,4
16822,e963023a-aeec-3ba1-919d-9916fccad767,0.0315,1.0,2.0,4,private_ip,Googlebot/2.1;unknown,bot,1.0,1.0,2.0,E,0.6145939661802156,3
3983,a0c24fbd-17a8-3dc9-a0ad-021259f6da7a,0.019,1.0,2.0,3,private_ip,Googlebot/2.1;unknown,bot,1.0,1.0,2.0,E,0.6145939661802156,4
4756,ef69ed6a-3e0c-3150-9b7d-ac14ae4fe5b7,0.024,1.0,2.0,3,private_ip,FacebookExternalHit/1.1;unknown,bot,1.0,1.0,2.0,E,0.6145939661802156,4
13941,414738be-d9fb-3b3d-bf37-b8c52710b06f,0.026,1.0,2.0,4,private_ip,FacebookExternalHit/1.1;unknown,bot,1.0,1.0,2.0,E,0.6145939661802156,4
14984,00d998e3-1055-3456-b51c-beea509f4dc5,0.021,1.0,2.0,3,private_ip,Googlebot/2.1;unknown,bot,1.0,1.0,2.0,E,0.6145939661802156,4
13921,0c4d62b2-5f52-30ed-b254-abcab1ddc503,0.0245,1.0,2.0,3,private_ip,YandexBot/3.0;unknown,bot,1.0,1.0,2.0,E,0.6145939661802156,4
10336,9eff1412-4555-3a7b-9e12-bd0f01412a51,0.0195,1.0,2.0,3,private_ip,Python-requests;unknown,bot,1.0,1.0,2.0,E,0.6145939661802156,4
1577,25251f73-014d-3829-bee2-ce6805442b4c,0.02,1.0,2.0,3,private_ip,Mail.RU_Bot/2.0;unknown,bot,1.0,1.0,2.0,E,0.6145939661802156,4
4897,bd0b690a-6cd4-317f-aeb4-b276e38efa82,0.0215,1.0,2.0,3,private_ip,FacebookExternalHit/1.1;unknown,bot,1.0,1.0,2.0,E,0.6145939661802156,4
1588,38dff77e-8032-33bf-8bdf-c1454643c92d,0.0195,1.0,2.0,3,private_ip,Sogou web spider/4.0;unknown,bot,1.0,1.0,2.0,E,0.6145939661802156,4
9572,1796912e-d676-3d26-a801-d4c935a08fec,0.027,1.0,2.0,4,private_ip,Googlebot/2.1;unknown,bot,1.0,1.0,2.0,E,0.6145939661802156,4
6654,3b646644-28ba-3982-81d1-5f2efea47ae1,0.021,1.0,2.0,3,private_ip,AdsBot-Google;unknown,bot,1.0,1.0,2.0,E,0.6145939661802156,4
2709,2a51ad38-ca1c-3b35-9da3-c997e89b921b,0.019,1.0,2.0,3,private_ip,FacebookExternalHit/1.1;unknown,bot,1.0,1.0,2.0,E,0.6145939661802156,4
11327,6c1a6afe-5227-39cf-b327-ea4e865ae90f,0.0195,1.0,2.0,3,private_ip,bingbot/2.0;unknown,bot,1.0,1.0,2.0,E,0.6145939661802156,4
6112,0feb4523-86d1-3008-863d-63c66ea7080e,0.0185,1.0,2.0,3,private_ip,FacebookExternalHit/1.1;unknown,bot,1.0,1.0,2.0,E,0.6145939661802156,4
9939,32faf992-e30c-3f1d-b2de-b5c739799bc1,0.0195,1.0,2.0,3,private_ip,Python-requests;unknown,bot,1.0,1.0,2.0,E,0.6145939661802156,4
6700,e05e1d2a-5309-3a46-b79c-950b480dcb53,0.0215,1.0,2.0,3,private_ip,bingbot/2.0;unknown,bot,1.0,1.0,2.0,E,0.6145939661802156,4
9978,a136ba94-931d-37b6-922c-8695435efe54,0.02,1.0,2.0,3,private_ip,UptimeRobot/2.0;unknown,bot,1.0,1.0,2.0,E,0.6145939661802156,4
12226,5144c0cc-e573-3aef-b61e-c50824309b0b,0.02,1.0,2.0,3,private_ip,Googlebot-Mobile;unknown,bot,1.0,1.0,2.0,E,0.6145939661802156,4
1985,da9ad542-c910-3c7a-9902-1ddede4f9f84,0.0195,1.0,2.0,3,private_ip,bingbot/2.0;unknown,bot,1.0,1.0,2.0,E,0.6145939661802156,4
7905,6e5430b4-0a2a-3ea2-a370-1a8cb3f16f50,0.0215,1.0,2.0,3,private_ip,AdsBot-Google;unknown,bot,1.0,1.0,2.0,E,0.6145939661802156,4
229,bb38ce3e-0104-323e-9126-f210b94cd49e,0.0305,1.0,2.0,4,private_ip,Python-urllib;unknown,bot,1.0,1.0,2.0,E,0.6145939661802156,3
7943,ca7c4826-ee96-3f5c-a3cd-a11ac96c1306,0.0215,1.0,2.0,3,private_ip,AdsBot-Google;unknown,bot,1.0,1.0,2.0,E,0.6145939661802156,4
1268,85feb763-9c94-3834-8107-7d736a9ea9e5,0.0235,1.0,2.0,3,private_ip,Screaming Frog SEO Spider;unknown,bot,1.0,1.0,2.0,E,0.6145939661802156,4
13582,fe858621-a06d-3a92-9122-37d70f85ada9,0.019,1.0,2.0,3,private_ip,BingPreview/1.0b;unknown,bot,1.0,1.0,2.0,E,0.6145939661802156,4
15761,b99e5880-e5ef-3097-b38e-af09e29aec10,0.0305,1.0,2.0,4,private_ip,Sogou web spider/4.0;unknown,bot,1.0,1.0,2.0,E,0.6145939661802156,3
15308,3b81f1c3-eb66-3e23-8368-86482a83d0e8,0.0195,1.0,2.0,3,private_ip,Sogou web spider/4.0;unknown,bot,1.0,1.0,2.0,E,0.6145939661802156,4
9684,3aaad631-a794-36f4-858c-77cc5105f790,0.0235,1.0,2.0,3,private_ip,bingbot/2.0;unknown,bot,1.0,1.0,2.0,E,0.6145939661802156,4
17340,0c0b1947-c6bf-392a-b620-cb38f40d3df3,0.019,1.0,2.0,3,private_ip,YandexBot/3.0;unknown,bot,1.0,1.0,2.0,E,0.6145939661802156,4
17366,59f85f96-26f5-31a5-ad0f-7fad135fc621,0.025,1.0,2.0,3,private_ip,Sogou web spider/4.0;unknown,bot,1.0,1.0,2.0,E,0.6145939661802156,4
5941,4367ad9b-48d2-3979-b04e-6ac040a6973f,0.0265,1.0,2.0,4,private_ip,Googlebot/2.1;unknown,bot,1.0,1.0,2.0,E,0.6145939661802156,4
4033,35e31304-2a37-3b62-afa5-49e8b0a2002c,0.027,1.0,2.0,4,private_ip,Googlebot/2.1;unknown,bot,1.0,1.0,2.0,E,0.6145939661802156,4
1883,b6abc353-a479-32b0-83d2-2d20895be817,0.0195,1.0,2.0,3,private_ip,Googlebot-Image/1.0;unknown,bot,1.0,1.0,2.0,E,0.6145939661802156,4
6929,50000c67-1b10-39be-944d-726982309496,0.027,1.0,2.0,4,private_ip,Sogou web spider/4.0;unknown,bot,1.0,1.0,2.0,E,0.6145939661802156,4
16644,b1c9031b-86f8-332e-b62d-df1013892875,0.0215,1.0,2.0,3,private_ip,Googlebot/2.1;unknown,bot,1.0,1.0,2.0,E,0.6145939661802156,4
3431,7585534b-1840-39b1-aeaf-1ac3e823e10b,0.019,1.0,2.0,3,private_ip,FacebookExternalHit/1.1;unknown,bot,1.0,1.0,2.0,E,0.6145939661802156,4
6274,ce1a3dcb-eaeb-3617-bf11-7f8495d1b21a,0.021,1.0,2.0,3,private_ip,Googlebot-Image/1.0;unknown,bot,1.0,1.0,2.0,E,0.6145939661802156,4
10979,b67514a2-72b3-3504-94c2-4a2b7abcbcb0,0.0215,1.0,2.0,3,private_ip,bingbot/2.0;unknown,bot,1.0,1.0,2.0,E,0.6145939661802156,4
16124,a7fa0b42-c320-364f-9b01-31ca3c50e0c3,0.0205,1.0,2.0,3,private_ip,FacebookExternalHit/1.1;unknown,bot,1.0,1.0,2.0,E,0.6145939661802156,4
3415,52ad1494-a9f5-3c69-a11f-5fc32759d8d0,0.025,1.0,2.0,3,private_ip,Sogou web spider/4.0;unknown,bot,1.0,1.0,2.0,E,0.6145939661802156,4
8536,590057e2-9d72-3146-a47c-b9369965acb7,0.0185,1.0,2.0,3,private_ip,Sogou web spider/4.0;unknown,bot,1.0,1.0,2.0,E,0.6145939661802156,4
8394,dcca56e7-ab35-3413-84ae-0d49d1a09575,0.0255,1.0,2.0,4,private_ip,Sogou web spider/4.0;unknown,bot,1.0,1.0,2.0,E,0.6145939661802156,4
3243,41545b7f-8f1e-3466-8caf-0580ae222f88,0.021,1.0,2.0,3,private_ip,Googlebot/2.1;unknown,bot,1.0,1.0,2.0,E,0.6145939661802156,4
15404,957f23c8-8f6f-3cf2-83ad-c4ec761d022d,0.0215,1.0,2.0,3,private_ip,Screaming Frog SEO Spider;unknown,bot,1.0,1.0,2.0,E,0.6145939661802156,4
8609,25e0037b-32e3-3f81-a0a1-61eb6ee9aac8,0.02,1.0,2.0,3,private_ip,AdsBot-Google;unknown,bot,1.0,1.0,2.0,E,0.6145939661802156,4
5514,411230fb-2085-3750-9a47-7a554f8f385b,0.0235,1.0,2.0,3,private_ip,YandexBot/3.0;unknown,bot,1.0,1.0,2.0,E,0.6145939661802156,4
5576,04635a58-29b2-33a5-a7d2-1df9f6c5a8af,0.0255,1.0,2.0,4,private_ip,FacebookExternalHit/1.1;unknown,bot,1.0,1.0,2.0,E,0.6145939661802156,4
15930,805a75dd-e073-35f8-85d7-fbf9ffa6f74f,0.025,1.0,2.0,3,private_ip,Googlebot/2.1;unknown,bot,1.0,1.0,2.0,E,0.6145939661802156,4
12007,034db016-a864-31ef-a48c-a0b4ba749be2,0.0215,1.0,2.0,3,private_ip,UptimeRobot/2.0;unknown,bot,1.0,1.0,2.0,E,0.6145939661802156,4
14206,ebdd6e45-2fd6-3c53-889a-9284477cf516,0.0215,1.0,2.0,3,private_ip,FacebookExternalHit/1.1;unknown,bot,1.0,1.0,2.0,E,0.6145939661802156,4
10679,841fb6b6-d9b3-36fe-af27-261b5d503178,0.0215,1.0,2.0,3,private_ip,DuckDuckBot/1.0;unknown,bot,1.0,1.0,2.0,E,0.6145939661802156,4
14625,43fba498-b87e-3d29-9ad2-1b1d829ebd78,0.0205,1.0,2.0,3,private_ip,AdsBot-Google;unknown,bot,1.0,1.0,2.0,E,0.6145939661802156,4
12139,5b5b5bae-4df0-307a-a47f-2f9383e5f5be,0.021,1.0,2.0,3,private_ip,YandexBot/3.0;unknown,bot,1.0,1.0,2.0,E,0.6145939661802156,4
5677,5a31338c-063d-3fd5-b5b7-9eeb11e93610,0.0235,1.0,2.0,3,private_ip,BingPreview/1.0b;unknown,bot,1.0,1.0,2.0,E,0.6145939661802156,4
16484,c53292bd-8276-3d71-85f5-94a92054bf80,0.0185,1.0,2.0,3,private_ip,DuckDuckBot/1.0;unknown,bot,1.0,1.0,2.0,E,0.6145939661802156,4
3174,4960d246-39af-3319-a741-4dbcf3abacff,0.02,1.0,2.0,3,private_ip,bingbot/2.0;unknown,bot,1.0,1.0,2.0,E,0.6145939661802156,4
16409,1bfc582d-70fe-3811-a868-e1e9df046885,0.0265,1.0,2.0,4,private_ip,Googlebot-Image/1.0;unknown,bot,1.0,1.0,2.0,E,0.6145939661802156,4
8693,08f3ae75-ff93-3661-b902-9468a5ecd69d,0.026,1.0,2.0,4,private_ip,Screaming Frog SEO Spider;unknown,bot,1.0,1.0,2.0,E,0.6145939661802156,4
2492,dab1cd4f-7187-3748-afab-b664a53d64ad,0.02,1.0,2.0,3,private_ip,Sogou web spider/4.0;unknown,bot,1.0,1.0,2.0,E,0.6145939661802156,4
17734,76829f65-7f72-398e-89e1-fdee6d1bc641,0.0245,1.0,2.0,3,private_ip,YandexBot/3.0;unknown,bot,1.0,1.0,2.0,E,0.6145939661802156,4
12881,762d0cad-5b22-3ad3-849b-8422a6eaf91c,0.02,1.0,2.0,3,private_ip,Googlebot/2.1;unknown,bot,1.0,1.0,2.0,E,0.6145939661802156,4
12202,1aa530d4-d3dc-342e-8de9-af5d103632d2,0.0185,1.0,2.0,3,private_ip,Python-requests;unknown,bot,1.0,1.0,2.0,E,0.6145939661802156,4
13217,714fd9b0-e0a3-3145-8e36-7641023a56d3,0.0205,1.0,2.0,3,private_ip,Googlebot/2.1;unknown,bot,1.0,1.0,2.0,E,0.6145939661802156,4
8151,f6d2058e-ee3b-3009-8d3d-ead2461c70e2,0.0215,1.0,2.0,3,private_ip,Sogou web spider/4.0;unknown,bot,1.0,1.0,2.0,E,0.6145939661802156,4
14350,835d8024-c135-3453-b455-5936f6d4e1bc,0.0265,1.0,2.0,4,private_ip,bingbot/2.0;unknown,bot,1.0,1.0,2.0,E,0.6145939661802156,4
687,f569ac51-4315-30b7-a3a7-e8a0f14102d9,0.0245,1.0,2.0,3,private_ip,Sogou web spider/4.0;unknown,bot,1.0,1.0,2.0,E,0.6145939661802156,4
236,cb340abb-5bad-34b0-8df8-c4b51514f4f1,0.0335,1.0,2.0,5,private_ip,Baiduspider/2.0;unknown,bot,1.0,1.0,2.0,E,0.6145939661802156,3
26572,ab03e218-a62b-30a3-8e50-f53037c806c3,0.1219467787114846,0.0196078431372549,60.62264150943396,23509,default,Normal,normal,61.0,53.0,63.0,F,0.6145428362271161,4
7289,9cda60e7-b7fa-3287-b3ba-23027a8955ba,2.9356060606060607e-05,0.0274621212121212,117.33333333333331,2,default,bingbot/2.0,bot,1056.0,9.0,29.0,E,0.614440145515223,4
26249,fa7f01ae-e5b7-3bec-bd91-6cc4fcb7601b,0.1025217988328184,0.0209406110538963,52.96363636363636,17919,default,Normal,normal,69.0,55.0,61.0,F,0.6144239324105921,4
32863,6a166536-1e8d-36e1-a5ef-6905de264869,0.8365348837209302,0.5116279069767442,43.0,2159,private_ip,outlier,outlier,2.0,1.0,22.0,F,0.6142557693823031,3
10323,8d10e7ce-52b4-3456-882e-a6891bd00ea6,2.926829268292683e-05,0.0227642276422764,136.66666666666666,3,default,bingbot/2.0,bot,1230.0,9.0,28.0,E,0.6142363126096053,4
23748,70f8c3ac-d900-3457-b2c8-feb800599f92,0.105388135203495,0.013106461255461,79.07272727272728,27500,default,Normal,normal,65.0,55.0,57.0,F,0.6141771495312146,4
8946,bcb9c349-e0d8-3e85-b51e-ee51f761385b,3.1465,1.0,4.0,756,private_ip,outlier,outlier,1.0,1.0,4.0,E,0.614126788168172,3
29856,55bd9521-59fc-343a-ba72-d5e30c5865c2,2.098688888888889,0.4666666666666667,45.0,5667,private_ip,outlier,outlier,2.0,1.0,21.0,F,0.6140762808170827,3
11196,f31b32c1-706c-3042-a79a-1e230a3dbbdd,36.2735,0.375,24.0,52234,private_ip,outlier,outlier,1.0,1.0,9.0,E,0.6138294512867666,3
1015,bffc88b2-1da4-3146-8e79-c7ed05c8579f,71.70096078431372,0.0392156862745098,153.0,658215,default,BingPreview/1.0b;Mobile Safari;bingbot/2.0;unknown,bot,1.0,1.0,6.0,E,0.61377575010079,2
26305,9c63e630-9a9f-3615-ad3e-4f29ceb53a31,2.5687857142857142,0.2857142857142857,14.0,2158,private_ip,outlier,outlier,1.0,1.0,4.0,F,0.6137184178722421,3
23344,442092e9-219d-3bee-8ed3-a1cc86ffbec6,1.8248777777777776,0.4666666666666667,45.0,4928,private_ip,outlier,outlier,2.0,1.0,21.0,F,0.6136780044084517,3
33114,424e4f73-d48c-3450-881b-b8466cf2723a,6.1668,0.8,5.0,1851,private_ip,outlier,outlier,1.0,1.0,4.0,F,0.6135616149309432,3
17685,dc3319f0-e234-3ffe-833a-795e6b78aeba,0.0001464646464646,0.101010101010101,2.571428571428572,2,default,BingPreview/1.0b,bot,179.0,77.0,20.0,E,0.6134676124342106,4
10403,4dd80cb6-6f93-345b-9e0d-72577783eb41,1.4273333333333331,0.5333333333333333,60.0,5139,private_ip,outlier,outlier,1.0,1.0,32.0,E,0.6134553651087337,3
8999,550f0572-7254-390e-9f72-1a764b97ae0b,23.22133333333333,0.6666666666666666,6.0,8360,private_ip,outlier,outlier,1.0,1.0,4.0,E,0.6133983115381787,3
3115,8ec3ae04-0373-33e5-9955-1538814f80d0,0.0068333333333333,0.5,3.0,3,private_ip,FacebookExternalHit/1.1;unknown,bot,3.0,2.0,3.0,E,0.61339220790373,3
11625,b76882ba-e900-3a6f-af48-c2ce9400062f,0.0001221374045801,0.0610687022900763,3.4025974025974026,2,default,BingPreview/1.0b,bot,197.0,77.0,16.0,E,0.6133386717208643,4
12204,24dd9fc7-233d-3517-842d-dd662345b0a5,3.2621839080459774,0.2758620689655172,87.0,17029,private_ip,outlier,outlier,1.0,1.0,24.0,E,0.6130008099209281,3
23153,39f066f2-85c1-3503-bd23-dd94e050aafd,0.0038718466195761,0.0201816347124117,11.134831460674157,231,default,Normal,normal,90.0,89.0,20.0,F,0.6129619467140072,4
16821,d9d64636-b501-3fdf-9925-19d3d913cd0f,2.783300198807157e-05,0.0337972166998011,111.77777777777776,2,default,bingbot/2.0,bot,1006.0,9.0,34.0,E,0.6129612517755064,4
9959,63bbbba7-f78a-34b1-87fc-d09734ac30a9,5.02664705882353,0.3058823529411765,85.0,25636,private_ip,outlier,outlier,1.0,1.0,26.0,E,0.6129382082969685,3
7065,0ddaad2f-50ad-3fc5-8907-53485dc73104,61.19973372781065,0.272189349112426,169.0,620566,default,outlier,outlier,1.0,1.0,46.0,E,0.612908840993822,2
842,cbb4981e-a292-3689-ab3f-658a6f427aa5,8.236712328767124,0.3698630136986301,73.0,36077,private_ip,outlier,outlier,1.0,1.0,27.0,E,0.6128807005342644,3
3304,20276c85-faa4-3aa2-9da7-3130d4d65ebc,0.4406666666666667,1.0,3.0,80,private_ip,outlier,outlier,1.0,1.0,3.0,E,0.6128213819759707,3
13451,37d73d85-f3c7-328b-96ad-a4cc5851b4f3,6.210822580645161,0.4516129032258064,62.0,23105,private_ip,outlier,outlier,1.0,1.0,28.0,E,0.6127251075846721,3
3722,b97c5b52-b7ac-3d74-814b-4aed04213c85,13.852,0.8,5.0,4156,private_ip,outlier,outlier,1.0,1.0,4.0,E,0.6127013720987606,3
23396,be432c29-5d42-307c-8bbb-bff6f84202f1,0.0007272727272727,0.0108225108225108,12.0,41,default,Normal,normal,78.0,77.0,10.0,F,0.6126661470233762,3
16838,258ae7ff-38f0-3a06-ad2e-c5e161abbe96,21.822473684210525,0.3947368421052631,38.0,49756,private_ip,outlier,outlier,1.0,1.0,15.0,E,0.6126644648927696,3
21520,66c5c39e-cf32-38be-abf5-79763a47d76e,0.9902799385875128,0.0109177755032412,586.2,174151,default,Normal,normal,27.0,5.0,32.0,F,0.6124178510479463,3
20683,6848028e-1bd4-3a66-88ac-2d208315bcae,0.2858846153846153,0.5128205128205128,39.0,669,private_ip,outlier,outlier,2.0,1.0,20.0,F,0.6123173166801676,3
12889,8af2c42e-b9e9-388a-ae6d-70a461b7b9a6,0.0001515151515151,0.0808080808080808,2.6052631578947367,2,default,BingPreview/1.0b,bot,181.0,76.0,16.0,E,0.6123014110208478,4
20055,caf2908a-729a-3e85-8de7-9af933556434,0.0755583789704271,0.0032858707557502,60.86666666666667,20696,default,Normal,normal,75.0,75.0,15.0,F,0.6122431415892187,4
19944,500ba816-248e-39dd-925b-734ee2e79393,332.1086666666667,1.0,3.0,59780,datacenter,outlier,outlier,1.0,1.0,3.0,F,0.6121602526783547,3
489,9c7cb1db-27a4-3b87-bf54-996f45d5ff25,2.73972602739726e-05,0.0255707762557077,121.66666666666669,2,default,bingbot/2.0,bot,1095.0,9.0,28.0,E,0.6121467446321738,4
10792,9653b887-0e5a-3aa8-8193-e3376828a3d8,2.463222222222222,0.3555555555555555,90.0,13302,private_ip,outlier,outlier,1.0,1.0,32.0,E,0.6121007631579901,3
21090,0d91b706-a9ca-30fb-8167-b62b048f2eb0,1.7751666666666668,0.3333333333333333,6.0,640,private_ip,outlier,outlier,3.0,1.0,2.0,F,0.6120526794192305,3
29527,4bfd0c14-4d59-3968-8845-01bdcf58a715,1.7991666666666668,0.3333333333333333,6.0,648,private_ip,outlier,outlier,3.0,1.0,2.0,F,0.6120526794192305,3
4552,817abe3f-9fb0-35a7-9da3-bad1a5028f0b,3.1280547409579666e-05,0.0293255131964809,113.66666666666669,2,default,bingbot/2.0,bot,1023.0,9.0,30.0,E,0.6119790006936838,4
33293,74ce8814-0c68-3b4b-83b1-c116f7741f3e,1.433335213776722,0.0273159144893111,842.0,144825,default,Normal,normal,18.0,2.0,46.0,F,0.6118933025861585,3
10731,0d926d4c-ad8e-31c7-9575-4a791d25fda1,0.364,1.0,3.0,66,private_ip,outlier,outlier,1.0,1.0,3.0,E,0.6118174584793517,3
29403,cbf2c92e-7707-35ad-bfc7-fa0050ac9633,0.0052343207899653,0.006938884440886,46.8375,1177,default,Normal,normal,78.0,80.0,26.0,F,0.6117754595206948,4
10928,efee781a-f71e-3ed9-90c2-82c089903909,1.1419666666666668,0.5666666666666667,60.0,4112,private_ip,outlier,outlier,1.0,1.0,34.0,E,0.6116514215883166,3
6746,350be9d0-f640-3707-a43e-436f050a5822,2.8945,1.0,4.0,695,private_ip,outlier,outlier,1.0,1.0,4.0,E,0.6116160462454913,3
3365,bee3db71-17bf-3163-bb41-31ce126b97e3,2.84575,1.0,4.0,683,private_ip,outlier,outlier,1.0,1.0,4.0,E,0.6116160462454913,3
2640,53d41c15-06f1-35b2-b4a1-b99160df073d,19.7202,0.425,40.0,47329,private_ip,outlier,outlier,1.0,1.0,17.0,E,0.611560089735608,3
19622,ad413f33-4f5b-3bd6-940f-16f39b9c8be7,0.0945205393540294,0.0181875195986202,56.94642857142857,18086,default,Normal,normal,62.0,56.0,58.0,F,0.6111364810458241,4
32033,23c75cb2-9500-39b2-b940-76a73c9a3666,0.0111183986371379,0.1090289608177172,10.482142857142858,392,default,Normal,normal,78.0,56.0,64.0,F,0.6110564748346814,3
12793,78cbfdb8-c5dd-3d0a-b66d-f642a1123bb4,0.2583333333333333,1.0,3.0,47,private_ip,outlier,outlier,1.0,1.0,3.0,E,0.6108142139939012,3
14387,e0864298-6828-3f10-9d22-254ba0c127fc,0.2513333333333333,1.0,3.0,46,private_ip,outlier,outlier,1.0,1.0,3.0,E,0.6108142139939012,3
14313,fe1268ad-a1f0-3caf-9da4-c7c900ca0b54,0.2466666666666666,1.0,3.0,45,private_ip,outlier,outlier,1.0,1.0,3.0,E,0.6108142139939012,3
8214,e93a9b20-6809-3535-8dd4-1d655c648f51,2.6585,1.0,4.0,639,private_ip,outlier,outlier,1.0,1.0,4.0,E,0.6106873172783094,3
11722,baf70596-a705-3248-a2e8-f85b3fc1dafd,2.68225,1.0,4.0,644,private_ip,outlier,outlier,1.0,1.0,4.0,E,0.6106873172783094,3
11213,2cf3de58-3aa8-3f27-b539-9975b8678b5c,0.00085,0.2,60.0,4,private_ip,outlier,outlier,3.0,1.0,12.0,E,0.6105888478817054,3
2421,e16e44a5-1f02-37c3-b8d4-ee4a6ace5196,2.4064554455445544,0.2277227722772277,101.0,14584,private_ip,outlier,outlier,1.0,1.0,23.0,E,0.610518000872375,3
15339,bd1bc53f-7458-32ad-8c3c-8d0df59c8ea9,2.4420634920634923,0.5079365079365079,63.0,9231,private_ip,outlier,outlier,1.0,1.0,32.0,E,0.6104531777770209,3
3881,62d40a82-3b0a-36fb-9e80-8bd125eb1904,7.850911974623314e-05,0.0459952418715305,1261.0,6,default,outlier,outlier,34.0,1.0,58.0,E,0.6104305035424316,5
5159,490eeec9-1880-3c46-b8fd-3e8c4544cd28,0.1463333333333333,1.0,3.0,27,private_ip,outlier,outlier,1.0,1.0,3.0,E,0.6104168121382005,3
15318,605d0499-eed0-37dc-9153-58f27917d238,0.1146666666666666,1.0,3.0,21,private_ip,outlier,outlier,1.0,1.0,3.0,E,0.6104168121382005,3
15957,ce63ebb1-e2d9-3444-93d2-e79bf2c73256,0.0893333333333333,1.0,3.0,17,private_ip,outlier,outlier,1.0,1.0,3.0,E,0.6104168121382005,3
9611,7bcaf5ab-635d-30d3-886e-5be6412f8e48,0.1476666666666666,1.0,3.0,27,private_ip,outlier,outlier,1.0,1.0,3.0,E,0.6104168121382005,3
15956,ce63ebb1-e2d9-3444-93d2-e79bf2c73256,0.0893333333333333,1.0,3.0,17,private_ip,outlier,outlier,1.0,1.0,3.0,E,0.6104168121382005,3
15955,ce63ebb1-e2d9-3444-93d2-e79bf2c73256,0.0893333333333333,1.0,3.0,17,private_ip,outlier,outlier,1.0,1.0,3.0,E,0.6104168121382005,3
15954,ce63ebb1-e2d9-3444-93d2-e79bf2c73256,0.0893333333333333,1.0,3.0,17,private_ip,outlier,outlier,1.0,1.0,3.0,E,0.6104168121382005,3
12012,203fff05-ee36-3933-8008-96752e935287,0.1106666666666666,1.0,3.0,20,private_ip,outlier,outlier,1.0,1.0,3.0,E,0.6104168121382005,3
22474,839432bd-7ae2-3e34-a528-a0c523bc15e4,1.1709874999999998,0.5,40.0,2811,private_ip,outlier,outlier,2.0,1.0,20.0,F,0.6103956791342338,3
21605,53a29bf8-892a-3ed1-aad6-12d7409d8225,21.6792,0.4,5.0,6504,private_ip,outlier,outlier,1.0,1.0,2.0,F,0.6103512588491491,3
23632,28e1befc-0efd-38ba-9202-5a63401d8d46,3.500875,0.75,8.0,1681,private_ip,outlier,outlier,1.0,1.0,6.0,F,0.6103426580147524,3
21864,bd5f1bb5-62ee-3f67-8555-ebcb03efe678,0.0844193185018304,0.0160518163897493,63.410714285714285,17987,default,Normal,normal,68.0,56.0,57.0,F,0.6103388440657828,4
2503,04ad18ea-8036-35c6-b56e-64e0de8b593d,4.795117647058824,0.4411764705882353,68.0,19565,private_ip,outlier,outlier,1.0,1.0,30.0,E,0.6102192667941557,3
1496,001f98d3-6de1-3be5-a44f-2d23f14ecb84,2.43075,1.0,4.0,584,private_ip,outlier,outlier,1.0,1.0,4.0,E,0.6101859924422731,3
15372,226824b8-a8d3-3041-9475-1b0425902161,67.77244578313253,0.0602409638554216,166.0,675014,default,BingPreview/1.0b;bingbot/2.0;unknown,bot,1.0,1.0,10.0,E,0.6100573901645002,2
9074,5c79ec40-ccfb-3f95-9af1-b860318ac413,5.932730158730159,0.2222222222222222,63.0,22426,private_ip,outlier,outlier,1.0,1.0,14.0,E,0.6099980121004388,3
16068,084f426e-03c9-30ae-a2a9-d809b2699d66,7.731666666666667,0.8333333333333334,6.0,2784,private_ip,AdsBot-Google;unknown,bot,1.0,1.0,5.0,E,0.609954569741344,3
4927,fe564d29-49ab-37aa-853b-956507aaa5f5,14.5359,0.7,10.0,8722,private_ip,outlier,outlier,1.0,1.0,7.0,E,0.6098862633687028,3
13343,02c938f2-5aea-33ce-b76f-f0f341a1923c,0.214,1.0,3.0,39,private_ip,outlier,outlier,1.0,1.0,3.0,E,0.6098116480603648,3
3896,95f0db96-90c6-367f-a6d7-bc142655f638,3.483681818181818,0.3295454545454545,88.0,18394,private_ip,outlier,outlier,1.0,1.0,29.0,E,0.6096420969326486,3
19948,64d2d0ed-252c-325e-a0cd-37a2388f0c84,1.496714285714286,0.8571428571428571,7.0,629,private_ip,outlier,outlier,1.0,1.0,6.0,F,0.6095580138632087,3
7498,ec688560-68cb-3c27-97fd-8f67e231c2b4,1.067015625,0.40625,64.0,4098,private_ip,outlier,outlier,3.0,1.0,26.0,E,0.6094176805344349,3
10814,cdb0e22d-3fa5-332b-a907-4a48b9cb269b,0.0456666666666666,1.0,3.0,9,private_ip,outlier,outlier,1.0,1.0,3.0,E,0.6094145149903826,3
14899,28c40403-1519-37fe-91e7-125cb80b2f16,0.0516666666666666,1.0,3.0,10,private_ip,outlier,outlier,1.0,1.0,3.0,E,0.6094145149903826,3
3020,ac04aa16-fad7-3bd4-ad4c-2f4f1aca54e8,0.0543333333333333,1.0,3.0,10,private_ip,outlier,outlier,1.0,1.0,3.0,E,0.6094145149903826,3
4776,48b16aa2-4875-3a6f-8929-fd0609a988c9,5.3482467532467535,0.2337662337662337,77.0,24709,private_ip,outlier,outlier,1.0,1.0,18.0,E,0.6093594140054951,3
20426,59d8c3d4-6649-3c2f-aedd-ef44481542e5,177.3070135135135,0.081081081081081,74.0,787244,default,outlier,outlier,1.0,1.0,6.0,F,0.609211516693381,2
34010,ae488b8d-7bd9-3eba-9b29-bdec765e968e,0.0024090909090909,0.012326656394453,15.63855421686747,188,default,Normal,normal,84.0,83.0,16.0,F,0.6091278663589811,4
12203,241ff3c3-c992-3255-a3e8-694177e86427,0.5999230769230769,0.9230769230769232,13.0,468,private_ip,outlier,outlier,1.0,1.0,12.0,E,0.6090881964141861,3
127,8682e229-2128-350a-b005-fade71cacbdc,984.5016666666668,1.0,3.0,177211,default,outlier,outlier,1.0,1.0,3.0,E,0.6090819043051414,2
32350,14e829b9-0922-3d21-9d62-4050dd45f923,1024.5396666666666,1.0,3.0,184418,default,outlier,outlier,1.0,1.0,3.0,F,0.6088929568760791,2
15802,3909557c-3e4d-3a24-ba0b-98eeae02fed5,25.247060606060607,0.3636363636363636,33.0,49990,private_ip,outlier,outlier,1.0,1.0,12.0,E,0.6087418524490736,3
31027,2a4bd41a-ba58-308e-882f-4e449ae05496,0.0790097115109968,0.0168523279063124,66.05660377358491,16597,default,Normal,normal,73.0,53.0,59.0,F,0.6086584870933318,4
20999,2216cdf4-92c2-364a-ad82-024afb0c6633,53.5382479338843,0.0165289256198347,121.0,777376,default,Normal,normal,2.0,2.0,4.0,F,0.6086432560913143,2
4937,158c003f-70b2-3d7c-a0eb-936aa8a3634f,8.10154794520548,0.3150684931506849,73.0,35485,private_ip,outlier,outlier,1.0,1.0,23.0,E,0.6086108265491366,3
25288,2b97c787-371c-376f-a2d3-e30e2ce5bf16,0.0963647450110864,0.0163525498891352,68.0754716981132,20862,default,Normal,normal,66.0,53.0,59.0,F,0.6085629632953082,4
13152,b1db9626-8daf-38fc-a329-b526004af296,3.1218529707955686e-05,0.0342396777442094,110.33333333333331,2,default,bingbot/2.0,bot,993.0,9.0,34.0,E,0.6084282697956099,4
17538,3cbaf02e-af55-3acd-9203-b5542dd5ccc7,0.0366666666666666,1.0,3.0,7,private_ip,outlier,outlier,1.0,1.0,3.0,E,0.6084128957537402,3
14731,5bfe9733-01e4-351e-8e42-c1036e4493ed,1.743022222222222,0.3,90.0,9413,private_ip,outlier,outlier,1.0,1.0,27.0,E,0.6081130798720527,3
11712,a726328e-9fe0-3245-8109-24965a6a78b7,194.67903773584908,0.0754716981132075,53.0,619080,default,BingPreview/1.0b;bingbot/2.0;unknown,bot,1.0,1.0,4.0,E,0.6080851528046752,2
14147,2f40205e-567a-3169-9c61-21d86433d819,0.0001808510638297,0.101063829787234,2.473684210526316,3,default,BingPreview/1.0b,bot,178.0,76.0,19.0,E,0.6080434924535971,4
943,dbb9a259-49f2-3a40-a4a2-939534803b51,4.88404347826087,0.217391304347826,46.0,13480,private_ip,outlier,outlier,1.0,1.0,10.0,E,0.6079572185481815,3
27848,c043f2be-9066-3d23-88db-5149295829de,718.93825,0.25,8.0,345091,default,outlier,outlier,1.0,1.0,2.0,F,0.6079443842342197,2
5061,546660b3-3b7f-3854-a0b8-fdda5013b06e,0.016,1.0,3.0,3,private_ip,outlier,outlier,1.0,1.0,3.0,E,0.6079123402088129,3
13655,f96df52c-9aa3-34a2-870c-b56f6bcd8ae0,0.0093333333333333,1.0,3.0,2,private_ip,outlier,outlier,1.0,1.0,3.0,E,0.6079123402088129,3
14841,7b456418-6830-337e-88db-2b103b0bc47c,0.0106666666666666,1.0,3.0,2,private_ip,outlier,outlier,1.0,1.0,3.0,E,0.6079123402088129,3
1791,b619f33f-c266-383f-a886-696b1dd0442a,0.015,1.0,3.0,3,private_ip,BLEXBot/1.0;unknown,bot,1.0,1.0,3.0,E,0.6079123402088129,3
12474,f658869d-0323-3606-8021-a12768de3d08,0.01,1.0,3.0,2,private_ip,outlier,outlier,1.0,1.0,3.0,E,0.6079123402088129,3
3457,caf28ca4-2966-31e1-9409-9cd97f208cb2,0.0113333333333333,1.0,3.0,3,private_ip,outlier,outlier,1.0,1.0,3.0,E,0.6079123402088129,3
6867,961085f5-69f7-3567-9e75-ce3f64dccc39,0.0046666666666666,1.0,3.0,1,private_ip,outlier,outlier,1.0,1.0,3.0,E,0.6079123402088129,4
17972,44ffb04e-b5ef-31b3-bc0c-44fa34dacf3a,0.262125,0.4375,16.0,252,private_ip,outlier,outlier,3.0,1.0,7.0,F,0.6076544674972791,3
13843,31fd72df-d585-31b8-91c7-cb102bf4a49d,5.225086956521739,0.217391304347826,23.0,7211,private_ip,outlier,outlier,1.0,1.0,5.0,E,0.6075129343827158,3
8738,6287acb7-1ae6-39f9-9935-650bd0ec784e,0.0196666666666666,1.0,3.0,4,private_ip,outlier,outlier,1.0,1.0,3.0,E,0.6074119539697623,3
11389,02854203-6318-3e39-85ff-0093c1f0fafc,0.03,1.0,3.0,6,private_ip,outlier,outlier,1.0,1.0,3.0,E,0.6074119539697623,3
10370,095a0098-1f1f-32d6-9309-fef5b42c5735,0.0306666666666666,1.0,3.0,6,private_ip,outlier,outlier,1.0,1.0,3.0,E,0.6074119539697623,3
10131,6c451db9-84d7-3d1f-bcf7-6bf75bc233f9,0.0316666666666666,1.0,3.0,6,private_ip,outlier,outlier,1.0,1.0,3.0,E,0.6074119539697623,3
12564,f26eb1a6-a8b7-3b1f-aec2-264d0f1460c9,0.0283333333333333,1.0,3.0,6,private_ip,outlier,outlier,1.0,1.0,3.0,E,0.6074119539697623,3
15726,541f3c07-1398-3691-b2d8-8fed3f85edd1,0.0323333333333333,1.0,3.0,6,private_ip,outlier,outlier,1.0,1.0,3.0,E,0.6074119539697623,3
9479,06e1f3cb-6130-31b1-8d19-44dbcc0914c7,1.974,1.0,4.0,474,private_ip,outlier,outlier,1.0,1.0,4.0,E,0.6072558093968615,3
13586,0779a63b-1ee8-3049-849c-eada8957fbcd,1.96225,1.0,4.0,471,private_ip,outlier,outlier,1.0,1.0,4.0,E,0.6072558093968615,3
12302,050b74ba-0171-3245-ad11-665223abc00b,2.0545,1.0,4.0,494,private_ip,outlier,outlier,1.0,1.0,4.0,E,0.6072558093968615,3
15406,a25dbda7-e883-3703-807c-31cb9b107a42,2.9082774049217e-05,0.0436241610738255,89.4,2,default,bingbot/2.0,bot,894.0,10.0,39.0,E,0.607181681429937,4
11855,281d3ac2-459c-352d-bee2-d90086703c37,0.2844736673089274,0.0571612074502247,1557.0,26576,default,outlier,outlier,1.0,1.0,89.0,E,0.6071488463334345,3
31770,1cc45f84-f822-3854-96fb-4bf33f3d8a72,0.948323049540196,0.0080094927321269,561.8333333333334,191808,default,Normal,normal,26.0,6.0,27.0,F,0.6070523948111004,4
1800,cd37a81e-d634-3bee-a67b-744eebc344cb,2.714440825190011e-05,0.0347448425624321,102.33333333333331,2,default,bingbot/2.0,bot,921.0,9.0,32.0,E,0.6070239602759818,4
32290,555ceff8-6733-3562-8e7f-fe963762b677,0.0004546979865771,0.0033557046979865,596.0,17,default,Python-requests,bot,300.0,1.0,2.0,F,0.6069216422211102,4
20902,19fb78e5-9ff1-3f5d-b484-4fd9bb08b0f7,0.4712942357327215,0.0077430455979351,1162.3333333333333,98605,default,Normal,normal,19.0,3.0,27.0,F,0.6068837946092851,4
11445,c648601c-0af7-3f3b-a409-d8558180e1c6,3.3673469387755106e-05,0.0306122448979591,108.88888888888889,2,default,bingbot/2.0,bot,980.0,9.0,30.0,E,0.6067623191465742,4
4421,402ebfe9-7a36-3420-ac38-a80c3a010b3d,2.07875,1.0,4.0,499,private_ip,outlier,outlier,1.0,1.0,4.0,E,0.6067556452201294,3
16689,3ca5d79f-87bd-3dd2-8eae-642dd0cb2101,6.2032439024390245,0.3292682926829268,82.0,30520,private_ip,outlier,outlier,1.0,1.0,27.0,E,0.6067063080851225,3
1549,c77af483-a0db-39a5-874e-5f386608d62f,3.215434083601286e-05,0.0396570203644158,103.66666666666669,2,default,bingbot/2.0,bot,933.0,9.0,37.0,E,0.6065740075023534,4
24232,feac802d-eee2-3df9-9c50-3263d80f3484,1028.76875,0.75,4.0,246905,default,outlier,outlier,1.0,1.0,3.0,F,0.6065704013838962,2
16331,1156765e-0fc7-3731-9f6f-168bbffafc05,0.5031475409836066,0.4262295081967213,61.0,1842,private_ip,outlier,outlier,3.0,1.0,26.0,E,0.606537111947012,3
7403,f07da79f-4646-3781-9885-0fe0aa61b606,2.8969957081545062e-05,0.0343347639484978,103.55555555555556,2,default,bingbot/2.0,bot,932.0,9.0,32.0,E,0.6065238745189556,4
1435,559ea233-6739-3de3-b5b1-2da01e15099f,16.812545454545457,0.5454545454545454,22.0,22193,private_ip,outlier,outlier,1.0,1.0,12.0,E,0.6064873959987337,3
31927,f6e5b5d7-5a5f-33a2-820c-c93c57ddddff,502.6772352941176,0.4117647058823529,17.0,512731,default,outlier,outlier,1.0,1.0,7.0,F,0.6064539204760455,2
16741,e4dc7f37-46be-3646-8d97-fede5dd63a61,0.021,1.0,3.0,4,private_ip,outlier,outlier,1.0,1.0,3.0,E,0.6064116891802497,3
33419,04dbe67d-d0cf-3dce-952d-1ce284dba16d,3.8416,0.8,5.0,1153,private_ip,outlier,outlier,1.0,1.0,4.0,F,0.6062894697126056,3
24093,8d27be00-4a0c-37a9-8ef8-e5041129c75e,1.925125,0.75,8.0,925,private_ip,outlier,outlier,1.0,1.0,6.0,F,0.6060216110063594,3
11899,936935d0-6f4f-3d1c-bc8d-783a2b4bb542,1.244125,0.3068181818181818,88.0,6569,private_ip,outlier,outlier,1.0,1.0,27.0,E,0.6059572457941106,3
16541,9b261f0f-2a41-3660-82c8-767f180a4cea,0.1455294117647058,0.0472787245739417,1819.0,15884,default,outlier,outlier,1.0,1.0,86.0,E,0.6059173551636354,4
20343,763f8531-86d0-375b-b292-6ba8dbff3173,987.0956666666666,1.0,3.0,177678,default,outlier,outlier,1.0,1.0,3.0,F,0.6058911886295315,2
33081,dd9041a3-eb88-3b6f-857e-65d7b32da627,0.1297802211302211,0.0142506142506142,76.79245283018868,31693,default,Normal,normal,60.0,53.0,58.0,F,0.6056952936614096,4
20083,119d8d0a-5c31-3b98-aba2-d727d079fcd1,0.0974420121774427,0.0165265294288199,63.87037037037037,20165,default,Normal,normal,68.0,54.0,57.0,F,0.6056410822367291,4
17739,83c042c2-15cd-3ed5-929e-532fc53d39fa,3.118908382066277e-05,0.0272904483430799,114.0,2,default,bingbot/2.0,bot,1026.0,9.0,28.0,E,0.6056363273354399,4
4693,58597365-310d-3d30-95a7-8c34d7171fd9,2.7253668763102725e-05,0.0387840670859538,95.4,2,default,bingbot/2.0,bot,954.0,10.0,37.0,E,0.6055743094642038,4
9659,05b35504-4711-3e35-9ea3-84a89ca6ef61,2.5176233635448137e-05,0.0292044310171198,110.33333333333331,2,default,bingbot/2.0,bot,993.0,9.0,29.0,E,0.6055028301098794,4
17196,48df3038-e707-3892-90a4-c7afcf4a8f81,3.495762711864407e-05,0.034957627118644,104.88888888888889,2,default,bingbot/2.0,bot,944.0,9.0,33.0,E,0.6052378957375195,4
15978,1a6eb16a-ab3d-36f3-ae90-094bf99803b1,3.311965811965812e-05,0.0352564102564102,104.0,2,default,bingbot/2.0,bot,936.0,9.0,33.0,E,0.6052378957375195,4
8807,375ebad4-2d49-38d8-8f79-3ea1c4f458b5,2.96220633299285e-05,0.0306435137895812,108.77777777777776,2,default,bingbot/2.0,bot,979.0,9.0,30.0,E,0.6051592303447282,4
11245,8ca595f1-85d1-3c6c-bbad-08d2a4f2565f,11.841142857142858,0.3142857142857143,35.0,24867,private_ip,outlier,outlier,1.0,1.0,11.0,E,0.6050693687586097,3
14322,1e578045-0a36-3c26-8241-2d0caa0c4760,59.584069444444445,0.0069444444444444,144.0,514807,default,outlier,outlier,1.0,1.0,1.0,E,0.6050134444079837,3
3334,68ee2aab-f82b-31bc-a7b8-1cd03eaaee72,106.43402884615384,0.0769230769230769,104.0,664149,default,BingPreview/1.0b;Mobile Safari;unknown,bot,1.0,1.0,8.0,E,0.6049057883762001,2
8383,c2cf1224-cbfd-38eb-b317-c27ee0d76a51,2.0437065217391304,0.3478260869565217,92.0,11282,private_ip,outlier,outlier,1.0,1.0,32.0,E,0.6048669174380769,3
33110,3a53c764-9209-38f3-9f7d-e220cb4292c2,0.0004285714285714,0.0384615384615384,2.333333333333333,5,default,Normal,normal,81.0,78.0,7.0,F,0.6047728137459755,4
9387,f770815b-3190-3a32-8354-4f9e53436780,3.406681318681319,0.2527472527472527,91.0,18601,private_ip,outlier,outlier,1.0,1.0,23.0,E,0.6047574864977863,3
31578,ad3ba07e-d4b3-3e86-b20a-4342451ec400,2.881,0.8,5.0,865,private_ip,outlier,outlier,1.0,1.0,4.0,F,0.6047439069407334,3
33234,b46ac1c1-6828-381c-a8e2-0506de448f80,46.63431914893617,0.0319148936170212,94.0,263018,datacenter,outlier,outlier,1.0,1.0,3.0,F,0.6047360844960676,3
18123,38820a01-2366-3d77-ba56-30106fc384b1,1142.95875,0.5,4.0,274311,default,outlier,outlier,1.0,1.0,2.0,F,0.6047225694775573,2
6861,85ca7001-5122-3eec-86d0-378b1ffd0427,6.123142857142857,0.7142857142857143,14.0,5144,private_ip,outlier,outlier,1.0,1.0,10.0,E,0.6046692200133404,3
24884,f096db53-8aa6-3117-8e23-26dfc9c4c155,0.0894916548797736,0.0164073550212164,65.46296296296296,18982,default,Normal,normal,66.0,54.0,58.0,F,0.6045704533455211,4
20883,c914976a-e8ad-3afd-8369-3b91fcaa06dc,0.0011575682382133,0.0074441687344913,10.891891891891891,56,default,Normal,normal,75.0,74.0,6.0,F,0.6045550687975912,4
7880,1deff61d-f942-318f-9a9e-6ced099313c9,0.0093508771929824,0.2280701754385964,57.0,32,private_ip,outlier,outlier,3.0,1.0,13.0,E,0.6045458971910973,3
7745,89e16ac2-8e00-3904-aa37-e738391d8826,0.3328949579831932,0.0957983193277311,1190.0,23769,default,outlier,outlier,2.0,1.0,114.0,E,0.6043656356085285,4
10730,0902c4a1-bb35-3a56-b8ce-23a02ab7b420,1.64,1.0,4.0,394,private_ip,outlier,outlier,1.0,1.0,4.0,E,0.6042716970792419,3
3529,9bfd3c41-dcad-35cd-85ca-d6b3639fa84f,1.64425,1.0,4.0,395,private_ip,outlier,outlier,1.0,1.0,4.0,E,0.6042716970792419,3
10349,cd9863b7-6cb1-3328-8b06-89ba744997a8,7.716371220020855e-05,0.0604796663190823,959.0,5,default,outlier,outlier,60.0,1.0,58.0,E,0.604256525124865,5
30993,dec89ca3-8e4d-3125-a564-f90f34e10e8c,832.4458000000001,0.2,5.0,249734,default,outlier,outlier,1.0,1.0,1.0,F,0.6042268937276978,2
30054,cfb2817d-f2da-3ddd-97b0-956fca31159f,1.66875,0.75,8.0,801,private_ip,outlier,outlier,1.0,1.0,6.0,F,0.6042012165069671,3
27469,3b8d8623-1ea2-30a2-9dd2-d4681e62220c,0.5325141481035521,0.0114388922335942,830.5,106141,default,Normal,normal,29.0,4.0,38.0,F,0.6041524267158136,4
8972,0d09388b-56a7-3a94-a2bf-269163d0fae8,92.00565789473684,0.043859649122807,114.0,629319,default,BingPreview/1.0b;bingbot/2.0;unknown,bot,1.0,1.0,5.0,E,0.6041456297530808,2
13829,ff5e1244-084c-3d2a-b09f-8b9eec27f8e5,12.815760869565215,0.4565217391304347,46.0,35372,private_ip,outlier,outlier,1.0,1.0,21.0,E,0.6041257746995785,3
25082,8b8ded7c-157a-3d50-b9e6-dbe77b68f4a7,0.0036420233463035,0.0163424124513618,15.297619047619047,281,default,Normal,normal,88.0,84.0,21.0,F,0.6039981304768991,4
27990,70759a64-8a9f-34dd-a2d0-a909e5a38b1f,568.5343333333334,0.1666666666666666,12.0,409345,default,outlier,outlier,1.0,1.0,2.0,F,0.6039395957169854,2
5402,1ad74cf1-a5f6-3113-a23b-1bbca3f60e35,7.670958333333333,0.5208333333333334,48.0,22093,private_ip,outlier,outlier,1.0,1.0,25.0,E,0.6038898775558935,3
11136,482efa90-7f56-3164-9ecf-c07e4e122b87,4.864648648648648,0.3648648648648648,74.0,21600,private_ip,outlier,outlier,1.0,1.0,27.0,E,0.6038517833059742,3
28810,3d1a42c9-3041-3c73-8b9f-9dfa7287cf85,2.1646,0.8,5.0,650,private_ip,outlier,outlier,1.0,1.0,4.0,F,0.6037454467047917,3
33458,8446c827-0502-3115-afe2-3cf9ab130e1d,1.0558795551348794,0.0127780407004259,1056.5,133865,default,Normal,normal,16.0,2.0,27.0,F,0.6036727442491969,3
23604,ddb94817-1a4e-3e66-a313-1c8b77cda9cb,1.1263333333333332,0.8333333333333334,6.0,406,private_ip,outlier,outlier,1.0,1.0,5.0,F,0.6036367303072675,3
26892,3db84548-bcfe-37c2-ae41-d629bfef9e4d,1.147,0.8333333333333334,6.0,413,private_ip,outlier,outlier,1.0,1.0,5.0,F,0.6036367303072675,3
27931,980f26da-ff44-33a2-9980-f73b462125a2,0.1011733833177132,0.0187441424554826,60.39622641509434,19432,default,Normal,normal,67.0,53.0,60.0,F,0.6036304392672966,4
7599,fb4971a8-d71d-3f6e-b69e-fd68bc1e2a7e,0.0001244635193133,0.055793991416309,3.1066666666666665,2,default,BingPreview/1.0b,bot,173.0,75.0,13.0,E,0.6035932878690908,4
5131,077d76ce-b641-3d1d-8a59-c58e1c2a461f,13.815581395348838,0.3255813953488372,43.0,35645,private_ip,outlier,outlier,1.0,1.0,14.0,E,0.6035620012525111,3
3588,52dc9ec3-6d48-3232-9e77-93d2553d5dd1,1.37375,1.0,4.0,330,private_ip,outlier,outlier,1.0,1.0,4.0,E,0.6035597365551151,3
19349,1ac4d01d-a306-37a0-a848-1623a5a2daf5,0.1009973975276512,0.0195185426154847,58.0,18628,default,Normal,normal,65.0,53.0,60.0,F,0.6034859109064159,4
27845,b30432df-c2e3-3aec-b82d-2917ce8a1050,0.0080470588235294,0.1196078431372549,9.107142857142858,247,default,Normal,normal,74.0,56.0,61.0,F,0.6034572700630841,3
29303,9fb5eca8-7abb-3435-b82a-17eea5ddce0f,0.5125,0.8333333333333334,6.0,185,private_ip,outlier,outlier,1.0,1.0,5.0,F,0.6033476352296776,3
23760,9fe5c68a-aa5d-36eb-804c-f549202b7559,0.5136666666666666,0.8333333333333334,6.0,185,private_ip,outlier,outlier,1.0,1.0,5.0,F,0.6033476352296776,3
5902,e2e004c6-baa6-344a-be15-23bc46a22003,6.378166666666667,0.8333333333333334,6.0,2297,private_ip,outlier,outlier,1.0,1.0,5.0,E,0.603303794327702,3
2730,7d711dcc-bb18-3c5e-a160-4d5851053ba2,8.034733333333334,0.2888888888888888,45.0,21694,private_ip,outlier,outlier,1.0,1.0,13.0,E,0.6031528210640691,3
14342,668c8cd0-8b70-3277-b171-18b542b00aef,3.6220470588235294,0.3058823529411765,85.0,18473,private_ip,outlier,outlier,1.0,1.0,26.0,E,0.603088401198687,3
6897,fb1da8d6-5c45-3457-ab59-216e75f022ca,0.8953170731707317,0.6585365853658537,41.0,2203,private_ip,outlier,outlier,1.0,1.0,27.0,E,0.6030074345422141,3
19467,a65bcb14-b84b-3ecd-b18e-ff18698305a0,12.536,0.5454545454545454,11.0,8274,private_ip,outlier,outlier,1.0,1.0,6.0,F,0.6029833773060359,3
2060,ba0aa979-ae20-31b3-95ae-9cdd1d2e7c0c,16.19472972972973,0.3783783783783784,37.0,35953,private_ip,outlier,outlier,1.0,1.0,14.0,E,0.6028836797387701,3
3763,3a3d5059-abd4-3169-af78-13a4fb6374d6,838.3876666666666,0.5,6.0,301820,default,outlier,outlier,1.0,1.0,3.0,E,0.6028260033280352,2
8766,c3afbd2e-b6d6-36a9-bd5f-bbd6a47dd727,3.239289446185998e-05,0.0365726227795193,106.33333333333331,2,default,bingbot/2.0,bot,957.0,9.0,35.0,E,0.6028161606606554,4
34246,d1982faf-2940-3dd8-8bde-1b4db255cb45,0.0893717948717948,0.4615384615384615,39.0,210,private_ip,outlier,outlier,2.0,1.0,18.0,F,0.6028131559237854,3
27615,eb2c81d5-f5ae-39e3-b19f-e0340bb6fcee,0.0948466257668711,0.020109066121336,55.35849056603774,16697,default,Normal,normal,66.0,53.0,59.0,F,0.6026774966535494,3
522,f6c21e7e-9d97-3ab2-9292-af51400de9e6,4.813052631578947,0.2631578947368421,19.0,5487,private_ip,outlier,outlier,1.0,1.0,5.0,E,0.6026669363048901,3
33383,a1fd1184-4a7f-3acd-be24-daba5f7fc45c,0.9775,0.8333333333333334,6.0,352,private_ip,outlier,outlier,1.0,1.0,5.0,F,0.6024263767473682,3
21490,1e679536-99bc-398e-abc8-be06dd73c831,0.9065,0.8333333333333334,6.0,327,private_ip,outlier,outlier,1.0,1.0,5.0,F,0.6024263767473682,3
23910,4927ee4c-f4e0-32e7-a625-15e6888a5e0a,1.3722857142857143,0.5,14.0,1153,private_ip,outlier,outlier,3.0,1.0,7.0,F,0.6023512467980661,3
1793,bc5a1ccc-f17e-3106-9fc2-ca09f8d78f87,1.7663846153846154,0.8461538461538461,13.0,1378,private_ip,outlier,outlier,1.0,1.0,11.0,E,0.6023498652406869,3
3624,a2a1f8c7-23d0-3f90-89ce-539f248474e6,26.76683333333333,0.5,6.0,9637,private_ip,outlier,outlier,1.0,1.0,3.0,E,0.6022468752943444,3
27937,a9628e05-d719-376f-9d1b-ffa5ccab34f8,0.7643333333333334,0.8333333333333334,6.0,276,private_ip,outlier,outlier,1.0,1.0,5.0,F,0.6019278460583418,3
19308,9ee81c7d-b1b9-3cf7-b642-441dc7848b53,4.711416666666667,0.3333333333333333,12.0,3393,private_ip,outlier,outlier,1.0,1.0,4.0,F,0.6019267817585746,3
6954,b0e4870b-498c-36b4-8356-552917211e43,3.5978888888888885,0.8888888888888888,9.0,1943,private_ip,outlier,outlier,1.0,1.0,8.0,E,0.6016471200141166,3
11364,d45e33b9-cdc0-3b37-9965-a5a010ca535e,13.143863636363635,0.5454545454545454,11.0,8675,private_ip,outlier,outlier,2.0,1.0,6.0,E,0.6014705541760706,3
1331,29afa9af-9819-322b-8d76-b697f273c020,1.3587647058823529,0.4411764705882353,68.0,5544,private_ip,outlier,outlier,1.0,1.0,30.0,E,0.6014606839897688,3
32521,3e0fc527-b975-3d81-960e-16598f9a938e,3.665058823529412,0.4117647058823529,34.0,7477,private_ip,outlier,outlier,1.0,1.0,14.0,F,0.6014561350645304,3
6120,25e915b9-5914-3dcf-9368-672f6e6d4640,3.3333333333333335e-05,0.0376344086021505,103.33333333333331,2,default,bingbot/2.0,bot,930.0,9.0,35.0,E,0.6013206790165098,4
10823,e00e65a0-0133-390e-a20a-e6f912858477,3.348729792147806e-05,0.0369515011547344,96.22222222222224,2,default,bingbot/2.0,bot,866.0,9.0,32.0,E,0.6012428340356086,4
4820,dc2fbc7f-7d06-37e4-9420-2e64fb3d3b00,0.5020833333333333,0.7916666666666666,24.0,723,private_ip,outlier,outlier,1.0,1.0,19.0,E,0.6009888052377288,3
25759,9a73bca0-a616-367d-ada4-4f3f0d064c21,0.081,0.8333333333333334,6.0,30,private_ip,outlier,outlier,1.0,1.0,5.0,F,0.6009290000587468,3
31851,0db6ed04-e7fc-33bd-ad6f-d84b735f4b75,0.1735,0.8333333333333334,6.0,63,private_ip,outlier,outlier,1.0,1.0,5.0,F,0.6009290000587468,3
26414,e268e1a0-316c-32e5-a2ba-a80df11fa09e,15.205235,0.01,200.0,182463,datacenter,outlier,outlier,1.0,1.0,2.0,F,0.600910545546004,3
14575,d3bf5743-6a51-38c9-b672-aeab78197936,3.954128205128205,0.2051282051282051,78.0,18506,private_ip,outlier,outlier,1.0,1.0,16.0,E,0.6007637978565387,3
3630,b4746723-0cd8-32d0-a10c-146d9839ff43,17.434969696969695,0.3939393939393939,33.0,34522,private_ip,outlier,outlier,1.0,1.0,13.0,E,0.6006904787175616,3
13625,9cc5c700-d97a-3cc0-b6d5-b260ff7a434c,3.8803207547169816,0.2075471698113207,53.0,12340,private_ip,outlier,outlier,1.0,1.0,11.0,E,0.6006604694114513,3
12417,5b1f59e5-e305-3ed9-86ce-6cd8e2b6de24,3.530751708428246e-05,0.0353075170842824,97.55555555555556,2,default,bingbot/2.0,bot,878.0,9.0,31.0,E,0.6005818416039411,4
6203,ffdb1b2e-be18-362f-8460-11841aa2e901,3.397508493771234e-05,0.0351075877689694,98.11111111111111,2,default,bingbot/2.0,bot,883.0,9.0,31.0,E,0.6005818416039411,4
27943,c704b1f5-eefd-3f95-ace0-a6090290d145,43.63235409836066,0.0131147540983606,152.5,798473,default,Normal,normal,2.0,2.0,4.0,F,0.6005417357824239,2
30986,c8d87647-ee37-3146-9c19-4a823f4ae5d7,14.46439,0.005,200.0,173573,datacenter,outlier,outlier,1.0,1.0,1.0,F,0.6005386743942376,4
24968,131d1886-5b8f-3742-8984-141aab267a9a,3.4131428571428573,0.7142857142857143,7.0,1434,private_ip,outlier,outlier,1.0,1.0,5.0,F,0.6000551671445087,3
12985,b7d5d624-0b3a-32f0-b14d-a1ac2a41c12b,5.951,0.2708333333333333,48.0,17139,private_ip,outlier,outlier,1.0,1.0,13.0,E,0.5999387067220557,3
16910,dc70ecd0-011e-34e8-b17b-d91d03192884,0.012,0.5,2.0,3,private_ip,Sogou web spider/4.0;unknown,bot,2.0,2.0,2.0,E,0.5999234358509521,4
9156,67c6d31b-02cd-36ce-9912-09b221020557,0.009875,0.5,2.0,3,private_ip,Googlebot/2.1;unknown,bot,2.0,2.0,2.0,E,0.5999234358509521,4
11109,0096a101-7721-3e04-b1aa-fba0c8bedf2a,0.01275,0.5,2.0,4,private_ip,FacebookExternalHit/1.1;unknown,bot,2.0,2.0,2.0,E,0.5999234358509521,3
5209,e09f737d-5b65-3131-a04a-15f6903bf513,0.010375,0.5,2.0,3,private_ip,Googlebot/2.1;unknown,bot,2.0,2.0,2.0,E,0.5999234358509521,4
13606,6180ec11-035b-3935-b6c8-e55f4fb650a5,0.0095,0.5,2.0,3,private_ip,Python-urllib;unknown,bot,2.0,2.0,2.0,E,0.5999234358509521,4
10890,98b2ed3f-5af7-31b2-b3b7-e2d5d40e23f3,0.010375,0.5,2.0,3,private_ip,Screaming Frog SEO Spider;unknown,bot,2.0,2.0,2.0,E,0.5999234358509521,4
3714,a254e6d5-b689-3a62-b9d0-d24a556b5718,0.008,0.5,2.0,2,private_ip,FacebookExternalHit/1.1;unknown,bot,2.0,2.0,2.0,E,0.5999234358509521,4
13418,daa85df0-97c0-3a15-88e0-c5c437e1fcf9,0.01,0.5,2.0,3,private_ip,bingbot/2.0;unknown,bot,2.0,2.0,2.0,E,0.5999234358509521,4
4513,39d5863a-692f-3320-8869-3d55a785b8dc,0.013625,0.5,2.0,4,private_ip,FacebookExternalHit/1.1;unknown,bot,2.0,2.0,2.0,E,0.5999234358509521,3
1160,59292c8a-ee47-3a9d-926f-5070f23155c2,0.012,0.5,2.0,3,private_ip,Python-requests;unknown,bot,2.0,2.0,2.0,E,0.5999234358509521,4
5671,3b7f1c8d-2fef-30d8-9565-a5b808313a7a,0.011125,0.5,2.0,3,private_ip,Python-urllib;unknown,bot,2.0,2.0,2.0,E,0.5999234358509521,4
8769,c9adfac9-8063-3529-aabf-be137c9d293e,0.010375,0.5,2.0,3,private_ip,FacebookExternalHit/1.1;unknown,bot,2.0,2.0,2.0,E,0.5999234358509521,4
123,78e96c7f-c11b-35b6-9bbd-9e5606db92fa,0.01,0.5,2.0,3,private_ip,Googlebot/2.1;unknown,bot,2.0,2.0,2.0,E,0.5999234358509521,4
5018,00deee4c-9eac-3ae9-a052-b2c73c18e852,0.012,0.5,2.0,3,private_ip,BingPreview/1.0b;unknown,bot,2.0,2.0,2.0,E,0.5999234358509521,4
13130,608d35a5-03b2-3a78-983f-1f96c3630816,0.009125,0.5,2.0,3,private_ip,Sogou web spider/4.0;unknown,bot,2.0,2.0,2.0,E,0.5999234358509521,4
6403,5f880bcd-6c5f-304b-ad75-c9e45585792e,0.011,0.5,2.0,3,private_ip,Googlebot/2.1;unknown,bot,2.0,2.0,2.0,E,0.5999234358509521,4
8437,5b04d26b-4f7a-39d0-ad52-e91f4c5232f1,0.0105,0.5,2.0,3,private_ip,bingbot/2.0;unknown,bot,2.0,2.0,2.0,E,0.5999234358509521,4
2543,5f080061-14f9-333e-bba8-50490a117153,0.009375,0.5,2.0,3,private_ip,Googlebot/2.1;unknown,bot,2.0,2.0,2.0,E,0.5999234358509521,4
1847,4ddb7473-7569-380c-b728-a99767137807,0.014625,0.5,2.0,4,private_ip,Python-requests;unknown,bot,2.0,2.0,2.0,E,0.5999234358509521,3
12925,0b577f52-208a-3a8a-966a-04625a1330a5,0.0105,0.5,2.0,3,private_ip,Googlebot/2.1;unknown,bot,2.0,2.0,2.0,E,0.5999234358509521,4
11004,edf23fac-f58c-3d51-8f0a-af382fe2964e,0.010125,0.5,2.0,3,private_ip,bingbot/2.0;unknown,bot,2.0,2.0,2.0,E,0.5999234358509521,4
11829,e4d0b32d-c745-36c6-bff4-811ef80c055f,0.00975,0.5,2.0,3,private_ip,bingbot/2.0;unknown,bot,2.0,2.0,2.0,E,0.5999234358509521,4
8755,9ca57017-e8c0-3d06-b5e2-2e7cd342e213,0.01,0.5,2.0,3,private_ip,Googlebot/2.1;unknown,bot,2.0,2.0,2.0,E,0.5999234358509521,4
8880,efeacf77-f5a3-306e-ab8a-69f4c1e5da38,0.011,0.5,2.0,3,private_ip,Sogou web spider/4.0;unknown,bot,2.0,2.0,2.0,E,0.5999234358509521,4
7535,66c6cc5c-6eb2-3f78-8e6f-d2714146036a,0.014125,0.5,2.0,4,private_ip,Googlebot/2.1;unknown,bot,2.0,2.0,2.0,E,0.5999234358509521,3
5609,67be1194-e605-3035-8dd7-a03796716337,0.012625,0.5,2.0,4,private_ip,FacebookExternalHit/1.1;unknown,bot,2.0,2.0,2.0,E,0.5999234358509521,3
16766,4771b65f-446b-31f1-afba-4973239ec659,0.010875,0.5,2.0,3,private_ip,Python-requests;unknown,bot,2.0,2.0,2.0,E,0.5999234358509521,4
1613,a72ab471-ddba-3fba-a349-9eb74bee80f9,1.2894036144578314,0.2289156626506024,83.0,6422,private_ip,outlier,outlier,2.0,1.0,19.0,E,0.5997336182721406,3
10470,3772bb0d-7ec3-3f1d-a691-52f76dc0b377,0.5875,1.0,4.0,141,private_ip,outlier,outlier,1.0,1.0,4.0,E,0.5997168551241806,3
3696,61531689-e7e3-3775-9249-6a82af72d718,0.7005,1.0,4.0,169,private_ip,outlier,outlier,1.0,1.0,4.0,E,0.5997168551241806,3
13776,6b909f9d-32e5-3f7e-b5d7-46bd8a2b84d0,0.6485,1.0,4.0,156,private_ip,outlier,outlier,1.0,1.0,4.0,E,0.5997168551241806,3
284,4723656f-98a9-37ad-ba19-92f2a30cd81e,0.90275,1.0,4.0,217,private_ip,outlier,outlier,1.0,1.0,4.0,E,0.5995437610590938,3
13251,d7d8f188-f53b-3e6f-b5df-0fd3ca257a2d,1.01625,1.0,4.0,244,private_ip,outlier,outlier,1.0,1.0,4.0,E,0.5995437610590938,3
15711,0ea6aed1-4901-3706-8fab-7545301f2209,0.983,1.0,4.0,236,private_ip,outlier,outlier,1.0,1.0,4.0,E,0.5995437610590938,3
4844,26af9162-b00e-3d80-b87c-29d6fd6cdd16,1.1535,1.0,4.0,277,private_ip,outlier,outlier,1.0,1.0,4.0,E,0.5995437610590938,3
2944,d9379e34-43d2-31b8-b178-142ba7744ddc,0.4946666666666667,0.8666666666666667,15.0,446,private_ip,outlier,outlier,1.0,1.0,13.0,E,0.5993748236518635,3
10369,088523f7-00ef-37f4-9fd1-234c05d5fb3c,0.4983333333333333,0.8666666666666667,15.0,449,private_ip,outlier,outlier,1.0,1.0,13.0,E,0.5993748236518635,3
22451,2e2ba56a-63eb-321d-8d1d-b53669ad659e,459.0646875,0.125,16.0,440703,default,outlier,outlier,1.0,1.0,2.0,F,0.5993420408407032,2
8234,1c0d33c6-a089-3b27-970a-ec15b793e076,2.58654794520548,0.3835616438356164,73.0,11330,private_ip,outlier,outlier,1.0,1.0,28.0,E,0.5992637915420619,3
959,1b83953c-383b-3cf9-bceb-cf4c30f09e6f,3.250270855904658e-05,0.0314192849404117,102.55555555555556,2,default,bingbot/2.0,bot,923.0,9.0,29.0,E,0.5992186200706301,4
19323,cba985bb-2c5d-3da0-b262-6172ee1272ea,110.72166666666668,0.037037037037037,27.0,179370,datacenter,outlier,outlier,1.0,1.0,1.0,F,0.5990557313728301,3
30605,7e288cc8-851b-3690-8ed1-051020a52a85,12.439,0.4666666666666667,15.0,11196,private_ip,outlier,outlier,2.0,1.0,7.0,F,0.5989678303896386,3
32257,e433a7a3-6417-3616-ba07-2fd4d0ce2f3a,0.0093333333333333,0.8333333333333334,6.0,4,private_ip,outlier,outlier,1.0,1.0,5.0,F,0.598937913639376,3
7906,6e825591-fe9b-3aee-856c-0ed51e460a7d,1.4219545454545457,0.7727272727272727,22.0,1877,private_ip,outlier,outlier,1.0,1.0,17.0,E,0.5989142444614068,3
22830,97520314-62cd-3f6b-8ae7-e451082cec82,0.0997765402018795,0.0198398886181691,55.25,17200,default,Normal,normal,72.0,52.0,57.0,F,0.5989051645628727,3
33382,a1b88b35-a12d-3d75-adf3-72cfc95efcdb,8.122285714285715,0.5,14.0,6823,private_ip,outlier,outlier,2.0,1.0,7.0,F,0.5987813616763565,3
913,91c103bd-1c34-3d0b-a200-ef8cff9848f2,3.010752688172043e-05,0.0311827956989247,103.33333333333331,2,default,bingbot/2.0,bot,930.0,9.0,29.0,E,0.5987211743602077,4
5091,ae6934cf-0888-3104-a5d1-0170edd13f2a,3.621272727272728,0.2337662337662337,77.0,16731,private_ip,outlier,outlier,1.0,1.0,18.0,E,0.5985384177152308,3
5792,a3cbfa33-e300-3bc5-b8a0-7d7aac1abe60,18.39409090909091,0.4545454545454545,22.0,24281,private_ip,outlier,outlier,1.0,1.0,10.0,E,0.5984354249255913,3
8427,38990442-9e44-34f7-92fb-9dac62c7a36f,0.81325,1.0,4.0,196,private_ip,outlier,outlier,1.0,1.0,4.0,E,0.5983005612193655,3
12445,adea7862-3cb2-325c-bdd1-4c02843ad9ff,0.79925,1.0,4.0,192,private_ip,outlier,outlier,1.0,1.0,4.0,E,0.5983005612193655,3
9205,e919db33-6e93-3cf9-a6b9-903dca7577fb,0.6619642857142857,0.75,28.0,1113,private_ip,outlier,outlier,1.0,1.0,21.0,E,0.598275364732545,3
10099,f8bb2e06-c0ba-30d8-b32a-1447a25d4511,1.007,1.0,5.0,303,private_ip,outlier,outlier,1.0,1.0,5.0,E,0.5982097001042568,3
15459,59342794-eb64-352b-ad32-218cc1e4e34b,1.2035882352941176,0.4117647058823529,68.0,4911,private_ip,outlier,outlier,1.0,1.0,28.0,E,0.5981822971558668,3
8818,4e0d2fc9-5cf6-3282-8135-59cd1eacaf86,8.9876,0.64,25.0,13482,private_ip,outlier,outlier,1.0,1.0,16.0,E,0.5980663473522634,3
13146,96980edb-676b-3220-b744-76c4e9191ce6,5.145718309859155,0.352112676056338,71.0,21921,private_ip,outlier,outlier,1.0,1.0,25.0,E,0.5980395228494719,3
4254,28c1aabf-6cc5-3e83-bd63-6542198e2366,3.642103174603175,0.2698412698412698,63.0,13768,private_ip,outlier,outlier,2.0,1.0,17.0,E,0.5979385797554374,3
8891,0a59ec42-6063-3af0-9c08-6fb13911434c,0.626,1.0,5.0,188,private_ip,outlier,outlier,1.0,1.0,5.0,E,0.5977823875005538,3
24977,320b2c41-7168-3b45-abbd-b4a9e0f72b1e,0.0004662162162162,0.0135135135135135,2.0273972602739727,5,default,Normal,normal,73.0,73.0,2.0,F,0.5974849153029645,4
12338,7a21a002-d532-3bfe-9452-336888e324da,0.2095996847911741,0.1040189125295508,1269.0,15959,default,outlier,outlier,2.0,1.0,132.0,E,0.597058609970885,4
31781,4acd399c-47c5-34e6-bb68-c7cee46ebff8,0.69425,0.75,4.0,167,private_ip,outlier,outlier,1.0,1.0,3.0,F,0.5970430767461703,3
16767,477eab71-b7d4-3b1e-84b5-7377ec22e822,4.64166129032258,0.2903225806451613,62.0,17267,private_ip,outlier,outlier,1.0,1.0,18.0,E,0.5970174914954498,3
14988,0dbed168-800f-3397-94d4-96f2f5b26b8c,3.0501089324618735e-05,0.0305010893246187,102.0,2,default,bingbot/2.0,bot,918.0,9.0,28.0,E,0.5969487122945816,4
1220,0156fe29-b52d-3982-902b-f763106582e6,3.463203463203463e-05,0.0303030303030303,102.66666666666669,2,default,bingbot/2.0,bot,924.0,9.0,28.0,E,0.5969487122945816,4
5885,c09941dd-35dd-3b0b-83f2-dacd4f30b641,1.97572,0.72,25.0,2964,private_ip,outlier,outlier,1.0,1.0,18.0,E,0.5968847656767198,3
3436,7ddba56d-36ef-3d2c-807c-80ee7b138105,0.23675,1.0,4.0,57,private_ip,outlier,outlier,1.0,1.0,4.0,E,0.5968073760236154,3
25050,12465f9b-54d5-3c65-9f2b-ed90297a4123,1.4932,0.8,5.0,448,private_ip,outlier,outlier,1.0,1.0,4.0,F,0.5967019001608777,3
31492,8e14aedf-6ebb-3fff-b99e-841453933538,7.241590909090909,0.5454545454545454,11.0,4780,private_ip,outlier,outlier,2.0,1.0,6.0,F,0.5966318320627718,3
12439,9d027071-3b45-30c6-b113-c65a3485532f,1.5472727272727274,0.8181818181818182,11.0,1022,private_ip,outlier,outlier,1.0,1.0,9.0,E,0.5966245045151402,3
32614,45b71afb-2aa9-324c-8889-b2635c4d058d,0.1039595574208317,0.021365890881343,49.45283018867924,16349,default,Normal,normal,62.0,53.0,56.0,F,0.5966066928405465,3
23679,a1455a70-1278-3104-8095-7142894aca20,692.2602857142857,0.4285714285714285,3.5,290750,default,Normal,normal,2.0,2.0,3.0,F,0.596585985403706,2
1439,5e9dd0af-82a0-3de0-893a-0ab0e3a20ec8,6.521710526315789,0.6052631578947368,38.0,14870,private_ip,outlier,outlier,1.0,1.0,23.0,E,0.596580619280627,3
23726,2a880c2d-255f-34f3-9753-34d152cf4a37,0.0267300177619893,0.0959147424511545,9.70689655172414,903,default,Normal,normal,74.0,58.0,54.0,F,0.5965287730988854,2
25020,b91b85e2-4af4-3002-a98b-c378e70d815f,1.951142857142857,0.7142857142857143,7.0,820,private_ip,outlier,outlier,1.0,1.0,5.0,F,0.5965264975044754,3
10751,4d381952-9d2d-366c-8361-dd7715914ca7,0.7657999999999999,1.0,5.0,230,private_ip,outlier,outlier,1.0,1.0,5.0,E,0.596367955862173,3
6269,bc6d1a7f-2da5-3972-b94c-c7a8f059c3ad,0.882,1.0,5.0,265,private_ip,outlier,outlier,1.0,1.0,5.0,E,0.596367955862173,3
11592,69beb094-bd48-3935-ba17-ababd975a965,3.4261241970021415e-05,0.032119914346895,93.4,2,default,bingbot/2.0,bot,934.0,10.0,30.0,E,0.5962153111854057,4
12341,84a8e080-d8bb-3f68-a102-f9dd28f61cbf,3.416856492027335e-05,0.0387243735763098,97.55555555555556,2,default,bingbot/2.0,bot,878.0,9.0,34.0,E,0.5960582299218409,4
30323,0a4cf7e0-1348-359c-9c46-de3172f011f7,10.2138,0.6,5.0,3065,private_ip,outlier,outlier,1.0,1.0,3.0,F,0.5959489448906343,3
15717,15915983-4150-340f-90dd-57c56a51ff05,0.477,0.8461538461538461,13.0,373,private_ip,outlier,outlier,1.0,1.0,11.0,E,0.5959179368849625,3
15583,eb0d8ad0-8198-354a-bb82-003896687cd3,0.6526153846153846,0.7307692307692307,26.0,1019,private_ip,outlier,outlier,1.0,1.0,19.0,E,0.5958943593374687,3
10721,f28a1c86-1473-3825-8180-736c7eb02fa0,0.1665,1.0,4.0,40,private_ip,outlier,outlier,1.0,1.0,4.0,E,0.5958142837197417,3
13340,f01d6954-45a0-3008-b986-6f6e563b1c01,0.17875,1.0,4.0,43,private_ip,outlier,outlier,1.0,1.0,4.0,E,0.5958142837197417,3
3432,77637610-318b-35e4-acf9-bdf686bd0044,0.1645,1.0,4.0,40,private_ip,outlier,outlier,1.0,1.0,4.0,E,0.5958142837197417,3
24057,2a7ca0db-7ae2-3bc0-b307-3d810a4c0d42,471.5161176470588,0.3529411764705882,17.0,480947,default,outlier,outlier,1.0,1.0,6.0,F,0.5957918281468636,2
32043,3575bdb4-cc15-35c7-9585-7a8b0f824ae8,0.005024193548387,0.0188172043010752,16.65671641791045,337,default,Normal,normal,156.0,67.0,21.0,F,0.5956870120422116,2
24688,ab7d76c3-fcd2-385f-a063-6a2aebfd8f89,0.24575,0.75,4.0,59,private_ip,outlier,outlier,1.0,1.0,3.0,F,0.5956270746447903,3
10952,502a5903-acd3-3be9-8501-34fa7a4efff7,51.70723979591837,0.0459183673469387,196.0,608078,default,outlier,outlier,1.0,1.0,9.0,E,0.5954032716379083,2
10951,502a5903-acd3-3be9-8501-34fa7a4efff7,51.70723979591837,0.0459183673469387,196.0,608078,default,outlier,outlier,1.0,1.0,9.0,E,0.5954032716379083,2
10954,502a5903-acd3-3be9-8501-34fa7a4efff7,51.70723979591837,0.0459183673469387,196.0,608078,default,outlier,outlier,1.0,1.0,9.0,E,0.5954032716379083,2
10953,502a5903-acd3-3be9-8501-34fa7a4efff7,51.70723979591837,0.0459183673469387,196.0,608078,default,outlier,outlier,1.0,1.0,9.0,E,0.5954032716379083,2
30710,7ef9e1a5-d87d-384c-91cd-aaa2fed952ac,1.118,0.4,5.0,336,private_ip,outlier,outlier,3.0,1.0,2.0,F,0.5952988287522312,3
15209,420d7e7c-4051-3d6e-8a9d-4ee6a38ddba3,3.322615219721329e-05,0.0278670953912111,103.66666666666669,2,default,bingbot/2.0,bot,933.0,9.0,26.0,E,0.5952424649222979,4
17798,29c8c09a-2d90-324d-b270-02af8d6e7b8a,0.5687000000000001,0.4,10.0,342,private_ip,outlier,outlier,3.0,1.0,4.0,F,0.5951893985678277,3
34046,1fb1c53b-4c26-39c6-974c-6c642316e668,0.16075,0.75,4.0,39,private_ip,outlier,outlier,1.0,1.0,3.0,F,0.5951308437241212,3
23195,c9864e77-acf7-39d2-9996-283cc6fb477a,0.1675,0.75,4.0,41,private_ip,outlier,outlier,1.0,1.0,3.0,F,0.5951308437241212,3
33251,f9e299fc-3579-3a6c-9b8e-f7a0143a90d2,0.21825,0.75,4.0,53,private_ip,outlier,outlier,1.0,1.0,3.0,F,0.5951308437241212,3
20627,bf102253-1e06-365b-b802-5936b3427313,0.08525,0.75,4.0,21,private_ip,outlier,outlier,1.0,1.0,3.0,F,0.5951308437241212,3
1803,d755ddac-b533-3a6f-9bc1-5512e21d428c,3.571428571428571e-05,0.023469387755102,108.88888888888889,3,default,bingbot/2.0,bot,980.0,9.0,23.0,E,0.5950951644002654,4
12666,29297f5d-7330-39c9-b592-2457da7dfd41,0.357553744493392,0.0951541850220264,1135.0,24350,default,outlier,outlier,2.0,1.0,108.0,E,0.5950740632579383,4
2880,1e4c6a4a-9211-3ca7-8e3e-1b4795cfb8e0,3.176341730558598e-05,0.0372398685651697,101.44444444444444,2,default,bingbot/2.0,bot,913.0,9.0,34.0,E,0.5950656443085384,4
3162,128e962f-c252-3f3e-808a-cfb496856d9c,3.2079646017699115e-05,0.0376106194690265,100.44444444444444,2,default,bingbot/2.0,bot,904.0,9.0,34.0,E,0.5950656443085384,4
22475,8601b827-b6b0-3f0f-bf22-fc539cbba48f,0.0045906976744186,0.1232558139534883,7.288135593220339,119,default,Normal,normal,72.0,59.0,53.0,F,0.5947851305634853,3
23488,b3c09466-2279-30a8-9686-3c33e63cd266,0.0993152639087018,0.0073109843081312,1121.6,33418,default,Normal,normal,29.0,5.0,41.0,F,0.5946677447534113,4
4042,4f460507-419f-3b7f-ae9a-c3b3216dfec4,2.378538461538461,0.2307692307692307,26.0,3711,private_ip,outlier,outlier,1.0,1.0,6.0,E,0.5945607960869662,3
6551,faf9563a-760a-3fb4-a2df-c35421d26af4,55.4225175879397,0.0854271356783919,199.0,661745,default,outlier,outlier,1.0,1.0,17.0,E,0.5945564987354657,2
6587,7e8fe6e5-5d22-30eb-8536-d3eba4918ef0,876.9046666666666,1.0,3.0,157843,default,BingPreview/1.0b;unknown,bot,1.0,1.0,3.0,E,0.5945532298926174,2
1371,a3249d6a-5907-3751-8a85-a067747766e8,904.7626666666666,1.0,3.0,162858,default,outlier,outlier,1.0,1.0,3.0,E,0.5945532298926174,2
6892,e111c76f-d4b2-3143-9301-358427faa598,0.0955592064476131,0.0526968381897086,1613.0,9249,default,outlier,outlier,2.0,1.0,85.0,E,0.5943835082271862,3
1389,d9b10104-fb37-35fc-978b-0a7c9d2f25a6,1.5563478260869563,0.7391304347826086,23.0,2148,private_ip,outlier,outlier,1.0,1.0,17.0,E,0.5943706465672786,3
10480,4e2073e3-ea77-35be-b0d1-a7974846b423,14.6456,0.4285714285714285,35.0,30756,private_ip,outlier,outlier,1.0,1.0,15.0,E,0.5943465441481924,3
8893,10868008-a377-3c13-aef7-ea5cb58688da,0.0006999241274658,0.0386949924127465,1318.0,56,default,outlier,outlier,30.0,1.0,51.0,E,0.5943391289761046,4
19375,6b91d459-0ebb-3624-8164-28f0d468c308,0.4762,0.8,5.0,143,private_ip,outlier,outlier,1.0,1.0,4.0,F,0.594326338715623,3
30339,439bc2f6-cf82-3679-a945-6fbc95405a41,0.4204,0.8,5.0,127,private_ip,outlier,outlier,1.0,1.0,4.0,F,0.594326338715623,3
18257,d29a5572-4fba-35ca-b922-2c7049159557,0.551,0.8,5.0,166,private_ip,outlier,outlier,1.0,1.0,4.0,F,0.594326338715623,3
31570,a0754474-3443-3e8c-a597-548f383d9c22,0.4458,0.8,5.0,134,private_ip,outlier,outlier,1.0,1.0,4.0,F,0.594326338715623,3
33790,ee38083b-3185-3312-854d-c092498137ca,0.3994,0.8,5.0,120,private_ip,outlier,outlier,1.0,1.0,4.0,F,0.594326338715623,3
10892,9acd46de-6c3e-3751-844b-8c85365b20dc,1.3192000000000002,0.65,40.0,3167,private_ip,outlier,outlier,1.0,1.0,26.0,E,0.5942434799540008,3
5363,a4b3cf08-4126-3bdd-8260-428ea57b76a2,3.8876666666666666,0.8333333333333334,6.0,1400,private_ip,outlier,outlier,1.0,1.0,5.0,E,0.5941476606733407,3
33472,b7c5c534-d09b-3939-b7ec-db16b8cdf039,0.7617999999999999,0.8,5.0,229,private_ip,outlier,outlier,1.0,1.0,4.0,F,0.5939063643169347,3
15250,9503114c-30f1-383d-b21e-d03013fc36a6,5.6748,0.8,5.0,1703,private_ip,outlier,outlier,1.0,1.0,4.0,E,0.5938169247314468,3
23770,bc14b973-1684-381e-b8fb-dba7d3f76de6,0.0050751953125,0.015625,13.128205128205128,312,default,Normal,normal,80.0,78.0,16.0,F,0.5937290785474862,2
321,a6fdbcc9-17bb-3a35-9ae2-49da09132a8b,1.2673636363636362,0.8181818181818182,11.0,837,private_ip,outlier,outlier,1.0,1.0,9.0,E,0.5935448235886494,3
4923,fb2b4442-5b04-36f6-9d52-5cfd3f46c9cc,3.699717948717949,0.2307692307692307,39.0,8658,private_ip,outlier,outlier,1.0,1.0,9.0,E,0.5935254054074393,3
32357,2321b93a-9382-36a4-9324-32fca4caf0eb,1.6983078158458245,0.0139186295503211,622.6666666666666,190347,default,Normal,normal,17.0,3.0,26.0,F,0.5934587697306184,3
4318,e5febed6-a64a-3506-8b0d-7b7cdd8bb948,0.0315,1.0,4.0,8,private_ip,outlier,outlier,1.0,1.0,4.0,E,0.5934372652581006,3
16889,a1df46fd-1a90-3626-a4c5-31e21a36c7c9,0.0035,1.0,4.0,1,private_ip,outlier,outlier,1.0,1.0,4.0,E,0.5934372652581006,3
19884,ca76a76b-37a8-3fff-b642-15e269f2a24a,811.8896666666666,0.3333333333333333,6.0,292281,default,outlier,outlier,1.0,1.0,2.0,F,0.5934354917976183,2
17652,6ae5c7f3-7fed-37d2-9cd1-2dbb22aec230,2.3945081967213118,0.4426229508196721,61.0,8764,private_ip,outlier,outlier,1.0,1.0,27.0,E,0.5933014891553712,3
26348,2cc1f7f6-4ccf-32d0-b516-577f53438c99,0.0041316517994463,0.0116887111657951,47.80882352941177,806,default,Normal,normal,65.0,68.0,38.0,F,0.593280126915701,4
5344,702ee894-1086-37e2-ba81-2f1ea73e70f9,15.05512,0.56,25.0,22583,private_ip,outlier,outlier,1.0,1.0,14.0,E,0.5931758462931989,3
24923,6ac918a3-6705-3e53-9757-0f451caf5936,69.22110344827585,0.0551724137931034,145.0,602224,default,outlier,outlier,1.0,1.0,8.0,F,0.5931175056627597,2
24272,8dbd6445-720e-3a30-bed6-ca4d1649f452,0.3760477329687856,0.0061517429938482,877.8,99029,default,Normal,normal,31.0,5.0,27.0,F,0.5930940711230742,4
33509,3e579bf9-ad89-3419-8cf1-b633d59930f2,0.0514,0.8,5.0,16,private_ip,outlier,outlier,1.0,1.0,4.0,F,0.5929129561759444,3
14782,d8d10041-0e80-3c62-9703-dc0c5d22fc42,0.2382777777777777,0.7777777777777778,18.0,258,private_ip,outlier,outlier,1.0,1.0,14.0,E,0.5926151098384908,3
6520,96cc976c-7831-3cf7-b9fd-dbe32a5129d5,1.209264705882353,0.6764705882352942,34.0,2467,private_ip,outlier,outlier,1.0,1.0,23.0,E,0.5925819797934815,3
5557,ce60aca6-20b7-3ae3-85bc-02477932fc37,4.692814814814815,0.4629629629629629,54.0,15205,private_ip,outlier,outlier,1.0,1.0,25.0,E,0.5925580936468952,3
14530,59fe740d-7b58-3caa-b997-c8ea719c53a0,3.367,0.3698630136986301,73.0,14748,private_ip,outlier,outlier,1.0,1.0,27.0,E,0.592546584848015,3
3518,72c85493-0542-39a9-ab39-c9eee3d673d1,3.903559127439724e-05,0.0275545350172215,96.77777777777776,3,default,bingbot/2.0,bot,871.0,9.0,24.0,E,0.5924758848353461,4
3910,d272db4c-ea7d-3074-a359-66c611cacb64,1.5989183673469387,0.2448979591836734,49.0,4701,private_ip,outlier,outlier,1.0,1.0,12.0,E,0.5923742097995229,3
27228,551b82f5-9c17-37ce-b98a-ca62b1c5a1dc,0.1987459055305008,0.0106812247804414,842.6,50239,default,Normal,normal,36.0,5.0,45.0,F,0.5922467633123297,4
16998,f0db4f16-8dbc-3feb-90e7-b7764c2d690c,1.398645569620253,0.2784810126582278,79.0,6630,private_ip,outlier,outlier,1.0,1.0,22.0,E,0.5920664246365385,3
31921,eca2c515-1727-35c5-b120-24ccd0f15f81,2.589555555555556,0.3333333333333333,9.0,1399,private_ip,outlier,outlier,1.0,1.0,3.0,F,0.5920109810090226,3
31647,8cc486e8-137a-321e-88f9-f8b2d5a5901f,98.39551851851851,0.037037037037037,108.0,637603,default,outlier,outlier,1.0,1.0,4.0,F,0.5919942463960484,2
13066,a24d02b6-2157-3894-9f94-51f150f71e91,7.667666666666667,0.6666666666666666,6.0,2761,private_ip,outlier,outlier,1.0,1.0,4.0,E,0.5919590009642349,3
9389,fc474432-8a93-3c12-9a0b-f04854ca5f13,0.285,0.8333333333333334,12.0,206,private_ip,outlier,outlier,1.0,1.0,10.0,E,0.5918905496158273,3
17684,dbd4e50a-7d08-3b61-8e02-a20480e73c75,0.6242105263157894,0.7368421052631579,19.0,712,private_ip,outlier,outlier,1.0,1.0,14.0,E,0.5918479146979589,3
14786,e30ca4df-0fd8-3a8a-97ec-daa9dd94c07b,2.623492063492064,0.2857142857142857,63.0,9917,private_ip,outlier,outlier,1.0,1.0,18.0,E,0.5917764802938661,3
10087,d7d41f55-46c3-3384-beb1-b2eff8aaa409,1.5390625,0.75,16.0,1478,private_ip,outlier,outlier,1.0,1.0,12.0,E,0.591649650592769,3
4626,9af3accb-60ad-39a5-9f9b-c6edf4e3beab,3.28042328042328e-05,0.0285714285714285,105.0,2,default,bingbot/2.0,bot,945.0,9.0,27.0,E,0.5916127670391805,4
16293,a2a058c1-2ec8-37aa-ab40-b5468ebc6867,2.56136606189968e-05,0.0288153681963714,104.11111111111111,2,default,bingbot/2.0,bot,937.0,9.0,27.0,E,0.5916127670391805,4
13341,f17b89db-523b-3fd8-b675-fbbe178a72e9,3.023516237402016e-05,0.0291153415453527,99.22222222222224,2,default,bingbot/2.0,bot,893.0,9.0,26.0,E,0.5915883671229542,4
9690,4303519f-6787-3d77-80eb-092aea1221d9,3.203661327231121e-05,0.0297482837528604,97.11111111111111,2,default,bingbot/2.0,bot,874.0,9.0,26.0,E,0.5915883671229542,4
12896,a1395398-cc83-3528-b254-95315206c63b,1.1683157894736842,0.7368421052631579,19.0,1332,private_ip,outlier,outlier,1.0,1.0,14.0,E,0.5914722966098122,3
115,65bedabd-6bf9-3816-9a3c-ce50f2ad016a,9.021,0.6363636363636364,11.0,5954,private_ip,outlier,outlier,1.0,1.0,7.0,E,0.5913339819816709,3
14977,f332da0c-5c62-3f45-9819-461532966351,10.401,0.625,8.0,4993,private_ip,outlier,outlier,1.0,1.0,5.0,E,0.5913125679076181,3
25917,73eaf4a3-7da2-3f42-9f4f-192681c9ff6b,0.0023018597997138,0.0271816881258941,9.708333333333334,97,default,Normal,normal,138.0,72.0,19.0,F,0.5911170206738925,4
31156,c65772ba-992e-33c0-8f3a-df9e2dc9a4bf,0.2624422110552764,0.0108040201005025,995.0,62672,default,Normal,normal,24.0,4.0,43.0,F,0.5910739201456362,4
6182,b72200a7-b82d-39b1-a9b1-4e76fb7a167d,0.5671489852398525,0.1042435424354243,1084.0,36888,default,outlier,outlier,2.0,1.0,113.0,E,0.5909912079642007,4
5674,4d6f7383-b4ec-33ea-9c50-4f91ab5c9ce0,4.8847,0.7,10.0,2931,private_ip,outlier,outlier,1.0,1.0,7.0,E,0.5909806853348331,3
17337,001d44bf-40fe-3e2c-b9fd-ac9848bd4a80,3.3158000000000003,0.2769230769230769,65.0,12932,private_ip,outlier,outlier,1.0,1.0,18.0,E,0.5909802241037538,3
23361,67c301a0-7ac1-3412-bb7f-da678d491f0a,0.8403175785043703,0.0087406927808352,617.8,155745,default,Normal,normal,29.0,5.0,27.0,F,0.5908139011066588,3
406,bfd829fb-e6d2-3e56-b1f6-797e43764652,0.1701899441340782,0.0734237829209896,1253.0,12795,default,outlier,outlier,3.0,1.0,92.0,E,0.5907576985014245,4
31215,93ba1380-1e1e-3a28-942c-fa4af9675b30,0.0958980392156862,0.0154061624649859,70.0,20542,default,Normal,normal,67.0,51.0,55.0,F,0.590733839017695,4
21622,965cdc7f-2fbb-3ed1-a8df-9c7d8f3decf4,1.5581153846153846,0.6153846153846154,13.0,1216,private_ip,outlier,outlier,2.0,1.0,8.0,F,0.590717667023133,3
1476,cafcc0b9-5ea8-3a94-a42f-0d6d0bbff333,17.984636363636366,0.4545454545454545,11.0,11870,private_ip,outlier,outlier,1.0,1.0,5.0,E,0.5906945813767543,3
20770,54abd52b-6abd-3b30-9c2f-1f4e0e30a1a4,600.74175,0.125,8.0,288357,default,AdsBot-Google;Mobile Safari,bot,1.0,1.0,1.0,F,0.5906704302370587,2
32256,e2526708-e69d-35a9-9fb8-aa68bc41258d,0.0662384937238493,0.0774058577405857,7.029411764705882,1900,default,Normal,normal,75.0,68.0,37.0,F,0.5906217756158927,2
21270,6a1e97ca-e305-36f1-9050-f789c36b797c,0.3201369350093608,0.0109654987964696,747.8,71820,default,Normal,normal,40.0,5.0,41.0,F,0.5905666300274754,4
20657,1bbf1f2d-fb09-3c6f-bdb7-1e7736bb9510,643.5564444444445,0.6666666666666666,9.0,347521,default,outlier,outlier,1.0,1.0,6.0,F,0.5904544162641541,2
26253,0c580099-80c3-3cbe-b46a-76e41df4fc4b,0.0264,0.8,5.0,8,private_ip,outlier,outlier,1.0,1.0,4.0,F,0.5904380663944211,3
12629,9998f63b-fea6-3ef7-a69a-d5ad2fb92746,7.440273037542663e-05,0.0266211604095563,1465.0,7,default,outlier,outlier,33.0,1.0,39.0,E,0.5903375262090972,4
13111,3fff3482-d15c-332f-b420-5e24b520fd63,2.516368421052632,0.2631578947368421,38.0,5738,private_ip,outlier,outlier,1.0,1.0,10.0,E,0.5903028768807143,3
11528,bbbffd1d-8874-30b4-9acf-b10b1d9f3cd3,9.991702702702703,0.3783783783783784,37.0,22182,private_ip,outlier,outlier,1.0,1.0,14.0,E,0.5902429676921175,3
27895,3bedb741-1613-3a9a-ac74-004510ca32c3,884.14,1.0,3.0,159146,default,outlier,outlier,1.0,1.0,3.0,F,0.5902284753823807,2
34086,b0cf849c-6f5e-3098-844c-563e3978ba4f,899.1963333333334,1.0,3.0,161856,default,outlier,outlier,1.0,1.0,3.0,F,0.5902284753823807,2
7272,575dcabe-049f-3b51-8486-825dd7f25d86,3.417861080485115e-05,0.0308710033076074,100.77777777777776,2,default,bingbot/2.0,bot,907.0,9.0,28.0,E,0.5902176768335919,4
5982,bd873697-8333-36ef-8962-5803abbb00d6,0.0001396648044692,0.0837988826815642,2.5211267605633805,2,default,BingPreview/1.0b,bot,166.0,71.0,15.0,E,0.5901570493095197,4
5169,69341a8f-08e0-3070-a3f0-fac0fa933957,54.64243,0.075,200.0,655710,default,outlier,outlier,1.0,1.0,15.0,E,0.5901363920452848,2
531,0b69f621-be9e-3996-a1b9-0e422bdee858,2.0594137931034484,0.6896551724137931,29.0,3584,private_ip,outlier,outlier,1.0,1.0,20.0,E,0.5901201069044962,3
13210,614b411e-640e-395f-9a91-5dd3c63cba67,1.2298666666666669,0.8,15.0,1107,private_ip,outlier,outlier,1.0,1.0,12.0,E,0.5899209718007469,3
26834,ab66f7f4-90e7-3aaf-ac68-994b1b293b6f,3.9735099337748346e-05,0.0198675496688741,2.0972222222222223,1,default,Normal,normal,75.0,72.0,3.0,F,0.5898461162551035,4
20166,1e3a4666-8fc4-3fdb-aa6f-b92bd8e26845,350.9840416666667,0.4166666666666667,24.0,505418,default,outlier,outlier,1.0,1.0,10.0,F,0.5897902425009551,2
3425,6a1905ec-8b11-3b6f-9eea-3f5470f1c989,11.707478260869566,0.5217391304347826,23.0,16157,private_ip,outlier,outlier,1.0,1.0,12.0,E,0.5897660315810331,3
23685,b96f007f-ff86-331e-bc60-2b18ebcf10c6,608.9978571428571,1.0,7.0,255780,default,outlier,outlier,1.0,1.0,7.0,F,0.5895878980927604,2
33398,b6d8139a-3665-3511-9436-b7322c9f58d9,0.9950372340425532,0.0416666666666666,1128.0,67345,default,outlier,outlier,15.0,1.0,47.0,F,0.58951270793776,2
33658,393ae6e3-7ecc-3a0a-bb19-7021f611cc74,725.256625,0.5,8.0,348124,default,outlier,outlier,1.0,1.0,4.0,F,0.5890694921421304,2
28140,0475c7f7-7a69-3a5b-b639-a81a3bc45e2b,186.06772727272727,0.1363636363636363,33.0,736829,default,Normal,normal,2.0,2.0,9.0,F,0.5888489963242396,2
26427,014877c0-41a5-33ec-ab24-77c334dceb79,0.1133052531945101,0.0137245622337908,82.86274509803921,28730,default,Normal,normal,59.0,51.0,58.0,F,0.5888449807680961,4
24100,a05be873-5235-385e-828e-03b1ace9b522,956.509,1.0,3.0,172172,default,outlier,outlier,1.0,1.0,3.0,F,0.5888190441275609,2
11807,b5f3df76-9d7e-390e-bcf8-528404103a59,2.997423076923077,0.25,52.0,9352,private_ip,outlier,outlier,1.0,1.0,13.0,E,0.5886958235072912,3
17360,435a614a-489f-3db0-a5c7-01fd5e469116,1.8455833333333331,0.25,36.0,3987,private_ip,outlier,outlier,1.0,1.0,9.0,E,0.5886561394005317,3
6393,46f26f2d-ccb1-346f-aa11-12d70a7e6332,3.235294117647059e-05,0.0376470588235294,94.44444444444444,2,default,bingbot/2.0,bot,850.0,9.0,32.0,E,0.5886099009517276,4
22360,de4465b6-7817-312c-9e37-b9f3932bc7a4,0.0015167464114832,0.0095693779904306,11.452054794520548,77,default,Normal,normal,74.0,73.0,8.0,F,0.5886007756240452,3
3960,5eca6957-d815-329f-a900-fd9a43f12413,0.0553684210526315,0.4736842105263157,19.0,64,private_ip,outlier,outlier,4.0,1.0,9.0,E,0.5883448992010731,3
24547,f86ef6ca-789e-30b4-91c9-4e2a074e5648,0.7220129613975768,0.007607776838546,709.8,153746,default,Normal,normal,22.0,5.0,27.0,F,0.5882592118671834,4
7939,c31b4b11-c819-3b02-87b6-7cc8be954fe8,1.9966129032258064,0.2419354838709677,62.0,7428,private_ip,outlier,outlier,1.0,1.0,15.0,E,0.5880722322469035,3
15411,b08e7c1b-7673-3a0b-aef1-5b60716ca18d,12.082607142857142,0.5,28.0,20299,private_ip,outlier,outlier,1.0,1.0,14.0,E,0.5879190104855175,3
8232,1a74de16-83ce-3d26-bc33-948e959921b3,0.2352843068261787,0.0612244897959183,1421.0,20061,default,outlier,outlier,1.0,1.0,87.0,E,0.5878615121151655,3
13938,35900811-4f73-3eeb-9db2-a3b591be6a08,1.636875,0.875,8.0,786,private_ip,outlier,outlier,1.0,1.0,7.0,E,0.5877171520307525,3
26198,8349a1e2-8054-3e7e-8647-ff3eae08a929,209.2447254901961,0.1176470588235294,51.0,640289,default,outlier,outlier,1.0,1.0,6.0,F,0.5877024768574136,2
1110,c29c49cd-f902-37d5-97e6-65ae540be1c5,0.2508304526748971,0.0847736625514403,1215.0,18286,default,outlier,outlier,2.0,1.0,103.0,E,0.5875810762254715,4
8438,5bc2ebe8-237e-3551-a044-8a8194a4085c,785.0155,0.3333333333333333,6.0,282606,default,outlier,outlier,1.0,1.0,2.0,E,0.5875654210877278,2
8440,5bc2ebe8-237e-3551-a044-8a8194a4085c,785.0155,0.3333333333333333,6.0,282606,default,outlier,outlier,1.0,1.0,2.0,E,0.5875654210877278,2
8439,5bc2ebe8-237e-3551-a044-8a8194a4085c,785.0155,0.3333333333333333,6.0,282606,default,outlier,outlier,1.0,1.0,2.0,E,0.5875654210877278,2
8441,5bc2ebe8-237e-3551-a044-8a8194a4085c,785.0155,0.3333333333333333,6.0,282606,default,outlier,outlier,1.0,1.0,2.0,E,0.5875654210877278,2
30023,6e56effd-4ac3-34d6-8ea3-401b007f2298,0.3366896955503513,0.0124121779859484,474.44444444444446,86260,default,Normal,normal,48.0,9.0,53.0,F,0.587542331457141,4
6353,bb89e321-a907-3d20-b050-5292b8e2e76c,0.2114502164502164,0.0606060606060606,1386.0,17585,default,outlier,outlier,2.0,1.0,84.0,E,0.5873959437752304,3
3654,efd831f5-2f25-32fe-a397-20c0b9374c8b,0.139,0.8888888888888888,9.0,76,private_ip,outlier,outlier,1.0,1.0,8.0,E,0.5873856528321799,3
7543,752d136c-75ee-3018-b64d-0ccc153a2587,0.0001612903225806,0.0967741935483871,2.619718309859155,2,default,BingPreview/1.0b,bot,177.0,71.0,18.0,E,0.587032661808245,4
24236,11b6661f-9213-328d-9b50-76a4ed10478b,0.003573402417962,0.0362694300518134,7.72,125,default,Normal,normal,110.0,75.0,21.0,F,0.5869641621969055,3
28535,dbdaff08-c8af-3c06-873b-01a92e079f93,0.0083630434782608,0.1130434782608695,7.540983606557377,231,default,Normal,normal,75.0,61.0,52.0,F,0.5869327481517721,2
6624,e1e077a6-4368-3348-aca9-a62e0361e84e,1.9412622950819676,0.2622950819672131,61.0,7106,private_ip,outlier,outlier,1.0,1.0,16.0,E,0.5869129032807535,3
27799,41e6512f-dd35-3309-aa62-b061d4e5c99b,0.0025788625036646,0.0055702140134857,44.88157894736842,528,default,Normal,normal,72.0,76.0,19.0,F,0.5867710491908636,4
1509,242d4254-b559-3888-b649-8178270911eb,4.192399999999999,0.8,5.0,1258,private_ip,outlier,outlier,1.0,1.0,4.0,E,0.5866004483477333,3
7912,81b18b2e-0bf8-318d-9a40-e7059c352647,11.979818181818182,0.5454545454545454,11.0,7907,private_ip,outlier,outlier,1.0,1.0,6.0,E,0.586587285731589,3
14589,fad6be8a-3d22-3a6f-a41d-e2e0f20fc15d,3.787878787878788e-05,0.0349650349650349,95.33333333333331,2,default,bingbot/2.0,bot,858.0,9.0,30.0,E,0.5865785733758614,4
17583,c38348c0-df27-3960-889a-bfc93a023912,4.079254079254079e-05,0.0349650349650349,95.33333333333331,3,default,bingbot/2.0,bot,858.0,9.0,30.0,E,0.5865785733758614,4
2349,2a145953-126a-3e4d-8eaf-75ecd2d2be21,5.286777777777777,0.3492063492063492,63.0,19985,private_ip,outlier,outlier,1.0,1.0,22.0,E,0.5863601461283946,3
11316,52c7e441-bf4f-3577-8105-0c35591f33cf,4.681821428571428,0.6428571428571429,28.0,7866,private_ip,outlier,outlier,1.0,1.0,18.0,E,0.5863015842413645,3
4272,6336b5e5-ccfc-31d7-81e9-ca801a6a9c04,0.4567058823529412,0.7647058823529411,17.0,466,private_ip,outlier,outlier,1.0,1.0,13.0,E,0.5862678116286814,3
8924,66460f40-e541-3203-aeac-bbbef4215c99,51.00304020100502,0.1557788944723618,199.0,608977,default,outlier,outlier,1.0,1.0,31.0,E,0.5861648541745723,2
30599,73529478-f49a-32ea-be63-637775556432,0.2531058367196158,0.0066494274104174,676.75,82219,default,Normal,normal,32.0,8.0,36.0,F,0.5860220022725195,4
34035,efe26724-6ee3-37ec-bc60-d256c6f2f154,0.1205566958277254,0.022207267833109,64.6086956521739,21498,default,Normal,normal,54.0,46.0,66.0,F,0.5859772279564083,4
5569,e37cade8-e042-3482-90dd-8af2a79e03c7,862.7543333333334,1.0,3.0,155296,default,outlier,outlier,1.0,1.0,3.0,E,0.5859246713238707,2
9362,b9f091aa-c554-3b35-886b-31c2aec74c73,2.350714285714286,0.8571428571428571,7.0,988,private_ip,outlier,outlier,1.0,1.0,6.0,E,0.5858776351280898,3
3156,06c30d7a-e255-3541-b8a7-ddbeadd27900,11.9811,0.6,10.0,7189,private_ip,outlier,outlier,1.0,1.0,6.0,E,0.5857259751643213,3
17440,19020ea6-e2b3-3d2d-9a27-591474533071,4.807166666666667,0.6666666666666666,6.0,1731,private_ip,outlier,outlier,1.0,1.0,4.0,E,0.5857014883254724,3
10178,fd0ac782-2bcd-33a3-a8fc-2b0f9ad0c0f1,204.24167441860465,0.2325581395348837,43.0,526944,default,outlier,outlier,1.0,1.0,10.0,E,0.5856640875694976,2
7185,5db21f2e-03ee-3ef2-8d7f-0b22200bec63,46.92459411764706,0.2941176470588235,170.0,478631,default,outlier,outlier,1.0,1.0,50.0,E,0.5855806830685456,2
7187,5db21f2e-03ee-3ef2-8d7f-0b22200bec63,46.92459411764706,0.2941176470588235,170.0,478631,default,outlier,outlier,1.0,1.0,50.0,E,0.5855806830685456,2
7186,5db21f2e-03ee-3ef2-8d7f-0b22200bec63,46.92459411764706,0.2941176470588235,170.0,478631,default,outlier,outlier,1.0,1.0,50.0,E,0.5855806830685456,2
7188,5db21f2e-03ee-3ef2-8d7f-0b22200bec63,46.92459411764706,0.2941176470588235,170.0,478631,default,outlier,outlier,1.0,1.0,50.0,E,0.5855806830685456,2
13811,d9e14b06-1328-379b-85b7-3b678cdf952e,6.277333333333333,0.6666666666666666,6.0,2260,private_ip,outlier,outlier,1.0,1.0,4.0,E,0.5855082496529334,3
19831,350c1ec7-991a-30aa-a92b-c3c6414e4bcc,3.6145,0.5,2.0,434,private_ip,outlier,outlier,2.0,1.0,1.0,F,0.5854171971128447,3
6423,8a25780f-338b-3474-8093-a77e26b841a5,3.215077605321508e-05,0.0299334811529933,100.22222222222224,2,default,bingbot/2.0,bot,902.0,9.0,27.0,E,0.5853989619512258,4
10445,de0d33c7-bf1d-3b53-8e85-fda80cb0144c,3.11804008908686e-05,0.0300668151447661,99.77777777777776,2,default,bingbot/2.0,bot,898.0,9.0,27.0,E,0.5853989619512258,4
30659,14a069c2-a484-3bb6-8b43-ab3fc7020dd0,0.114300064808814,0.0220349967595593,70.13636363636364,21164,default,Normal,normal,52.0,44.0,68.0,F,0.5849131505884458,4
6967,ef2a3de1-3b84-3241-8cfb-02e027d9c6de,3.143,0.8,5.0,943,private_ip,outlier,outlier,1.0,1.0,4.0,E,0.584901840798197,3
28678,d5c376cf-40dd-34c8-8fce-04ea7da383b7,0.0001187050359712,0.014388489208633,3.971428571428572,2,default,Normal,normal,73.0,70.0,4.0,F,0.5848383418534809,4
21189,5a6d9abb-26d7-30f1-a272-b8c822877570,698.0885,0.1666666666666666,6.0,251312,default,outlier,outlier,1.0,1.0,1.0,F,0.5846434633831191,2
19315,a932ef4a-e4a6-30ea-882b-0d0d07efa139,795.8918333333334,1.0,3.0,143261,default,outlier,outlier,2.0,1.0,3.0,F,0.5846394236003353,2
5149,34eff087-1434-392d-a434-633334fb09ec,9.718222222222222,0.5555555555555556,9.0,5248,private_ip,outlier,outlier,1.0,1.0,5.0,E,0.5846215269973503,3
2657,81cb8d5b-51a2-3323-9d30-791e3962e1a9,7.189232558139535,0.5116279069767442,43.0,18549,private_ip,outlier,outlier,1.0,1.0,22.0,E,0.5844459963716889,3
7816,5eca9d7d-5685-3217-a7a4-8bea0e3fe790,3.1126,0.8,5.0,934,private_ip,outlier,outlier,1.0,1.0,4.0,E,0.5844092375371104,3
23979,212d2bae-ecda-3076-ac25-e6cf23b9f6e8,553.1962307692307,0.4615384615384615,13.0,431494,default,outlier,outlier,1.0,1.0,6.0,F,0.5843805003046807,2
2016,2bbf83fb-d5cc-3ff7-a94e-b49f4a8c67ac,3.3980582524271844e-05,0.0400485436893203,91.55555555555556,2,default,bingbot/2.0,bot,824.0,9.0,33.0,E,0.58423554459587,4
27889,2f50bb9e-e96c-32e6-85e6-a4cfd2d29c84,0.0213784786641929,0.0834879406307977,9.135593220338984,692,default,Normal,normal,74.0,59.0,45.0,F,0.5841949528609981,2
11101,ec369be1-8375-3f81-9e33-3b325a003a15,3.7569591836734695,0.5102040816326531,49.0,11046,private_ip,outlier,outlier,1.0,1.0,25.0,E,0.5841148528588698,3
33448,637edb6b-1073-301e-a9b7-1b0544917a31,853.466,0.6,5.0,256040,default,outlier,outlier,1.0,1.0,3.0,F,0.5840877496846465,2
17086,0957a158-158f-3868-aa2d-3035d60f66cd,0.6644807692307693,0.2884615384615384,52.0,2074,private_ip,outlier,outlier,2.0,1.0,15.0,E,0.5840056656161698,3
15614,2a6e3267-84b2-337d-8c2a-267e06c07d8c,4.92072,0.28,25.0,7382,private_ip,outlier,outlier,1.0,1.0,7.0,E,0.5839930131834858,3
5316,0fd8836e-3c29-3020-8d4d-8071d337f8c1,3.254692307692308,0.6923076923076923,13.0,2539,private_ip,outlier,outlier,1.0,1.0,9.0,E,0.5839690011693702,3
804,5429d841-4443-3583-9fd9-47e3d360ff1c,0.3818196202531645,0.0759493670886076,1264.0,28958,default,outlier,outlier,2.0,1.0,96.0,E,0.5838615597301079,4
14497,fbdef86d-5041-3f78-8276-b63dcf6039fe,96.3358,0.07,100.0,578015,default,BingPreview/1.0b;Mobile Safari;bingbot/2.0;unknown,bot,1.0,1.0,7.0,E,0.5837377033038097,2
2716,460f83ce-5ddb-3dd2-ae3c-c3e221137fcb,1.7824166666666668,0.75,12.0,1284,private_ip,outlier,outlier,1.0,1.0,9.0,E,0.5836672472526443,3
32031,1ea4f8d9-fff2-37d1-b865-3b737d9a38a6,580.31625,0.125,8.0,278552,default,outlier,outlier,1.0,1.0,1.0,F,0.5834864484508514,2
4907,d0236f6f-5e18-3229-b5c7-87916b9971f3,1.113281690140845,0.3661971830985915,71.0,4743,private_ip,outlier,outlier,1.0,1.0,26.0,E,0.5834181573225308,3
30697,5a4a84e6-7d06-326f-a937-e9252fe0f913,65.60315277777778,0.1666666666666666,144.0,566812,default,outlier,outlier,1.0,1.0,24.0,F,0.5833623994839362,2
24358,cda6d5c8-153e-38ba-b080-ebe1dae347f0,0.0022962441314553,0.0093896713615023,14.791666666666666,147,default,Normal,normal,72.0,72.0,10.0,F,0.5833278863902596,3
33300,8609414c-46cc-3b7f-a035-7978f12aa8bd,0.0983802334432885,0.0131946206546561,77.27450980392157,23263,default,Normal,normal,65.0,51.0,52.0,F,0.5832954329461975,4
16827,f68414b2-6328-3e6a-99be-21e713057bc7,0.0029473684210526,0.5263157894736842,19.0,4,private_ip,outlier,outlier,3.0,1.0,10.0,E,0.5830468861480589,3
7158,286dbbf7-f490-339c-92e8-cc0086f0214b,0.00182,0.32,25.0,3,private_ip,outlier,outlier,4.0,1.0,8.0,E,0.5829555742671773,3
5456,9b7bef01-5e01-3972-9c43-b73023ebd9c8,3.4478,0.8,5.0,1035,private_ip,outlier,outlier,1.0,1.0,4.0,E,0.5827866726997918,3
29409,d6cba670-0eb7-3f49-9e8b-749831244852,0.5267476948868399,0.0078234143615535,894.75,113114,default,Normal,normal,25.0,4.0,28.0,F,0.5826805675369392,4
10267,fd0fadc0-306e-30ed-9cac-ae4b31e35a30,0.1758109756097561,0.0532734274711168,1558.0,16435,default,outlier,outlier,1.0,1.0,83.0,E,0.5826553724332137,3
2206,8a84db67-b6d9-3b6c-aa20-79986c91f0d4,4.107781818181818,0.3090909090909091,55.0,13556,private_ip,outlier,outlier,1.0,1.0,17.0,E,0.5825046756380848,3
22237,5f807c2f-7c1f-301a-a2a8-5f84a908f0dc,386.5187272727273,0.1818181818181818,22.0,510205,default,outlier,outlier,1.0,1.0,4.0,F,0.5822891728963556,2
5690,7f2dccbe-8667-3581-b1ee-80618841a18e,6.116440476190476,0.4523809523809524,42.0,15414,private_ip,outlier,outlier,2.0,1.0,19.0,E,0.5821869909668296,3
366,3b53da91-92df-3db8-842c-d493039e5346,0.80875,0.875,8.0,389,private_ip,outlier,outlier,1.0,1.0,7.0,E,0.5819936320430003,3
7648,69deb9d9-de94-3f7d-b8c3-1a2864679c0b,0.0001774193548387,0.0273889227023737,1643.0,18,default,outlier,outlier,24.0,1.0,45.0,E,0.5819900274427422,4
11886,7932d2d0-d0f9-3e72-bc78-01af2f478a4a,1.02058,0.52,50.0,3062,private_ip,outlier,outlier,1.0,1.0,26.0,E,0.5819291888469598,3
198,48a284ad-2034-35e7-8667-2751a8126e7c,3.278688524590164e-05,0.0339578454332552,94.88888888888889,2,default,bingbot/2.0,bot,854.0,9.0,29.0,E,0.5818847713113573,4
30473,e505d992-84fb-3627-b8dc-aacd88f10f10,0.0166770833333333,0.1510416666666666,6.9818181818181815,385,default,Normal,normal,65.0,55.0,58.0,F,0.5818513682516482,2
4793,862c4c8a-6d8e-30b4-bd04-09c6b12dd152,0.0001890243902439,0.0670731707317073,2.6031746031746037,2,default,BingPreview/1.0b,bot,145.0,63.0,11.0,E,0.5816993433517406,4
10643,15c53a02-e575-37de-9bbb-51706f35d9ec,4.894066666666666,0.3,30.0,8810,private_ip,outlier,outlier,1.0,1.0,9.0,E,0.5813674390423849,3
23462,7a7ea196-59c4-3981-97c3-0cff22a6d285,0.2424186806937731,0.0122263292578902,879.25,51156,default,Normal,normal,36.0,4.0,43.0,F,0.5808873633565806,4
28278,903055b6-bdfd-38e7-a031-28859056962a,2.8215,0.6,10.0,1693,private_ip,outlier,outlier,1.0,1.0,6.0,F,0.5807748497833025,3
27723,2a7fdb44-37cc-3913-be33-d7b8ca7bfb12,361.3166875,0.875,16.0,346865,default,outlier,outlier,1.0,1.0,14.0,F,0.58076700180875,2
1601,6cecbed7-48a9-38e0-a6ea-300aa6e5e7f7,0.9471355932203388,0.4406779661016949,59.0,3353,private_ip,outlier,outlier,1.0,1.0,26.0,E,0.5807625622674717,3
9251,8aa5f78a-bb0a-361e-a9cf-75df1c3c77a0,9.229777777777777,0.5555555555555556,9.0,4985,private_ip,outlier,outlier,1.0,1.0,5.0,E,0.5807589980187229,3
13925,1e23fe54-b32f-3d5e-8d79-670ba4600541,0.2295,0.875,8.0,111,private_ip,outlier,outlier,1.0,1.0,7.0,E,0.5807258983283384,3
7470,adf6a452-e3d0-34b4-a39f-f39f6c8093e5,2.5328000000000004,0.8,5.0,760,private_ip,outlier,outlier,1.0,1.0,4.0,E,0.5805472716853582,3
15160,bacea694-9a6d-3509-b095-7430917bbb0b,9.784666666666666,0.4,15.0,8807,private_ip,outlier,outlier,1.0,1.0,6.0,E,0.5804034921200539,3
22299,2191c416-f3d0-3c89-88a0-574fef342371,857.7186666666666,1.0,3.0,154390,default,outlier,outlier,1.0,1.0,3.0,F,0.5802242347942852,2
625,38e4d2cb-205c-372b-94fa-71ef73299cf7,0.0001730769230769,0.1153846153846153,2.260869565217391,2,default,BingPreview/1.0b,bot,153.0,69.0,18.0,E,0.5801247600027252,4
1029,e30bde8e-143a-3071-af29-edfd7a1717d6,0.9182857142857144,0.2857142857142857,14.0,772,private_ip,outlier,outlier,1.0,1.0,4.0,E,0.580046093679451,3
14882,fae19b37-15d0-3bc2-aa58-00972c9418eb,5.014490196078431,0.3529411764705882,51.0,15345,private_ip,outlier,outlier,1.0,1.0,18.0,E,0.5799851985310592,3
18787,5e38bc82-4075-389a-82d5-30050f7ae13a,60.70225333333333,0.14,150.0,546321,default,outlier,outlier,1.0,1.0,21.0,F,0.579868412703059,2
31436,dd8b64aa-141d-3fbd-838b-f81154ca1a0a,617.8107777777777,0.3333333333333333,9.0,333618,default,outlier,outlier,1.0,1.0,3.0,F,0.5798196099837406,2
5222,fd5dcb63-2171-320e-b878-237c9e95dec0,0.169375,0.875,8.0,82,private_ip,outlier,outlier,1.0,1.0,7.0,E,0.5798165129686881,3
3708,916934c7-5d3e-3143-8899-01beacd313a8,4.424778761061947e-05,0.0429835651074589,87.88888888888889,3,default,bingbot/2.0,bot,791.0,9.0,34.0,E,0.5797811439526646,4
15331,a5b7cf8b-e3ec-34d2-a96e-dba64bf9a8b3,10.92595238095238,0.3809523809523809,21.0,13767,private_ip,outlier,outlier,1.0,1.0,8.0,E,0.5797267503405849,3
7056,fc31fc27-4eaa-33a7-a380-f67307d52793,0.1298,0.7333333333333333,15.0,117,private_ip,outlier,outlier,1.0,1.0,11.0,E,0.57966982656076,3
24922,679f6610-d582-32b8-9833-17ca768a3d06,0.1217856370029753,0.0151474168244522,77.02083333333333,27015,default,Normal,normal,52.0,48.0,56.0,F,0.5795498930112718,3
9821,da98caeb-ff3c-36ef-b2e3-b1d32588ab63,2.09775,0.6666666666666666,24.0,3021,private_ip,outlier,outlier,1.0,1.0,16.0,E,0.5794707284878087,3
4842,23d50d27-db07-35bd-bd9f-9b06ffc67a18,9.312818181818182,0.4545454545454545,11.0,6147,private_ip,outlier,outlier,1.0,1.0,5.0,E,0.5794399747756745,3
23580,acb11cad-9a25-307a-9397-37a86624f370,0.0336871287128712,0.1128712871287128,9.528301886792454,1021,default,Normal,normal,74.0,53.0,57.0,F,0.5793392464052068,2
16307,c9473309-98f2-3fe4-ae1b-3651d94319b8,5.096434782608696,0.3043478260869565,23.0,7034,private_ip,outlier,outlier,1.0,1.0,7.0,E,0.5793115383842182,3
12149,7fa13d3e-6d42-32ba-83bd-04c688638687,0.373309152872444,0.1061343719571567,1027.0,23004,default,outlier,outlier,2.0,1.0,109.0,E,0.5791829729975734,4
15255,a9963227-1b88-31d1-b82d-b75ead4e1313,0.4049189189189189,0.3108108108108108,74.0,1798,private_ip,outlier,outlier,1.0,1.0,23.0,E,0.5791157423464006,3
25841,79d4a614-c6e9-370c-bf16-2f4178317b90,133.6147875,0.05,80.0,641351,default,outlier,outlier,1.0,1.0,4.0,F,0.57894691473493,2
3381,dc440d09-6a06-36d0-98b9-145628a1bed4,0.2512237403928266,0.0717335610589239,1171.0,17651,default,outlier,outlier,6.0,1.0,84.0,E,0.578897625340358,3
25926,8ee906ef-7087-3b35-a425-5501d98f6dc5,0.0013799822852081,0.0106288751107174,15.465753424657532,94,default,Normal,normal,73.0,73.0,12.0,F,0.5788537754043188,3
17830,a3e33277-f4fb-3d11-9f50-5a1b8a26463e,0.43825,0.5,2.0,53,private_ip,outlier,outlier,2.0,1.0,1.0,F,0.5787912292339767,3
4376,c43d1b1e-87bd-3050-b8c1-f5002b879142,0.9693432835820897,0.373134328358209,67.0,3897,private_ip,outlier,outlier,1.0,1.0,25.0,E,0.5785259963233603,3
3739,d935229e-9f20-3acd-b637-f0e2993f3555,5.99878947368421,0.5789473684210527,19.0,6839,private_ip,outlier,outlier,1.0,1.0,11.0,E,0.578307052445212,3
8955,dd21636f-aca0-3713-8a59-943486880a46,5.36453125,0.3125,32.0,10300,private_ip,outlier,outlier,1.0,1.0,10.0,E,0.5778003296971351,3
8954,dd0fcf38-bf06-3bcd-a7e2-42dadb50cb1f,1.5570625,0.3392857142857143,56.0,5232,private_ip,outlier,outlier,2.0,1.0,19.0,E,0.5776773468728623,3
21921,66cdc406-6bee-3d38-a8d6-c9badfeb0c4c,0.0004649681528662,0.0254777070063694,2.180555555555556,5,default,Normal,normal,73.0,72.0,4.0,F,0.5776516156929941,4
26088,4b32b37e-4898-3c5c-a12d-bbd8b9dcf65b,623.982625,0.75,8.0,299512,default,outlier,outlier,1.0,1.0,6.0,F,0.5776305298361537,2
6207,087853cc-0e1c-36d8-988b-276976eb2cd0,3.401086956521739,0.2826086956521739,46.0,9387,private_ip,outlier,outlier,1.0,1.0,13.0,E,0.5773814183319708,3
11281,e864545b-bff8-3da4-a7b1-7b06a901bd83,1.1528333333333332,0.8333333333333334,6.0,416,private_ip,outlier,outlier,1.0,1.0,5.0,E,0.5771534899289568,3
4017,0822f686-7de4-3789-ba2c-ad6faec21f89,0.0002163375224416,0.03770197486535,1114.0,15,default,outlier,outlier,40.0,1.0,42.0,E,0.576917563424692,3
4281,6df59206-999e-3f84-9287-f5764dffb741,3.1792,0.7,10.0,1908,private_ip,outlier,outlier,1.0,1.0,7.0,E,0.576743299710293,3
3705,8dc84113-8e78-3b8a-b84e-e7ccca2716f9,3.3939393939393945e-05,0.0339393939393939,91.66666666666669,2,default,bingbot/2.0,bot,825.0,9.0,28.0,E,0.5765540316777434,4
7479,c57d567f-ea0c-3291-917b-e70237743cde,0.6251428571428571,0.2857142857142857,21.0,788,private_ip,outlier,outlier,1.0,1.0,6.0,E,0.5762667234552526,3
34017,c26c4ac0-8635-3e21-8de5-16d5a5dc5982,617.5734285714285,0.1428571428571428,7.0,259381,default,outlier,outlier,1.0,1.0,1.0,F,0.5761271922456679,2
24825,46956e1f-86a0-3746-8108-c491d552a6b8,3.77360391198044,0.0317848410757946,818.0,185209,default,outlier,outlier,5.0,1.0,26.0,F,0.5761118730979882,2
1598,634ea014-a386-346a-bef9-7c159271bbe6,2.3680576923076924,0.4423076923076923,52.0,7389,private_ip,outlier,outlier,1.0,1.0,23.0,E,0.5758585079216995,3
24863,bafd88c1-9112-39fb-9d14-94a3d5fe722d,0.9481666666666666,0.6666666666666666,6.0,342,private_ip,outlier,outlier,1.0,1.0,4.0,F,0.5757081067889933,3
3182,611ec987-52f0-34a4-a361-e419519c6133,4.1144,0.3,40.0,9875,private_ip,outlier,outlier,1.0,1.0,12.0,E,0.5756026924802056,3
15524,2017e5c2-b330-36f2-b8d5-c38df06f19dc,0.3136,0.8,10.0,189,private_ip,outlier,outlier,1.0,1.0,8.0,E,0.5755843931129908,3
26657,b649da49-34ce-3569-9d34-0e94cc54b6dc,0.0034823711739635,0.016660209221232,44.5,540,default,Normal,normal,62.0,58.0,43.0,F,0.5755181812439114,4
19017,0feaee8f-10bf-39b1-8740-e6e68f35fd74,760.1331666666666,0.6666666666666666,6.0,273648,default,outlier,outlier,1.0,1.0,4.0,F,0.5753186065666639,2
19785,b51bd3cf-d330-3623-b727-a3dda923d3ab,0.7833333333333333,0.6666666666666666,6.0,282,private_ip,outlier,outlier,1.0,1.0,4.0,F,0.5752186131791975,3
20558,ff472e97-9cca-3e73-96df-12d6ca318969,24.7088575,0.01,200.0,593013,default,Normal,normal,2.0,2.0,4.0,F,0.5751663439107737,2
21974,217f1cb6-bc5c-32b2-9fc4-588f1af3c974,0.3525538379530916,0.0087953091684434,625.3333333333334,79367,default,Normal,normal,29.0,6.0,33.0,F,0.5750823502990361,3
3791,84b66762-2411-3e87-a8f0-603ecccd8a58,0.3308333333333333,0.8333333333333334,6.0,120,private_ip,outlier,outlier,1.0,1.0,5.0,E,0.5750545830627537,3
16734,cf6150f6-8f9b-3f7f-91db-a17dbc7b1d43,134.54208219178082,0.0958904109589041,73.0,589295,default,BingPreview/1.0b;bingbot/2.0;unknown,bot,1.0,1.0,7.0,E,0.5749939152959136,2
12001,f1365551-61bd-3ea7-97bf-db8e923e0a04,0.4102857142857142,0.8571428571428571,7.0,173,private_ip,outlier,outlier,1.0,1.0,6.0,E,0.5749893167169801,3
15749,9c8d8ec6-4027-36e9-b015-647e51366319,0.29,0.8571428571428571,7.0,122,private_ip,outlier,outlier,1.0,1.0,6.0,E,0.5749893167169801,3
16309,d115ee02-704e-336a-bf58-2cff523f4610,0.5097142857142857,0.8571428571428571,7.0,215,private_ip,outlier,outlier,1.0,1.0,6.0,E,0.5749893167169801,3
3534,a3068096-67a7-3925-8f6c-b4abd6c00079,5.963413043478261,0.3260869565217391,46.0,16460,private_ip,outlier,outlier,1.0,1.0,15.0,E,0.5749643848390898,3
24840,757ed3db-ea75-38f1-9d9f-ff27832f6b10,0.0018463901689708,0.0092165898617511,9.434782608695652,73,default,Normal,normal,71.0,69.0,6.0,F,0.5748623128064635,3
11674,330acaf4-07dc-37b4-a18f-753badd59e06,6.1276875,0.5625,16.0,5883,private_ip,outlier,outlier,1.0,1.0,9.0,E,0.5746652000071868,3
4462,adc577c0-aed8-3b6b-92a6-37bfc0d9e24a,0.8578571428571429,0.8571428571428571,7.0,361,private_ip,outlier,outlier,1.0,1.0,6.0,E,0.5745748826217935,3
5347,7d1bb6f5-717d-3164-8f49-049703531c32,2.75496875,0.625,32.0,5290,private_ip,outlier,outlier,1.0,1.0,20.0,E,0.5743214796973156,3
10168,ea1b2b58-2801-3614-bd9f-aa9c116602b9,0.1505454545454545,0.7272727272727273,11.0,100,private_ip,outlier,outlier,1.0,1.0,8.0,E,0.574195012221347,3
13695,79a102ee-70df-3c3a-bf4e-6c288e2c7534,71.64153676470589,0.0661764705882353,136.0,584595,default,outlier,outlier,1.0,1.0,9.0,E,0.5741630557324275,2
27256,bf00918a-34ec-3a98-a3de-2120aa511768,846.968,1.0,3.0,152455,default,outlier,outlier,1.0,1.0,3.0,F,0.5738006162409391,2
34303,96b355c6-626c-3464-827c-f3f7e8a3dc79,207.49027272727272,0.1818181818181818,11.0,136944,datacenter,outlier,outlier,1.0,1.0,2.0,F,0.5737936308954309,3
24049,02b3b3fd-d947-3cf6-b866-80ec3d86eac5,23.7478525,0.0125,200.0,569949,default,Normal,normal,2.0,2.0,5.0,F,0.5736989092635009,2
13477,942f287c-3fb3-3bb6-a16c-4f119d24f18c,0.2264285714285714,0.8571428571428571,7.0,96,private_ip,outlier,outlier,1.0,1.0,6.0,E,0.5735945795239188,3
10764,65fca387-fb84-300b-a06c-04a9f12ad559,0.2554285714285714,0.8571428571428571,7.0,108,private_ip,outlier,outlier,1.0,1.0,6.0,E,0.5735945795239188,3
32311,99e52167-fb3c-3c85-923d-5cc1e0ec3321,0.3277438398357289,0.0087268993839835,649.3333333333334,76614,default,Normal,normal,32.0,6.0,34.0,F,0.5735818870958219,4
9897,b679f628-e3ea-35e7-b113-61d812102e58,765.18225,1.0,4.0,183644,default,outlier,outlier,1.0,1.0,4.0,E,0.5734791813051858,2
25471,726b2982-6d26-33a3-87fe-c4490fb6e608,201.39121276595745,0.0638297872340425,47.0,567924,default,outlier,outlier,1.0,1.0,3.0,F,0.5733896798518331,2
14092,a3e27423-13b3-3cc1-a01d-dbb68d716b94,2.9411764705882357e-05,0.0258823529411764,94.44444444444444,2,default,bingbot/2.0,bot,850.0,9.0,22.0,E,0.5732382249670015,4
32409,db3786e3-1ca2-3ae6-ae4a-4fa26fe0c6ad,0.0016201834862385,0.018348623853211,7.569444444444445,53,default,Normal,normal,72.0,72.0,10.0,F,0.5731654367608325,3
2014,274d7ff8-81a1-3c8a-b4d6-8ff361a4fd49,5.119826086956522,0.5217391304347826,23.0,7066,private_ip,outlier,outlier,1.0,1.0,12.0,E,0.5728840838165676,3
4210,c07d710a-89aa-336a-999b-68ed8096c5af,153.08887719298244,0.1929824561403508,57.0,523564,default,BingPreview/1.0b;Mobile Safari;unknown,bot,1.0,1.0,11.0,E,0.5728830671155608,2
7268,5273fe5e-ea08-34de-ac8c-a0ded8be6d0a,0.4754732858414959,0.0845948352626892,1123.0,32038,default,outlier,outlier,1.0,1.0,95.0,E,0.5725427383380332,3
2882,22b167f5-a642-3ead-b826-f91e785227a6,87.86765686274511,0.0686274509803921,102.0,537751,default,BingPreview/1.0b;bingbot/2.0;unknown,bot,1.0,1.0,7.0,E,0.5724150790916241,2
4476,cd15195a-6b20-38f4-b695-750137229d13,1.376560606060606,0.3484848484848485,66.0,5452,private_ip,outlier,outlier,1.0,1.0,23.0,E,0.5724119278786245,3
27986,64c09a65-af1d-3bd4-8585-b7cb5e5c5bb9,762.4254,0.2,5.0,228728,default,outlier,outlier,1.0,1.0,1.0,F,0.5724057330258923,2
14568,bdef4087-d8a7-322c-a24d-e5c0b406f51b,3.4031607142857143,0.3392857142857143,56.0,11435,private_ip,outlier,outlier,1.0,1.0,19.0,E,0.5723651330314371,3
18020,e23f7758-c5a4-3300-8539-b859372d4393,830.7526666666666,1.0,3.0,149536,default,outlier,outlier,1.0,1.0,3.0,F,0.5723345669395448,2
6305,27bd68c6-bf41-3ff3-9090-33178e4c5dae,3.973105134474328e-05,0.0330073349633251,90.88888888888889,2,default,bingbot/2.0,bot,818.0,9.0,27.0,E,0.5722686911786339,4
7052,f334dba4-819b-3c18-a965-3e53b6ce7878,3.636363636363637e-05,0.0327272727272727,91.66666666666669,2,default,bingbot/2.0,bot,825.0,9.0,27.0,E,0.5722686911786339,4
22569,95200a31-86a0-3945-9d9d-407d738d3ade,1.152090909090909,0.5454545454545454,11.0,761,private_ip,outlier,outlier,1.0,1.0,6.0,F,0.5720502543297656,3
11133,3d6c5149-0771-3f8e-b633-eb282f2304a0,4.044217391304348,0.6086956521739131,23.0,5582,private_ip,outlier,outlier,1.0,1.0,14.0,E,0.5717721130892734,3
2928,87ececb4-74a2-381d-bbfa-eefb2959b199,3.1674814814814813,0.5185185185185185,27.0,5132,private_ip,outlier,outlier,2.0,1.0,14.0,E,0.5716712226598948,3
21722,d80d15a6-bc68-3702-8d6d-f1311feee5e1,0.0032238442822384,0.0778588807785888,5.788732394366197,80,default,Normal,normal,85.0,71.0,32.0,F,0.5716476084921379,3
29248,ee4164cc-1813-3da5-8cd3-fa14529755e4,571.2791111111111,0.6666666666666666,9.0,308491,default,outlier,outlier,1.0,1.0,6.0,F,0.5715650760996766,2
11476,0d6ced84-d06b-332c-9e77-c002f4382ca0,0.9015,0.75,4.0,217,private_ip,outlier,outlier,1.0,1.0,3.0,E,0.5712010540230554,3
9940,36936a15-81db-3a21-9bd8-83fbb4494630,0.6204262295081967,0.3278688524590163,61.0,2271,private_ip,outlier,outlier,2.0,1.0,20.0,E,0.5711658817201343,3
33853,afe710f8-94a7-31a3-b480-dac62f93beaf,244.33401470588237,0.0588235294117647,17.0,498442,default,Normal,normal,2.0,2.0,2.0,F,0.5710748317319045,2
6799,e01f0fe4-eda5-35df-88b0-6acf38a87fdc,0.3582544563279857,0.088235294117647,1122.0,24118,default,outlier,outlier,1.0,1.0,99.0,E,0.5710696200470287,3
1863,7fb4ebd5-b6b8-35c2-b667-74d73b1d49fb,8.558357142857144,0.4642857142857143,28.0,14379,private_ip,outlier,outlier,1.0,1.0,13.0,E,0.5710686561665483,3
10999,e5133519-764d-38ab-b98d-b3570fddc533,0.5244615384615384,0.6923076923076923,13.0,410,private_ip,outlier,outlier,1.0,1.0,9.0,E,0.5710645463536665,3
16204,9fa73f7b-d1ef-3610-8a08-213148fac4d2,0.4055,0.75,4.0,98,private_ip,outlier,outlier,1.0,1.0,3.0,E,0.5709286022447193,3
5681,60486d88-f4ad-32b5-b604-f88150b37b7f,3.960130434782609,0.6086956521739131,23.0,5465,private_ip,outlier,outlier,1.0,1.0,14.0,E,0.5707959535728034,3
12048,75a7b3b1-95fa-3c35-9e0b-d1dabdeb123a,1.6663333333333332,0.6666666666666666,15.0,1500,private_ip,outlier,outlier,1.0,1.0,10.0,E,0.5707776595179048,3
4726,9ee9f899-c80b-3a60-8b11-b89c660e1604,0.5341145510835913,0.1465428276573787,969.0,31054,default,outlier,outlier,2.0,1.0,142.0,E,0.5707012322604424,4
19900,ea7314e7-60eb-3b0f-8d14-edc87306c39e,0.0587505995203836,0.0035971223021582,60.43478260869565,14700,default,Normal,normal,69.0,69.0,15.0,F,0.5706518285288698,4
4721,94ba0c7a-fc0a-391b-9c21-d41e772b299b,3.0013642564802184e-05,0.0409276944065484,81.44444444444444,2,default,bingbot/2.0,bot,733.0,9.0,30.0,E,0.5706290545180608,4
17574,adefcd0a-71df-3a46-8b22-e245661adb27,0.1388555437100213,0.0357142857142857,1876.0,15630,default,outlier,outlier,2.0,1.0,67.0,E,0.5706216191005565,3
30794,8e97dcc1-a129-3c16-bbd1-a8ddd1b5f2bf,0.0559175365344467,0.0647181628392484,6.842857142857143,1608,default,Normal,normal,76.0,70.0,31.0,F,0.5705879321512504,2
24487,3419f996-9120-3fae-9763-247365e9b5ed,822.6156666666666,1.0,3.0,148071,default,outlier,outlier,1.0,1.0,3.0,F,0.5705252479982336,2
11399,255e04ff-c459-36c3-b1d2-9347b0e86b2a,4.560142857142857,0.3571428571428571,14.0,3831,private_ip,outlier,outlier,1.0,1.0,5.0,E,0.5704581556788618,3
30268,735384f7-d8e5-387e-a70f-b316cb30c392,1.7605633802816902e-05,0.0176056338028169,4.115942028985507,1,default,Normal,normal,71.0,69.0,5.0,F,0.5702513936696106,4
3321,3f176a1f-0625-39da-9fd0-a840d43cd452,2.355777777777778,0.6666666666666666,9.0,1273,private_ip,outlier,outlier,1.0,1.0,6.0,E,0.5701523172301937,3
30494,43ac7481-237a-36bc-992e-9b6dd7591a6d,1.5595,0.5,4.0,375,private_ip,outlier,outlier,1.0,1.0,2.0,F,0.5700713089717325,3
23785,e0e45285-462c-36ff-9320-733feb486bf7,0.0067230538922155,0.0319361277445109,14.735294117647058,405,default,Normal,normal,70.0,68.0,32.0,F,0.5699051110357887,2
30256,4689f8bf-ec64-385e-9386-9db4010c1a03,0.1222727927927928,0.0219819819819819,60.32608695652174,20359,default,Normal,normal,60.0,46.0,61.0,F,0.5697769697273319,3
3570,257f9dba-9655-3176-8d1f-2dd1b9ce99d5,3.7220843672456576e-05,0.0334987593052109,89.55555555555556,2,default,bingbot/2.0,bot,806.0,9.0,27.0,E,0.569727572587106,4
2259,2a1d9a8b-a697-36f9-8b1b-1c4daa4ae2b5,0.101,0.75,4.0,25,private_ip,outlier,outlier,1.0,1.0,3.0,E,0.5695665661853397,3
5712,aa2c646d-768a-3fd3-9819-76d21983d859,0.085,0.75,4.0,21,private_ip,outlier,outlier,1.0,1.0,3.0,E,0.5695665661853397,3
5713,aa2c646d-768a-3fd3-9819-76d21983d859,0.085,0.75,4.0,21,private_ip,outlier,outlier,1.0,1.0,3.0,E,0.5695665661853397,3
11944,229bbf00-ff08-34b3-adcd-29925efc4627,0.089,0.75,4.0,22,private_ip,outlier,outlier,1.0,1.0,3.0,E,0.5695665661853397,3
5711,aa2c646d-768a-3fd3-9819-76d21983d859,0.085,0.75,4.0,21,private_ip,outlier,outlier,1.0,1.0,3.0,E,0.5695665661853397,3
5710,aa2c646d-768a-3fd3-9819-76d21983d859,0.085,0.75,4.0,21,private_ip,outlier,outlier,1.0,1.0,3.0,E,0.5695665661853397,3
9211,eaa873cf-4852-3557-b663-015d6714d4b3,2.1712564102564103,0.5641025641025641,39.0,5081,private_ip,outlier,outlier,1.0,1.0,22.0,E,0.569507705072469,3
19302,7e05da38-6234-378b-9ff9-c318c24bcb67,131.3629512195122,0.1707317073170731,82.0,646306,default,outlier,outlier,1.0,1.0,14.0,F,0.5694010010425907,2
5140,1c64cf42-c4ac-3803-832d-dfab0ce85f7d,3.75e-05,0.0347222222222222,80.0,2,default,bingbot/2.0,bot,720.0,9.0,25.0,E,0.5693266017093026,4
9566,05a530af-4d68-30e9-a039-7082406af1c9,0.0016066666666666,0.0328205128205128,975.0,94,default,outlier,outlier,56.0,1.0,32.0,E,0.5692523942532665,2
3106,83cbbb0a-c6ee-3b7f-bb81-f40ea807dbc2,0.5242,0.8,5.0,158,private_ip,outlier,outlier,1.0,1.0,4.0,E,0.5692113166339775,3
2787,49550960-3dc4-3076-ad3b-f932e98e3263,6.174933333333334,0.5333333333333333,30.0,11115,private_ip,outlier,outlier,1.0,1.0,16.0,E,0.5691500873443905,3
29555,9ba46a6e-ab1c-33ec-b7ac-728f38bbef40,168.28060655737707,0.0655737704918032,61.0,615908,default,outlier,outlier,1.0,1.0,4.0,F,0.569104058031973,2
13943,48e5f8a5-2d5f-39f4-b43e-ab958493223a,1.2638666666666665,0.6666666666666666,15.0,1138,private_ip,outlier,outlier,1.0,1.0,10.0,E,0.5690100766423267,3
5929,238bee57-e24d-30a7-b8f5-270d41537ccc,44.00041,0.035,200.0,528005,default,outlier,outlier,1.0,1.0,7.0,E,0.5689393086283394,2
20687,6ea4b5d6-15af-39c4-a3fc-71e97e830d26,0.1261575595038551,0.0194435132417029,64.84782608695652,22580,default,Normal,normal,55.0,46.0,58.0,F,0.5689361050359366,3
21142,b3dcf67e-9519-3026-8947-ab9e5abbe7d5,8.695652173913043e-05,0.0144927536231884,2.090909090909091,1,default,Normal,normal,66.0,66.0,2.0,F,0.5688209376961094,4
8679,e33dcec7-6742-30de-ace5-4e9a7cd0b0cc,2.415611111111111,0.5833333333333334,36.0,5218,private_ip,outlier,outlier,1.0,1.0,21.0,E,0.5687859853998974,3
17479,92096e85-6ec7-3812-9c2b-ac6893dd1bf8,1.335446808510638,0.4893617021276595,47.0,3766,private_ip,outlier,outlier,1.0,1.0,23.0,E,0.5687659661442006,3
2956,ff53c26b-ac4d-3417-864d-2b20c6090770,0.3638,0.8,5.0,110,private_ip,outlier,outlier,1.0,1.0,4.0,E,0.5687240204721254,3
7427,373569ed-b817-3966-b59f-ebd543facd51,3.439914285714285,0.3142857142857143,35.0,7224,private_ip,outlier,outlier,1.0,1.0,11.0,E,0.5686531938800785,3
7017,8ace0771-86e6-3729-ad13-3dcd7d43277b,0.3243585496866606,0.081468218442256,1117.0,21739,default,outlier,outlier,2.0,1.0,91.0,E,0.5686392365306256,3
29497,f37b8e11-c540-316d-87cb-98be3f29ae6d,42.54259,0.005,200.0,510512,default,outlier,outlier,1.0,1.0,1.0,F,0.5685048584856007,3
16988,c9f713bd-d983-32b4-a545-523cd4553d87,1.0193285714285714,0.3285714285714285,70.0,4282,private_ip,outlier,outlier,1.0,1.0,23.0,E,0.5684862530386853,3
27619,f621bc2a-f163-340b-b230-cd4db3b613fd,0.9454596895343016,0.0135202804206309,998.5,113285,default,Normal,normal,13.0,2.0,27.0,F,0.568395854794935,2
32558,b3f7ff25-3277-31aa-98f6-ff67e6986186,0.0040758293838862,0.0355450236966824,12.787878787878787,207,default,Normal,normal,78.0,66.0,30.0,F,0.5683906416047522,2
220,95c07fbc-91f7-3973-ad55-7a7bc13bdddb,4.1039671682626536e-05,0.0341997264021887,81.22222222222223,2,default,bingbot/2.0,bot,731.0,9.0,25.0,E,0.5683439261112523,4
11815,c3616113-531f-3f04-ab19-08ae6e24f819,2.6624615384615384,0.5384615384615384,39.0,6231,private_ip,outlier,outlier,1.0,1.0,21.0,E,0.5683382722353123,3
16441,6d47ca1f-91d9-3b03-8d2a-8f267252c1f5,0.2934,0.8,5.0,89,private_ip,outlier,outlier,1.0,1.0,4.0,E,0.5683091417787826,3
10260,e7bf7661-402a-383c-b294-8c17b1ab3de3,0.390310570626754,0.0860617399438727,1069.0,25035,default,outlier,outlier,1.0,1.0,92.0,E,0.5682590993804609,3
13309,97dae7f1-4c96-36eb-a66b-2cc24b7ba70c,0.8101111111111111,0.7777777777777778,9.0,438,private_ip,outlier,outlier,1.0,1.0,7.0,E,0.568162445266934,3
13817,eeef337d-d320-323c-bf5b-84c73bdce055,7.031333333333333,0.4242424242424242,33.0,13923,private_ip,outlier,outlier,1.0,1.0,14.0,E,0.5680806159569888,3
29953,b18a88b5-4d68-3f5e-89c3-e591314cf4bc,0.0031135204081632,0.0280612244897959,11.2,147,default,Normal,normal,114.0,70.0,22.0,F,0.567999900979414,2
32775,34b011c7-1c77-36be-8832-39bdaffd560f,801.8088,0.8,5.0,240543,default,outlier,outlier,1.0,1.0,4.0,F,0.5679162270688982,2
9941,3a5c48f2-637a-387f-aae7-243f82b7ccaa,0.2718,0.8,5.0,82,private_ip,outlier,outlier,1.0,1.0,4.0,E,0.5678221507648933,3
11975,91126cf0-ac24-3096-8cd7-d2481152cfd9,4.632,0.5714285714285714,7.0,1946,private_ip,outlier,outlier,1.0,1.0,4.0,E,0.5677095151491485,3
1209,e2acae6f-4845-3e35-a2a1-1d1800162e9b,0.000439570277529,0.0376007162041181,1117.0,30,default,outlier,outlier,33.0,1.0,42.0,E,0.567679462920639,3
30639,eb1334d6-ad9a-3536-8393-ac5bde8fb829,22.6015,0.01,200.0,542436,default,Normal,normal,2.0,2.0,4.0,F,0.5676626443984061,2
10955,523e09ad-aa5f-3170-98ed-344949dfdf73,0.01525,0.75,4.0,4,private_ip,outlier,outlier,1.0,1.0,3.0,E,0.5676178898525454,3
13051,60d2ae6a-706a-336d-970f-a7b0750d6535,0.008,0.75,4.0,2,private_ip,outlier,outlier,1.0,1.0,3.0,E,0.5676178898525454,3
389,8018e801-ffe7-3c65-a947-a461abb68e93,5.765545454545455,0.5454545454545454,11.0,3806,private_ip,outlier,outlier,1.0,1.0,6.0,E,0.5673960856035575,3
26161,197c0796-646a-3306-bc61-5ca78f8d35fe,276.1261612903226,0.1290322580645161,31.0,513595,default,outlier,outlier,1.0,1.0,4.0,F,0.5672806845637386,2
17942,f5af71e1-2e49-3529-9e5b-751aeb88a151,0.0019898989898989,0.0151515151515151,8.608695652173912,71,default,Normal,normal,73.0,69.0,9.0,F,0.5671055796856678,3
5614,79a9173f-8b61-3436-9dd6-916e9ed488e4,6.129111111111111,0.5555555555555556,9.0,3310,private_ip,outlier,outlier,1.0,1.0,5.0,E,0.5670714253216558,3
12090,f6e895af-3053-306a-97b0-408b65e5d83e,2.024633333333333,0.3333333333333333,60.0,7289,private_ip,outlier,outlier,1.0,1.0,20.0,E,0.5668975131576017,3
21358,8016d02d-bacb-3dfa-8869-ad4042c0fea9,44.35412,0.02,200.0,532250,default,outlier,outlier,1.0,1.0,4.0,F,0.566862122494355,2
4584,ea3ee725-fa6f-3223-8289-d2f91717837a,0.1858,0.8,5.0,56,private_ip,outlier,outlier,1.0,1.0,4.0,E,0.5668486628349957,3
9163,7a03da0e-7eec-3608-818f-a46422719bad,0.1514,0.8,5.0,46,private_ip,outlier,outlier,1.0,1.0,4.0,E,0.5668486628349957,3
12998,e264fdae-bf61-309b-bf77-c6560e650538,0.1482,0.8,5.0,45,private_ip,outlier,outlier,1.0,1.0,4.0,E,0.5668486628349957,3
15052,ab6de2aa-cc2b-3bad-a9aa-874d7afb13a5,0.1888,0.8,5.0,57,private_ip,outlier,outlier,1.0,1.0,4.0,E,0.5668486628349957,3
12060,a0624b9e-39fc-3c72-8f52-5dd82fa08066,0.4477777777777778,0.7777777777777778,9.0,242,private_ip,outlier,outlier,1.0,1.0,7.0,E,0.5664946568395907,3
10828,e323e9ce-1b3f-36ad-91f2-6a46f26be14e,6.381363636363636,0.4848484848484848,33.0,12636,private_ip,outlier,outlier,1.0,1.0,16.0,E,0.5663649156752096,3
10827,e323e9ce-1b3f-36ad-91f2-6a46f26be14e,6.381363636363636,0.4848484848484848,33.0,12636,private_ip,outlier,outlier,1.0,1.0,16.0,E,0.5663649156752096,3
10825,e323e9ce-1b3f-36ad-91f2-6a46f26be14e,6.381363636363636,0.4848484848484848,33.0,12636,private_ip,outlier,outlier,1.0,1.0,16.0,E,0.5663649156752096,3
10826,e323e9ce-1b3f-36ad-91f2-6a46f26be14e,6.381363636363636,0.4848484848484848,33.0,12636,private_ip,outlier,outlier,1.0,1.0,16.0,E,0.5663649156752096,3
15498,db2c00dd-f3cf-351a-b677-869d63439d0e,0.14,0.8,5.0,42,private_ip,outlier,outlier,1.0,1.0,4.0,E,0.5663621658075789,3
22125,ca17ee0e-1cbb-3fa2-93bb-2f62e3f26ad4,0.002358889623265,0.0118968935888962,20.445945945945947,215,default,Normal,normal,70.0,74.0,18.0,F,0.5662159649321062,3
1445,7e099ee5-7117-35c8-a8b3-a766f43538b6,1.4172352941176471,0.6176470588235294,34.0,2892,private_ip,outlier,outlier,1.0,1.0,21.0,E,0.5659628955795569,3
17514,f222395a-fc5f-36ae-99ac-1b9aea9c8d0d,1.3808571428571428,0.7142857142857143,7.0,580,private_ip,outlier,outlier,1.0,1.0,5.0,E,0.5658993404274466,3
15369,1b4d9be2-0c1c-3b64-bfd6-8bfa67285cdb,5.600454545454545,0.4545454545454545,11.0,3697,private_ip,outlier,outlier,1.0,1.0,5.0,E,0.5657351985874891,3
22622,43793006-394b-36cc-b965-6bebe5f7949f,0.1504140681653372,0.0261058738216098,74.54054054054055,24891,default,Normal,normal,43.0,37.0,72.0,F,0.5655593774031246,3
6218,211d1ede-68ed-3957-9180-fc9184eae194,3.67525,0.4166666666666667,48.0,10585,private_ip,outlier,outlier,1.0,1.0,20.0,E,0.5655410782039416,3
9928,1c82c82b-5ee8-3861-a5d7-20e880aa885b,63.493719008264456,0.0082644628099173,121.0,460965,default,outlier,outlier,1.0,1.0,1.0,E,0.5655382949167819,2
16298,ac46d93e-dc5e-32f3-b182-ca035e24d682,0.6891,0.7,10.0,414,private_ip,outlier,outlier,1.0,1.0,7.0,E,0.5654325059651726,3
14163,5df29726-76dd-3229-bb3d-4fc5e69d0f2b,4.607631578947369,0.3947368421052631,38.0,10506,private_ip,outlier,outlier,1.0,1.0,15.0,E,0.5653925052256195,3
14767,b042b48e-7fbb-35fc-ac2b-e576e57f64a0,4.03072,0.6,25.0,6047,private_ip,outlier,outlier,1.0,1.0,15.0,E,0.5653303163494529,3
11299,1604ceed-fd4d-35a9-a3c9-4095abf42296,1.3327636363636364,0.3272727272727272,55.0,4399,private_ip,outlier,outlier,1.0,1.0,18.0,E,0.5651111765315711,3
11296,1604ceed-fd4d-35a9-a3c9-4095abf42296,1.3327636363636364,0.3272727272727272,55.0,4399,private_ip,outlier,outlier,1.0,1.0,18.0,E,0.5651111765315711,3
11297,1604ceed-fd4d-35a9-a3c9-4095abf42296,1.3327636363636364,0.3272727272727272,55.0,4399,private_ip,outlier,outlier,1.0,1.0,18.0,E,0.5651111765315711,3
11298,1604ceed-fd4d-35a9-a3c9-4095abf42296,1.3327636363636364,0.3272727272727272,55.0,4399,private_ip,outlier,outlier,1.0,1.0,18.0,E,0.5651111765315711,3
19867,8f0742ca-ff1b-394b-a2d6-a16723e597d9,80.30140677966102,0.0847457627118644,118.0,568534,default,outlier,outlier,1.0,1.0,10.0,F,0.5650467781426411,2
13617,90b8b722-94b5-32c5-892b-52ea401bcf47,5.101666666666667,0.4102564102564102,39.0,11938,private_ip,outlier,outlier,1.0,1.0,16.0,E,0.5650141396440838,3
10301,4a9d7397-26bf-3948-be4c-2dba065fc8f9,0.0088,0.8,5.0,3,private_ip,outlier,outlier,1.0,1.0,4.0,E,0.5650044417151693,3
2614,11098901-bba3-3856-95c5-d59a0e5c8ec5,1.9101063829787237,0.4468085106382978,47.0,5387,private_ip,outlier,outlier,1.0,1.0,21.0,E,0.5648937404649114,3
14318,0dad051d-79cd-3dc6-8faf-d5ef3821e84f,5.699428571428571,0.4,35.0,11969,private_ip,outlier,outlier,1.0,1.0,14.0,E,0.564780468054525,3
16823,e9d628cd-2179-310e-b3b3-55ce775d2946,2.7777777777777776e-05,0.0304232804232804,84.0,2,default,bingbot/2.0,bot,756.0,9.0,23.0,E,0.5646818441860023,4
16209,a54769aa-677b-3a12-9cf5-c17c79d511c4,5.92375,0.5,8.0,2844,private_ip,outlier,outlier,1.0,1.0,4.0,E,0.5646276460199287,3
5157,44ab5e1b-e970-3d8a-8964-6d7c72cdbafe,5.069583333333333,0.4166666666666667,12.0,3651,private_ip,outlier,outlier,1.0,1.0,5.0,E,0.5646050257303531,3
8612,2c5817cb-1f49-30bd-9e98-68b4cdc8d12e,7.588481481481482,0.3703703703703703,27.0,12294,private_ip,outlier,outlier,1.0,1.0,10.0,E,0.5645077460517101,3
9369,d7ee0817-dd81-328e-9177-5b5644c7bab3,0.1407647058823529,0.6470588235294118,17.0,144,private_ip,outlier,outlier,1.0,1.0,11.0,E,0.5645053510721011,3
14740,7aa6ba22-5dd7-345c-a841-c1991245a508,4.194921052631579,0.5,38.0,9565,private_ip,outlier,outlier,1.0,1.0,19.0,E,0.56444684151703,3
17902,83f42839-cb9d-3fb3-b941-e7541f240d2c,621.4353333333333,0.4444444444444444,9.0,335576,default,outlier,outlier,1.0,1.0,4.0,F,0.564402640257295,2
19742,270dd137-baed-39a5-90c3-6321de9b78a5,0.0191256732495511,0.0736086175942549,8.703125,640,default,Normal,normal,74.0,64.0,41.0,F,0.5643745225409572,2
6072,b8f100d5-79a8-39d9-8e6b-43e8ba056238,0.2636071428571428,0.6428571428571429,28.0,443,private_ip,outlier,outlier,1.0,1.0,18.0,E,0.5642254906950772,3
33404,e1bb62f9-674f-3143-b83e-ed327ec0a314,1.3725,0.5,10.0,824,private_ip,outlier,outlier,1.0,1.0,5.0,F,0.5641564519812404,3
33766,ae833a2e-55e6-3313-b598-4368d152ef4d,0.1008209134615384,0.0212339743589743,52.0,15099,default,Normal,normal,61.0,48.0,53.0,F,0.5641178224623552,3
5942,466b06b4-8bb1-3ca1-a07d-e27a00d8e5ec,1.0523061224489796,0.4693877551020408,49.0,3094,private_ip,outlier,outlier,1.0,1.0,23.0,E,0.5641056766482802,3
1783,9f00b648-b976-328c-8aca-8e176e3bbf29,1.646,0.6666666666666666,6.0,593,private_ip,outlier,outlier,1.0,1.0,4.0,E,0.5640661713594098,3
21674,292b3d5f-1ced-32a0-8aa6-4410f067c61e,886.95975,0.75,4.0,212871,default,outlier,outlier,1.0,1.0,3.0,F,0.5639117003290713,2
2740,9ad6f299-6e15-3c67-a7b2-db0f7267a17f,0.1374216748768472,0.0866995073891625,1015.0,8369,default,outlier,outlier,3.0,1.0,88.0,E,0.5637436492318249,3
6288,edf8a769-4f14-39fe-a963-00fff7f3d184,0.836,0.7,10.0,502,private_ip,outlier,outlier,1.0,1.0,7.0,E,0.5634894199463366,3
10899,a9d6301f-7fd3-332f-b383-23410bdb68ae,0.7403,0.7,10.0,445,private_ip,outlier,outlier,1.0,1.0,7.0,E,0.5634894199463366,3
1888,be370345-bf1d-3e99-96da-6360a9da8f11,0.30775,0.625,32.0,591,private_ip,outlier,outlier,1.0,1.0,20.0,E,0.5634822171207403,3
100,4e388cdb-13e1-3319-bf0d-84105e4d1de5,0.5676170212765957,0.4680851063829787,47.0,1601,private_ip,outlier,outlier,1.0,1.0,22.0,E,0.563437989766676,3
11622,b5ba4da7-e109-33d2-b944-baff7e1d69a8,3.897625,0.5625,16.0,3742,private_ip,outlier,outlier,1.0,1.0,9.0,E,0.5633617866045993,3
8732,511499a4-8cac-3e46-b988-cdde625fca97,0.1846999999999999,0.7,10.0,111,private_ip,outlier,outlier,1.0,1.0,7.0,E,0.5632824250890045,3
7849,b8e52efc-6128-3116-9d0f-02ac7ad35cab,0.28725,0.6666666666666666,12.0,207,private_ip,outlier,outlier,1.0,1.0,8.0,E,0.5631996944649632,3
25682,affda04d-e636-3f38-9114-144cd4b35e9c,0.0044625,0.02375,26.666666666666668,429,default,Normal,normal,73.0,60.0,38.0,F,0.5629544534788952,2
17237,b5bb60e6-eae6-3176-b2e9-e266972dd4b6,4.874034482758621,0.4827586206896552,29.0,8481,private_ip,outlier,outlier,1.0,1.0,14.0,E,0.5628582380217487,3
17238,b5bb60e6-eae6-3176-b2e9-e266972dd4b6,4.874034482758621,0.4827586206896552,29.0,8481,private_ip,outlier,outlier,1.0,1.0,14.0,E,0.5628582380217487,3
17236,b5bb60e6-eae6-3176-b2e9-e266972dd4b6,4.874034482758621,0.4827586206896552,29.0,8481,private_ip,outlier,outlier,1.0,1.0,14.0,E,0.5628582380217487,3
17235,b5bb60e6-eae6-3176-b2e9-e266972dd4b6,4.874034482758621,0.4827586206896552,29.0,8481,private_ip,outlier,outlier,1.0,1.0,14.0,E,0.5628582380217487,3
32851,3518fc45-36dd-3469-be6f-0f5c87214cb2,988.4355,0.5,4.0,237225,default,outlier,outlier,1.0,1.0,2.0,F,0.5626466268929822,2
2335,06a5d6ed-388d-32ca-b545-b350242a62df,0.2335,0.75,8.0,113,private_ip,outlier,outlier,1.0,1.0,6.0,E,0.5626433375026689,3
20240,4ce4de55-216c-3999-a029-2a93464f307f,1.1549,0.5,10.0,693,private_ip,outlier,outlier,1.0,1.0,5.0,F,0.5625995671310552,3
2438,11f77dd4-a3ef-383a-9d48-29a128931b4d,1.3106818181818185,0.5,44.0,3461,private_ip,outlier,outlier,1.0,1.0,22.0,E,0.5625878579209872,3
7299,b1881e2a-0f34-3a1e-a203-98d80efda59c,5.167228571428572,0.4571428571428571,35.0,10852,private_ip,outlier,outlier,1.0,1.0,16.0,E,0.5624927816016486,3
7297,b1881e2a-0f34-3a1e-a203-98d80efda59c,5.167228571428572,0.4571428571428571,35.0,10852,private_ip,outlier,outlier,1.0,1.0,16.0,E,0.5624927816016486,3
7298,b1881e2a-0f34-3a1e-a203-98d80efda59c,5.167228571428572,0.4571428571428571,35.0,10852,private_ip,outlier,outlier,1.0,1.0,16.0,E,0.5624927816016486,3
7300,b1881e2a-0f34-3a1e-a203-98d80efda59c,5.167228571428572,0.4571428571428571,35.0,10852,private_ip,outlier,outlier,1.0,1.0,16.0,E,0.5624927816016486,3
13336,e86a1d8d-0838-3b90-8361-88966e3acaa2,0.017625,0.5,4.0,5,private_ip,AdsBot-Google;unknown,bot,2.0,1.0,2.0,E,0.562400761760903,3
1281,9d39f1c0-6149-38e0-9c8d-c6b9e3dda014,0.010625,0.5,4.0,3,private_ip,Sogou web spider/4.0;unknown,bot,2.0,1.0,2.0,E,0.562400761760903,3
4953,4f55a4f4-0e70-3cfb-bea7-268b8eef9aac,0.01325,0.5,4.0,4,private_ip,Sogou web spider/4.0;unknown,bot,2.0,1.0,2.0,E,0.562400761760903,3
17257,f33f401c-26c5-3def-a75b-f566a4f07661,0.01175,0.5,4.0,3,private_ip,bingbot/2.0;unknown,bot,2.0,1.0,2.0,E,0.562400761760903,3
17527,136d95cc-fcb0-3384-9001-1565883ab47f,0.01025,0.5,4.0,3,private_ip,Googlebot/2.1;unknown,bot,2.0,1.0,2.0,E,0.562400761760903,3
4724,9825f60d-9992-309c-b777-329008ede570,0.0095,0.5,4.0,3,private_ip,bingbot/2.0;unknown,bot,2.0,1.0,2.0,E,0.562400761760903,3
13807,d507321d-0ed9-302e-9233-2d48a9de1d44,0.01175,0.5,4.0,3,private_ip,Googlebot/2.1;unknown,bot,2.0,1.0,2.0,E,0.562400761760903,3
12317,31cd3090-f019-3581-9a3f-44241548e135,0.019625,0.5,4.0,5,private_ip,Googlebot/2.1;unknown,bot,2.0,1.0,2.0,E,0.562400761760903,3
5179,7c5d2234-d01b-3f49-817a-d91ab185760e,595.90575,0.375,8.0,286035,default,outlier,outlier,1.0,1.0,3.0,E,0.5623820507491349,2
26534,4bce9b5c-b2d7-3d57-9e8e-978767029cad,0.0156046439628482,0.014860681114551,807.5,1513,default,Normal,normal,72.0,2.0,24.0,F,0.5623123349017497,2
16025,89c6d916-5c37-33e9-916f-f2fc34eb79a2,0.4331785137318255,0.0605815831987075,1238.0,32177,default,outlier,outlier,3.0,1.0,75.0,E,0.5622028780970227,3
21603,4fbc7a87-2b6e-31b4-9b3b-a404eb18f895,0.1047358280844757,0.0200074101519081,58.67391304347826,16961,default,Normal,normal,63.0,46.0,54.0,F,0.5621670206534827,3
19455,7e28ff25-f7e0-3f9e-9d00-afad02b0bbec,0.0004691780821917,0.0205479452054794,2.147058823529412,5,default,Normal,normal,70.0,68.0,3.0,F,0.5619126299003007,4
33078,d202b853-c373-3921-9fe2-75ae8a5a8a2f,0.0255,0.5,6.0,10,private_ip,outlier,outlier,2.0,1.0,3.0,F,0.5618472183291007,3
11923,d9f24162-afac-3af3-8163-80df1a36bf7e,5.757242424242424,0.3939393939393939,33.0,11400,private_ip,outlier,outlier,1.0,1.0,13.0,E,0.5617181907532063,3
3894,900a0872-01f7-3f1b-bedc-15b33c1ca89c,1.6165208333333332,0.3333333333333333,24.0,2328,private_ip,outlier,outlier,2.0,1.0,8.0,E,0.5615652029580757,3
9444,a9cfd23b-30bb-34fc-bc55-d6910ae9b311,0.7006893382352941,0.0762867647058823,1088.0,45741,default,outlier,outlier,2.0,1.0,83.0,E,0.5615488367742909,3
16704,72003fa7-251e-3ea5-a60a-585950d7e17c,0.0160428253615127,0.0339265850945495,1798.0,1731,default,outlier,outlier,1.0,1.0,61.0,E,0.5614507141534432,3
11758,1e51dfc8-4354-301a-b827-dc732e3bd0e8,0.79,0.4489795918367347,49.0,2323,private_ip,outlier,outlier,1.0,1.0,22.0,E,0.5613553962789923,3
66,f1641cce-3cb2-3eab-ba35-45e767671b07,1.0083170731707318,0.3170731707317073,41.0,2481,private_ip,outlier,outlier,1.0,1.0,13.0,E,0.5613549343117553,3
16274,6db49f9b-6b63-3840-bd50-b768a3077bd9,3.065523809523809,0.5238095238095238,21.0,3863,private_ip,outlier,outlier,1.0,1.0,11.0,E,0.5613408627477151,3
14944,9c595940-8219-30a1-aa66-6ad621e4211c,1.4671315789473682,0.5,38.0,3346,private_ip,outlier,outlier,1.0,1.0,19.0,E,0.5612528995847907,3
5452,901a406d-e98b-3ebc-85a8-6c0758cb458d,40.4016,0.03,200.0,484820,default,BingPreview/1.0b;bingbot/2.0;unknown,bot,1.0,1.0,6.0,E,0.5611032865344656,2
31455,2d9ed73e-d403-3821-88fc-64ea4b2a7451,0.5844285714285714,0.5714285714285714,7.0,246,private_ip,outlier,outlier,1.0,1.0,4.0,F,0.5609852457264574,3
16750,168e7244-5971-3c07-9713-9a77434ba79a,0.3024285714285714,0.7142857142857143,7.0,128,private_ip,outlier,outlier,1.0,1.0,5.0,E,0.5609518711765106,3
15497,d91e6350-c711-3abd-b2db-e3e797f05b7b,3.1645714285714286,0.5714285714285714,7.0,1330,private_ip,outlier,outlier,1.0,1.0,4.0,E,0.560922748420257,3
2574,a5bddfad-8334-3691-9caa-fddcb3959cb1,0.5325599999999999,0.48,25.0,799,private_ip,outlier,outlier,2.0,1.0,12.0,E,0.5608328939711733,3
33246,dea40274-6119-3e64-bfb6-f09ebce60bc1,0.1388874439461883,0.0176382660687593,77.79069767441861,27875,default,Normal,normal,58.0,43.0,59.0,F,0.5608215043824345,3
31784,500b0bf4-cefc-3a05-a9a4-f5b3572db990,0.0024037162162162,0.0168918918918918,16.21917808219178,171,default,Normal,normal,73.0,73.0,20.0,F,0.560711971351374,2
16992,e2498c02-c30e-3daa-8840-fbda9ec9e512,0.3173186504217432,0.0909090909090909,1067.0,20315,default,outlier,outlier,1.0,1.0,97.0,E,0.5605984820251382,3
3824,eb302fe8-fada-355c-93f9-5952428d70ad,1.0791111111111111,0.6666666666666666,9.0,583,private_ip,outlier,outlier,1.0,1.0,6.0,E,0.5605702512083045,3
10829,e4a59774-f41b-33a9-87d7-504ab6ffa319,1.0931111111111111,0.6666666666666666,9.0,591,private_ip,outlier,outlier,1.0,1.0,6.0,E,0.5605702512083045,3
1294,b4603496-74bd-315f-9443-34404abca1e0,0.2672857142857143,0.7142857142857143,7.0,113,private_ip,outlier,outlier,1.0,1.0,5.0,E,0.5604673686559802,3
19690,7fc78edb-ac07-35f9-93ae-7f5d3f6f8840,0.0026110735989196,0.0081026333558406,22.439393939393938,233,default,Normal,normal,74.0,66.0,12.0,F,0.5604566124050742,3
5085,9b7c5f1d-b1cb-3997-b264-c64bd464ed74,1.05225,0.4,10.0,632,private_ip,outlier,outlier,2.0,1.0,4.0,E,0.5604483022429296,3
661,a4ffcab8-0a5f-3b13-8446-ba387441c293,1.559090909090909,0.5454545454545454,22.0,2058,private_ip,outlier,outlier,1.0,1.0,12.0,E,0.5603548076208005,3
6781,a58924e7-770e-3a20-abb2-cc20090a591b,1.1381666666666668,0.4444444444444444,18.0,1230,private_ip,outlier,outlier,2.0,1.0,8.0,E,0.5602841703437329,3
16168,06eba833-3487-32f6-9b02-11d4d1254796,47.80536269430051,0.1347150259067357,193.0,553587,default,outlier,outlier,1.0,1.0,26.0,E,0.5602208117557361,2
17769,cbd56e76-5074-3368-b819-6cc8c930de5a,1.2300483870967742,0.5161290322580645,31.0,2288,private_ip,outlier,outlier,2.0,1.0,16.0,E,0.5599290547860253,3
30385,e13f066a-626b-374d-a9ac-1e1c380bcc09,0.0018945945945945,0.0126126126126126,8.538461538461538,64,default,Normal,normal,67.0,65.0,7.0,F,0.5594994316887341,3
18320,aa011db5-b3cf-3d16-a0f6-72490014ddb4,0.0032984652665589,0.0355411954765751,22.509090909090908,246,default,Normal,normal,71.0,55.0,44.0,F,0.5594528436303721,2
4571,c849a4ec-98d4-30ec-a0c6-7673b65d00a1,3.5836428571428574,0.5714285714285714,14.0,3011,private_ip,outlier,outlier,1.0,1.0,8.0,E,0.559122387555822,3
33751,8c57daba-0df6-3626-a1d6-f517135a7af5,0.0090928753180661,0.1246819338422391,7.1454545454545455,215,default,Normal,normal,70.0,55.0,49.0,F,0.5591000547109725,2
11646,edfddcb4-ff89-3022-b77d-eb0d9544c5e6,2.244117647058824,0.5294117647058824,17.0,2289,private_ip,outlier,outlier,1.0,1.0,9.0,E,0.5590299370540186,3
10015,0b673858-d57c-32af-af63-2074d442a2c6,0.5945454545454545,0.5757575757575758,33.0,1178,private_ip,outlier,outlier,1.0,1.0,19.0,E,0.5589597428527011,3
15654,8087d8e6-98e1-36f3-a7d4-f1085bac480c,2.554,0.358974358974359,39.0,5977,private_ip,outlier,outlier,1.0,1.0,14.0,E,0.5589593888065821,3
20054,c9fd42a2-03bc-3cef-870b-bbeb2e08cfc2,9.929078014184398e-05,0.0212765957446808,2.073529411764706,1,default,Normal,normal,69.0,68.0,3.0,F,0.5589501024912826,4
2345,2121a373-cf56-3374-9c7d-c8cd899630ec,0.5451111111111111,0.6666666666666666,9.0,295,private_ip,outlier,outlier,1.0,1.0,6.0,E,0.5586411272441223,3
2623,31d487db-d7a1-34bf-b621-8dc6b81d97ba,0.411,0.6666666666666666,6.0,148,private_ip,outlier,outlier,1.0,1.0,4.0,E,0.5586411272441223,3
4021,15bd0464-0626-33a2-8dfb-61f74a90ee23,64.4482890625,0.0625,128.0,494963,default,BingPreview/1.0b;Mobile Safari;bingbot/2.0;unknown,bot,1.0,1.0,8.0,E,0.5586197106926537,2
13880,9d54fd79-cc34-3906-a9da-509c2d14a259,121.33184,0.24,37.5,545994,default,BingPreview/1.0b;Mobile Safari;unknown,bot,2.0,2.0,18.0,E,0.5585429632451244,2
3790,8498c2d1-2d03-3ebb-ba4d-3683174c4db3,0.9023333333333332,0.6666666666666666,6.0,325,private_ip,outlier,outlier,1.0,1.0,4.0,E,0.5584992061424804,3
14484,de0dc01e-85b5-3fb4-9301-ed365290cb3c,0.73064,0.64,25.0,1096,private_ip,outlier,outlier,1.0,1.0,16.0,E,0.5584930424726264,3
2864,f7482e9a-73bc-3c0d-92a8-5acd9b1a5329,2.3470526315789475,0.4736842105263157,19.0,2676,private_ip,outlier,outlier,1.0,1.0,9.0,E,0.5583514207341915,3
1907,f0c49c6b-8fdb-30cf-b8a8-899975e64ce8,0.1937142857142857,0.5714285714285714,7.0,82,private_ip,outlier,outlier,2.0,1.0,4.0,E,0.55832727847509,3
7137,ea07d6fe-f3bd-3b6f-bd4f-5408158eb667,1.6501764705882354,0.5882352941176471,17.0,1684,private_ip,outlier,outlier,1.0,1.0,10.0,E,0.5582084567389027,3
21909,3ff62b4c-a179-3015-a598-ef7946b0ded5,61.7515955882353,0.0588235294117647,136.0,503894,default,outlier,outlier,1.0,1.0,8.0,F,0.5581230745957173,2
27649,58d5dcb1-783b-3b07-8ad8-04f515546efe,67.2275,0.0390625,128.0,516308,default,outlier,outlier,1.0,1.0,5.0,F,0.558085521851092,2
30797,91a89a73-dffd-3f93-8b83-5b3c64149134,0.1285346352247605,0.0198968312453942,59.0,20931,default,Normal,normal,57.0,46.0,54.0,F,0.5579722284011208,3
16640,9b7f2531-9e8d-3240-9434-989a2b1da107,0.7318888888888889,0.6666666666666666,9.0,396,private_ip,outlier,outlier,1.0,1.0,6.0,E,0.5578800346739512,3
18979,7c4cb7c0-dcb0-39c7-9dc9-904239eb0ac3,715.0363333333333,0.3333333333333333,6.0,257414,default,outlier,outlier,1.0,1.0,2.0,F,0.5578442003462981,2
5821,fb900a9c-e3ce-3c7c-8c3c-c9ac868c9a67,0.7389166666666667,0.5833333333333334,36.0,1597,private_ip,outlier,outlier,1.0,1.0,21.0,E,0.5577916802072297,3
12853,28a471f1-48d9-3b52-89a4-243c36b2ee42,1.690093023255814,0.3255813953488372,43.0,4361,private_ip,outlier,outlier,1.0,1.0,14.0,E,0.5577848175556525,3
982,63990c21-99e6-30af-a4ca-61dfced40ab9,3.94475,0.5833333333333334,12.0,2841,private_ip,outlier,outlier,1.0,1.0,7.0,E,0.5577477426244207,3
1020,d48d22fb-4d63-3918-bf59-fd74f59a930f,0.4699984227129337,0.1104100946372239,951.0,26819,default,outlier,outlier,3.0,1.0,105.0,E,0.5576406583862276,4
26980,567ff4cc-d11d-345e-bc39-2ae07deebfdc,397.4431176470588,0.5882352941176471,17.0,405392,default,outlier,outlier,1.0,1.0,10.0,F,0.5576068832660036,2
15388,57afd378-e441-3419-b1c8-06cd9cbff35c,3.8224,0.4,40.0,9174,private_ip,outlier,outlier,1.0,1.0,16.0,E,0.5575576932964658,3
26428,0943b545-79c3-3dc3-bbbb-5ca767827ee6,608.437,1.0,6.0,219038,default,outlier,outlier,1.0,1.0,6.0,F,0.5574662364472347,2
14985,01e3a10e-5986-3418-ad61-084c10aab3d1,3.755215577190543e-05,0.0292072322670375,79.88888888888889,2,default,bingbot/2.0,bot,719.0,9.0,21.0,E,0.5574240265571229,4
6008,0753f832-911e-313a-9929-9c2b9eb8e76f,0.8781666666666667,0.6666666666666666,6.0,317,private_ip,outlier,outlier,1.0,1.0,4.0,E,0.5571904551925787,3
27819,7421bacd-51d6-31d7-93cd-c02a57d97b7d,0.0153174706649282,0.0391134289439374,12.174603174603174,705,default,Normal,normal,106.0,63.0,30.0,F,0.5571623185592672,2
29777,8df30d8b-099d-36dd-84c7-9fe6c7d5d57f,40.758745000000005,0.01,200.0,489105,default,outlier,outlier,1.0,1.0,2.0,F,0.5571007007375691,2
23314,f9bce473-ad56-36d2-972f-2de55d188d0c,0.0384184118673647,0.0125072716695753,156.27272727272728,7925,default,Normal,normal,164.0,22.0,43.0,F,0.5570683966673267,4
2473,963f64e1-1262-3be2-8346-9590ea1790c7,0.6669375,0.5,8.0,321,private_ip,outlier,outlier,2.0,1.0,4.0,E,0.5569317192836681,3
30763,2ba0fdd7-009d-3b61-bbd5-b05dd37ca571,0.1150281806879403,0.0248653128885205,54.84090909090909,16654,default,Normal,normal,61.0,44.0,60.0,F,0.5569201756979667,3
12819,b6baf9ae-1b12-3ffe-9e95-39ead2634f1e,0.2081666666666666,0.6666666666666666,6.0,75,private_ip,outlier,outlier,1.0,1.0,4.0,E,0.5567788989487783,3
12817,b6baf9ae-1b12-3ffe-9e95-39ead2634f1e,0.2081666666666666,0.6666666666666666,6.0,75,private_ip,outlier,outlier,1.0,1.0,4.0,E,0.5567788989487783,3
12816,b6baf9ae-1b12-3ffe-9e95-39ead2634f1e,0.2081666666666666,0.6666666666666666,6.0,75,private_ip,outlier,outlier,1.0,1.0,4.0,E,0.5567788989487783,3
12818,b6baf9ae-1b12-3ffe-9e95-39ead2634f1e,0.2081666666666666,0.6666666666666666,6.0,75,private_ip,outlier,outlier,1.0,1.0,4.0,E,0.5567788989487783,3
1702,c4456a3e-09a5-3f86-961d-7182626968f7,3.94145652173913,0.3478260869565217,46.0,10879,private_ip,outlier,outlier,1.0,1.0,16.0,E,0.5567516330136378,3
21266,5d5330ad-aec3-334c-ba9b-e0b25ac75c89,0.0014206680584551,0.0125260960334029,14.298507462686567,82,default,Normal,normal,67.0,67.0,12.0,F,0.5567028219432913,2
15198,2ff980d3-db9b-3a5f-9e90-2ee54b75578f,3.841,0.5454545454545454,11.0,2536,private_ip,outlier,outlier,1.0,1.0,6.0,E,0.5565554120401729,3
2138,a00f2065-8a97-3422-b38f-64d0fbd0f94a,66.6206015037594,0.1654135338345864,133.0,531633,default,outlier,outlier,1.0,1.0,22.0,E,0.5563459620355106,2
27693,dd6889e3-7e1c-36df-9b0e-abd7c6d6ba97,61.412885714285714,0.0285714285714285,35.0,128968,datacenter,outlier,outlier,1.0,1.0,1.0,F,0.5563365754006584,3
18167,a552dfa6-1387-30d4-8873-5d7860b231e9,62.37216901408451,0.0985915492957746,142.0,531411,default,outlier,outlier,1.0,1.0,14.0,F,0.5563338549457639,2
8318,0d399859-ab99-3f96-aaf8-bdd5fd533f8f,0.235218817204301,0.121505376344086,930.0,13126,default,outlier,outlier,3.0,1.0,113.0,E,0.5563054565693721,4
7320,de2e71b6-453b-3d8d-9bc1-9e376011e1e4,0.159,0.6666666666666666,6.0,58,private_ip,outlier,outlier,1.0,1.0,4.0,E,0.5562958078774441,3
12829,d7cae080-d275-3963-9b92-8a1b496223a7,0.1726666666666666,0.6666666666666666,6.0,63,private_ip,outlier,outlier,1.0,1.0,4.0,E,0.5562958078774441,3
16820,d7ec68ec-d942-3de2-a7d0-d92f0bef7e87,1.931357142857143,0.5714285714285714,28.0,3245,private_ip,outlier,outlier,1.0,1.0,16.0,E,0.5561976591498515,3
29619,5979bf15-81fc-3818-8a6e-a08ef61c4e11,105.27077108433735,0.0240963855421686,83.0,524249,default,outlier,outlier,1.0,1.0,2.0,F,0.5559628064526956,2
21662,f70070a9-afb0-3b59-b083-52c83ba9859f,0.2215619568715802,0.0160926939169617,621.4,41304,default,Normal,normal,29.0,5.0,50.0,F,0.5557701211368836,3
33366,631a3caa-b4a5-34af-b6fa-3d86204c79e7,671.2971428571428,0.2857142857142857,7.0,281945,default,outlier,outlier,1.0,1.0,2.0,F,0.5557106146995255,2
34222,78534c28-51df-39ef-a466-a3c87efa22a0,0.0004255319148936,0.0354609929078014,2.1044776119402986,4,default,Normal,normal,69.0,67.0,5.0,F,0.5556020617277961,4
23453,5eb8724f-53a9-3f58-9da4-d00ff8e84496,0.9365775,0.0158333333333333,600.0,134868,default,Normal,normal,22.0,4.0,38.0,F,0.5555370805529396,3
21498,31d37566-3715-33b4-997a-50900745b032,0.0002269503546099,0.0283687943262411,4.0285714285714285,4,default,Normal,normal,71.0,70.0,8.0,F,0.5554996251887921,3
15989,3c088fe2-7bec-30f9-a2a0-ee2513beca00,3.225222222222222,0.5555555555555556,9.0,1742,private_ip,outlier,outlier,1.0,1.0,5.0,E,0.5552850632940203,3
5455,924d2b17-646f-3011-9eba-0c87d76ecef4,0.2858014705882353,0.1144957983193277,952.0,16325,default,outlier,outlier,2.0,1.0,109.0,E,0.5552781784638683,3
28805,2d744bd9-184b-365b-adcb-5d220d030482,0.0020601659751037,0.0228215767634854,6.885714285714286,60,default,Normal,normal,73.0,70.0,11.0,F,0.5552757457841272,2
11693,7fbc9490-36f3-36dc-82c8-92732e1e38a7,2.790818181818182,0.5454545454545454,11.0,1842,private_ip,outlier,outlier,1.0,1.0,6.0,E,0.5552646866093338,3
7773,d9b37f59-3d24-377e-aefb-0af9d19d060c,1.650815789473684,0.3684210526315789,38.0,3764,private_ip,outlier,outlier,1.0,1.0,14.0,E,0.5552638621540004,3
21738,03936e18-baff-3763-adc7-657897ffe42c,0.0003525179856115,0.0287769784172661,2.044117647058824,3,default,Normal,normal,69.0,68.0,4.0,F,0.5550363577896436,4
10702,d7adcf84-a9c0-343b-9411-86dc4e017ce2,0.6149,0.6,20.0,738,private_ip,outlier,outlier,1.0,1.0,12.0,E,0.5550266776788395,3
8791,03d24612-73fb-3aae-a279-c058a90730dd,0.1812683928571428,0.0010714285714285,2800.0,30454,default,outlier,outlier,2.0,1.0,3.0,E,0.5549226173158651,4
27383,32c3cf28-082e-3592-abe2-b98eab829dbc,0.5684776119402986,0.0086567164179104,670.0,114264,default,Normal,normal,19.0,5.0,29.0,F,0.5548023477550315,3
15294,13f06e53-c270-32c7-9bb0-28784e5a4b3a,2.637689655172414,0.4827586206896552,29.0,4590,private_ip,outlier,outlier,1.0,1.0,14.0,E,0.5548008700921716,3
17757,b05cee09-7b92-3099-aeb3-c0d4def28e80,754.9743333333333,1.0,3.0,135896,default,outlier,outlier,1.0,1.0,3.0,E,0.5547864193696537,2
7913,852eb53b-1994-38d0-b234-541ab2a28b9c,1.205,0.5625,16.0,1157,private_ip,outlier,outlier,1.0,1.0,9.0,E,0.5546588041768845,3
12567,f9a5fad6-0eb2-3350-8cc9-0e8d0698ed5c,3.368,0.5454545454545454,11.0,2223,private_ip,outlier,outlier,1.0,1.0,6.0,E,0.5546243301382185,3
21401,1afd6801-aa4d-39cb-a691-b296cf87b2b3,738.7986666666666,0.5,6.0,265968,default,outlier,outlier,1.0,1.0,3.0,F,0.5545678437435348,2
1347,58fe89fa-0fa5-3f9b-9c64-7bd271e0446a,0.5168529411764706,0.3529411764705882,34.0,1055,private_ip,outlier,outlier,1.0,1.0,12.0,E,0.5544318119397192,3
5416,3c7c68f0-d93d-3f4b-bf21-01aa9d239a9b,1.144904761904762,0.5714285714285714,21.0,1443,private_ip,outlier,outlier,1.0,1.0,12.0,E,0.5544301813335548,3
11671,2e895aa9-3ce1-377e-8763-d80e322fbc4b,2.2007142857142856,0.5714285714285714,7.0,925,private_ip,outlier,outlier,1.0,1.0,4.0,E,0.5543507855268798,3
18289,2fd62090-dbc3-31b6-a11a-9d6e31030ddf,0.0019406986190089,0.0178716490658001,18.102941176470587,144,default,Normal,normal,82.0,68.0,22.0,F,0.5543241358298914,3
17386,91d42150-621f-3c57-b6c6-65e361e161dc,4.023845007451565e-05,0.0432190760059612,74.55555555555556,2,default,bingbot/2.0,bot,671.0,9.0,29.0,E,0.5542345144169972,4
13119,4887754b-65a1-3a17-b53c-5ebf86196830,0.1068571428571428,0.6190476190476191,21.0,135,private_ip,outlier,outlier,1.0,1.0,13.0,E,0.5541553416299676,3
8386,cb778203-0a88-3e89-a9a2-e12dd11e620a,2.94,0.5384615384615384,13.0,2294,private_ip,outlier,outlier,1.0,1.0,7.0,E,0.5540980304910776,3
12944,4a3ec462-43e4-3c1d-a7f0-6fcf9b658954,0.1172222222222222,0.6111111111111112,18.0,127,private_ip,outlier,outlier,1.0,1.0,11.0,E,0.554066401641173,3
16790,7578b90b-2dcf-378c-8d82-8facce81ca73,0.78795,0.6,20.0,946,private_ip,outlier,outlier,1.0,1.0,12.0,E,0.5540618440629013,3
17310,add0e8ac-18ff-3276-b791-90a4e7b80cc2,2.6844375,0.34375,32.0,5155,private_ip,outlier,outlier,1.0,1.0,11.0,E,0.553857777451437,3
31064,bd1a7250-ae56-3045-a768-ac318e547d85,0.1184548332629801,0.0240607851414098,52.644444444444446,16838,default,Normal,normal,56.0,45.0,57.0,F,0.5538458049234478,3
16325,fc7256f9-d33d-314d-b62c-b7b255246f4e,2.3897368421052634,0.4210526315789473,19.0,2725,private_ip,outlier,outlier,1.0,1.0,8.0,E,0.5538007534587248,3
10430,91e28a09-64f0-39fd-96d0-f5a962549511,0.423,0.5555555555555556,18.0,457,private_ip,outlier,outlier,1.0,1.0,10.0,E,0.5535994106084146,3
33303,8ef7e507-e598-3168-b791-45d20086fbbf,54.480714285714285,0.0476190476190476,147.0,480520,default,outlier,outlier,1.0,1.0,7.0,F,0.5535253608846478,2
32810,b3356702-db24-3287-b767-78678a52ab4f,0.0117705479452054,0.0924657534246575,11.23076923076923,413,default,Normal,normal,64.0,52.0,54.0,F,0.5533886567158072,2
10124,5bba2876-1b27-3fd9-a7df-e33815cb55a6,0.4393913043478261,0.5217391304347826,23.0,607,private_ip,outlier,outlier,1.0,1.0,12.0,E,0.5533778477214494,3
33010,f728e9dc-d203-3999-b431-18db535d76a2,0.001935112506541,0.0109890109890109,28.102941176470587,222,default,Normal,normal,74.0,68.0,21.0,F,0.5532798925977314,4
9618,8b9aaaea-1ba8-39eb-8c3d-454b97efc2e1,0.337,0.3636363636363636,11.0,223,private_ip,outlier,outlier,1.0,1.0,4.0,E,0.5532049980631885,3
12457,cd78f7fa-ee98-36dc-91ab-6c09104e6e76,3.6573,0.45,20.0,4389,private_ip,outlier,outlier,1.0,1.0,9.0,E,0.553161988875359,3
34382,76b4a8dd-ba85-3215-9ce4-9b948e615592,0.1227555555555555,0.0153846153846153,81.62790697674419,25853,default,Normal,normal,57.0,43.0,54.0,F,0.5531398042782143,3
25607,f96276fb-6143-34d1-a7e3-b5b0702e218f,62.76312977099237,0.0687022900763358,131.0,493319,default,outlier,outlier,1.0,1.0,9.0,F,0.5530928929434461,2
28010,9f80ffee-53e2-302f-a90f-9daef2abbb0f,118.74645333333332,0.12,75.0,534360,default,outlier,outlier,2.0,1.0,9.0,F,0.5530170182189564,2
16771,4e66296c-9842-3f98-af0c-6d8f0ea66912,683.16075,1.0,4.0,163959,default,outlier,outlier,1.0,1.0,4.0,E,0.5530020722437742,2
8230,184a76a0-ea4a-3f3f-b8b9-b1e1ce83e7c5,1.496081081081081,0.4054054054054054,37.0,3322,private_ip,outlier,outlier,1.0,1.0,15.0,E,0.552970719268481,3
12383,ff23bb01-8596-3fc0-8200-eb8758c5b4e3,1.69768,0.52,25.0,2547,private_ip,outlier,outlier,1.0,1.0,13.0,E,0.552937571320738,3
34038,fc20b0d1-82df-3873-8491-205490890c25,61.51204511278196,0.0451127819548872,133.0,490867,default,outlier,outlier,1.0,1.0,6.0,F,0.5528777831596131,2
8188,6b303275-f528-352c-8caa-74f88ca45f19,2.5875,0.5,8.0,1242,private_ip,outlier,outlier,1.0,1.0,4.0,E,0.55287533963429,3
30461,cb309a85-6feb-30c3-8b95-434320b2e89f,0.0099921671018276,0.1148825065274151,6.963636363636364,230,default,Normal,normal,79.0,55.0,44.0,F,0.5528054385641015,2
299,6ab1a4c0-86fc-36fa-8cf0-9b3e58fb3c7b,122.04442647058823,0.0588235294117647,68.0,497942,default,BingPreview/1.0b;bingbot/2.0;unknown,bot,1.0,1.0,4.0,E,0.5527638552261844,2
17167,f353db90-7854-3cf1-990f-ec2a0f58dac3,0.1956363636363636,0.3636363636363636,11.0,130,private_ip,outlier,outlier,1.0,1.0,4.0,E,0.55272311581359,3
6445,ca9774dd-7b38-30f0-a4a2-5e71b37656c7,0.4330296108291032,0.065989847715736,1182.0,30711,default,outlier,outlier,2.0,1.0,78.0,E,0.5526626274239096,3
9632,a7f5c507-4871-37e8-8250-eab5467d3566,0.0405934405940594,0.0340346534653465,1616.0,3936,default,outlier,outlier,1.0,1.0,55.0,E,0.5526507560316273,3
15662,99fc3a46-ffc8-34af-bdce-e7e4cd0711db,750.73,0.8,5.0,225219,default,outlier,outlier,1.0,1.0,4.0,E,0.5526262442171845,2
12750,0a6fe0d4-4de4-3a11-a5a0-fc90b79205f3,2.888636363636364,0.4545454545454545,11.0,1907,private_ip,outlier,outlier,1.0,1.0,5.0,E,0.5525540085827692,3
12972,9a586375-65cf-3190-b283-e1057329a4df,0.0001383333333333,0.05,900.0,8,default,outlier,outlier,47.0,1.0,45.0,E,0.5525085872963774,3
12973,9a586375-65cf-3190-b283-e1057329a4df,0.0001383333333333,0.05,900.0,8,default,outlier,outlier,47.0,1.0,45.0,E,0.5525085872963774,3
12970,9a586375-65cf-3190-b283-e1057329a4df,0.0001383333333333,0.05,900.0,8,default,outlier,outlier,47.0,1.0,45.0,E,0.5525085872963774,3
12971,9a586375-65cf-3190-b283-e1057329a4df,0.0001383333333333,0.05,900.0,8,default,outlier,outlier,47.0,1.0,45.0,E,0.5525085872963774,3
1495,fcc5c87a-1248-36e7-bd85-f7a360dd7492,1.414111111111111,0.5185185185185185,27.0,2291,private_ip,outlier,outlier,1.0,1.0,14.0,E,0.5524994877234396,3
9884,9848d501-d1bf-35c3-bc77-02e163771cf6,0.71815,0.55,20.0,862,private_ip,outlier,outlier,1.0,1.0,11.0,E,0.5523271378531743,3
34202,4249c06f-52eb-31c5-98cf-9f14fb91aa03,758.4506666666666,1.0,3.0,136522,default,outlier,outlier,1.0,1.0,3.0,F,0.5523071359074115,2
3727,c1334386-6807-3182-b966-203770a5b8c8,3.7331538461538463,0.4615384615384615,13.0,2912,private_ip,outlier,outlier,1.0,1.0,6.0,E,0.5522918075243263,3
19274,25507afe-2a60-3eec-8110-527dc83257eb,4.193548387096775e-05,0.032258064516129,2.3484848484848486,1,default,Normal,normal,68.0,66.0,5.0,F,0.5522479786579508,4
17771,dc49334b-af92-366a-af0f-b5f85856938a,1.2606206896551724,0.5517241379310345,29.0,2194,private_ip,outlier,outlier,1.0,1.0,16.0,E,0.55224114466272,3
20109,545e3c52-849a-3b91-b756-589d2d4556d1,0.0015951882845188,0.0059274755927475,42.1764705882353,275,default,Normal,normal,73.0,68.0,17.0,F,0.5520515953054442,4
11530,bd4e052c-2231-397f-b8ca-3ec4fdc87fba,3.171521739130435,0.3478260869565217,23.0,4377,private_ip,outlier,outlier,1.0,1.0,8.0,E,0.5519999310331594,3
20171,34e1ffae-9efc-32ce-be96-561050110304,0.0054382657869934,0.0070688030160226,31.205882352941178,693,default,Normal,normal,71.0,68.0,15.0,F,0.5518749749670867,3
4579,df31a341-e5a5-3b94-b0f6-7e0148fb498b,0.0002213740458015,0.0839694656488549,2.381818181818182,2,default,BingPreview/1.0b,bot,128.0,55.0,11.0,E,0.5518559178271321,3
14473,cbda51b2-3d52-3be6-9806-7fd60086aace,54.79613725490196,0.2222222222222222,153.0,503029,default,outlier,outlier,1.0,1.0,34.0,E,0.5517955682484786,2
6549,f89d7d14-5aab-3414-8542-044d204ca8bc,94.81220833333332,0.0595238095238095,84.0,477854,default,BingPreview/1.0b;bingbot/2.0;unknown,bot,2.0,1.0,5.0,E,0.5517686257113407,2
8608,239031a5-bd46-3683-af52-8d31a02b0cb8,0.290780487804878,0.3414634146341463,41.0,716,private_ip,outlier,outlier,1.0,1.0,14.0,E,0.5517606543367031,3
2162,0721e091-4c71-3b5d-b1de-fc5db80273ab,0.0001108695652173,0.0510869565217391,920.0,7,default,outlier,outlier,42.0,1.0,47.0,E,0.5516025401839979,3
28861,cedc26f5-ef13-3012-8681-a201c0768af2,0.1838306968790081,0.0243693886276186,54.395348837209305,25799,default,Normal,normal,51.0,43.0,57.0,F,0.5513472168512745,3
26269,3a3b474d-3615-334c-b1ee-4edc8d447375,30.36066355140187,0.0841121495327102,107.0,194916,datacenter,outlier,outlier,1.0,1.0,9.0,F,0.5511477524184705,3
14315,fe5a6b07-b82b-379d-8763-a8ded44bdc70,0.9302666666666668,0.5333333333333333,30.0,1675,private_ip,outlier,outlier,1.0,1.0,16.0,E,0.5510620087480614,3
8595,001b2fdf-d13a-3f9c-9d5d-ab76a96b8565,2.2519310344827588,0.4482758620689655,29.0,3919,private_ip,outlier,outlier,1.0,1.0,13.0,E,0.5510474056751447,3
5040,20dba05f-63bd-3c70-b6dc-225cf59bf4b7,0.1040434988179669,0.0264775413711583,2115.0,13204,default,outlier,outlier,1.0,1.0,56.0,E,0.5508965623409572,3
30476,f08959bf-9b62-3b83-82f0-4b20454247f7,52.89751704545454,0.1306818181818181,88.0,558598,default,Normal,normal,2.0,2.0,23.0,F,0.5507632582739175,2
5070,6869dbeb-ce42-397a-80a1-8b3e0dadd4fa,0.5879655172413794,0.3448275862068966,29.0,1024,private_ip,outlier,outlier,1.0,1.0,10.0,E,0.5504145449889907,3
22562,7fba71a4-150c-3f75-b3a1-18115e560c76,716.4658333333334,0.5,6.0,257928,default,outlier,outlier,1.0,1.0,3.0,F,0.5502626116595332,2
24293,dd4b232e-2f02-36ad-ac71-a95921b31ff6,0.1323553140815719,0.016969336111938,81.92682926829268,26675,default,Normal,normal,52.0,41.0,57.0,F,0.5502163143005825,3
9124,ef056b65-42d0-3f15-959d-0126da850c8c,2.2453000000000003,0.3666666666666666,30.0,4042,private_ip,outlier,outlier,1.0,1.0,11.0,E,0.5501982484938751,3
27077,9e2d9936-b753-32b0-91ff-9c898b33b173,642.5768,1.0,5.0,192774,default,outlier,outlier,1.0,1.0,5.0,F,0.550063575223515,2
17467,66835424-1a4d-3f77-bfe3-c2d7d5644ec9,0.2280244444444444,0.0305555555555555,1800.0,24627,default,outlier,outlier,1.0,1.0,55.0,E,0.5500633903764252,3
25141,563f4192-650e-35cc-b235-cf779b217f55,0.1127629326386304,0.0200967621883141,59.71111111111111,18180,default,Normal,normal,55.0,45.0,54.0,F,0.5496867874932091,3
9785,7366357c-278e-3895-b0e9-2b42b23a0473,0.9727619047619048,0.3809523809523809,42.0,2452,private_ip,outlier,outlier,1.0,1.0,16.0,E,0.5495574522250684,3
14312,f91041c2-9edf-3bf7-95a2-628a7d49ef15,0.08875,0.5,4.0,22,private_ip,Baiduspider/2.0;unknown,bot,1.0,1.0,2.0,E,0.5492735188041228,3
7955,e123985f-e74e-36d1-b4d5-d0ef048af01a,1.3651428571428572,0.5714285714285714,7.0,574,private_ip,outlier,outlier,1.0,1.0,4.0,E,0.5491398710239681,3
3150,f0d9cb74-8561-399f-b637-63ad6f49a43f,1.853125,0.5,8.0,890,private_ip,outlier,outlier,1.0,1.0,4.0,E,0.5488401812825803,3
29888,c4eec83d-1250-38a0-bd6f-31e68d750bc0,0.0943876437629018,0.0117959304040106,1130.3333333333333,19205,default,Normal,normal,18.0,3.0,40.0,F,0.5487718377050397,3
25343,d2bb5a5c-6aeb-3a6c-96bc-b71425386d25,9.558823529411764e-05,0.0220588235294117,2.0923076923076924,1,default,Normal,normal,67.0,65.0,3.0,F,0.54865111202139,4
1238,2a266ac6-bb05-3d4f-9893-0ed2cd43f2e4,4.017714285714286,0.3928571428571428,28.0,6750,private_ip,outlier,outlier,1.0,1.0,11.0,E,0.5486176722251287,3
20862,752fd802-d251-335b-b033-887c435080f6,0.1255542271562766,0.0234842015371477,53.22727272727273,17643,default,Normal,normal,59.0,44.0,55.0,F,0.5485558835794586,3
10385,26feb5db-94bd-360e-8595-56f6c64fd8f6,46.332868020304566,0.1675126903553299,197.0,547655,default,outlier,outlier,1.0,1.0,33.0,E,0.5484841428378839,2
3530,9c029fdc-02e0-3458-9d4e-7cdd5a15ec3e,1.1983199999999998,0.48,25.0,1798,private_ip,outlier,outlier,1.0,1.0,12.0,E,0.5482757925231588,3
11746,03aa57ad-141e-30f6-b1d4-6a26fdfc4352,1.59,0.4166666666666667,12.0,1145,private_ip,outlier,outlier,1.0,1.0,5.0,E,0.5482672586224143,3
11182,dcc95806-e7ad-3f8d-b082-89bc522d0d9e,1.038166666666667,0.5416666666666666,24.0,1495,private_ip,outlier,outlier,1.0,1.0,13.0,E,0.5479951983952619,3
4987,a77c2eb4-367c-33a5-aee6-4779ef5c6115,0.3987233626588465,0.0830889540566959,1023.0,24474,default,outlier,outlier,2.0,1.0,85.0,E,0.5479830340826979,3
9540,c2dd0c54-250b-3eae-bd9d-10daece4b621,1.3753478260869565,0.4782608695652174,23.0,1898,private_ip,outlier,outlier,1.0,1.0,11.0,E,0.547846677091616,3
15005,2c4bf1e7-4c08-3882-a265-f1f4a159ffd7,0.9971176470588236,0.4117647058823529,17.0,1018,private_ip,outlier,outlier,1.0,1.0,7.0,E,0.5477144611071512,3
8709,2638b6e6-6fa3-3798-a5cf-add0f0a72bcc,0.0802608695652173,0.4782608695652174,23.0,111,private_ip,outlier,outlier,1.0,1.0,11.0,E,0.5476053056763559,3
7490,d610f934-cafe-331a-bb29-91da9ad7b35a,1.2314,0.5333333333333333,15.0,1109,private_ip,outlier,outlier,1.0,1.0,8.0,E,0.5475451389272711,3
196,434d2280-6cb7-39e0-a12f-604de08cc7a0,0.4741092077087794,0.1199143468950749,934.0,26570,default,outlier,outlier,2.0,1.0,112.0,E,0.5475283865864397,4
9093,967165ad-c52f-3086-8e30-90940bb1c59d,0.0086,0.6,5.0,3,private_ip,outlier,outlier,1.0,1.0,3.0,E,0.5475034169316328,3
6705,ea8d85a6-6a65-35a4-9a88-432636bd6d36,1.5248333333333333,0.4444444444444444,18.0,1647,private_ip,outlier,outlier,1.0,1.0,8.0,E,0.5474778622233262,3
13822,f8366336-fe5d-3db3-96cb-d899c70292f4,0.1098928571428571,0.4285714285714285,28.0,185,private_ip,outlier,outlier,1.0,1.0,12.0,E,0.5470298487336752,3
15251,97987491-faf8-3feb-804e-3541c3b04b9f,0.2414410555174777,0.04592186429061,1459.0,21136,default,outlier,outlier,2.0,1.0,67.0,E,0.546866482238488,3
27530,f29d30f7-fa5c-32e7-9b9d-3e557f8305dd,0.2843445878848063,0.0119165839126117,2014.0,34361,default,outlier,outlier,9.0,1.0,24.0,F,0.5468388045696762,2
1871,94efd83a-4902-3b60-aced-601426283f82,1.3675,0.5,8.0,657,private_ip,outlier,outlier,1.0,1.0,4.0,E,0.5467626245764525,3
7865,ec9da00d-9dea-3118-a0d3-33ffb2d3a074,1.0764761904761904,0.3809523809523809,21.0,1357,private_ip,outlier,outlier,1.0,1.0,8.0,E,0.5465684698942874,3
7015,86cd1e67-9541-38d4-9ef0-a9178c222ef5,7.904761904761905e-05,0.04,1050.0,5,default,outlier,outlier,28.0,1.0,42.0,E,0.5464116155002361,3
28316,12eb1b18-cf9d-3ffb-b568-11934fd96e31,616.3112857142856,0.7142857142857143,7.0,258851,default,outlier,outlier,1.0,1.0,5.0,F,0.546339821972193,2
1091,845b7e5f-3f3d-3e73-8abc-38ed1fb7dee1,0.8711428571428571,0.4285714285714285,35.0,1830,private_ip,outlier,outlier,1.0,1.0,15.0,E,0.5462874057962525,3
29740,0b835fa1-4da6-3ab4-ba8a-32f03424507c,0.0041117561683599,0.04644412191582,10.765625,170,default,Normal,normal,86.0,64.0,32.0,F,0.5462148390069205,2
3138,cfb7a9d2-c547-394e-b9cf-81c676a65a1d,212.69852777777777,0.3055555555555556,36.0,459429,default,outlier,outlier,1.0,1.0,11.0,E,0.545969106301137,2
3935,190744d1-1161-33d5-a501-8fd512f60ace,1.360125,0.5,8.0,653,private_ip,outlier,outlier,1.0,1.0,4.0,E,0.5458745072353207,3
21734,f65ed830-5645-3a68-8271-69a5eb67fe06,148.36755555555555,0.0634920634920634,63.0,560830,default,outlier,outlier,1.0,1.0,4.0,F,0.545800832495947,2
20696,8ca955dc-a7a4-35b3-b758-3690081e97e9,148.36755555555555,0.0634920634920634,63.0,560830,default,outlier,outlier,1.0,1.0,4.0,F,0.545800832495947,2
20856,6bab80c9-5000-3b5f-abf9-67dc046903b5,311.84122,0.32,12.5,467762,default,Normal,normal,2.0,2.0,8.0,F,0.545754715311093,2
2700,171a65d4-f69e-3c2c-b6f9-d2207abd9de7,1.5726,0.35,20.0,1888,private_ip,outlier,outlier,1.0,1.0,7.0,E,0.5456312974263238,3
20594,59a011f4-689b-3c8f-99a6-ff0ae6175534,73.58674107142856,0.0357142857142857,112.0,494503,default,outlier,outlier,1.0,1.0,4.0,F,0.545611425054773,2
27535,f74745ae-6631-381e-9141-13b263f48494,236.6243333333333,0.6666666666666666,9.0,127778,datacenter,outlier,outlier,1.0,1.0,6.0,F,0.5454527321651313,3
1233,1ff976e5-a260-3649-9c74-42ce5c5eebfc,0.1415,0.5,6.0,51,private_ip,outlier,outlier,1.0,1.0,3.0,E,0.5453510513440295,3
2257,1f845710-8735-3b53-9933-1f8a78b35a0a,0.3740992857142857,0.0007142857142857,1400.0,31425,default,outlier,outlier,1.0,1.0,1.0,E,0.544973039068257,3
14664,bc253bc6-7790-3fbd-9b23-3a36ae167b3d,1.2025714285714286,0.5714285714285714,7.0,506,private_ip,outlier,outlier,1.0,1.0,4.0,E,0.5447928604362101,3
23371,7ecb7dc7-9332-373c-b08c-021988378d4d,0.0187397727272727,0.0886363636363636,7.857142857142857,495,default,Normal,normal,83.0,56.0,39.0,F,0.5442976053440304,2
30001,2d2ad16f-8211-3f37-a4d9-302f2bf590f2,0.00083203125,0.015625,2.0,7,default,Normal,normal,64.0,64.0,2.0,F,0.544184407775935,4
8910,3422d112-b56a-3d9e-b6d0-5c34476f7300,0.3078333333333333,0.5833333333333334,12.0,222,private_ip,outlier,outlier,1.0,1.0,7.0,E,0.5441176690223883,3
16849,422bc816-3c44-3378-943d-0c97d5cacbd4,0.1377147651006711,0.0604026845637583,1192.0,9850,default,outlier,outlier,4.0,1.0,72.0,E,0.5438920417624113,3
16276,742cc86b-5032-3014-9bc5-bb3240d37ece,0.3104285714285714,0.5714285714285714,7.0,131,private_ip,outlier,outlier,1.0,1.0,4.0,E,0.54377123429551,3
4283,7baef533-a1e0-3e15-84af-e5c94b343154,0.4788252536640361,0.133032694475761,887.0,25484,default,outlier,outlier,4.0,1.0,118.0,E,0.5434720031538126,4
30568,190b98dd-6467-3ffe-b4f3-7152c4cc2e2e,0.0787245273109243,0.0055147058823529,60.44444444444444,17987,default,Normal,normal,63.0,63.0,21.0,F,0.5431607636531012,4
13009,ffb8d344-d16f-33db-93e7-526d7b6b7fc7,0.3412222222222222,0.5555555555555556,9.0,185,private_ip,outlier,outlier,1.0,1.0,5.0,E,0.5431194458462567,3
11966,718d63ae-4049-3f28-8ccb-e2a940c88212,1.18736,0.44,25.0,1782,private_ip,outlier,outlier,1.0,1.0,11.0,E,0.5430700524799569,3
18407,ba63e3f5-9cd9-351b-83c5-98ae8e278171,485.2436,0.2,10.0,291147,default,outlier,outlier,1.0,1.0,2.0,F,0.5428528016599288,2
13390,7773cf94-780c-3781-aff2-3f294a98bc3d,43.90629648241206,0.1306532663316583,199.0,524242,default,outlier,outlier,1.0,1.0,26.0,E,0.5427268189600792,2
14307,f1981efb-d388-35b3-93cf-36165d734c30,1.1792727272727273,0.4545454545454545,11.0,779,private_ip,outlier,outlier,1.0,1.0,5.0,E,0.5425562696535449,3
33646,00d239c6-58f0-3eb3-9a24-47338eddefe3,305.70134615384615,0.1923076923076923,26.0,476895,default,outlier,outlier,1.0,1.0,5.0,F,0.5425217304387322,2
9856,58efe59d-98a8-3109-975d-6f7f4ce21d9c,0.2438571428571428,0.5714285714285714,7.0,103,private_ip,outlier,outlier,1.0,1.0,4.0,E,0.5424065985300378,3
4255,2b7444a6-77fd-3910-9a51-dc5d874853b3,0.9481428571428572,0.3928571428571428,28.0,1593,private_ip,outlier,outlier,1.0,1.0,11.0,E,0.5417095499859417,3
24125,e2c91221-8674-33c9-a991-6dc1cb91ee4e,0.0006220472440944,0.0157480314960629,2.015873015873016,5,default,Normal,normal,63.0,63.0,2.0,F,0.5416927196141338,4
15248,91c8be32-16ed-36fc-8963-f384aefa810a,181.26881818181815,0.1590909090909091,44.0,478550,default,BingPreview/1.0b;Mobile Safari;unknown,bot,1.0,1.0,7.0,E,0.5415988891094504,2
27844,b12c8598-9132-35bf-960b-53822397f2f7,0.1861167907921462,0.0189573459715639,77.73684210526316,32988,default,Normal,normal,45.0,38.0,56.0,F,0.5415621070358929,3
13837,11eb9e6c-b899-32b9-b256-69d7861c8bae,1.057375,0.5,8.0,508,private_ip,outlier,outlier,1.0,1.0,4.0,E,0.5415374884090145,3
6280,e267e11f-c814-3f89-96b3-929f211c6006,0.900625,0.5,8.0,433,private_ip,outlier,outlier,1.0,1.0,4.0,E,0.5415374884090145,3
25438,261c56e9-6adc-3103-98a5-39bf4ba837d3,47.942868571428576,0.08,175.0,503401,default,outlier,outlier,2.0,1.0,14.0,F,0.54129401069521,2
24707,e355f7ec-9521-300a-be26-bd2f52d4dd6d,288.2621481481481,0.3703703703703703,27.0,466985,default,outlier,outlier,1.0,1.0,10.0,F,0.5412106419066899,2
33895,3c56669d-6dec-3c1c-9510-c308a90f06a2,649.9015,1.0,4.0,155977,default,outlier,outlier,1.0,1.0,4.0,F,0.5411845286592679,2
23199,d56503c7-e7db-3259-bacf-12782309eabd,1.1871264546159814,0.0104732350659425,515.6,183625,default,Normal,normal,21.0,5.0,27.0,F,0.5408598788510963,3
16524,5272611b-d2b4-3526-a568-0f40704d17ce,0.078266812865497,0.016812865497076,2736.0,12849,default,outlier,outlier,1.0,1.0,46.0,E,0.5407785509916309,4
27947,d9b03161-4f07-3a6e-ab23-717b13f2e529,760.7045,0.25,4.0,182570,default,outlier,outlier,1.0,1.0,1.0,F,0.5404633557295,2
15565,a0c1e0c0-6893-321d-a7a4-21699fd899f9,1.3039166666666668,0.5,12.0,939,private_ip,outlier,outlier,1.0,1.0,6.0,E,0.5402373284211404,3
3164,18cd1b67-a31b-3be2-85ed-7f2f954ac8a9,1.299,0.5,12.0,936,private_ip,outlier,outlier,1.0,1.0,6.0,E,0.5402373284211404,3
26327,e7c21c62-4e17-3b0f-a1bd-526bd88796fe,311.18277500000005,0.1,10.0,373420,default,Normal,normal,2.0,2.0,2.0,F,0.540212094058919,2
33231,ab2093d5-2d8e-3925-93da-3d7f61ede464,680.2065,0.6666666666666666,6.0,244875,default,outlier,outlier,1.0,1.0,4.0,F,0.5401992734757594,2
27749,76854bfe-eb55-33a4-9dd3-4a81e4af8abc,0.0084701670644391,0.0214797136038186,13.966666666666669,426,default,Normal,normal,123.0,60.0,18.0,F,0.5401533722572471,2
22235,5cb98ee0-2922-3915-9b32-a467643e5b8c,0.150227681438664,0.0179833012202954,79.84615384615384,28069,default,Normal,normal,48.0,39.0,56.0,F,0.5400452235005049,3
32138,686271cf-f2c5-352a-bf3d-8d5eafd16bcd,274.4234827586207,0.1379310344827586,29.0,477497,default,outlier,outlier,1.0,1.0,4.0,F,0.5398440536725145,2
12505,4eee0dfe-1abe-35bb-9cd7-79226f5fb307,0.034125,0.5,8.0,17,private_ip,outlier,outlier,1.0,1.0,4.0,E,0.5397330104049122,3
25065,4d27b423-ec7e-333d-8b3a-c65ef0c3daba,1238.1155,0.5,2.0,148574,default,AdsBot-Google;Mobile Safari,bot,1.0,1.0,1.0,F,0.5396058506019047,4
28855,c3b5a5cb-0e02-3434-9379-0e8950575065,85.7283,0.1,100.0,514370,default,outlier,outlier,1.0,1.0,10.0,F,0.5391571737243462,2
26895,4a6697aa-32dd-3b3c-8909-fb9f646d206b,153.7320806451613,0.1612903225806451,62.0,571884,default,outlier,outlier,1.0,1.0,10.0,F,0.5389809727254162,2
5906,f03aa950-5eac-36e2-bc6e-8b68e9316e15,459.26075,1.0,2.0,110223,default,bingbot/2.0;unknown,bot,2.0,2.0,4.0,E,0.5388124712886728,2
4216,ce2257e3-1cf4-321c-80f2-994bc6bf5ee1,0.3462962025316455,0.0624472573839662,1185.0,24622,default,outlier,outlier,1.0,1.0,74.0,E,0.5388055788728152,3
31826,bc3e5442-19f6-38d8-b10d-0ae603ddbfb5,0.1362468901174844,0.0190048375950241,74.2051282051282,23658,default,Normal,normal,52.0,39.0,55.0,F,0.538743756935271,3
1946,7234d6ee-dd3f-3717-a549-40c3c3aab825,0.3800905797101449,0.1014492753623188,966.0,22031,default,outlier,outlier,2.0,1.0,98.0,E,0.5386633993365192,3
22298,1b6bbaf2-df65-3056-8a35-1c7f5109c484,94.3149175257732,0.1443298969072164,97.0,548913,default,outlier,outlier,1.0,1.0,14.0,F,0.5382351024960812,2
711,2a55c4c4-fa91-3940-adc1-1dd159f94bc9,0.0001970509383378,0.064343163538874,746.0,9,default,outlier,outlier,70.0,1.0,48.0,E,0.5382123417553697,3
710,2a55c4c4-fa91-3940-adc1-1dd159f94bc9,0.0001970509383378,0.064343163538874,746.0,9,default,outlier,outlier,70.0,1.0,48.0,E,0.5382123417553697,3
708,2a55c4c4-fa91-3940-adc1-1dd159f94bc9,0.0001970509383378,0.064343163538874,746.0,9,default,outlier,outlier,70.0,1.0,48.0,E,0.5382123417553697,3
709,2a55c4c4-fa91-3940-adc1-1dd159f94bc9,0.0001970509383378,0.064343163538874,746.0,9,default,outlier,outlier,70.0,1.0,48.0,E,0.5382123417553697,3
22990,4611cb07-a2d1-39f7-93f6-1c1118bb8687,0.0089520547945205,0.093607305936073,7.551724137931035,236,default,Normal,normal,65.0,58.0,41.0,F,0.5380504179326261,2
26751,c881da79-78e0-3f63-969c-e365043f120e,221.1922307692308,0.2307692307692307,39.0,517590,default,outlier,outlier,1.0,1.0,9.0,F,0.5379974188441438,2
27815,68990ce7-a34d-3872-b269-7991633ba609,552.7371111111112,0.5555555555555556,9.0,298479,default,outlier,outlier,1.0,1.0,5.0,F,0.537853048641243,2
21325,22baac43-6b62-3ced-8569-171c1a1366c4,0.1007722419928825,0.0818505338078291,11.24,3399,default,Normal,normal,64.0,50.0,46.0,F,0.5376620171269326,2
30637,e83dc4ae-4a74-3d2a-bf22-442a3c98839d,0.1805378207264245,0.0183272242585804,81.10810810810811,32508,default,Normal,normal,44.0,37.0,55.0,F,0.5374246892898321,3
8311,fbd86332-7d28-30db-830f-181ac889dbe2,447.341375,1.0,8.0,214724,default,outlier,outlier,1.0,1.0,8.0,E,0.537385075300792,2
18490,b582fe67-4a2e-3776-bee9-d364031375c1,304.57625,0.7,20.0,365492,default,outlier,outlier,1.0,1.0,14.0,F,0.5369752055464182,2
33727,369e82ba-dd33-3139-87be-a3e269826835,0.1562433846153846,0.0178461538461538,1625.0,15234,default,outlier,outlier,7.0,1.0,29.0,F,0.5368912933154727,2
12655,f1accfa7-7e56-3005-952d-aac2ce317aa6,1.8461911764705885,0.1764705882352941,714.0,79091,default,outlier,outlier,1.0,1.0,126.0,E,0.5366800805317603,4
18693,3c1b8688-a9f7-3c1b-89af-a1d17143f8ef,0.1295136363636363,0.015987460815047,74.18604651162791,24789,default,Normal,normal,54.0,43.0,51.0,F,0.5366345679971298,3
23799,095f08a2-8d16-3af2-8178-676cee2958f9,0.0093806818181818,0.0454545454545454,8.123076923076923,298,default,Normal,normal,88.0,65.0,24.0,F,0.5366203923514056,2
28991,9b1b3506-9d19-39d1-9fe9-22fa12be9f53,737.475,0.25,4.0,176994,default,outlier,outlier,1.0,1.0,1.0,F,0.5362416566079942,2
27147,5dfb64ae-917a-32c0-a17b-fe8aecaf8706,645.93375,1.0,4.0,155025,default,outlier,outlier,1.0,1.0,4.0,F,0.5362101823703216,2
26719,6e0e0521-0890-32d9-98fa-57cb9f556440,645.0755,1.0,4.0,154819,default,outlier,outlier,1.0,1.0,4.0,F,0.5362101823703216,2
27291,1ea765da-f358-36a3-872c-7fef13efdd3a,0.0002490566037735,0.0188679245283018,4.274193548387097,4,default,Normal,normal,64.0,62.0,5.0,F,0.5360391034756371,3
22561,7e9e49c1-ca7a-3f83-881f-e8c8b1d8c94e,38.668875,0.01,200.0,464027,default,outlier,outlier,1.0,1.0,2.0,F,0.5358723414494039,2
28777,e2ac168b-5ad1-342b-8941-ee9a3f5f68c2,191.64178260869565,0.1304347826086956,46.0,528932,default,outlier,outlier,1.0,1.0,6.0,F,0.5351940144297257,2
12514,63e48de1-1fe0-3dd6-8ad1-89221c34ff58,0.3540128571428571,0.0014285714285714,1400.0,29738,default,outlier,outlier,1.0,1.0,2.0,E,0.5351477979235165,3
14201,d9c47543-166c-3dc2-9653-c1b670a9c83c,1.4910123697916668,0.1315104166666666,768.0,68706,default,outlier,outlier,1.0,1.0,101.0,E,0.5348738881147773,3
28521,b8ec5cf1-f519-3c56-a503-31c8e67c37cf,0.0286276391554702,0.0844529750479846,9.648148148148149,895,default,Normal,normal,61.0,54.0,44.0,F,0.53478086259943,2
32377,61cc40c7-2e79-3853-a71b-bc2ecea7014e,0.3251112155388471,0.0122180451127819,798.0,62266,default,Normal,normal,16.0,4.0,39.0,F,0.5346989811777298,3
20079,0b1382da-13ba-340e-bbdf-252d91e8dcca,105.86623863636363,0.1818181818181818,88.0,558974,default,outlier,outlier,1.0,1.0,16.0,F,0.5342717432848586,2
10501,9209a515-1bdb-3cb4-9069-bce3e87df4f2,0.3315317145688801,0.0842418235877106,1009.0,20071,default,outlier,outlier,1.0,1.0,85.0,E,0.5340313874265501,3
26981,5f9fae20-3d4f-35b1-864e-e0c6e0699e8d,0.0044281609195402,0.035919540229885,12.654545454545454,185,default,Normal,normal,115.0,55.0,25.0,F,0.5338505475093399,2
7722,4e931213-e9ce-33e3-8ac5-556a56c327c9,0.56629125,0.0008333333333333,1200.0,40773,default,outlier,outlier,1.0,1.0,1.0,E,0.5337174276460258,3
33190,07c678ab-57f0-3489-bb2d-3cf811e527b7,0.5527588985896575,0.0144392209536601,496.3333333333333,98767,default,Normal,normal,27.0,6.0,43.0,F,0.5336792596489248,3
25562,72473008-28e8-3077-ba94-05e121e876d1,0.0002746478873239,0.0422535211267605,2.1846153846153844,3,default,Normal,normal,68.0,65.0,6.0,F,0.5336385181863502,3
6642,1a211935-1c04-3b29-be82-cca5e64132e2,0.3379252688172043,0.1032258064516129,930.0,18857,default,outlier,outlier,3.0,1.0,96.0,E,0.5334965474945822,3
25885,03ee3803-aea2-3b40-b0d3-51f7f86088e1,0.0023612068965517,0.0137931034482758,9.206349206349206,83,default,Normal,normal,65.0,63.0,8.0,F,0.5331507388907527,2
29127,6febd612-6b25-3464-b029-b6328f44bfc3,703.9263333333333,1.0,3.0,126707,default,outlier,outlier,1.0,1.0,3.0,F,0.5329801874929593,2
8050,f125e7de-cdca-35c9-bfe7-39c0a16ce9c3,0.3301930212014134,0.0715547703180212,1132.0,22427,default,outlier,outlier,1.0,1.0,81.0,E,0.5322791410838726,3
30741,e326801a-bb03-3158-9719-84f5d4c9694e,0.7606967648478995,0.0130371801062288,690.3333333333334,94525,default,Normal,normal,17.0,3.0,27.0,F,0.5319181246254036,2
33340,08c6ac0b-9a45-32dc-acbc-358c740c38e1,0.1351115506329114,0.0161392405063291,75.23809523809524,25618,default,Normal,normal,50.0,42.0,51.0,F,0.5318355036880859,3
31086,f39644f7-f8aa-308b-8ccc-462c1ef9febf,0.0005037593984962,0.0225563909774436,2.078125,5,default,Normal,normal,65.0,64.0,3.0,F,0.5318319823007194,4
19996,16701544-15e6-35c0-8139-872861032fc2,0.0004193548387096,0.0161290322580645,2.0327868852459017,4,default,Normal,normal,61.0,61.0,2.0,F,0.5318247753373564,4
29464,8042e02e-2f65-3f05-aa03-fcf4f971baa9,268.4157142857143,0.3928571428571428,28.0,450939,default,outlier,outlier,1.0,1.0,11.0,F,0.5314969515750625,2
12576,0b3c411e-a7e6-31a0-a36e-91bd75814c91,0.0001163563829787,0.0664893617021276,752.0,6,default,outlier,outlier,49.0,1.0,50.0,E,0.5312466936586342,3
34183,0049aaca-0561-305c-be2e-3e58a5f75354,161.345,0.1666666666666666,6.0,58085,datacenter,outlier,outlier,1.0,1.0,1.0,F,0.5310870323709709,3
18968,6638afa0-19f2-3e15-a395-cb66e184bbac,0.0047093232541396,0.0089992800575953,43.40625,785,default,Normal,normal,69.0,64.0,25.0,F,0.5309236723775139,4
1992,ed8f2943-92c9-370f-81bc-1d200ae713a3,30.156389743589745,0.3282051282051282,195.0,352830,default,outlier,outlier,1.0,1.0,64.0,E,0.5309065595673371,2
20647,045408b2-7ef9-3ffa-818c-385639b5620e,0.0018175092478421,0.0166461159062885,27.03333333333333,177,default,Normal,normal,74.0,60.0,27.0,F,0.5308977147245236,3
6818,05e15d34-8d9a-399c-9e83-cb81e99f8396,4.230118443316413e-05,0.0423011844331641,65.66666666666667,2,default,bingbot/2.0,bot,591.0,9.0,25.0,E,0.5307302940906035,4
18993,b3436cb2-9f1e-305d-94c1-408e18bd7939,0.0023383458646616,0.0105263157894736,21.451612903225808,187,default,Normal,normal,72.0,62.0,14.0,F,0.5307281096422185,2
23795,fe92b97b-368c-32eb-b32a-7469167f752a,0.1310822203672788,0.0225375626043405,55.72093023255814,18845,default,Normal,normal,53.0,43.0,54.0,F,0.5305666251474139,3
20002,244f38bb-fd40-3acb-8d7c-4151a3d0e133,0.0143331626120358,0.0099871959026888,229.7058823529412,3359,default,Normal,normal,177.0,17.0,39.0,F,0.5298532241342236,4
22255,9bcda908-f20e-338c-8991-c5773c78ac22,0.1715286484664644,0.0175261206605999,80.1891891891892,30536,default,Normal,normal,50.0,37.0,52.0,F,0.5297191242057754,3
8266,6a713abc-9515-3228-8a13-8b601d4778f7,609.31925,1.0,4.0,146237,default,outlier,outlier,1.0,1.0,4.0,E,0.5295528775662323,2
26436,3724c007-30db-39c4-a1de-22e3f51e5140,0.1716888888888889,0.0259259259259259,71.47058823529412,25033,default,Normal,normal,40.0,34.0,63.0,F,0.5291944586232948,3
1126,f07dd9ac-82b5-3b11-b242-5a91faa943ce,41.52799,0.14,200.0,498336,default,outlier,outlier,1.0,1.0,28.0,E,0.5291356447213538,2
25550,47c7be0c-dbb5-30d9-b531-413fdbc43ab6,582.9828,1.0,5.0,174895,default,outlier,outlier,1.0,1.0,5.0,F,0.5290669879150549,2
25483,9487e160-e587-3ee5-863a-9073e0db100b,0.0007652173913043,0.0065217391304347,460.0,22,default,Python-requests,bot,216.0,1.0,3.0,F,0.5290094072127983,3
20526,8d64d83d-a213-3460-928f-eeffe55d00af,0.8148136363636365,0.0123376623376623,440.0,150578,default,Normal,normal,28.0,7.0,38.0,F,0.5286535112614646,3
30922,11e51d85-4f4b-3554-87d0-2ce1108e42a9,0.0131989247311827,0.1236559139784946,7.75,295,default,Normal,normal,63.0,48.0,46.0,F,0.5286134240138551,2
20057,cd945fb0-fde1-371b-a43b-75a2181a8b09,0.0100087912087912,0.0241758241758241,7.711864406779661,274,default,Normal,normal,82.0,59.0,11.0,F,0.5284833604594336,2
8896,1498f906-5d28-38d9-85d5-914fdbf187b6,0.0917948124131542,0.0213061602593793,2159.0,11892,default,outlier,outlier,1.0,1.0,46.0,E,0.5284443509010484,2
26284,6d4930f3-17ce-345d-adad-978a5c112617,589.58575,0.375,8.0,283002,default,outlier,outlier,1.0,1.0,3.0,F,0.5281879974971619,2
23887,f6f41549-b5ed-3964-83be-4516a0db7b0c,160.5923,0.2,10.0,96356,datacenter,outlier,outlier,1.0,1.0,2.0,F,0.5276661006987814,3
11651,f7851932-f84f-370b-8c49-a69364c91fe0,0.1163659554730983,0.021799628942486,2156.0,15054,default,outlier,outlier,1.0,1.0,47.0,E,0.5274815661055492,2
26278,585bf7ba-5a75-348e-9f9d-9ccc6f36e844,0.749877694470478,0.0234301780693533,1067.0,48008,default,outlier,outlier,6.0,1.0,25.0,F,0.527344282793583,2
18394,a43bc99b-c786-3a25-b96c-e57dac32b756,441.1091428571429,0.5,14.0,370532,default,outlier,outlier,1.0,1.0,7.0,F,0.5271130360887585,2
28213,cbd76656-7d0f-3810-ab12-bf5bbfb04590,0.0019668649107901,0.0144435004248088,18.682539682539684,139,default,Normal,normal,72.0,63.0,17.0,F,0.5270245610153638,2
20576,2859e78b-7103-392e-af39-5a67256cad5b,0.0004541666666666,0.0166666666666666,2.0,4,default,Normal,normal,60.0,60.0,2.0,F,0.5270161705607427,4
20722,e71e7c01-b0ad-3170-b6fd-aff85dcead98,4.724409448818898e-05,0.0314960629921259,2.048387096774193,1,default,Normal,normal,62.0,62.0,4.0,F,0.5269477683940366,4
19633,c3ba3f4b-b41e-3cb5-8f5f-885d2e7dd39f,90.25821978021978,0.0439560439560439,91.0,492810,default,outlier,outlier,1.0,1.0,4.0,F,0.5269294796363372,2
32313,a5bbca6f-ce5f-31ae-bc72-0cf0524c966b,0.0026772277227722,0.0297029702970297,7.537313432835821,82,default,Normal,normal,70.0,67.0,15.0,F,0.5268802199420012,2
27323,7474d46f-cca8-3cf1-93c1-c5031baeb76f,0.0027406277244986,0.009590235396687,19.77586206896552,189,default,Normal,normal,65.0,58.0,11.0,F,0.5263200468261312,2
5635,b69522c8-96e9-3587-b1fb-42aecd89d012,0.3678436893203883,0.0699029126213592,1030.0,22733,default,outlier,outlier,3.0,1.0,72.0,E,0.5258653606109084,3
6381,1de14933-01ee-339d-842c-ffc784b52aec,1086.542,0.5,2.0,130386,default,BingPreview/1.0b;unknown,bot,1.0,1.0,1.0,E,0.525760852849409,2
16100,632bbacf-9412-33ea-ac64-df2cc7b330be,0.3996924939467312,0.1501210653753026,826.0,19809,default,outlier,outlier,2.0,1.0,124.0,E,0.5254069721877761,4
33561,f008080b-b14a-3a09-9a76-0485c1900516,0.0024275862068965,0.0068965517241379,9.508196721311476,85,default,Normal,normal,58.0,61.0,4.0,F,0.525376388418223,3
15971,fad88382-abf4-3fc9-8b14-469d8ccef9bc,0.0001215311004784,0.0401913875598086,1045.0,8,default,outlier,outlier,23.0,1.0,42.0,E,0.5252017112861663,3
33864,e797fa8a-3f40-3972-9830-f679b542e886,0.0053993115318416,0.0258175559380378,9.22222222222222,189,default,Normal,normal,102.0,63.0,15.0,F,0.5250610623928316,2
23985,2a0d3a99-cd4e-3b65-b57d-484c5625f67f,0.1636981487829962,0.0181693520740486,74.7948717948718,28651,default,Normal,normal,46.0,39.0,53.0,F,0.525028770084519,3
11904,a355e888-9cb3-33e4-9fc4-e44239a32e13,0.7558842337375965,0.0992282249173098,907.0,41136,default,outlier,outlier,2.0,1.0,90.0,E,0.5246038409229398,3
7947,d2623ca3-2c52-3d1a-b6c0-e292fe2e5396,36.970945,0.025,200.0,443652,default,BingPreview/1.0b;bingbot/2.0;unknown,bot,1.0,1.0,5.0,E,0.5238859484264942,2
19064,99c268a3-13ac-31c5-90b7-615a4c681c3f,0.0002022058823529,0.0367647058823529,2.1587301587301586,2,default,Normal,normal,66.0,63.0,5.0,F,0.5237056143101342,4
19838,482ccff8-5ceb-36d6-8a51-08a747490a98,398.5431785714286,0.4285714285714285,7.0,334777,default,Normal,normal,2.0,2.0,6.0,F,0.5236231729766706,2
2587,c693b025-ddf9-33ac-834b-936ebc4c32d4,12.477853092783503,0.1752577319587628,388.0,290485,default,outlier,outlier,1.0,1.0,68.0,E,0.5234164885501749,3
14893,18daaf9e-ff70-3ad4-8dd5-0eebb8448821,36.204015,0.02,200.0,434449,default,outlier,outlier,1.0,1.0,4.0,E,0.523208361365969,2
17288,68d4b3e6-aaa0-3903-9467-cfc4e3a64677,36.787731578947366,0.2631578947368421,190.0,419381,default,outlier,outlier,1.0,1.0,50.0,E,0.5230845270923338,2
30022,6c3a1614-71fd-3b72-823b-d4fb3d460e56,684.4536666666667,1.0,3.0,123202,default,outlier,outlier,1.0,1.0,3.0,F,0.5225966345918149,2
870,26815568-d139-3996-b1f9-f05f1f8f1a81,225.1011,0.1,30.0,405182,default,BingPreview/1.0b;bingbot/2.0;unknown,bot,1.0,1.0,3.0,E,0.5223042475597786,2
5644,dd5ecbe3-6dc8-3600-9951-1b6479c3bcf1,627.8938333333334,0.6666666666666666,6.0,226042,default,outlier,outlier,1.0,1.0,4.0,E,0.5222565713826073,2
19101,f4b7fc7a-18b6-3d94-a503-921e14e6f24a,0.0024505597014925,0.0205223880597014,8.64516129032258,79,default,Normal,normal,67.0,62.0,11.0,F,0.5218731581948238,2
25957,eaed1adf-ec66-336d-a01f-fc1a1493aa67,4.128955,0.005,200.0,49548,datacenter,outlier,outlier,1.0,1.0,1.0,F,0.5218601329324184,3
13282,2b5354f6-7609-323d-94bf-ae0a43be41a9,670.99275,0.25,4.0,161039,default,outlier,outlier,1.0,1.0,1.0,E,0.5217861283826115,2
24677,8b410479-19c8-310c-b423-6b81efa77b93,681.4966666666667,1.0,3.0,122670,default,outlier,outlier,1.0,1.0,3.0,F,0.5217236501476552,2
30941,40fdef23-b402-31ca-8993-d9944049720f,154.67855555555556,0.074074074074074,54.0,501159,default,outlier,outlier,1.0,1.0,4.0,F,0.5217087751667268,2
12639,bfd0721d-772f-33cd-8d6f-933af98cd79d,0.1374047619047619,0.0253623188405797,1932.0,15928,default,outlier,outlier,1.0,1.0,49.0,E,0.5216644985015355,2
4399,06d3a667-7135-37df-b117-3246ee740986,716.784,0.75,4.0,172029,default,outlier,outlier,1.0,1.0,3.0,E,0.521493347296678,2
16544,a13439a4-d40c-3b22-9f47-3d70e0f4350b,0.2359812002892263,0.0455531453362256,1383.0,19582,default,outlier,outlier,1.0,1.0,63.0,E,0.5214046570148804,3
21182,41141a2b-d2b1-3ebe-845d-338c0d50ae57,0.1826275805119736,0.0243600330305532,67.27777777777777,26540,default,Normal,normal,40.0,36.0,59.0,F,0.5213544809268293,3
6297,0da557aa-03e2-3be2-90fe-0b92b0c9974e,0.3534037656903765,0.0910041841004184,956.0,20272,default,outlier,outlier,1.0,1.0,87.0,E,0.5210387641253864,3
29870,846c12f6-d981-3f91-85ad-d7710d62874e,37.066715,0.02,200.0,444801,default,outlier,outlier,1.0,1.0,4.0,F,0.5208933514623761,2
9965,70c411fa-1dce-33f7-9e13-793dd3ba47bc,664.0491999999999,0.6,5.0,199215,default,outlier,outlier,1.0,1.0,3.0,E,0.5208012468734754,2
20944,87e2e807-582c-303e-83da-f23443d265b1,0.1712961971076593,0.0321371183717193,47.87179487179487,19189,default,Normal,normal,46.0,39.0,60.0,F,0.5202209691683175,3
5893,d7b8550b-d935-3254-ac61-c4252ac47fbb,7.657142857142857e-05,0.0548571428571428,875.0,5,default,outlier,outlier,33.0,1.0,48.0,E,0.5199457016796071,3
3302,1eb27cd8-65e0-3e12-b2bc-f3b1f5df4bf6,0.4410501307759372,0.06102877070619,1147.0,30354,default,outlier,outlier,1.0,1.0,70.0,E,0.5198675469952421,3
10897,a0cccdfb-2204-30c2-9318-e26b6440c5fc,65.02950413223141,0.2644628099173554,121.0,472115,default,outlier,outlier,1.0,1.0,32.0,E,0.5195094554731673,2
19733,0b4cb0df-f5f6-3e28-a938-86b4ab194e24,500.08366666666666,0.2222222222222222,9.0,270046,default,outlier,outlier,1.0,1.0,2.0,F,0.5191354897040892,2
25529,07af047b-e285-3652-a958-e0b23240554e,173.5623,0.025,40.0,416550,default,outlier,outlier,1.0,1.0,1.0,F,0.5190890526880088,2
32273,25f6af1d-967a-32e4-ace2-803b18fb2381,0.0002879999999999,0.024,2.083333333333333,3,default,Normal,normal,61.0,60.0,3.0,F,0.5190121244501114,4
28387,efab75d3-b928-3ac3-8a05-b7d1d2e9b681,0.0003821138211382,0.024390243902439,2.0847457627118646,3,default,Normal,normal,61.0,59.0,3.0,F,0.5190121244501114,4
20988,0acc165b-7db6-37b7-86a7-f841784a8dd8,0.1333421381031614,0.0257903494176372,66.77777777777777,19234,default,Normal,normal,47.0,36.0,62.0,F,0.518956452517781,3
27358,fb95da14-bd52-39d1-823f-647a64bea534,759.71,0.4,5.0,227913,default,outlier,outlier,1.0,1.0,2.0,F,0.5185946827247052,2
27747,73c71793-86fb-30e0-bc40-8be2a1493284,0.0008104838709677,0.0241935483870967,2.066666666666667,7,default,Normal,normal,61.0,60.0,3.0,F,0.5185418074593584,3
33299,82822983-7f6f-3abc-8c3d-44a449747c96,52.619845070422535,0.056338028169014,142.0,448322,default,outlier,outlier,1.0,1.0,8.0,F,0.5184814210221498,2
29260,1704d25e-7105-3562-bb8a-13ced60558f7,675.611,1.0,3.0,121610,default,outlier,outlier,1.0,1.0,3.0,F,0.5184283565326843,2
21119,6ea4449e-f44d-323e-94af-4124cf81740c,458.36155,0.4,5.0,275017,default,Normal,normal,2.0,2.0,4.0,F,0.5183598548485179,2
34191,165d963e-2256-3a5c-a585-e96c36881929,534.4831111111112,0.5555555555555556,9.0,288621,default,outlier,outlier,1.0,1.0,5.0,F,0.5182247775719062,2
30111,7de1ee79-63d4-37d0-98c9-67419ef56234,668.3193333333334,1.0,3.0,120298,default,outlier,outlier,1.0,1.0,3.0,F,0.5179582369932234,2
25527,05d98c21-148d-3210-855e-0741ac1571b5,673.0166666666667,1.0,3.0,121143,default,outlier,outlier,1.0,1.0,3.0,F,0.5179582369932234,2
26919,8e984f4e-cbe6-3f58-9e0e-91e72d68df10,671.735,1.0,3.0,120913,default,outlier,outlier,1.0,1.0,3.0,F,0.5179582369932234,2
10259,e6e9d9d7-fd63-38c8-ba44-dfdbf9cf1b37,648.0605,1.0,2.0,77768,default,bingbot/2.0;unknown,bot,1.0,1.0,2.0,E,0.5176167030153626,2
33123,4e27bcbb-a447-3cdb-b7cc-fd03381549ef,98.69049404761904,0.0476190476190476,42.0,497401,default,Normal,normal,2.0,2.0,4.0,F,0.5172405638514647,2
22460,4f3ab270-8ae4-34cd-ad4c-436f7d5d50e6,0.0224627403846153,0.1081730769230769,8.32,561,default,Normal,normal,59.0,50.0,45.0,F,0.5170683046749066,2
20179,4386a2a5-01ee-3aaa-80c1-32d1c30cc62c,0.014245580991017,0.011011301072153,230.06666666666663,2950,default,Normal,normal,160.0,15.0,38.0,F,0.5167592719017537,4
32251,caa6d4b2-09e4-3662-98f1-a4f0d9ecd9cd,0.235058413926499,0.018568665377176,646.25,36458,default,Normal,normal,21.0,4.0,48.0,F,0.5163314852519018,3
29562,a2e73a9d-5060-3251-a7c6-766fafc01bf9,0.0766008860249698,0.0084575110753121,2483.0,11412,default,outlier,outlier,2.0,1.0,21.0,F,0.5160684607063383,2
23540,2ec9bdf5-9a0b-37b6-9c9c-3de66f907968,0.002847472150814,0.0154241645244215,18.82258064516129,200,default,Normal,normal,66.0,62.0,18.0,F,0.5157379246939632,2
28060,0a3b3f49-8971-30f6-8bcb-b314dd3786b3,0.0038602236421725,0.0135782747603833,20.193548387096776,290,default,Normal,normal,63.0,62.0,17.0,F,0.5156222911583372,2
24165,47d5cd64-1a79-3758-951c-5def74aa73b1,660.086,1.0,3.0,118816,default,outlier,outlier,1.0,1.0,3.0,F,0.5156100233904092,2
25069,5a33faa5-1a21-3696-a91c-7eb1fefc9538,0.1649041700080192,0.0236567762630312,75.57575757575758,24677,default,Normal,normal,41.0,33.0,59.0,F,0.5154858556116954,3
28908,77dde886-9327-34d0-95d9-096fa79a6c60,141.42939655172415,0.0689655172413793,58.0,492175,default,outlier,outlier,1.0,1.0,4.0,F,0.5154597401296306,2
14175,707a71d4-87ca-3873-a575-3959d5e8200e,1.419579651941098,0.1151271753681392,747.0,63626,default,outlier,outlier,2.0,1.0,86.0,E,0.515458909640963,3
2201,78e5b63e-9e80-3db2-bce0-722330695c4e,0.3350388471177944,0.1403508771929824,798.0,16042,default,outlier,outlier,2.0,1.0,112.0,E,0.5146423010414047,3
26425,00365c46-bcda-3b7b-8b2c-439fd7e7ddda,0.0037046511627906,0.1209302325581395,9.347826086956522,96,default,Normal,normal,64.0,46.0,52.0,F,0.5145407159951468,2
23908,39706779-7a00-3703-bfda-e492e1445f86,0.0027044854881266,0.0395778364116095,5.830769230769231,62,default,Normal,normal,73.0,65.0,15.0,F,0.5145293056924931,2
26111,8c601433-34ca-30b9-955d-4382b90674e3,0.003265664160401,0.0275689223057644,6.333333333333333,79,default,Normal,normal,67.0,63.0,11.0,F,0.5143454748305426,2
12904,c347380a-4ed2-36a9-b36e-f07142aabff8,0.0001565934065934,0.070054945054945,728.0,7,default,outlier,outlier,45.0,1.0,51.0,E,0.5140431422491729,3
13211,61631b38-74cf-3132-8f7e-50f032ee93f7,649.254,1.0,3.0,116866,default,outlier,outlier,1.0,1.0,3.0,E,0.5136463567812402,2
23977,13a3d986-657e-3aa3-9dd8-7dd444c371e6,0.0025035063113604,0.0098176718092566,35.0655737704918,322,default,Normal,normal,63.0,61.0,21.0,F,0.5130734942169566,3
31885,748f144b-a66c-340d-86b7-6620fcd4148f,410.81423076923073,0.6153846153846154,13.0,320436,default,outlier,outlier,1.0,1.0,8.0,F,0.5127690906025106,2
3083,4f3db9fe-49e4-3455-b8c5-a7b50b2808a9,0.6074802395209581,0.104191616766467,835.0,30435,default,outlier,outlier,2.0,1.0,87.0,E,0.5121477186102943,3
18764,10373d2a-f3b4-38b4-abbe-18e9ea940636,579.28375,1.0,4.0,139029,default,outlier,outlier,1.0,1.0,4.0,F,0.5121395226040028,2
31912,dbd213fb-5a3e-3006-beb2-9d89da636b03,648.5396666666667,1.0,3.0,116738,default,outlier,outlier,1.0,1.0,3.0,F,0.5121292228861416,2
32045,38dd847a-2e29-3336-b35f-5480592394ae,17.787313750000003,0.01,200.0,426896,default,Normal,normal,2.0,2.0,4.0,F,0.5121214967708896,2
131,8d1ce83b-c9cc-3a80-8ca8-eb222780d5fc,0.3539963547995139,0.1300121506682867,823.0,17481,default,outlier,outlier,1.0,1.0,107.0,E,0.5118177477594903,3
13214,6e143904-983c-3c06-a6ca-3615aa25c313,632.0626666666666,1.0,3.0,113772,default,outlier,outlier,1.0,1.0,3.0,E,0.5117732989712872,2
21114,61a9a18f-0c95-3c22-bf3f-3afc7070407b,0.0036463046757164,0.0135746606334841,22.86206896551724,291,default,Normal,normal,66.0,58.0,18.0,F,0.5117507725674972,2
28563,2e669ea0-9199-3ccf-b7ea-556e08c91c54,0.0004325396825396,0.0317460317460317,2.135593220338983,4,default,Normal,normal,60.0,59.0,4.0,F,0.5114883334483392,3
19160,b0167ccb-1164-37fa-a087-4e8976155427,650.1221999999999,0.8,5.0,195037,default,outlier,outlier,1.0,1.0,4.0,F,0.5113694444503083,2
18983,9e08ecdd-b5af-3afc-b5b1-6c69ba9e472e,4.08032,0.01,200.0,48964,datacenter,outlier,outlier,1.0,1.0,2.0,F,0.511115599331327,3
21296,d26167b4-a1ba-3b24-a525-b1f0a8ab84de,1.1619724941724945,0.0121212121212121,536.25,149546,default,Normal,normal,17.0,4.0,26.0,F,0.5103283662096361,2
16194,6c390aa2-033d-3bb9-a85b-fd79771cdf6a,0.0922596517789553,0.0022710068130204,1321.0,7313,default,outlier,outlier,1.0,1.0,3.0,E,0.5103116272105581,2
19488,d9f87eb1-5245-3bb6-a50a-81863657da02,629.9023333333333,1.0,3.0,113383,default,outlier,outlier,1.0,1.0,3.0,F,0.5102582166318842,2
18626,762f2af9-0ec5-380b-8f20-d16e3d67915e,0.0044720496894409,0.0538302277432712,8.186440677966102,130,default,Normal,normal,78.0,59.0,26.0,F,0.5099206246299792,2
22932,a8881b4a-2a34-3fde-92a6-23059e19a988,0.001826714801444,0.01985559566787,9.551724137931034,61,default,Normal,normal,62.0,58.0,11.0,F,0.5095734874441917,2
23682,a95a2dc9-24c3-31e7-baf8-9e1670bc4280,39.46152307692308,0.0564102564102564,195.0,461700,default,outlier,outlier,1.0,1.0,11.0,F,0.5092825367058158,2
32436,23ceeee3-c7db-3d65-bec9-3c386638e84f,0.0036893408134642,0.0147265077138849,24.58620689655172,316,default,Normal,normal,69.0,58.0,21.0,F,0.5092420918688308,2
31937,0aa4bd58-e9b2-39d2-8054-72e58c5c54f8,220.10685714285717,0.0476190476190476,7.0,277335,default,AdsBot-Google;Mobile Safari,bot,3.0,3.0,1.0,F,0.5092054833589793,2
30980,b1ab5c53-5403-3672-be41-58d3772fc2aa,0.1080494966442953,0.0755033557046979,13.244444444444444,3864,default,Normal,normal,56.0,45.0,45.0,F,0.5086297997007687,2
27671,99a95664-bff5-3459-a8d5-933fee1c51e3,113.60142105263158,0.5789473684210527,19.0,129506,datacenter,outlier,outlier,1.0,1.0,11.0,F,0.5084373730859066,3
31001,ec0a1b82-afb2-3443-bb3c-d025f79f6685,0.1241586368977673,0.0528789659224441,19.34090909090909,6340,default,Normal,normal,59.0,44.0,45.0,F,0.508376400550851,2
21126,816c8e75-3451-34a4-836a-56f69282b6df,0.0005172413793103,0.0172413793103448,2.0350877192982457,4,default,Normal,normal,57.0,57.0,2.0,F,0.507857469679516,4
27305,45399a22-38ae-389a-8a3f-6e472ea0880b,0.0004210526315789,0.0175438596491228,2.0,3,default,Normal,normal,57.0,57.0,2.0,F,0.507857469679516,4
28759,ba0c5a70-af8a-314b-a545-e7afe9842d0b,0.1225288981288981,0.0228690228690228,66.80555555555556,17681,default,Normal,normal,48.0,36.0,55.0,F,0.5073801412291229,3
21815,10aa0e74-9c1b-33ed-bbc0-31ed5e0e30e9,843.143,0.5,2.0,101178,default,AdsBot-Google;Mobile Safari,bot,1.0,1.0,1.0,F,0.507119591110173,2
13712,a5fbad1f-8657-34d8-a6f8-65696af4fe6a,0.7357509999999999,0.001,1000.0,44146,default,outlier,outlier,1.0,1.0,1.0,E,0.5070929837588083,3
32397,b3d33df0-de01-3879-a0f0-fcb63177cd32,0.1525646352723915,0.0240073868882733,55.53846153846154,19828,default,Normal,normal,49.0,39.0,52.0,F,0.5070705889337064,2
19829,3230a4c9-2b40-3562-81a4-faed6333c580,0.0021986858573216,0.0331664580725907,38.04761904761905,211,default,Normal,normal,50.0,42.0,53.0,F,0.5067348856404735,3
15405,96ade05e-2dcb-3d20-b5d2-047a858d4b0e,0.3562505592841163,0.0231170768083519,1341.0,28664,default,outlier,outlier,2.0,1.0,31.0,E,0.5060978640828185,2
33687,99b2871c-106e-3cee-a594-5fc7595ffff0,624.5803333333333,1.0,3.0,112425,default,outlier,outlier,1.0,1.0,3.0,F,0.5059909154234793,2
30956,7133d6eb-5583-32e0-b59f-49191c7a2678,626.0173333333333,1.0,3.0,112684,default,outlier,outlier,1.0,1.0,3.0,F,0.5059909154234793,2
30897,c692abd9-3e5c-3d8f-a1d6-0f67ba1ef4de,626.957,1.0,3.0,112853,default,outlier,outlier,1.0,1.0,3.0,F,0.5059909154234793,2
25762,9b75d209-9943-3233-8d7b-f48d40a70e91,0.0017388535031847,0.0254777070063694,12.661290322580646,82,default,Normal,normal,66.0,62.0,20.0,F,0.5057240730148326,2
31831,cecade3c-4631-3a69-92ea-c91a9203c974,377.25261538461535,0.6923076923076923,13.0,294258,default,outlier,outlier,1.0,1.0,9.0,F,0.5056089812434167,2
29258,0d969d84-26c4-3777-8945-55498fcb0f36,603.4483333333334,1.0,3.0,108621,default,outlier,outlier,1.0,1.0,3.0,F,0.5055250026736385,2
30168,2ed7b27a-c2b2-398f-bc06-733d4fb40ac6,609.2173333333334,1.0,3.0,109660,default,outlier,outlier,1.0,1.0,3.0,F,0.5055250026736385,2
30215,b90301e5-d058-3b66-af71-26f2564a2c0f,246.6403103448276,0.3793103448275862,29.0,429155,default,outlier,outlier,1.0,1.0,11.0,F,0.505337587818213,2
21092,1cf91b27-fbd0-39f6-a852-1dd2d5f9fc70,40.87271173469387,0.0408163265306122,98.0,480664,default,Normal,normal,4.0,2.0,8.0,F,0.5053156594724298,2
21870,d010b69b-0148-35e5-8e8b-34db7ba1c73b,68.57755652173913,0.0347826086956521,57.5,473186,default,Normal,normal,2.0,2.0,4.0,F,0.5051914226011412,2
32967,7ccae9fc-a8e6-3755-8991-f47265c53cab,0.1450638493339458,0.024345429490124,55.82051282051282,18949,default,Normal,normal,46.0,39.0,53.0,F,0.5049101459844872,2
23635,2d59cd9e-0538-3a79-bf92-de136cfd2922,201.11583783783783,0.1081081081081081,37.0,446478,default,outlier,outlier,1.0,1.0,4.0,F,0.504826844145841,2
19180,f57818c1-62ef-3b50-9d2f-9851146c4608,790.45075,0.5,4.0,189709,default,outlier,outlier,1.0,1.0,2.0,F,0.5047815473209395,2
13050,5f803d01-8034-3afc-a886-1754769dbde1,46.66211764705883,0.261437908496732,153.0,428359,default,outlier,outlier,1.0,1.0,40.0,E,0.5046890574146929,2
10420,83efdf85-984e-32f2-9019-2f3c6ae5c1d6,76.16,0.2524271844660194,103.0,470669,default,outlier,outlier,1.0,1.0,26.0,E,0.5045618362256256,2
8759,b620ccf2-ed43-3c91-9f3d-fb4056ad5201,0.666979,0.001,1000.0,40019,default,outlier,outlier,1.0,1.0,1.0,E,0.5045439051913234,3
4582,e1eb6713-987b-3393-8f0b-d59332f978b5,204.42728125,0.125,32.0,392501,default,BingPreview/1.0b;bingbot/2.0;unknown,bot,1.0,1.0,4.0,E,0.5042047952202837,2
19952,8a95781b-f40a-3d16-aa0d-2ec163a0cc95,509.611,0.875,8.0,244614,default,outlier,outlier,1.0,1.0,7.0,F,0.5039976537162915,2
15779,e2e46cbf-7e9a-337b-8452-2c0396551f49,605.4194,0.8,5.0,181626,default,outlier,outlier,1.0,1.0,4.0,E,0.5038916309655644,2
31346,df8cfcd3-8289-3ce5-9535-c12099f78a5e,379.72328571428574,0.2142857142857142,14.0,318968,default,outlier,outlier,1.0,1.0,3.0,F,0.5037429863025251,2
14765,af5e88e1-ee60-3677-b69f-bc6d6a4b2751,0.5995986206896552,0.16,725.0,26083,default,outlier,outlier,2.0,1.0,116.0,E,0.5035216055041948,3
10342,b5392d27-a6a4-3f9a-97e4-d18ecf6a4f66,476.7225555555556,0.5555555555555556,9.0,257431,default,outlier,outlier,1.0,1.0,5.0,E,0.5032742409062614,2
18581,cee663c3-1d58-3ff5-b726-f149250d0298,0.0025125,0.025,6.896551724137931,61,default,Normal,normal,65.0,58.0,10.0,F,0.5031992053342518,2
31011,fe6f91e4-7c70-362c-892f-7bab2c3ab8a1,256.0963103448276,0.3103448275862069,29.0,445608,default,outlier,outlier,1.0,1.0,9.0,F,0.5031812827297268,2
29510,21aed6df-6d15-3698-b600-3e5006417a0e,0.11408,0.01,200.0,1369,datacenter,outlier,outlier,1.0,1.0,2.0,F,0.5027265660272942,3
29034,0e7cc52b-1e3b-33e6-ad1f-4f63a963a41e,586.4046666666666,1.0,3.0,105553,default,outlier,outlier,1.0,1.0,3.0,F,0.5025808139282506,2
26277,58354016-f032-3d5f-8d91-0bb7cccc5265,615.036,1.0,2.0,73805,default,outlier,outlier,2.0,1.0,2.0,F,0.5024043656833849,2
23927,7c125527-9538-325f-91eb-5b47526ab662,0.112779277957147,0.0067508071617258,63.0925925925926,23055,default,Normal,normal,54.0,54.0,23.0,F,0.5022843560204349,2
26748,c0b28dc4-77ff-37f3-b864-2311402f9042,446.0957,0.7,10.0,267658,default,outlier,outlier,1.0,1.0,7.0,F,0.5022696039311403,2
16216,bb3f9766-093e-3106-86bf-2870d9455f4b,526.6982857142857,0.8571428571428571,7.0,221214,default,Googlebot/2.1;Yahoo! Slurp;unknown,bot,1.0,1.0,6.0,E,0.5021458236098161,2
2921,7f99e403-37d4-3bd3-a1a3-76ba9da2b0a4,0.74519875,0.1225,800.0,35770,default,outlier,outlier,2.0,1.0,98.0,E,0.5020230850873577,3
18829,dfa4948d-ac89-341f-9f06-58817ad88383,2.835808510638298,0.0222016651248843,540.5,183931,default,Normal,normal,14.0,2.0,24.0,F,0.5019184976359881,2
6589,8803ed4e-d7d0-374b-8008-c96a95f423c3,35.824015,0.045,200.0,429889,default,BingPreview/1.0b;bingbot/2.0;unknown,bot,1.0,1.0,9.0,E,0.5017729403361282,2
32632,79f848b6-00af-3a95-afcc-1e2fef609128,283.7181875,0.8125,16.0,272370,default,outlier,outlier,1.0,1.0,13.0,F,0.5015935898200917,2
31321,ab543d34-935e-3853-b79a-557853fe5ae2,0.1611007140172867,0.0191657271702367,73.91666666666667,25722,default,Normal,normal,43.0,36.0,51.0,F,0.5015684727375005,3
5804,cf07a97e-51e5-35b8-8825-902c4d90bf41,37.311235,0.065,200.0,447735,default,outlier,outlier,1.0,1.0,13.0,E,0.5015085713425078,2
1625,b5e57418-84ed-3dfa-930d-20685f6acd8c,0.3381471428571428,0.0178571428571428,1400.0,28405,default,outlier,outlier,1.0,1.0,25.0,E,0.501348578220448,2
26346,28db5630-ad8a-38f1-9c48-f11ccb4f1deb,2.302407170294494,0.029449423815621,781.0,107891,default,outlier,outlier,6.0,1.0,23.0,F,0.5012890676246857,2
29146,a64bdf1e-d986-3a79-81e5-2f7a52c1cdb2,0.0448998887652947,0.0137189469781238,245.1818181818182,7266,default,Normal,normal,137.0,11.0,37.0,F,0.5011555458073611,2
33522,62301133-8605-3fb1-8b51-81e1967cefa9,0.0246374538745387,0.0126076260762607,203.25,4808,default,Normal,normal,143.0,16.0,41.0,F,0.5011381429052766,3
28553,11055ffa-474c-31e7-ac51-e6e7fd1b98d3,667.49875,0.75,4.0,160200,default,outlier,outlier,1.0,1.0,3.0,F,0.5010288505494014,2
30831,f91a42e3-b340-3e19-bc03-27ba53a907dc,95.94593023255814,0.1744186046511628,43.0,495081,default,Normal,normal,2.0,2.0,15.0,F,0.5008603471868753,2
9130,f9e8e0fa-81ad-3ad0-83c8-811346522988,112.75327692307692,0.0769230769230769,65.0,439738,default,BingPreview/1.0b;Mobile Safari;bingbot/2.0;unknown,bot,1.0,1.0,5.0,E,0.5008499040390381,2
2151,d3a075cf-62f6-35c8-8623-225999af6de4,0.7277707509881423,0.1198945981554677,759.0,33143,default,outlier,outlier,2.0,1.0,91.0,E,0.5007674023772904,3
32803,9451ea53-bcc6-34fd-9ca4-ec086522d377,0.0308802892340653,0.0171397964649169,34.57407407407408,3460,default,Normal,normal,51.0,54.0,32.0,F,0.5007659345027625,2
4920,f4368b06-f270-3e8f-8952-915d022002b9,0.1824336372847011,0.0678824721377912,987.0,10804,default,outlier,outlier,7.0,1.0,67.0,E,0.50048470467844,3
21376,c00b7f98-ad20-3b42-a430-6d4879fcf318,0.0532433035714285,0.1071428571428571,9.955555555555556,1432,default,Normal,normal,54.0,45.0,48.0,F,0.5003063127841426,2
24112,baa8a743-7c3f-3e5f-85ac-0886672d5d03,0.0019859620148637,0.0132122213047068,21.24561403508772,145,default,Normal,normal,63.0,57.0,16.0,F,0.4998928926997699,2
29860,5a47dbcc-7b43-312f-a3d2-465290c2b0aa,0.6839445350734095,0.0184883088635127,613.0,75467,default,Normal,normal,12.0,3.0,34.0,F,0.499843415093043,2
10486,5d30eaa5-79af-32b8-9eeb-9423101d9e25,60.45443548387097,0.25,124.0,449781,default,outlier,outlier,1.0,1.0,31.0,E,0.49918999862725005,2
2428,f1a78288-4e58-3f52-bbaa-4420173fff35,0.42750346740638,0.1678224687933426,721.0,18494,default,outlier,outlier,2.0,1.0,121.0,E,0.49901199923818834,3
15333,a899e6e0-246a-3fd8-b8ac-edea7194d150,0.5411313725490196,0.0568627450980392,1020.0,33118,default,outlier,outlier,2.0,1.0,58.0,E,0.49897741596608125,3
15893,09391b83-40a6-34e3-bed5-e5ca762af2a4,0.1903348581884721,0.0576395242451967,1093.0,12483,default,outlier,outlier,2.0,1.0,63.0,E,0.4989456897283364,3
7976,39b4a431-c2ac-3d6b-b71a-36157f2689a2,0.7778934850051706,0.0734229576008273,967.0,45134,default,outlier,outlier,2.0,1.0,71.0,E,0.49893597914097926,3
9531,af965093-3086-398d-a2f9-2bc02590e7d5,0.1358835516739446,0.0312954876273653,1374.0,11203,default,outlier,outlier,1.0,1.0,43.0,E,0.49888022704744694,2
30974,9aa6ea09-ec92-39d5-b2b4-cd4878f19b2c,591.7511666666667,0.8333333333333334,6.0,213031,default,outlier,outlier,1.0,1.0,5.0,F,0.4984311803457435,2
20523,7e12fac2-09c6-3325-b4b2-b74be8e3bc3b,665.377,0.75,4.0,159691,default,outlier,outlier,1.0,1.0,3.0,F,0.49831453853296587,2
26443,45103386-52b4-32d4-849e-b469d28eab13,0.0020185783521809,0.0201938610662358,22.107142857142858,150,default,Normal,normal,64.0,56.0,25.0,F,0.49830397089333284,2
13972,9dc9d62a-9e61-3746-8906-57227224a615,0.001912687585266,0.0613915416098226,733.0,85,default,outlier,outlier,42.0,1.0,45.0,E,0.4981231251148477,2
19671,4ee8c752-f9f4-3e4d-b453-5d4c97efd679,1.7753202099737533,0.0367454068241469,762.0,81168,default,outlier,outlier,6.0,1.0,28.0,F,0.497858458829511,2
16332,142d9eb2-5d9b-318f-9a4b-032cc8034a36,0.311278293135436,0.0649350649350649,1078.0,20134,default,outlier,outlier,1.0,1.0,70.0,E,0.49766892546387576,3
598,d8c35306-1d22-3e57-b638-e2562a3e0674,0.612673417721519,0.1139240506329113,790.0,29041,default,outlier,outlier,2.0,1.0,90.0,E,0.49762994121610493,3
26005,67b93f19-82c0-37b2-920e-0f3d47625ff1,0.1489614011601963,0.0227576974564926,58.97368421052632,20030,default,Normal,normal,44.0,38.0,51.0,F,0.4974890619649845,2
26462,7a6435b5-5023-32d5-8028-be2ed76e4520,134.05327659574468,0.0425531914893617,23.5,378031,default,AdsBot-Google;Mobile Safari,bot,5.0,2.0,2.0,F,0.4971702637987495,2
21767,6ecad172-6325-365f-acc6-42e341b8af35,0.5400077709611452,0.0179959100204499,407.5,79220,default,Normal,normal,32.0,6.0,44.0,F,0.4971512122597179,2
23558,734e8532-5d0e-34ca-8f1e-6a5664ec8116,0.005331343283582,0.026865671641791,5.677966101694915,108,default,Normal,normal,60.0,59.0,9.0,F,0.49705744925111883,2
31627,47037df9-33ad-3172-bc23-132f9cce8642,0.0021290216677609,0.0131319763624425,26.719298245614038,195,default,Normal,normal,60.0,57.0,20.0,F,0.49667792730066007,2
29228,9be590d6-fe46-3e11-8d6d-26f4fe60ee89,0.1709256281407035,0.0311557788944723,62.1875,20409,default,Normal,normal,39.0,32.0,62.0,F,0.49665207374498876,3
11550,f7d28bec-faba-392f-9c79-05533fba78cf,0.0024449853943524,0.0370009737098344,1027.0,151,default,outlier,outlier,14.0,1.0,38.0,E,0.49656005023815936,2
5015,fd7241fb-8f03-3775-b60f-837fb1c7e733,0.1421033874382498,0.0134086097388849,1417.0,12082,default,outlier,outlier,1.0,1.0,19.0,E,0.49655347105649783,2
10300,4a76c9c0-c272-347a-aec0-d3afb0559b88,37.578795,0.13,200.0,450946,default,outlier,outlier,1.0,1.0,26.0,E,0.49605342758848026,2
14430,5125c1e6-fd05-37de-99ab-b75f6d584ea3,0.3384769392033542,0.0849056603773584,954.0,19375,default,outlier,outlier,1.0,1.0,81.0,E,0.4960494083407627,3
33813,47628dc0-8819-3883-82d2-a76e0b62a86d,0.162111023206751,0.0284810126582278,52.66666666666666,18442,default,Normal,normal,42.0,36.0,54.0,F,0.4960130854566218,2
33922,a3fbb129-b6c8-347a-9929-9df8b02b9243,79.31403092783505,0.2061855670103092,48.5,461608,default,Normal,normal,2.0,2.0,20.0,F,0.49565910959040804,2
27356,f20ca115-a466-3352-88b1-1188b5e21ce7,0.0009234449760765,0.0047846889952153,15.48148148148148,47,default,Normal,normal,53.0,54.0,4.0,F,0.49548804877365776,3
24300,f6f68d4e-75d3-3f2f-baa1-9b91e5134ccc,0.0004225352112676,0.0211267605633802,2.6296296296296298,4,default,Normal,normal,63.0,54.0,3.0,F,0.4953852289767536,3
19462,94f716b7-9a30-3f50-b2f5-5f4c6007d3a8,52.019851851851854,0.0296296296296296,135.0,421361,default,outlier,outlier,1.0,1.0,4.0,F,0.49537419845288466,2
20852,63e888c7-58c1-3d09-a8af-2ac49faa6911,0.0163931939319393,0.004920049200492,44.345454545454544,2399,default,Normal,normal,55.0,55.0,12.0,F,0.49527347808345223,2
13907,e0f59b2d-ff0e-3185-ae35-be8d86f045f0,0.4840700549450549,0.1236263736263736,728.0,21145,default,outlier,outlier,3.0,1.0,90.0,E,0.495228598077858,3
21635,b709405d-4db4-35f5-a685-14f5118eea8e,0.0852865834133845,0.004803073967339,58.9245283018868,15982,default,Normal,normal,53.0,53.0,15.0,F,0.4951172678130651,2
23005,84fdd540-86cb-3171-a039-5f2f45593581,0.0219474479516454,0.0137676292813969,175.1764705882353,3922,default,Normal,normal,144.0,17.0,41.0,F,0.4950865690623114,3
33624,b322ace3-64e8-300b-aec0-7df655c9749d,0.0634564877540385,0.0052110474205315,1919.0,7307,default,outlier,outlier,1.0,1.0,10.0,F,0.4949980574679136,2
21813,003ac1e6-73ff-3d2a-b3bb-7e41f654821f,0.1290515191545574,0.023778071334214,63.083333333333336,17585,default,Normal,normal,43.0,36.0,54.0,F,0.4947083018275098,2
25503,c7161c7d-1037-3e1d-b4f3-cf3c98c4aa8c,0.0246917475728155,0.029126213592233,11.035714285714286,916,default,Normal,normal,81.0,56.0,18.0,F,0.4947060459534991,2
17593,eef570bb-666b-3e5f-9711-d72697120b82,426.1543333333333,1.0,6.0,153416,default,outlier,outlier,1.0,1.0,6.0,E,0.49456996978871715,2
17363,4864db34-ddc2-38f3-8f28-089d71e5a545,371.36466666666666,0.1666666666666666,12.0,267383,default,outlier,outlier,1.0,1.0,2.0,E,0.49449111981777477,2
5700,9b32e8c9-6048-37ac-bf8a-0226863a851d,29.699149253731346,0.0049751243781094,201.0,358172,default,outlier,outlier,1.0,1.0,1.0,E,0.4944799669602168,3
18676,f87295c3-c569-3375-8190-e1cd3238a331,53.90648175182481,0.0510948905109489,68.5,443112,default,Normal,normal,2.0,2.0,7.0,F,0.4944236443326327,2
10809,ba8e1113-cf76-38b3-a0f8-5c3b77fe1b33,0.4075438741721854,0.0182119205298013,1208.0,29539,default,outlier,outlier,2.0,1.0,22.0,E,0.4943427778983594,2
15679,c6e50d84-bb5e-3a0b-a90e-1b3bba4ac530,0.2844197689345314,0.1296534017971758,779.0,13294,default,outlier,outlier,2.0,1.0,101.0,E,0.494280731639719,3
26299,972e5eaa-012e-305c-be63-cc8efad0b78f,34.225185,0.01,200.0,410703,default,outlier,outlier,1.0,1.0,2.0,F,0.49412968440118915,2
15205,3df0e9e3-cc1f-3c86-8c00-3a27e96fe713,42.647303225806446,0.032258064516129,155.0,396620,default,BingPreview/1.0b;bingbot/2.0;unknown,bot,2.0,1.0,5.0,E,0.494085265036986,2
31039,63105eab-26cf-3fa9-b27c-e648ae5f2f8c,0.0207047318611987,0.01198738170347,211.33333333333331,3939,default,Normal,normal,140.0,15.0,38.0,F,0.49397923321740844,3
34305,999ee0b0-f2db-3ca6-b1e0-cb3277205311,0.0338338658146964,0.1309904153354632,6.26,636,default,Normal,normal,66.0,50.0,41.0,F,0.49387031253907565,2
9581,25c30b4b-7d55-341e-896f-002f2a835e66,199.9532580645161,0.4516129032258064,31.0,371914,default,outlier,outlier,1.0,1.0,14.0,E,0.4937457275312223,2
31846,f1740a43-3f41-33b9-b6ae-180e613a8421,0.0049584415584415,0.0415584415584415,6.209677419354839,115,default,Normal,normal,68.0,62.0,16.0,F,0.49341614919901744,2
30315,fba72daf-5054-35a9-9f7b-e062d896f138,142.64929411764706,0.4117647058823529,17.0,145503,datacenter,outlier,outlier,1.0,1.0,7.0,F,0.49329850856030844,3
32744,d1adc57f-e861-3c06-a219-bd3c2efd3f41,650.0336,0.6,5.0,195011,default,outlier,outlier,1.0,1.0,3.0,F,0.49325561413900065,2
25505,c94fd567-c84a-3e08-9341-5d200927db01,0.003056976744186,0.0217054263565891,22.63157894736842,237,default,Normal,normal,59.0,57.0,28.0,F,0.4931521276440263,2
24729,23f239b0-5d1f-36d6-bd0f-b867ed9b999d,304.4620476190476,0.238095238095238,21.0,383623,default,outlier,outlier,1.0,1.0,5.0,F,0.4931309358500059,2
23364,6e061111-d6ff-3048-97d9-ef411f9b463e,0.0035011086474501,0.0155210643015521,8.053571428571429,95,default,Normal,normal,57.0,56.0,7.0,F,0.49310814912516565,2
33985,6706443d-8210-329b-a914-a4e034e136ab,0.0457866425992779,0.0140794223826714,131.9047619047619,7610,default,Normal,normal,123.0,21.0,39.0,F,0.4930201023312356,2
5682,60954cca-327c-3e0e-924c-095efa3b1d46,0.4829560491493384,0.051039697542533,1058.0,30659,default,outlier,outlier,1.0,1.0,54.0,E,0.4928899172397272,3
2691,f1827376-4001-3468-b9fd-9c091fcc2fb6,44.17782857142858,0.1542857142857142,175.0,463868,default,outlier,outlier,1.0,1.0,27.0,E,0.4928834814324531,2
2659,8799f339-c0da-3a0b-a05f-adf79b3930a8,21.85510761589404,0.1357615894039735,302.0,396015,default,outlier,outlier,1.0,1.0,41.0,E,0.49251190228189234,3
24027,cd10a7d4-979b-3564-8a53-cfc6777d45a8,0.6123832933653077,0.0367705835331734,625.5,45966,default,Normal,normal,14.0,2.0,46.0,F,0.49169134826836747,2
3184,638d35b4-f401-3155-a047-2dfed55a79b9,0.921594744121715,0.1410788381742738,723.0,39979,default,outlier,outlier,1.0,1.0,102.0,E,0.49166142172638017,3
3329,527c5fda-7ac6-3356-ae72-a4886a03548b,0.1864975845410628,0.1038647342995169,828.0,9266,default,outlier,outlier,2.0,1.0,86.0,E,0.49161550052659486,3
14582,e4e8899e-5a07-3142-84f4-cbc591f6be15,0.5207104591836735,0.1237244897959183,784.0,24495,default,outlier,outlier,1.0,1.0,97.0,E,0.49153997791402726,3
9079,6fcfb2f5-b698-3231-8044-8f69e8e0fac6,0.0024057649667405,0.041019955654102,902.0,131,default,outlier,outlier,30.0,1.0,37.0,E,0.4914971790168051,2
12780,526261b1-ed97-398f-bcae-40b91b74a8a7,0.2274910881801125,0.0609756097560975,1066.0,14551,default,outlier,outlier,1.0,1.0,65.0,E,0.4914472062544039,3
30722,949feba9-2ec8-38b2-bc86-5de464296338,0.1645355844155844,0.0264935064935064,52.02702702702703,19004,default,Normal,normal,45.0,37.0,51.0,F,0.4913063192386693,2
4891,b37bc72a-cb96-3f19-9ac0-5229408686af,0.5414260000000001,0.056,1000.0,32486,default,outlier,outlier,1.0,1.0,56.0,E,0.4912133965460425,3
18804,932e8615-c679-3203-88ec-8209422fb2f4,0.0004285714285714,0.0178571428571428,2.074074074074074,3,default,Normal,normal,55.0,54.0,2.0,F,0.4908290025208815,4
22222,22f1fd22-6a59-3ac6-874c-246dd6f121a6,0.0361289418360196,0.0136650315346881,203.8571428571429,6187,default,Normal,normal,123.0,14.0,39.0,F,0.49076112713566744,2
15364,0d012538-6e7c-3351-b477-2e87ad69cdeb,0.4521401401401401,0.068068068068068,999.0,27102,default,outlier,outlier,1.0,1.0,68.0,E,0.4906819445727959,3
22411,8f400797-abb7-3455-8fb1-5f2c51e72fde,0.1337863199547767,0.0310910118711136,52.02941176470589,14201,default,Normal,normal,44.0,34.0,55.0,F,0.49054709347567793,2
27709,0b0e9fd9-a502-38b1-a0a9-3edc031de0e4,0.0054235588972431,0.0325814536340852,6.540983606557377,130,default,Normal,normal,65.0,61.0,13.0,F,0.49051431082905256,2
7622,3690ba1b-be99-38a0-bdfa-3e179dabe723,2.3263541666666665,0.1516666666666666,600.0,83749,default,outlier,outlier,2.0,1.0,91.0,E,0.49050254978506297,3
30833,fdcca1d0-e8f0-366b-ace0-1046d6b15b46,0.0019361904761904,0.0152380952380952,9.375,61,default,Normal,normal,56.0,56.0,8.0,F,0.490429152705782,2
29567,abc8c496-f3d9-3ea1-833b-ac237338807d,575.185,0.8333333333333334,6.0,207067,default,outlier,outlier,1.0,1.0,5.0,F,0.49034630112975575,2
21373,b19b36aa-a4df-3718-9f22-29ca06c0063f,0.000574074074074,0.0185185185185185,2.0,4,default,Normal,normal,54.0,54.0,2.0,F,0.48990758948287383,4
22711,4168f35c-265e-3e34-bc3c-4bef16424d36,0.0881736694677871,0.134453781512605,8.113636363636363,1889,default,Normal,normal,53.0,44.0,48.0,F,0.4898895316651245,2
3637,c3169081-9c45-3704-be75-2f6a4afd8815,135.56915384615385,0.0961538461538461,52.0,422976,default,BingPreview/1.0b;bingbot/2.0;unknown,bot,1.0,1.0,5.0,E,0.48974942152119816,2
25205,2c525a23-db91-3881-89f3-c853507d31a5,0.1145478374836173,0.0049148099606815,58.69230769230769,20976,default,Normal,normal,52.0,52.0,15.0,F,0.48940307838851566,2
21645,d3c4c66b-13ba-3f7c-bcb6-e1924b7a2cba,0.0050713577799801,0.0168483647175421,17.10169491525424,308,default,Normal,normal,57.0,59.0,17.0,F,0.4892941492292576,2
31155,c57c121f-71e5-3b26-8591-bc6c1c012a7c,1.1191313609467457,0.0153846153846153,563.3333333333334,113480,default,Normal,normal,11.0,3.0,26.0,F,0.48906880673024417,2
17423,e6fa9b27-071c-38bc-af8e-0d3f19c6b7e5,653.1795,0.5,4.0,156764,default,outlier,outlier,1.0,1.0,2.0,E,0.4889550712731587,2
28091,7646a36a-595c-37ef-85b2-3c1bd734bc4a,0.1127255474452554,0.0540145985401459,14.270833333333334,4634,default,Normal,normal,57.0,48.0,37.0,F,0.48890699500640505,2
18844,f6c0651c-7c05-3651-ba95-24850703a77b,0.0098177240684793,0.0140986908358509,37.471698113207545,1170,default,Normal,normal,56.0,53.0,28.0,F,0.4888346075593844,2
23569,8660b488-3a8a-369f-8aa2-572eb1e3423b,0.0006967213114754,0.040983606557377,2.1403508771929824,6,default,Normal,normal,58.0,57.0,5.0,F,0.4886608133892834,3
21532,7fde4460-702d-3add-90b8-22cc824fc267,1.739130434782609e-05,0.017391304347826,2.169811320754717,1,default,Normal,normal,54.0,53.0,2.0,F,0.488526638302759,4
3987,aa8f5ab5-6508-3b97-8f5b-a2ac72749a6d,526.2495,1.0,4.0,126300,default,outlier,outlier,1.0,1.0,4.0,E,0.48851034197430265,2
21244,0de8734c-0e6a-3ecb-b4f5-81b653d2df53,351.8659411764706,0.3529411764705882,17.0,358904,default,outlier,outlier,1.0,1.0,6.0,F,0.4884007915835706,2
22373,0c792b77-e12e-35f2-b31a-d01a6960aad3,531.474875,0.25,2.0,127554,default,AdsBot-Google,bot,2.0,2.0,1.0,F,0.4883698236173021,2
16444,71a76234-4841-3de8-8daf-f9f6d5850754,0.4893636363636364,0.0468603561387066,1067.0,31330,default,outlier,outlier,1.0,1.0,50.0,E,0.48833095002804316,2
26576,b5f27d18-a9eb-32a7-b016-26a2d2da826b,228.51691304347827,0.6521739130434783,23.0,315354,default,outlier,outlier,1.0,1.0,15.0,F,0.488325922735224,2
15078,e3b0df6c-28b9-3443-98f7-a49f72659542,0.8663734939759037,0.1355421686746988,664.0,34517,default,outlier,outlier,3.0,1.0,90.0,E,0.48829524505932054,3
17926,ba68f874-4ec1-3436-925c-82b13a18764f,0.0014495114006514,0.0293159609120521,5.385964912280702,27,default,Normal,normal,60.0,57.0,9.0,F,0.4882900834426479,2
29731,ef0ba794-2af6-371c-9d0c-40fe154c1d3d,0.02880547112462,0.1641337386018237,7.833333333333333,569,default,Normal,normal,57.0,42.0,54.0,F,0.4882084232014597,2
31484,6842adc6-eb35-3260-861a-dfa0a994fffb,0.7727571174377224,0.0124555160142348,562.0,104230,default,Normal,normal,16.0,4.0,28.0,F,0.4879115070265306,2
31515,f83d8b28-8dde-3826-9e77-32a9917fbdeb,0.0083357798165137,0.0330275229357798,10.092592592592592,273,default,Normal,normal,85.0,54.0,18.0,F,0.48783222531345316,2
18317,9ae5c1ea-478a-3431-8d98-379f695c6667,562.3756666666666,1.0,3.0,101228,default,outlier,outlier,1.0,1.0,3.0,F,0.48764106848276295,2
33976,3e7a4bb3-56f0-3dd1-9144-1e3480fa4e5d,1.0265372413793104,0.0344827586206896,483.3333333333333,89309,default,Normal,normal,21.0,3.0,50.0,F,0.48728896142005296,2
30544,d6a0c3a2-caa5-3e48-84ec-88347a8cb09a,0.0320337717739068,0.014219694276573,165.47058823529412,5407,default,Normal,normal,129.0,17.0,40.0,F,0.48718735554176407,2
18981,8ad20cf3-710b-3b9c-b7ee-7af5bdea2c06,34.014605,0.01,200.0,408176,default,outlier,outlier,1.0,1.0,2.0,F,0.4870545626532785,2
9536,b6893cb4-eea0-3d8d-aa83-01f11f41ef35,0.0066377036462373,0.0240496508921644,1289.0,514,default,outlier,outlier,1.0,1.0,31.0,E,0.4868473530848081,2
33253,fb97b199-15f4-3270-8767-b67cb042815d,0.0043887147335423,0.0266457680250783,12.037735849056604,168,default,Normal,normal,84.0,53.0,17.0,F,0.4866811141453608,2
22135,ed637165-147a-3ac7-8dfd-ebe3bb0f8edf,517.4155714285714,0.4285714285714285,3.5,217315,default,Normal,normal,2.0,2.0,3.0,F,0.4865189203473054,2
12100,09281f0c-ba6f-3181-ac28-15e4dcb3c82e,0.3635494411006019,0.0455717970765262,1163.0,25369,default,outlier,outlier,1.0,1.0,53.0,E,0.48630320706326646,2
18955,4073637c-a34f-351b-863e-520672b2fc91,199.28956666666667,0.0666666666666666,15.0,358722,default,Normal,normal,2.0,2.0,2.0,F,0.48610410700319695,2
675,dac84702-2c40-39d3-ac12-fbd6d851e3a8,0.4859518413597734,0.0500472143531633,1059.0,30878,default,outlier,outlier,1.0,1.0,53.0,E,0.48597554885476674,2
13075,be9e20ab-0b66-3bcb-b820-81d280181321,0.2393449023861171,0.0166305133767172,1383.0,19861,default,outlier,outlier,1.0,1.0,23.0,E,0.48586592020097785,2
23501,c7cd4bfb-bc70-3eaf-84ad-60d37b7d166c,0.2384713015359741,0.02303961196443,85.3103448275862,35399,default,Normal,normal,34.0,29.0,57.0,F,0.4858034787386747,3
13260,e4756768-e205-32b4-9758-4c0d39f6a137,16.14781451612903,0.1806451612903225,310.0,300350,default,outlier,outlier,1.0,1.0,56.0,E,0.4856259442051596,3
27040,1b5275bf-e9a3-34ac-8ea4-411ba52d7f19,0.0085444177671068,0.0612244897959183,19.83333333333333,428,default,Normal,normal,52.0,42.0,51.0,F,0.4855066612038432,2
32914,0ee94b28-5f73-333f-9a65-d352954437a4,496.111875,0.75,8.0,238134,default,outlier,outlier,1.0,1.0,6.0,F,0.4854482257368844,2
11068,95a2a827-f97c-3e29-b255-b1c1cfb300d2,0.9479766423357664,0.1751824817518248,685.0,38962,default,outlier,outlier,2.0,1.0,120.0,E,0.48542396179495384,3
30923,1901c3ee-d565-32b5-8895-b7f5bb8bc219,45.16725786163522,0.0817610062893081,159.0,430896,default,outlier,outlier,1.0,1.0,13.0,F,0.48539722875957503,2
25322,926d83e9-2c81-3a4d-9512-f272bfd4edc7,328.7573157894737,0.2631578947368421,19.0,374784,default,outlier,outlier,1.0,1.0,5.0,F,0.4850750437080591,2
31402,5a4f73d4-46e0-3a2f-8788-fab9385ef482,0.0447703016241299,0.0765661252900232,7.981481481481482,1158,default,Normal,normal,58.0,54.0,33.0,F,0.48495597153210585,2
17855,de991b4a-e455-3df0-a506-86fd2727ba11,656.3538000000001,0.4,5.0,196907,default,outlier,outlier,1.0,1.0,2.0,F,0.4848672784747811,2
3869,4f5a42c9-31dd-371a-bb01-56b43efda1cb,0.423511263467189,0.0548481880509304,1021.0,25945,default,outlier,outlier,1.0,1.0,56.0,E,0.48456572829908967,3
29110,16519188-d1a8-3f2e-9c34-8380b52c2aa5,0.2744325581395349,0.0860465116279069,9.148936170212766,7081,default,Normal,normal,56.0,47.0,37.0,F,0.48452422249541777,2
7245,1df9a481-e67e-3301-af63-3d1b09d1c700,1.319300963081862,0.1717495987158908,623.0,49316,default,outlier,outlier,3.0,1.0,107.0,E,0.4840886080351049,3
33341,10b11549-6576-3d83-90fd-2caaa917ffa7,327.98453333333333,0.6666666666666666,15.0,295187,default,outlier,outlier,1.0,1.0,10.0,F,0.4839301904305707,2
18267,f1e19850-a05b-31cd-8498-89f9da93628b,1.2544695091720377,0.0123946455131383,504.25,151816,default,Normal,normal,11.0,4.0,25.0,F,0.48353445823655344,2
8164,25a5724a-e29d-3dec-b858-dfb1b701f7b2,0.0009977777777777,0.0555555555555555,40.90909090909091,54,default,Googlebot/2.1,bot,135.0,22.0,50.0,E,0.48323906299427155,4
23193,c6fe28cb-e6db-3b4d-afc4-98681d3613f2,214.4777307692308,0.5769230769230769,26.0,334586,default,outlier,outlier,1.0,1.0,15.0,F,0.4831490206203176,2
16084,308c6c5f-574f-321f-9f14-bf6c7ca52089,74.83202040816327,0.1836734693877551,98.0,440013,default,outlier,outlier,1.0,1.0,18.0,E,0.48303774382123543,2
19875,a0788913-02a0-3cfd-a96a-4e9ac607668a,0.0463554987212276,0.0997442455242966,7.979591836734694,1088,default,Normal,normal,60.0,49.0,39.0,F,0.48282988762501805,2
3942,35460ce8-6075-3ad3-a94f-902bad9097ad,0.40586148955495,0.0481380563124432,1101.0,26812,default,outlier,outlier,1.0,1.0,53.0,E,0.4827389123005819,2
7735,6f781aaf-86b8-348c-84aa-5a841c25e26f,0.9105257787325456,0.0580021482277121,931.0,50862,default,outlier,outlier,3.0,1.0,54.0,E,0.4825418175323694,3
18756,fd1af58c-bfd9-3a0d-ae74-e166cf7b86e1,0.1681780895844576,0.0318402590393955,59.774193548387096,18699,default,Normal,normal,45.0,31.0,59.0,F,0.48246702287122334,2
18743,d858ef1a-e633-3fc6-a98f-237323b67785,0.0020936170212765,0.0234042553191489,8.545454545454545,60,default,Normal,normal,61.0,55.0,11.0,F,0.48220468943632566,2
21583,14b2d0ac-067b-3c03-9270-5b2cc29726b9,0.3519349959116926,0.0196238757154538,489.2,51650,default,Normal,normal,28.0,5.0,48.0,F,0.4821937320109169,3
15491,b7d386af-c95b-39cf-b1eb-30250720288e,64.02107,0.04,100.0,384127,default,BingPreview/1.0b;Mobile Safari;bingbot/2.0;unknown,bot,1.0,1.0,4.0,E,0.48202531643523916,2
3259,82116db1-266f-37ab-9008-ee61746e3f2f,0.7201720901126408,0.1038798498122653,799.0,34526,default,outlier,outlier,1.0,1.0,83.0,E,0.48193344225269735,3
10492,6db691b9-4ae4-3d33-806c-ecafb851d93c,0.0001416549789621,0.0575035063113604,713.0,7,default,outlier,outlier,46.0,1.0,41.0,E,0.48184910294905986,2
22892,37ee402a-ede7-3873-88b1-f0cc2a1139b5,0.0038531249999999,0.0215277777777777,27.692307692307693,333,default,Normal,normal,57.0,52.0,31.0,F,0.4816955584126945,2
26381,806b0fe9-83e5-39df-b22a-ef20a527f2ad,31.23268,0.01,200.0,374793,default,outlier,outlier,1.0,1.0,2.0,F,0.48157451882190305,2
7929,a6a962b4-5420-3f48-9469-c1b06bdf0397,0.8698953804347827,0.1141304347826086,736.0,38415,default,outlier,outlier,2.0,1.0,84.0,E,0.48155641628347956,3
33670,5eab8f16-ad12-36ce-9112-8c8a11e01301,0.041636524822695,0.0833333333333333,13.75609756097561,1409,default,Normal,normal,53.0,41.0,47.0,F,0.4813204791279436,2
20329,52c9986d-28d0-34f3-97d8-5ab7dc0b100e,0.0050258481421647,0.08562197092084,16.72972972972973,187,default,Normal,normal,55.0,37.0,53.0,F,0.48112232413985917,2
27460,2545c31b-5de0-3614-b5e3-b7630479ce0e,157.96554166666667,0.1875,48.0,454941,default,outlier,outlier,1.0,1.0,9.0,F,0.48099809755718415,2
24678,8c712e84-0158-3210-b2b0-e35ed636b2f2,0.0028117283950617,0.0169753086419753,11.571428571428571,110,default,Normal,normal,56.0,56.0,11.0,F,0.4808013146216369,2
27724,2b880fc4-297e-3e83-a7cb-4247354599e8,0.1596944301186178,0.0319752449716348,62.54838709677419,18579,default,Normal,normal,40.0,31.0,62.0,F,0.48075434856758653,3
2650,77495843-0252-33de-90ea-f08b56ad3c6c,526.054,1.0,3.0,94690,default,outlier,outlier,1.0,1.0,3.0,E,0.4807345345283282,2
17439,1722a715-40a9-3875-b2d0-d07b93875415,0.8433565517241379,0.1241379310344827,725.0,36687,default,outlier,outlier,1.0,1.0,90.0,E,0.4805694742308112,3
17878,3814aa3b-ab37-3efc-a3c9-06ac655829b8,563.5028000000001,0.8,5.0,169051,default,outlier,outlier,1.0,1.0,4.0,F,0.48012071987496174,2
28383,e05f33b9-c784-37f6-bd58-3f4044f9eff2,0.0024799090219863,0.0166793025018953,24.425925925925927,197,default,Normal,normal,63.0,54.0,22.0,F,0.479390587385927,2
29679,289bd5a6-b2f6-3075-896b-6d8969797b76,0.1497565543071161,0.025147137506688,54.97058823529412,16794,default,Normal,normal,48.0,34.0,47.0,F,0.47925620058948,2
30676,2f7515ad-1139-38ce-ac26-9dca52e8119d,0.1729271178419309,0.0241362991008045,66.03125,21924,default,Normal,normal,43.0,32.0,51.0,F,0.47895188131216065,2
20684,68871c6e-908e-32eb-bbcd-597978f42887,0.0412195121951219,0.1019955654101995,11.0,1116,default,Normal,normal,55.0,41.0,46.0,F,0.4789361823796431,2
24694,b457439b-68eb-3ddb-b21d-8f2d8a6174a3,3.090556056056056,0.025025025025025,499.5,185248,default,Normal,normal,9.0,2.0,25.0,F,0.4785481839377916,2
33343,1a5a3f24-9603-3040-a2bd-ddf04d550928,0.4828203530633437,0.0249221183800623,963.0,27898,default,outlier,outlier,8.0,1.0,24.0,F,0.47790655840101115,2
7014,859c1f55-ecd0-3143-ba69-49b127a2b1ea,0.4656217303822937,0.0553319919517102,994.0,27770,default,outlier,outlier,1.0,1.0,55.0,E,0.4773256854185496,3
21859,a8260a73-2796-3985-bed2-4802f05dacc7,384.81392857142856,0.3571428571428571,14.0,323244,default,outlier,outlier,1.0,1.0,5.0,F,0.4772489712054927,2
33039,46ae4a1c-0948-3878-82a2-39c6eacca64c,32.109455000000004,0.02,200.0,385314,default,outlier,outlier,1.0,1.0,4.0,F,0.47716104130433623,2
33413,fab4453f-4535-3cc7-b9f5-26d8ee72a96b,0.4237781217750258,0.0144478844169246,646.0,49277,default,Normal,normal,13.0,3.0,28.0,F,0.4770352654200778,2
18133,5a316011-2571-331b-8c9c-37ca9c936f27,358.01391666666666,0.75,12.0,257771,default,outlier,outlier,1.0,1.0,9.0,F,0.47691765857317914,2
6524,9f3ea70b-c2bb-3268-8f27-2fe6a2d01a78,0.2653531844499586,0.0256410256410256,1209.0,19249,default,outlier,outlier,2.0,1.0,31.0,E,0.4767264755379769,2
14226,0ee55549-923f-32dd-95bb-7f9ac6b06fe5,0.7964657853810264,0.1866251944012441,643.0,30728,default,outlier,outlier,2.0,1.0,120.0,E,0.47649118061598034,3
32600,204807a8-1189-3dc6-8bf5-92a8630081fa,0.0437454825067281,0.0146097654748173,153.0,6827,default,Normal,normal,121.0,17.0,38.0,F,0.4762765616981728,2
6579,64562b6a-7873-3df0-a394-26763b2be5e1,0.3531936799184506,0.0611620795107033,981.0,20789,default,outlier,outlier,3.0,1.0,60.0,E,0.4762230869824039,3
11990,c30ce1a8-3e1f-303f-8a9c-acde4573f8c0,132.84928846153846,0.0961538461538461,52.0,414490,default,BingPreview/1.0b;bingbot/2.0;unknown,bot,1.0,1.0,5.0,E,0.4761258463016853,2
12412,5114858b-4d42-34d8-b5ee-50c44a2f1086,0.9935464285714286,0.1357142857142857,700.0,41729,default,outlier,outlier,1.0,1.0,95.0,E,0.4761159027495775,3
30778,586bd364-e512-348e-9e6b-236032970436,0.0038678571428571,0.025,10.76923076923077,130,default,Normal,normal,85.0,52.0,14.0,F,0.4761033856718865,2
23031,d1c03619-0efc-358c-9139-4909c2525262,600.521,0.75,4.0,144126,default,outlier,outlier,1.0,1.0,3.0,F,0.4760652752346043,2
7078,3c9ccf9c-12d5-3340-b3a7-4a22b73c9397,302.37523529411766,0.2352941176470588,17.0,308423,default,outlier,outlier,1.0,1.0,4.0,E,0.4759488918282676,2
28114,a9cd1e9e-572e-310e-afa5-3ff5edfa5159,49.40403546099291,0.1276595744680851,141.0,417959,default,outlier,outlier,1.0,1.0,18.0,F,0.47590954253496975,2
27157,7ea72596-4bec-3b62-94d1-84e8580f732c,0.1628167088607595,0.0283544303797468,63.70967741935484,19294,default,Normal,normal,42.0,31.0,56.0,F,0.4758696933092328,2
30472,e17002d5-754c-3abd-adff-7494489952ea,0.0030530303030303,0.0176767676767676,7.471698113207547,73,default,Normal,normal,52.0,53.0,7.0,F,0.4758045704142666,2
30677,324b262b-9e66-3bdd-98e4-76a0d7291cbf,533.60025,1.0,4.0,128065,default,outlier,outlier,1.0,1.0,4.0,F,0.47579560963467343,2
13038,3bb93cdd-8daf-3bad-9171-bcce140d4b94,0.6204226375908619,0.0706126687435098,963.0,35849,default,outlier,outlier,1.0,1.0,68.0,E,0.47566032839796574,3
28916,90c5962a-c1b7-3a45-a764-c558039a05a5,0.011480970766685,0.0137892995035852,33.57407407407408,1249,default,Normal,normal,49.0,54.0,25.0,F,0.47563544905383065,2
29549,8823e04b-425b-303a-aaa5-1d2e50cbc262,0.00354296875,0.0234375,9.142857142857142,109,default,Normal,normal,58.0,56.0,12.0,F,0.47559583900902064,2
31478,5c0a993e-33a7-37d5-a104-a59ff9f376a6,0.0068895506226312,0.0043313481321061,35.51923076923077,764,default,Normal,normal,45.0,52.0,8.0,F,0.4755561302412961,2
2314,d1f0523d-c52b-3a12-8b1e-43c50125645c,0.1673010638297872,0.0744680851063829,940.0,9436,default,outlier,outlier,3.0,1.0,70.0,E,0.47504814273583756,3
8158,095ad436-71cd-3b7a-82b2-6c42435a3ce3,494.37666666666667,1.0,3.0,88988,default,outlier,outlier,1.0,1.0,3.0,E,0.47499507455435386,2
21306,f42a182b-fb22-3d12-af19-3b1b0f66791d,0.0122865296803652,0.0125570776255707,32.44444444444444,1292,default,Normal,normal,54.0,54.0,22.0,F,0.4747480123130518,2
28752,a24ef028-3ed9-3d5d-8941-ba738d083a77,468.226625,0.75,8.0,224749,default,outlier,outlier,1.0,1.0,6.0,F,0.4745738629243564,2
28980,722bbc3f-62c0-382b-add1-7d5d55469b2e,437.8640625,0.25,4.0,210175,default,Normal,normal,2.0,2.0,2.0,F,0.4743762645501246,2
29926,4f15e130-facd-3087-bc98-b44872d3f88b,0.0408652037617554,0.0940438871473354,5.8,783,default,Normal,normal,59.0,55.0,30.0,F,0.4742576775284777,2
16200,9174228d-f8cf-308e-977d-bfc3f0301c12,0.4511554404145078,0.0694300518134715,965.0,26122,default,outlier,outlier,1.0,1.0,67.0,E,0.4741119601751239,3
6165,80b0fc27-8a33-3b8a-8384-0e0fb46cd152,0.635038873994638,0.113941018766756,746.0,28425,default,outlier,outlier,1.0,1.0,85.0,E,0.4737314791985541,3
19265,0d9bbf66-fc0d-3223-842a-beefc938d051,0.0065827900912646,0.044328552803129,15.653061224489797,303,default,Normal,normal,65.0,49.0,34.0,F,0.4735067261617826,2
26330,f368832a-7b58-35c6-b481-25296f09c6a8,0.2206153986166727,0.0149253731343283,549.4,36362,default,Normal,normal,26.0,5.0,41.0,F,0.4734080863613829,2
3665,091377da-c619-3670-97ea-6fde4d1f7384,33.096375,0.205,200.0,397157,default,outlier,outlier,1.0,1.0,41.0,E,0.4733693919683843,2
8539,5a0b19f8-56fd-364e-b3f8-8545fb47a28d,10.855368421052631,0.0350877192982456,19.0,111377,default,BingPreview/1.0b;bingbot/2.0,bot,82.0,9.0,6.0,E,0.4732945969293735,1
32042,3127f6a6-33da-3a7a-ba49-a9acc4f961b0,509.9084,0.6,2.5,152973,default,Normal,normal,2.0,2.0,3.0,F,0.47321104660502333,2
34330,e4256f5f-9188-3ba2-b5cc-143059ab38bd,120.9580508474576,0.2203389830508474,59.0,428192,default,outlier,outlier,1.0,1.0,13.0,F,0.4731967149358443,2
29883,bb201cfa-7c86-3375-8b3e-7f3c1a5a0057,523.92975,1.0,4.0,125744,default,outlier,outlier,1.0,1.0,4.0,F,0.473020422474292,2
32950,5b8f12bb-2e2e-33dd-8ba4-48663abd0150,29.93297,0.005,200.0,359196,default,outlier,outlier,1.0,1.0,1.0,F,0.4728938398449394,2
8393,dcb7205c-107d-3721-bbe1-bba9348f2855,477.40925,1.0,4.0,114579,default,outlier,outlier,1.0,1.0,4.0,E,0.47288273924918045,2
24117,cc867034-c3ae-3dcb-ad91-23c1f29ba8f0,0.0004587155963302,0.018348623853211,2.0961538461538463,3,default,Normal,normal,52.0,52.0,2.0,F,0.4722900486965606,4
28401,2b8a133b-bcd0-3571-ab90-4d6922e28658,0.7489148099606815,0.019222367846221,457.8,102856,default,Normal,normal,19.0,5.0,44.0,F,0.4716903602522359,3
5659,15a5613a-4abb-348c-a2b9-ed0808380424,0.8864578313253012,0.1280120481927711,664.0,35317,default,outlier,outlier,3.0,1.0,85.0,E,0.4716159426691603,3
1088,80089f7c-cc0a-3f01-b1ce-10e4000fd631,12.89181625,0.0525,400.0,309404,default,outlier,outlier,1.0,1.0,21.0,E,0.47150772408941766,2
19133,57ee879b-7409-3028-9ef3-8c7e933cffb9,484.165125,0.25,2.0,116200,default,Normal,normal,2.0,2.0,1.0,F,0.47143324005178244,2
8916,48e0ba5a-0d12-3dfa-a26a-fd74fc117b0b,7.439824945295405e-05,0.0503282275711159,50.77777777777778,3,default,bingbot/2.0,bot,457.0,9.0,23.0,E,0.4712592802241191,3
7269,548d79e1-8157-3a6c-8de9-ae23c1271d07,0.281079,0.056,1000.0,16865,default,outlier,outlier,1.0,1.0,56.0,E,0.47125863132594004,3
29298,95fe9127-b328-3a84-9297-1bfafea4ddc5,29.62975,0.005,200.0,355557,default,outlier,outlier,1.0,1.0,1.0,F,0.4710758899318561,2
3524,7f227b73-6a92-3cbf-8cc8-e94c69699381,10.715445086705202,0.0346820809248554,19.22222222222222,111227,default,BingPreview/1.0b;bingbot/2.0,bot,81.0,9.0,6.0,E,0.4710218664890901,1
25881,fb2efd53-1800-344d-8401-c9a3ea8b9202,0.0046037735849056,0.0122641509433962,42.4,586,default,Normal,normal,58.0,50.0,26.0,F,0.47058039501218235,2
19573,ecc3665b-6649-3846-ab46-f4a21c03c086,234.7906896551724,0.2758620689655172,29.0,408536,default,outlier,outlier,1.0,1.0,8.0,F,0.47041563173446954,2
20345,7d42d7ff-e1a2-3857-b617-fd5019516cef,0.0042097902097902,0.0221445221445221,15.6,217,default,Normal,normal,65.0,55.0,19.0,F,0.47041532043076567,2
18913,c2de859c-a92e-3a14-959f-5aa57256009e,0.1404318885448916,0.0304437564499484,64.6,16330,default,Normal,normal,43.0,30.0,59.0,F,0.470228796147714,2
11643,e3f0d6e3-01db-3baa-990d-fb8e9e300a26,1.8135568760611207,0.166383701188455,589.0,64092,default,outlier,outlier,2.0,1.0,98.0,E,0.4699061753152806,3
21499,38c6124d-5b5d-3ceb-be76-9ebce031058e,0.0038636363636363,0.0227272727272727,6.518518518518518,82,default,Normal,normal,55.0,54.0,8.0,F,0.4697265445278609,2
3255,70cb9ee9-69ec-358a-92aa-6efbf4aee298,136.58241666666666,0.1666666666666666,48.0,393358,default,BingPreview/1.0b;bingbot/2.0;unknown,bot,1.0,1.0,8.0,E,0.46971077125769345,2
34217,64bbbcaf-47a7-30c7-a7af-3daffaa7e94a,0.0711753371868978,0.0157996146435452,152.64705882352942,11082,default,Normal,normal,110.0,17.0,41.0,F,0.4695253000104489,2
8610,2844c5bc-e19d-3ee4-859c-01e126b875f0,93.41658333333334,0.0833333333333333,72.0,403560,default,BingPreview/1.0b;bingbot/2.0;unknown,bot,1.0,1.0,6.0,E,0.4693449993809318,2
30848,2f3cce1e-609e-3c22-8970-cf92933aef19,0.1935247108307045,0.0294426919032597,63.4,22086,default,Normal,normal,39.0,30.0,56.0,F,0.4691470167181371,2
23881,e93ad9e0-0572-39ce-a7d3-da4b202973ba,0.0075736677115987,0.0329153605015673,12.509803921568627,290,default,Normal,normal,81.0,51.0,21.0,F,0.4688966062297849,2
1424,39e6fcda-98cc-317d-bb7e-65483ae0e41c,435.4288,1.0,5.0,130629,default,outlier,outlier,1.0,1.0,5.0,E,0.4685860422901923,2
30140,d731acf2-9b9f-31b7-a3ec-e8d91ca4747e,452.13975,1.0,4.0,108514,default,outlier,outlier,1.0,1.0,4.0,F,0.4685454658971163,2
14976,f2999d8b-2dd6-3f20-9ceb-996ce9da1d01,0.0551800180018001,0.0153015301530153,1111.0,3679,default,outlier,outlier,1.0,1.0,17.0,E,0.46849290762636636,2
14011,033a5c04-b350-33c7-a930-1f11b08d026d,466.317,1.0,3.0,83938,default,outlier,outlier,1.0,1.0,3.0,E,0.46810572333500033,2
20475,ef3953a2-6ce1-3412-b787-9185bd9fd8c5,0.007295731707317,0.1707317073170731,8.864864864864865,144,default,Normal,normal,47.0,37.0,56.0,F,0.46782977112903174,2
27768,e3adac64-d374-36f8-b743-ef5a3c10e49a,0.3747030716723549,0.0409556313993174,586.0,26350,default,Normal,normal,17.0,2.0,48.0,F,0.4678143640929972,2
5947,51ca3ea4-9d12-31fa-8c21-cf0817288629,0.2940810696095076,0.030560271646859,1178.0,20786,default,outlier,outlier,1.0,1.0,36.0,E,0.46758823276302974,2
28866,e58dcb39-6efc-3d7a-80f8-5804e933a8f1,30.082025,0.01,200.0,360985,default,outlier,outlier,1.0,1.0,2.0,F,0.46756013316057077,2
507,bf77979e-6411-3a51-b03f-e2ff311b3a71,0.2357225,0.0283333333333333,1200.0,16973,default,outlier,outlier,1.0,1.0,34.0,E,0.4674525274599571,2
2296,a6a54810-b7af-3235-9cb0-937357a908f9,0.7630469715698394,0.0939431396786155,809.0,37039,default,outlier,outlier,2.0,1.0,76.0,E,0.4673714701620353,3
27301,3b849d87-6fa7-32e8-bd0e-142d3e3ec271,0.0114026402640264,0.1584158415841584,7.390243902439025,208,default,Normal,normal,51.0,41.0,48.0,F,0.467370816710032,2
22760,ae5f362f-b354-3526-9196-715d1121f11e,30.70653,0.02,200.0,368479,default,outlier,outlier,1.0,1.0,4.0,F,0.4673604713849526,2
20835,26afef93-166d-3cb7-8569-0931fc98ba0b,28.51962,0.005,200.0,342236,default,outlier,outlier,1.0,1.0,1.0,F,0.4673227981063825,2
8409,06781599-714e-30fc-971b-a897bb1e2c4a,0.1701160635481023,0.0105913503971756,1133.0,11565,default,outlier,outlier,1.0,1.0,12.0,E,0.46717739696900745,2
8671,c7a67af4-8bc4-371f-b873-e1647b555937,0.7429284210526316,0.06,950.0,42347,default,outlier,outlier,2.0,1.0,57.0,E,0.4671011287749478,3
33021,1114ebb1-3363-3944-a74c-a40485a40330,545.0192857142857,0.4285714285714285,7.0,228909,default,outlier,outlier,1.0,1.0,3.0,F,0.4668180423953052,2
26113,9255f83f-06a0-32de-ae63-1e5408c3e936,463.427625,0.75,8.0,222446,default,outlier,outlier,1.0,1.0,6.0,F,0.4667600056661231,2
33488,eb5b39ae-5e82-3caa-bb37-3f9ca5de62ce,494.6585,0.6666666666666666,6.0,178078,default,outlier,outlier,2.0,1.0,4.0,F,0.4666804895157822,2
5489,f9bed67a-24cd-3dfb-83f0-55b65fb1a551,6.196732441471572,0.0267558528428093,33.22222222222222,111170,default,BingPreview/1.0b;bingbot/2.0,bot,84.0,9.0,8.0,E,0.4664925178030646,1
25999,522e495b-ecf1-3155-812a-b5eeea68795b,0.0003207547169811,0.0188679245283018,2.07843137254902,3,default,Normal,normal,51.0,51.0,2.0,F,0.46639334423665946,4
29495,e5e38ff9-d62d-3652-8edd-c81ef9998713,233.48248,0.48,25.0,350224,default,outlier,outlier,1.0,1.0,12.0,F,0.46635282790420823,2
15416,c5a9c56c-24b0-3756-b524-d09215910d27,202.34157142857143,0.1428571428571428,28.0,339934,default,outlier,outlier,1.0,1.0,4.0,E,0.46634220643977536,2
22232,52d99ec2-009a-3078-bb4b-19044b0aa01a,0.2496315789473684,0.031578947368421,190.0,2846,datacenter,outlier,outlier,1.0,1.0,6.0,F,0.4663047113496889,3
5261,6cbb7f8b-1962-37a9-bfd3-b55ae851865f,0.1608384458077709,0.0613496932515337,978.0,9438,default,outlier,outlier,2.0,1.0,60.0,E,0.46590563961457543,3
17948,0b8df10a-c7d7-31f0-808a-fc6ba216cc68,0.1601344902386117,0.0976138828633405,11.82051282051282,4430,default,Normal,normal,49.0,39.0,45.0,F,0.46584172805089263,2
34091,b7bce723-f352-3d2a-8cfc-58fd0212a3c0,539.2118571428572,0.4285714285714285,7.0,226469,default,outlier,outlier,1.0,1.0,3.0,F,0.46546051243569303,2
28580,59408c56-c8dd-3bb6-9596-9d6dae288ed9,0.1927190635451505,0.0719063545150501,14.95,6915,default,Normal,normal,48.0,40.0,43.0,F,0.4654147212690202,2
21996,6b3504a4-9f97-3c98-8830-23523320af7f,535.3413333333334,1.0,3.0,96362,default,outlier,outlier,1.0,1.0,3.0,F,0.4653746368445073,2
9875,7d00523e-76a6-3b9d-87ca-80f489dc38b5,153.66611111111112,0.0555555555555555,36.0,331919,default,outlier,outlier,1.0,1.0,2.0,E,0.46531387242050065,2
11984,b23167ea-e2ef-338e-9b87-a3a4ea8907d5,60.71258928571428,0.0803571428571428,112.0,407989,default,outlier,outlier,1.0,1.0,9.0,E,0.4652901142975545,2
22240,6efa3c90-9d69-3e2c-ac51-10fc14efcc1a,0.0030354838709677,0.0296774193548387,14.62264150943396,142,default,Normal,normal,62.0,53.0,23.0,F,0.46528354362371394,2
29977,e96d3b62-0ee4-3c45-8a60-9de6316291fd,0.1776846710923355,0.0331925165962583,57.13793103448276,17666,default,Normal,normal,46.0,29.0,55.0,F,0.4652510922609739,2
29854,4dab19b0-d49c-3fee-9c0c-96e23adaa0fa,527.468,1.0,3.0,94945,default,outlier,outlier,1.0,1.0,3.0,F,0.4651787695724563,2
32351,15893c79-45ad-3f11-95e4-e88313659c2c,15.0760075,0.01,200.0,361825,default,Normal,normal,2.0,2.0,4.0,F,0.46516807826610507,2
7963,fb4c1c87-cbaf-3d2b-b70f-13a1f64e470e,101.6612786885246,0.0655737704918032,61.0,372081,default,BingPreview/1.0b;bingbot/2.0;unknown,bot,1.0,1.0,4.0,E,0.46504066271253547,2
18887,7fef1fd5-866b-3d21-bb5f-f0b021551e39,520.6626666666667,1.0,3.0,93720,default,outlier,outlier,1.0,1.0,3.0,F,0.4647266609572477,2
4005,e2aa9500-630a-3b02-9917-d56b242d5736,50.19325619834711,0.0495867768595041,121.0,364404,default,outlier,outlier,1.0,1.0,6.0,E,0.46463226717038164,2
27791,2bd4de14-060a-3d70-aba3-ff2b1be9cc26,402.3112727272727,0.5454545454545454,11.0,265526,default,outlier,outlier,1.0,1.0,6.0,F,0.46454541261480353,2
29036,17add35c-b4d7-360b-a3b7-dbe22745e0be,0.185509509202454,0.0294478527607361,49.39393939393939,18143,default,Normal,normal,40.0,33.0,48.0,F,0.4644533655131685,2
24382,137c2fd4-1825-338f-9b6d-688bcdbe88b2,92.63345833333332,0.125,72.0,400177,default,outlier,outlier,2.0,1.0,9.0,F,0.46433863408910514,2
31664,d6500881-3d2b-3d94-88d1-4160afab2421,128.15936363636362,0.5454545454545454,11.0,84586,datacenter,outlier,outlier,1.0,1.0,6.0,F,0.46422584702293274,3
27158,7fd225b3-5612-305f-9391-c8a82cfdcb14,0.0035253456221198,0.0149769585253456,16.37735849056604,184,default,Normal,normal,53.0,53.0,13.0,F,0.4642189687910101,2
4562,ab70c852-1a7e-3ff3-be2e-1a607377a2b1,13.241335714285714,0.0357142857142857,15.555555555555555,111228,default,BingPreview/1.0b;bingbot/2.0,bot,70.0,9.0,5.0,E,0.4635530466512794,1
25073,66167952-eeaa-34d3-92b8-78930c2c4b7c,0.0004871794871794,0.0427350427350427,2.207547169811321,4,default,Normal,normal,55.0,53.0,5.0,F,0.46336297285004113,3
6692,c475a606-e526-30b3-a341-51d99ccb46ed,10.282766483516482,0.1895604395604395,364.0,224576,default,outlier,outlier,1.0,1.0,69.0,E,0.4631883446349881,3
11185,e3e0d24a-7960-32ea-8498-fa6ae1c09cf2,384.4095,1.0,6.0,138388,default,outlier,outlier,1.0,1.0,6.0,E,0.46307179477479754,2
2868,fbfb4002-3e30-346f-817a-e1a2ad4fa476,2.0819494584837543,0.1588447653429603,554.0,69204,default,outlier,outlier,2.0,1.0,88.0,E,0.4630475183807218,3
32494,c3d6c709-1a13-3fdb-9380-965b50653e41,1.1195833333333332,0.0564971751412429,708.0,47560,default,outlier,outlier,10.0,1.0,40.0,F,0.4629816888485168,2
18792,689a486a-cdc8-398b-a32f-d0ba5ea31b29,0.8842097944377267,0.0169286577992744,551.3333333333334,87749,default,Normal,normal,12.0,3.0,28.0,F,0.46288919044149546,2
29700,8774f813-ce3f-3b60-906b-c96217a87aac,566.3555,0.75,4.0,135926,default,outlier,outlier,1.0,1.0,3.0,F,0.46277205314170544,2
26783,2ebe9f3c-3e88-3518-b3b2-3ef587d40280,427.1280625,0.25,4.0,205022,default,Normal,normal,2.0,2.0,2.0,F,0.4627453594006891,2
29717,ba2ae537-653c-3653-bff9-37ce621be378,282.5845238095238,0.2857142857142857,21.0,356057,default,outlier,outlier,1.0,1.0,6.0,F,0.4621513332990771,2
3308,2d4c7ded-e240-3ed2-951c-f0c82aa14e1c,0.000115671641791,0.1007462686567164,536.0,4,default,outlier,outlier,60.0,1.0,54.0,E,0.4619577118028395,4
3867,4db24314-7fe0-36df-89fe-84649249d2fb,1.6650843170320404,0.1517706576728499,593.0,59244,default,outlier,outlier,1.0,1.0,90.0,E,0.4619020223522742,3
27178,bd884acb-9fd5-3017-9d4a-5c3bc400026d,0.3449541176470588,0.0870588235294117,9.659090909090908,8797,default,Normal,normal,52.0,44.0,37.0,F,0.4617791495812634,2
22104,9e09f983-c999-3221-b203-1bd4607fe7fc,0.006324780058651,0.0469208211143695,15.5,259,default,Normal,normal,96.0,44.0,32.0,F,0.46149296841743637,2
23287,b52e7448-42cc-35d5-8b93-97aaa12607ba,265.86921739130435,0.3043478260869565,23.0,366900,default,outlier,outlier,1.0,1.0,7.0,F,0.46147719084992367,2
27110,0b594bc8-e063-3427-bf01-7c6b5982d65a,638.26125,0.5,4.0,153183,default,outlier,outlier,1.0,1.0,2.0,F,0.46145811914178053,2
20560,ff628552-4867-33c3-8bc9-a6f486bfa201,2.361587947882736,0.0456026058631921,614.0,87001,default,outlier,outlier,7.0,1.0,28.0,F,0.4613765454310115,2
4567,b62e5894-126e-364d-bd60-630268239f55,1.1034287812041117,0.1292217327459618,681.0,45087,default,outlier,outlier,1.0,1.0,88.0,E,0.46123485077959303,3
19636,cfa782c0-ddf8-3029-8d0e-0589aa5e5f83,261.8507826086956,0.1739130434782608,23.0,361355,default,outlier,outlier,1.0,1.0,4.0,F,0.4612189784978751,2
28396,10a2024b-69cd-31eb-9930-399cd09481cf,7.523318333333334,0.0066666666666666,300.0,270840,default,Normal,normal,2.0,2.0,4.0,F,0.4611967461428513,2
29551,8f21ebab-875a-32b8-b69d-db5cdebf4231,179.97105405405406,0.3243243243243243,37.0,399536,default,outlier,outlier,1.0,1.0,12.0,F,0.4611117770495293,2
19391,9710f383-a10d-3c0a-870e-aebf8035cb76,0.0040623520126282,0.0228887134964483,25.857142857142858,309,default,Normal,normal,56.0,49.0,29.0,F,0.46071969729243334,2
14597,0ce7a599-d8c9-3cc3-8d16-cec63369848b,0.6585524193548387,0.1075268817204301,744.0,29398,default,outlier,outlier,2.0,1.0,80.0,E,0.46057843287524514,3
4831,fe66bdf1-cb0d-378e-a2ac-c0764a0bfd23,0.7461252873563218,0.0793103448275862,870.0,38948,default,outlier,outlier,1.0,1.0,69.0,E,0.4604960448274849,3
30101,5d83138b-33d2-35d6-9565-fd6e4258ad3f,199.1851935483871,0.3225806451612903,31.0,370485,default,outlier,outlier,1.0,1.0,10.0,F,0.46040960275177417,2
29921,371b6859-9dc8-322d-a037-e737e91198b7,524.4097142857144,0.5714285714285714,7.0,220253,default,outlier,outlier,1.0,1.0,4.0,F,0.46028645769133514,2
29656,e259e5a8-15c4-32d6-b0dc-b94088c57d0a,0.0083125,0.1006944444444444,5.538461538461538,144,default,Normal,normal,65.0,52.0,29.0,F,0.460281497895475,2
13775,687595b3-b12c-3398-9748-0a1a782fe26c,156.35241379310344,0.7241379310344828,29.0,272054,default,outlier,outlier,1.0,1.0,21.0,E,0.46023799777771396,2
23669,8d2ae6c1-bf9e-3b75-853f-cf79042bca46,1.288036187113857,0.0229479258605472,566.5,87561,default,Normal,normal,8.0,2.0,26.0,F,0.4602071722573271,2
3496,17b5975c-19a5-340f-9554-78e954b14e75,0.0001174863387978,0.0801457194899817,549.0,4,default,outlier,outlier,76.0,1.0,44.0,E,0.46020590155594276,3
19863,7f833fde-53d4-305e-a33c-2c2bcc79771a,515.6426666666667,1.0,3.0,92816,default,outlier,outlier,1.0,1.0,3.0,F,0.4600224960298562,2
3799,a164c19f-4fd3-3599-be17-31860dc03e0d,0.7800414847161572,0.074235807860262,916.0,42872,default,outlier,outlier,1.0,1.0,68.0,E,0.4598797027600435,3
20517,69bf497c-2a79-3ad3-a2db-a40925658232,0.9983149540517962,0.0200501253132832,598.5,71699,default,Normal,normal,6.0,2.0,24.0,F,0.4598692338141123,2
20276,c2f7d589-7605-3dc3-b03d-50dd05f5abef,0.1431117578579744,0.0285215366705471,52.06060606060606,14752,default,Normal,normal,40.0,33.0,49.0,F,0.45966611935098683,2
26916,80a92220-7103-37d5-8db9-e77d5c380177,0.1609878048780487,0.0307781649245063,55.54838709677419,16634,default,Normal,normal,41.0,31.0,53.0,F,0.4595819426920187,2
30893,b7dc90f4-247c-3418-b986-3a544cccb0dc,0.0015877300613496,0.0134969325153374,33.265306122448976,156,default,Normal,normal,61.0,49.0,22.0,F,0.459412396251883,2
31540,4570efc9-c352-39ec-a849-d2198b463b03,248.5624,0.32,25.0,372844,default,outlier,outlier,1.0,1.0,8.0,F,0.4591644402877946,2
33544,aab06cc0-1ab8-3232-b0b4-db6b82198314,542.0395,0.25,4.0,130090,default,outlier,outlier,1.0,1.0,1.0,F,0.4591560925725665,2
17153,e33b9040-16ca-3f85-bf44-0990b9641435,0.6143990554899645,0.0802833530106257,847.0,31224,default,outlier,outlier,2.0,1.0,68.0,E,0.45906532634157815,3
6864,8f8673af-c5e4-3b3e-9211-4c001eedc96e,138.2326976744186,0.0697674418604651,43.0,356641,default,BingPreview/1.0b;bingbot/2.0;unknown,bot,1.0,1.0,3.0,E,0.45904019860007705,2
33436,327887bc-b705-31a9-ad10-f65425a7b81d,0.0062875243664717,0.037037037037037,9.679245283018869,194,default,Normal,normal,66.0,53.0,19.0,F,0.45901016168313047,2
33134,6aa4a5b5-04cd-382f-8ff6-9d9525cb0876,511.9577142857143,0.2857142857142857,7.0,215023,default,outlier,outlier,1.0,1.0,2.0,F,0.4588818076508092,2
225,abd203ba-d95d-3043-b6ca-d8203562dfed,0.6131384711779448,0.0964912280701754,798.0,29358,default,outlier,outlier,1.0,1.0,77.0,E,0.45874953769355703,3
10930,fbf24d48-95d4-3cb5-b40d-c9d577c0a3bf,0.6880524246395806,0.1009174311926605,763.0,31500,default,outlier,outlier,2.0,1.0,77.0,E,0.4586004804826972,3
29969,d5321e98-8179-3e84-916a-d8f9159480e8,0.0884754672897196,0.0981308411214953,9.953488372093023,2273,default,Normal,normal,50.0,43.0,42.0,F,0.4585832982536445,2
28054,faab841f-2013-311f-a451-ffdcb2f637ef,0.4134706867671692,0.021217197096594,597.0,44432,default,Normal,normal,14.0,3.0,38.0,F,0.4585492983964406,2
26406,bfa46bcb-2c88-331e-9c45-ebc7bbd2a994,0.0483337438423645,0.014367816091954,135.33333333333334,7065,default,Normal,normal,114.0,18.0,35.0,F,0.4584075399494001,1
19857,6e4f3124-a0f8-3a12-94b6-7a3658af39ff,144.29575,0.3333333333333333,6.0,51947,datacenter,outlier,outlier,1.0,1.0,2.0,F,0.45838211924516625,3
30529,aed0e901-ac08-33e5-9e9a-c83c18dd9ffd,217.65484,0.48,25.0,326483,default,outlier,outlier,1.0,1.0,12.0,F,0.4583800432434071,2
11273,dd101e41-815f-3857-bd08-0537b1deb821,54.86508,0.112,125.0,411489,default,outlier,outlier,1.0,1.0,14.0,E,0.4583651977353769,2
11274,dd101e41-815f-3857-bd08-0537b1deb821,54.86508,0.112,125.0,411489,default,outlier,outlier,1.0,1.0,14.0,E,0.4583651977353769,2
11276,dd101e41-815f-3857-bd08-0537b1deb821,54.86508,0.112,125.0,411489,default,outlier,outlier,1.0,1.0,14.0,E,0.4583651977353769,2
11275,dd101e41-815f-3857-bd08-0537b1deb821,54.86508,0.112,125.0,411489,default,outlier,outlier,1.0,1.0,14.0,E,0.4583651977353769,2
17622,2ee473bb-856e-3f9f-bc19-5b0e095f9856,0.9506059644670052,0.0977157360406091,788.0,44945,default,outlier,outlier,1.0,1.0,77.0,E,0.45833339805448337,3
15458,52f39f02-06af-3bea-b526-133375936a95,31.65699,0.165,200.0,379884,default,outlier,outlier,1.0,1.0,33.0,E,0.4581464287335967,2
22527,10565425-0fce-3bfb-8634-721414045657,49.68322222222222,0.0634920634920634,126.0,375606,default,outlier,outlier,1.0,1.0,8.0,F,0.4580389798172517,2
1993,ee48469a-34d5-34c3-b6ff-b15c58e63767,0.8066447154471544,0.1512195121951219,615.0,29766,default,outlier,outlier,2.0,1.0,93.0,E,0.45803863446347365,3
18900,a696d840-9d00-3a98-b529-c8857c27c1a3,505.3343333333333,1.0,3.0,90961,default,outlier,outlier,1.0,1.0,3.0,F,0.45777219591876006,2
25705,db205b75-d324-3ad0-8892-d59188f73698,489.8326666666667,1.0,3.0,88170,default,outlier,outlier,1.0,1.0,3.0,F,0.45777219591876006,2
22463,5454c42e-6a00-3dc5-ae9e-bb7fb1708ab7,41.9893051948052,0.0584415584415584,154.0,387982,default,outlier,outlier,1.0,1.0,9.0,F,0.4576251044073537,2
12699,870f7e17-dd93-32fc-9acb-550be63beb3e,93.2276129032258,0.0483870967741935,62.0,346807,default,BingPreview/1.0b;bingbot/2.0;unknown,bot,1.0,1.0,3.0,E,0.4575985445315777,2
34391,8795dcce-a850-3330-bceb-c0d390239352,0.8628647151898734,0.0166139240506329,632.0,65440,default,Normal,normal,5.0,2.0,21.0,F,0.45752685786487096,2
25389,7454e926-f368-3667-aab7-2e1977ee4d16,0.1979031556039173,0.0282916213275299,59.29032258064516,21825,default,Normal,normal,38.0,31.0,52.0,F,0.4574739356290979,2
14216,08701333-2adf-345c-b782-ff8239e935f9,0.3695230024213075,0.085956416464891,826.0,18314,default,outlier,outlier,3.0,1.0,71.0,E,0.45741978317062915,3
3809,b94e754b-64fc-3b8b-b169-c7501e463014,0.1344857798165137,0.018348623853211,1090.0,8796,default,outlier,outlier,1.0,1.0,20.0,E,0.4572844658474259,2
3713,9f26aae1-1997-3c6e-b18c-76a83d165347,0.2553127853881278,0.039269406392694,1095.0,16775,default,outlier,outlier,1.0,1.0,43.0,E,0.4570343089238762,2
13620,933863b4-225c-3116-bc74-e129e9c896b4,560.65125,0.5,4.0,134557,default,outlier,outlier,1.0,1.0,2.0,E,0.45623911611222834,2
1022,d675a828-20b5-30e5-a107-ffd8a1c20079,30.66217894736842,0.2368421052631578,190.0,349549,default,outlier,outlier,1.0,1.0,45.0,E,0.4562372177973265,2
21901,23286f43-b7c9-3e22-960f-6d6a8798177b,0.2122172506738544,0.02911051212938,63.96551724137931,23620,default,Normal,normal,34.0,29.0,54.0,F,0.456234695849556,2
16892,ac6307c8-2300-3136-8eb0-23bdb6c35afe,34.239650000000005,0.105,200.0,410876,default,outlier,outlier,1.0,1.0,21.0,E,0.4556378579336192,2
29616,497c1642-5744-31bd-b85b-5b694bb51b0a,269.2578181818181,0.2727272727272727,22.0,355421,default,outlier,outlier,1.0,1.0,6.0,F,0.45553274957690587,2
26392,9b37a661-11e9-354b-bfae-0c323c4f8304,73.08256060606061,0.0151515151515151,16.5,289407,default,AdsBot-Google;Mobile Safari,bot,5.0,4.0,1.0,F,0.4554488433570666,2
24522,9d176478-a9a4-3e93-9ebd-3b925d466f0a,0.0066135552913198,0.0178359096313912,16.173076923076923,334,default,Normal,normal,59.0,52.0,15.0,F,0.45534519952825403,2
25860,c6cd15e8-d5c8-330c-a08b-b92ae2101517,47.57812857142857,0.0571428571428571,140.0,399657,default,outlier,outlier,1.0,1.0,8.0,F,0.45507834643019474,2
31615,154ff2e5-f6e9-30ef-ac1f-907838189bd4,0.0511196275071633,0.0210124164278892,149.57142857142858,6423,default,Normal,normal,98.0,14.0,44.0,F,0.45476805905641005,1
28882,2cf55233-6d7f-3788-aa08-e747cb56ec9a,0.0053324324324324,0.0432432432432432,6.607142857142857,119,default,Normal,normal,59.0,56.0,16.0,F,0.4546917631229539,2
17891,5331b4f8-3b1e-3ed8-b12f-4d7b6926d52a,0.0135258333333333,0.0133333333333333,300.0,1948,default,Normal,normal,108.0,8.0,32.0,F,0.4546226445456428,2
22055,0cb77b3b-a3b5-3cdd-9086-84a901516ccf,76.5162,1.0,5.0,22955,datacenter,outlier,outlier,1.0,1.0,5.0,F,0.4546056626263161,3
33378,98b78b59-495a-3392-a585-9eb17d1b96c7,560.6143333333333,0.3333333333333333,3.0,100911,default,AdsBot-Google,bot,1.0,1.0,1.0,F,0.45423941515705385,2
20610,a4871877-8ec0-3332-b828-5856dc18b196,312.90711111111113,0.4444444444444444,18.0,337940,default,outlier,outlier,1.0,1.0,8.0,F,0.45404470802650176,2
20101,41b1939a-d8f2-3302-a401-2c55f067fee4,42.39039285714286,0.0416666666666666,56.0,427296,default,Normal,normal,3.0,3.0,7.0,F,0.45394035319547454,2
5389,e8e85413-c7ec-343e-8481-98b1822e2179,3.883292993630573,0.1889596602972399,471.0,109742,default,outlier,outlier,2.0,1.0,89.0,E,0.4539385938213769,3
29356,4965d54e-c65d-36c0-abf2-3bc554082e28,516.66,0.8,5.0,154998,default,outlier,outlier,1.0,1.0,4.0,F,0.45391848399357193,2
30451,aa84facd-0ec6-3506-bf44-fcbf7b5d1bc0,516.775,0.8,5.0,155033,default,outlier,outlier,1.0,1.0,4.0,F,0.45391848399357193,2
24438,b085d32c-20ef-388c-86fc-90f7179995e7,0.0332631926121372,0.0145118733509234,252.66666666666663,4539,default,Normal,normal,108.0,9.0,33.0,F,0.453880670000722,1
23166,6b36e44b-7cc0-34e9-bd62-a6b3a28824b6,0.0017106409458618,0.0168014934660858,32.795918367346935,165,default,Normal,normal,55.0,49.0,27.0,F,0.45378521924452536,2
34168,be9980c2-a452-3c54-a241-229f154bbf45,0.0013785046728971,0.0233644859813084,8.23076923076923,36,default,Normal,normal,55.0,52.0,10.0,F,0.4537800556200434,2
15775,df3a7810-42ea-3242-8b7a-499a781fc0ea,39.38887704918033,0.4016393442622951,122.0,288327,default,outlier,outlier,1.0,1.0,49.0,E,0.4537598253789745,2
15030,7682c26d-fbd4-3145-ad33-1589b9972184,7.664670658682635e-05,0.0455089820359281,835.0,4,default,outlier,outlier,20.0,1.0,38.0,E,0.45355732900911616,3
25450,38672517-f7ad-30b2-8a5b-c7572d0e92e6,0.0408567567567567,0.1216216216216216,11.212121212121213,908,default,Normal,normal,58.0,33.0,45.0,F,0.45340317296606153,2
28110,9bdca40a-4e9b-379b-ad52-d5138379c7db,395.2311,0.7,10.0,237139,default,outlier,outlier,1.0,1.0,7.0,F,0.4533848914903144,2
21326,23edbfb8-fc32-3fd2-b8f5-05e218a0e63a,0.2454914285714285,0.0368253968253968,56.25,23199,default,Normal,normal,34.0,28.0,58.0,F,0.45337469759976856,2
6148,5faaebbd-4b11-3863-a859-cc600b117cfb,402.013,1.0,5.0,120604,default,outlier,outlier,1.0,1.0,5.0,E,0.45299018569075616,2
10208,4e72949b-e991-3fee-b5ed-3c4beb29ad43,75.21774712643678,0.1034482758620689,87.0,392637,default,BingPreview/1.0b;Mobile Safari;unknown,bot,1.0,1.0,9.0,E,0.45290768814191396,2
30426,53b5cdf9-8b02-3bd6-9fec-9419281e67e7,0.0459325238853503,0.0143312101910828,193.23076923076923,6923,default,Normal,normal,106.0,13.0,36.0,F,0.4528810108831878,2
28812,454f403e-8b66-39b7-ab86-29bb76ed779e,0.0006089613034623,0.010183299389002,245.5,18,default,Python-requests,bot,240.0,2.0,5.0,F,0.4527496105012675,3
9999,ee04be14-4702-334a-bf90-4ee02676f942,0.6074903339191564,0.1634446397188049,569.0,20740,default,outlier,outlier,4.0,1.0,93.0,E,0.45248040734975853,3
27102,eee93cc1-fbc7-3130-a0c2-47bde53cda63,0.0023881453154875,0.0152963671128107,10.673469387755102,75,default,Normal,normal,49.0,49.0,8.0,F,0.4523400273785594,2
18725,9d5df41e-1899-3149-a6e5-1cd943537009,0.4447675086107922,0.0275545350172215,871.0,23244,default,outlier,outlier,4.0,1.0,24.0,F,0.45233298484767875,2
29190,2b3aa3c3-002b-37db-b701-61fac9bd03b6,345.58971428571425,0.4285714285714285,14.0,290296,default,outlier,outlier,1.0,1.0,6.0,F,0.45222769832316223,2
28846,949e3b51-ac65-3acb-ae90-8eb91055a8ae,0.7546761619190405,0.0134932533733133,500.25,90607,default,Normal,normal,10.0,4.0,27.0,F,0.4521500920841375,2
24930,7ac91fe8-1cbb-3c35-a6c6-6c643f281333,0.2895741585852823,0.0233884768967484,584.3333333333334,30458,default,Normal,normal,18.0,3.0,41.0,F,0.45203062600037885,2
24787,f50de5da-1ed3-3191-b72a-6c2deb345dd7,0.2556219249028916,0.0215796288303841,85.81481481481481,35537,default,Normal,normal,33.0,27.0,50.0,F,0.45182911115867397,1
19178,f1187e55-3a65-340b-8f0a-17f81aa67577,0.0047572078907435,0.0136570561456752,13.448979591836734,189,default,Normal,normal,49.0,49.0,9.0,F,0.45135891189049315,2
20773,589cb901-eda2-391c-a059-ce7a45ee99a4,0.0028113425925925,0.0162037037037037,17.632653061224488,146,default,Normal,normal,61.0,49.0,14.0,F,0.4510774136646546,2
15167,c632a626-4c24-32ea-9a91-36bbb62717cf,0.8307771156138261,0.0822407628128724,839.0,41822,default,outlier,outlier,1.0,1.0,69.0,E,0.4508435496887395,3
33470,ae54a7de-d67c-3e57-ade1-7cdffe228352,0.0077077625570776,0.0799086757990867,10.186046511627907,203,default,Normal,normal,74.0,43.0,35.0,F,0.45081376916041105,2
25504,c8688973-70a4-3a3f-a2bc-fa1d2530b4eb,400.9829375,0.25,4.0,192472,default,Normal,normal,2.0,2.0,2.0,F,0.45071449840784517,2
8291,acf88e9c-64bd-357f-ab09-9841173cdde5,40.195058823529415,0.0588235294117647,153.0,368991,default,outlier,outlier,1.0,1.0,9.0,E,0.4504873297842136,2
8290,acf88e9c-64bd-357f-ab09-9841173cdde5,40.195058823529415,0.0588235294117647,153.0,368991,default,outlier,outlier,1.0,1.0,9.0,E,0.4504873297842136,2
8289,acf88e9c-64bd-357f-ab09-9841173cdde5,40.195058823529415,0.0588235294117647,153.0,368991,default,outlier,outlier,1.0,1.0,9.0,E,0.4504873297842136,2
8292,acf88e9c-64bd-357f-ab09-9841173cdde5,40.195058823529415,0.0588235294117647,153.0,368991,default,outlier,outlier,1.0,1.0,9.0,E,0.4504873297842136,2
11192,edf5dedc-d097-3719-aa57-51f84ae973fc,511.0712,0.4,5.0,153322,default,outlier,outlier,1.0,1.0,2.0,E,0.4502509604718911,2
32868,7f42f561-1f0d-3a13-b43e-aeb655fdba79,0.0001428571428571,0.0204081632653061,2.0,1,default,Normal,normal,49.0,49.0,2.0,F,0.45009571935325854,4
27999,80a5192c-66ae-3106-b644-33bac46fd690,0.0033837398373983,0.0178861788617886,12.058823529411764,125,default,Normal,normal,51.0,51.0,11.0,F,0.4497994210561961,2
33108,38aeab54-1b6f-3689-970d-fb428121fce6,0.0020528846153846,0.0144230769230769,8.666666666666666,52,default,Normal,normal,48.0,48.0,6.0,F,0.4497889054408818,2
28898,5d1d995a-7132-3158-b494-887e70bd814b,0.0050337273991655,0.0159944367176634,28.19607843137255,435,default,Normal,normal,55.0,51.0,23.0,F,0.44939974196864174,2
27506,ad7238e1-f866-34ab-afc1-8547f25e4ade,279.04183333333333,0.2222222222222222,18.0,301366,default,outlier,outlier,1.0,1.0,4.0,F,0.44928236705384805,2
32316,affb3e6c-5b4a-3a53-98f8-17d8cd1e6c61,0.1792880044223327,0.0304035378662244,60.3,19460,default,Normal,normal,35.0,30.0,55.0,F,0.4491837804516836,2
654,96d507a6-eb8b-3fe3-8ecc-c3ca43433d84,0.218199203187251,0.1049136786188579,753.0,9859,default,outlier,outlier,1.0,1.0,79.0,E,0.4491036426662075,3
6575,5752c8cd-bb09-31af-93f5-1e92f1da0a86,1.437142735042735,0.1572649572649572,585.0,50444,default,outlier,outlier,1.0,1.0,92.0,E,0.44908070777571796,3
9702,54f43eb3-8459-39f4-8c64-63af8c307c4f,0.4266101152368758,0.0947503201024327,781.0,19991,default,outlier,outlier,2.0,1.0,74.0,E,0.44871202645316194,3
26167,2fe51732-06b2-31d2-abda-49644467ecd1,0.0023605703938433,0.0081484834766862,46.020833333333336,313,default,Normal,normal,56.0,48.0,18.0,F,0.44869480784975274,2
23440,39905186-1ca9-34ed-8ec2-eafe4ed03533,13.1642375,0.01,200.0,315942,default,Normal,normal,2.0,2.0,4.0,F,0.4486114546851211,2
2788,4bbd81f4-098c-305e-b0ff-ad9d6f92c121,6.51558073654391e-05,0.0538243626062322,44.125,2,default,bingbot/2.0,bot,353.0,8.0,19.0,E,0.44837369656061843,3
6653,337abd33-2c97-38de-b9d8-4b569d6c6689,0.4494639233370913,0.0710259301014656,887.0,23921,default,outlier,outlier,2.0,1.0,63.0,E,0.4480545540422781,3
4201,b89f91ac-7aa7-3107-b9f5-04fe2acf7b0e,0.561646,0.04,1000.0,33699,default,outlier,outlier,1.0,1.0,40.0,E,0.44802480826106134,2
21621,918571d0-532b-3dfa-b77b-21b7964fce11,0.1873734866828087,0.0314769975786924,55.06666666666667,18573,default,Normal,normal,40.0,30.0,52.0,F,0.4480128155988464,2
27690,d3b0e8e0-f142-3b81-b2a5-4bac72539eac,0.1591326641345632,0.0320130222463374,65.82142857142857,17597,default,Normal,normal,34.0,28.0,59.0,F,0.4479438959725218,2
6153,68367e6f-8ab1-3109-ade4-891f783e14e4,0.8872584175084175,0.1632996632996633,594.0,31622,default,outlier,outlier,1.0,1.0,97.0,E,0.4476600031400505,3
27686,c8dfdc7a-f4fe-3401-948e-ae6debc1df68,0.0291994884910485,0.1253196930946291,10.567567567567568,686,default,Normal,normal,45.0,37.0,49.0,F,0.4474547610294811,2
16134,b8b18309-284e-35e1-b666-b0905319fe2e,0.8190305522914219,0.0705052878965922,851.0,41820,default,outlier,outlier,2.0,1.0,60.0,E,0.44744944769227357,3
22490,a9c0b221-e953-38fa-88d4-3637cd9a3d00,25.74602,0.01,200.0,308953,default,outlier,outlier,1.0,1.0,2.0,F,0.4474430833953711,2
23100,b588a3ba-fe77-33e2-a22e-59ac71bb8c2f,26.15294,0.01,200.0,313836,default,outlier,outlier,1.0,1.0,2.0,F,0.4474430833953711,2
25142,5687f5f4-a280-3c2a-adb1-44eeb92a25b5,25.5646,0.01,200.0,306776,default,outlier,outlier,1.0,1.0,2.0,F,0.4474430833953711,2
30241,0332d98b-6f82-383b-bd27-f8313f8e25d4,25.5646,0.01,200.0,306776,default,outlier,outlier,1.0,1.0,2.0,F,0.4474430833953711,2
15831,7b14c568-2d48-3672-a8ff-6090c15354d6,11.563125,0.04375,17.77777777777778,111006,default,BingPreview/1.0b;bingbot/2.0,bot,71.0,9.0,7.0,E,0.4474425000502704,1
17490,b5d21bee-868c-3e2b-8eec-a8ef88bd89a8,0.4496847826086956,0.0684782608695652,920.0,24823,default,outlier,outlier,1.0,1.0,63.0,E,0.4470704438344436,3
11527,b9c666db-b2ed-3fb1-b8b5-859ddee4e2d6,0.2153640776699029,0.1391585760517799,618.0,7986,default,outlier,outlier,3.0,1.0,86.0,E,0.44689162535193094,3
22963,01588587-7da6-3d89-a07d-13ad97bc46db,0.0111644790812141,0.0143560295324036,304.75,1634,default,Normal,normal,102.0,8.0,35.0,F,0.4467898205385319,2
27429,c4b87c5f-83a7-3c1e-8880-16da65635940,0.0061236111111111,0.125,10.0,133,default,Normal,normal,50.0,36.0,45.0,F,0.44674466252867395,2
17204,6297c17b-1572-335c-b0f7-24636c881b80,10.2500773480663,0.0386740331491712,20.11111111111111,111316,default,BingPreview/1.0b;bingbot/2.0,bot,62.0,9.0,7.0,E,0.44668346655156155,1
19343,075a6ef5-e972-3239-97f0-7abfa1c7425d,0.2091632526381129,0.0322780881440099,55.55172413793103,20218,default,Normal,normal,39.0,29.0,52.0,F,0.44630965974373804,2
20631,d29443b0-888b-30ca-ac13-b390b54f6540,1.0074724199288256,0.0284697508896797,562.0,67944,default,Normal,normal,9.0,2.0,32.0,F,0.4461190273930492,2
25197,16999207-c15d-3165-9788-02e2bf003352,595.96,0.5,4.0,143031,default,outlier,outlier,1.0,1.0,2.0,F,0.4459612445044009,2
17976,50c5236f-2544-3f19-86f7-b0c63881124a,392.010875,1.0,4.0,94083,default,outlier,outlier,2.0,1.0,4.0,F,0.4459537535947329,2
23535,1c6b15d5-38f6-38ec-bac3-3f685919285a,0.1902455790074158,0.0285225328009127,56.54838709677419,20011,default,Normal,normal,38.0,31.0,50.0,F,0.44586929414984044,2
30123,a9159741-2670-34d7-a32d-1279ce71c450,387.8205454545455,0.4545454545454545,11.0,255962,default,outlier,outlier,1.0,1.0,5.0,F,0.44567609199062486,2
5399,0f524c29-5d1f-34f4-8661-ab174d0a9641,147.16794444444443,0.0833333333333333,36.0,317883,default,outlier,outlier,1.0,1.0,3.0,E,0.4453960109087263,2
26154,10352a46-ec4e-37b5-bfe4-758f085933d5,0.9526366336633664,0.0178217821782178,505.0,86595,default,Normal,normal,17.0,3.0,27.0,F,0.44532105867786603,2
19992,04b1aac0-4e43-3cb2-ac69-54b3475c15e8,450.6963333333333,1.0,3.0,81126,default,outlier,outlier,1.0,1.0,3.0,F,0.4452158116042063,2
8085,462606cf-f7af-3ec0-871a-08b7bbe1d803,424.437,1.0,3.0,76399,default,outlier,outlier,1.0,1.0,3.0,E,0.44505596720471907,2
5911,fec1c09f-ded8-3f31-94fb-b542a845366d,2.42973647469459,0.1308900523560209,573.0,83535,default,outlier,outlier,1.0,1.0,75.0,E,0.44505559159474645,3
20733,02b78b33-30a8-305c-9aaa-2aa9151977f0,27.642345,0.02,200.0,331709,default,outlier,outlier,1.0,1.0,4.0,F,0.4450112290829389,2
9147,3efe9d65-a4d0-38e5-8930-abc84858f906,0.9687338129496404,0.116546762589928,695.0,40397,default,outlier,outlier,1.0,1.0,81.0,E,0.44484883147924437,3
12571,02d5df6a-6ad3-39c0-a2db-a25c3a7658f9,66.26327272727272,0.2121212121212121,99.0,393604,default,outlier,outlier,1.0,1.0,21.0,E,0.444815929288673,2
26821,859c2f31-2582-36f3-9d8a-8cdb9bb8a03f,0.199641485275288,0.0377720870678617,60.07692307692308,18711,default,Normal,normal,37.0,26.0,59.0,F,0.4446970494887138,2
23246,3f487942-1762-3228-b938-236cde96e087,0.1790279214064116,0.029989658738366,71.62962962962963,20775,default,Normal,normal,32.0,27.0,58.0,F,0.4446796783812813,2
25105,e3de805b-6bdb-37b4-9e17-91e15e50e5d6,0.0053005671077504,0.0756143667296786,12.30232558139535,169,default,Normal,normal,50.0,43.0,40.0,F,0.4446432239135025,2
16586,172eff84-382f-3a53-9946-56432264d8c4,502.4934,0.6,5.0,150749,default,Googlebot/2.1;Yahoo! Slurp;unknown,bot,1.0,1.0,3.0,E,0.44464296028138706,2
556,5aa21bfb-38e4-30e6-9bc0-1b0c5d68986e,160.17166176470587,0.1176470588235294,34.0,326751,default,BingPreview/1.0b;bingbot/2.0;unknown,bot,2.0,1.0,4.0,E,0.44442932327295226,2
26592,f71efe53-71c2-3d49-942b-2240b0d2c8c0,0.1877589566310496,0.0333123821495914,53.03333333333333,17924,default,Normal,normal,36.0,30.0,53.0,F,0.4443033870841097,2
31975,79eba17f-3fef-3971-b9ff-382608c53a58,0.1348886639676113,0.117408906882591,16.466666666666665,3999,default,Normal,normal,47.0,30.0,58.0,F,0.4440663165314001,2
3718,b39641bb-6b35-378b-89fc-a0e7e9e1c75b,0.04667472306143,0.0211480362537764,993.0,2781,default,outlier,outlier,1.0,1.0,21.0,E,0.443945503209158,2
13661,0a9d9e02-6d9a-3736-a7b3-d65dd4e34df5,12.958265734265735,0.0489510489510489,15.88888888888889,111182,default,BingPreview/1.0b;bingbot/2.0,bot,68.0,9.0,7.0,E,0.44377606737298625,1
29899,f56109b0-0515-3dbd-bdef-dbedb7c50fa0,0.0555143191116306,0.0128579777907656,34.22,5700,default,Normal,normal,44.0,50.0,22.0,F,0.4437530133075784,2
13926,1e70fba2-63ae-375f-be99-617ab5e86eed,0.3716007416563658,0.0889987639060568,809.0,18038,default,outlier,outlier,1.0,1.0,72.0,E,0.4436752480151998,3
2927,8495f71a-3b8d-33e6-8047-588f1a46d85c,528.86575,0.75,4.0,126928,default,outlier,outlier,1.0,1.0,3.0,E,0.4436654372600527,2
16526,54497d38-b6cf-352d-af23-d1804393bc3b,531.79525,0.75,4.0,127631,default,Googlebot/2.1;Yahoo! Slurp;unknown,bot,1.0,1.0,3.0,E,0.4432206052270827,2
23832,67a02c35-f444-3c7b-a7cf-e994d1790242,0.358533462033462,0.0398970398970398,62.16,33430,default,Normal,normal,29.0,25.0,62.0,F,0.44315434192870395,2
24508,6dd6e7ce-2491-3cd6-b26d-7450b9a273f9,410.19525,0.875,8.0,196894,default,outlier,outlier,1.0,1.0,7.0,F,0.44313571727553797,2
14713,1f4f81ac-7466-3cfe-94aa-8649b390cce2,0.218204414587332,0.0393474088291746,1042.0,13643,default,outlier,outlier,1.0,1.0,41.0,E,0.4429227884140229,2
21431,6fd723af-86b3-3746-b53e-62af2b03661f,0.0027690763052208,0.0401606425702811,4.788461538461538,42,default,Normal,normal,56.0,52.0,10.0,F,0.44290004528167215,2
3163,169a9260-d89e-35fa-925f-008a657ff507,45.0333,0.1533333333333333,150.0,405300,default,outlier,outlier,1.0,1.0,23.0,E,0.44282876324778864,2
11419,63acaaac-6554-31ab-9467-6f5e20bc07b8,31.09505,0.11,200.0,373141,default,outlier,outlier,1.0,1.0,22.0,E,0.4428160737656688,2
18202,277e0f95-18bb-3aad-bfbc-78ccae491abb,0.0004259259259259,0.037037037037037,2.16,3,default,Normal,normal,52.0,50.0,4.0,F,0.4425746991263808,3
21783,a3385e6e-6898-30d4-9b34-94b355ff16ab,0.2159513008672448,0.0360240160106737,53.535714285714285,19423,default,Normal,normal,36.0,28.0,54.0,F,0.44238970056213484,2
5326,3041172e-de46-37a6-81aa-051226b23257,12.874347222222225,0.0555555555555555,16.0,111235,default,BingPreview/1.0b;bingbot/2.0,bot,71.0,9.0,8.0,E,0.44221995377709394,1
30582,47609d05-4c04-3b43-b4d4-06be3c3f725a,434.81425,1.0,4.0,104356,default,outlier,outlier,1.0,1.0,4.0,F,0.44214334844384595,2
23171,78d24be6-1798-3c6a-9715-1c5ce3394628,0.1617106690777576,0.0295358649789029,55.3,16097,default,Normal,normal,41.0,30.0,49.0,F,0.441622535743884,2
10460,1538971b-55ef-3561-aff4-921406a50f3c,404.804,1.0,3.0,72865,default,outlier,outlier,1.0,1.0,3.0,E,0.44149813203128974,2
33737,615566bb-ac5c-3e56-9dce-2821c049e1d2,0.1976202908129544,0.0370125578321216,54.035714285714285,17940,default,Normal,normal,34.0,28.0,56.0,F,0.4411958118806574,2
20706,b95660ea-9b98-33e3-9e1e-a451571fd530,0.3799943406904357,0.0299943406904357,70.68,40287,default,Normal,normal,28.0,25.0,53.0,F,0.44117458997432735,1
25910,5a456b91-c305-3323-b831-107a48a9846e,0.2030126811594202,0.03743961352657,66.24,20172,default,Normal,normal,33.0,25.0,62.0,F,0.44077562093087186,2
19312,a6adefd0-f463-3c83-8e12-6508920860cb,0.1722016666666666,0.0666666666666666,15.789473684210526,6200,default,Normal,normal,49.0,38.0,40.0,F,0.44056900748696004,2
27441,ecd67a96-258b-3f50-8621-49fd557ab419,0.0011175,0.0225,8.16326530612245,27,default,Normal,normal,55.0,49.0,9.0,F,0.44025274276457294,2
4355,762ed04c-77b5-3d14-8033-65a35c09920e,0.2293512145748988,0.0425101214574898,988.0,13596,default,outlier,outlier,1.0,1.0,42.0,E,0.4400999305063202,2
22840,b256b2c2-d457-354c-ab98-a4defb479fe6,0.1786011904761904,0.0333333333333333,64.61538461538461,18003,default,Normal,normal,34.0,26.0,56.0,F,0.4400512249162113,2
7821,73d9a3f6-3293-3241-99dd-eb1ed39efd62,2.7329133333333333,0.1083333333333333,600.0,98385,default,outlier,outlier,1.0,1.0,65.0,E,0.4400443576200377,3
4295,982f4401-cac8-3c8e-9ea3-cf4e96efc577,30.66885,0.115,200.0,368027,default,outlier,outlier,1.0,1.0,23.0,E,0.440005962893078,2
23454,61a77c78-0d6a-33b0-96ce-449e098845f8,0.0822618477740545,0.0201053135471517,139.26666666666668,10311,default,Normal,normal,83.0,15.0,42.0,F,0.43991507607874136,1
28356,8bf40943-3772-3b40-8c21-d00e46f0994d,0.0971946107784431,0.0179640718562874,144.73333333333332,12661,default,Normal,normal,94.0,15.0,39.0,F,0.4398746575631326,1
19739,18290bdc-d7ab-3d8b-9929-1e0cfc3695e2,0.0024403183023872,0.0318302387267904,7.392156862745098,56,default,Normal,normal,57.0,51.0,12.0,F,0.4397960998030893,2
32596,1c574354-6109-30ad-9cec-49faebaf2c5d,5.76923076923077e-05,0.0288461538461538,2.1666666666666665,1,default,Normal,normal,49.0,48.0,3.0,F,0.4397430449290708,4
3617,942937c2-c017-31f2-9025-aa370633ebb4,48.05285833333333,0.3,120.0,345981,default,outlier,outlier,1.0,1.0,36.0,E,0.4397021590880768,2
31948,26480aee-442a-3447-9e5b-c06ca826420e,22.67802777777778,0.0555555555555555,36.0,48985,datacenter,outlier,outlier,1.0,1.0,2.0,F,0.4395635344068052,3
30243,0a49ed9f-2e89-3592-a6de-5481f2134a5b,141.54004166666667,0.125,48.0,407636,default,outlier,outlier,1.0,1.0,6.0,F,0.43953398414253775,2
17050,92ca3310-e4e4-3c35-b9ee-6d0d02fddbbd,0.2634301619433198,0.0425101214574898,988.0,15617,default,outlier,outlier,1.0,1.0,42.0,E,0.4394835624444198,2
28748,9302aac4-f93b-3bf0-907d-74095178e9fb,0.0797749169435216,0.0157807308970099,150.5,11526,default,Normal,normal,104.0,16.0,38.0,F,0.4394427410235122,2
29565,a5b18b0c-4d86-3ba1-93b3-dd86d606ea89,12.2614075,0.01,200.0,294274,default,Normal,normal,2.0,2.0,4.0,F,0.4394225640071059,2
2953,fb69eba3-25ee-3767-8b6b-9c44cde55dce,0.5319036363636364,0.08,825.0,26330,default,outlier,outlier,2.0,1.0,66.0,E,0.43934804551339646,3
28765,c0c3443e-4b67-389d-8655-c64e1cf3430b,25.942215,0.02,200.0,311307,default,outlier,outlier,1.0,1.0,4.0,F,0.43907556150224347,2
20469,e0c5d76c-cd1e-3094-b9f4-7cc7d3cefc1d,25.60138,0.02,200.0,307217,default,outlier,outlier,1.0,1.0,4.0,F,0.43907556150224347,2
8208,d0efcef2-fae2-3b9e-b63f-cb10152cba17,491.0318,0.6,5.0,147310,default,outlier,outlier,1.0,1.0,3.0,E,0.43901434894078983,2
23944,b001b332-e11a-36f8-85d9-21fcf9e6ea35,0.0033056438791732,0.0047694753577106,52.41666666666666,500,default,Normal,normal,40.0,48.0,12.0,F,0.438970477152026,3
16684,21f4b4e7-ce7a-3b4d-b98e-00347b37b526,30.77556989247312,0.2311827956989247,186.0,343456,default,outlier,outlier,1.0,1.0,43.0,E,0.43876611502843804,2
6195,e6f4c143-e3ce-3cbf-b02c-39be9a08d8d3,17.3723670411985,0.1910112359550561,267.0,278306,default,outlier,outlier,1.0,1.0,51.0,E,0.43866597253708783,2
21034,9be323da-15da-32ba-a0f5-e23112e010ba,449.72516666666667,0.8333333333333334,6.0,161902,default,outlier,outlier,1.0,1.0,5.0,F,0.43862041769461413,2
31589,cbe57192-8980-30aa-8ef2-0d5c5532a40c,459.3843333333333,0.8333333333333334,6.0,165379,default,outlier,outlier,1.0,1.0,5.0,F,0.43862041769461413,2
8478,d53d1646-1723-3715-aa80-ce3a92aab8a6,0.5229102803738318,0.2037383177570093,535.0,16786,default,outlier,outlier,4.0,1.0,109.0,E,0.4386183403269127,3
31028,2abe24d8-adfe-363b-acc5-83dc5ab0f30e,0.2523996138996139,0.0791505791505791,13.63157894736842,7845,default,Normal,normal,44.0,38.0,41.0,F,0.43786608280828815,2
31735,c3c04a41-7245-396e-b205-bb7cc126e7d3,147.18579545454543,0.2954545454545454,44.0,388571,default,outlier,outlier,1.0,1.0,13.0,F,0.4378098676538373,2
29053,6cb950b0-d572-3f05-9565-7c57988fad9b,0.0003523809523809,0.0380952380952381,2.142857142857143,3,default,Normal,normal,51.0,49.0,4.0,F,0.43765194427084886,3
17634,5bde4b10-e57d-3fe1-92ec-b53656cdd1aa,0.7249030037546934,0.0863579474342928,799.0,34752,default,outlier,outlier,1.0,1.0,69.0,E,0.4374103117014398,3
2207,8c001f0a-c661-3bd4-8ac9-f3f36402203d,12.124418300653597,0.0588235294117647,17.0,111303,default,BingPreview/1.0b;bingbot/2.0,bot,70.0,9.0,9.0,E,0.4373825451880046,1
79,17e13af4-d51e-3a48-9573-13e900980271,128.51939393939395,0.696969696969697,33.0,254469,default,outlier,outlier,1.0,1.0,23.0,E,0.43694749674367334,1
21571,ef96cd77-b493-3c1d-ad3a-b54749751cf5,24.347125,0.01,200.0,292166,default,outlier,outlier,1.0,1.0,2.0,F,0.43674649532238785,2
4051,59446d80-762c-3b64-b0b7-f30ae0a9a690,13.435271739130432,0.0507246376811594,15.333333333333334,111245,default,BingPreview/1.0b;bingbot/2.0,bot,66.0,9.0,7.0,E,0.4365984506074203,1
16740,e3e8c04b-2bdf-3d05-8b26-fafbca82e5b2,182.86308333333332,0.6666666666666666,24.0,263323,default,outlier,outlier,1.0,1.0,16.0,E,0.43652277735199196,2
28664,b0e560cc-19da-3173-ae92-e1dfcc984dbb,0.1485844504021447,0.0335120643431635,48.12903225806452,13302,default,Normal,normal,39.0,31.0,50.0,F,0.4364467421087206,2
2829,a36e5b38-cb71-35c9-b7d5-9f3754606974,0.5061436114044351,0.0559662090813094,947.0,28760,default,outlier,outlier,1.0,1.0,53.0,E,0.4364031109496618,2
7688,e90056d2-6d0b-324f-828d-39f429ff524e,502.72925,0.75,4.0,120656,default,outlier,outlier,1.0,1.0,3.0,E,0.436353373920619,2
21561,d2a0e9a5-43ea-31f4-b71f-602e989a4d05,408.3713333333333,0.6666666666666666,9.0,220521,default,outlier,outlier,1.0,1.0,6.0,F,0.436350024947572,2
34418,e564f100-0a97-3dd8-8b55-fb1e801bd228,0.0309516274864376,0.0162748643761302,245.77777777777777,4108,default,Normal,normal,99.0,9.0,36.0,F,0.4363392389353476,1
22674,dc2705fa-97f1-32d5-baa9-f60e6af5a7f4,0.1385502881089576,0.0204295442640125,146.84615384615384,15870,default,Normal,normal,88.0,13.0,39.0,F,0.4363155432651011,1
2664,9ddf8036-f65a-32d2-bb03-4a9267b4addc,516.29625,0.5,4.0,123912,default,outlier,outlier,1.0,1.0,2.0,E,0.436238671189387,2
23937,9ba2f771-7ffd-33c9-ae00-029de4aea99c,364.6189,0.3,5.0,218772,default,Normal,normal,2.0,2.0,3.0,F,0.4359671541831057,2
10478,4081d5c6-92b7-38ec-9ae1-0a1dc1e8fe2b,9.611709844559586,0.0466321243523316,21.444444444444443,111304,default,BingPreview/1.0b;bingbot/2.0,bot,61.0,9.0,9.0,E,0.43576419016109813,1
33133,69dac817-c4bf-3927-811e-11ef5845e449,406.3135,1.0,4.0,97516,default,outlier,outlier,1.0,1.0,4.0,F,0.4357582358893497,2
27362,015130a8-719c-3cf1-8a43-e6da3b1bc15a,0.0044338929695697,0.0178384050367261,19.448979591836736,254,default,Normal,normal,55.0,49.0,17.0,F,0.4357190751369727,2
25950,d62f7281-c92e-3a7c-8bd2-d108b485f2c7,0.06727587890625,0.015625,227.55555555555557,8267,default,Normal,normal,88.0,9.0,32.0,F,0.435687830875224,1
5634,b6227c4f-e7db-3857-91eb-70fe53a66372,1.8472248263888889,0.1388888888888889,576.0,63841,default,outlier,outlier,2.0,1.0,80.0,E,0.4356448808906358,3
33074,c007968c-f078-3e2a-9209-dd18acf3cd08,0.0094496402877697,0.0431654676258992,5.673469387755102,158,default,Normal,normal,61.0,49.0,12.0,F,0.43550589924691446,2
24114,bf554be8-cb29-380a-8b0a-21e63428d613,0.0002125984251968,0.0472440944881889,2.54,2,default,Normal,normal,51.0,50.0,6.0,F,0.4354583769183088,3
31279,3ffefa7c-e214-3678-a84e-e1ef35ba55e0,385.9358,1.0,5.0,115781,default,outlier,outlier,1.0,1.0,5.0,F,0.4354356028007822,2
22418,b2c33cc8-8f54-3a0f-9700-80a587ad1515,385.3084,1.0,5.0,115593,default,outlier,outlier,1.0,1.0,5.0,F,0.4354356028007822,2
19122,38749dd8-1225-3ab3-974a-b432d28a362b,387.4466,1.0,5.0,116234,default,outlier,outlier,1.0,1.0,5.0,F,0.4354356028007822,2
10844,111b8372-9059-3421-8cc3-9f0139ee430f,1.92228,0.12,600.0,69203,default,outlier,outlier,1.0,1.0,72.0,E,0.43541009570045586,3
25712,f23d19eb-8a2f-32b6-857a-c80bb90b8c4e,0.0139453493356193,0.0145735105015002,233.3,1953,default,Normal,normal,94.0,10.0,34.0,F,0.43535646154248975,2
15642,646149d9-844f-39ab-a416-8ed5b05412d0,148.8744864864865,0.1081081081081081,37.0,330502,default,BingPreview/1.0b;bingbot/2.0;unknown,bot,1.0,1.0,4.0,E,0.4353072642554939,2
7491,d6ce84e7-dad6-32de-b476-38329e0bbf2c,410.03028571428575,0.8571428571428571,7.0,172213,default,outlier,outlier,1.0,1.0,6.0,E,0.4350160892600342,2
13037,3878d6af-97db-35d3-a4fa-bb31749ce4e6,0.5824637203166227,0.0936675461741424,758.0,26491,default,outlier,outlier,1.0,1.0,71.0,E,0.4348966824086,3
19914,098b50e3-3e83-3d3c-8ebe-cb425b7f1e9c,0.0161380753138075,0.1799163179916318,6.289473684210527,232,default,Normal,normal,50.0,38.0,43.0,F,0.4348751639098892,2
21080,f915ad82-06cb-3fe7-82b2-6d2e0714b4ae,0.0033266129032258,0.0483870967741935,12.4,124,default,Normal,normal,52.0,50.0,30.0,F,0.4348019619944693,2
27481,6acfa4bd-b5bc-3a68-9e78-da642add2b49,0.0421696931747025,0.0256731371321227,39.925,4041,default,Normal,normal,36.0,40.0,41.0,F,0.43477940264913106,2
22396,574cff38-2a89-3370-9587-b16953f7bdcb,0.1751270105379922,0.0277315585135884,62.172413793103445,18946,default,Normal,normal,37.0,29.0,50.0,F,0.43475975326067895,2
1603,7d549867-faa7-3de0-80bd-883861fda369,391.99175,1.0,4.0,94079,default,outlier,outlier,1.0,1.0,4.0,E,0.4346916186125062,2
2311,c99212f8-0db6-3ef2-94e9-926b71a51022,0.1668121212121212,0.0343434343434343,990.0,9909,default,outlier,outlier,1.0,1.0,34.0,E,0.43446391513812227,2
9705,5b070fa4-88f8-33cf-9477-bdc6825e5110,169.69070967741936,0.3548387096774194,31.0,315625,default,BingPreview/1.0b;unknown,bot,1.0,1.0,11.0,E,0.4343691692636512,2
14978,f43a814c-b7fd-3a0c-91c5-a83087110791,0.3918266033254157,0.0819477434679334,842.0,19796,default,outlier,outlier,1.0,1.0,69.0,E,0.4343600634416904,3
24961,ec1185cd-9c25-3bae-bcc9-6e6d2170347c,197.1583,0.3,30.0,354885,default,outlier,outlier,1.0,1.0,9.0,F,0.4343079439993648,2
25633,374d7f8c-8ca2-3329-80ba-cfd86ce64d88,0.0754356597600872,0.0207197382769901,229.25,8301,default,Normal,normal,83.0,8.0,38.0,F,0.43423640840615263,1
34304,98b093aa-2c6c-3304-a3ba-a656736ebb3b,488.487375,0.5,2.0,117237,default,Normal,normal,2.0,2.0,2.0,F,0.43420277546501795,2
5643,dc371a49-5254-3c6b-a7cf-55ecb2216a59,0.6921670886075949,0.0848101265822784,790.0,32809,default,outlier,outlier,1.0,1.0,67.0,E,0.43387277106095773,3
34374,6310dd85-0085-3cf5-ac66-d694adafa7e8,0.0981259640102827,0.0514138817480719,21.61111111111111,4581,default,Normal,normal,52.0,36.0,40.0,F,0.4338120444825103,2
20664,2c2f9309-f8c9-3089-80a8-005cfe783f67,312.4023571428572,0.2142857142857142,14.0,262418,default,outlier,outlier,1.0,1.0,3.0,F,0.43378465279550193,2
28189,91304761-302e-337d-a7c6-2583e6bc336d,0.0040590219224283,0.0219224283305227,11.86,145,default,Normal,normal,55.0,50.0,13.0,F,0.4337384425272788,2
25785,e2ca1c6a-8326-37fa-9cf5-c4ab736038fe,0.0032419700214132,0.0299785867237687,8.98076923076923,91,default,Normal,normal,56.0,52.0,14.0,F,0.4337304873601082,2
27798,3c650d7e-5382-3974-8fcd-dff9091b9b4a,9.70873786407767e-06,0.0485436893203883,2.1020408163265305,1,default,Normal,normal,52.0,49.0,5.0,F,0.43357968453363027,4
30695,57525bc9-951a-3b6a-abd1-2bc3011911f7,0.0767756294964028,0.0161870503597122,185.33333333333331,10245,default,Normal,normal,95.0,12.0,36.0,F,0.4335674819344826,1
3728,c28ac649-3a01-38af-9153-6a4572c1fc88,14.263261538461538,0.0538461538461538,14.444444444444445,111254,default,BingPreview/1.0b;bingbot/2.0,bot,61.0,9.0,7.0,E,0.433494052264924,1
723,5d35807f-d2dd-37a9-a280-f54002ec00f4,1.0153417159763314,0.1183431952662721,676.0,41183,default,outlier,outlier,1.0,1.0,80.0,E,0.4333495468754577,3
31683,179a2208-c958-314b-a8f3-ea4d790299d5,0.0603807531380753,0.0130172013017201,307.2857142857143,7793,default,Normal,normal,88.0,7.0,28.0,F,0.4333495154468928,1
18596,0c0cb7e9-2f12-39a4-b8b0-5e8ecd03dad2,518.8143333333334,0.5,6.0,186774,default,outlier,outlier,1.0,1.0,3.0,F,0.43319934573964913,2
10608,b0308442-f1c1-3f54-adf4-ede2a01adb73,13.260939285714286,0.0571428571428571,15.555555555555555,111392,default,BingPreview/1.0b;bingbot/2.0,bot,66.0,9.0,8.0,E,0.4328759758657905,1
30009,3b8b3024-b735-32fb-b8d4-f564f8541b83,0.0007089442815249,0.0190615835777126,14.51063829787234,30,default,Normal,normal,56.0,47.0,13.0,F,0.4328550910627206,2
33513,484ed930-4915-3d59-a1d9-a1299f0f100e,0.1873108522378908,0.0331085223789086,60.407407407407405,18331,default,Normal,normal,33.0,27.0,54.0,F,0.4327385296710199,2
15931,83c34b26-0114-389d-b403-727ec0841a62,0.0001104294478527,0.0061349693251533,163.0,2,default,outlier,outlier,157.0,1.0,1.0,E,0.43271910058914226,2
27014,dcb43bd0-deca-308f-a40e-a21ce1bb082e,24.219495,0.015,200.0,290634,default,outlier,outlier,1.0,1.0,3.0,F,0.43243674242451313,2
24455,d694b502-023f-364b-b829-ecbeb434cc2d,0.0004732142857142,0.0446428571428571,2.333333333333333,4,default,Normal,normal,50.0,48.0,5.0,F,0.43237604449615386,3
18575,bcf34910-6ecb-38f3-9286-b6deadbd56e3,12.0134875,0.01,200.0,288324,default,Normal,normal,2.0,2.0,4.0,F,0.4323250593858679,2
5633,b55205a2-7e96-3811-8014-2d71dd5f6e08,0.0001165644171779,0.0061349693251533,163.0,2,default,outlier,outlier,158.0,1.0,1.0,E,0.432277971000677,2
20199,8b14fcde-f6c2-3db9-bcb4-61149cd89d7c,481.15542857142856,0.5714285714285714,7.0,202086,default,outlier,outlier,1.0,1.0,4.0,F,0.43201221222999786,2
7992,637c4dea-b17a-3585-bfdc-a9f6ad307134,0.0007017291066282,0.063400576368876,694.0,30,default,outlier,outlier,24.0,1.0,44.0,E,0.4318445127147652,2
16419,38e91c4d-04ab-3db9-8240-5d402e0205f4,0.0004038076152304,0.0821643286573146,499.0,13,default,outlier,outlier,86.0,1.0,41.0,E,0.43184039372072386,2
31286,4f3a1de6-e0f6-3356-b646-125d3494601e,0.0037834821428571,0.0245535714285714,9.333333333333334,102,default,Normal,normal,52.0,48.0,11.0,F,0.43176744298456726,2
178,0766a3bb-63dc-370a-b038-d520471601a9,0.4008085991678224,0.1054091539528432,721.0,17339,default,outlier,outlier,2.0,1.0,76.0,E,0.4317649425439986,3
8725,3bf97f1b-7800-3276-8e05-ac6d92f2db7b,100.81101666666666,0.15,60.0,362920,default,outlier,outlier,1.0,1.0,9.0,E,0.43166016814678165,2
28361,9d5a528a-3f23-3ad4-84a6-9b9ce5a37a8e,246.3861304347826,0.3043478260869565,23.0,340013,default,outlier,outlier,1.0,1.0,7.0,F,0.4316449966940723,2
22944,cc9163ef-3089-3024-bab0-278ed90cd001,0.0018918918918918,0.0168918918918918,12.595744680851064,68,default,Normal,normal,48.0,47.0,10.0,F,0.4315349344606886,2
30467,d617b383-4359-3967-a67f-9ce75a44c7d5,0.0162636363636363,0.05,8.8,430,default,Normal,normal,64.0,50.0,22.0,F,0.43151003934192944,2
33706,f4996176-d7e9-3693-847d-77aed239e86c,0.0811326198231735,0.0176826430898092,143.26666666666668,10462,default,Normal,normal,97.0,15.0,38.0,F,0.43134876695877633,1
27885,29f4ab8e-fc10-3d09-9d4c-1ef79ca3a873,0.0154909194097616,0.014188422247446,38.30434782608695,1638,default,Normal,normal,51.0,46.0,25.0,F,0.4312128800418602,2
14901,2a18390e-9d31-339b-bb89-9a79157b650a,0.5301559074299634,0.0791717417783191,821.0,26116,default,outlier,outlier,1.0,1.0,65.0,E,0.43106461641411503,3
15737,7c816e3e-5bde-3707-b932-5d96965eb5c3,1.1420720838794234,0.073394495412844,763.0,52285,default,outlier,outlier,2.0,1.0,56.0,E,0.43105328438491536,3
10345,c04224be-c1f9-38e7-b5ed-3beb8991121a,0.8571420863309352,0.1690647482014388,556.0,28595,default,outlier,outlier,1.0,1.0,94.0,E,0.43083870535932944,3
21332,33621484-ff71-3bee-82d1-b4a766eb116e,395.8845,1.0,4.0,95013,default,outlier,outlier,1.0,1.0,4.0,F,0.4308016939509837,2
4184,9d044374-6fa7-358c-adc0-179cdc264e36,0.68078859527121,0.0987482614742698,719.0,29370,default,outlier,outlier,2.0,1.0,71.0,E,0.430769911397943,3
1787,ad6cc32c-3389-3d64-a4bb-1744fb6327c3,401.30628571428576,0.8571428571428571,7.0,168549,default,outlier,outlier,1.0,1.0,6.0,E,0.43068310258087633,2
17411,c8074bbc-56b4-34cb-a75c-43ac248a8766,3.947360465116279,0.1492248062015503,516.0,122211,default,outlier,outlier,1.0,1.0,77.0,E,0.4306041271106746,3
34019,c8617f00-133c-3b20-8ded-de6e16e122de,466.2995,0.25,4.0,111912,default,outlier,outlier,1.0,1.0,1.0,F,0.4305659506651552,2
20838,323e38b7-e551-3a1e-a5de-dcb03ff84869,0.1718768624014023,0.0184049079754601,81.5,23534,default,Normal,normal,41.0,28.0,42.0,F,0.4304979529619303,1
25781,ce69bd65-7088-36e1-aae2-fe2675b7474f,0.0024262948207171,0.0517928286852589,4.921568627450981,37,default,Normal,normal,59.0,51.0,13.0,F,0.43044019080962304,2
1106,b6df5057-374b-3a7b-b42d-0d76a47ca830,142.8760512820513,0.1025641025641025,39.0,334330,default,BingPreview/1.0b;bingbot/2.0;unknown,bot,1.0,1.0,4.0,E,0.4301744549877011,2
4156,5d38850d-8040-3021-8487-50298ec497d1,504.54875,0.5,4.0,121092,default,outlier,outlier,1.0,1.0,2.0,E,0.42998548166421946,2
16655,e576b183-6c97-3a8c-88db-7c4ee11a0da9,0.2621004098360656,0.0461065573770491,976.0,15349,default,outlier,outlier,1.0,1.0,45.0,E,0.42985041932777246,2
24781,def365c5-ce33-3d7d-8417-40bea5eec5bb,67.92801052631579,0.1684210526315789,95.0,387190,default,outlier,outlier,1.0,1.0,16.0,F,0.4298228192542865,2
7584,d847dd4f-ab68-3621-976e-9b09d8153980,0.7988424317617867,0.0794044665012407,806.0,38633,default,outlier,outlier,2.0,1.0,64.0,E,0.42975767479246463,3
23715,01619d43-ccdb-3290-ac64-e8c9ef956adf,0.0211280276816609,0.1176470588235294,6.282608695652174,367,default,Normal,normal,57.0,46.0,34.0,F,0.42967576240534955,2
29165,dde80524-95c5-3d9c-820a-867681b51df1,0.005528947368421,0.031578947368421,7.916666666666667,127,default,Normal,normal,56.0,48.0,12.0,F,0.42959348201346637,2
34083,a6af73b7-4a16-30fe-bbb0-b963bc05bbe7,394.27275,1.0,4.0,94626,default,outlier,outlier,1.0,1.0,4.0,F,0.42948069770229347,2
31658,ca5d2f08-b652-39e2-a089-c0c9eb1b0f70,0.1851621465666474,0.0323139065204847,64.18518518518519,19254,default,Normal,normal,32.0,27.0,56.0,F,0.42939392584803104,2
31938,0ca122d5-c769-3f66-a050-8d33ecdf1f63,0.0351452599388379,0.0157273918741808,208.0909090909091,4827,default,Normal,normal,102.0,11.0,36.0,F,0.42918961153240637,1
33084,ed056962-982e-30f1-b454-92d21d5a7f6c,437.54,1.0,3.0,78758,default,outlier,outlier,1.0,1.0,3.0,F,0.4291208512928477,2
27247,9a1155f6-3061-340e-b695-c69dfcc8c218,0.0053783570300157,0.0221169036334913,13.1875,205,default,Normal,normal,54.0,48.0,14.0,F,0.429047100321445,2
23360,673edc69-eb57-3ec2-98ae-d588cf892914,512.7465,0.75,4.0,123060,default,outlier,outlier,1.0,1.0,3.0,F,0.42904409527927045,2
13597,430eae30-090c-3626-89ae-ddb5c301bdac,0.321002004008016,0.0390781563126252,998.0,19222,default,outlier,outlier,1.0,1.0,39.0,E,0.4290378086787442,2
5086,9cad86bd-9a5a-3769-9911-e3480b7228b1,0.5208445667125172,0.0949105914718019,727.0,22720,default,outlier,outlier,2.0,1.0,69.0,E,0.42896988028851574,3
22938,b8a72323-24db-3813-9b29-a065d2080676,0.138519377382465,0.0304955527318932,54.27586206896552,13082,default,Normal,normal,38.0,29.0,48.0,F,0.42848175811745526,1
19429,283ecde3-a41a-35e4-a814-39ee8cbb9f8f,0.0686658476658476,0.1425061425061425,13.566666666666666,1677,default,Normal,normal,39.0,30.0,58.0,F,0.4284755860613561,2
24427,a3e0717a-d80e-3781-bd2a-0e2d013edc54,0.3165119291070211,0.0374914792092706,58.68,27860,default,Normal,normal,31.0,25.0,55.0,F,0.428354668005297,2
26345,23e320e1-aff9-39b2-82bf-5795f000dba7,0.8017926980198019,0.0297029702970297,323.2,77742,default,Normal,normal,16.0,5.0,48.0,F,0.4281109331673109,1
24600,a4ef8cdb-b9e1-36d4-a980-be7332ba207b,0.0532757575757575,0.0909090909090909,7.0212765957446805,1055,default,Normal,normal,55.0,47.0,30.0,F,0.42805056287756515,2
33252,fb54c44d-696b-3e5e-97ce-6895f8651d0f,0.0279879825200291,0.0254916241806263,32.69047619047619,2306,default,Normal,normal,41.0,42.0,35.0,F,0.42782436879674446,2
4510,331039c9-4c9c-3851-b46d-0a275180ba52,428.63757142857145,0.4285714285714285,7.0,180028,default,outlier,outlier,1.0,1.0,3.0,E,0.4278171359310319,2
22794,2356994c-6b8d-34f1-a17e-44155c018340,0.0091608527131782,0.0329457364341085,11.727272727272728,284,default,Normal,normal,83.0,44.0,17.0,F,0.4277568595787445,2
5050,2caa159e-7ddd-3953-a508-423e268e01f7,396.386,0.375,8.0,190266,default,Googlebot/2.1;Yahoo! Slurp;unknown,bot,1.0,1.0,3.0,E,0.42774656298957414,2
15927,72241b63-2d8c-3adc-9aa2-5a2d5aea3781,356.82875,0.875,8.0,171278,default,outlier,outlier,1.0,1.0,7.0,E,0.4277127966733129,2
24407,5d245745-9eab-322c-9023-7a081d35d3a0,186.1637037037037,0.2592592592592592,13.5,301586,default,Normal,normal,2.0,2.0,7.0,F,0.42761261283349206,2
13342,fdd29482-f091-36b0-bce6-ab09ecba6249,0.8929837019790453,0.059371362048894,859.0,46025,default,outlier,outlier,1.0,1.0,51.0,E,0.4275263390543441,2
30486,13d42a48-9969-3dea-8aa3-0caf674540e0,0.1792869225764476,0.0325309043591411,54.892857142857146,16534,default,Normal,normal,37.0,28.0,50.0,F,0.4275262541315036,1
14650,9554100d-fd60-331e-b01f-fcbf1ce44df9,256.6576875,0.625,16.0,246392,default,outlier,outlier,1.0,1.0,10.0,E,0.4273700918479718,2
7324,e64cde48-074c-3b1e-a457-e08cf82b983e,0.3075403111739745,0.1046676096181046,707.0,13046,default,outlier,outlier,1.0,1.0,74.0,E,0.4273114858427338,3
17219,853294c2-73b7-3d8f-b97f-f15ba95d038c,0.6157631578947369,0.0515350877192982,912.0,33695,default,outlier,outlier,1.0,1.0,47.0,E,0.426994711335793,2
18010,cc51115a-6212-3276-9a67-90c8fac67dbb,0.0025821287779237,0.026281208935611,17.295454545454547,118,default,Normal,normal,79.0,44.0,20.0,F,0.42692031893593496,2
6459,ef583e3d-fb5f-3ebf-af41-f2b67ec2bfd5,1.128762987012987,0.0766233766233766,770.0,52149,default,outlier,outlier,1.0,1.0,59.0,E,0.4268927326117028,3
15532,2e08e0a4-e90d-3f0b-a74c-32bb510de143,40.65354609929079,0.2553191489361702,141.0,343929,default,outlier,outlier,1.0,1.0,36.0,E,0.42685257993502956,2
14920,44fd368c-e07d-3769-b258-921cf9e61404,471.8,0.75,4.0,113232,default,outlier,outlier,1.0,1.0,3.0,E,0.42684375960162013,2
5848,4f554be1-ae37-3a6f-96f1-897e452d2396,1.9013292469352012,0.12784588441331,571.0,65140,default,outlier,outlier,2.0,1.0,73.0,E,0.42677066456981383,3
29070,9f6498b7-aac3-32d0-a668-3898c8da0c91,2.571585760517799,0.0258899676375404,618.0,95355,default,outlier,outlier,2.0,1.0,16.0,F,0.42672428322861145,2
26338,06a105bb-c361-3f02-8429-e973120cfec6,0.0372,0.1483870967741935,9.117647058823527,692,default,Normal,normal,43.0,34.0,46.0,F,0.4266618873018481,2
32657,c843325b-7a49-3984-916f-837f470ebb3a,2.1965434782608697,0.031055900621118,483.0,127312,default,Normal,normal,10.0,2.0,30.0,F,0.42651821708194604,2
11581,47e8b41d-0f11-3546-b3cf-bdb894e2fe56,469.0244,0.6,5.0,140708,default,outlier,outlier,1.0,1.0,3.0,E,0.42650969254377985,2
9415,4cb6fac5-9127-3a3c-b046-89c805b45ada,0.5185475113122172,0.0565610859728506,884.0,27504,default,outlier,outlier,2.0,1.0,50.0,E,0.4264219585078678,2
28051,f94cf242-4f89-3d9e-ba69-596f95530c53,454.841,0.6666666666666666,6.0,163743,default,outlier,outlier,1.0,1.0,4.0,F,0.4262421486921443,2
26145,e5b76f09-9c40-33ec-9665-32462d4c2da1,435.3323333333333,1.0,3.0,78360,default,outlier,outlier,1.0,1.0,3.0,F,0.4260719552218357,2
30528,add60a15-bf3d-3c72-a74c-399480762130,0.0410921595598349,0.0160476845483723,155.78571428571428,5378,default,Normal,normal,94.0,14.0,35.0,F,0.4260369931668614,1
3107,845a9022-abed-3ccf-a1a6-2f97edcc258c,0.0012018413597733,0.0665722379603399,35.3,51,default,Googlebot/2.1,bot,110.0,20.0,47.0,E,0.42603650127384984,2
6757,646d1984-f5de-3565-a41b-e1605a66f249,0.3738119047619048,0.0773809523809523,840.0,18841,default,outlier,outlier,1.0,1.0,65.0,E,0.4259780098405388,3
12731,d77766cb-3570-3749-95bb-ed30b0a52683,6.859756097560976e-05,0.0701219512195122,656.0,3,default,outlier,outlier,23.0,1.0,46.0,E,0.4257639872227863,3
25292,3d66d8c2-f5d8-333a-ac6a-01163ed35369,11.80098,0.01,200.0,283224,default,Normal,normal,2.0,2.0,4.0,F,0.42558458682891265,2
21705,90b2585d-e73e-390e-9bbc-081bfdcb8ee4,0.0159668997668997,0.0149184149184149,195.0,2055,default,Normal,normal,99.0,11.0,32.0,F,0.4253408500226026,1
25149,6946e5ff-b8f7-34ec-83c2-37dcf6182a55,429.5703333333333,1.0,3.0,77323,default,outlier,outlier,1.0,1.0,3.0,F,0.4251943410972913,2
30723,98bd6471-9526-3d57-841c-cbc79b699760,433.9106666666667,1.0,3.0,78104,default,outlier,outlier,1.0,1.0,3.0,F,0.4251943410972913,2
9386,f68f157a-9df6-3a60-b2e9-d6372ebdec9f,12.213138157894736,0.0789473684210526,16.88888888888889,111384,default,BingPreview/1.0b;bingbot/2.0,bot,70.0,9.0,12.0,E,0.4248259622044795,1
7815,57d53415-2945-3407-ab0d-15d6045790fc,1.292123407643312,0.125796178343949,628.0,48688,default,outlier,outlier,2.0,1.0,79.0,E,0.4247799112411812,3
2973,2fad1af2-e7c8-3606-ac51-c669a6e438f8,0.8730380747126437,0.1034482758620689,696.0,36459,default,outlier,outlier,1.0,1.0,72.0,E,0.42476540033926613,3
9840,1b8199b8-5a8d-33c0-b637-6d598bf813d1,0.2556769547325103,0.044238683127572,972.0,14912,default,outlier,outlier,1.0,1.0,43.0,E,0.4247107108692729,2
13,39be731d-0db8-359c-aef0-e85c6f26778e,40.34403424657534,0.2328767123287671,146.0,353414,default,outlier,outlier,1.0,1.0,34.0,E,0.42454406588807186,2
13315,b7a76868-83e0-373e-ae82-21a2bda494e3,1.735595,0.1283333333333333,600.0,62482,default,outlier,outlier,1.0,1.0,77.0,E,0.4244219162172019,3
21389,efd42352-8455-345b-ae0f-8b2a6f72ab3a,175.23348484848486,0.303030303030303,33.0,346963,default,outlier,outlier,1.0,1.0,10.0,F,0.42435728744070234,2
21750,2d5304d5-b6d9-3be2-b328-6bbf8cf1ab09,183.38279310344828,0.1379310344827586,29.0,319087,default,outlier,outlier,1.0,1.0,4.0,F,0.42419334645280365,2
4863,5a58c0c0-3983-31f6-833b-f006b9a6eae5,27.43248,0.205,200.0,329190,default,outlier,outlier,1.0,1.0,41.0,E,0.42411169226035406,2
9926,1813b7c1-6ab5-3c15-9512-4901b23f5408,0.5849097311139565,0.085787451984635,781.0,27409,default,outlier,outlier,1.0,1.0,67.0,E,0.42399024456551493,3
9715,7f9832d2-d660-3a94-84fe-d5a6031e6bd9,0.9066398195876288,0.0850515463917525,776.0,42214,default,outlier,outlier,1.0,1.0,66.0,E,0.4239557358955673,3
1947,723c0511-bd1e-30b7-b07b-6fa96d785344,0.9074562913907284,0.0874172185430463,755.0,41108,default,outlier,outlier,1.0,1.0,66.0,E,0.4239557358955673,3
31363,06d51186-e184-3155-be9b-15db81270590,0.0053911111111111,0.0288888888888888,9.375,146,default,Normal,normal,55.0,48.0,13.0,F,0.42375341363792973,2
500,a6b87436-a600-3e4c-bd01-04b520a39b9e,118.06502127659574,0.1276595744680851,47.0,332944,default,BingPreview/1.0b;Mobile Safari,bot,1.0,1.0,6.0,E,0.423560956852719,2
12315,2ce8c0e7-366e-32c3-858a-239f9b9461d4,43.96918811881188,0.0099009900990099,101.0,266454,default,outlier,outlier,1.0,1.0,1.0,E,0.42355878950831805,2
30596,6e3a638d-51cc-30ef-badc-edd06d432bac,0.3605233853006682,0.0163325909428359,673.5,29138,default,Normal,normal,3.0,2.0,22.0,F,0.4233335482355953,2
5054,3c050611-51ed-38cd-9701-0b89d002d32b,1.2648726333907057,0.1394148020654044,581.0,44094,default,outlier,outlier,2.0,1.0,81.0,E,0.42323134700077286,3
6882,c5232b07-2971-3dd6-aa0d-b4362ecf24f3,0.5712153432032302,0.0942126514131897,743.0,25465,default,outlier,outlier,1.0,1.0,70.0,E,0.42313436292668116,3
24881,e1a44ccb-4814-3832-bc4c-bcae372335f8,10.7702375,0.01,200.0,258486,default,Normal,normal,2.0,2.0,4.0,F,0.4229801656557245,2
26890,2fbe94d6-ac99-3c8e-9ede-e17da9061db0,81.41303378378379,0.1081081081081081,37.0,361474,default,Normal,normal,2.0,2.0,8.0,F,0.42292370590854256,2
21829,48226dfb-f1ef-3b6b-894d-8906ce9eb707,0.0028161252900232,0.0266821345707656,17.24,146,default,Normal,normal,51.0,50.0,23.0,F,0.42282639210652634,2
977,513a86aa-6d1a-3a6e-9caf-4ae09e21fc30,0.951135496183206,0.0801526717557251,786.0,44856,default,outlier,outlier,1.0,1.0,63.0,E,0.4225301855369462,3
16364,6c8715cd-e2e7-3e17-9dc7-edc7aecf867c,0.4729144385026738,0.0949197860962566,748.0,21225,default,outlier,outlier,1.0,1.0,71.0,E,0.4224317277191286,3
19450,7174c619-56f8-38ed-a9f4-b9e23ffc3151,388.81428571428575,0.8571428571428571,7.0,163302,default,outlier,outlier,1.0,1.0,6.0,F,0.42190238715664385,2
31513,f1f1cae9-3da8-3181-8bd1-c9af1290d060,386.21328571428575,0.8571428571428571,7.0,162210,default,outlier,outlier,1.0,1.0,6.0,F,0.42190238715664385,2
29744,1827d4bc-241b-3557-b7d4-457748481bd6,0.1059476767676767,0.006060606060606,56.25,15734,default,Normal,normal,44.0,44.0,15.0,F,0.4218863165678716,2
20860,74b2bfec-8365-3400-9915-ec49eb2ca090,2.538206057596822,0.0377358490566037,335.6666666666667,153359,default,Normal,normal,12.0,3.0,38.0,F,0.4218686327906883,1
26487,c5a5cb23-2969-304b-bdea-1ef334647dae,0.0824508002371072,0.0237107291049199,241.0,8346,default,Normal,normal,70.0,7.0,40.0,F,0.42180910222406554,1
31503,bf044149-9d27-3736-becb-9630bcd7dd9a,491.8565,0.75,4.0,118046,default,outlier,outlier,1.0,1.0,3.0,F,0.42166939216726473,2
18269,f984b65a-29a7-3b9d-9cc3-e53a3893b287,494.15925,0.75,4.0,118599,default,outlier,outlier,1.0,1.0,3.0,F,0.42166939216726473,2
20760,43f2ddc7-41f0-39a3-89e5-598365a5de30,489.56675,0.75,4.0,117497,default,outlier,outlier,1.0,1.0,3.0,F,0.42166939216726473,2
19538,5916256c-0047-3c0b-baa9-b9f364174ca0,489.85775,0.75,4.0,117566,default,outlier,outlier,1.0,1.0,3.0,F,0.42166939216726473,2
714,3613af80-105d-35bb-89d1-7d445d7f3296,212.8361052631579,0.1578947368421052,19.0,242634,default,BingPreview/1.0b;Mobile Safari;bingbot/2.0,bot,1.0,1.0,3.0,E,0.42147306888898084,2
12824,c23f3cdc-249b-3306-b960-7833f5c7f1fa,7.590370927318296,0.1604010025062656,399.0,181714,default,outlier,outlier,1.0,1.0,64.0,E,0.42138369950918275,3
5164,59612264-649d-3aae-abed-409c8eacbf1b,2.1008185419968304,0.0966719492868462,631.0,79537,default,outlier,outlier,1.0,1.0,61.0,E,0.4213279739595445,3
18790,656719b5-a9d6-38d5-95db-8603e648928f,504.1975,0.75,4.0,121008,default,outlier,outlier,1.0,1.0,3.0,F,0.4212968751869481,2
25571,834fa47b-b255-36ba-a16e-121deff3a9ee,507.293,0.75,4.0,121751,default,outlier,outlier,1.0,1.0,3.0,F,0.4212968751869481,2
24473,111aed4e-1abf-365f-a446-90c64f7b270e,23.159695,0.01,200.0,277917,default,outlier,outlier,1.0,1.0,2.0,F,0.42126628865790483,2
11052,6b67a028-e89d-3daf-9dd9-747baa248277,0.9620204081632652,0.091156462585034,735.0,42426,default,outlier,outlier,1.0,1.0,67.0,E,0.4212393932973634,3
17555,7b11b1f8-401c-3124-a8af-65122f80e02d,0.8988338815789474,0.131578947368421,608.0,32790,default,outlier,outlier,2.0,1.0,80.0,E,0.4212145995004831,3
32085,d8bc9c0c-c42f-3e2e-979e-053fac2065cb,31.429706896551725,0.1264367816091954,174.0,328127,default,outlier,outlier,1.0,1.0,22.0,F,0.4212136734563239,2
7,212b75e4-4eab-333e-a0c9-97b30009e4d9,15.913862068965518,0.0775862068965517,11.6,110761,default,BingPreview/1.0b;bingbot/2.0,bot,57.0,10.0,9.0,E,0.4212071013167411,1
8220,fe416013-3c3a-3376-abbd-fd33efaadb24,0.2427656967840735,0.120980091883614,653.0,9512,default,outlier,outlier,2.0,1.0,79.0,E,0.42108384278144356,3
13332,e3059c0e-1951-3fe3-a213-87a4f50d7602,2.0107617260787998,0.1557223264540337,533.0,64305,default,outlier,outlier,2.0,1.0,83.0,E,0.4209977235475202,3
33945,ef19c1f9-7c0f-3d1b-9eda-6b5bf55db08b,332.6662857142857,1.0,7.0,139720,default,outlier,outlier,1.0,1.0,7.0,F,0.42099578079535976,2
9916,f0859085-eb86-3ac5-b062-cd0a20bd4eae,269.7453571428572,0.2142857142857142,14.0,226587,default,BingPreview/1.0b;Mobile Safari;bingbot/2.0;unknown,bot,1.0,1.0,3.0,E,0.4209725785512357,2
34349,2631d065-d6b1-3ae2-8e3d-57b94ae4bda9,0.02956,0.0116666666666666,40.0,3193,default,Normal,normal,47.0,45.0,21.0,F,0.4208800573248652,2
8691,07fbeb53-2141-3eb6-b46a-14cf1f005dc8,0.0011748878923766,0.070254110612855,35.21052631578947,48,default,Googlebot/2.1,bot,109.0,19.0,47.0,E,0.42065839644717196,1
20081,0fb08278-685a-3f0b-96a1-08fc12468e53,269.89592857142856,0.1428571428571428,7.0,226713,default,Normal,normal,2.0,2.0,2.0,F,0.4204382809618735,2
32827,e3ca0558-0292-3adc-a96f-af77a4a555af,386.65325,1.0,4.0,92797,default,outlier,outlier,1.0,1.0,4.0,F,0.4204364397611299,2
21668,17b230bb-c6c4-35a8-a977-6255511ebd1a,0.0006901041666666,0.0208333333333333,16.340425531914892,32,default,Normal,normal,51.0,47.0,16.0,F,0.4204080724300236,2
2571,9fa48ee9-b880-34eb-9dae-2edab914de40,320.64414285714287,1.0,7.0,134671,default,outlier,outlier,1.0,1.0,7.0,E,0.42040165795295037,2
11367,d8a16b9f-5a1e-35d0-ba88-7752c5e66607,72.27657746478873,0.4507042253521127,71.0,307899,default,outlier,outlier,1.0,1.0,32.0,E,0.4203444141816687,2
6662,5d741e0f-5e5b-3344-86b1-af72d0aab936,0.6722406779661017,0.055367231638418,885.0,35696,default,outlier,outlier,1.0,1.0,49.0,E,0.4203061452317467,2
4043,4f4f62dd-5f6c-3388-9cc8-9725bdef2ab6,1.267199042407661,0.0848153214774281,731.0,55580,default,outlier,outlier,1.0,1.0,62.0,E,0.42028053949026045,3
10801,accc732b-d8e3-3684-b629-e26126ffde41,0.0001202531645569,0.0063291139240506,158.0,2,default,outlier,outlier,146.0,1.0,1.0,E,0.42023293348989754,2
7620,32f0eebb-a23f-3949-a00e-91484ab94b8b,0.6536545454545454,0.0352941176470588,935.0,36671,default,outlier,outlier,1.0,1.0,33.0,E,0.4202029955836205,2
32511,18368a88-8888-3216-aaa5-80575aec0942,267.1362222222223,1.0,9.0,144254,default,outlier,outlier,1.0,1.0,9.0,F,0.4200780921628475,2
1591,41383f46-8bab-372e-b09a-d86c22fdc31d,361.16266666666667,1.0,3.0,65010,default,outlier,outlier,1.0,1.0,3.0,E,0.41980379899333276,2
24075,55d8fc77-3e4f-35a6-a7cb-422448ae330e,0.0209950980392156,0.1372549019607843,8.742857142857142,386,default,Normal,normal,50.0,35.0,42.0,F,0.4197960526849336,2
27566,4fede9f9-2aea-3806-be0a-47c7f23ae777,0.2160538922155688,0.0306054557551563,51.82758620689656,19484,default,Normal,normal,31.0,29.0,46.0,F,0.4196338896824775,1
12240,69f3baba-f53b-37bb-8865-2dcfa25123d2,60.04,0.3092783505154639,97.0,349433,default,outlier,outlier,1.0,1.0,30.0,E,0.4194505692241034,2
28863,d2bc342c-23f4-309e-8652-32bbc08946c4,0.0518842345773038,0.0152322924600152,437.6666666666667,4088,default,Normal,normal,61.0,3.0,20.0,F,0.41942916871998004,1
22306,36028488-9727-3b9a-bfe8-fcd8e498949a,0.0141283100625902,0.0139624458353394,230.77777777777777,1761,default,Normal,normal,88.0,9.0,29.0,F,0.4193841919260333,1
20632,d339e3ad-f70a-3060-ac1d-40484719405d,0.6893343685300207,0.0300207039337474,29.272727272727277,39954,default,Normal,normal,51.0,33.0,29.0,F,0.41932003924563,1
31512,effcbc9e-9784-32e0-b233-80941332b6cc,8.247422680412371e-05,0.0206185567010309,2.108695652173913,1,default,Normal,normal,46.0,46.0,2.0,F,0.4191601663065427,4
34338,00d13352-9121-3b51-8e13-dfe859a520ff,295.797125,1.0,8.0,141983,default,outlier,outlier,1.0,1.0,8.0,F,0.41913738414635293,2
31494,9f2f1428-e7f9-39da-b70a-9190c76f9272,127.11527083333333,0.125,48.0,366092,default,outlier,outlier,1.0,1.0,6.0,F,0.4190891964979236,2
16270,6363e181-b3ce-3947-9657-a5f63da88507,0.0001125827814569,0.0066225165562913,151.0,2,default,outlier,outlier,147.0,1.0,1.0,E,0.4190731586848717,2
6532,ad290b6b-aa16-32ce-a8d4-1684e145e744,0.0009163059163059,0.0663780663780663,34.65,39,default,Googlebot/2.1,bot,107.0,20.0,46.0,E,0.41896694566152237,2
19519,21a1387d-9f7c-3fa8-bc8b-e64c21afdece,0.0295805698271835,0.0116767865483418,305.85714285714283,3800,default,Normal,normal,93.0,7.0,25.0,F,0.4188264172008692,1
3236,275a07a8-35dc-3e7f-84f0-e028a8ba8619,0.3182821052631579,0.051578947368421,950.0,18143,default,outlier,outlier,1.0,1.0,49.0,E,0.41882176703080176,2
9438,95eb4855-dbd9-34ed-82ea-6f5d3918efef,0.0020661375661375,0.0687830687830687,21.0,71,default,Googlebot/2.1,bot,100.0,27.0,39.0,E,0.41872280961355174,1
24906,28073942-a450-3858-bff2-e4435d7d7883,0.1545507518796992,0.0789473684210526,15.647058823529411,4934,default,Normal,normal,43.0,34.0,42.0,F,0.41869901613285965,2
27520,c164b45b-b194-37f3-b1be-a66957dbc204,0.071369804400978,0.0244498777506112,102.25,7006,default,Normal,normal,90.0,16.0,40.0,F,0.41861983793896906,1
10021,124c37ca-8783-3d11-b178-78d975ccea16,18.396757575757576,0.0606060606060606,11.0,109277,default,BingPreview/1.0b;bingbot/2.0,bot,48.0,9.0,6.0,E,0.41828772872770437,1
28794,0fdd8a19-1802-3c16-8375-60d16599ab4a,21.22522,0.01,200.0,254703,default,outlier,outlier,1.0,1.0,2.0,F,0.4182341604353977,2
27049,4be32a4b-90f2-3755-9fb4-79e8c4758267,46.8669296875,0.125,128.0,359939,default,outlier,outlier,1.0,1.0,16.0,F,0.41814797025159756,2
30780,647db44e-a9e9-3a97-8a60-3340919c5884,118.50502040816328,0.1428571428571428,24.5,348405,default,Normal,normal,2.0,2.0,7.0,F,0.41805840027068275,2
21787,b6388254-9b6b-3867-9865-bcec1d6d4c82,0.3185299525504152,0.033214709371293,80.28571428571429,32223,default,Normal,normal,26.0,21.0,56.0,F,0.4179328872050173,1
4125,12758801-2fe0-3075-8564-cb0f92d1fc1e,338.67044444444446,0.7777777777777778,9.0,182883,default,outlier,outlier,1.0,1.0,7.0,E,0.41787909947237156,2
32631,794fb101-ecf1-3534-939d-21edab3e5335,0.007584083372809,0.0052108005684509,45.891304347826086,961,default,Normal,normal,38.0,46.0,11.0,F,0.4178705644771683,2
23377,944b83e2-d4f4-3a2a-8597-221be2f343a8,0.003418018018018,0.0414414414414414,11.1,114,default,Normal,normal,54.0,50.0,23.0,F,0.4175349718772965,2
11709,9f436afd-9890-3a46-9df1-21afba8e2c40,0.3519182879377431,0.0843060959792477,771.0,16280,default,outlier,outlier,2.0,1.0,65.0,E,0.4173573446216252,3
7643,6445ba48-8afb-398b-85ed-fe15a4d67af3,30.235694300518134,0.1347150259067357,193.0,350130,default,outlier,outlier,1.0,1.0,26.0,E,0.41706418052927974,2
30176,42f8c569-beb2-31fd-8be3-d6c758f6d14f,1.5026387987012988,0.0389610389610389,616.0,55538,default,outlier,outlier,2.0,1.0,24.0,F,0.4170359287264309,2
23717,0c4e31d0-487d-3a71-addb-4bb383f91311,0.0008095238095238,0.0666666666666666,2.234042553191489,6,default,Normal,normal,49.0,47.0,7.0,F,0.41696171715874336,3
26185,55efdbde-f936-3acd-badf-227b5093bc00,0.0219083573487031,0.0213256484149855,289.1666666666667,2281,default,Normal,normal,75.0,6.0,37.0,F,0.4168801105051454,1
1518,4ae77c97-042b-35f3-9422-34d66eef12f1,0.1999395900755124,0.052858683926645,927.0,11121,default,outlier,outlier,2.0,1.0,49.0,E,0.41687775614823475,2
12814,ab1f1bd4-00e3-38ac-b526-8319db21ff3a,1.1707165354330709,0.1086614173228346,635.0,44605,default,outlier,outlier,3.0,1.0,69.0,E,0.4168043101549417,3
30298,d575374e-0384-379c-b3a2-92d2f695f7a6,456.9425,0.75,4.0,109667,default,outlier,outlier,1.0,1.0,3.0,F,0.4167748544951587,2
3481,ec271d31-a645-3816-9889-48055d25210e,31.59762962962963,0.2592592592592592,162.0,307129,default,outlier,outlier,1.0,1.0,42.0,E,0.41673080349017777,2
30293,bd0beda6-1158-3eeb-b959-66737a243eb9,397.6873333333333,1.0,3.0,71584,default,outlier,outlier,1.0,1.0,3.0,F,0.41665157390708263,2
25275,0213762f-d0de-3b58-977a-3552e9bf2e37,396.4443333333333,1.0,3.0,71360,default,outlier,outlier,1.0,1.0,3.0,F,0.41665157390708263,2
30376,b8a7f609-7635-39b1-9b94-2492d7f29efd,395.59771428571423,0.7142857142857143,7.0,166152,default,outlier,outlier,1.0,1.0,5.0,F,0.4166075156927328,2
15055,b268afa4-c300-340b-8bc3-114d90783f70,363.8167142857143,0.8571428571428571,7.0,152804,default,outlier,outlier,1.0,1.0,6.0,E,0.4164844895115791,2
5181,84c78134-9359-33fe-be22-7013e11af8e6,69.4536219512195,0.3292682926829268,82.0,341712,default,outlier,outlier,1.0,1.0,27.0,E,0.41638462201109394,2
24554,03d91cce-6bd0-3205-8323-b827fdc4ae0d,0.0040813559322033,0.0214689265536723,19.23913043478261,217,default,Normal,normal,61.0,46.0,19.0,F,0.41632141663808164,2
26701,2f834982-c6e7-3ed6-bca1-7ebd605e405a,502.429,0.4,5.0,150729,default,outlier,outlier,1.0,1.0,2.0,F,0.4163002015208736,2
25393,794f3ec2-ff34-33c5-a780-f50b301a5080,0.0006486486486486,0.045045045045045,2.3617021276595747,5,default,Normal,normal,48.0,47.0,5.0,F,0.41628323067995376,3
4211,c1d6b1c9-10fd-356f-9f32-44409834c874,12.829055555555554,0.0694444444444444,16.0,110844,default,BingPreview/1.0b;bingbot/2.0,bot,63.0,9.0,10.0,E,0.41624245125385734,1
11797,857281b7-e3e0-36a9-9ac0-15d8f420c080,0.455548245614035,0.1508771929824561,570.0,15580,default,outlier,outlier,2.0,1.0,86.0,E,0.4161511404826411,3
26616,3859b675-106b-3303-a5f1-ea0e42524003,0.0019975530179445,0.0108754758020663,40.86666666666667,221,default,Normal,normal,48.0,45.0,20.0,F,0.41613929491264245,2
24498,5c145185-845b-335f-a2c3-cb4a89afdcff,0.2311493197278911,0.0340136054421768,52.5,20388,default,Normal,normal,32.0,28.0,50.0,F,0.41611627747059643,1
26173,3c34bd2a-e5bb-3b2c-872f-28677c1d2439,0.0958652822151224,0.0197018104366347,156.5,10803,default,Normal,normal,83.0,12.0,37.0,F,0.41604501643591507,1
11964,6d75fe77-6b8c-30c4-b9a1-ba9a847434ab,43.4246796875,0.265625,128.0,333502,default,outlier,outlier,1.0,1.0,34.0,E,0.4159341832641516,2
31931,0336905a-fcfd-3025-8126-3e29cb48656f,45.18508270676691,0.112781954887218,133.0,360577,default,outlier,outlier,1.0,1.0,15.0,F,0.41565523529815335,2
19683,68c87249-c197-3d3c-b482-e055ddfbbd68,0.2899403114186851,0.051038062283737,52.54545454545455,20111,default,Normal,normal,34.0,22.0,59.0,F,0.41550713800319794,2
33943,e52cbdba-9a7f-3eb0-917a-fa3f04818137,390.722,1.0,3.0,70330,default,outlier,outlier,1.0,1.0,3.0,F,0.41534493104005205,2
26599,00c5d2cc-6f22-3e93-b36b-327ee6f034c3,391.8723333333333,1.0,3.0,70538,default,outlier,outlier,1.0,1.0,3.0,F,0.41534493104005205,2
9496,34af719d-fb69-33c4-bd41-d0238db2fccc,14.707333333333334,0.0555555555555555,14.0,111188,default,BingPreview/1.0b;bingbot/2.0,bot,56.0,9.0,7.0,E,0.41531693247556634,1
23345,49c1dce9-a139-39f2-846a-4a105bd54499,22.38635,0.015,200.0,268637,default,outlier,outlier,1.0,1.0,3.0,F,0.4147566017614551,2
15432,0b5a4937-659d-3fdb-86f8-06cec9b2f3d5,39.004622516556296,0.1655629139072847,151.0,353382,default,outlier,outlier,1.0,1.0,25.0,E,0.4146672139070382,2
22698,19b0d372-cedd-3eba-b238-3334e17aec7d,0.1747976917854718,0.0325865580448065,52.60714285714285,15449,default,Normal,normal,34.0,28.0,48.0,F,0.4145018620432357,1
25218,5b4f6fa8-013a-345b-983b-d0dadca527c0,542.36375,0.5,4.0,130168,default,outlier,outlier,1.0,1.0,2.0,F,0.41440524948799645,2
18135,6031bd22-3838-3ddf-93e0-42903c972406,0.0672881253767329,0.023508137432188,184.33333333333331,6698,default,Normal,normal,74.0,9.0,39.0,F,0.41430972173891345,1
30790,870901b7-69cb-3bca-abba-bb4f4963222f,0.0911801470588235,0.1360294117647058,6.634146341463414,1489,default,Normal,normal,45.0,41.0,37.0,F,0.4142684720272413,2
11648,ef5a8cbb-4d74-30e2-8ea2-ccf8486c9333,0.5350466321243523,0.0854922279792746,772.0,24784,default,outlier,outlier,1.0,1.0,66.0,E,0.4142665532214726,3
33777,ca856a2f-6999-3946-8114-91c0fda69633,0.0215255681818181,0.1136363636363636,9.025641025641026,455,default,Normal,normal,48.0,39.0,40.0,F,0.4142041835034398,2
1117,dd77dc31-3be4-33c7-8c7a-ed50b1e92d1b,361.646375,0.75,8.0,173591,default,outlier,outlier,1.0,1.0,6.0,E,0.4141490261338328,2
12592,493b3701-8373-383b-a812-3ee842f9442c,82.2807803030303,0.1363636363636363,66.0,325832,default,BingPreview/1.0b;bingbot/2.0;unknown,bot,2.0,1.0,9.0,E,0.41414641042473527,2
25899,2d3b17e8-dedb-3610-b826-b30b1c601dbf,1.935083193979933,0.0183946488294314,398.6666666666667,138862,default,Normal,normal,9.0,3.0,22.0,F,0.4140355219282396,1
2113,5bc2f8dc-8d89-3f59-8620-56f8040ed785,0.5154841571609633,0.0811153358681875,789.0,24404,default,outlier,outlier,2.0,1.0,64.0,E,0.41383217054471755,3
23997,5ca92dc6-c0fc-35e0-9b52-8ccf4ba2b9a4,0.0042558139534883,0.0736434108527131,5.26530612244898,66,default,Normal,normal,57.0,49.0,19.0,F,0.41381358587194866,2
29377,821e52dc-b0a2-359f-8092-645f78419565,304.1786666666667,0.4,15.0,273761,default,outlier,outlier,1.0,1.0,6.0,F,0.41341716582833876,2
32062,845fd66d-9051-323b-90b8-f7b6a404593e,0.1337992058990357,0.026091888825865,62.96428571428572,14154,default,Normal,normal,34.0,28.0,46.0,F,0.41340583731944097,1
17224,8f3e9d89-39ec-3913-ab96-5c5f97b795ab,1.337126736111111,0.140625,576.0,46212,default,outlier,outlier,1.0,1.0,81.0,E,0.41338723033489266,3
22218,1d6d89ce-1135-3c13-b4a9-8569446aeac7,7.3997225,0.0075,400.0,177594,default,outlier,outlier,1.0,1.0,3.0,F,0.413048227867776,2
6413,766171cf-09f1-3297-8f1e-e04f9d29f135,16.010418103448277,0.0517241379310344,14.5,111433,default,BingPreview/1.0b;bingbot/2.0,bot,56.0,8.0,6.0,E,0.4129365092859049,1
23827,52fedaec-c833-3c21-b1c4-eaf926cb01c0,351.0092,1.0,5.0,105303,default,outlier,outlier,1.0,1.0,5.0,F,0.41280364156237637,2
5778,6b298f89-a4b6-3854-bb5b-479f05f342ac,0.5655792079207921,0.1221122112211221,606.0,20565,default,outlier,outlier,3.0,1.0,74.0,E,0.4123935982052862,3
34297,7d794ae5-5197-37f7-a9cc-834b4596304c,0.0060554913294797,0.0109826589595375,36.80851063829788,629,default,Normal,normal,40.0,47.0,19.0,F,0.41218369204307265,2
22467,64bb2d74-5d24-3e64-aab1-e2fc705d0976,324.2834285714286,1.0,7.0,136200,default,outlier,outlier,1.0,1.0,7.0,F,0.41209379127683343,2
2611,10664f0c-b960-33e3-91a6-9d06a079cd1b,0.3419275147928994,0.1079881656804733,676.0,13869,default,outlier,outlier,2.0,1.0,73.0,E,0.41203774203866783,3
25451,3f8f1965-bd76-336e-b895-0576a65482c1,0.0018536404160475,0.0118870728083209,14.955555555555556,75,default,Normal,normal,43.0,45.0,8.0,F,0.41193356737851716,2
12806,97cd1c9a-db42-344b-bc9e-0ce6f92e9d61,85.96005769230769,0.0384615384615384,52.0,268196,default,outlier,outlier,1.0,1.0,2.0,E,0.41176055040199033,2
14420,3eadbf50-85ac-37c7-803c-66b814ffabbe,0.5619848,0.1296,625.0,21075,default,outlier,outlier,1.0,1.0,81.0,E,0.4117104979420589,3
15003,24a3b887-62c1-3a97-b8cc-fc1c187ac30b,0.0001338028169014,0.0070422535211267,142.0,2,default,outlier,outlier,138.0,1.0,1.0,E,0.4116606507336997,2
1255,62e37d46-9587-3ffb-95e2-d644fc18dbd1,0.0001319444444444,0.0069444444444444,144.0,2,default,outlier,outlier,140.0,1.0,1.0,E,0.4116606507336997,2
11795,837c7e21-0e34-3ed6-8e6e-6e33edc15390,0.8050064935064934,0.0831168831168831,770.0,37192,default,outlier,outlier,1.0,1.0,64.0,E,0.4116199919085413,3
7149,0894a113-19ca-37f8-a4a6-b3accc17fb75,31.21227647058824,0.2235294117647059,170.0,318366,default,outlier,outlier,1.0,1.0,38.0,E,0.41153800445112315,2
25732,33f2976c-fa6d-3cd2-9fbc-e0e304c0a88a,388.63,1.0,3.0,69954,default,outlier,outlier,1.0,1.0,3.0,F,0.4113376833453129,2
25477,82299dca-d0c0-3abd-98d6-8b181b8a3f16,0.008266897746967,0.0138648180242634,25.64444444444445,573,default,Normal,normal,45.0,45.0,16.0,F,0.41125808003967795,2
30564,11c12424-1821-3464-a611-a86d85666509,297.54676923076926,0.6923076923076923,13.0,232087,default,outlier,outlier,1.0,1.0,9.0,F,0.4111428180556756,2
19936,4369245b-bc74-340d-92d6-87f2d712568d,0.1967212294496068,0.0385989992852037,60.82608695652174,16513,default,Normal,normal,34.0,23.0,54.0,F,0.41104156216366405,1
29694,72bf1797-d958-36be-8a2f-b16142a22920,22.803995,0.02,200.0,273648,default,outlier,outlier,1.0,1.0,4.0,F,0.4108207936174335,2
22652,93928736-438a-30d8-8665-3fa62a1d4636,22.677245,0.02,200.0,272127,default,outlier,outlier,1.0,1.0,4.0,F,0.4108207936174335,2
33338,009feebc-4633-31e5-ace0-2d0fb5143506,305.6729285714286,0.5,14.0,256766,default,outlier,outlier,1.0,1.0,7.0,F,0.41071732842336367,2
29245,d7d77c12-b5f0-3bcf-8030-f8d0a19ce201,0.0020731070496083,0.0121845082680591,25.53333333333333,143,default,Normal,normal,47.0,45.0,14.0,F,0.4106845883043203,2
9371,defe52e3-b34c-3dbe-9439-2f5ce16a8eaa,0.0002485207100591,0.0907297830374753,507.0,8,default,outlier,outlier,45.0,1.0,46.0,E,0.410651497995931,2
32136,65ebfd22-d742-3da9-a085-efeb8b909983,0.0023473945409429,0.0421836228287841,8.574468085106384,57,default,Normal,normal,58.0,47.0,17.0,F,0.4105951168880765,2
21528,73ad33b3-b4e7-34da-8a5b-1554e6381b0a,382.8443333333333,1.0,3.0,68912,default,outlier,outlier,1.0,1.0,3.0,F,0.4104700348557966,2
25257,c3ad8520-2069-3fdb-80f7-198d5985634c,380.542,1.0,3.0,68498,default,outlier,outlier,1.0,1.0,3.0,F,0.4104700348557966,2
25214,4c93063a-1f94-32ee-b386-6fba02ab5550,0.0455049701789264,0.0656063618290258,12.897435897435898,1374,default,Normal,normal,57.0,39.0,33.0,F,0.4104228548872083,2
4586,08896f92-4bf6-3c12-8faf-1d97ae2552f0,0.5689488139825218,0.0774032459425717,801.0,27344,default,outlier,outlier,1.0,1.0,62.0,E,0.4103254079613773,3
26217,b0cd8fd6-ab73-3dbe-b4af-e5b679d09721,0.0126827794561933,0.0996978851963746,7.6976744186046515,252,default,Normal,normal,55.0,43.0,33.0,F,0.41027124117166536,2
22566,8f6566b9-cb6e-3b40-940a-c767d7b30eac,178.09773913043475,0.217391304347826,7.666666666666667,245775,default,Normal,normal,3.0,3.0,5.0,F,0.41016011218177795,2
12277,b028319e-0475-3197-a8cc-caf893539faa,1.7973455223880597,0.0835820895522388,670.0,72254,default,outlier,outlier,1.0,1.0,56.0,E,0.41011715287501316,3
34236,b9944fc5-de7f-3275-b917-8eb04c3dc804,0.3531476938174681,0.0186457311089303,509.5,43183,default,Normal,normal,18.0,4.0,38.0,F,0.41009170370531456,2
19252,e47fcf45-d5b4-316c-95b2-ec501ed10018,239.4153333333333,0.5555555555555556,18.0,258569,default,outlier,outlier,1.0,1.0,10.0,F,0.40980485641626074,2
9259,9f700d84-c1dd-3e19-ae5d-828f048e0bf2,5.438250670241287,0.2412868632707774,373.0,121709,default,outlier,outlier,1.0,1.0,90.0,E,0.4096480438775483,3
5313,0816c797-34bf-35f4-89bd-bc41a696a48a,36.12226027397261,0.2534246575342466,146.0,316431,default,outlier,outlier,1.0,1.0,37.0,E,0.40946129003062737,2
19018,10276606-029d-33c9-b69f-789b4f20fdae,0.0162242562929061,0.0244088482074752,31.214285714285715,1277,default,Normal,normal,44.0,42.0,32.0,F,0.4094309985491984,2
13643,d81b1d68-7ff0-3238-abed-9b91b07beda6,0.1918424369747899,0.2121848739495798,476.0,5480,default,outlier,outlier,3.0,1.0,101.0,E,0.40921720226251895,3
24099,9fce5f3c-80b0-3211-810a-c31d23f13f01,0.0035850891410048,0.0162074554294975,14.022727272727272,133,default,Normal,normal,49.0,44.0,10.0,F,0.40915075529756434,2
20581,380c1627-a4ba-3d43-ad48-bace78b843a2,270.96026666666666,0.1333333333333333,15.0,243865,default,outlier,outlier,1.0,1.0,2.0,F,0.4090113823946755,2
23283,a2d32561-a2d2-32c3-9f80-0a7aa733c699,1.7691381692573402,0.0397236614853195,579.0,61460,default,outlier,outlier,4.0,1.0,23.0,F,0.4088039233093296,2
9918,f8c22b06-1ba2-39d6-8df6-0bf00cb24bb1,0.0003016759776536,0.0875232774674115,537.0,10,default,outlier,outlier,37.0,1.0,47.0,E,0.40877521537073924,2
18846,fa57cd7c-11eb-35be-a283-0705fc4bb80b,0.1437689504373177,0.0597667638483965,20.78787878787879,5918,default,Normal,normal,42.0,33.0,41.0,F,0.4087228985059639,2
34285,55ea367a-7339-3cff-850f-66a316eda244,0.0005945945945945,0.045045045045045,2.4130434782608696,4,default,Normal,normal,49.0,46.0,5.0,F,0.40865247564424156,3
12428,70f1e89e-dc05-31b7-9da4-341a3f0a9bd1,0.2566436233611442,0.0607866507747318,839.0,12920,default,outlier,outlier,2.0,1.0,51.0,E,0.40832216490964,2
2316,d3ab6219-0687-3a17-9a37-0dad4f0ad155,93.57190243902438,0.024390243902439,41.0,230187,default,outlier,outlier,1.0,1.0,1.0,E,0.40813772817375416,1
28917,91666e8a-6bd3-3ef7-8e43-bccf255f7a30,400.98016666666666,0.8333333333333334,6.0,144353,default,outlier,outlier,1.0,1.0,5.0,F,0.40812472085467055,2
847,dde8d252-0c2f-36e9-9cee-3ef9b4556c31,0.5538846153846153,0.1451048951048951,572.0,19010,default,outlier,outlier,1.0,1.0,83.0,E,0.40809664339843627,3
8981,2e5abf79-1c5e-347e-baab-a884a5de358d,136.5524210526316,0.3157894736842105,38.0,311340,default,outlier,outlier,1.0,1.0,12.0,E,0.40808280733523794,2
4294,91fb519c-ee76-33dc-ab0b-7afc5c7e1eb9,0.4115070603337612,0.0770218228498074,779.0,19234,default,outlier,outlier,2.0,1.0,60.0,E,0.4080109720807652,3
10326,9618063a-88de-3efe-8c8f-4badcad27b42,2.090685,0.1016666666666666,600.0,75265,default,outlier,outlier,1.0,1.0,61.0,E,0.4077741495341758,3
31387,39824148-3ed2-3e22-b52b-f839fabdc84b,0.0055983213429256,0.1079136690647482,13.9,141,default,Normal,normal,47.0,30.0,45.0,F,0.4077713244661262,1
8352,687aac9f-d384-31b9-86bf-89d02651bdba,16.790813636363637,0.0636363636363636,12.22222222222222,110820,default,BingPreview/1.0b;bingbot/2.0,bot,52.0,9.0,7.0,E,0.40768125022583107,1
6174,9a3c68d0-e940-36af-8a0c-6bcbf2343ab9,0.883736797274276,0.131175468483816,587.0,31126,default,outlier,outlier,2.0,1.0,77.0,E,0.4076645963666745,3
1,028d67dd-c6d0-329f-a20e-78db9eab7a55,51.419392523364486,0.2523364485981308,107.0,330113,default,outlier,outlier,1.0,1.0,27.0,E,0.4075398986532204,2
30924,199fc6d1-2f45-3b03-9cde-50d992fdee7d,0.0019363636363636,0.0204545454545454,9.77777777777778,52,default,Normal,normal,48.0,45.0,9.0,F,0.40736757273008917,2
5888,ce4f2f82-f1f8-37bf-b104-7d977c8a8dc5,91.98287234042552,0.0851063829787234,23.5,259392,default,BingPreview/1.0b;unknown,bot,2.0,2.0,4.0,E,0.4073547048025504,1
21117,6d11bc33-404c-3d2d-aa96-f73b0a5cf5dc,207.24234782608696,0.217391304347826,23.0,285995,default,outlier,outlier,1.0,1.0,5.0,F,0.40713295713860886,2
30325,15ca643b-25c2-3a77-b562-ed19e378032a,0.0455191594561186,0.022867737948084,231.14285714285717,4419,default,Normal,normal,77.0,7.0,37.0,F,0.40686400599848266,1
14125,f7818efd-45ff-37a3-a716-d3e50aa508e4,0.0003858560794044,0.0347394540942928,806.0,19,default,outlier,outlier,8.0,1.0,28.0,E,0.4066490086279658,2
415,d2c1b948-4417-3099-8e2c-dd1b228b432a,0.5641,0.075,800.0,27077,default,outlier,outlier,1.0,1.0,60.0,E,0.40660247247541237,3
11355,b358cbea-bea3-3bf8-85ce-f404a9c2b884,4.606361173814898,0.1805869074492099,443.0,122438,default,outlier,outlier,1.0,1.0,80.0,E,0.40659799943484876,3
1814,ea170b40-cfc4-3aed-acda-1462707d2ba9,0.2959065789473684,0.0776315789473684,760.0,13494,default,outlier,outlier,2.0,1.0,59.0,E,0.406343348296059,3
966,2de0247c-0c98-3c79-a643-2dacaf653a7c,21.56065803108808,0.2694300518134715,193.0,249673,default,outlier,outlier,1.0,1.0,52.0,E,0.40632482896449496,2
4668,14c8950d-eb24-37da-a525-7372607ccdc4,0.0001301369863013,0.0068493150684931,146.0,2,default,outlier,outlier,132.0,1.0,1.0,E,0.406214956162705,2
19724,f134db7c-6199-317a-9997-f8b769d9953d,421.1128333333333,0.6666666666666666,6.0,151601,default,outlier,outlier,1.0,1.0,4.0,F,0.40620355732560787,2
9752,fd36a925-3900-3d26-9efa-14d13900b975,28.48874358974359,0.1538461538461538,195.0,333319,default,outlier,outlier,1.0,1.0,30.0,E,0.4060722108775762,2
12009,0f5e8735-20c0-36d7-9d1b-e04077a85fd0,36.69067105263158,0.2236842105263158,152.0,334619,default,outlier,outlier,1.0,1.0,34.0,E,0.4060692601117376,2
2683,dc94e381-c235-3720-827b-650f39bfc07e,21.93728,0.03,200.0,263248,default,outlier,outlier,1.0,1.0,6.0,E,0.4060148187201853,2
15935,86a8baf6-e760-3017-87f5-a42464616b68,36.77890441176471,0.2941176470588235,136.0,300116,default,outlier,outlier,1.0,1.0,40.0,E,0.4059975546289455,2
26309,b7e835cd-0e26-33eb-8cc2-825294e82478,0.00315,0.0175257731958762,21.55555555555556,184,default,Normal,normal,53.0,45.0,17.0,F,0.40589523915316583,2
887,5851cbd0-a7d8-3233-82ca-b948a2599493,0.351811797752809,0.098314606741573,712.0,15030,default,outlier,outlier,1.0,1.0,70.0,E,0.4058566664510421,3
27389,4bc49cad-2eb6-3dfa-8086-8f75507adf16,0.2198429811866859,0.0354558610709117,57.583333333333336,18230,default,Normal,normal,33.0,24.0,49.0,F,0.40571476872387735,1
27973,3613b0ff-8f52-3f97-a5e4-ad36d064570f,418.09275,0.625,8.0,200685,default,outlier,outlier,1.0,1.0,5.0,F,0.4057129217855375,2
8816,49b9493f-8614-354f-8e99-70f5a404aae5,1.6763363970588234,0.1580882352941176,544.0,54716,default,outlier,outlier,1.0,1.0,86.0,E,0.40569776504150457,3
518,edb4e5a8-d548-39fd-9f03-3d45885f714c,0.6010088676671215,0.0845839017735334,733.0,26433,default,outlier,outlier,2.0,1.0,62.0,E,0.4056271357081478,3
28285,a0f3bb20-7041-3a2c-a77c-dcaa0470cc0b,349.8322,1.0,5.0,104950,default,outlier,outlier,1.0,1.0,5.0,F,0.40557466534267794,2
29915,254d6d80-4078-31f1-968d-2f0f5999b419,346.2368,1.0,5.0,103872,default,outlier,outlier,1.0,1.0,5.0,F,0.40557466534267794,2
10359,e4386790-43b4-3d4f-bbcf-625082524a55,0.8547308743169398,0.0860655737704918,732.0,37540,default,outlier,outlier,1.0,1.0,63.0,E,0.40553440816850017,3
6906,140d16a5-4e0b-341c-81e3-0be99421b422,0.9889900611620795,0.1085626911314984,654.0,38808,default,outlier,outlier,1.0,1.0,71.0,E,0.4051832142833992,3
23695,cfe03c74-c800-322e-be23-6373b858ca7e,0.0280957831325301,0.008433734939759,56.59090909090909,4198,default,Normal,normal,44.0,44.0,21.0,F,0.4051079184195338,2
31599,e9e4cf0f-a241-3928-867e-6dda277db691,0.1739256712508186,0.0347085789129011,61.08,15936,default,Normal,normal,32.0,25.0,53.0,F,0.40507712627817366,1
11711,a5b66813-bbfd-3b3c-a82b-c7c0b0b052eb,287.535,1.0,6.0,103513,default,outlier,outlier,1.0,1.0,6.0,E,0.40504797875947096,2
17951,12fb9cb7-e281-365b-83a1-6699b75ab1a4,23.431545,0.025,200.0,281179,default,outlier,outlier,1.0,1.0,5.0,F,0.40499499441591186,2
5545,b5f5b1eb-2cd9-36ea-9c09-c676a53e1985,158.1380714285714,0.5714285714285714,28.0,265672,default,outlier,outlier,1.0,1.0,16.0,E,0.40496495077141736,1
30434,711ef710-dae3-3348-9294-549efd135e55,0.0003736263736263,0.0329670329670329,2.022222222222222,3,default,Normal,normal,46.0,45.0,3.0,F,0.40483540243574856,3
1162,5c042703-a9d8-3183-bf64-489bc0f7f8f7,1.0478375350140057,0.0896358543417367,714.0,44890,default,outlier,outlier,1.0,1.0,64.0,E,0.40482526966193844,3
20457,b4a81001-a053-32ee-b5a1-d9db2bfefa52,75.75012658227848,0.1772151898734177,39.5,359056,default,Normal,normal,2.0,2.0,14.0,F,0.40481806312890917,2
478,8633bdbe-6bfb-38b0-a4de-b912bf621905,51.06256,0.33,100.0,306376,default,outlier,outlier,1.0,1.0,33.0,E,0.4047794492991099,2
479,8633bdbe-6bfb-38b0-a4de-b912bf621905,51.06256,0.33,100.0,306376,default,outlier,outlier,1.0,1.0,33.0,E,0.4047794492991099,2
480,8633bdbe-6bfb-38b0-a4de-b912bf621905,51.06256,0.33,100.0,306376,default,outlier,outlier,1.0,1.0,33.0,E,0.4047794492991099,2
477,8633bdbe-6bfb-38b0-a4de-b912bf621905,51.06256,0.33,100.0,306376,default,outlier,outlier,1.0,1.0,33.0,E,0.4047794492991099,2
33459,8483c58d-efbf-3462-8272-d45fff03d0ee,379.1267142857143,0.7142857142857143,7.0,159234,default,outlier,outlier,1.0,1.0,5.0,F,0.40476748254264383,2
3124,a7da9388-7d43-3902-b239-db1eefad650a,0.3707408163265306,0.1816326530612245,490.0,10900,default,outlier,outlier,6.0,1.0,89.0,E,0.404620916174356,3
8432,474ce157-2f51-399c-af86-184faf2839a0,0.4658843537414966,0.1360544217687075,588.0,16437,default,outlier,outlier,2.0,1.0,80.0,E,0.40439778185794995,3
9493,2c90f195-8270-33fb-b6e1-5064d0c4b220,42.33712781954887,0.18796992481203,133.0,337851,default,outlier,outlier,1.0,1.0,25.0,E,0.404262767895309,2
9954,50f6d6fd-cce4-34eb-a264-d0b502386426,0.5633360522022839,0.1239804241435562,613.0,20720,default,outlier,outlier,2.0,1.0,76.0,E,0.4042483677825763,3
5339,5ca843e2-506c-3fae-b8c2-7d1329c1f527,234.56266666666664,0.9166666666666666,12.0,168886,default,outlier,outlier,1.0,1.0,11.0,E,0.40422120208446266,2
33277,41b6e6ae-22b5-382f-b96b-3b4fd44c0a0e,0.015065982404692,0.0351906158357771,7.5777777777777775,309,default,Normal,normal,52.0,45.0,12.0,F,0.4041712767394713,2
34085,ab0b93b7-3497-383e-b764-34ab27ccf521,309.87728571428573,1.0,7.0,130149,default,outlier,outlier,1.0,1.0,7.0,F,0.4040161769122427,2
728,734d4cef-3e8b-3e9e-b556-3868271246a1,49.554589285714286,0.2053571428571428,112.0,333007,default,outlier,outlier,1.0,1.0,23.0,E,0.40395882629361474,2
14282,9e96c3af-109b-3e2a-990d-543e3125f8b5,0.3725203703703703,0.1611111111111111,540.0,12070,default,outlier,outlier,4.0,1.0,87.0,E,0.40391673045088305,3
3135,c4bef511-d0b8-310c-a176-0e8cd2445ce9,2.3207021276595747,0.2063829787234042,470.0,65444,default,outlier,outlier,1.0,1.0,97.0,E,0.4038680399420579,3
4205,bed0564e-fa37-35a6-b029-d82aa5fb01ed,12.702258064516128,0.3548387096774194,93.0,70879,datacenter,outlier,outlier,1.0,1.0,33.0,E,0.4038465289434785,3
2797,5fcc0764-19a9-3dbb-8446-134f4c7655dc,1.0765884353741495,0.1241496598639455,588.0,37983,default,outlier,outlier,2.0,1.0,73.0,E,0.40376266353587786,3
1736,17646070-7bad-3426-b622-7da3a54f022c,0.0001338028169014,0.0070422535211267,142.0,2,default,outlier,outlier,135.0,1.0,1.0,E,0.4037522975698989,2
5303,e830a51d-b998-342b-91bb-e92d66b2aa8c,0.0001258741258741,0.0069930069930069,143.0,2,default,outlier,outlier,133.0,1.0,1.0,E,0.4037522975698989,2
13281,23f014ef-a6c7-3e31-aedf-d3c555665a9f,0.0001294964028776,0.0071942446043165,139.0,2,default,outlier,outlier,132.0,1.0,1.0,E,0.4037522975698989,2
7315,d322fcad-348a-3698-8d9d-99e883745ffa,0.000127659574468,0.0070921985815602,141.0,2,default,outlier,outlier,132.0,1.0,1.0,E,0.4037522975698989,2
7201,77065dd3-faa5-3867-a448-de02b5373774,19.317655172413797,0.270935960591133,203.0,235290,default,outlier,outlier,1.0,1.0,55.0,E,0.4037467907233473,2
3369,c44e1ec2-5354-34fe-81cc-7db160369502,1.6690778761061946,0.1168141592920354,565.0,56582,default,outlier,outlier,3.0,1.0,66.0,E,0.40367324265550025,3
22456,3dfe93be-2aba-3a55-a203-8f493906b6df,0.0072260778128286,0.0273396424815983,22.11627906976744,413,default,Normal,normal,50.0,43.0,26.0,F,0.4036624651413493,2
24768,abcabcdf-c679-3790-a673-db287629889d,292.2710625,0.3125,16.0,280581,default,outlier,outlier,1.0,1.0,5.0,F,0.4033927541563217,2
22793,2217a52f-4209-3288-be81-6c83624a581c,0.2075685897435897,0.0326923076923076,62.4,19429,default,Normal,normal,31.0,25.0,51.0,F,0.40335723854211136,1
33543,a64b8031-b1d0-3f89-81d6-fb88028400da,63.68846428571428,0.1,11.666666666666666,267492,default,Normal,normal,6.0,6.0,7.0,F,0.4033500441686443,1
19525,35bcc368-0158-3357-8618-7d173ba81170,0.2039889786921381,0.0404114621601763,59.17391304347826,16658,default,Normal,normal,30.0,23.0,55.0,F,0.403338719865299,1
939,ccc89f7f-3a77-30b3-8d01-5484da14c873,0.5480965714285715,0.0365714285714285,875.0,28776,default,outlier,outlier,1.0,1.0,32.0,E,0.40314473652398863,2
27877,150ad494-112e-369a-9f6d-22bc23dffde1,0.019609375,0.125,7.384615384615385,339,default,Normal,normal,48.0,39.0,36.0,F,0.40313884596114724,2
5279,a7873665-99e9-306f-8d4d-d9c05cfbd116,14.458896656534955,0.0790273556231003,329.0,285419,default,outlier,outlier,1.0,1.0,26.0,E,0.4031304187477984,2
19053,8345082b-be83-37a5-9bca-f6a994f11d98,329.5961111111111,0.8888888888888888,9.0,177982,default,outlier,outlier,1.0,1.0,8.0,F,0.40304831127567575,2
25052,22eb23b1-c8ad-31ae-aad3-210515c24418,0.2551479628305932,0.0335954253037884,55.96,21418,default,Normal,normal,30.0,25.0,47.0,F,0.402734760980739,1
22836,a8289384-6642-3bd5-b9cd-7b5a62534d2e,0.0066716529543754,0.0074794315632011,32.609756097560975,536,default,Normal,normal,41.0,41.0,10.0,F,0.40267313771149227,2
8681,e895d025-867e-3f10-aab0-141348b27e7b,0.5062486807387863,0.079155672823219,758.0,23025,default,outlier,outlier,1.0,1.0,60.0,E,0.40263189089266227,3
29011,be98f0dd-8ddb-366b-8b69-16ae81748a88,104.0317857142857,0.2244897959183673,24.5,305854,default,Normal,normal,2.0,2.0,11.0,F,0.4026220006862038,2
32406,c6394afd-38fc-3b70-987f-b1b5518d239b,400.1178,0.4,2.5,120036,default,Normal,normal,2.0,2.0,2.0,F,0.40250633095954513,2
1840,431d7659-2af1-335b-b09f-af058a9f940f,1.4667750325097528,0.0533159947984395,769.0,67677,default,outlier,outlier,1.0,1.0,41.0,E,0.40242740906044416,2
9373,e7e107a3-199c-3d60-9e14-57c6aa7a819d,251.9155555555556,1.0,9.0,136035,default,outlier,outlier,1.0,1.0,9.0,E,0.40209567731762874,2
4985,a2ff0cf3-361f-3b0f-8314-8b31c5e06c4e,22.24879754601227,0.3558282208588957,163.0,217594,default,outlier,outlier,1.0,1.0,58.0,E,0.4020911621277917,2
24524,a30a2bb6-0f0c-3b36-8460-fb1362aa5c00,153.20954545454543,0.3636363636363636,33.0,303355,default,outlier,outlier,1.0,1.0,12.0,F,0.4020615034206002,2
29817,e9a825f6-d48d-32f4-a360-9af07941981d,0.281853982300885,0.0730088495575221,12.216216216216216,7644,default,Normal,normal,46.0,37.0,33.0,F,0.40197388762936426,2
24318,22fb7762-e744-3475-b230-9b076f01b25c,0.0014724220623501,0.0335731414868105,19.3953488372093,74,default,Normal,normal,49.0,43.0,28.0,F,0.401903392929056,2
1392,df945377-0e93-31a1-8814-d9e1dc37169e,0.4042557603686635,0.0564516129032258,868.0,21054,default,outlier,outlier,1.0,1.0,49.0,E,0.4015646667812014,2
28089,6f2bfebc-91c5-356e-8f6a-6b1c3f788723,0.1460472312703583,0.0618892508143322,18.058823529411764,5381,default,Normal,normal,43.0,34.0,38.0,F,0.4015241906009066,2
14562,a91116e2-2cc0-3eae-966c-1c5fc9e113fb,385.41028571428575,0.4285714285714285,7.0,161873,default,outlier,outlier,1.0,1.0,3.0,E,0.40150508486393616,2
6070,aecd2dd2-2dde-3339-9f9c-01710677dbf5,84.29375409836067,0.1311475409836065,61.0,308516,default,BingPreview/1.0b;Mobile Safari;unknown,bot,1.0,1.0,8.0,E,0.4014767787539123,2
28137,f579dfb9-a226-3a18-a0b8-76d7b03f9225,0.393466149870801,0.0134366925064599,483.75,45682,default,Normal,normal,20.0,4.0,26.0,F,0.40142913558342885,1
6814,fa97bb81-b89f-37e9-ad21-0bc1a2e79b09,0.5457264631043257,0.0737913486005089,786.0,25737,default,outlier,outlier,1.0,1.0,58.0,E,0.4013580061021255,3
18142,6b30c7a7-efab-3e1b-a492-34a6bf461d5b,0.0046181959564541,0.0248833592534992,13.978260869565217,179,default,Normal,normal,51.0,46.0,16.0,F,0.40129189442584523,2
33883,1d7931ca-1855-3a18-a574-4d0573477fff,396.6664444444445,0.4444444444444444,9.0,214200,default,outlier,outlier,1.0,1.0,4.0,F,0.4012402738755658,2
33631,ce170334-f39e-3117-b65b-b4a368ef8f8e,303.9040909090909,0.8181818181818182,11.0,200577,default,outlier,outlier,1.0,1.0,9.0,F,0.4011920199382014,2
30699,6716c8b3-e489-3e7d-917c-a68655007a24,9.83384875,0.01,200.0,236013,default,Normal,normal,2.0,2.0,4.0,F,0.4011516801761101,1
5783,7b6da90f-438e-33e9-927b-a420ab66c82d,32.10902312138728,0.1618497109826589,173.0,333292,default,outlier,outlier,1.0,1.0,28.0,E,0.40101245287310533,2
12051,85b63ca2-4f0b-3dc5-b5ff-cc0406d656f1,302.7962,1.0,5.0,90839,default,outlier,outlier,1.0,1.0,5.0,E,0.4009372875881594,2
22287,065473d3-9780-33fa-9d92-56dc1b633123,40.70539552238806,0.0597014925373134,134.0,327272,default,outlier,outlier,1.0,1.0,8.0,F,0.4008288354316394,2
4530,5b0eba2c-8c1a-30db-89b9-6903fc6fb8f0,3.268512087912088,0.1846153846153846,455.0,89231,default,outlier,outlier,1.0,1.0,84.0,E,0.40080050621603225,3
3525,82b3a939-2ce2-3b19-9412-eb609511e7ac,0.394376119402985,0.1014925373134328,670.0,15854,default,outlier,outlier,2.0,1.0,68.0,E,0.40079408918224646,3
5300,dec16a04-1378-350b-8197-78eb528e6ca9,0.0001240875912408,0.0072992700729927,137.0,2,default,outlier,outlier,134.0,1.0,1.0,E,0.4007499286928179,2
32839,0be652d6-dc63-3be0-9855-be13f0774d24,9.9159275,0.01,200.0,237983,default,Normal,normal,2.0,2.0,4.0,F,0.4007212278238517,1
21328,2850d5cc-7fd1-321c-868a-c4feed30b68a,0.1651145108947612,0.0069541029207232,55.30769230769231,21370,default,Normal,normal,39.0,39.0,15.0,F,0.4005742612859792,2
19616,99e502eb-af50-3508-9681-5ae54a9d54c7,2.884615384615385e-05,0.048076923076923,2.260869565217391,1,default,Normal,normal,47.0,46.0,5.0,F,0.40046366776686054,4
23897,26f0d613-52c5-3dfe-9125-ce2f8740738c,32.55132098765432,0.0123456790123456,81.0,316399,default,Normal,normal,2.0,2.0,2.0,F,0.40029084817293986,2
24556,07e67467-fbcd-3b9b-bd66-c76ba34f3370,1.6188987730061348,0.0222392638036809,326.0,126663,default,Normal,normal,13.0,4.0,29.0,F,0.4001937726502105,1
10678,809383b1-e03b-3ff0-92fb-862ff6f6da51,15.025286036036036,0.2792792792792792,222.0,200137,default,outlier,outlier,1.0,1.0,62.0,E,0.4000852299468297,2
33725,3232320a-3627-39f4-8cc9-508b508554c6,0.4232665429808287,0.0315398886827458,80.85,41066,default,Normal,normal,27.0,20.0,51.0,F,0.4000729407531658,1
12351,9d2f1d62-b9f8-3ff8-afff-15ddeb7c83f0,25.2230890052356,0.1989528795811518,191.0,289057,default,outlier,outlier,1.0,1.0,38.0,E,0.3999658083120484,2
5859,7669d9bd-fb99-3705-8b0c-be8da4b8324a,106.5127142857143,0.0714285714285714,42.0,268413,default,BingPreview/1.0b;bingbot/2.0;unknown,bot,1.0,1.0,3.0,E,0.3999600125160341,2
27584,877a2b68-0932-3e9b-ad96-fcd377f3b811,218.03436842105265,0.5789473684210527,19.0,248560,default,outlier,outlier,1.0,1.0,11.0,F,0.3999413801322804,2
6486,420a629b-abfb-3eb5-83be-a5fd64f071bb,79.90102040816326,0.0204081632653061,49.0,234909,default,outlier,outlier,1.0,1.0,1.0,E,0.3998653643764071,1
16568,ed002530-8b26-3fa2-83c2-491084fd0dc9,0.0001292517006802,0.0068027210884353,147.0,2,default,outlier,outlier,126.0,1.0,1.0,E,0.39978588837260065,2
34392,89f32db0-c113-3ad9-bf78-3621c4e15d7c,0.0005677966101694,0.0423728813559322,2.6222222222222222,5,default,Normal,normal,48.0,45.0,5.0,F,0.39968390318836866,3
4433,61f28ff7-2c74-3a71-a361-f382e1fb0817,0.5087914156626506,0.1039156626506024,664.0,20271,default,outlier,outlier,2.0,1.0,69.0,E,0.3995994460220727,3
25243,920c63c3-6487-3cef-8d6e-31ec79642f53,0.0053659574468085,0.0212765957446808,27.32558139534884,379,default,Normal,normal,52.0,43.0,25.0,F,0.3995824541167764,2
33219,81c17968-7659-3720-a9b9-cc0ef240c101,0.0034474789915966,0.0462184873949579,5.409090909090909,50,default,Normal,normal,58.0,44.0,11.0,F,0.3995398855857667,2
22099,8b50a40d-4485-3177-87d1-9782c51c1cd7,392.533,0.8,5.0,117760,default,outlier,outlier,1.0,1.0,4.0,F,0.3992931878641959,2
15661,98e90fd4-eb12-3e06-b2b6-578c261bddfe,0.3242824773413897,0.0951661631419939,662.0,12881,default,outlier,outlier,3.0,1.0,63.0,E,0.39927731373787967,3
30127,ae2e3243-a8d3-32bf-a178-1fd1163dbcde,0.0040583756345177,0.0101522842639593,24.02439024390244,240,default,Normal,normal,44.0,41.0,10.0,F,0.3992047312115028,2
17683,d936abec-9974-309b-871c-e9780dafb304,7.323008928571428,0.3214285714285714,280.0,123027,default,outlier,outlier,1.0,1.0,90.0,E,0.39867248755691276,2
16367,74f6bb29-ccce-3b6f-aa0b-649f26aeea6d,0.0001363636363636,0.0869565217391304,506.0,5,default,outlier,outlier,44.0,1.0,44.0,E,0.39860242681005265,2
22754,a8dd61ea-929d-3e32-a0f9-cbbdc48e9ed2,0.006003164556962,0.0664556962025316,7.022222222222222,114,default,Normal,normal,68.0,45.0,21.0,F,0.3985649094161072,2
18544,6801b90a-8ecb-38b9-b944-202c756f5e53,0.0038434670116429,0.0219922380336351,17.177777777777777,179,default,Normal,normal,53.0,45.0,17.0,F,0.3984357088057242,2
27640,29aff305-605e-3b55-bfe1-0ccca60406c0,314.2485625,0.875,8.0,150840,default,outlier,outlier,2.0,1.0,7.0,F,0.39840274835126493,2
28085,67094024-f687-3cab-910b-c60767b772b6,456.0516,0.4,5.0,136816,default,outlier,outlier,1.0,1.0,2.0,F,0.39836234925522684,2
23586,b515b588-bfe0-3f85-97fd-71b6b8f6b111,456.9468,0.4,5.0,137085,default,outlier,outlier,1.0,1.0,2.0,F,0.39836234925522684,2
10732,1253ca4d-8245-3953-89fa-7e1b912691df,31.41855483870968,0.2645161290322581,155.0,292193,default,outlier,outlier,1.0,1.0,41.0,E,0.3983540417216186,2
20790,9b5c0c51-3293-33e8-a2b3-7abafca3896b,0.0025821596244131,0.0422535211267605,4.630434782608695,33,default,Normal,normal,49.0,46.0,9.0,F,0.39827731520649196,2
27599,ba720e2c-ec8e-3752-97b4-fb00acf24157,0.2855311111111111,0.0362962962962963,58.69565217391305,23129,default,Normal,normal,27.0,23.0,49.0,F,0.3981986990449984,1
7838,a3f05230-045d-3722-861c-427ec5f851bd,79.236,0.4126984126984127,63.0,299513,default,outlier,outlier,1.0,1.0,26.0,E,0.39804987763627286,2
29433,1c940902-eb9e-3314-b4eb-865e8feae605,0.0363571428571428,0.0802005012531328,9.5,871,default,Normal,normal,50.0,42.0,32.0,F,0.39797926294902675,2
34284,54aa70a0-cec3-3dca-9f05-61f92499b88d,0.2246100234925606,0.0375880971025841,53.208333333333336,17210,default,Normal,normal,33.0,24.0,48.0,F,0.3978476653046146,1
27107,ffebec82-070a-37fa-93ab-7b864694f501,0.1349467864547339,0.0262612301313061,160.77777777777777,11717,default,Normal,normal,69.0,9.0,38.0,F,0.3975056652017125,1
7419,21f6d794-44fc-39a4-b2b0-f2846304cef1,2.8156737864077668,0.1436893203883495,515.0,87005,default,outlier,outlier,1.0,1.0,74.0,E,0.3972686250546412,3
15579,dc7a8801-8bb6-3355-b833-3f339b46850a,3.9716832061068703,0.2646310432569974,393.0,93653,default,outlier,outlier,1.0,1.0,104.0,E,0.39696181682855985,3
26744,b7f418a4-89a9-3341-935c-e1d2ab185d45,9.5996025,0.01,200.0,230391,default,Normal,normal,2.0,2.0,4.0,F,0.3969562476587404,1
22525,0a3234a6-0611-3378-96c1-3ea19a57abd2,9.7043125,0.01,200.0,232904,default,Normal,normal,2.0,2.0,4.0,F,0.3969562476587404,1
27501,9728b232-c488-3467-86b2-2e40cfa11ca0,9.61692,0.0075,200.0,230807,default,Normal,normal,1.0,2.0,3.0,F,0.3969183258706845,1
9408,42aa6f08-67f1-3be4-9163-18c751aaee4d,75.89916417910449,0.0597014925373134,67.0,305115,default,outlier,outlier,1.0,1.0,4.0,E,0.3969134670929101,2
1558,d254af93-1477-37e8-9d2d-dc5320a497d1,2.309251670378619,0.2115812917594654,449.0,62212,default,outlier,outlier,2.0,1.0,95.0,E,0.39690234224526205,3
11841,02e50b04-f651-36a4-94af-b37c95895723,8.685717592592592,0.228395061728395,324.0,168851,default,outlier,outlier,1.0,1.0,74.0,E,0.39680923204109975,3
7668,bfa154d5-a800-3e10-944d-06dcce1e9a14,26.89371014492753,0.0869565217391304,7.666666666666667,111340,default,BingPreview/1.0b;bingbot/2.0,bot,33.0,9.0,6.0,E,0.3967733794135896,1
27606,cd2c0129-6b75-376c-a75b-d92cabbc07e4,0.0088084112149532,0.0155763239875389,28.53333333333333,679,default,Normal,normal,43.0,45.0,20.0,F,0.3967465524342299,2
26076,18f6d531-02d8-3898-b195-c135b45c61f2,386.239,0.8333333333333334,6.0,139047,default,outlier,outlier,1.0,1.0,5.0,F,0.39671828690357597,2
3268,a4c13bc1-1aaa-3bc7-b785-17e31779f2d1,11.187838323353294,0.1377245508982036,334.0,224205,default,outlier,outlier,1.0,1.0,46.0,E,0.3965830000935955,2
16460,8e43349a-242d-3c5f-a586-00e41c068a4c,24.713246666666667,0.08,8.333333333333334,111210,default,BingPreview/1.0b;bingbot/2.0,bot,34.0,9.0,6.0,E,0.3965547716625732,1
30515,903d0506-f0c4-38c4-a891-f373d05f24eb,0.0173055555555555,0.115079365079365,6.146341463414634,262,default,Normal,normal,58.0,41.0,29.0,F,0.39646133593547833,2
24832,53f4e096-f495-3d21-b93d-bce5e0569a86,2.988011875,0.005,400.0,143425,default,Normal,normal,2.0,2.0,4.0,F,0.3963648350502474,1
15155,af942c9e-e85d-3618-9cb3-c6d89dd5d11b,22.482658536585365,0.0609756097560975,10.25,110615,default,BingPreview/1.0b;bingbot/2.0,bot,39.0,8.0,5.0,E,0.39620929787836295,1
33289,67a72907-10b2-3774-873d-abd80abf54f5,0.0240172642762284,0.0332005312084993,18.365853658536587,1086,default,Normal,normal,55.0,41.0,25.0,F,0.3961849446552703,2
10038,52f941a3-b621-3345-8608-72d6fda8c2bb,27.47269230769231,0.0923076923076923,7.222222222222222,107144,default,BingPreview/1.0b;bingbot/2.0,bot,31.0,9.0,6.0,E,0.3961597260298023,1
5346,75b22f6a-dd5e-39bc-a735-c56d26016770,0.4654072096128171,0.0774365821094793,749.0,20916,default,outlier,outlier,2.0,1.0,58.0,E,0.39606820056694725,3
607,f3a60cab-4db2-3b8e-bb37-ee55d14cb2dc,339.915875,0.25,8.0,163160,default,outlier,outlier,1.0,1.0,2.0,E,0.3960210890722369,2
1179,8c870426-f2d4-347e-88f4-b6abfec7a48c,0.7356887254901961,0.0318627450980392,816.0,36020,default,outlier,outlier,1.0,1.0,26.0,E,0.3959307644224762,2
5967,99b4c319-159d-3e0a-a8ea-08d07cc388de,20.601393258426967,0.0786516853932584,9.88888888888889,110012,default,BingPreview/1.0b;bingbot/2.0,bot,39.0,9.0,7.0,E,0.39585565378259935,1
8147,e368133f-0304-3c78-9239-20334be20577,0.1769541547277937,0.0816618911174785,698.0,7411,default,outlier,outlier,4.0,1.0,57.0,E,0.3958077918084304,3
17378,752b5a1d-c98f-301f-9f2d-f8c99978cfb5,0.3124587020648967,0.1017699115044247,678.0,12711,default,outlier,outlier,1.0,1.0,69.0,E,0.395498267382169,3
30141,de7f3783-e9bf-33e6-92e2-02ff5abfd3b7,0.1707145862552594,0.0329593267882187,59.41666666666666,14607,default,Normal,normal,33.0,24.0,47.0,F,0.3954740735681256,1
23849,8a54162a-9c9d-3a17-a43c-7765078df900,323.3983333333333,1.0,6.0,116424,default,outlier,outlier,1.0,1.0,6.0,F,0.3954735553744909,2
8275,8b4c28e6-7144-3d06-ae78-879bd514b182,14.532905857740586,0.2343096234309623,239.0,208402,default,outlier,outlier,2.0,1.0,56.0,E,0.3954039986155351,2
24483,26489a89-0383-3476-bf41-f2616a41fe6d,336.79575,0.875,8.0,161662,default,outlier,outlier,1.0,1.0,7.0,F,0.39534939265907,2
1494,f0555df6-5028-37f9-987a-4849d4afd35e,0.0001283783783783,0.0067567567567567,148.0,2,default,outlier,outlier,118.0,1.0,1.0,E,0.39530943949334935,2
28519,b3d1357b-f20d-38b1-8b46-b60d89054013,0.3098560434585785,0.0185604345857854,441.8,41069,default,Normal,normal,18.0,5.0,41.0,F,0.3951850361276785,1
13304,8281fb7d-6a8a-3b53-8c3e-f182c090a376,2.370185639229422,0.0998248686514886,571.0,81203,default,outlier,outlier,1.0,1.0,57.0,E,0.39511947231297784,3
19445,6760c100-8bda-39c4-9e01-7e0ffe86806e,3.333462962962963,0.1481481481481481,108.0,21601,datacenter,outlier,outlier,1.0,1.0,16.0,F,0.3949413016680021,3
14844,7e236135-3720-3d3c-905d-9e34ceb69c5f,430.15325,0.5,4.0,103237,default,outlier,outlier,1.0,1.0,2.0,E,0.3949392878374902,2
6494,5c389c37-08c6-3161-8877-fce9b51c6140,35.73679333333334,0.1933333333333333,150.0,321632,default,outlier,outlier,1.0,1.0,29.0,E,0.39491584251618506,2
6064,91908aff-c1ab-306f-b300-0faf3e3d1779,0.0001666666666666,0.0079365079365079,126.0,2,default,outlier,outlier,125.0,1.0,1.0,E,0.3948856484751323,2
6641,17ddc636-c4ba-378a-aead-6cd4454de2a0,0.5775901060070671,0.1325088339222614,566.0,19615,default,outlier,outlier,3.0,1.0,75.0,E,0.3948436553506974,3
16492,d922cadb-0650-3c9e-a164-cb81b8e44461,21.98614285714286,0.0952380952380952,9.333333333333334,110811,default,BingPreview/1.0b;bingbot/2.0,bot,37.0,9.0,8.0,E,0.3947957694304983,1
21529,760c1ed6-eef9-37ff-9122-90c7d0bdfc6c,0.0255743243243243,0.1283783783783783,8.222222222222221,455,default,Normal,normal,48.0,36.0,38.0,F,0.3947422434012591,2
13638,c3bc5f91-0928-31b4-a775-098fab516b7c,1.7238696098562627,0.1745379876796714,487.0,50372,default,outlier,outlier,3.0,1.0,85.0,E,0.3947167011823312,3
2237,e9b7641a-5ae6-3383-a703-7f8837eaefaf,272.8535,1.0,6.0,98228,default,outlier,outlier,1.0,1.0,6.0,E,0.394710634235387,2
12079,d048a21d-1dc2-3ae2-af4b-542e3088c30b,26.148366197183098,0.0845070422535211,7.888888888888889,111393,default,BingPreview/1.0b;bingbot/2.0,bot,31.0,9.0,6.0,E,0.3946299725906953,1
2390,95861ce9-478d-354d-a063-65fb0e95479e,0.2322371134020618,0.1219931271477663,582.0,8110,default,outlier,outlier,3.0,1.0,71.0,E,0.39462255540800895,3
21185,4623abfc-d957-347e-b3b8-a161e2881194,9.119449035812671,0.0661157024793388,363.0,198622,default,outlier,outlier,3.0,1.0,24.0,F,0.3945908437712665,1
958,1a72e862-edc1-32c9-90b0-3409d80f6df2,1.1506754201680671,0.1869747899159664,476.0,32864,default,outlier,outlier,2.0,1.0,89.0,E,0.39458237544994446,3
14353,8834b7ad-af89-315a-870f-8f2765e80dea,0.3920380078636959,0.0747051114023591,763.0,17948,default,outlier,outlier,1.0,1.0,57.0,E,0.39456270408959215,3
20271,bd88ccdf-ddff-3d4f-afe3-c3a25c9520eb,403.223125,0.5,8.0,193548,default,outlier,outlier,1.0,1.0,4.0,F,0.3944868665968636,2
3398,29c4d323-4ea8-38b8-ab3d-f535ed6afcf6,0.0001470588235294,0.0073529411764705,136.0,2,default,outlier,outlier,128.0,1.0,1.0,E,0.39434835950281333,2
12173,bfda5ec0-1840-30d4-9d8d-281e5e5a6809,0.7072227488151659,0.1090047393364928,633.0,26861,default,outlier,outlier,2.0,1.0,69.0,E,0.3943288921345224,3
3668,121bd7b3-64b4-34a6-a55a-c12c91493010,26.23792142857143,0.0857142857142857,7.777777777777778,110200,default,BingPreview/1.0b;bingbot/2.0,bot,32.0,9.0,6.0,E,0.3942017261143509,1
32128,4a2c0f93-a76e-3f26-a09e-2791e2bf1cee,0.2105639158576051,0.0436893203883495,49.44,15616,default,Normal,normal,29.0,25.0,54.0,F,0.39417571957688935,1
18507,e2d1ef0a-b74b-3170-923c-ef8846f6fdca,0.2710703601108033,0.0288088642659279,85.95238095238095,29357,default,Normal,normal,25.0,21.0,52.0,F,0.3941751128572947,1
15526,2046d795-8cab-3771-9fff-d9717a852bdf,176.98666666666665,0.6666666666666666,21.0,223004,default,outlier,outlier,1.0,1.0,14.0,E,0.3941733278423003,1
21181,409ebdeb-f2b8-3401-a944-4bb2aff7f33e,274.90746666666666,0.5333333333333333,15.0,247417,default,outlier,outlier,1.0,1.0,8.0,F,0.39393325574661153,2
7154,2376d695-8a8c-352a-ba71-c8fd139fee89,375.1688333333333,0.8333333333333334,6.0,135061,default,outlier,outlier,1.0,1.0,5.0,E,0.39392154781386846,2
5420,4f413240-18e6-3def-908d-6f63e5d4dc43,0.2409363295880149,0.0674157303370786,801.0,11580,default,outlier,outlier,1.0,1.0,54.0,E,0.3938819883487755,3
1054,0b75721b-148b-387b-a48c-2f3aadb52560,1.112601875,0.03875,800.0,53405,default,outlier,outlier,1.0,1.0,31.0,E,0.3938781638135887,2
29183,1abfafcf-d5fa-3ebf-a314-295a87f282b7,0.1621280572219658,0.0069220119981541,57.026315789473685,21080,default,Normal,normal,38.0,38.0,15.0,F,0.3938655865191546,2
7960,efb84baa-fff7-3050-b0c3-4b4354ef2928,42.13372897196261,0.3738317757009345,107.0,270499,default,outlier,outlier,1.0,1.0,40.0,E,0.3937618769495407,1
12251,84eefb0e-9d34-345b-9e09-ae287a49235f,0.7384289732770746,0.0773558368495077,711.0,31502,default,outlier,outlier,1.0,1.0,55.0,E,0.3935948203518398,3
31252,df420648-30b6-3d81-887f-5ec5ffedf589,0.1176415626258558,0.0060410793395086,63.66666666666666,17527,default,Normal,normal,39.0,39.0,15.0,F,0.39351067956458974,2
12671,302887d7-bd72-32ca-8617-38f661108352,0.631817158931083,0.0829817158931083,711.0,26954,default,outlier,outlier,2.0,1.0,59.0,E,0.39346264623751687,3
12617,77706865-0f61-304b-9a0f-f05866d01956,381.1924285714286,0.5714285714285714,7.0,160101,default,outlier,outlier,1.0,1.0,4.0,E,0.39339409221873667,2
12610,6980b464-7d4c-3f2f-b79e-4919059d7e9f,65.97173563218391,0.2413793103448276,87.0,344373,default,outlier,outlier,1.0,1.0,21.0,E,0.39337024227301276,2
2069,d088f33c-b3aa-38b5-ad15-7f2127be0b3e,3.397392857142857,0.0357142857142857,28.0,5708,datacenter,outlier,outlier,1.0,1.0,1.0,E,0.39334619572723295,3
9971,8aa07c07-c95f-324a-b207-97f1df661411,93.76995283018869,0.1320754716981132,53.0,298189,default,BingPreview/1.0b;bingbot/2.0;unknown,bot,2.0,1.0,7.0,E,0.3933330110103527,2
28103,8f8d34ac-e7d0-340a-ac54-b758196b1e24,358.6143333333333,1.0,3.0,64551,default,outlier,outlier,1.0,1.0,3.0,F,0.3932362604435065,2
20645,f979c7ac-d46b-33db-ae23-fd20d7979510,0.2178017711171662,0.0340599455040872,63.82608695652174,19184,default,Normal,normal,32.0,23.0,50.0,F,0.39313861455373705,1
22991,476bdc96-244e-3cc0-9e28-505d6423a3d3,20.10621,0.01,200.0,241275,default,outlier,outlier,1.0,1.0,2.0,F,0.3930111800222203,1
16351,4bcc2d55-c8a7-3951-841b-e8f43fd78c3f,0.8006739659367397,0.0450121654501216,822.0,39490,default,outlier,outlier,2.0,1.0,37.0,E,0.39298940439444585,2
32975,9288c695-c5e4-3a1c-9539-0ce2d031e1d8,0.0038276515151515,0.0151515151515151,12.878048780487806,122,default,Normal,normal,43.0,41.0,8.0,F,0.39297690486144476,2
18562,97a73583-82c0-3656-980a-ac49bcf09669,0.2056490765171504,0.0290237467018469,63.16666666666666,18706,default,Normal,normal,33.0,24.0,44.0,F,0.39297136425824375,1
30003,2ef4c00e-8a42-3e06-80ab-a947c60bc079,0.0114022082018927,0.1419558359621451,10.566666666666666,217,default,Normal,normal,40.0,30.0,45.0,F,0.39287977472078983,1
27951,e20f074d-6441-3f84-94fa-b54189cc7504,0.0080734693877551,0.1877551020408163,8.166666666666666,119,default,Normal,normal,37.0,30.0,46.0,F,0.39281731666440955,1
2126,82e23bb1-ef2d-39fb-bf2b-9687d1386ea4,1.6358035714285712,0.0357142857142857,28.0,2749,datacenter,outlier,outlier,1.0,1.0,1.0,E,0.3927840975316277,3
31253,e687a847-3728-32ca-9c55-1575468795dc,39.23820588235294,0.1544117647058823,136.0,320184,default,outlier,outlier,1.0,1.0,21.0,F,0.39272400752378506,2
33501,22431700-238d-3b7f-98d0-8a75894ee147,346.4223636363636,0.3636363636363636,11.0,228639,default,outlier,outlier,1.0,1.0,4.0,F,0.3926176777752597,2
5957,76554d78-85ab-3289-a916-255a1ac732df,1.852628205128205,0.2008547008547008,468.0,52022,default,outlier,outlier,2.0,1.0,94.0,E,0.3925889630821402,3
11198,f66d07b9-a263-3213-8ad4-a35848e25ba0,314.48225,1.0,4.0,75476,default,outlier,outlier,1.0,1.0,4.0,E,0.3925502056609512,2
27175,b6cb58b4-4df3-39e5-aa19-d8c5edbad88b,0.0075975103734439,0.1618257261410788,7.53125,110,default,Normal,normal,51.0,32.0,39.0,F,0.39253764531039465,1
15551,6d587140-a13b-3173-97b1-3af1eb14e57d,187.25932,0.24,25.0,280889,default,BingPreview/1.0b;bingbot/2.0;unknown,bot,1.0,1.0,6.0,E,0.39247935535109574,2
19109,19d74c0c-8df7-3564-92b1-c7d534bc7955,0.180079295154185,0.0513950073421439,20.63636363636364,7359,default,Normal,normal,43.0,33.0,35.0,F,0.3922964333492208,1
6891,e111286d-df9a-361c-98eb-0a0a7c20375e,25.75684263959391,0.0964467005076142,197.0,304446,default,outlier,outlier,1.0,1.0,19.0,E,0.39210750874007777,2
20968,cc984643-3a6c-3402-be48-a9dc59954356,3.038953185955787,0.0455136540962288,384.5,140218,default,Normal,normal,6.0,2.0,35.0,F,0.39187356094329984,1
33752,8cecbc86-4884-3568-a27b-17758aff28e6,0.0056015037593984,0.0413533834586466,6.65,90,default,Normal,normal,61.0,40.0,11.0,F,0.391446087523753,2
34242,cbb8c7cf-a4b0-3151-a0fb-769128917e65,0.3086511266511266,0.038073038073038,51.48,23835,default,Normal,normal,26.0,25.0,49.0,F,0.3913752700782279,1
20269,bb11a9d1-85f9-3a73-bf2e-74f5707836cc,318.431,0.8,10.0,191059,default,outlier,outlier,1.0,1.0,8.0,F,0.39134399339948395,2
22243,7e4d93d4-9265-3db3-ba14-1269c67d5bd6,347.7185,1.0,4.0,83453,default,outlier,outlier,1.0,1.0,4.0,F,0.3912026643912938,2
21495,28f33aed-944a-3349-8c0a-d3a30592d4d9,342.4845,1.0,4.0,82197,default,outlier,outlier,1.0,1.0,4.0,F,0.3912026643912938,2
33992,7de348de-9a8c-3f2f-8961-68f607040c3d,0.0341919191919191,0.1683501683501683,9.9,610,default,Normal,normal,39.0,30.0,50.0,F,0.39097887653198315,1
29234,b01e0686-21fa-3160-8815-5f62fa3e4842,331.2283125,0.25,4.0,158990,default,Normal,normal,2.0,2.0,2.0,F,0.3909353787960117,2
22365,f3259d72-6872-3965-bff8-cc84fcc6b662,0.1897472766884531,0.0806100217864923,13.114285714285714,5226,default,Normal,normal,40.0,35.0,37.0,F,0.3909073590986519,2
441,26927452-8b05-3bfa-8f3e-36f923e18878,0.2514116331096196,0.0425055928411633,894.0,13486,default,outlier,outlier,1.0,1.0,38.0,E,0.3908864774280465,2
21012,527f332c-a544-3cb0-b4ef-09f29aa5f526,179.055625,0.5,24.0,257841,default,outlier,outlier,1.0,1.0,12.0,F,0.39084787780311814,2
797,3d3e9007-50be-34b4-94ea-c9faa53eec68,0.4696631493506493,0.1185064935064935,616.0,17359,default,outlier,outlier,1.0,1.0,73.0,E,0.3907942180171943,3
24274,916141c9-084b-31db-ba34-4aa591b739f0,0.0001170212765957,0.0425531914893617,2.136363636363636,1,default,Normal,normal,45.0,44.0,4.0,F,0.3907408037132778,3
13898,c74f2445-f95e-35ee-8b87-0a3c27276984,1.245280625,0.04875,800.0,59774,default,outlier,outlier,1.0,1.0,39.0,E,0.3907235580319439,2
1865,832933fb-3bb5-358a-9bf7-7f5769e843ea,2.030478431372549,0.1588235294117647,510.0,62133,default,outlier,outlier,2.0,1.0,81.0,E,0.39068053605989794,3
21068,ddcc23b7-a698-398b-8334-eec8e5b6cb06,0.0043898305084745,0.0360169491525423,10.488888888888887,125,default,Normal,normal,50.0,45.0,17.0,F,0.3906444153704073,2
29075,ade29d30-cd46-333c-96c7-932a547026a5,0.2589104658197217,0.0320629159104658,87.0,25679,default,Normal,normal,27.0,19.0,53.0,F,0.39061432548300745,1
8370,a23a5697-3ef4-3cd0-8dd2-6302c4b23ebb,0.5395503512880562,0.0433255269320843,854.0,27647,default,outlier,outlier,1.0,1.0,37.0,E,0.3906060935020224,2
20208,9636c140-400f-3514-9eb2-c8d5ee7e2b29,0.0025221932114882,0.0143603133159268,18.23809523809524,116,default,Normal,normal,43.0,42.0,11.0,F,0.39051471098050555,2
3545,c222849e-d95f-3e4f-a401-50a958573ca7,127.93264864864864,0.4594594594594595,37.0,284011,default,outlier,outlier,1.0,1.0,17.0,E,0.39048832583237497,1
18526,308bdf1c-a6b1-3538-b759-6978dd31817e,387.7202,0.8,5.0,116317,default,outlier,outlier,1.0,1.0,4.0,F,0.3904869269521979,2
2951,f7f4d393-98dc-3ada-b207-ec94a8487944,219.81753333333333,0.1333333333333333,15.0,197836,default,BingPreview/1.0b;unknown,bot,1.0,1.0,2.0,E,0.390457936462874,2
8255,523ac095-08c0-3be1-a283-4245a0f975dc,0.000140625,0.0078125,128.0,2,default,outlier,outlier,124.0,1.0,1.0,E,0.3904264544771646,2
32999,cf6994c5-61f5-37e4-966d-afc37871c3db,0.1789318181818182,0.0578512396694214,11.255813953488373,5197,default,Normal,normal,47.0,43.0,28.0,F,0.39034714573055795,2
4168,797760ba-d00c-3276-af7e-46918b4c75b2,0.000139344262295,0.0081967213114754,122.0,2,default,outlier,outlier,117.0,1.0,1.0,E,0.3903379224292867,2
15637,5817ebe0-ac0c-3a2d-88fe-45e1094a11be,30.79765833333333,0.1,6.666666666666667,110872,default,BingPreview/1.0b;bingbot/2.0,bot,28.0,9.0,6.0,E,0.3901681870488789,1
12604,630f9d54-efcc-382c-b175-055109c47464,26.89108823529412,0.088235294117647,7.555555555555555,109716,default,BingPreview/1.0b;bingbot/2.0,bot,30.0,9.0,6.0,E,0.38997281005510487,1
13240,b02b0ee4-9e06-34f0-89f5-d1e5545ef430,0.9957622720897616,0.0813464235624123,713.0,42599,default,outlier,outlier,1.0,1.0,58.0,E,0.3899477259416565,3
78,172404e7-d9f2-314f-8cee-b1de1c8b64ab,0.0001439999999999,0.008,125.0,2,default,outlier,outlier,121.0,1.0,1.0,E,0.3899111276785756,2
6322,6ddcd29a-c04d-3e78-9d21-43dadf128067,0.0001259259259259,0.0074074074074074,135.0,2,default,outlier,outlier,122.0,1.0,1.0,E,0.38989105742394115,2
28744,8003a8d4-da0c-30ea-b28d-17c0c8541451,2.887905625,0.005,400.0,138620,default,Normal,normal,2.0,2.0,4.0,F,0.3898724282824891,1
20465,cdff5621-6e51-3b30-95e6-70b9aa2d80a8,174.56368,0.12,25.0,261846,default,outlier,outlier,1.0,1.0,3.0,F,0.3897530513457107,2
24360,d1e0e162-7a6b-350b-852b-113a2027daa9,355.2886666666667,1.0,3.0,63952,default,outlier,outlier,1.0,1.0,3.0,F,0.3896785795846305,2
9923,0de4bdbe-8756-33fc-aa09-9a793e421cff,1.2448881278538813,0.2442922374429223,438.0,32716,default,outlier,outlier,2.0,1.0,107.0,E,0.38962443557253645,3
5813,e6636310-ac84-3f8d-883a-51fab81ee8b9,19.66235106382979,0.0744680851063829,10.444444444444445,110896,default,BingPreview/1.0b;bingbot/2.0,bot,37.0,9.0,7.0,E,0.3895614351763619,1
15324,934063a4-ff4f-3b0c-9e21-1c8a72df5fa3,22.526048780487805,0.0853658536585365,9.11111111111111,110829,default,BingPreview/1.0b;bingbot/2.0,bot,35.0,9.0,7.0,E,0.3894508201228979,1
28280,91da765a-050c-32e8-9f7e-d951cfc68a37,0.0701124183006536,0.0222222222222222,170.0,6437,default,Normal,normal,69.0,9.0,34.0,F,0.38930042428943484,1
17325,e5dd1284-0d10-3cfd-85a0-c5f60e2b6390,56.31381720430108,0.1075268817204301,93.0,314232,default,outlier,outlier,1.0,1.0,10.0,E,0.38910993856420917,2
6739,2983f67f-5e42-39ac-8cf6-a702e1b3ec9e,37.98651111111111,0.1851851851851851,135.0,307691,default,outlier,outlier,1.0,1.0,25.0,E,0.38899506596417,2
10411,622d38a8-a2ba-3549-a8a1-116eceae3800,37.8084631147541,0.0491803278688524,61.0,276758,default,BingPreview/1.0b;bingbot/2.0;unknown,bot,2.0,2.0,6.0,E,0.38897561447471024,2
18611,39ebb2f9-ed56-3cd7-b43c-dcf06466bcf2,0.1869481132075471,0.0919811320754716,13.25,4756,default,Normal,normal,39.0,32.0,39.0,F,0.38877710511936503,1
29132,78565597-1ad4-3cdf-8bf9-a15b39d455ee,0.2020016835016835,0.0555555555555555,16.97142857142857,7200,default,Normal,normal,41.0,35.0,33.0,F,0.3886178477087952,2
8444,697fb13e-445c-330e-a2be-836274d68115,20.82027564102564,0.3717948717948718,156.0,194878,default,outlier,outlier,1.0,1.0,58.0,E,0.3885399273218234,1
22470,6c5ade9d-e40a-3f9b-be96-7854b14c01d0,0.0085462328767123,0.1506849315068493,9.419354838709678,150,default,Normal,normal,42.0,31.0,44.0,F,0.38851919992643713,1
13165,e6a932f6-f661-3232-acff-daff5859337f,24.67318666666667,0.12,8.333333333333334,111030,default,BingPreview/1.0b;bingbot/2.0,bot,35.0,9.0,9.0,E,0.3884162543005897,1
6744,3136c21e-dca9-3e5a-9b8e-fb091bf7e73b,0.0027829181494661,0.0676156583629893,25.545454545454547,94,default,Googlebot/2.1,bot,96.0,22.0,38.0,E,0.388395899499922,1
30046,ac6f929e-3f00-3d7d-a0ff-1d21d3b3226c,327.7480625,0.25,4.0,157320,default,Normal,normal,2.0,2.0,2.0,F,0.3883755632128296,2
6181,b2b9010c-eba0-3937-b195-32755a1cd0e6,5.741802507836991,0.2695924764890282,319.0,109899,default,outlier,outlier,2.0,1.0,86.0,E,0.3883517888314242,3
31194,5f757634-bc36-38ea-90fd-6d5e7df691f5,0.01115234375,0.02734375,6.918918918918919,172,default,Normal,normal,55.0,37.0,7.0,F,0.3882381959862695,2
26224,c288e4fc-c262-3aa1-8d48-7e7bae4d4579,0.0029512534818941,0.0139275766016713,8.975,64,default,Normal,normal,40.0,40.0,5.0,F,0.3882065157724349,2
8760,b685ef51-209a-3714-a0fe-1e5cc72e9317,0.8856460674157304,0.1535580524344569,534.0,28377,default,outlier,outlier,2.0,1.0,82.0,E,0.38818276040720884,3
31710,7a89a05a-cff0-36cf-9d08-ed1bca22f2e4,0.00514388092613,0.0330760749724366,23.256410256410252,280,default,Normal,normal,48.0,39.0,30.0,F,0.38803168991332615,2
25784,d81d5449-14c3-3977-acba-f6dcf37d7b99,0.0041830985915492,0.0305164319248826,9.681818181818182,107,default,Normal,normal,51.0,44.0,13.0,F,0.38800776794894176,2
3698,6c6f56bf-2da0-3273-ac7f-295e92d9b30f,14.371217054263568,0.1085271317829457,14.333333333333334,111234,default,BingPreview/1.0b;bingbot/2.0,bot,51.0,9.0,14.0,E,0.38799502029457344,1
14476,d0226afb-3a1a-3bac-89ec-0f243b01fb0e,0.2102164179104477,0.0597014925373134,804.0,10141,default,outlier,outlier,2.0,1.0,48.0,E,0.3877630581383656,2
26581,d35aed26-44ce-3fc6-be19-abfe275bf968,0.118757863695937,0.0229357798165137,117.3846153846154,10874,default,Normal,normal,74.0,13.0,35.0,F,0.38769603176862366,1
12044,6e5ec6f9-e350-3555-81d3-7cbaad708788,399.8,0.4,5.0,119940,default,outlier,outlier,1.0,1.0,2.0,E,0.38764210303002533,2
10774,7b6c1fc5-ced7-3a27-816b-65dc3a902c04,20.05504,0.02,200.0,240661,default,outlier,outlier,1.0,1.0,4.0,E,0.38762842726771807,1
15462,62873ed4-5c19-35d5-9595-089c469de289,0.9923041594454072,0.1178509532062391,577.0,34354,default,outlier,outlier,2.0,1.0,68.0,E,0.387452512810277,3
23303,ddd065bc-0552-38d4-bfa6-75d6579c84b9,0.1583347794649313,0.0347071583514099,57.625,13139,default,Normal,normal,31.0,24.0,48.0,F,0.38743153682689,1
15529,2603bddf-660b-3d40-9bd0-686bf4f567fe,187.42575,0.65,20.0,224911,default,outlier,outlier,1.0,1.0,13.0,E,0.387314070941452,1
23659,6ddf637c-f97a-3e83-81aa-c563e511771f,176.7585,0.0714285714285714,4.666666666666667,148478,default,AdsBot-Google;Mobile Safari,bot,4.0,3.0,1.0,F,0.38725662835159885,1
17740,86158e4d-6281-3633-baf1-9c4ed0f62ad7,24.794395,0.155,200.0,297533,default,outlier,outlier,1.0,1.0,31.0,E,0.38724805622712555,2
30806,a260c3c3-90fd-3730-b5ac-5c1ff923cccf,0.0207201646090534,0.0781893004115226,20.25,605,default,Normal,normal,65.0,24.0,38.0,F,0.38721777149269165,1
1809,e110f584-39be-3be2-b5bf-0009a010a425,384.8726,0.8,5.0,115462,default,outlier,outlier,1.0,1.0,4.0,E,0.38719537990727704,2
21342,5678b87a-ec1c-3c95-ad48-b7c3def95412,0.3139275603663614,0.0441298917568692,54.59090909090909,22622,default,Normal,normal,27.0,22.0,53.0,F,0.38708364423798175,1
8231,1a71e69f-3e4d-3bfc-b6c1-8806c705fb65,0.9023064516129032,0.0906298003072196,651.0,35245,default,outlier,outlier,2.0,1.0,59.0,E,0.38708295100411716,3
30944,4cb53b46-0e1b-370a-852a-b295efd0bc48,0.1393112676056338,0.0267605633802816,109.23076923076924,11870,default,Normal,normal,73.0,13.0,38.0,F,0.38707002877333624,1
33896,45ed5d46-9a9e-327c-9c37-ccc481ffcf3b,0.1483020725388601,0.0238341968911917,482.5,8587,default,Normal,normal,40.0,2.0,23.0,F,0.38698371256257846,1
16326,fe31cd2c-5097-34bd-b6ce-995f2cf0463b,0.4215243902439024,0.1254355400696864,574.0,14518,default,outlier,outlier,2.0,1.0,72.0,E,0.38688368876540447,3
22370,0a4fddb9-eda9-3fff-bdab-c49dfc0cf8c7,19.06437,0.01,200.0,228773,default,outlier,outlier,1.0,1.0,2.0,F,0.3865496597494117,1
19249,df6a3a50-2110-3175-930c-549352f9579a,0.0094181585677749,0.0639386189258312,8.5,221,default,Normal,normal,50.0,46.0,25.0,F,0.38652420864511605,2
24013,8500d692-66c5-3536-900e-94c2192c432f,0.000535294117647,0.0352941176470588,2.023809523809524,3,default,Normal,normal,44.0,42.0,3.0,F,0.3864828829971462,3
11638,dfedfbee-0478-39ea-837f-28c08539e8b2,107.87773684210526,0.6052631578947368,38.0,245962,default,outlier,outlier,1.0,1.0,23.0,E,0.38643232738185723,1
25360,13d58e14-0155-3122-9241-1fe05838733e,0.0875622302158273,0.0251798561151079,154.44444444444446,7303,default,Normal,normal,68.0,9.0,35.0,F,0.3862219511849926,1
6708,ee78dbb6-55c0-3574-9c79-4937091887df,174.6375925925926,0.2222222222222222,27.0,282913,default,outlier,outlier,1.0,1.0,6.0,E,0.386045496498478,2
26671,dbd0ac69-d565-31be-97e1-e8b7114fa3be,333.71722222222223,0.7777777777777778,9.0,180208,default,outlier,outlier,1.0,1.0,7.0,F,0.3859663478875641,2
15699,fb54ed90-340c-3c4d-91f5-37689eff6e9e,4.144118840579711,0.263768115942029,345.0,85784,default,outlier,outlier,2.0,1.0,91.0,E,0.3858786979755955,3
16542,9ba944c5-675e-3542-967d-13235b483060,0.0001451612903225,0.0080645161290322,124.0,2,default,outlier,outlier,115.0,1.0,1.0,E,0.38586092113818155,2
7267,4fed1d6c-4ae3-3f88-a34f-78f6a71b2db9,0.0021172161172161,0.0897435897435897,30.33333333333333,70,default,Googlebot/2.1,bot,70.0,18.0,49.0,E,0.38570982760318995,1
12408,4659d826-4ade-3092-a9e1-ba1a73bfb891,6.66736914600551,0.1983471074380165,363.0,145216,default,outlier,outlier,1.0,1.0,72.0,E,0.3857072002480401,3
16794,7e0c8f2b-4a03-3e32-b960-e0ee7d4a69e0,111.65188636363636,0.1818181818181818,44.0,294761,default,BingPreview/1.0b;unknown,bot,1.0,1.0,8.0,E,0.3855372051822935,2
34337,fb190c26-a4e1-3ced-8f77-0d42dc9b57f1,0.0095227027027027,0.0205405405405405,21.511627906976745,529,default,Normal,normal,50.0,43.0,19.0,F,0.3850783434376661,2
12414,5443e676-93d4-3958-97dc-574b8afa237b,0.407636815920398,0.0261194029850746,804.0,19665,default,outlier,outlier,1.0,1.0,21.0,E,0.384985372069321,2
8447,6d9fcaad-e437-3486-b5a1-65a02f516aca,20.37040229885057,0.0804597701149425,9.666666666666666,106334,default,BingPreview/1.0b;bingbot/2.0,bot,33.0,9.0,7.0,E,0.3848919832683874,1
17703,1909c9a5-0d2a-3014-9527-5a526a6754a4,0.7761990369181381,0.1075441412520064,623.0,29015,default,outlier,outlier,1.0,1.0,67.0,E,0.3847292271460475,3
9838,164aaff5-4750-33a1-bc02-e26db3edd7c1,36.63018260869565,0.3652173913043478,115.0,252749,default,outlier,outlier,1.0,1.0,42.0,E,0.3847019447098557,1
18614,4b14db34-815b-3307-bbfa-9bcaa59c439d,13.23575,1.0,4.0,3177,datacenter,outlier,outlier,1.0,1.0,4.0,F,0.38464044497657646,3
7969,26a383eb-b15c-3943-9e57-9bbca3e9375f,0.0002056962025316,0.055379746835443,632.0,8,default,outlier,outlier,18.0,1.0,35.0,E,0.38456641986845413,2
14097,b2d6c04d-09e3-3305-84d3-4ac775cc3870,4.168250632911392,0.210126582278481,395.0,98788,default,outlier,outlier,2.0,1.0,83.0,E,0.38449645312117464,3
8567,9f712031-eb55-3e9b-9547-c563f6af10ce,26.3369,0.1,7.777777777777778,110615,default,BingPreview/1.0b;bingbot/2.0,bot,30.0,9.0,7.0,E,0.38444744664118313,1
8992,47e8ac8b-214e-3d01-9020-cc3509752a41,0.443457627118644,0.1525423728813559,531.0,14129,default,outlier,outlier,4.0,1.0,81.0,E,0.38421914361335907,3
8504,173bad4a-d5a3-3953-bc05-7d78d2aa3311,1.5685646153846151,0.063076923076923,650.0,61175,default,outlier,outlier,3.0,1.0,41.0,E,0.3839612652016391,2
24009,7b542705-08de-3089-9549-421d1ffc1613,0.2497616785431512,0.0356294536817102,54.91304347826087,18927,default,Normal,normal,27.0,23.0,45.0,F,0.3839542318944794,1
7047,e62784c8-84ef-3236-a7ea-4cb27af46bc5,109.65195555555556,0.3555555555555555,45.0,296061,default,outlier,outlier,1.0,1.0,16.0,E,0.3838552274147518,2
16318,e42f37ee-0ec5-386d-b788-980d7bff6227,0.698987012987013,0.1521335807050092,539.0,22606,default,outlier,outlier,2.0,1.0,82.0,E,0.38381657972870414,3
5751,148e692f-8027-3b28-8b7a-fd0804f75d73,17.450657608695654,0.3206521739130434,184.0,192656,default,outlier,outlier,1.0,1.0,59.0,E,0.38381267088907783,2
33291,6ad7b87a-7d3d-31e9-ba57-24744fb38703,1.4775421686746988,0.180722891566265,83.0,7359,datacenter,outlier,outlier,1.0,1.0,15.0,F,0.38376098833059746,3
10613,b9b71b22-d2d8-3a15-836b-f4a2b646e10d,0.6723327556325823,0.1230502599653379,577.0,23277,default,outlier,outlier,2.0,1.0,71.0,E,0.3837144568237091,3
2373,662e7566-48d1-358f-adca-9083fbea1827,0.0040321011673151,0.0758754863813229,23.363636363636363,125,default,Googlebot/2.1,bot,82.0,22.0,39.0,E,0.38361573001724425,1
10424,87cfc347-86e6-35c0-b8f3-77c6278368f0,2.731116803278689,0.1495901639344262,488.0,79968,default,outlier,outlier,1.0,1.0,73.0,E,0.38343397339495305,3
11061,7e7ad58a-7d52-36f4-8842-fd1ee68ba3ed,110.91825,0.1,40.0,266204,default,BingPreview/1.0b;bingbot/2.0;unknown,bot,1.0,1.0,4.0,E,0.3834141563507008,2
20028,60d80bf9-6b53-3ba9-8939-ba3830b8fa6a,0.0010721649484536,0.0412371134020618,6.613636363636363,19,default,Normal,normal,51.0,44.0,12.0,F,0.38309290298992194,2
30403,12bf1192-33e7-36c6-bda8-7510c2737fe6,0.0005714285714285,0.0329670329670329,2.1666666666666665,4,default,Normal,normal,43.0,42.0,3.0,F,0.3830206872943207,3
19051,7b4ab367-619a-30cb-a6ab-11ae6598671b,0.0017623126338329,0.0235546038543897,10.86046511627907,50,default,Normal,normal,47.0,43.0,11.0,F,0.3830019863858109,2
3037,e7ba7309-44c5-3211-bcce-395bcdf86314,0.7609212218649518,0.0932475884244373,622.0,28398,default,outlier,outlier,3.0,1.0,58.0,E,0.3828691078567046,3
29584,d47dc242-c9c2-3991-a340-8bc6bc0ea130,0.0357830788804071,0.0197201017811704,120.92307692307692,3376,default,Normal,normal,77.0,13.0,31.0,F,0.38271238172807515,1
31397,53070108-5d5e-3c24-ae23-5b8dbee7aaa3,197.2760952380952,0.5238095238095238,21.0,248568,default,outlier,outlier,1.0,1.0,11.0,F,0.38270611223126744,2
17117,6a538398-07a0-38d6-9097-803b24705871,2.4725503875968995,0.1356589147286821,516.0,76551,default,outlier,outlier,2.0,1.0,70.0,E,0.3826550440300753,3
6265,a9a8c250-203a-3753-8a09-22c66257ecff,30.330688524590165,0.1147540983606557,6.777777777777778,111011,default,BingPreview/1.0b;bingbot/2.0,bot,28.0,9.0,7.0,E,0.38255553323615626,1
781,10befbf2-59fc-3a93-92f8-5f9fbca5119c,3.140908466819222,0.1945080091533181,437.0,82355,default,outlier,outlier,1.0,1.0,85.0,E,0.3825394619750492,3
22520,fbd1caef-4b88-3ce9-b484-bfe3ee6a2a71,88.18471929824562,0.175438596491228,57.0,301592,default,outlier,outlier,1.0,1.0,10.0,F,0.38251357555749793,2
2341,13b19959-2dc9-31dd-a67d-8ea372375cb4,28.982078125,0.078125,8.0,111292,default,BingPreview/1.0b;bingbot/2.0,bot,29.0,8.0,5.0,E,0.38244349369571573,1
19442,5f667a7e-b1aa-3e13-a93a-b44b21a15e4a,430.3056,0.6,5.0,129092,default,outlier,outlier,1.0,1.0,3.0,F,0.3824247341813196,2
2425,ec6478fb-bc7f-31b2-8715-5b1c20778b74,0.0028319935691318,0.062700964630225,29.61904761904762,106,default,Googlebot/2.1,bot,90.0,21.0,39.0,E,0.38237976100918536,1
12719,b258fa34-2af1-321f-8802-6a027b2e44d3,1.086631029986962,0.044328552803129,767.0,50007,default,outlier,outlier,1.0,1.0,34.0,E,0.38219071464283005,2
29223,954032c9-e3ee-3477-87a5-ab83cb91a49f,0.00192166344294,0.0251450676982591,11.75,60,default,Normal,normal,48.0,44.0,13.0,F,0.38215545219890407,2
22664,abe782bb-2906-319a-aadd-59eef4b422d2,342.89125,0.25,2.0,82294,default,Normal,normal,2.0,2.0,1.0,F,0.38202146904511847,2
27827,8c1caeff-e50d-3495-bdc6-4dfa23a97f89,184.2173043478261,0.1739130434782608,23.0,254220,default,outlier,outlier,1.0,1.0,4.0,F,0.38200324026545607,2
34101,d5b94ec2-ea8d-34b5-9e39-fa0a04f45d91,35.92058273381295,0.0719424460431654,139.0,299578,default,outlier,outlier,1.0,1.0,10.0,F,0.3820017071529277,2
8513,2b4b290a-cc84-3248-8b36-8f0243086f64,6.728734636871508,0.1620111731843575,358.0,144534,default,outlier,outlier,3.0,1.0,58.0,E,0.38191563540346857,3
18877,5cfd50fb-ef47-3473-979f-9665fd6ea2e0,0.0034669724770642,0.0220183486238532,12.674418604651162,114,default,Normal,normal,46.0,43.0,12.0,F,0.38173993155570923,2
9041,fe401d7e-6393-3758-93e5-807b6188d2d3,0.0001107723577235,0.089430894308943,492.0,4,default,outlier,outlier,40.0,1.0,44.0,E,0.38166313289432247,2
7843,a977cb39-97a9-357a-b5c1-4ed1c95bdfd0,0.7717893041237113,0.0360824742268041,776.0,35935,default,outlier,outlier,1.0,1.0,28.0,E,0.3815456653556568,2
18905,b0da5858-e27c-3a46-b661-ccae7f1b2b18,0.0787896995708154,0.1373390557939914,5.974358974358975,1102,default,Normal,normal,49.0,39.0,32.0,F,0.3814432103610592,2
15592,f177fb4d-f3d1-3c2f-8037-720113f531b6,360.7511428571429,0.5714285714285714,7.0,151516,default,outlier,outlier,1.0,1.0,4.0,E,0.3813339179066069,2
10330,9bf269df-5870-3075-ab4d-919391e89630,82.4503275862069,0.0689655172413793,58.0,286928,default,BingPreview/1.0b;bingbot/2.0;unknown,bot,1.0,1.0,4.0,E,0.3811958230877302,2
2095,1ea59823-e70a-37fb-9553-4f1d0aaaa45f,89.40155769230769,0.4615384615384615,52.0,278933,default,outlier,outlier,1.0,1.0,24.0,E,0.38112547018221765,1
2731,8308f791-76d9-347c-b49d-83e2e9caeb95,86.39733333333332,0.0256410256410256,39.0,202170,default,outlier,outlier,1.0,1.0,1.0,E,0.38111846786491776,1
8391,dba482d7-7f7f-3bd7-a91f-f0460d3feac7,15.13952049180328,0.0573770491803278,13.555555555555555,110822,default,BingPreview/1.0b;bingbot/2.0,bot,40.0,9.0,7.0,E,0.38107853557880034,1
11067,9449ac44-d01d-3546-ba5e-73105d40fe18,370.9572,0.8,5.0,111288,default,outlier,outlier,1.0,1.0,4.0,E,0.3810087361078359,2
23936,9b2f8aed-4b87-3aae-ad5c-e65bd821f46e,0.0243237924865831,0.0178890876565295,209.625,2448,default,Normal,normal,70.0,8.0,30.0,F,0.3809512021195799,1
31988,b72d26af-eb82-3ca4-9016-6b30347b8a45,0.2657740963855421,0.0376506024096385,60.36363636363637,21177,default,Normal,normal,31.0,22.0,50.0,F,0.38094165106841693,1
8859,b81bf0e2-58a0-3e67-86fc-75c50fad942e,0.1867288503253796,0.1952277657266811,461.0,5165,default,outlier,outlier,2.0,1.0,90.0,E,0.38092019494285156,3
22902,5b88840f-6dfc-3e62-a81f-e20216dd7897,287.7169285714286,0.2857142857142857,14.0,241683,default,outlier,outlier,1.0,1.0,4.0,F,0.38086537839589873,2
16131,b67061d1-f96a-3153-85be-b7d0fe821628,16.70281081081081,0.081081081081081,12.333333333333334,111241,default,BingPreview/1.0b;bingbot/2.0,bot,43.0,9.0,9.0,E,0.38073307991867067,1
29423,ffe9ff89-7538-3ed5-a508-d7f8bcc76149,2.5203333333333333,1.0,3.0,454,datacenter,outlier,outlier,1.0,1.0,3.0,F,0.3806568406499173,3
28610,d500b148-450e-375d-9904-d0dce002e918,43.7045,0.75,4.0,10490,datacenter,outlier,outlier,1.0,1.0,3.0,F,0.3806454993566011,3
20859,749fc3a8-7263-3d46-b065-c69642cdc2e0,0.0148246828143021,0.0069204152249134,44.46153846153846,1543,default,Normal,normal,39.0,39.0,12.0,F,0.38057176790395675,2
32939,3ecfdd3e-fb12-3e8f-b125-d04fe380a577,0.178988406881077,0.0366492146596858,58.130434782608695,14359,default,Normal,normal,32.0,23.0,49.0,F,0.38045086732486777,1
523,f6fb7437-56a9-3604-b070-ac84eca13379,1.097993492407809,0.2125813449023861,461.0,30371,default,outlier,outlier,2.0,1.0,98.0,E,0.3804400245202325,3
15263,c0fcdad2-8664-3c96-a3c0-f562f8576e87,0.8098844621513944,0.0610889774236387,753.0,36591,default,outlier,outlier,1.0,1.0,46.0,E,0.3804387485861058,2
21489,1d1d4302-4369-3fd5-ae0e-1b6451dd9076,99.66382692307693,0.2692307692307692,52.0,310952,default,outlier,outlier,1.0,1.0,14.0,F,0.3802884527569852,2
26478,ac0d6cf7-63a2-3829-8da3-ae9e42ac6738,0.1802704507512521,0.0550918196994991,18.151515151515152,6479,default,Normal,normal,41.0,33.0,33.0,F,0.3801909842930945,1
6373,f3a19c0b-0dcf-3c64-88ef-0aa116cca1f4,0.3949536213468869,0.0635324015247776,787.0,18650,default,outlier,outlier,1.0,1.0,50.0,E,0.380167740479455,2
2546,65aee66f-043f-3c44-875d-3b2e48492255,0.0001416666666666,0.0083333333333333,120.0,2,default,outlier,outlier,112.0,1.0,1.0,E,0.3800770544279827,2
4681,2e2b2a56-cb71-35d8-b9e8-65bafaf0057a,0.5883204301075269,0.1956989247311828,465.0,16415,default,outlier,outlier,2.0,1.0,91.0,E,0.3799894774918407,3
11195,f1a0791c-bcbd-3c0b-aec1-e5008c3c0de7,40.21024107142857,0.3392857142857143,112.0,270213,default,outlier,outlier,1.0,1.0,38.0,E,0.379822871322283,1
20207,95481e39-2a00-35e5-97ff-df9fcc960c48,0.0959167803547066,0.024556616643929,104.71428571428572,8437,default,Normal,normal,67.0,14.0,36.0,F,0.3796469351627454,1
22872,fadfe3f8-a258-3300-a649-d8e44c36e10e,239.93,0.8461538461538461,13.0,187146,default,outlier,outlier,1.0,1.0,11.0,F,0.3796155040870074,2
16461,8e459f73-3ed2-302c-9912-d92faeb88ed5,0.2530531161473087,0.0779036827195467,706.0,10720,default,outlier,outlier,1.0,1.0,55.0,E,0.379597484584165,3
5368,b252d040-037c-3e70-a894-d71ef7f9afb6,30.645457142857143,0.3071428571428571,140.0,257422,default,outlier,outlier,1.0,1.0,43.0,E,0.3795423572850703,1
4804,ac57a5e3-3138-356a-9706-640090fe812f,0.0012920962199312,0.0721649484536082,34.23529411764706,46,default,Googlebot/2.1,bot,87.0,17.0,42.0,E,0.3794686349258255,1
21541,9fdd6e1c-4819-391e-932d-90a071025e12,0.002519302615193,0.0261519302615193,19.585365853658537,122,default,Normal,normal,51.0,41.0,21.0,F,0.37944911363476547,2
17805,4f67f1fd-0611-3761-8868-e25967fff50e,382.8085714285714,0.2857142857142857,7.0,160780,default,outlier,outlier,1.0,1.0,2.0,F,0.37942665226432604,2
26077,21f33e9b-d1a1-3f40-b48d-fa54be43d878,155.93988636363636,0.0909090909090909,5.5,205841,default,Normal,normal,4.0,4.0,2.0,F,0.37938255477491456,1
33539,98b80f44-f146-314c-ae72-0a23cd0845ca,0.0265416391275611,0.023132848645076,189.125,2410,default,Normal,normal,68.0,8.0,35.0,F,0.37935405095414504,1
11762,2742bab2-ee52-3d7d-9b91-cd1aecc3af9e,0.0025407098121085,0.104384133611691,28.176470588235293,74,default,Googlebot/2.1,bot,73.0,17.0,50.0,E,0.3793368267153695,1
3269,aab84b37-0839-3cdb-bd6e-4fd92197559c,0.0001551724137931,0.0086206896551724,116.0,2,default,outlier,outlier,112.0,1.0,1.0,E,0.3792305492987317,2
2333,fb77e842-fa20-3b99-9993-b998b2e04bb9,317.5911,0.6,10.0,190555,default,outlier,outlier,1.0,1.0,6.0,E,0.37923042282398123,2
11906,a842e396-4f91-3faa-8289-b6bb9addf908,1.311456289978678,0.1769722814498933,469.0,36905,default,outlier,outlier,4.0,1.0,83.0,E,0.3792296724928671,3
31087,f73f6304-3d0b-3494-9720-da254defdb74,203.6455294117647,0.7647058823529411,17.0,207719,default,outlier,outlier,1.0,1.0,13.0,F,0.37920034666020885,1
17535,333c856b-7004-3b96-88b0-4d15508e47ce,321.14,0.2,5.0,96342,default,outlier,outlier,1.0,1.0,1.0,E,0.37898640815689394,2
49,ad6365d9-1af4-309b-a4fb-d0d410a72037,311.66266666666667,1.0,3.0,56100,default,outlier,outlier,1.0,1.0,3.0,E,0.3789287004812485,2
31528,16b184ec-9eb4-3f31-b764-901be09138a3,0.2563088125466766,0.0321135175504107,53.56,20592,default,Normal,normal,28.0,25.0,43.0,F,0.37883417877029296,1
2215,9d899bb2-110c-3268-990a-bcb0bddd89f3,0.414091377091377,0.027027027027027,777.0,19305,default,outlier,outlier,1.0,1.0,21.0,E,0.37883012379959474,2
29247,df87af8d-d842-3c05-be35-209251ee6c7e,0.0037272727272727,0.0454545454545454,17.487179487179485,153,default,Normal,normal,47.0,39.0,31.0,F,0.3787739966256663,2
20364,a1242cd2-57a3-3a1b-98ed-26d6a318c433,0.0059180887372013,0.1433447098976109,9.451612903225806,105,default,Normal,normal,41.0,31.0,42.0,F,0.37876973078396214,1
11434,9dc848a7-6f84-30b8-b534-18f885513e65,0.6556368194842407,0.0802292263610315,698.0,27459,default,outlier,outlier,1.0,1.0,56.0,E,0.37868087767341463,3
2737,9300c229-55fa-32ec-b669-87f8d56e3cb1,0.8139719710669078,0.1356238698010849,553.0,27008,default,outlier,outlier,2.0,1.0,75.0,E,0.37855546520134464,3
24744,5b7734cf-7d1e-34f7-835d-f236d436f7a2,0.0149610591900311,0.1401869158878504,11.88888888888889,289,default,Normal,normal,36.0,27.0,45.0,F,0.37854909804613374,1
12809,9be3730f-0ec6-388a-ada1-af947c834382,35.552203539823005,0.0265486725663716,113.0,241044,default,BingPreview/1.0b;unknown,bot,1.0,1.0,3.0,E,0.37850686330732985,1
32177,f15818aa-e6e0-3684-b1c3-2dda2c739a46,41.43220491803279,0.1557377049180328,122.0,303284,default,outlier,outlier,1.0,1.0,19.0,F,0.3784349539778111,2
33701,d8b97850-7bae-3f6a-ba17-260c009529f3,0.1035846541786743,0.0230547550432276,92.53333333333332,8627,default,Normal,normal,70.0,15.0,32.0,F,0.3784012084511186,1
5965,96e0fb4e-1aff-306d-b32f-fe9e4343a2cf,0.2775018726591761,0.0549313358302122,801.0,13337,default,outlier,outlier,2.0,1.0,44.0,E,0.37815049017208435,2
24071,460cd0df-7309-3b3f-9360-92331fe5e58f,0.0326092715231788,0.043046357615894,7.190476190476191,591,default,Normal,normal,56.0,42.0,13.0,F,0.37808173078381224,2
26420,ee6a8a78-a2eb-3c6e-b19d-a1e85b585197,3.338794437726723,0.0290205562273276,275.6666666666667,165671,default,Normal,normal,8.0,3.0,24.0,F,0.3780393602085243,1
25458,53c3a14d-11ff-3a64-80b0-1bc44d61cfc6,1.4583010416666666,0.1208333333333333,34.285714285714285,42000,default,Normal,normal,27.0,14.0,58.0,F,0.3780314815297513,1
11931,f9f0b612-1865-3506-b1d1-8ff3b389ecf0,0.0001554307116104,0.0561797752808988,534.0,5,default,outlier,outlier,34.0,1.0,30.0,E,0.37774470759921386,2
17792,11c0405e-9774-3988-8fc6-dbe0bad49967,0.3493679245283019,0.0330188679245283,636.0,13332,default,outlier,outlier,2.0,1.0,21.0,F,0.37772977389650475,2
21037,a1017d17-6692-3ce6-b3ff-c420f5d84dc7,8.333333333333333e-05,0.0357142857142857,2.1,1,default,Normal,normal,41.0,40.0,3.0,F,0.3777169920363489,3
22811,69cb3bd8-7f4d-3954-8498-abc9b1528366,1.3676703577512777,0.024701873935264,391.3333333333333,96339,default,Normal,normal,9.0,3.0,29.0,F,0.3776852760254168,1
1826,1eac4855-f301-3c51-984b-df0526da7c7a,18.23122,0.09,12.5,109388,default,BingPreview/1.0b;bingbot/2.0,bot,44.0,8.0,9.0,E,0.37761195873656417,1
24916,5b450027-c2c3-3895-a65b-6fb25a4588d4,9.18121625,0.01,200.0,220350,default,Normal,normal,2.0,2.0,4.0,F,0.37760914402351364,1
16985,b8916231-4b2a-3326-986a-956b39ed92b6,0.562109907120743,0.0975232198142414,646.0,21788,default,outlier,outlier,2.0,1.0,63.0,E,0.37757642297289673,3
1646,fce98645-b04b-30fa-9758-97d77d3466a7,0.3859597156398104,0.0414691943127962,844.0,19545,default,outlier,outlier,1.0,1.0,35.0,E,0.3775757314992808,2
30846,2debf132-edd5-3292-b29e-e8e080297f94,2.055333333333333,1.0,3.0,370,datacenter,outlier,outlier,1.0,1.0,3.0,F,0.37740944796984743,3
2158,ebbf616a-516f-3107-8abe-00cb8bb307d1,287.5512727272727,0.6363636363636364,11.0,189784,default,outlier,outlier,1.0,1.0,7.0,E,0.3773889641287719,2
15610,1ef84bba-00ec-361c-8cb1-ca2aaf835fd9,0.1285964028776978,0.0676258992805755,695.0,5363,default,outlier,outlier,4.0,1.0,47.0,E,0.377347331660704,2
17073,e970f53c-0bc1-3253-8a0d-0706ac5f318f,21.593925,0.18,200.0,259128,default,outlier,outlier,1.0,1.0,36.0,E,0.37726566099681447,1
94,37e4a0b8-e383-3338-b821-1a91f6f974f0,18.88163775510204,0.0714285714285714,10.88888888888889,111025,default,BingPreview/1.0b;bingbot/2.0,bot,34.0,9.0,7.0,E,0.3769254951707239,1
18684,1c3720f1-7f08-35e8-b751-f0d90ee39706,0.0006309523809523,0.0357142857142857,2.1,4,default,Normal,normal,41.0,40.0,3.0,F,0.37687208315295495,3
3805,b019f3bb-0665-3c4e-abe6-44f96b5840f1,1.2341784,0.0992,625.0,46282,default,outlier,outlier,1.0,1.0,62.0,E,0.3768396608030242,3
9420,5b3408b4-c6f7-3e9d-9490-90a888fc7116,24.20984210526316,0.1447368421052631,8.444444444444445,110397,default,BingPreview/1.0b;bingbot/2.0,bot,34.0,9.0,11.0,E,0.3768033261815422,1
2769,fbb25d05-500e-3cfd-8fcf-186f896a05e7,0.0001504,0.0496,625.0,6,default,outlier,outlier,14.0,1.0,31.0,E,0.37679708018665736,2
31218,9845f98e-af91-3f9b-a837-4c2da53fc584,0.011228,0.12,6.25,169,default,Normal,normal,52.0,40.0,30.0,F,0.3767857861855969,2
8669,c5ca6885-d0a8-37ed-b69e-2b6cede8616c,2.4224083333333333,0.0416666666666666,600.0,87207,default,outlier,outlier,1.0,1.0,25.0,E,0.376783350076054,2
16064,ff04acb8-8694-3af3-b5d9-f90faf74db39,1.4539933333333332,0.1033333333333333,600.0,52344,default,outlier,outlier,1.0,1.0,62.0,E,0.376702356946085,3
21070,e1b63a3b-65c2-34f9-9e71-d6dfc60d3602,103.81836585365856,0.048780487804878,41.0,255394,default,outlier,outlier,1.0,1.0,2.0,F,0.37666372150269634,2
26554,826e052b-81aa-3b6d-b0f6-ae8cc5cceda2,1.96,1.0,3.0,353,datacenter,outlier,outlier,1.0,1.0,3.0,F,0.3765006495438424,3
33575,29960d17-d37a-3e2b-b5ee-87f4be131ebf,1.9173333333333331,1.0,3.0,346,datacenter,outlier,outlier,1.0,1.0,3.0,F,0.3765006495438424,3
11349,a5d6ea87-af44-345d-9d03-a4201da44cb3,0.8170600775193799,0.1608527131782945,516.0,25297,default,outlier,outlier,2.0,1.0,83.0,E,0.3763210471159194,3
6741,2a7e1aab-b603-313c-9f31-46b84d3e2ecb,0.3919284768211921,0.0688741721854304,755.0,17755,default,outlier,outlier,1.0,1.0,52.0,E,0.3762651986737472,2
5600,460056d0-4ac4-3639-a1cc-344a2341d441,0.5402904238618524,0.1036106750392464,637.0,20650,default,outlier,outlier,2.0,1.0,66.0,E,0.3762340460394909,3
1848,5bd8ecde-9993-3287-bcc7-373bc9f8634b,31.00340410958904,0.0547945205479452,73.0,271590,default,BingPreview/1.0b;unknown,bot,2.0,2.0,8.0,E,0.376225776791184,1
9186,c2055daf-6eec-3b08-9012-d5ab4635cd5d,20.469994444444445,0.0888888888888888,10.0,110538,default,BingPreview/1.0b;bingbot/2.0,bot,30.0,9.0,8.0,E,0.3761669353933961,1
33717,13edff88-a320-36a3-91f0-ab4941277f54,43.7444,0.1416666666666666,120.0,314960,default,outlier,outlier,1.0,1.0,17.0,F,0.3759386279465201,2
2243,fe0eab7e-3f98-3a96-938a-2ddef17e524c,52.338987951807226,0.0481927710843373,83.0,260649,default,BingPreview/1.0b;bingbot/2.0;unknown,bot,1.0,1.0,4.0,E,0.3758035767539136,1
13155,bdcff20b-dc8e-36b7-ae55-f4b0809a8832,65.9962987012987,0.3116883116883117,77.0,304903,default,outlier,outlier,1.0,1.0,24.0,E,0.3757788540500532,2
10595,9812aef3-280e-3192-9382-b438d343a325,18.18918811881188,0.0693069306930693,11.22222222222222,110227,default,BingPreview/1.0b;bingbot/2.0,bot,34.0,9.0,7.0,E,0.37565914903390907,1
33248,e38a5737-4370-35f5-99c1-7cc48813bf8a,366.8885,0.4,2.5,110067,default,Normal,normal,2.0,2.0,2.0,F,0.37556148354464286,2
8819,4e173e08-652e-3a03-ace5-6cb375490aa2,74.00035384615384,0.0923076923076923,65.0,288602,default,outlier,outlier,1.0,1.0,6.0,E,0.3754944218419027,2
7141,f7c78b62-7b53-3c81-a1c6-252c119b1b77,1.167269978401728,0.2073434125269978,463.0,32427,default,outlier,outlier,1.0,1.0,96.0,E,0.37537617777893156,3
9161,72d8649e-ad5b-3e24-bc7e-10dbcf664a32,115.26952631578948,0.5263157894736842,38.0,262815,default,outlier,outlier,1.0,1.0,20.0,E,0.37527654258779786,1
13983,bd605f10-20ec-37d6-b071-78009b9e1f0b,7.334013513513513,0.2736486486486486,296.0,130253,default,outlier,outlier,2.0,1.0,81.0,E,0.37523242496925824,3
33210,54627851-2716-3f61-b5fc-72e3aa93d057,0.0249312920089619,0.0134428678117998,33.475,2003,default,Normal,normal,39.0,40.0,18.0,F,0.3751973114827552,2
19010,eff108fc-cef4-39f0-9509-d7637a7a043c,0.0665805452292441,0.0154894671623296,41.38461538461539,6448,default,Normal,normal,35.0,39.0,25.0,F,0.37512862484959186,2
12712,a186b897-51a9-3fc6-b20f-a2414b1754f1,1.7903059701492536,0.053731343283582,670.0,71971,default,outlier,outlier,2.0,1.0,36.0,E,0.37505577537753515,2
2892,3be916cf-570d-34b3-8fc2-c6021f3398df,1.0108479685452163,0.0484927916120576,763.0,46277,default,outlier,outlier,1.0,1.0,37.0,E,0.3749922716770894,2
2891,3be916cf-570d-34b3-8fc2-c6021f3398df,1.0108479685452163,0.0484927916120576,763.0,46277,default,outlier,outlier,1.0,1.0,37.0,E,0.3749922716770894,2
2890,3be916cf-570d-34b3-8fc2-c6021f3398df,1.0108479685452163,0.0484927916120576,763.0,46277,default,outlier,outlier,1.0,1.0,37.0,E,0.3749922716770894,2
2893,3be916cf-570d-34b3-8fc2-c6021f3398df,1.0108479685452163,0.0484927916120576,763.0,46277,default,outlier,outlier,1.0,1.0,37.0,E,0.3749922716770894,2
20516,69417e77-5225-34a8-b065-0a52e91f0875,0.0039982394366197,0.0211267605633802,13.853658536585366,137,default,Normal,normal,45.0,41.0,12.0,F,0.37496494506577244,2
4262,49e81e0b-c0d0-32c8-9ceb-6702db1f6e90,0.0026461038961038,0.060064935064935,29.33333333333333,98,default,Googlebot/2.1,bot,92.0,21.0,37.0,E,0.3749078951193623,1
818,88a0f695-4a63-39f5-8da3-27507c430628,33.564727272727275,0.0909090909090909,6.111111111111111,110764,default,BingPreview/1.0b;bingbot/2.0,bot,25.0,9.0,5.0,E,0.3748185733718304,1
3362,bca7dcbd-b218-3b6f-b93d-6ee85cb6f05b,0.6172618437900128,0.056338028169014,781.0,28925,default,outlier,outlier,1.0,1.0,44.0,E,0.3748164412041059,2
31114,408ce4cd-3947-3184-9d68-ea9a6e1235b3,0.0692386117136659,0.0867678958785249,14.870967741935484,1916,default,Normal,normal,39.0,31.0,40.0,F,0.37468688531964134,1
25224,6c187abc-57b6-3662-ba16-85c9b2fff678,333.3088181818182,0.2727272727272727,11.0,219984,default,outlier,outlier,1.0,1.0,3.0,F,0.3746349881618316,2
13704,989a65e8-af85-3b58-9adf-e9117637d496,305.68736363636367,0.3636363636363636,11.0,201754,default,outlier,outlier,1.0,1.0,4.0,E,0.3746146025885432,2
26640,81eface5-eb1c-363e-9d49-f7906f595512,0.0493126232741617,0.0266272189349112,40.56,3001,default,Normal,normal,71.0,25.0,27.0,F,0.37444387708831456,1
7840,a8607c3f-f0e4-3f72-b0e1-723ef6ffe0e8,22.29579518072289,0.1566265060240964,9.22222222222222,111034,default,BingPreview/1.0b;bingbot/2.0,bot,33.0,9.0,13.0,E,0.3743620172531586,1
15740,8786080b-c848-34a9-b165-f4b4ef50373a,1.2230917630057805,0.0664739884393063,692.0,50783,default,outlier,outlier,1.0,1.0,46.0,E,0.37428902778619977,2
22982,32bb66b2-0f6d-3bf5-a736-8319d8fca172,380.73725,0.75,4.0,91377,default,outlier,outlier,1.0,1.0,3.0,F,0.374121251236476,2
28789,fd809ef9-413a-3426-b8a8-86a8036fbda8,378.8305,0.75,4.0,90920,default,outlier,outlier,1.0,1.0,3.0,F,0.374121251236476,2
21564,d8de7ce3-4220-3c9f-8c24-9815d4326901,0.0057735042735042,0.1581196581196581,6.685714285714286,82,default,Normal,normal,43.0,35.0,37.0,F,0.3740583176552189,1
10488,62904ea2-f782-3e08-ade8-36757a51e61b,0.6733018018018019,0.0501930501930501,777.0,31390,default,outlier,outlier,1.0,1.0,39.0,E,0.3739510225073759,2
22942,c97f1b15-12af-3451-8181-04e718a672b3,272.32866666666666,1.0,6.0,98039,default,outlier,outlier,1.0,1.0,6.0,F,0.37388531120484036,2
16110,7b268c7d-d516-35e9-adc9-c30221de558c,22.546134146341466,0.1219512195121951,10.25,110927,default,BingPreview/1.0b;bingbot/2.0,bot,37.0,8.0,10.0,E,0.3737328451177888,1
20545,d569d259-31cd-39a1-b07b-212c7eb7f8a9,378.144,0.5,8.0,181510,default,outlier,outlier,1.0,1.0,4.0,F,0.3735736684805625,2
24778,d28563c8-cdec-378a-b996-5edad5faad80,0.4575506644518272,0.0365448504983388,602.0,16527,default,outlier,outlier,2.0,1.0,22.0,F,0.3735629950684168,2
31306,903d45fd-a316-32d2-97b5-c0708f354276,1.0564240121580546,0.0319148936170212,19.352941176470587,41708,default,Normal,normal,39.0,34.0,21.0,F,0.37346865448932687,1
23060,4a7cca06-ac69-39c4-a836-1d177b9ba254,0.0042318181818181,0.0454545454545454,5.0,56,default,Normal,normal,47.0,44.0,10.0,F,0.37332258304431554,2
4983,9f84ca9f-b7d9-3590-984c-209d2af43dd1,1.1573522012578616,0.0990566037735849,636.0,44165,default,outlier,outlier,1.0,1.0,63.0,E,0.37332168991768333,3
8710,2653c1b1-c328-3438-bf93-ff0a9124e3a1,18.88123115577889,0.2562814070351759,199.0,225442,default,outlier,outlier,1.0,1.0,51.0,E,0.3732725473734645,1
10964,782b64a8-6e28-350f-95e8-01df9abe38e4,29.955392405063293,0.2215189873417721,158.0,283978,default,outlier,outlier,1.0,1.0,35.0,E,0.3732342426016716,2
3999,d7c2cc53-778a-33f3-8113-fefc37976420,0.4099333333333333,0.0340136054421768,735.0,18079,default,outlier,outlier,1.0,1.0,25.0,E,0.3731499423286682,2
13991,cc556a20-5ff2-3060-963f-b7a3d8bca7e1,0.0014478827361563,0.0684039087947882,40.93333333333333,54,default,Googlebot/2.1,bot,95.0,15.0,42.0,E,0.3731297252075859,1
14106,c698029d-e292-3ffe-b330-5d3108cb932a,16.393991150442478,0.079646017699115,12.555555555555555,111152,default,BingPreview/1.0b;bingbot/2.0,bot,42.0,9.0,9.0,E,0.3731279876497458,1
19645,f29cdc1c-ddbf-3601-9507-cd818766ecf7,16.610116412213742,0.0381679389312977,87.33333333333333,261112,default,Normal,normal,8.0,3.0,10.0,F,0.3730938802876257,1
15154,af8bb3db-e8f9-3bcc-9f6c-0c6fe6ef0b10,30.882825,0.2,6.666666666666667,111179,default,BingPreview/1.0b;bingbot/2.0,bot,28.0,9.0,12.0,E,0.37300926479800456,1
28646,64c56c6c-6bc2-3cf4-a659-4b87719b241e,0.0029502617801047,0.0471204188481675,4.547619047619048,34,default,Normal,normal,48.0,42.0,9.0,F,0.37298677484463016,2
4722,95009a3d-4aee-32d3-b26e-5866f279ea9f,23.42769871794872,0.1282051282051282,8.666666666666666,109642,default,BingPreview/1.0b;bingbot/2.0,bot,32.0,9.0,10.0,E,0.3729280953664489,1
4403,0d2d1e0f-460e-3982-b0b1-9e71fe416fdb,23.789245,0.11,200.0,285471,default,outlier,outlier,1.0,1.0,22.0,E,0.37287400690135086,2
786,266cfd53-55c3-3f23-a6d3-d8cdd24ec1c6,0.6450765217391304,0.1234782608695652,575.0,22256,default,outlier,outlier,1.0,1.0,71.0,E,0.37274337570102106,3
1422,3410f633-3b01-3c4f-9bc4-0cda04570d43,350.37940000000003,0.8,5.0,105114,default,outlier,outlier,1.0,1.0,4.0,E,0.37271897208505056,2
5925,191a845d-920c-3d8b-b75b-730a2409873f,0.546617048346056,0.0483460559796437,786.0,25779,default,outlier,outlier,2.0,1.0,38.0,E,0.37262283816853636,2
3455,bcf67017-26a0-3aaa-ac5c-81edb8956e2e,285.236,1.0,3.0,51343,default,outlier,outlier,1.0,1.0,3.0,E,0.37255940102264495,2
1060,195c3062-8aaf-3baf-9ee3-37e51ac1f53c,0.1855795454545454,0.0280748663101604,748.0,8329,default,outlier,outlier,1.0,1.0,21.0,E,0.37250873461011436,2
1058,195c3062-8aaf-3baf-9ee3-37e51ac1f53c,0.1855795454545454,0.0280748663101604,748.0,8329,default,outlier,outlier,1.0,1.0,21.0,E,0.37250873461011436,2
1059,195c3062-8aaf-3baf-9ee3-37e51ac1f53c,0.1855795454545454,0.0280748663101604,748.0,8329,default,outlier,outlier,1.0,1.0,21.0,E,0.37250873461011436,2
1057,195c3062-8aaf-3baf-9ee3-37e51ac1f53c,0.1855795454545454,0.0280748663101604,748.0,8329,default,outlier,outlier,1.0,1.0,21.0,E,0.37250873461011436,2
21226,d09a4ce0-3bdf-300c-9649-0b459c2305cc,0.0077927756653992,0.0342205323193916,6.414634146341464,123,default,Normal,normal,44.0,41.0,9.0,F,0.3724796280999226,2
1856,71fc0562-f45b-3196-aa35-83276190d7c8,268.5128181818182,0.7272727272727273,11.0,177219,default,outlier,outlier,1.0,1.0,8.0,E,0.3724179650198128,2
29949,a977c5d4-de8d-346e-a736-7d2216efa0a8,418.2264,0.4,5.0,125468,default,outlier,outlier,1.0,1.0,2.0,F,0.37240680715136987,2
24397,377ca469-54f0-3345-b459-26f4446c49ca,417.7728,0.4,5.0,125332,default,outlier,outlier,1.0,1.0,2.0,F,0.37240680715136987,2
25566,7e850cc1-1978-3cbb-b7b3-e612a685352d,0.86975,1.0,4.0,209,datacenter,outlier,outlier,1.0,1.0,4.0,F,0.3723802293483126,3
32959,6a912b81-d92e-3029-905f-e386dce971b8,0.0006078431372549,0.0490196078431372,2.4878048780487805,4,default,Normal,normal,43.0,41.0,5.0,F,0.3723784949056133,3
23021,b2e28849-4077-3d9c-895e-ee3108e04320,286.2995,0.2,2.5,85890,default,Normal,normal,2.0,2.0,1.0,F,0.3723326080611741,2
8672,ca6876dc-d31c-3130-8271-f33873b827b0,0.9096896551724138,0.0971786833855799,638.0,34823,default,outlier,outlier,1.0,1.0,62.0,E,0.3723225847766877,3
22029,cd715b2e-b1c3-3268-9ccf-b2cf0513cb7b,312.57775,0.3333333333333333,12.0,225056,default,outlier,outlier,1.0,1.0,4.0,F,0.3722437748001959,2
8081,39e1b132-7a00-3372-ad83-2fb8a64ca901,249.30926666666667,0.5333333333333333,15.0,224379,default,outlier,outlier,1.0,1.0,8.0,E,0.37204469822032515,2
6397,53c81907-9174-31b9-845e-25d68d4a53bd,2.3674824120603017,0.0385259631490787,597.0,84804,default,outlier,outlier,1.0,1.0,23.0,E,0.37201551855800846,2
14231,189099c1-8808-3c68-a12a-d3de6c6378b2,20.512794444444445,0.1111111111111111,10.0,110770,default,BingPreview/1.0b;bingbot/2.0,bot,34.0,9.0,10.0,E,0.3719564030360283,1
21301,e38c237c-564b-3d47-b1bd-918683445efa,2.394027397260274,0.1643835616438356,73.0,10486,datacenter,outlier,outlier,1.0,1.0,12.0,F,0.37190791781482657,3
6052,6d43b44f-3fe5-37d5-8ea4-9d1d66e3f1da,21.825840206185568,0.2061855670103092,194.0,254053,default,outlier,outlier,1.0,1.0,40.0,E,0.37187386475327155,1
928,b613f2cc-a315-3613-9f97-96bef74bbd37,0.5208823155216284,0.0419847328244274,786.0,24565,default,outlier,outlier,1.0,1.0,33.0,E,0.3718623819507595,2
33518,55dc6bc6-d58e-36ac-9dc7-975c63784879,1.6240748697916667,0.0182291666666666,36.57142857142857,74838,default,Normal,normal,52.0,21.0,14.0,F,0.37183681977575433,1
5400,11a46033-0b39-32f3-8027-6871eb7b4e48,290.8838,0.7,10.0,174531,default,outlier,outlier,1.0,1.0,7.0,E,0.3717883650393592,2
14295,d4d34d68-cc75-3484-a1a8-f5d68eb1938d,194.4407857142857,0.0714285714285714,14.0,163331,default,outlier,outlier,1.0,1.0,1.0,E,0.37168547037457134,1
29358,4bb005fc-37fe-3b9d-9b97-eac38fdf4817,329.0761875,0.5,4.0,157957,default,Normal,normal,2.0,2.0,4.0,F,0.37165640123236465,2
30908,db749cef-b467-3a0a-82a5-5a3b4b4a866d,0.0040972850678733,0.0316742081447963,15.785714285714286,163,default,Normal,normal,48.0,42.0,21.0,F,0.3713779228442025,2
16777,5ce77392-f419-3e23-80b3-8918026cba73,363.321,0.3333333333333333,6.0,130796,default,outlier,outlier,1.0,1.0,2.0,E,0.37121870908182486,2
14884,020ea201-e42b-392e-92f1-627f017fd18f,0.4675173210161663,0.2147806004618937,433.0,12147,default,outlier,outlier,3.0,1.0,93.0,E,0.3711561264279346,3
2603,f4cc8b5e-e22f-3da6-9cfb-b23dc88af9cc,23.43261176470588,0.2764705882352941,170.0,239013,default,outlier,outlier,1.0,1.0,47.0,E,0.37095065562064256,1
33628,c050b7f6-7f8c-3f5b-8f60-5a6cd347a3b5,3.2596857142857143,0.1857142857142857,70.0,13691,datacenter,outlier,outlier,1.0,1.0,13.0,F,0.37083532844730477,3
24699,bf3c69cb-908b-389b-b372-ff334fc13cc9,4.457333333333333,0.0066666666666666,300.0,160464,default,Normal,normal,2.0,2.0,4.0,F,0.3707567421048137,1
29412,df8cf24b-ae06-3459-b000-d1ef8a96830d,0.1081354907539118,0.0184921763869132,281.2,9123,default,Normal,normal,58.0,5.0,26.0,F,0.37074791698479204,1
11791,7e483a86-e5db-3c5e-95cb-e7e62cb5bce3,5.767503205128205,0.2564102564102564,312.0,107968,default,outlier,outlier,2.0,1.0,80.0,E,0.3706948166641658,3
5199,c705e297-4d25-34f3-8f97-d2d9438e59da,23.33469620253165,0.0886075949367088,9.875,110607,default,BingPreview/1.0b;bingbot/2.0,bot,29.0,8.0,7.0,E,0.3705689000849788,1
24955,da5f43b6-0ca4-3102-b860-c622c50afc9f,305.0485,0.2,10.0,183030,default,outlier,outlier,1.0,1.0,2.0,F,0.3705630020896472,2
23687,be69dfeb-6fe8-38be-97e9-9de5716fee78,0.3863066898349261,0.0451781059947871,57.55,26679,default,Normal,normal,28.0,20.0,52.0,F,0.3703258676232951,1
10619,c4852308-3ffe-3e92-86ff-7ae738e7d96e,0.7407605752961083,0.1099830795262267,591.0,26268,default,outlier,outlier,2.0,1.0,65.0,E,0.37023965192478936,3
10634,fe44c40c-a2cd-399b-ad87-9336db91943f,30.949043859649123,0.1052631578947368,7.125,105846,default,BingPreview/1.0b;bingbot/2.0,bot,26.0,8.0,6.0,E,0.3702115209612499,1
2809,768e8077-7fcf-361a-a83c-d88394afc7f9,0.0001709401709401,0.0085470085470085,117.0,2,default,outlier,outlier,108.0,1.0,1.0,E,0.37015244869581987,2
32194,2ceccc94-fd03-353f-b73a-1e6e791ed053,0.0859791666666666,0.1071428571428571,9.882352941176473,1734,default,Normal,normal,39.0,34.0,36.0,F,0.37012561651427367,1
28888,3dfee747-9ae5-3eae-8e02-88810bf76e3b,0.8451539225422046,0.0158887785501489,32.483870967741936,51065,default,Normal,normal,38.0,31.0,16.0,F,0.3700926653087518,1
7801,2fa78ada-3898-375b-a8f3-5c3ee5752ec6,0.3911625,0.04125,800.0,18776,default,outlier,outlier,1.0,1.0,33.0,E,0.36996847094234475,2
7875,0343a5cd-6b88-3ee4-a498-6a0330d5e825,377.3852,0.6,5.0,113216,default,outlier,outlier,1.0,1.0,3.0,E,0.3698257743280158,2
11620,af7004c9-c65d-3bf8-a207-b288d1d1d408,0.5061909262759924,0.1550094517958412,529.0,16067,default,outlier,outlier,1.0,1.0,82.0,E,0.36976620740738353,3
26247,f858f241-2a44-333b-8f1f-971a9105ceff,181.1807083333333,0.2083333333333333,24.0,260901,default,outlier,outlier,1.0,1.0,5.0,F,0.3696002369526906,2
14149,33e6b308-1d90-3070-b970-7f7b235f490f,19.00016,0.255,200.0,228002,default,outlier,outlier,1.0,1.0,51.0,E,0.36956507050957155,2
21009,48cce04f-0ecf-3bcb-9f37-5becf2feb37d,2.0798,1.0,5.0,624,datacenter,outlier,outlier,1.0,1.0,5.0,F,0.36956003238625024,3
13953,6181bc3f-bb56-3fd7-9da1-cd4a20a620fc,54.70551219512195,0.0609756097560975,82.0,269152,default,outlier,outlier,1.0,1.0,5.0,E,0.36943521303533616,2
22901,5825d4bf-5f37-372a-9214-093c5931bf91,0.0706515249837767,0.0155743024010382,256.8333333333333,6533,default,Normal,normal,61.0,6.0,24.0,F,0.3693675832761757,1
6681,a287b3d9-f762-311b-a6de-7c603b27d91c,359.5373333333333,0.6666666666666666,3.0,64717,default,BingPreview/1.0b;Mobile Safari,bot,1.0,1.0,2.0,E,0.36935085676392876,2
14268,6d174575-e895-32fb-a0b0-ecaaca31e72a,21.38898901098901,0.2582417582417582,182.0,233568,default,outlier,outlier,1.0,1.0,47.0,E,0.3692221932258834,1
15975,09689741-0373-34be-86f6-25a780678fbc,22.08489156626506,0.0843373493975903,10.375,109983,default,BingPreview/1.0b;bingbot/2.0,bot,30.0,8.0,7.0,E,0.36917174179636925,1
6919,39bb43d6-9c1f-361e-b91f-75b6e1d5ac81,0.6668677165354331,0.0960629921259842,635.0,25408,default,outlier,outlier,2.0,1.0,61.0,E,0.36916469464410967,3
9708,5d83f87c-3ade-34b7-a5a7-d2b2c9db132a,23.74025,0.2222222222222222,180.0,256395,default,outlier,outlier,1.0,1.0,40.0,E,0.3689699026711504,1
6522,9ae2e5b5-1f15-34d6-bfa6-3d9d535c4b56,22.86816883116883,0.1038961038961039,9.625,105651,default,BingPreview/1.0b;bingbot/2.0,bot,31.0,8.0,8.0,E,0.36894422249590964,1
11188,ea79e8c0-a519-3a25-b79a-620bcaae4d9b,0.0015381526104417,0.0903614457831325,33.2,46,default,Googlebot/2.1,bot,75.0,15.0,45.0,E,0.36888865111200314,1
10112,1f7f707a-771e-3f32-8d3b-d3d682c50589,280.3538,0.2,5.0,84107,default,outlier,outlier,1.0,1.0,1.0,E,0.3685940410878213,2
28682,e48c9b93-77d8-3359-a875-71bd1cd54172,0.2553178807947019,0.0949227373068432,16.77777777777778,6940,default,Normal,normal,35.0,27.0,43.0,F,0.36858216554338985,1
22196,c573f0ab-7d61-3251-be8e-f7ccebc96483,246.3088,0.1333333333333333,15.0,221678,default,outlier,outlier,1.0,1.0,2.0,F,0.3685498970181352,2
26235,dca1d110-3372-371c-b253-06f84b3ffee1,298.4655384615384,0.3846153846153846,13.0,232804,default,outlier,outlier,1.0,1.0,5.0,F,0.368427846949009,2
24589,8383d7ae-2b5c-3a81-9dcb-799d86c2e64f,0.0024917218543046,0.043046357615894,7.190476190476191,46,default,Normal,normal,52.0,42.0,13.0,F,0.3684077183153567,2
10762,62b426f2-1a33-3f3b-95ef-1a3afd6e8fed,186.65777272727277,0.3636363636363636,22.0,246389,default,BingPreview/1.0b;unknown,bot,1.0,1.0,8.0,E,0.3680933081431107,2
10404,5246aa6e-d099-37ff-8718-91e5e10301a1,52.870875,0.3295454545454545,88.0,279159,default,outlier,outlier,1.0,1.0,29.0,E,0.36807333729046454,1
32663,df3f849d-1360-3e0d-8b99-a7d96b9d025f,66.20133333333332,0.5,6.0,23833,datacenter,outlier,outlier,1.0,1.0,3.0,F,0.3678501516412094,3
8682,eae4d3a0-fd46-334f-8725-4c6913d06f36,0.0042720306513409,0.0651340996168582,522.0,134,default,outlier,outlier,40.0,1.0,34.0,E,0.3678107203161587,2
12254,89bc11bc-929c-339c-a97b-5cf8639ba3d1,1.979207894736842,0.0842105263157894,570.0,67689,default,outlier,outlier,2.0,1.0,48.0,E,0.3677676380701463,2
8528,4696a9d7-1688-3ac1-9e05-d5eeb13ddce9,0.4821197836166924,0.0927357032457496,647.0,18716,default,outlier,outlier,2.0,1.0,60.0,E,0.3677451666559597,3
14383,d15916bb-6cdc-3e32-959d-c14af2be152b,0.7733383518225039,0.0966719492868462,631.0,29279,default,outlier,outlier,1.0,1.0,61.0,E,0.36772111251737283,3
16778,5d30f395-2102-390a-af34-af516488c16d,28.50249090909091,0.109090909090909,6.111111111111111,94059,default,BingPreview/1.0b;bingbot/2.0,bot,25.0,9.0,6.0,E,0.3676470050695221,1
7420,23b2509d-a789-3577-902e-6b29c9711126,0.6916864535768645,0.0882800608828006,657.0,27267,default,outlier,outlier,1.0,1.0,58.0,E,0.3676236483636832,3
29735,f4aeb28c-d0c4-3d97-a3a4-17295c26f8b6,325.0021666666667,1.0,3.0,58501,default,outlier,outlier,2.0,1.0,3.0,F,0.3676209424199076,2
10121,4d1594ff-6892-3c63-bde3-cd5fe9b30f59,10.212442307692308,0.3247863247863248,234.0,143383,default,outlier,outlier,1.0,1.0,76.0,E,0.3676102156874148,2
22392,5021777d-f7c7-3dd0-a627-c4f7351925c5,0.0005869565217391,0.0978260869565217,8.117647058823529,10,default,Normal,normal,59.0,34.0,27.0,F,0.3675630115796421,1
28550,040162c1-53be-3ae6-bcd8-301e5efc4955,0.1567035714285714,0.0571428571428571,16.470588235294116,5266,default,Normal,normal,45.0,34.0,32.0,F,0.36756268229704303,1
16474,b667afa9-ff6c-3cc5-a721-2883d46af4b2,188.796,0.0714285714285714,14.0,158589,default,outlier,outlier,1.0,1.0,1.0,E,0.36753403201301327,1
19324,cc6450b6-933d-34da-96cb-2a0064762e0c,0.3298823981552652,0.0392006149116064,61.95238095238095,25751,default,Normal,normal,25.0,21.0,51.0,F,0.36752772677335577,1
24261,6f580b8d-fba5-394d-92c3-4d18f66abbe3,272.22355555555555,0.8888888888888888,9.0,147001,default,outlier,outlier,1.0,1.0,8.0,F,0.36751982247261733,2
14892,153a67d9-6548-359a-8d40-1041b11c150d,58.92325,0.0178571428571428,56.0,197983,default,outlier,outlier,1.0,1.0,1.0,E,0.3674778351075431,1
7412,0b5c6e44-82b7-3adf-9b4d-3648c82cd4e8,212.58721428571428,0.7142857142857143,14.0,178574,default,outlier,outlier,1.0,1.0,10.0,E,0.36745232401263095,1
32548,98fe8080-3e3d-3f8b-8895-4414316c0863,302.43188888888886,0.7777777777777778,9.0,163314,default,outlier,outlier,1.0,1.0,7.0,F,0.3674164457634864,2
15445,23436ba6-f51d-3193-862b-909f780810e4,44.90440243902439,0.1219512195121951,4.555555555555555,110465,default,BingPreview/1.0b;bingbot/2.0,bot,20.0,9.0,5.0,E,0.36741211810971297,1
25242,91fb5713-a7c3-398e-8cc1-d3d6924e5ae0,0.2467179261862917,0.0386643233743409,51.72727272727273,16846,default,Normal,normal,33.0,22.0,44.0,F,0.36736275530778917,1
23638,35c3180a-5e52-3b57-8309-d3415a0ef3d8,0.0254248927038626,0.0300429184549356,44.38095238095238,1422,default,Normal,normal,85.0,21.0,28.0,F,0.3673131829738754,1
25520,de9f55a0-4c18-3937-be8f-3a87672fa08d,0.0297580529706513,0.0264853256979241,45.064516129032256,2495,default,Normal,normal,33.0,31.0,37.0,F,0.36685426944885424,1
5794,b32ac13d-8600-3f95-9583-db4c289f8fc4,0.9294093137254902,0.088235294117647,612.0,34128,default,outlier,outlier,2.0,1.0,54.0,E,0.3668264857618544,3
4243,072b6a16-f19d-34c0-9fa6-547089a6d6f3,1.2165096660808437,0.1142355008787346,569.0,41532,default,outlier,outlier,1.0,1.0,65.0,E,0.36677126670443005,3
14772,bc27d8fa-3eb3-37fe-870c-4efe33902cd6,1.170935520361991,0.1945701357466063,442.0,31054,default,outlier,outlier,3.0,1.0,86.0,E,0.36676577888987355,3
4854,3beafd81-09c4-31f2-b1ad-a0e35d847b54,37.08268,0.12,5.555555555555555,111249,default,BingPreview/1.0b;bingbot/2.0,bot,23.0,9.0,6.0,E,0.3666729547442208,1
28231,e6919b0b-158e-3776-8480-77e69ce1cb54,0.0035610955056179,0.021067415730337,17.8,153,default,Normal,normal,45.0,40.0,15.0,F,0.3666619180932983,2
33018,094500ba-f16c-38ed-809f-8b9f67e36872,0.0125772727272727,0.1227272727272727,5.365853658536586,167,default,Normal,normal,49.0,41.0,27.0,F,0.3666479717021388,2
29268,30af9280-cace-3df6-9511-fa23faba98f1,0.3228,0.0403433476394849,55.47619047619048,22564,default,Normal,normal,27.0,21.0,47.0,F,0.3666240154056154,1
26116,941daac8-6985-3b86-b2fc-0ead898af8ef,0.5686603982300885,0.0376106194690265,84.75,46267,default,Normal,normal,22.0,16.0,51.0,F,0.3665254638717556,1
5689,7d1a2444-6ac0-3f49-bab9-8997fa510dba,30.23242142857143,0.2857142857142857,140.0,253953,default,outlier,outlier,1.0,1.0,40.0,E,0.3665019186004904,1
32931,31f7a03a-9692-3fc3-b8ef-65906aa0bb52,0.0530830827067669,0.0210526315789473,266.0,4237,default,Normal,normal,62.0,5.0,28.0,F,0.3664965045880728,1
14274,76e85291-0517-37cf-8c7c-2f2f07751d0d,31.94194736842105,0.1052631578947368,6.333333333333333,109242,default,BingPreview/1.0b;bingbot/2.0,bot,24.0,9.0,6.0,E,0.36647955664452847,1
1860,78ba04fd-59e9-36a8-b24c-6a91da8af2c7,299.1217272727273,0.4545454545454545,11.0,197421,default,outlier,outlier,1.0,1.0,5.0,E,0.3663813093360095,2
9092,925bcc5b-cc7a-31ad-97c4-f507793eb888,0.3576802763819095,0.0527638190954773,796.0,17083,default,outlier,outlier,1.0,1.0,42.0,E,0.36626419058720255,2
33146,8dd5d777-5b27-3295-b548-8c617f9f9dfa,0.2179271523178808,0.0257542310522442,97.07142857142856,17770,default,Normal,normal,59.0,14.0,35.0,F,0.3660823860644983,1
16981,aedf83f7-1e15-3d86-8981-21faf4cb0ed5,2.8964694570135747,0.1628959276018099,442.0,76815,default,outlier,outlier,2.0,1.0,72.0,E,0.36592014418013413,3
16979,aedf83f7-1e15-3d86-8981-21faf4cb0ed5,2.8964694570135747,0.1628959276018099,442.0,76815,default,outlier,outlier,2.0,1.0,72.0,E,0.36592014418013413,3
16980,aedf83f7-1e15-3d86-8981-21faf4cb0ed5,2.8964694570135747,0.1628959276018099,442.0,76815,default,outlier,outlier,2.0,1.0,72.0,E,0.36592014418013413,3
16982,aedf83f7-1e15-3d86-8981-21faf4cb0ed5,2.8964694570135747,0.1628959276018099,442.0,76815,default,outlier,outlier,2.0,1.0,72.0,E,0.36592014418013413,3
19390,95916242-9f41-377c-a4a6-021d45eb2c0d,0.029494938539407,0.0260303687635574,125.72727272727272,2448,default,Normal,normal,70.0,11.0,36.0,F,0.36583361081913274,1
2670,af7ef379-ea88-3f7e-8967-18476e925b4d,25.930886363636365,0.106060606060606,8.25,102687,default,BingPreview/1.0b;bingbot/2.0,bot,28.0,8.0,7.0,E,0.3658042285117731,1
26292,7e0031e1-9335-3a9f-b29d-7c09d3096c67,24.28456140350877,0.1403508771929824,171.0,249160,default,outlier,outlier,1.0,1.0,24.0,F,0.3657398030931992,1
3562,fc9031ec-c38d-3567-ba39-3cf0ceaaa934,1.7052818003913894,0.1487279843444227,511.0,52284,default,outlier,outlier,2.0,1.0,76.0,E,0.36573424301829827,3
25452,40189122-d77a-3299-a7bb-8ed7835767fd,17.95191,0.01,200.0,215423,default,outlier,outlier,1.0,1.0,2.0,F,0.36567840789532113,1
30667,24b0c920-7ad4-34cd-a386-8982307aff87,259.6508666666667,0.5333333333333333,15.0,233686,default,outlier,outlier,1.0,1.0,8.0,F,0.36566152413705433,2
22044,f2cab547-ddae-3903-b0f1-02f31fb8a081,4.304507246376812,0.2753623188405797,69.0,17821,datacenter,outlier,outlier,1.0,1.0,19.0,F,0.3656087268223125,3
28106,933b0be9-f064-3ab8-9b68-a32df4957548,163.56462068965516,0.2758620689655172,29.0,284603,default,outlier,outlier,1.0,1.0,8.0,F,0.3655907769159715,2
7961,f393eeed-75b2-339a-84ce-fe118dda8034,252.16241666666664,0.75,12.0,181557,default,outlier,outlier,1.0,1.0,9.0,E,0.36546843970278897,2
14129,036cba4a-bf75-31c3-a61a-99224c005fd3,40.44686666666667,0.1333333333333333,5.0,109207,default,BingPreview/1.0b;bingbot/2.0,bot,19.0,9.0,6.0,E,0.36541347709842176,1
2923,82e4fe46-ba46-3a9b-88d7-20884859d828,18.787739130434783,0.0869565217391304,10.22222222222222,103709,default,BingPreview/1.0b;bingbot/2.0,bot,29.0,9.0,8.0,E,0.3654003355311274,1
12636,b1823b2a-5050-3035-9f8c-96912396e709,5.539947103274559,0.1712846347607053,397.0,131962,default,outlier,outlier,1.0,1.0,68.0,E,0.36537852032620255,3
5782,7b06f0ba-1504-3c92-85a5-2613b8d20084,49.52988888888889,0.3555555555555555,90.0,267462,default,outlier,outlier,1.0,1.0,32.0,E,0.36521400909310386,1
14836,7278d0a8-6cc8-3c91-967a-ca5ddee3c2b6,26.058716666666665,0.1388888888888889,180.0,281435,default,outlier,outlier,1.0,1.0,25.0,E,0.36509161307144644,2
801,50292ec8-1149-31fa-897d-fd01a54ab88a,149.55396,0.6,25.0,224331,default,outlier,outlier,1.0,1.0,15.0,E,0.36506373890272426,1
18770,22f75bfe-ce0e-3083-b606-dd6c2f82d5bf,0.1373899641577061,0.025089605734767,107.3076923076923,11500,default,Normal,normal,63.0,13.0,35.0,F,0.36504922428401443,1
8229,134c5abf-783b-3304-9a10-b3c779a8d562,253.36085714285716,0.5714285714285714,14.0,212824,default,outlier,outlier,1.0,1.0,8.0,E,0.3649558349695848,2
19981,dd19aced-e071-3ebd-becb-067beee33660,260.369125,0.3125,16.0,249955,default,outlier,outlier,1.0,1.0,5.0,F,0.3647703520830013,2
30606,8193da25-8ba3-31e2-b60f-5fd10be59668,2.6102857142857143,0.2337662337662337,77.0,12060,datacenter,outlier,outlier,1.0,1.0,18.0,F,0.36476819243639313,3
14872,caad0c42-25be-3309-92ab-d946bca0e7f9,21.086275,0.17,200.0,253036,default,outlier,outlier,1.0,1.0,34.0,E,0.3647481707675676,1
15936,87acd930-6aa6-344d-be37-cbe6488a1b7b,33.328872727272724,0.109090909090909,6.111111111111111,109986,default,BingPreview/1.0b;bingbot/2.0,bot,23.0,9.0,6.0,E,0.36474266211274925,1
14714,210fbd03-578f-3c4d-8875-4a8dc0ed0811,1.95547816091954,0.2,435.0,51038,default,outlier,outlier,2.0,1.0,87.0,E,0.36474028444526807,3
19483,d24bcb81-f965-3838-a94d-61aa270e62b9,331.7227272727273,0.4545454545454545,11.0,218937,default,outlier,outlier,1.0,1.0,5.0,F,0.36473669096444905,2
27342,c6e7eddf-6817-37ba-a209-1398424f1b41,340.7025625,0.25,8.0,163538,default,outlier,outlier,1.0,1.0,2.0,F,0.36465454198112934,2
30874,884503a8-b8f3-3ad5-b4a5-1fd682ccf772,0.0010333333333333,0.0375,6.0,15,default,Normal,normal,44.0,40.0,9.0,F,0.3646081415767304,2
2028,4410fcfd-eb29-3e34-b892-35b35e0207b0,225.9802222222222,0.1111111111111111,9.0,122030,default,outlier,outlier,1.0,1.0,1.0,E,0.3645162465670416,1
30602,77906554-699d-358d-8384-1520e735edd6,0.0265569547796222,0.0137378362907842,47.21621621621622,2784,default,Normal,normal,37.0,37.0,24.0,F,0.3644769840301876,2
18585,dc363bed-0793-3bfb-8dce-cd889a910226,244.1606470588235,0.3529411764705882,17.0,249044,default,outlier,outlier,1.0,1.0,6.0,F,0.36446676309221593,2
29087,c4d4e9c4-163b-3421-899b-b9288d648399,0.2724147157190635,0.0568561872909698,19.29032258064516,9775,default,Normal,normal,40.0,31.0,34.0,F,0.3644240513307584,1
20411,26bde814-5f47-31d1-a92c-6c939a6618ca,0.3466397153945666,0.0310478654592496,81.36842105263158,32155,default,Normal,normal,24.0,19.0,48.0,F,0.3643753577440225,1
32337,e8695f22-ff7e-3f84-88c8-470b24edc2ca,358.954625,0.5,2.0,86150,default,Normal,normal,2.0,2.0,2.0,F,0.3640051415916216,2
30992,dbcc6553-f12b-3163-9471-3134058db862,0.0002378048780487,0.0365853658536585,2.102564102564102,2,default,Normal,normal,40.0,39.0,3.0,F,0.36384611134824707,3
12863,51ce409a-f759-3241-8c8b-7682f91cb233,14.605528,0.144,13.88888888888889,109542,default,BingPreview/1.0b;bingbot/2.0,bot,39.0,9.0,18.0,E,0.3638266978115807,1
22915,7202d41b-e6aa-3241-84fb-17a7bf600465,322.39375,1.0,4.0,77375,default,outlier,outlier,1.0,1.0,4.0,F,0.36370797500043606,2
30186,6d0d9d30-4bf7-30f0-8ae6-87990bdfbc20,321.58275,1.0,4.0,77180,default,outlier,outlier,1.0,1.0,4.0,F,0.36370797500043606,2
26940,cba68b5f-eb01-3f0f-8293-6217ea26f4d1,0.2335878164556962,0.0363924050632911,60.19047619047619,17716,default,Normal,normal,28.0,21.0,46.0,F,0.36356520417638805,1
18226,71913ddb-2dfc-3023-a2a7-43be2c30c32b,67.29999285714285,0.0571428571428571,35.0,282660,default,Normal,normal,2.0,2.0,4.0,F,0.3631925399661695,2
34323,d821db64-4888-3dcf-9880-dfa18c0bdd51,344.80611111111114,0.5555555555555556,9.0,186196,default,outlier,outlier,1.0,1.0,5.0,F,0.36315129405227187,2
15814,4c63b787-ceb7-3f42-8724-b24b95fd1db8,0.572198424068768,0.0329512893982808,698.0,23964,default,outlier,outlier,1.0,1.0,23.0,E,0.36314977688176686,2
21762,58c424dc-2e42-3c78-9308-d90a002d3347,0.0161747572815533,0.1359223300970873,11.035714285714286,300,default,Normal,normal,39.0,28.0,42.0,F,0.36313025861316556,1
4251,24e26611-e645-3724-8513-7d87293ebf5f,0.024,1.0,2.0,3,datacenter,Googlebot-Image/1.0;unknown,bot,1.0,1.0,2.0,E,0.3630785017366046,3
15728,58adb2f9-dad1-382e-a8df-a15b490d98be,0.0255,1.0,2.0,4,datacenter,Screaming Frog SEO Spider;unknown,bot,1.0,1.0,2.0,E,0.3630785017366046,3
15527,2420346d-2bea-3564-bb70-c0259d51917c,0.024,1.0,2.0,3,datacenter,Googlebot-Image/1.0;unknown,bot,1.0,1.0,2.0,E,0.3630785017366046,3
9233,31b7e7c0-0343-34f5-82dc-8628b8bb6156,0.0235,1.0,2.0,3,datacenter,Python-requests;unknown,bot,1.0,1.0,2.0,E,0.3630785017366046,3
28147,21180149-e2e3-3ede-be7b-98ea1d9e63e1,0.017340909090909,0.0833333333333333,6.285714285714286,275,default,Normal,normal,51.0,42.0,22.0,F,0.363071785700401,2
4822,dd4a9be6-ad19-3a61-9d35-5ea99c142263,0.9683389830508474,0.1067796610169491,590.0,34280,default,outlier,outlier,1.0,1.0,63.0,E,0.3630055225700156,3
14807,1d7c162d-9d6c-3c19-82fb-1438680b75b2,0.4770970149253731,0.1492537313432835,536.0,15344,default,outlier,outlier,2.0,1.0,80.0,E,0.36295008745818824,3
24096,9ac04508-6a41-3695-af19-470d5a211695,0.0003223684210526,0.0263157894736842,2.0,2,default,Normal,normal,38.0,38.0,2.0,F,0.362901153978581,3
23584,b453c690-4e21-340f-8414-48152b9a295e,0.0008157894736842,0.0263157894736842,2.0,4,default,Normal,normal,39.0,38.0,2.0,F,0.362901153978581,3
19448,6e6f22f8-b2ed-310b-8abb-474fae25e999,0.3060484922575387,0.0383048084759576,58.42857142857143,22532,default,Normal,normal,26.0,21.0,47.0,F,0.3628033145464478,1
32789,4b319202-9e19-3ac2-a715-c28f7a7e0f64,15.907615,0.005,200.0,190892,default,outlier,outlier,1.0,1.0,1.0,F,0.36266489965222504,1
6220,290afbb0-dde4-37b5-9d4f-16656ca008fd,1.4671406593406593,0.1934065934065934,455.0,40053,default,outlier,outlier,1.0,1.0,88.0,E,0.3625760335910189,3
28600,a33087b2-f73a-3d56-b533-b9d13ad2cf33,0.0041666666666666,0.0135135135135135,29.210526315789476,278,default,Normal,normal,40.0,38.0,15.0,F,0.36257090385748003,2
13072,ba928b39-6bb6-3c3b-9a43-5cc5230181f4,2.946997416020672,0.2403100775193798,387.0,68430,default,outlier,outlier,1.0,1.0,93.0,E,0.36229658791695385,3
13862,57d67e6e-119a-3230-a88b-044df536708e,29.881516129032256,0.1290322580645161,8.857142857142858,111160,default,BingPreview/1.0b;bingbot/2.0,bot,29.0,7.0,8.0,E,0.362221688355312,1
20479,fa2518ee-77a7-3403-947c-4b5b684feb65,0.0089803370786516,0.0449438202247191,4.45,96,default,Normal,normal,42.0,40.0,8.0,F,0.36220407631932444,2
10402,4cee40b8-c8c4-39ae-8308-9726029f7f8b,267.8753333333333,1.0,3.0,48218,default,outlier,outlier,1.0,1.0,3.0,E,0.36217586661486667,2
28714,2c8f7e5e-2bc2-3fb5-92b7-a437ec9351ed,0.2706954732510288,0.0452674897119341,63.94736842105263,19734,default,Normal,normal,26.0,19.0,55.0,F,0.36217572441071333,1
29864,695c9adb-c5a0-3823-b949-a88c3cfaee78,36.322771653543306,0.0708661417322834,127.0,276780,default,outlier,outlier,1.0,1.0,9.0,F,0.36210123056266696,2
24185,72fc8553-d7c2-37e1-b95d-0accb62c0337,288.317125,0.875,8.0,138393,default,outlier,outlier,1.0,1.0,7.0,F,0.3619990810883176,2
7592,eccd6a77-a664-33d9-9415-8fef25c50930,5.093958199356914,0.2668810289389067,311.0,95054,default,outlier,outlier,2.0,1.0,83.0,E,0.361871545817519,3
10295,35f55e22-eced-33d6-8afc-956cd806e6e9,296.47671428571425,0.8571428571428571,7.0,124521,default,outlier,outlier,1.0,1.0,6.0,E,0.36181268309058723,2
18143,6b7e1115-d431-384c-b79f-b5a4e6cbe48a,354.08325,0.375,8.0,169960,default,outlier,outlier,1.0,1.0,3.0,F,0.3617553208030141,2
9502,3e841eb1-93ae-3e50-9aec-a0643ee96fd0,68.51937037037037,0.1851851851851851,3.375,111002,default,BingPreview/1.0b;bingbot/2.0,bot,13.0,8.0,5.0,E,0.3617326664535927,1
8673,d2271e5a-3d66-3c14-911e-df0a77cf7f3f,0.490264375,0.05125,800.0,23533,default,outlier,outlier,1.0,1.0,41.0,E,0.3616979960687411,2
31355,f0e79917-0d9a-3518-ae72-26fe6451aa53,8.472481250000001,0.0125,200.0,203340,default,Normal,normal,2.0,2.0,5.0,F,0.36165358619373056,1
2003,04117022-3b13-38ee-a266-7b2fec59696a,1.986306997742664,0.1963882618510158,443.0,52797,default,outlier,outlier,1.0,1.0,87.0,E,0.36159258022170016,3
24652,456e2386-109b-3a7a-9cda-9f05685cebdf,284.87311111111114,0.7777777777777778,9.0,153832,default,outlier,outlier,1.0,1.0,7.0,F,0.36156484003131706,2
31623,3acc2737-7fd1-3019-a93b-825f222f938b,206.98805,0.35,20.0,248386,default,outlier,outlier,1.0,1.0,7.0,F,0.36145472950674473,2
21063,d6e16627-3c45-321b-bf04-4b01f9d387ad,6.874460317460317,0.2539682539682539,63.0,25986,datacenter,outlier,outlier,1.0,1.0,16.0,F,0.3613383939183227,3
33736,61137177-394f-343d-9c5a-6a1bcb06f29d,0.0366451923076923,0.0019230769230769,520.0,1144,default,outlier,outlier,6.0,1.0,1.0,F,0.36130090644347246,3
3899,a6764fb7-143f-3ede-8c7c-9f6a306c1b7f,27.5055923566879,0.2356687898089172,157.0,259103,default,outlier,outlier,1.0,1.0,37.0,E,0.3612738340890415,1
8459,8e43fcef-1d29-3e9c-8b5f-14e9f2207aeb,25.605215277777777,0.0833333333333333,10.285714285714286,110615,default,BingPreview/1.0b;bingbot/2.0,bot,28.0,7.0,6.0,E,0.36121402341952624,1
30227,e0344fd6-6fd2-3463-91c1-319e2b793de6,381.1474,0.6,5.0,114345,default,outlier,outlier,1.0,1.0,3.0,F,0.36119353310940705,2
7819,6fa8ae6c-fb5d-389d-bd6e-4f24b5f0715b,2.853087044534413,0.1214574898785425,494.0,84566,default,outlier,outlier,1.0,1.0,60.0,E,0.3611796879105446,3
34093,b8f2ee12-7806-3d6a-88e6-ee915795b6ae,0.0045334572490706,0.0130111524163568,15.823529411764708,147,default,Normal,normal,38.0,34.0,7.0,F,0.3611767114275809,1
21,479ba55d-0866-3549-8600-2eeadef12073,265.94025,0.5,3.0,95739,default,BingPreview/1.0b;Mobile Safari,bot,2.0,2.0,3.0,E,0.36112003652144353,1
8476,d1bb708d-c2aa-32a4-882a-23b3c241925a,27.40047014925373,0.2238805970149253,8.375,110150,default,BingPreview/1.0b;bingbot/2.0,bot,28.0,8.0,15.0,E,0.3610554633165026,1
31715,80dafadd-4008-3746-9654-ee88173dbcf6,0.0033615160349854,0.0393586005830903,18.54054054054054,139,default,Normal,normal,44.0,37.0,27.0,F,0.3610027542300752,2
33567,18704c21-8054-3a02-84a3-a6eb85be51d2,289.8925,1.0,4.0,69575,default,outlier,outlier,1.0,1.0,4.0,F,0.36098989953245314,2
18252,beca79c5-8e01-3f2c-8fa2-3b62028ca943,0.2811380655226209,0.03198127925117,55.73913043478261,21626,default,Normal,normal,29.0,23.0,41.0,F,0.3609869163774687,1
9268,bec11e91-ce22-326d-ae21-6bd3f1e38204,0.6535171288743883,0.0962479608482871,613.0,24037,default,outlier,outlier,1.0,1.0,59.0,E,0.3609077865231408,3
16352,4d60c6e8-279f-3f36-a38b-4a2cc62247d1,0.9797986577181208,0.1006711409395973,596.0,35038,default,outlier,outlier,1.0,1.0,60.0,E,0.36055316136187066,3
1575,2118444b-d7b6-356b-a76f-c38c5274ec22,21.977432432432437,0.0945945945945946,9.25,97580,default,BingPreview/1.0b;bingbot/2.0,bot,33.0,8.0,7.0,E,0.3604845278632347,1
32086,da6a328b-7f76-388a-9053-2834a1ba2932,356.9,0.75,4.0,85656,default,outlier,outlier,1.0,1.0,3.0,F,0.36016560817488597,2
31312,9cacac19-47bb-3883-8ec2-b5065078d356,303.0615,1.0,4.0,72735,default,outlier,outlier,1.0,1.0,4.0,F,0.36015630414322886,2
4241,fe1614b9-fdf0-376b-8a5f-4ccf77f80f4a,4.430738670694864,0.256797583081571,331.0,87995,default,outlier,outlier,1.0,1.0,85.0,E,0.35991725330558566,3
13578,f4372a18-41db-34ac-8942-1f89b804786a,1.5666014669926651,0.2224938875305623,409.0,38445,default,outlier,outlier,2.0,1.0,91.0,E,0.3599115650509558,3
32459,561c80b3-09b2-35b7-a215-2151fa53135f,3.4180394736842103,0.0328947368421052,253.33333333333331,155863,default,Normal,normal,8.0,3.0,25.0,F,0.35990794187366876,1
14464,b5ea8edc-d661-3891-a18b-49bab7277305,28.926716981132078,0.2012578616352201,159.0,275961,default,outlier,outlier,1.0,1.0,32.0,E,0.35979466815170336,1
6733,23ee70ca-949f-3dc0-ac79-769d1498d36e,2.117270833333333,0.0850694444444444,576.0,73173,default,outlier,outlier,1.0,1.0,49.0,E,0.35960142250893323,2
33957,13ab728d-77e0-3e84-b67d-fd9dfe407122,0.0006847290640394,0.0394088669950738,9.666666666666666,17,default,Normal,normal,47.0,42.0,16.0,F,0.35959179056124,2
30457,b4e08613-0099-3237-bbad-cd89545736cc,0.2718939790575916,0.094240837696335,12.733333333333333,6232,default,Normal,normal,38.0,30.0,36.0,F,0.3595881474998591,1
8746,7c5cb7a1-491c-34b8-b689-3d8bb83b270b,25.0709765625,0.0078125,128.0,192546,default,outlier,outlier,1.0,1.0,1.0,E,0.3595743503535851,1
14217,0a498dfb-223e-3045-ac57-1fad0703e3a0,18.09223979591837,0.0918367346938775,12.25,106383,default,BingPreview/1.0b;bingbot/2.0,bot,34.0,8.0,9.0,E,0.3594629297700192,1
2301,b73c3181-435e-34da-be8c-8636dd15ef8f,1.1466369606003752,0.1369606003752345,533.0,36670,default,outlier,outlier,2.0,1.0,73.0,E,0.3593219974720778,3
16819,d5db352a-f03a-301c-ab0d-b0254348533d,0.8118135593220339,0.1450094161958568,531.0,25865,default,outlier,outlier,1.0,1.0,77.0,E,0.3592506417043137,3
25261,d3450615-33b9-366c-ab52-f3080a925ea8,78.33716666666668,0.0555555555555555,54.0,253813,default,outlier,outlier,1.0,1.0,3.0,F,0.35923833837302255,1
27477,5e58f68d-acbe-347a-b65a-2f06e32dfd9c,357.8825,0.6666666666666666,6.0,128838,default,outlier,outlier,1.0,1.0,4.0,F,0.3590585510653176,2
30955,70fa730b-f56c-3beb-ae96-62120c399143,0.2321636363636363,0.0969696969696969,9.428571428571429,4597,default,Normal,normal,40.0,35.0,32.0,F,0.3590070139966574,1
18081,bafdc433-4baf-3d65-a768-c159edce937c,176.19192307692308,0.0769230769230769,6.5,137430,default,AdsBot-Google;Mobile Safari,bot,3.0,2.0,1.0,F,0.35897380120648537,1
17899,759fcd9a-3963-3ec4-adb4-08c534c0ed1c,0.2685980694980694,0.0339768339768339,58.86363636363637,20871,default,Normal,normal,26.0,22.0,44.0,F,0.35897048536190923,1
14371,a953d824-d9f2-38f2-9ca4-1b8c271a04bf,0.0021493624772313,0.0692167577413479,28.894736842105264,71,default,Googlebot/2.1,bot,80.0,19.0,38.0,E,0.3589433857180368,1
29128,7411af13-a695-39d8-8489-b6c6bd36f215,282.104,1.0,4.0,67705,default,outlier,outlier,1.0,1.0,4.0,F,0.3588716279275334,2
13437,0a603cd6-c1c9-397b-93a4-7281609ec538,35.022931297709924,0.0687022900763358,131.0,275281,default,outlier,outlier,1.0,1.0,9.0,E,0.35879996310492035,2
2265,39d798ee-2b10-36fa-bff2-1a80bb83b03d,1.3102053872053874,0.0909090909090909,594.0,46696,default,outlier,outlier,1.0,1.0,54.0,E,0.35870395723690357,3
24846,7dd0c0dd-c0f0-3bb1-8782-7a9d8c176141,0.212625,0.034313725490196,53.21739130434783,15616,default,Normal,normal,29.0,23.0,42.0,F,0.3586729803132843,1
32698,5b7e87fe-8630-39e5-9c2a-6d705d00d382,32.962992647058826,0.0808823529411764,136.0,268979,default,outlier,outlier,1.0,1.0,11.0,F,0.35865751928330364,1
15042,96e2e2fb-d895-3b00-9276-b314b66116d7,1.3529,1.0,10.0,812,datacenter,outlier,outlier,1.0,1.0,10.0,E,0.35861697280563687,3
20977,f6cef219-a455-3eb2-bab4-b6249abf9875,0.00910756302521,0.0436974789915966,15.256410256410255,326,default,Normal,normal,41.0,39.0,26.0,F,0.35848061936320297,2
19340,f8e1d784-a3c7-332e-8677-b3134e61c2fe,3.6640175,0.005,400.0,87937,default,outlier,outlier,1.0,1.0,2.0,F,0.3584674473624677,1
13389,71b0c28e-741e-3b69-827e-e387016ccda5,2.276419239904988,0.1852731591448931,421.0,57503,default,outlier,outlier,3.0,1.0,78.0,E,0.35843546746309185,3
6365,e296929b-c4b7-3721-bc7b-50894f8c72a4,1.0552828282828282,0.1555555555555555,495.0,31342,default,outlier,outlier,2.0,1.0,77.0,E,0.3584252723682375,3
18763,0f79d3c2-c899-31f2-a0b3-ed9f2eaebbfa,37.054992,0.072,125.0,277913,default,outlier,outlier,1.0,1.0,9.0,F,0.358328798756125,2
4041,4d70f22e-9c20-36f6-869c-7337740f8940,60.76744871794872,0.1794871794871795,78.0,284392,default,outlier,outlier,1.0,1.0,14.0,E,0.3582575765815914,1
22100,8c2a22de-ad02-39e9-bccf-c74f2d8c7270,3.0764153846153843,0.2307692307692307,65.0,11999,datacenter,outlier,outlier,1.0,1.0,15.0,F,0.35811521452154293,3
20561,09f4988c-7b28-3856-bbbc-eb74fe646c84,3.074646153846154,0.2307692307692307,65.0,11992,datacenter,outlier,outlier,1.0,1.0,15.0,F,0.35811521452154293,3
11542,dbbfa721-6cd2-3ebd-990a-f0130acd130e,1.2842411402157166,0.0400616332819722,649.0,50009,default,outlier,outlier,1.0,1.0,26.0,E,0.3579457517439879,2
11416,5641b401-7d4b-360c-a0ec-8b36b8ff6e5a,0.6010473484848485,0.1496212121212121,528.0,19042,default,outlier,outlier,2.0,1.0,79.0,E,0.3579431877707485,3
23351,50bab30e-7fcf-3f29-a0f0-fbb5dcee7490,1.4338461538461538,0.2307692307692307,65.0,5592,datacenter,outlier,outlier,1.0,1.0,15.0,F,0.3579224483024682,3
33054,7e61c571-2b50-3090-b59b-10d3cf04f8a2,315.82071428571425,0.8571428571428571,7.0,132645,default,outlier,outlier,1.0,1.0,6.0,F,0.35783015026430054,2
4644,d2ba0a20-c735-3903-b61f-a8ec5f6a7761,0.5271370757180157,0.0483028720626631,766.0,24228,default,outlier,outlier,1.0,1.0,37.0,E,0.3576984549189839,2
10683,87dc38be-4e3a-3365-84d5-926ebc863c54,200.9466923076923,0.8461538461538461,13.0,156739,default,outlier,outlier,1.0,1.0,11.0,E,0.3575650376509164,1
18430,007ac2f9-9c12-315e-bb2f-3eccb3dcd589,0.1855203389830508,0.0610169491525423,19.666666666666668,6568,default,Normal,normal,38.0,30.0,36.0,F,0.3575144903499803,1
22848,c225e9ce-9168-3a34-bbcc-23e79ed4bebf,7.84005875,0.01,200.0,188162,default,Normal,normal,2.0,2.0,4.0,F,0.35751418852853856,1
9608,732cfaaf-0594-3cbd-a90c-c76664e12775,0.0018187285223367,0.0721649484536082,38.8,64,default,Googlebot/2.1,bot,72.0,15.0,42.0,E,0.3574714740264349,1
28977,676370d4-640a-3f5d-b3ec-d2ca39cc6aba,0.0033771097046413,0.0189873417721519,25.62162162162162,193,default,Normal,normal,41.0,37.0,18.0,F,0.35742090630898504,2
29581,ce54e925-990f-3ba4-83b1-a89e91bcea55,315.803,0.75,8.0,151586,default,outlier,outlier,1.0,1.0,6.0,F,0.3573243446237222,2
17827,91bd81bc-cbd2-379d-ad64-5f90e0cebc3a,0.0049230769230769,0.0445344129554655,6.175,73,default,Normal,normal,46.0,40.0,11.0,F,0.35730666760908514,2
33604,7a9fed1d-59c0-3ce6-ba97-44dd8cd4de98,0.0479222470238095,0.0245535714285714,168.0,3865,default,Normal,normal,58.0,8.0,33.0,F,0.3572123614107011,1
6750,4035cbd4-9fa8-3222-8598-51ffebd45edf,0.3061646586345382,0.0589022757697456,747.0,13723,default,outlier,outlier,1.0,1.0,44.0,E,0.35718331543411574,2
7346,44bb2bae-8d77-3c5c-a238-dea05d568d4c,63.32397058823529,0.4264705882352941,68.0,258362,default,outlier,outlier,1.0,1.0,29.0,E,0.35709746603042947,1
31197,6b7dd582-c252-367a-88c1-3f7dd898f318,356.2565714285714,0.5714285714285714,7.0,149628,default,outlier,outlier,1.0,1.0,4.0,F,0.3570815286946425,2
21409,35f9ce7b-7418-300f-83b0-0f16f6445856,190.44972727272727,0.2272727272727272,22.0,251394,default,outlier,outlier,1.0,1.0,5.0,F,0.3570060734500833,2
16416,3558eca7-f477-397e-9492-ef678987ac8c,21.68830319148936,0.1861702127659574,188.0,244645,default,outlier,outlier,1.0,1.0,35.0,E,0.356908154262945,1
18311,8ef45d89-1c2a-31cb-b162-45a8010fd9d6,0.3340071770334928,0.0813397129186602,13.483870967741936,8377,default,Normal,normal,38.0,31.0,34.0,F,0.35690090554476966,1
16239,fd9c7de2-d0ba-3f92-985e-449f7b248de3,0.5795485762144054,0.0954773869346733,597.0,20760,default,outlier,outlier,2.0,1.0,57.0,E,0.3568970787113874,3
23085,8cd3159f-73cd-3ba0-885c-62c2a4f4aa1b,0.3597388059701492,0.0925373134328358,10.151515151515152,7231,default,Normal,normal,38.0,33.0,31.0,F,0.35682936992915176,1
9252,8b8aa25b-facd-303d-b1dc-6bf632a63715,0.3692697228144989,0.1833688699360341,469.0,10392,default,outlier,outlier,2.0,1.0,86.0,E,0.35678093190130955,3
26785,34325139-f25f-3563-9729-46edc902fbd9,0.0074127659574468,0.051063829787234,5.595238095238095,105,default,Normal,normal,46.0,42.0,12.0,F,0.356754217431563,2
21298,da0c5d25-af37-3117-8fd6-cd70d8eaada9,220.4342857142857,0.1428571428571428,7.0,185165,default,Normal,normal,2.0,2.0,2.0,F,0.35671126446140533,2
10684,8c819797-d53d-3e64-a151-c8da558159f3,0.0048303964757709,0.0770925110132158,21.61904761904762,132,default,Googlebot/2.1,bot,73.0,21.0,35.0,E,0.35655029402157956,1
24877,d870dc13-d7e4-39cd-ad31-5fa307059631,31.723807142857144,0.0714285714285714,140.0,266480,default,outlier,outlier,1.0,1.0,10.0,F,0.35652079739206516,1
27750,7935e1f5-b9fd-3980-b0b9-2b3698bb0a65,0.3421378676470588,0.0974264705882353,25.904761904761905,11168,default,Normal,normal,26.0,21.0,53.0,F,0.3565163042750844,1
8435,57111e2b-fe43-3d9c-aa2c-68f705788b6e,39.348960784313725,0.392156862745098,102.0,240816,default,outlier,outlier,1.0,1.0,40.0,E,0.35644426784376326,1
9318,3518b57e-6cc1-3417-994a-fa358e9e5799,7.030833333333333,1.0,6.0,2532,datacenter,outlier,outlier,1.0,1.0,6.0,E,0.35640635007067845,3
34003,a0c1cd89-7d4d-36e9-a2da-ce9424d6062a,0.0077347417840375,0.1549295774647887,6.085714285714285,99,default,Normal,normal,42.0,35.0,33.0,F,0.35639559519534525,1
12737,eb65f11b-ca80-317e-a8c0-b32b9a18c1a3,0.985766,0.156,500.0,29573,default,outlier,outlier,1.0,1.0,78.0,E,0.3563771155409441,3
14958,c7c2b6d0-1179-3333-80fc-9dca17e1334d,2.3382666666666667,0.0918918918918919,555.0,77865,default,outlier,outlier,1.0,1.0,51.0,E,0.3563251895924767,2
32282,4254d5d3-0360-39e4-ba3d-589e0a86a1b2,1.1355795159896285,0.0190146931719965,385.6666666666667,78832,default,Normal,normal,6.0,3.0,22.0,F,0.35627046840398097,1
132,8fba780d-8d5a-3de2-a2dd-d3c74e44d3d1,0.0001465517241379,0.0086206896551724,116.0,2,default,outlier,outlier,102.0,1.0,1.0,E,0.3562595212702552,2
10448,e330faac-4c8b-303c-a851-697006bd715b,0.0001465517241379,0.0086206896551724,116.0,2,default,outlier,outlier,98.0,1.0,1.0,E,0.3562595212702552,2
34347,1bc2b6f6-dce4-32cd-81d4-1cc4689524bb,182.6148333333333,0.7222222222222222,18.0,197225,default,outlier,outlier,1.0,1.0,13.0,F,0.3560342629842196,1
10765,6b33f2cb-cc81-3e34-b1f9-7c5acc2b9753,1.885118845500849,0.0814940577249575,589.0,66621,default,outlier,outlier,1.0,1.0,48.0,E,0.3560037436596812,2
9120,e3c68686-acd0-3e14-9b89-3e2c2b7a7d94,1.9453940520446096,0.120817843866171,538.0,62798,default,outlier,outlier,1.0,1.0,65.0,E,0.35595338829394696,3
5439,7b7953f8-999a-3499-a683-2248a31b8640,0.0001681415929203,0.0088495575221238,113.0,2,default,outlier,outlier,94.0,1.0,1.0,E,0.3558442530596912,2
17929,c4e45ad6-e0cb-3586-af89-1f26fa4b61b6,43.26171875,0.1696428571428571,56.0,290719,default,Normal,normal,2.0,2.0,19.0,F,0.355793844973893,1
23017,a3022d20-b925-388a-b8ae-fa7ea2ed93df,353.082,0.5714285714285714,7.0,148295,default,outlier,outlier,1.0,1.0,4.0,F,0.35554195308036596,2
12484,17b8aab9-2a26-374b-84d6-01daee27392e,26.68510769230769,0.3538461538461538,130.0,208144,default,outlier,outlier,1.0,1.0,46.0,E,0.3555050335382479,1
26316,cab0580c-11d4-3877-8c3e-1cf0f1dadff6,0.2694050925925926,0.1087962962962963,18.782608695652176,6983,default,Normal,normal,29.0,23.0,47.0,F,0.3553846444633223,1
20232,2114afd7-c0f8-3f71-bfb2-1fab13c7a20c,1.3714487734487737,0.0634920634920634,346.5,57025,default,Normal,normal,13.0,2.0,44.0,F,0.3553716758659922,1
6083,ce9d4ad6-6a0e-3984-afa5-6f38391a6bf6,1.437292270531401,0.2125603864734299,414.0,35703,default,outlier,outlier,2.0,1.0,88.0,E,0.3553209467839801,3
54,c1753efe-2b07-3550-8ff2-e8d5fa69e110,33.98360576923076,0.173076923076923,5.777777777777778,106029,default,BingPreview/1.0b;bingbot/2.0,bot,24.0,9.0,9.0,E,0.35528875018488165,1
25945,c7dd4fbf-9635-31e2-b3f6-66f124a31318,0.0123440366972477,0.1788990825688073,7.032258064516129,162,default,Normal,normal,35.0,31.0,39.0,F,0.35521640123721443,1
8487,e50cdf8d-f6fe-326b-9065-16abc1f18f1c,61.10665517241379,0.2068965517241379,3.625,106326,default,BingPreview/1.0b;bingbot/2.0,bot,12.0,8.0,6.0,E,0.3551889063547638,1
10241,b5743c9e-003a-3cc3-9a66-d2a4d9093473,1.830569514237856,0.0351758793969849,597.0,65571,default,outlier,outlier,1.0,1.0,21.0,E,0.35513470366838085,2
22389,3f6a4fb4-a8fc-358d-9642-abdd73c75073,398.44875,0.5,4.0,95628,default,outlier,outlier,1.0,1.0,2.0,F,0.3550696042889594,2
33425,156d9cf1-6fc0-3857-b30a-292e2ac36fc2,0.0993045084996304,0.0251293422025129,104.07692307692308,8062,default,Normal,normal,61.0,13.0,34.0,F,0.3549653698101334,1
23868,b25e3b71-6a2f-34a1-9ccc-98525e5fa962,0.2846101123595506,0.0831460674157303,15.344827586206897,7600,default,Normal,normal,34.0,29.0,37.0,F,0.35492484397541557,1
10945,421710d2-944a-371f-a901-f6c60386b63a,0.00425,0.25,12.0,4,datacenter,Python-requests,bot,9.0,1.0,3.0,E,0.3548830352422183,3
7987,56e26757-8724-3be7-be6b-1f2d099322a6,34.87935849056604,0.1132075471698113,6.625,110917,default,BingPreview/1.0b;bingbot/2.0,bot,24.0,8.0,6.0,E,0.35476102784909536,1
13626,a0bccc25-8ca8-38ca-90b4-559d04064bc3,0.0015575427682737,0.0575427682737169,37.8235294117647,61,default,Googlebot/2.1,bot,88.0,17.0,37.0,E,0.35458013703125835,1
15512,f2881b93-400a-3836-ac46-b75c5ca485e1,4.413959537572255,0.2080924855491329,346.0,91634,default,outlier,outlier,3.0,1.0,72.0,E,0.3545412396898482,3
20473,ea670ed1-7e9e-3af2-9c85-870332fa2e5a,307.51025,0.75,8.0,147605,default,outlier,outlier,1.0,1.0,6.0,F,0.3545395633030852,2
22864,eaa5f634-3360-3e30-ae59-9994b7eaf1ba,2.9337096774193547,0.2419354838709677,62.0,10914,datacenter,outlier,outlier,1.0,1.0,15.0,F,0.35453942975212027,3
20741,0c5f6fe8-3741-3283-bde1-269d34dc34bf,0.0040198473282442,0.0198473282442748,17.236842105263158,158,default,Normal,normal,43.0,38.0,13.0,F,0.3545043131650239,2
4783,665a326a-57b0-33e5-9471-9eb906565904,37.80952459016394,0.2704918032786885,122.0,276766,default,outlier,outlier,1.0,1.0,33.0,E,0.3544265089632691,1
33213,70dcc29f-20f3-3ca6-bffb-9361aec2312c,17.864013215859032,0.039647577092511,113.5,243308,default,Normal,normal,2.0,2.0,9.0,F,0.3544155483633889,1
14119,e481ca97-7377-3a86-9a75-ec870de1f02c,29.326474025974026,0.1818181818181818,154.0,270977,default,outlier,outlier,1.0,1.0,28.0,E,0.3543978217967767,1
31399,5452db4c-b7bd-37bf-940b-5a9c4bd3d82a,53.88522222222222,0.1111111111111111,81.0,261883,default,outlier,outlier,1.0,1.0,9.0,F,0.35435290650847284,1
31415,7fab7712-c8a4-38e4-8b45-bdab53a4a5d3,26.83385234899329,0.1946308724832214,149.0,239895,default,outlier,outlier,1.0,1.0,29.0,F,0.3542574660467216,1
22610,2211eaf4-d6a4-3324-a8e2-2c9a00b84461,38.524,0.4,5.0,11558,datacenter,outlier,outlier,1.0,1.0,2.0,F,0.35414774474868593,3
20223,e6c999ad-2ed6-3ce1-ae22-6e916f54d57e,90.16065957446808,0.1914893617021276,47.0,254254,default,outlier,outlier,2.0,1.0,9.0,F,0.35401945927512857,1
7076,33291b9d-8362-3fd6-8c7e-0e73aeef4330,1.0297547826086957,0.1078260869565217,575.0,35527,default,outlier,outlier,1.0,1.0,62.0,E,0.35393055748583235,3
6842,600da89d-4db6-3795-aab7-9ab5f5c4faa8,268.3373,0.7,10.0,161003,default,outlier,outlier,1.0,1.0,7.0,E,0.35369887131128863,2
4193,ae3504ac-cbc7-3124-9659-aad981b5cc9e,1.189752551020408,0.096938775510204,588.0,41975,default,outlier,outlier,1.0,1.0,57.0,E,0.35345160534427367,3
23150,341120eb-517c-3730-98fb-dd8d0080aea4,0.0159451263537906,0.0086642599277978,39.57142857142857,1326,default,Normal,normal,35.0,35.0,12.0,F,0.3534025802501156,1
12811,a1768164-f553-37ec-81b6-0e57de4c4e1f,0.702826280623608,0.1959910913140311,449.0,18935,default,outlier,outlier,1.0,1.0,88.0,E,0.3533570474461034,3
9890,a75acd0e-0f35-3aa1-9c88-8e66ed5475f1,284.2305,0.25,4.0,68216,default,outlier,outlier,1.0,1.0,1.0,E,0.3531841227080923,2
9661,0804b87f-65d6-30ef-81ef-bb5e88968243,9.48775076923077,0.1507692307692307,325.0,185012,default,outlier,outlier,1.0,1.0,49.0,E,0.3531537443461161,2
27456,1b8a29ef-f879-34fb-b9a0-ee6a05f28208,0.0948677979479084,0.0236779794790844,158.375,7212,default,Normal,normal,60.0,8.0,30.0,F,0.3531388483272689,1
26499,e5fd3fba-55ea-387f-96ba-4c7af1a03fc0,0.0451449511400651,0.1335504885993485,12.28,832,default,Normal,normal,46.0,25.0,41.0,F,0.35306902893233877,1
31012,004a6f44-a528-3c87-b16b-2812bf8253f6,297.68466666666666,1.0,3.0,53584,default,outlier,outlier,1.0,1.0,3.0,F,0.3530584936577018,2
28482,4638896a-9fbb-3350-aa49-06564ab6ed27,289.938,1.0,3.0,52189,default,outlier,outlier,1.0,1.0,3.0,F,0.3530584936577018,2
21545,aafcc0b0-bb2d-3508-a557-4122a2823922,155.87079999999995,0.1,10.0,187045,default,AdsBot-Google;Mobile Safari,bot,4.0,2.0,2.0,F,0.35305352422543534,1
13031,2db59230-1792-3a3b-96f0-bc4374ea1a7e,0.0017703488372093,0.0755813953488372,28.666666666666668,55,default,Googlebot/2.1,bot,66.0,18.0,39.0,E,0.3529777725213703,1
24730,2436f5d6-260b-33cb-b2ee-0c4c539254f6,364.91,0.6,5.0,109473,default,outlier,outlier,1.0,1.0,3.0,F,0.35286216206752635,2
7984,5274dd4e-7c31-32f6-9719-ca889466c461,20.17069230769231,0.4125874125874126,143.0,173065,default,outlier,outlier,1.0,1.0,59.0,E,0.35283628422485025,1
17037,67eed56f-45cd-35e6-854a-2458643f47a6,0.4963530997304582,0.045822102425876,742.0,22098,default,outlier,outlier,1.0,1.0,34.0,E,0.35281650781272733,2
29554,9b3219be-4010-3fe3-b5f8-3c75d1eab501,0.3152357212003872,0.0464666021297192,49.19047619047619,19539,default,Normal,normal,28.0,21.0,48.0,F,0.35267614918859685,1
17359,3e065a57-c4f9-33e1-bedf-f54a9e03008c,0.5340722772277228,0.1564356435643564,505.0,16183,default,outlier,outlier,2.0,1.0,79.0,E,0.3526693517828595,3
23616,ff6a13da-9df6-302e-a17d-31e9a9e759c6,0.2198436379928315,0.0421146953405017,53.142857142857146,14721,default,Normal,normal,30.0,21.0,47.0,F,0.3526027198469729,1
16989,d0add21f-0bed-316d-bdbc-90313f1915ed,29.3917,0.1933333333333333,150.0,264526,default,outlier,outlier,1.0,1.0,29.0,E,0.35250193353908876,1
12382,fe4fbb70-8849-3bee-8d23-a30fc2226f04,20.58113440860215,0.2419354838709677,186.0,229686,default,outlier,outlier,1.0,1.0,45.0,E,0.3524591098650073,1
19982,e077b4c1-e4c1-3f77-ad21-9e0dec6f9249,145.7335483870968,0.3225806451612903,31.0,271065,default,outlier,outlier,1.0,1.0,10.0,F,0.35245694318226445,2
16212,b11627ee-c00a-3004-bd4e-2d5c25cbcbe6,1.1803932980599647,0.1111111111111111,567.0,40157,default,outlier,outlier,1.0,1.0,63.0,E,0.3524457147981952,3
11119,0895ca7e-0665-3f6d-8145-7a9e8491b448,2.3051847826086957,0.1543478260869565,460.0,63624,default,outlier,outlier,2.0,1.0,71.0,E,0.35233625263179436,3
31886,79309d76-3d91-344b-946a-5c55812e88af,0.4057761194029851,0.0865671641791044,10.151515151515152,8157,default,Normal,normal,39.0,33.0,29.0,F,0.35232772013217484,1
24375,02886c3a-56b9-35f8-9c16-f9b892fec964,0.6194165424739195,0.033532041728763,83.875,49876,default,Normal,normal,19.0,16.0,45.0,F,0.3523086679149189,1
8293,af6889b3-a12c-3613-8d14-224b4e3f146f,280.8416666666667,0.3333333333333333,9.0,151655,default,outlier,outlier,1.0,1.0,3.0,E,0.35230610283189717,2
22136,f2375294-b228-3eb7-acec-ad2550552b11,0.0726324257425742,0.0346534653465346,32.32,3522,default,Normal,normal,57.0,25.0,28.0,F,0.35223360487313965,1
10668,659c011d-eab9-3d93-9d32-cd73e4478d1a,27.156119402985077,0.0895522388059701,7.444444444444445,109168,default,BingPreview/1.0b;bingbot/2.0,bot,22.0,9.0,6.0,E,0.35221140589305205,1
9104,bfa218d1-4ce8-3ac8-a99e-2a4d42d6ea4d,0.0002056074766355,0.0093457943925233,107.0,2,default,outlier,outlier,103.0,1.0,1.0,E,0.35219592683231404,2
6955,b4ac6508-f2a9-3cb4-af68-394af6b537d0,0.0001619047619047,0.0095238095238095,105.0,2,default,outlier,outlier,102.0,1.0,1.0,E,0.35219592683231404,2
33613,98ba5d50-a270-312d-8eb6-ca53337f241a,1.261997971602434,0.037525354969574,246.5,74660,default,Normal,normal,17.0,4.0,37.0,F,0.3521555653678248,1
3854,2b7a57a1-62c0-34b7-a36a-66b859d0573e,2.993619047619048,0.2549019607843137,357.0,64124,default,outlier,outlier,1.0,1.0,91.0,E,0.3520125010378221,3
4289,8acdc345-7754-3abb-b158-8fa422de8996,1.5420271739130436,0.2717391304347826,368.0,34048,default,outlier,outlier,2.0,1.0,100.0,E,0.35186694531689977,3
34155,931e3e46-756c-3403-bc39-efad6590cf76,0.5019781771501926,0.0198973042362002,389.5,46925,default,Normal,normal,12.0,4.0,31.0,F,0.3518186390863227,1
23324,192318c8-aafc-33ca-9681-c244963cef5c,0.0020251141552511,0.0159817351598173,25.02857142857143,107,default,Normal,normal,42.0,35.0,14.0,F,0.35177480898991775,1
