Unnamed: 0,_id,inter_api_access_duration(sec),api_access_uniqueness,sequence_length(count),vsession_duration(min),ip_type,behavior,behavior_type,num_sessions,num_users,num_unique_apis,source,score_ecod,anomaly_vote_count
2135,9c2049c6-7b37-3601-b78c-5b268c83e779,1.5832805573147563e-05,0.0044331855604813,1579.0,2,private_ip,outlier,outlier,1364.0,1.0,7.0,E,1.0,5
13645,e27bbb76-d19c-3a2b-8a7a-a45716a9bdbc,1.6423357664233576e-05,0.0048661800486618,1644.0,2,private_ip,outlier,outlier,1070.0,1.0,8.0,E,0.9449167809112669,5
7598,f90bff13-cf5f-3d49-add5-0806b5753460,1.607717041800643e-05,0.0057877813504823,1555.0,2,private_ip,outlier,outlier,1148.0,1.0,9.0,E,0.9262293972053206,5
17705,1b414fac-ce1e-37ac-b07f-9e2486db8db4,1.990049751243781e-05,0.005685856432125,1407.0,2,private_ip,outlier,outlier,1228.0,1.0,8.0,E,0.9188657869358143,5
5630,b1b2bcf9-adb7-3e02-960e-58f8cd91b0e3,1.948051948051948e-05,0.0057720057720057,1386.0,2,private_ip,outlier,outlier,1202.0,1.0,8.0,E,0.9157643379718152,5
7200,763e51b2-06ea-3d53-aea2-143b55af0cb6,1.771117166212534e-05,0.0054495912806539,1468.0,2,private_ip,outlier,outlier,1068.0,1.0,8.0,E,0.9113229186244403,5
5588,28bae9ea-c0c5-30bc-83fb-65ca5019e92a,1.9765739385065887e-05,0.0058565153733528,1366.0,2,private_ip,outlier,outlier,1193.0,1.0,8.0,E,0.9070574750132301,5
6966,e7d0cdae-4a93-3f23-a73d-614a9827d962,1.730103806228374e-05,0.0062283737024221,1445.0,2,private_ip,outlier,outlier,1086.0,1.0,9.0,E,0.9047587712941725,5
15688,d0921e71-d3c7-3298-b075-7949908a33b8,2.1455938697318007e-05,0.0053639846743295,1305.0,2,private_ip,outlier,outlier,1141.0,1.0,7.0,E,0.9005700948522664,5
12841,fca53020-66d3-3325-8a23-13499f4bc1e1,1.0358565737051793e-05,0.0063745019920318,1255.0,1,private_ip,outlier,outlier,657.0,1.0,8.0,E,0.8990682571879054,5
16171,08d225f8-6723-3fa4-8e1c-0e7d0b3c0f38,1.902587519025875e-05,0.0060882800608828,1314.0,2,private_ip,outlier,outlier,1134.0,1.0,8.0,E,0.8960134121916752,5
15443,1a1c2722-61bc-370e-bf44-5e9c4c3a2770,1.86706497386109e-05,0.0074682598954443,1339.0,2,private_ip,outlier,outlier,1142.0,1.0,10.0,E,0.887493102743151,5
14418,34ebc2dc-5ae1-3727-9368-440eb349f73f,1.9984012789768184e-05,0.005595523581135,1251.0,2,private_ip,outlier,outlier,1060.0,1.0,7.0,E,0.8865763575686514,5
10531,ed75a55c-bfb0-3b22-a121-49ec0d6f8876,2.0202020202020203e-05,0.0062160062160062,1287.0,2,private_ip,outlier,outlier,1089.0,1.0,8.0,E,0.8853403054721616,5
15755,ad776986-2c00-384c-9208-b36b1b836256,1.9623875715453804e-05,0.0065412919051512,1223.0,2,private_ip,outlier,outlier,1051.0,1.0,8.0,E,0.8774508688356135,5
9907,dc576722-dad1-36d6-bfaf-36fb2bf45b57,2.155172413793104e-05,0.0060344827586206,1160.0,2,private_ip,outlier,outlier,989.0,1.0,7.0,E,0.8678530148752961,5
12891,926255c3-7355-3a89-8872-4d3e4d3407fa,1.1330049261083744e-05,0.0078817733990147,1015.0,1,private_ip,outlier,outlier,628.0,1.0,8.0,E,0.8653015122246865,5
12875,6c571a82-19c0-3b49-9934-b64cce582729,2.168473728106756e-05,0.006672226855713,1199.0,2,private_ip,outlier,outlier,1014.0,1.0,8.0,E,0.8652653420135596,5
662,af9660ad-6af0-39e4-87cf-6782b0a5f3b1,2.0526550647032576e-05,0.0151717983043284,2241.0,3,private_ip,outlier,outlier,111.0,1.0,34.0,E,0.8598106414929516,5
4375,c20b2bff-77e9-3f8d-a772-0d1171bb3941,1.5931372549019605e-05,0.0073529411764705,816.0,1,private_ip,outlier,outlier,623.0,1.0,6.0,E,0.8572656962389893,5
12379,ef4b0c9e-8a65-39ee-932a-5054f164aafd,2.220248667850799e-05,0.0062166962699822,1126.0,2,private_ip,outlier,outlier,933.0,1.0,7.0,E,0.854971001272034,5
10287,2a6237a8-0394-31d4-b176-f00370bde4e0,1.802656546489564e-05,0.0066413662239089,1054.0,2,private_ip,outlier,outlier,863.0,1.0,7.0,E,0.8509589199969776,5
15466,6aaf0c5c-716a-353b-97db-f27bd003ebb4,1.5819209039548023e-05,0.0090395480225988,885.0,1,private_ip,outlier,outlier,681.0,1.0,8.0,E,0.847324965364112,5
7956,e1efb3d9-d0bc-3e6d-bb32-cae72b6def09,1.6049382716049385e-05,0.0086419753086419,810.0,1,private_ip,outlier,outlier,620.0,1.0,7.0,E,0.8422745057254457,5
180,0cbb32e4-37f8-3cf9-8126-21d468551d50,1.717791411042945e-05,0.0085889570552147,815.0,1,private_ip,outlier,outlier,617.0,1.0,7.0,E,0.8390680799346208,5
10550,26c57b3e-04b5-3198-bf72-6f1883f1d94b,2.354048964218456e-05,0.0065913370998116,1062.0,2,private_ip,outlier,outlier,878.0,1.0,7.0,E,0.8389188853746501,5
13515,10767265-a051-3b8a-b243-f7e511a66d72,1.5625e-05,0.0100446428571428,896.0,1,private_ip,outlier,outlier,707.0,1.0,9.0,E,0.838765521122713,5
3221,f267d608-cbac-310d-b32e-3e05984d9c6c,2.266545784224841e-05,0.0072529465095194,1103.0,2,private_ip,outlier,outlier,920.0,1.0,8.0,E,0.8383990138700343,5
3185,677cf61f-c097-36d3-bc48-8997fb99782f,1.7293997965412005e-05,0.0071210579857578,983.0,2,private_ip,outlier,outlier,781.0,1.0,7.0,E,0.8380887211157552,5
16190,5381cd54-1e42-3f28-82e0-5f2851501ba7,1.9024970273483943e-05,0.0083234244946492,841.0,1,private_ip,outlier,outlier,648.0,1.0,7.0,E,0.8365596953890785,5
11610,91810fa8-c2c6-3cb2-968d-20abfba25757,1.976284584980237e-05,0.0069169960474308,1012.0,2,private_ip,outlier,outlier,817.0,1.0,7.0,E,0.8364605572006709,5
5883,bd238783-3989-3b96-bc0c-7dde1ce3084b,2.205882352941177e-05,0.0073529411764705,1088.0,2,private_ip,outlier,outlier,896.0,1.0,8.0,E,0.8340117311732248,5
6711,f82366c6-4544-360d-bebe-2a0693cef9ed,1.845018450184502e-05,0.008610086100861,813.0,1,private_ip,outlier,outlier,620.0,1.0,7.0,E,0.8335282310999532,5
1957,9eca0d35-a692-3540-8bed-83643cfa655a,1.86799501867995e-05,0.0087173100871731,803.0,1,private_ip,outlier,outlier,624.0,1.0,7.0,E,0.8311711200253346,5
7031,bbb8be8e-1e65-304e-995a-45f352f54be9,2.33739837398374e-05,0.0071138211382113,984.0,2,private_ip,outlier,outlier,802.0,1.0,7.0,E,0.8228653868932729,5
4954,612a4555-7093-3c03-9d89-2f5a51a2f585,2.378774016468436e-05,0.0091491308325709,1093.0,2,private_ip,outlier,outlier,934.0,1.0,10.0,E,0.8226988541531656,5
3473,dfd78806-b354-33ee-972e-e2fdef3b7736,2.1852237252861603e-05,0.0072840790842872,961.0,2,private_ip,outlier,outlier,785.0,1.0,7.0,E,0.8221235353228502,5
12736,e7cda4dc-2d1b-3d9a-940f-9460030c2112,2.014846235418876e-05,0.0074231177094379,943.0,2,private_ip,outlier,outlier,752.0,1.0,7.0,E,0.8210787260184003,5
669,c5c670f5-3c00-3609-bd8e-2ea29890e74d,1.808510638297872e-05,0.0085106382978723,940.0,2,private_ip,outlier,outlier,755.0,1.0,8.0,E,0.8177839042061108,5
2362,49b1f4f2-84a9-3860-b4bd-99ef60e0349e,1.945080091533181e-05,0.0080091533180778,874.0,2,private_ip,outlier,outlier,707.0,1.0,7.0,E,0.8126156531512035,5
8254,503d2ac7-e145-3408-a0af-ca733f5f5343,2.7577937649880093e-05,0.0071942446043165,834.0,2,private_ip,outlier,outlier,644.0,1.0,6.0,E,0.8020750417471197,5
4565,b4f56ee1-d084-3376-8cd7-703f8fe8c468,2.7262813522355503e-05,0.0076335877862595,917.0,2,private_ip,outlier,outlier,739.0,1.0,7.0,E,0.800074814228143,5
12142,6dcfa6ba-f6c0-3451-83c0-f0495d12347c,1.675977653631285e-05,0.2472067039106145,716.0,1,default,outlier,outlier,595.0,1.0,177.0,E,0.7918428041008881,5
1270,87b43763-03de-3152-a052-67b97776f340,2.8037383177570094e-05,0.0161993769470405,1605.0,3,private_ip,outlier,outlier,103.0,1.0,26.0,E,0.7918016936480718,5
3313,31b3a7b8-7e1a-3470-a175-c5a459313442,2.6927784577723375e-05,0.0085679314565483,817.0,2,private_ip,outlier,outlier,628.0,1.0,7.0,E,0.7871629581823711,5
16486,ccc10b0f-29aa-389a-a495-5613382c25e8,1.8847006651884705e-05,0.0210643015521064,902.0,2,private_ip,outlier,outlier,701.0,1.0,19.0,E,0.7856519870349407,5
8643,81523c6a-9e68-37c4-814b-161be06bf600,2.86368843069874e-05,0.0263459335624284,873.0,2,private_ip,outlier,outlier,669.0,1.0,23.0,E,0.7580493167709732,5
16070,0e9524b9-3fb7-34bd-84a1-66b33d4260e5,3.172588832487309e-05,0.0101522842639593,788.0,2,private_ip,outlier,outlier,633.0,1.0,8.0,E,0.7574688713344285,5
12822,b8f464ca-c671-376f-bfc3-9766a0b43fa9,3.295310519645121e-05,0.0291508238276299,3.602739726027397,2,default,BingPreview/1.0b,bot,600.0,219.0,23.0,E,0.7554715657335008,4
109,5b2680f7-cd8a-3848-ba2b-b3dab4a1c66d,4e-05,0.0278787878787878,3.767123287671233,2,default,BingPreview/1.0b,bot,631.0,219.0,23.0,E,0.7529675603820909,4
7520,3c348d6d-ef57-3e31-8024-ffdf8b4fae28,3.247232472324723e-05,0.018450184501845,1355.0,3,private_ip,outlier,outlier,92.0,1.0,25.0,E,0.752131960861005,5
7557,9a9185c1-02a8-33c5-af43-c08913bb8c2f,3.104786545924968e-05,0.0349288486416558,3.7892156862745097,2,default,BingPreview/1.0b,bot,542.0,204.0,27.0,E,0.7480907751819214,4
19794,c6f29ac0-bb75-3f61-901d-54f746a5f9aa,0.0025801033591731,0.0111972437553832,2322.0,360,private_ip,outlier,outlier,106.0,1.0,26.0,F,0.7453589819702263,5
15906,1cba4d92-926f-3fd9-ad50-56a9ad26c871,2.661064425770308e-05,0.0378151260504201,3.5172413793103448,2,default,BingPreview/1.0b,bot,522.0,203.0,27.0,E,0.7423766281976065,4
12336,73beabe6-034c-36b0-8518-6693d97bc272,2.462380300957592e-05,0.0287277701778385,162.44444444444446,3,default,bingbot/2.0,bot,1462.0,9.0,42.0,E,0.7316719952473629,4
17557,8194cfb6-2535-3c2d-94ef-2771f82b618f,5.656934306569344e-05,0.0364963503649635,2.781725888324873,2,default,BingPreview/1.0b,bot,520.0,197.0,20.0,E,0.7236648138014424,4
4174,7fdae6e4-ac2a-3818-a6f7-331c9cff0808,4.2836041358936486e-05,0.0457902511078286,3.334975369458128,2,default,BingPreview/1.0b,bot,498.0,203.0,31.0,E,0.7220256436586692,4
10763,65b83579-e88d-3d8d-a82b-d3890a37437e,5.649717514124294e-05,0.0602636534839924,2.765625,2,default,BingPreview/1.0b,bot,494.0,192.0,32.0,E,0.7212962661820471,4
32300,71f28226-577f-37b5-ab89-be968f28111a,0.0,1.0,1.0,0,default,AdsBot-Google,bot,1.0,1.0,1.0,F,0.7160067958160221,1
23990,4b4e6e54-cebc-334d-8736-a3bb6cdd4b49,0.0,1.0,1.0,0,default,AdsBot-Google,bot,1.0,1.0,1.0,F,0.7160067958160221,1
6470,1865c6e1-9c8e-397e-b4a7-9ae177e78c6a,3.3973412112259975e-05,0.0443131462333825,3.471794871794872,2,default,BingPreview/1.0b,bot,492.0,195.0,30.0,E,0.7157270237271808,4
4884,a45fd2b9-f279-3a4e-89ce-dd30599cd287,0.0116261928265876,0.029285949325436,60.78,4240,default,Normal,normal,107.0,100.0,178.0,E,0.7138525711993438,4
15140,7f742073-ccd8-3c33-ac7d-13be88bbe76c,3.137254901960784e-05,0.0352941176470588,4.005235602094241,2,default,BingPreview/1.0b,bot,519.0,191.0,27.0,E,0.7035701654473021,4
14747,8953346b-39dc-31f8-adea-dcd45ea888b5,4.71311475409836e-05,0.0389344262295082,2.7111111111111112,2,default,BingPreview/1.0b,bot,465.0,180.0,19.0,E,0.7031487063616031,4
10540,f85838c2-1cfd-3863-87dd-ea9ce5264cd8,2.461322081575246e-05,0.0225035161744022,158.0,3,default,bingbot/2.0,bot,1422.0,9.0,32.0,E,0.7027804011753802,4
1180,8dc57d20-744c-315d-b8e9-3290eb967d25,4.403409090909091e-05,0.0426136363636363,3.78494623655914,2,default,BingPreview/1.0b,bot,512.0,186.0,30.0,E,0.7004773225332709,4
16725,a8fd847c-fc22-3e2e-9ad5-0809d020b403,0.0036875600384245,0.0374639769452449,41.64,922,default,Normal,normal,137.0,100.0,156.0,E,0.7000527790025679,4
21532,7fde4460-702d-3add-90b8-22cc824fc267,1.739130434782609e-05,0.017391304347826,2.169811320754717,1,default,Normal,normal,54.0,53.0,2.0,F,0.697565121838857,4
8419,20d85dca-ee9f-3ccd-8783-7c48f964f223,5.656565656565657e-05,0.0525252525252525,2.861271676300578,2,default,BingPreview/1.0b,bot,444.0,173.0,26.0,E,0.6965346795368402,4
17182,1a7b2116-e563-3897-ab54-93f36e690507,1.6177957532861477e-05,0.025278058645096,1978.0,2,default,outlier,outlier,96.0,1.0,50.0,E,0.6956812213702374,4
7439,55d3f382-f843-3fd7-8969-1b0190d6407a,4.909090909090909e-05,0.0581818181818181,3.0726256983240225,2,default,BingPreview/1.0b,bot,439.0,179.0,32.0,E,0.6905219931442689,4
12253,865364b3-f171-30f0-a650-09beeb71034f,0.0125278996101364,0.0166910331384015,82.08,6170,default,Normal,normal,108.0,100.0,137.0,E,0.689963154323019,4
8840,8f12bd75-123c-3772-b8b1-12c013812a54,6.896551724137931e-05,0.0394088669950738,2.4907975460122698,2,default,BingPreview/1.0b,bot,404.0,163.0,16.0,E,0.6898024010437618,4
25091,a6d317ef-5bb7-301c-802e-e307fa5b410a,3.2710280373831774e-05,0.0233644859813084,2.183673469387755,1,default,Normal,normal,103.0,98.0,5.0,F,0.6895240639841345,4
17202,5f53fb1e-7795-3fa4-aa26-a16f61879819,5.1764705882352943e-05,0.0658823529411764,2.7777777777777777,2,default,BingPreview/1.0b,bot,407.0,153.0,28.0,E,0.6872308009741726,4
9541,c3173275-924b-3477-949a-02d0bd227a2c,2.3374726077428785e-05,0.0219138056975894,152.11111111111111,2,default,bingbot/2.0,bot,1369.0,9.0,30.0,E,0.6853157998628475,4
17428,f4690a58-fca4-33b8-9498-64b2d1f06802,5.405405405405406e-05,0.0456081081081081,3.4022988505747125,2,default,BingPreview/1.0b,bot,422.0,174.0,27.0,E,0.6840617610052703,4
13769,56c18d88-bffb-31b2-9225-97fbaa3faf80,2.5252525252525253e-05,0.0202020202020202,154.0,3,default,bingbot/2.0,bot,1386.0,9.0,28.0,E,0.684031442708001,4
34060,5b85f170-7605-3996-b1f4-e25c42c88d35,6.179775280898876e-05,0.0168539325842696,2.045977011494253,1,default,Normal,normal,87.0,87.0,3.0,F,0.6839367552714821,4
2320,e612fefb-474d-3f26-9184-134f07ceec0e,7.284768211920529e-05,0.0375275938189845,2.83125,2,default,BingPreview/1.0b,bot,385.0,160.0,17.0,E,0.6835234953946792,4
15128,69cbf688-946a-3bab-8f44-19a1b54936c6,7.654320987654322e-05,0.0641975308641975,2.6298701298701297,2,default,BingPreview/1.0b,bot,383.0,154.0,26.0,E,0.6822288088690299,4
31829,c604b56c-4d2e-3dbb-9861-5abb8411af48,2.185792349726776e-05,0.0273224043715847,2.152941176470588,1,default,Normal,normal,87.0,85.0,5.0,F,0.6797545733248904,4
7952,da11d5af-a759-3556-8821-4847ae09d3c3,2.5145772594752182e-05,0.0240524781341107,152.44444444444446,3,default,bingbot/2.0,bot,1372.0,9.0,33.0,E,0.6793715952939726,4
3406,39b95e92-204e-3197-b43c-fbe0a7f7403c,2.342606149341142e-05,0.0190336749633967,151.77777777777777,2,default,bingbot/2.0,bot,1366.0,9.0,26.0,E,0.6774131668449527,4
3007,92aa414d-10e3-3478-a3b1-29762d56c183,7.5e-05,0.0522727272727272,2.8947368421052637,2,default,BingPreview/1.0b,bot,380.0,152.0,23.0,E,0.6771558878503416,4
491,9e1b284f-49ae-3874-adff-e4884818f30f,7.575757575757576e-05,0.0555555555555555,2.622516556291391,2,default,BingPreview/1.0b,bot,379.0,151.0,22.0,E,0.6746910719760287,4
34333,eb0d9697-da49-3ffb-9f8d-ce0fab981a23,840.8206153846154,0.0256410256410256,39.0,1967521,datacenter,outlier,outlier,1.0,1.0,1.0,F,0.6734888404292065,5
8048,eb5665db-309d-3c2e-a2c8-0d818c8f0943,6.91906005221932e-05,0.0678851174934725,2.6783216783216783,2,default,BingPreview/1.0b,bot,356.0,143.0,26.0,E,0.6729115845737008,4
1866,853aff78-9e64-320d-a396-46a57327070c,6.796116504854369e-05,0.0606796116504854,2.942857142857143,2,default,BingPreview/1.0b,bot,344.0,140.0,25.0,E,0.6721434970260654,4
21142,b3dcf67e-9519-3026-8947-ab9e5abbe7d5,8.695652173913043e-05,0.0144927536231884,2.090909090909091,1,default,Normal,normal,66.0,66.0,2.0,F,0.6720671319304389,4
10663,560357f0-8763-3645-b313-bebeeadcfcfd,2.308265078183172e-05,0.0223380491437081,149.22222222222223,2,default,bingbot/2.0,bot,1342.0,9.0,30.0,E,0.671326329436874,4
23145,29912852-b3fb-3d29-8fb8-f515b9dfc132,0.0001769662921348,0.0112359550561797,2.022727272727273,2,default,Normal,normal,88.0,88.0,2.0,F,0.6703236814402872,4
8571,a9c27edc-94c9-36a4-a394-6dc4f60449eb,7.446808510638298e-05,0.0398936170212766,2.629370629370629,2,default,BingPreview/1.0b,bot,373.0,143.0,15.0,E,0.6703050910072283,4
6627,e5feaa70-2ce6-3660-bc34-afc525b983ed,8.088235294117648e-05,0.0465686274509803,2.9565217391304346,2,default,BingPreview/1.0b,bot,399.0,138.0,19.0,E,0.6656020622252247,4
5499,11106ee8-71b2-316b-af55-52ed936ba834,6.334231805929919e-05,0.0323450134770889,2.748148148148148,2,default,BingPreview/1.0b,bot,336.0,135.0,12.0,E,0.665459225607025,4
17112,59faf152-5c4f-39d4-b8ea-3671fe433e7c,6.857142857142858e-05,0.0342857142857142,2.592592592592593,2,default,BingPreview/1.0b,bot,317.0,135.0,12.0,E,0.6638463365114277,4
26834,ab66f7f4-90e7-3aaf-ac68-994b1b293b6f,3.9735099337748346e-05,0.0198675496688741,2.0972222222222223,1,default,Normal,normal,75.0,72.0,3.0,F,0.6631833094816478,4
2708,29df8cac-26f0-3dbd-af60-a1cee1b10afe,2.528735632183908e-05,0.0237547892720306,145.0,2,default,bingbot/2.0,bot,1305.0,9.0,31.0,E,0.6610933604154348,4
13122,4b2db446-e2ec-3297-8b94-07dbb72cda2e,7.788944723618091e-05,0.057788944723618,2.970149253731343,2,default,BingPreview/1.0b,bot,321.0,134.0,23.0,E,0.6607584850500446,4
1780,96d0c91b-5d7d-30bd-9987-6ef160f55774,9.821428571428572e-05,0.0714285714285714,2.452554744525548,2,default,BingPreview/1.0b,bot,318.0,137.0,24.0,E,0.6594382202253981,4
2101,387f7810-14f7-3a03-b334-d39acb1da95a,2.5541795665634675e-05,0.0263157894736842,143.55555555555554,2,default,bingbot/2.0,bot,1292.0,9.0,34.0,E,0.6584844393964121,4
2572,a22ab638-1c6b-30ab-b802-6278aff1b1bd,5.922551252847381e-05,0.0751708428246013,3.300751879699248,2,default,BingPreview/1.0b,bot,358.0,133.0,33.0,E,0.6557790084377396,4
16603,45108513-5fa3-3652-a7e4-d463bc72958c,7.180851063829788e-05,0.0558510638297872,2.9375,2,default,BingPreview/1.0b,bot,305.0,128.0,21.0,E,0.6548359155311874,4
29855,52ba1077-a8fe-3c44-8e00-171a810adf81,7.07070707070707e-05,0.0252525252525252,2.2,1,default,Normal,normal,92.0,90.0,5.0,F,0.6546301247551242,4
21369,a6785760-2aae-3556-b770-f08effd8d4b4,2.4615384615384616e-05,0.0215384615384615,3.571428571428572,1,default,Normal,normal,95.0,91.0,7.0,F,0.6542732184512408,4
9987,bcdf67cc-68e4-3010-a534-31658408bfb0,0.0035425183973834,0.0347506132461161,2446.0,520,default,outlier,outlier,183.0,1.0,85.0,E,0.6536022004913763,5
25831,55541558-83c5-32bd-8742-9bfcfcdd019d,0.0003846153846153,0.0109890109890109,2.022222222222222,5,default,Normal,normal,90.0,90.0,2.0,F,0.653537435889256,4
17690,ee6e7ac3-b17d-3058-9658-819f407ba961,2.4922118380062303e-05,0.0233644859813084,142.66666666666666,2,default,bingbot/2.0,bot,1284.0,9.0,30.0,E,0.6529264033172827,4
5988,d6cc9029-a1f0-3b99-b672-a936feda22f9,2.5039123630672928e-05,0.0273865414710485,142.0,2,default,bingbot/2.0,bot,1278.0,9.0,35.0,E,0.6524091929346435,4
3290,070bbdce-6478-3e0a-9392-f120b66ad37f,8.950617283950617e-05,0.0679012345679012,2.511627906976744,2,default,BingPreview/1.0b,bot,309.0,129.0,22.0,E,0.6513241383090227,4
1112,ce2c594c-9800-343f-ad0f-6b112d7bc003,9.33734939759036e-05,0.0933734939759036,2.6991869918699187,2,default,BingPreview/1.0b,bot,292.0,123.0,31.0,E,0.6505105215832463,4
8322,2112fc76-d64a-3503-a694-5abca1aec9eb,3.215189873417722e-05,0.030886075949367,1975.0,4,default,outlier,outlier,82.0,1.0,61.0,E,0.6485803277272817,5
27036,0f86b55a-ab9f-3924-a846-98168373fdff,0.0004222222222222,0.0111111111111111,2.0454545454545454,5,default,Normal,normal,88.0,88.0,2.0,F,0.6482368561572583,4
33899,51716448-9b83-31cd-be98-cec63cc7b28a,0.0002857142857142,0.0119047619047619,2.074074074074074,3,default,Normal,normal,82.0,81.0,2.0,F,0.6448729324434342,4
15343,c226753e-a27f-354b-9415-1b9c37aa904d,2.5457438345266508e-05,0.0238663484486873,139.66666666666666,2,default,bingbot/2.0,bot,1257.0,9.0,30.0,E,0.6444576696161352,4
9925,16331eed-f6b8-3c1b-a982-a572764a82a8,8.902077151335312e-05,0.0623145400593471,2.808333333333333,2,default,BingPreview/1.0b,bot,287.0,120.0,21.0,E,0.6439739020463612,4
487,966e0968-14bf-358d-a1e0-9a8778cdbf6e,7.990314769975787e-05,0.0799031476997578,3.2265625,2,default,BingPreview/1.0b,bot,293.0,128.0,33.0,E,0.6432032247655582,4
30268,735384f7-d8e5-387e-a70f-b316cb30c392,1.7605633802816902e-05,0.0176056338028169,4.115942028985507,1,default,Normal,normal,71.0,69.0,5.0,F,0.6426393445200587,4
10995,e06ff9ee-3dfe-3ca4-9f5f-5026d72f8c81,9.415584415584417e-05,0.0616883116883116,2.566666666666667,2,default,BingPreview/1.0b,bot,291.0,120.0,19.0,E,0.6414585132113688,4
12172,b6ebf444-642b-390d-b858-98889746a54f,0.0034492170969107,0.0355480321625052,2363.0,490,default,outlier,outlier,172.0,1.0,84.0,E,0.639129622896281,5
30784,7aaa757e-6372-35ef-897f-08724d737533,579.3909583333334,0.0208333333333333,48.0,1668646,datacenter,outlier,outlier,1.0,1.0,1.0,F,0.6383328718407626,5
8752,8caeaba8-185c-3566-a511-19ac44257774,2.9526029526029528e-05,0.0295260295260295,143.0,3,default,bingbot/2.0,bot,1286.0,9.0,38.0,E,0.6372131038571284,4
23591,c3367779-e611-3b81-9313-88921cc31708,848.9697419354839,0.032258064516129,31.0,1579084,datacenter,outlier,outlier,1.0,1.0,1.0,F,0.6371090142813737,5
20054,c9fd42a2-03bc-3cef-870b-bbeb2e08cfc2,9.929078014184398e-05,0.0212765957446808,2.073529411764706,1,default,Normal,normal,69.0,68.0,3.0,F,0.6360783808400186,4
16506,100b146b-09e5-3b76-89f5-9cd15fdfa3ab,0.0001027190332326,0.0483383685800604,2.546153846153846,3,default,BingPreview/1.0b,bot,300.0,130.0,16.0,E,0.635468559204565,4
15378,35884d17-77ba-3c78-b3c4-fb4037b193ad,2.6829268292682928e-05,0.0268292682926829,136.66666666666666,2,default,bingbot/2.0,bot,1230.0,9.0,33.0,E,0.6352858071085186,4
19595,48d59a36-33b6-374c-bb48-fe1bf3bff327,0.0001440677966101,0.0169491525423728,2.034482758620689,2,default,Normal,normal,88.0,87.0,3.0,F,0.635010109332542,4
27798,3c650d7e-5382-3974-8fcd-dff9091b9b4a,9.70873786407767e-06,0.0485436893203883,2.1020408163265305,1,default,Normal,normal,52.0,49.0,5.0,F,0.6348988321746364,4
2903,525855ea-badc-3e50-a830-6d657f393efd,2.612244897959184e-05,0.0285714285714285,136.11111111111111,2,default,bingbot/2.0,bot,1225.0,9.0,35.0,E,0.6348404968681086,4
1026,df681f5f-b57f-3de9-a9b9-85b0a917cfb0,3.607214428857716e-05,0.032064128256513,4.415929203539823,2,default,BingPreview/1.0b,bot,276.0,113.0,16.0,E,0.6333885302870954,4
12464,dd4805dc-2dbd-35e7-b201-b4b05fe6a6f3,0.0001,0.0774193548387096,2.8440366972477062,2,default,BingPreview/1.0b,bot,265.0,109.0,24.0,E,0.6322903904226549,4
25343,d2bb5a5c-6aeb-3a6c-96bc-b71425386d25,9.558823529411764e-05,0.0220588235294117,2.0923076923076924,1,default,Normal,normal,67.0,65.0,3.0,F,0.6321550624869586,4
11028,28d4e525-3c6b-353a-9172-9ab74396a4de,0.0001061643835616,0.1027397260273972,2.7289719626168223,2,default,BingPreview/1.0b,bot,254.0,107.0,30.0,E,0.631490606066718,4
3669,14b62ef9-43b9-3429-b90e-ed9f7fa3075c,9.454545454545456e-05,0.0618181818181818,2.5462962962962963,2,default,BingPreview/1.0b,bot,253.0,108.0,17.0,E,0.6307713550501568,4
26644,8cd55657-b25d-362f-bea5-7b2e486ecc61,0.0004331210191082,0.0127388535031847,2.0128205128205128,5,default,Normal,normal,79.0,78.0,2.0,F,0.630135065459337,4
964,2c9e1f42-faf9-36d4-988b-8c6dcbf2eca4,6.054365733113674e-05,0.0210049423393739,2428.0,9,default,outlier,outlier,30.0,1.0,51.0,E,0.6293284433521661,4
24121,da655f54-9e0c-3e76-9ce2-1fd641e9ff77,0.0002710526315789,0.0157894736842105,2.065217391304348,4,default,Normal,normal,94.0,92.0,3.0,F,0.6290268799135293,4
6046,5a41a8a6-fc42-343d-b012-c6030d8d7471,0.0001127272727272,0.0618181818181818,2.5,2,default,BingPreview/1.0b,bot,266.0,110.0,17.0,E,0.6287865687063373,4
15316,59fafe01-300e-3a0e-93ac-f07b6ecce438,0.0036809935205183,0.0362850971922246,2315.0,512,default,outlier,outlier,164.0,1.0,84.0,E,0.6287681023672272,5
27055,5e4833de-16f6-3466-a741-6e6dbfba3653,4.038461538461539e-05,0.0115384615384615,5.252525252525253,2,default,Normal,normal,103.0,99.0,6.0,F,0.6286900081339382,4
14994,163ffa91-83cd-3277-88d2-43df4a80a4c2,1.5255530129672005e-05,0.030511060259344,1311.0,2,default,outlier,outlier,75.0,1.0,40.0,E,0.6277947009381916,4
31512,effcbc9e-9784-32e0-b233-80941332b6cc,8.247422680412371e-05,0.0206185567010309,2.108695652173913,1,default,Normal,normal,46.0,46.0,2.0,F,0.6276257928069313,4
4585,ee54a555-ad47-355f-a2bc-6ed97d2a0548,0.0035169197396963,0.0364425162689804,2305.0,487,default,outlier,outlier,170.0,1.0,84.0,E,0.6274645610342545,5
3885,6f659c2b-4a3c-3f08-9346-7fafa1a2d88e,0.0001036789297658,0.0735785953177257,2.902912621359224,2,default,BingPreview/1.0b,bot,263.0,103.0,22.0,E,0.625810922754981,4
15230,6343b1d7-361a-38fd-9852-3668959a640c,0.0001019108280254,0.0605095541401273,2.9904761904761905,2,default,BingPreview/1.0b,bot,236.0,105.0,19.0,E,0.6254790574348631,4
614,1870c0a0-64f3-3c30-969d-7216695a397d,2.8157683024939665e-05,0.0265486725663716,138.11111111111111,3,default,bingbot/2.0,bot,1243.0,9.0,33.0,E,0.6248285036882086,4
22385,30421f20-1ae3-3aba-a923-1ce9f3201078,2.4930747922437677e-05,0.0249307479224376,4.102272727272728,1,default,Normal,normal,93.0,88.0,9.0,F,0.6247957788198994,4
7877,0f53d076-c526-3638-ba44-a794b5c2d284,2.667814113597246e-05,0.0292598967297762,129.11111111111111,2,default,bingbot/2.0,bot,1162.0,9.0,34.0,E,0.6239253804381877,4
7064,0d9c27e0-55fe-3f5d-ace9-c9a4170291ca,2.202643171806168e-05,0.0273127753303964,126.11111111111111,2,default,bingbot/2.0,bot,1135.0,9.0,31.0,E,0.6232679890912729,4
12805,979c3885-966d-3296-9097-31729bda8d91,8.707865168539327e-05,0.0758426966292134,3.2962962962962963,2,default,BingPreview/1.0b,bot,281.0,108.0,27.0,E,0.6227514260262973,4
12318,36c2a6c6-4e4e-3eb3-b26c-38cb9a87e686,9.191176470588237e-05,0.0698529411764705,2.6666666666666665,2,default,BingPreview/1.0b,bot,245.0,102.0,19.0,E,0.6226196461637183,4
15460,59ad2597-0d83-3302-bc26-8466eeef055e,0.000165366972477,0.0243119266055045,2180.0,22,default,outlier,outlier,122.0,1.0,53.0,E,0.6223996833839481,4
358,1994b198-3b07-3e93-a671-0d09bfd5b400,2.6816608996539797e-05,0.0302768166089965,128.44444444444446,2,default,bingbot/2.0,bot,1156.0,9.0,35.0,E,0.6222000699997654,4
27859,d4957d7f-1e9d-3b83-8ddd-daa690e45751,9.298780487804878e-05,0.0152439024390243,3.4166666666666665,2,default,Normal,normal,98.0,96.0,5.0,F,0.6221318996787146,4
16198,81065574-0c2b-3123-83de-ad0979319136,2.7164685908319183e-05,0.0246179966044142,130.88888888888889,2,default,bingbot/2.0,bot,1178.0,9.0,29.0,E,0.6209530937593606,4
8858,b716173d-55f4-3dba-a7ac-e34ef2dd806c,0.0001044776119402,0.0970149253731343,2.627450980392157,2,default,BingPreview/1.0b,bot,235.0,102.0,26.0,E,0.620858382879576,4
12713,a43f8865-27bd-3f67-b1ea-5f9088a53dbb,0.0033358407079646,0.0371681415929203,2260.0,453,default,outlier,outlier,172.0,1.0,84.0,E,0.6208048174427354,5
13283,31534e1e-cf49-3d3a-bf46-56e9ec4401b1,0.0001011235955056,0.0898876404494382,2.643564356435644,2,default,BingPreview/1.0b,bot,250.0,101.0,24.0,E,0.6205712898906752,4
888,5b6824d3-fcb0-3992-8a3b-c2ead322fd8f,2.945859872611465e-05,0.0207006369426751,139.55555555555554,3,default,bingbot/2.0,bot,1256.0,9.0,26.0,E,0.6198862565296813,4
24977,320b2c41-7168-3b45-abbd-b4a9e0f72b1e,0.0004662162162162,0.0135135135135135,2.0273972602739727,5,default,Normal,normal,73.0,73.0,2.0,F,0.619190154782368,4
22030,cda6ab04-efd3-39bf-ba8b-807a71ec24b8,0.0004130434782608,0.0163043478260869,2.0444444444444443,5,default,Normal,normal,93.0,90.0,3.0,F,0.6190764775931313,4
12040,693d5a20-10a1-3164-a7cd-fd45e68b1c68,0.000100358422939,0.1182795698924731,2.8181818181818183,2,default,BingPreview/1.0b,bot,226.0,99.0,33.0,E,0.619040098081879,4
4643,d1ab9676-cc74-33d6-bab2-bc80aa9b3863,9.309309309309307e-05,0.039039039039039,3.027272727272728,2,default,BingPreview/1.0b,bot,285.0,110.0,13.0,E,0.6189282043611369,4
10642,129e3eea-880a-3a7c-8931-b133d1a06397,,,0.0,3,default,outlier,outlier,2.0,1.0,0.0,E,0.6187011910453155,1
5732,d8027bb2-bf99-3375-958a-e988fcc52ae0,0.0001081081081081,0.0743243243243243,2.9019607843137254,2,default,BingPreview/1.0b,bot,240.0,102.0,22.0,E,0.6185918213623556,4
13478,999a1151-0978-3737-91c2-181bf0370f2a,0.0001052631578947,0.0639097744360902,2.633663366336634,2,default,BingPreview/1.0b,bot,255.0,101.0,17.0,E,0.6185878237752744,4
8349,596b57d2-bb51-36cd-867d-c417dfbff95f,0.0001150793650793,0.0714285714285714,2.4705882352941178,2,default,BingPreview/1.0b,bot,247.0,102.0,18.0,E,0.6184180664914813,4
1031,e3f16723-eaa4-334e-99ff-dddc99435662,0.0040665499124343,0.0367775831873905,2284.0,558,default,outlier,outlier,165.0,1.0,84.0,E,0.6181428946804791,5
32868,7f42f561-1f0d-3a13-b43e-aeb655fdba79,0.0001428571428571,0.0204081632653061,2.0,1,default,Normal,normal,49.0,49.0,2.0,F,0.617743420036829,4
21364,90b1ff84-2bae-3010-a0ed-1147aa7f9461,595.6877619047619,0.0238095238095238,42.0,1501134,datacenter,outlier,outlier,1.0,1.0,1.0,F,0.6171650765023933,5
17715,3faebe6d-03cf-345d-8364-62de8d02b631,0.000124,0.08,2.450980392156863,2,default,BingPreview/1.0b,bot,248.0,102.0,20.0,E,0.6161878539510821,4
10323,8d10e7ce-52b4-3456-882e-a6891bd00ea6,2.926829268292683e-05,0.0227642276422764,136.66666666666666,3,default,bingbot/2.0,bot,1230.0,9.0,28.0,E,0.6158463360927258,4
20722,e71e7c01-b0ad-3170-b6fd-aff85dcead98,4.724409448818898e-05,0.0314960629921259,2.048387096774193,1,default,Normal,normal,62.0,62.0,4.0,F,0.6152009977697366,4
20191,725690f1-0072-30ad-a894-ae178042489e,816.8762857142857,0.0357142857142857,28.0,1372353,datacenter,outlier,outlier,1.0,1.0,1.0,F,0.6144743810859712,5
5264,75705d10-3cca-3037-a067-5e9e92ae3f84,8.26086956521739e-05,0.0753623188405797,3.3823529411764706,2,default,BingPreview/1.0b,bot,250.0,102.0,26.0,E,0.6144300189634981,4
4181,92dc1892-8fca-3f8e-930d-2833b61321ee,0.0001375,0.0625,2.3529411764705883,2,default,BingPreview/1.0b,bot,234.0,102.0,15.0,E,0.6126880175903979,4
12827,cb23cc5c-de13-324f-96c9-af21a702f52e,9.003939223410241e-05,0.0348902644907146,1777.0,10,default,outlier,outlier,80.0,1.0,62.0,E,0.6123103220509245,5
19274,25507afe-2a60-3eec-8110-527dc83257eb,4.193548387096775e-05,0.032258064516129,2.3484848484848486,1,default,Normal,normal,68.0,66.0,5.0,F,0.6121905559029583,4
8127,af3c1bf7-ad68-348b-ac1b-d7b52cce0498,9.749303621169916e-05,0.0584958217270195,3.121739130434783,3,default,BingPreview/1.0b,bot,277.0,115.0,21.0,E,0.6109222441533024,4
4990,b3788edd-0acf-30fb-b1b2-4fc57aa3846a,0.0002242036482439,0.0098012523822488,36.73,50,default,Normal,normal,179.0,100.0,36.0,E,0.6106104047372317,4
13138,7e8c418e-21aa-3d3e-a1a9-8a025b186cc2,3.894616265750287e-05,0.0320733104238258,1746.0,5,default,outlier,outlier,69.0,1.0,56.0,E,0.6099656833953901,5
17248,d27009de-5faf-3c54-97fb-df90a0b7ae24,2.7506654835847385e-05,0.028393966282165,125.22222222222224,2,default,bingbot/2.0,bot,1127.0,9.0,32.0,E,0.6094178466262283,4
15482,91af975c-ba9d-304d-a215-e9edf18e2c27,0.0001082089552238,0.1007462686567164,2.7628865979381443,2,default,BingPreview/1.0b,bot,246.0,97.0,27.0,E,0.6088217667554889,4
7617,2d416b41-aa63-39a3-869c-d082e8f9ce23,3.714493809176984e-05,0.0480699198834668,1373.0,4,default,outlier,outlier,81.0,1.0,66.0,E,0.6083121597366945,5
27263,cefbd3c5-bd2d-34e8-bfa9-9782378591fb,0.0002322274881516,0.0236966824644549,2.1979166666666665,3,default,Normal,normal,97.0,96.0,5.0,F,0.6075269754463517,4
11573,26a576bc-c81e-3447-a787-31397ea68265,2.8699551569506727e-05,0.0295964125560538,123.88888888888889,2,default,bingbot/2.0,bot,1115.0,9.0,33.0,E,0.6061284089763709,4
32395,a8c49b1f-65d1-3f80-939b-fe3f1f0638d6,0.0001,0.0147058823529411,3.5789473684210527,3,default,Normal,normal,96.0,95.0,5.0,F,0.6059116185477328,4
2208,8ca5bbc3-f907-30b2-a708-9b8915082205,0.0001185185185185,0.0777777777777777,2.727272727272727,2,default,BingPreview/1.0b,bot,221.0,99.0,21.0,E,0.6053948352368632,4
9301,0fc67c8e-a590-34ed-bcb2-315094af41e7,0.0001259541984732,0.0687022900763358,2.646464646464646,2,default,BingPreview/1.0b,bot,228.0,99.0,18.0,E,0.6049278256174272,4
1934,3e6da6f0-909e-3695-83bb-5293f1a76e4e,0.0001051051051051,0.078078078078078,3.0,3,default,BingPreview/1.0b,bot,248.0,111.0,26.0,E,0.6049117086516009,4
489,9c7cb1db-27a4-3b87-bf54-996f45d5ff25,2.73972602739726e-05,0.0255707762557077,121.66666666666669,2,default,bingbot/2.0,bot,1095.0,9.0,28.0,E,0.6044065266356603,4
9292,fe14b982-2fb1-3758-974f-8b364f251ae2,3.0050083472454093e-05,0.0208681135225375,133.11111111111111,3,default,bingbot/2.0,bot,1198.0,9.0,25.0,E,0.6043499677945695,4
32290,555ceff8-6733-3562-8e7f-fe963762b677,0.0004546979865771,0.0033557046979865,596.0,17,default,Python-requests,bot,300.0,1.0,2.0,F,0.6038885191656724,4
32596,1c574354-6109-30ad-9cec-49faebaf2c5d,5.76923076923077e-05,0.0288461538461538,2.1666666666666665,1,default,Normal,normal,49.0,48.0,3.0,F,0.6036607182879975,4
14461,b2f53f12-4ed0-303e-8d06-0504b9f3d720,4.638088545326775e-05,0.0365425158116654,1423.0,4,default,outlier,outlier,121.0,1.0,52.0,E,0.6027825129481013,4
3786,7b9e691e-2495-376c-a67e-d87ad372d732,0.0001255605381165,0.0672645739910313,2.2989690721649483,2,default,BingPreview/1.0b,bot,221.0,97.0,15.0,E,0.6025480163384249,4
8263,68ee8561-0caa-325a-b13a-cf49810762fd,0.0001333333333333,0.0358974358974358,195.0,2,private_ip,outlier,outlier,174.0,1.0,7.0,E,0.6024733835974893,5
23782,dd519d1f-2771-39e1-b75d-760cc72540ce,0.0001603773584905,0.0235849056603773,2.32967032967033,3,default,Normal,normal,96.0,91.0,5.0,F,0.6009902972994176,4
30691,4b41ff46-6471-359f-aa5f-d598eb113ec5,0.0001978609625668,0.0213903743315508,2.1494252873563218,3,default,Normal,normal,90.0,87.0,4.0,F,0.6009163178714125,4
361,21ae8ce0-2f69-3991-83c0-0e0905afe871,0.000126953125,0.08984375,2.6391752577319587,2,default,BingPreview/1.0b,bot,224.0,97.0,23.0,E,0.6007528215395864,4
19703,b4160aa5-91b2-3969-9a3e-161e7d5105f3,0.00025,0.0189873417721519,2.0789473684210527,3,default,Normal,normal,78.0,76.0,3.0,F,0.5999246533402958,4
7624,3e564ac1-2629-3478-a621-a6f3043173f5,0.0001434599156118,0.0632911392405063,2.3465346534653464,3,default,BingPreview/1.0b,bot,236.0,101.0,15.0,E,0.5990833703353248,4
6972,03224686-875c-3163-a840-54a467bb07e3,0.0041606969990319,0.0406582768635043,2066.0,516,default,outlier,outlier,163.0,1.0,84.0,E,0.598662471435246,5
12743,fd7521d6-e2aa-3a48-8403-8ec3c65f6e92,0.0001049180327868,0.0622950819672131,3.05,2,default,BingPreview/1.0b,bot,249.0,100.0,19.0,E,0.5976714947711593,4
34161,a2778df6-2787-3125-aa44-52834a161dfb,8.849557522123894e-06,0.0265486725663716,9.416666666666666,1,default,Normal,normal,108.0,12.0,3.0,F,0.5966132715536872,2
11717,b660a673-2d72-30d8-bbf8-c1a55459009f,0.0057535436671239,0.0365797896662094,2187.0,755,default,outlier,outlier,152.0,1.0,80.0,E,0.5962747503133271,5
20826,fd8ad31d-e3bd-30df-9bf6-78eda204b563,0.0001111111111111,0.1111111111111111,1.8,1,default,Normal,normal,7.0,5.0,1.0,F,0.5960373830233975,1
1676,607f40bb-c0ab-374d-a395-28a399e09a07,0.0001068376068376,0.0769230769230769,2.5161290322580645,2,default,BingPreview/1.0b,bot,216.0,93.0,18.0,E,0.595805846897839,4
19996,16701544-15e6-35c0-8139-872861032fc2,0.0004193548387096,0.0161290322580645,2.0327868852459017,4,default,Normal,normal,61.0,61.0,2.0,F,0.5955208773439225,4
837,b4dd7d66-2ec8-30ef-81aa-40b605b27588,8.797653958944282e-05,0.093841642228739,3.6666666666666665,2,default,BingPreview/1.0b,bot,216.0,93.0,32.0,E,0.5955177164419387,4
9492,2c1c2967-119a-3993-9c60-34f7714b3628,3.049907578558225e-05,0.0286506469500924,120.22222222222224,2,default,bingbot/2.0,bot,1082.0,9.0,31.0,E,0.5951066138852799,4
15844,9c592b90-f38a-3f28-a466-5b560c66230c,2.9822926374650516e-05,0.0279589934762348,119.22222222222224,2,default,bingbot/2.0,bot,1073.0,9.0,30.0,E,0.5947603180166444,4
24125,e2c91221-8674-33c9-a991-6dc1cb91ee4e,0.0006220472440944,0.0157480314960629,2.015873015873016,5,default,Normal,normal,63.0,63.0,2.0,F,0.5946643293945177,4
13436,049d887e-70d6-39b6-a49f-9df245bbb9d2,3.072870939420544e-05,0.0272168568920105,126.55555555555556,3,default,bingbot/2.0,bot,1139.0,9.0,31.0,E,0.5937477136516859,4
20431,6d16ccff-3466-3687-90c3-c399a2382722,0.0054318181818181,0.0012626262626262,792.0,259,datacenter,outlier,outlier,1.0,1.0,1.0,F,0.5935204606884903,5
6722,090244e5-4445-3619-aa4f-f9dab64fa5a6,2.7884615384615383e-05,0.0307692307692307,115.55555555555556,2,default,bingbot/2.0,bot,1040.0,9.0,32.0,E,0.5933230892040997,4
7289,9cda60e7-b7fa-3287-b3ba-23027a8955ba,2.9356060606060607e-05,0.0274621212121212,117.33333333333331,2,default,bingbot/2.0,bot,1056.0,9.0,29.0,E,0.5922366480704874,4
20576,2859e78b-7103-392e-af39-5a67256cad5b,0.0004541666666666,0.0166666666666666,2.0,4,default,Normal,normal,60.0,60.0,2.0,F,0.5920391864653605,4
21670,1ecadea0-1fe0-33c1-98a7-d8791d4bb7e4,0.0002434554973821,0.0209424083769633,2.3012048192771086,3,default,Normal,normal,84.0,83.0,4.0,F,0.5920080622689474,4
30001,2d2ad16f-8211-3f37-a4d9-302f2bf590f2,0.00083203125,0.015625,2.0,7,default,Normal,normal,64.0,64.0,2.0,F,0.5911639247270333,4
27305,45399a22-38ae-389a-8a3f-6e472ea0880b,0.0004210526315789,0.0175438596491228,2.0,3,default,Normal,normal,57.0,57.0,2.0,F,0.5898989544209237,4
9659,05b35504-4711-3e35-9ea3-84a89ca6ef61,2.5176233635448137e-05,0.0292044310171198,110.33333333333331,2,default,bingbot/2.0,bot,993.0,9.0,29.0,E,0.5896579412193249,4
16821,d9d64636-b501-3fdf-9925-19d3d913cd0f,2.783300198807157e-05,0.0337972166998011,111.77777777777776,2,default,bingbot/2.0,bot,1006.0,9.0,34.0,E,0.5894565854958389,4
4577,d5016555-818f-387c-afeb-e94524aa9822,4.205336426914153e-05,0.0301624129930394,1724.0,5,default,outlier,outlier,53.0,1.0,52.0,E,0.5889424784543149,4
3096,66319931-bc7a-36cc-97fd-300f19ccfbb6,3.0057251908396947e-05,0.0305343511450381,116.44444444444444,2,default,bingbot/2.0,bot,1048.0,9.0,32.0,E,0.5887708809492251,4
20507,4dcf851a-0257-3af0-9f37-4518b6cde29b,0.02219,0.0192307692307692,1300.0,1731,private_ip,outlier,outlier,61.0,1.0,25.0,F,0.5886368983963053,5
4693,58597365-310d-3d30-95a7-8c34d7171fd9,2.7253668763102725e-05,0.0387840670859538,95.4,2,default,bingbot/2.0,bot,954.0,10.0,37.0,E,0.5885439849029641,4
16813,c6f92c5f-059e-3e96-9404-0e23294ddcd8,0.0003648247177658,0.0338680926916221,1683.0,37,default,outlier,outlier,127.0,1.0,57.0,E,0.5875962249814543,5
12285,c3c33e06-036b-3a20-85b2-6ead2f059bdc,4.542124542124542e-05,0.0432234432234432,1365.0,4,default,outlier,outlier,76.0,1.0,59.0,E,0.5873407414167683,5
14604,18e4e431-c19a-3731-8254-a3cda8f9101b,2.9411764705882357e-05,0.0313725490196078,113.33333333333331,2,default,bingbot/2.0,bot,1020.0,9.0,32.0,E,0.5865863685002684,4
15931,83c34b26-0114-389d-b403-727ec0841a62,0.0001104294478527,0.0061349693251533,163.0,2,default,outlier,outlier,157.0,1.0,1.0,E,0.5863079063921154,2
21126,816c8e75-3451-34a4-836a-56f69282b6df,0.0005172413793103,0.0172413793103448,2.0350877192982457,4,default,Normal,normal,57.0,57.0,2.0,F,0.5845497082901253,4
24429,a5a6bf2a-00cf-3922-86e0-7f5ab79f3293,0.0002088353413654,0.0240963855421686,2.7065217391304346,4,default,Normal,normal,98.0,92.0,6.0,F,0.5845470305918622,4
5633,b55205a2-7e96-3811-8014-2d71dd5f6e08,0.0001165644171779,0.0061349693251533,163.0,2,default,outlier,outlier,158.0,1.0,1.0,E,0.5839797905312897,2
19616,99e502eb-af50-3508-9681-5ae54a9d54c7,2.884615384615385e-05,0.048076923076923,2.260869565217391,1,default,Normal,normal,47.0,46.0,5.0,F,0.5839406689149959,4
18804,932e8615-c679-3203-88ec-8209422fb2f4,0.0004285714285714,0.0178571428571428,2.074074074074074,3,default,Normal,normal,55.0,54.0,2.0,F,0.5832245210037237,4
33857,be4fc207-e456-30fe-a812-00867b2ec17e,0.0002757009345794,0.0327102803738317,2.2291666666666665,4,default,Normal,normal,99.0,96.0,7.0,F,0.5828483263058123,4
7035,c39570be-22a8-3c7d-8c42-e8d13dfbdb8c,3.060217176702863e-05,0.0315893385982231,112.55555555555556,2,default,bingbot/2.0,bot,1013.0,9.0,32.0,E,0.5822632698198469,4
24415,75921c2d-68c7-37a3-bd67-11851ed22502,0.0,0.3333333333333333,2.0,0,default,Normal,normal,4.0,3.0,2.0,F,0.5819402926779107,1
17739,83c042c2-15cd-3ed5-929e-532fc53d39fa,3.118908382066277e-05,0.0272904483430799,114.0,2,default,bingbot/2.0,bot,1026.0,9.0,28.0,E,0.5818944212331562,4
4552,817abe3f-9fb0-35a7-9da3-bad1a5028f0b,3.1280547409579666e-05,0.0293255131964809,113.66666666666669,2,default,bingbot/2.0,bot,1023.0,9.0,30.0,E,0.5817276253583038,4
15379,35a8e50a-356f-36af-af6e-bd9301694a1f,2.808219178082192e-05,0.0342465753424657,1460.0,3,default,outlier,outlier,40.0,1.0,50.0,E,0.581555499781702,4
30654,0f4c63ca-fd7b-3318-90ee-98352f753a39,0.0015557142857142,0.0007142857142857,233.33333333333331,131,default,Normal,normal,1.0,6.0,1.0,F,0.580822292131958,1
16293,a2a058c1-2ec8-37aa-ab40-b5468ebc6867,2.56136606189968e-05,0.0288153681963714,104.11111111111111,2,default,bingbot/2.0,bot,937.0,9.0,27.0,E,0.5801693151404976,4
4323,ff91f32c-e795-3ab1-9114-09c39a537527,0.000114406779661,0.0932203389830508,2.744186046511628,2,default,BingPreview/1.0b,bot,189.0,86.0,22.0,E,0.580008216192692,4
10801,accc732b-d8e3-3684-b629-e26126ffde41,0.0001202531645569,0.0063291139240506,158.0,2,default,outlier,outlier,146.0,1.0,1.0,E,0.5798172604613161,2
13152,b1db9626-8daf-38fc-a329-b526004af296,3.1218529707955686e-05,0.0342396777442094,110.33333333333331,2,default,bingbot/2.0,bot,993.0,9.0,34.0,E,0.5797246220374282,4
16270,6363e181-b3ce-3947-9657-a5f63da88507,0.0001125827814569,0.0066225165562913,151.0,2,default,outlier,outlier,147.0,1.0,1.0,E,0.5796531144570372,2
21037,a1017d17-6692-3ce6-b3ff-c420f5d84dc7,8.333333333333333e-05,0.0357142857142857,2.1,1,default,Normal,normal,41.0,40.0,3.0,F,0.5790936360769352,3
659,a2533b48-dbe9-3aa8-90a8-d8598bd5ae6f,0.0001435406698564,0.0813397129186602,2.375,2,default,BingPreview/1.0b,bot,199.0,88.0,17.0,E,0.5787464027931736,4
17529,19542a56-19f8-34bc-b8d6-da4e91df20d3,3.180914512922465e-05,0.0318091451292246,111.77777777777776,2,default,bingbot/2.0,bot,1006.0,9.0,32.0,E,0.578639577209955,4
8791,03d24612-73fb-3aae-a279-c058a90730dd,0.1812683928571428,0.0010714285714285,2800.0,30454,default,outlier,outlier,2.0,1.0,3.0,E,0.5783528792595329,4
28678,d5c376cf-40dd-34c8-8fce-04ea7da383b7,0.0001187050359712,0.014388489208633,3.971428571428572,2,default,Normal,normal,73.0,70.0,4.0,F,0.5783273116646623,4
414,d0c9a537-8812-333f-9065-1f28e13f0346,0.0001308016877637,0.0843881856540084,2.7241379310344827,2,default,BingPreview/1.0b,bot,217.0,87.0,20.0,E,0.5780404414786904,4
25999,522e495b-ecf1-3155-812a-b5eeea68795b,0.0003207547169811,0.0188679245283018,2.07843137254902,3,default,Normal,normal,51.0,51.0,2.0,F,0.5777480862029551,4
28379,d11119c6-8bdf-302e-bb73-a4df76e32bed,0.0490331284664967,0.0103432768700344,69.48958333333333,19626,default,Normal,normal,117.0,96.0,69.0,F,0.5776393823651547,4
8807,375ebad4-2d49-38d8-8f79-3ea1c4f458b5,2.96220633299285e-05,0.0306435137895812,108.77777777777776,2,default,bingbot/2.0,bot,979.0,9.0,30.0,E,0.5771211300286109,4
24117,cc867034-c3ae-3dcb-ad91-23c1f29ba8f0,0.0004587155963302,0.018348623853211,2.0961538461538463,3,default,Normal,normal,52.0,52.0,2.0,F,0.5770152482531486,4
3603,6e44e08b-1af1-33c3-beb6-3518292b68c2,0.0008571428571428,0.1428571428571428,1.4,1,default,YandexBot/3.0,bot,7.0,5.0,1.0,E,0.5768053422391515,1
15069,cc228603-c22a-3842-8504-59adeee0e9f3,9.866220735785952e-05,0.0568561872909698,3.3222222222222224,2,default,BingPreview/1.0b,bot,200.0,90.0,17.0,E,0.5762118467123142,4
6568,3792200d-cdc2-3138-a845-ac6e8b8ec341,6.766642282370155e-05,0.0395025603511338,1367.0,6,default,outlier,outlier,81.0,1.0,54.0,E,0.5759864199299808,5
6567,3792200d-cdc2-3138-a845-ac6e8b8ec341,6.766642282370155e-05,0.0395025603511338,1367.0,6,default,outlier,outlier,81.0,1.0,54.0,E,0.5759864199299808,5
6569,3792200d-cdc2-3138-a845-ac6e8b8ec341,6.766642282370155e-05,0.0395025603511338,1367.0,6,default,outlier,outlier,81.0,1.0,54.0,E,0.5759864199299808,5
6570,3792200d-cdc2-3138-a845-ac6e8b8ec341,6.766642282370155e-05,0.0395025603511338,1367.0,6,default,outlier,outlier,81.0,1.0,54.0,E,0.5759864199299808,5
21373,b19b36aa-a4df-3718-9f22-29ca06c0063f,0.000574074074074,0.0185185185185185,2.0,4,default,Normal,normal,54.0,54.0,2.0,F,0.5758686964998402,4
2041,73ca6a21-1f9b-3f87-9cc7-8364af3cc924,0.0001311475409836,0.0696721311475409,2.8705882352941177,2,default,BingPreview/1.0b,bot,212.0,85.0,17.0,E,0.5757845976284136,4
1800,cd37a81e-d634-3bee-a67b-744eebc344cb,2.714440825190011e-05,0.0347448425624321,102.33333333333331,2,default,bingbot/2.0,bot,921.0,9.0,32.0,E,0.5749356670595428,4
4314,d5b9b172-6a36-3c36-9caa-64d8f4af678f,0.0001266968325791,0.0814479638009049,2.6626506024096384,2,default,BingPreview/1.0b,bot,200.0,83.0,18.0,E,0.5734046928358982,4
12764,25685b22-15f7-3c10-91a7-1c868d3d95a7,8.353808353808354e-05,0.0466830466830466,4.329787234042553,3,default,BingPreview/1.0b,bot,201.0,94.0,19.0,E,0.5733388994777264,4
15406,a25dbda7-e883-3703-807c-31cb9b107a42,2.9082774049217e-05,0.0436241610738255,89.4,2,default,bingbot/2.0,bot,894.0,10.0,39.0,E,0.5733088471511553,4
19455,7e28ff25-f7e0-3f9e-9d00-afad02b0bbec,0.0004691780821917,0.0205479452054794,2.147058823529412,5,default,Normal,normal,70.0,68.0,3.0,F,0.5733047377257144,4
8766,c3afbd2e-b6d6-36a9-bd5f-bbd6a47dd727,3.239289446185998e-05,0.0365726227795193,106.33333333333331,2,default,bingbot/2.0,bot,957.0,9.0,35.0,E,0.5732628685025423,4
23485,b0f98779-d84c-3f10-98b1-8a709a152348,0.0001206896551724,0.0344827586206896,2.0,1,default,Normal,normal,29.0,29.0,2.0,F,0.5730411044272554,1
7403,f07da79f-4646-3781-9885-0fe0aa61b606,2.8969957081545062e-05,0.0343347639484978,103.55555555555556,2,default,bingbot/2.0,bot,932.0,9.0,32.0,E,0.5728248588635096,4
10191,256e3a0d-711f-30f6-95f9-a322d5ad08c1,0.0001065088757396,0.0650887573964497,3.6344086021505375,3,default,BingPreview/1.0b,bot,203.0,93.0,22.0,E,0.571397987978676,4
4778,535b6185-e136-3839-9f81-7d5826a20cb3,0.0001148648648648,0.0641891891891891,3.1157894736842104,3,default,BingPreview/1.0b,bot,227.0,95.0,19.0,E,0.571285721957838,4
11445,c648601c-0af7-3f3b-a409-d8558180e1c6,3.3673469387755106e-05,0.0306122448979591,108.88888888888889,2,default,bingbot/2.0,bot,980.0,9.0,30.0,E,0.5699368604679188,4
235,c9eb1369-9f3d-34ef-9424-33a4a478a984,3.601895734597156e-05,0.0284360189573459,117.22222222222224,3,default,bingbot/2.0,bot,1055.0,9.0,30.0,E,0.5697904465647192,4
1549,c77af483-a0db-39a5-874e-5f386608d62f,3.215434083601286e-05,0.0396570203644158,103.66666666666669,2,default,bingbot/2.0,bot,933.0,9.0,37.0,E,0.5694019308559672,4
185,1ed50b15-e106-3245-b908-cb81bd0e3890,9.963768115942029e-05,0.0797101449275362,3.1724137931034484,2,default,BingPreview/1.0b,bot,192.0,87.0,22.0,E,0.5692345306252807,4
16568,ed002530-8b26-3fa2-83c2-491084fd0dc9,0.0001292517006802,0.0068027210884353,147.0,2,default,outlier,outlier,126.0,1.0,1.0,E,0.5690635041543682,2
4668,14c8950d-eb24-37da-a525-7372607ccdc4,0.0001301369863013,0.0068493150684931,146.0,2,default,outlier,outlier,132.0,1.0,1.0,E,0.5688891880152097,2
25793,04ebb5db-bf07-3362-b591-461cd17cc792,857.672,0.0588235294117647,17.0,874826,datacenter,outlier,outlier,1.0,1.0,1.0,F,0.5687076603467571,5
13931,2ea573a1-5b4f-3ee9-a8d4-d96840c188e2,0.000114186851211,0.0761245674740484,3.32183908045977,2,default,BingPreview/1.0b,bot,218.0,87.0,22.0,E,0.5681658658469155,4
1494,f0555df6-5028-37f9-987a-4849d4afd35e,0.0001283783783783,0.0067567567567567,148.0,2,default,outlier,outlier,118.0,1.0,1.0,E,0.5681349420195853,2
18722,97df1bcc-0499-37b1-8de8-96e30eb2fb54,495.9671176470588,0.0294117647058823,34.0,1011773,datacenter,outlier,outlier,1.0,1.0,1.0,F,0.5681086077962428,5
1255,62e37d46-9587-3ffb-95e2-d644fc18dbd1,0.0001319444444444,0.0069444444444444,144.0,2,default,outlier,outlier,140.0,1.0,1.0,E,0.5678251900301096,2
5303,e830a51d-b998-342b-91bb-e92d66b2aa8c,0.0001258741258741,0.0069930069930069,143.0,2,default,outlier,outlier,133.0,1.0,1.0,E,0.5672938890572189,2
15978,1a6eb16a-ab3d-36f3-ae90-094bf99803b1,3.311965811965812e-05,0.0352564102564102,104.0,2,default,bingbot/2.0,bot,936.0,9.0,33.0,E,0.5672566634325417,4
18937,0939ac70-5269-34c0-9f0a-7dfd6ed6af06,0.0,0.5,2.0,0,default,Normal,normal,3.0,2.0,2.0,F,0.5670011610006039,1
21685,4fe2ca9b-2f83-33cd-aa2b-8f3e02b0c459,0.0035785024154589,0.0301932367149758,828.0,178,private_ip,outlier,outlier,39.0,1.0,25.0,F,0.5668197632407663,5
913,91c103bd-1c34-3d0b-a200-ef8cff9848f2,3.010752688172043e-05,0.0311827956989247,103.33333333333331,2,default,bingbot/2.0,bot,930.0,9.0,29.0,E,0.5667543105524717,4
28293,bf698743-c88c-36d3-b6d3-77427837c1b1,0.0,1.0,2.0,0,default,outlier,outlier,2.0,1.0,2.0,F,0.5666974455157388,1
29849,3ca9c0bd-6050-386a-8a38-2974b693c2f7,0.0,1.0,2.0,0,default,outlier,outlier,2.0,1.0,2.0,F,0.5666974455157388,1
29015,c677d208-58cd-30df-a25a-edc39f5aedc6,0.0,1.0,2.0,0,default,outlier,outlier,2.0,1.0,2.0,F,0.5666974455157388,1
17196,48df3038-e707-3892-90a4-c7afcf4a8f81,3.495762711864407e-05,0.034957627118644,104.88888888888889,2,default,bingbot/2.0,bot,944.0,9.0,33.0,E,0.566392303424394,4
15003,24a3b887-62c1-3a97-b8cc-fc1c187ac30b,0.0001338028169014,0.0070422535211267,142.0,2,default,outlier,outlier,138.0,1.0,1.0,E,0.5660677096077449,2
16451,819402bc-85c3-3027-bae1-438ba23cd6ea,7.000663570006637e-05,0.033178500331785,1507.0,7,default,outlier,outlier,56.0,1.0,50.0,E,0.5660621606846741,4
7315,d322fcad-348a-3698-8d9d-99e883745ffa,0.000127659574468,0.0070921985815602,141.0,2,default,outlier,outlier,132.0,1.0,1.0,E,0.565412298818207,2
1736,17646070-7bad-3426-b622-7da3a54f022c,0.0001338028169014,0.0070422535211267,142.0,2,default,outlier,outlier,135.0,1.0,1.0,E,0.5654108910159255,2
4626,9af3accb-60ad-39a5-9f9b-c6edf4e3beab,3.28042328042328e-05,0.0285714285714285,105.0,2,default,bingbot/2.0,bot,945.0,9.0,27.0,E,0.565370804694722,4
11592,69beb094-bd48-3935-ba17-ababd975a965,3.4261241970021415e-05,0.032119914346895,93.4,2,default,bingbot/2.0,bot,934.0,10.0,30.0,E,0.5647422471192577,4
6120,25e915b9-5914-3dcf-9368-672f6e6d4640,3.3333333333333335e-05,0.0376344086021505,103.33333333333331,2,default,bingbot/2.0,bot,930.0,9.0,35.0,E,0.5647336792789576,4
14526,50d4d2aa-5f7e-32b0-949f-fc6e682b8ad1,0.0001451612903225,0.0913978494623656,2.3846153846153846,2,default,BingPreview/1.0b,bot,181.0,78.0,17.0,E,0.5644608167130488,4
32273,25f6af1d-967a-32e4-ace2-803b18fb2381,0.0002879999999999,0.024,2.083333333333333,3,default,Normal,normal,61.0,60.0,3.0,F,0.5643746720046305,4
5300,dec16a04-1378-350b-8197-78eb528e6ca9,0.0001240875912408,0.0072992700729927,137.0,2,default,outlier,outlier,134.0,1.0,1.0,E,0.5643695304947562,2
27051,503ff347-512e-38fd-aaea-e96069e26a03,2.9411764705882357e-05,0.0588235294117647,2.0,1,default,Normal,normal,17.0,17.0,2.0,F,0.5642456605032838,1
2880,1e4c6a4a-9211-3ca7-8e3e-1b4795cfb8e0,3.176341730558598e-05,0.0372398685651697,101.44444444444444,2,default,bingbot/2.0,bot,913.0,9.0,34.0,E,0.5639130117295011,4
13281,23f014ef-a6c7-3e31-aedf-d3c555665a9f,0.0001294964028776,0.0071942446043165,139.0,2,default,outlier,outlier,132.0,1.0,1.0,E,0.5638582412193561,2
13997,dfad778e-3c1e-300c-96da-16a6536037a9,0.0001474999999999,0.08,2.5316455696202533,2,default,BingPreview/1.0b,bot,190.0,79.0,16.0,E,0.5637980622407668,4
31086,f39644f7-f8aa-308b-8ccc-462c1ef9febf,0.0005037593984962,0.0225563909774436,2.078125,5,default,Normal,normal,65.0,64.0,3.0,F,0.5637291625048855,4
17495,c0a66205-317b-3a75-aec1-64121bb8e09d,0.0001155234657039,0.0685920577617328,3.2209302325581395,2,default,BingPreview/1.0b,bot,192.0,86.0,19.0,E,0.5630309638587423,4
28483,483d875f-f40d-35be-a6ed-62c95fd9b5e8,258.36519540229887,0.0114942528735632,174.0,2697333,default,outlier,outlier,1.0,1.0,2.0,F,0.5630217376763741,4
28134,dee927d8-a2c0-31cc-867e-156bfa833d7d,0.0,1.0,2.0,0,default,AdsBot-Google,bot,1.0,1.0,2.0,F,0.562963112941934,1
24343,95e705a1-a026-3bfb-84dc-2b411a46d6a4,7.575757575757576e-05,0.0454545454545454,2.0625,1,default,Normal,normal,33.0,32.0,3.0,F,0.5628949338085556,1
14988,0dbed168-800f-3397-94d4-96f2f5b26b8c,3.0501089324618735e-05,0.0305010893246187,102.0,2,default,bingbot/2.0,bot,918.0,9.0,28.0,E,0.562826324369214,4
28753,acd4e56a-5380-30b7-8111-11f06f8f256e,0.0001456953642384,0.0132450331125827,4.026666666666666,3,default,Normal,normal,78.0,75.0,4.0,F,0.5626520441065151,4
7281,703fed14-2cdc-36d2-82f4-2f0ad397c9e8,0.0002225090345895,0.0263293753226639,1937.0,26,default,outlier,outlier,50.0,1.0,51.0,E,0.562444993082652,4
5248,3774ab92-1815-3609-bb17-ecfd0dfe30d1,0.0007882608695652,0.0226086956521739,2300.0,109,default,outlier,outlier,40.0,1.0,52.0,E,0.5623971446851456,4
22339,9926431a-bbdc-3001-a1fc-d419986a4c76,0.0551055744757124,0.0136225129951604,65.63529411764706,18447,default,Normal,normal,108.0,85.0,76.0,F,0.5623558240031145,4
3162,128e962f-c252-3f3e-808a-cfb496856d9c,3.2079646017699115e-05,0.0376106194690265,100.44444444444444,2,default,bingbot/2.0,bot,904.0,9.0,34.0,E,0.5622077378996715,4
20616,b0881ef7-4b58-39c8-a6be-85ffb13cb1e5,0.0008011137629276,0.0047732696897374,14.284090909090908,61,default,Normal,normal,87.0,88.0,6.0,F,0.5619896768283063,4
21921,66cdc406-6bee-3d38-a8d6-c9badfeb0c4c,0.0004649681528662,0.0254777070063694,2.180555555555556,5,default,Normal,normal,73.0,72.0,4.0,F,0.5613192625691185,4
28387,efab75d3-b928-3ac3-8a05-b7d1d2e9b681,0.0003821138211382,0.024390243902439,2.0847457627118646,3,default,Normal,normal,61.0,59.0,3.0,F,0.5609142875185875,4
23960,e679215b-91ef-3fd3-950b-0e083df945d6,0.065207760230939,0.0123959925284428,70.10714285714286,23041,default,Normal,normal,99.0,84.0,73.0,F,0.560827520838158,4
11668,280fc64f-31ff-3c74-a654-8cd831063763,0.0001141304347826,0.0833333333333333,3.325301204819277,2,default,BingPreview/1.0b,bot,184.0,83.0,23.0,E,0.5606922196726876,4
959,1b83953c-383b-3cf9-bceb-cf4c30f09e6f,3.250270855904658e-05,0.0314192849404117,102.55555555555556,2,default,bingbot/2.0,bot,923.0,9.0,29.0,E,0.5606624064056913,4
6322,6ddcd29a-c04d-3e78-9d21-43dadf128067,0.0001259259259259,0.0074074074074074,135.0,2,default,outlier,outlier,122.0,1.0,1.0,E,0.5604619315203089,2
17685,dc3319f0-e234-3ffe-833a-795e6b78aeba,0.0001464646464646,0.101010101010101,2.571428571428572,2,default,BingPreview/1.0b,bot,179.0,77.0,20.0,E,0.560414980768647,4
12451,bef507f5-c7ce-37a8-90c5-8616aa85779d,0.0005384118786313,0.0374435119431891,1549.0,51,default,outlier,outlier,93.0,1.0,58.0,E,0.5602554650974092,5
15209,420d7e7c-4051-3d6e-8a9d-4ee6a38ddba3,3.322615219721329e-05,0.0278670953912111,103.66666666666669,2,default,bingbot/2.0,bot,933.0,9.0,26.0,E,0.5600593914568017,4
12889,8af2c42e-b9e9-388a-ae6d-70a461b7b9a6,0.0001515151515151,0.0808080808080808,2.6052631578947367,2,default,BingPreview/1.0b,bot,181.0,76.0,16.0,E,0.5600257841765238,4
9494,2d059e05-d0e6-3bb4-b200-dca2031a32de,0.0001153603034134,0.0347661188369153,1582.0,11,default,outlier,outlier,52.0,1.0,55.0,E,0.5600148583876693,5
29774,7d0e271c-6d59-36ff-8a7e-87418b233526,9.090909090909092e-05,0.0454545454545454,2.0,1,default,Normal,normal,22.0,22.0,2.0,F,0.5596933213647334,1
23169,7270b95c-b116-34c9-833c-5504536c1ef7,632.3497021276596,0.0212765957446808,47.0,1783227,default,outlier,outlier,1.0,1.0,1.0,F,0.5595482689290494,4
26119,996c3790-faeb-34e9-8b08-614b989e80ed,0.0104859114433582,0.0506037952846463,18.305263157894736,1095,default,Normal,normal,146.0,95.0,88.0,F,0.5592733522207664,4
25098,c9379931-db7a-3998-8cba-593e49a79cac,598.5612692307692,0.0384615384615384,26.0,933756,datacenter,outlier,outlier,1.0,1.0,1.0,F,0.5592630023463099,5
21738,03936e18-baff-3763-adc7-657897ffe42c,0.0003525179856115,0.0287769784172661,2.044117647058824,3,default,Normal,normal,69.0,68.0,4.0,F,0.5588966925860819,4
7824,7caaf56d-3726-353c-9e99-909d0137fbe3,0.0651426619828259,0.0464480874316939,2562.0,10014,default,outlier,outlier,2.0,1.0,119.0,E,0.5582691391829945,5
20085,1a313334-853e-34ff-b4a8-f55f9a588a7d,0.0594762967094255,0.0148726529094627,68.0886075949367,19196,default,Normal,normal,97.0,79.0,80.0,F,0.558025427248874,4
27391,4e5bb59f-1ee6-3bdf-88ae-d2b7d52ccddb,0.0001323076923076,0.0246153846153846,3.571428571428572,3,default,Normal,normal,93.0,91.0,8.0,F,0.5579461306222232,4
30595,6c38945e-dd7e-3df4-b301-820d8d53bc77,0.0623988712065137,0.0149888971132494,65.10843373493977,20233,default,Normal,normal,89.0,83.0,81.0,F,0.557945004795914,4
3398,29c4d323-4ea8-38b8-ab3d-f535ed6afcf6,0.0001470588235294,0.0073529411764705,136.0,2,default,outlier,outlier,128.0,1.0,1.0,E,0.557943119874359,2
24096,9ac04508-6a41-3695-af19-470d5a211695,0.0003223684210526,0.0263157894736842,2.0,2,default,Normal,normal,38.0,38.0,2.0,F,0.5578724785059322,3
13341,f17b89db-523b-3fd8-b675-fbbe178a72e9,3.023516237402016e-05,0.0291153415453527,99.22222222222224,2,default,bingbot/2.0,bot,893.0,9.0,26.0,E,0.5578095129866857,4
10445,de0d33c7-bf1d-3b53-8e85-fda80cb0144c,3.11804008908686e-05,0.0300668151447661,99.77777777777776,2,default,bingbot/2.0,bot,898.0,9.0,27.0,E,0.5577186782798006,4
24274,916141c9-084b-31db-ba34-4aa591b739f0,0.0001170212765957,0.0425531914893617,2.136363636363636,1,default,Normal,normal,45.0,44.0,4.0,F,0.5574524978848392,3
1220,0156fe29-b52d-3982-902b-f763106582e6,3.463203463203463e-05,0.0303030303030303,102.66666666666669,2,default,bingbot/2.0,bot,924.0,9.0,28.0,E,0.5573314717211089,4
34178,ea54ffd1-e16c-37bc-b93f-ae4d6206d9cf,0.0014179166666666,0.0008333333333333,300.0,103,default,Normal,normal,1.0,4.0,1.0,F,0.5570653215783762,1
26266,3040b914-fa15-3707-ac18-78239ede53da,0.00014,0.04,2.0,1,default,Normal,normal,25.0,25.0,2.0,F,0.5568739381779277,1
6423,8a25780f-338b-3474-8093-a77e26b841a5,3.215077605321508e-05,0.0299334811529933,100.22222222222224,2,default,bingbot/2.0,bot,902.0,9.0,27.0,E,0.5564503772465434,4
20829,18feb695-2bd1-30a9-ae82-d9f28fc68abe,0.0002666666666666,0.0333333333333333,2.967032967032967,5,default,Normal,normal,96.0,91.0,9.0,F,0.5553944415324769,4
19038,51f7e646-6d77-3eee-a393-c9080050b500,0.00016,0.04,2.0,1,default,Normal,normal,25.0,25.0,2.0,F,0.5548066224656,1
7272,575dcabe-049f-3b51-8486-825dd7f25d86,3.417861080485115e-05,0.0308710033076074,100.77777777777776,2,default,bingbot/2.0,bot,907.0,9.0,28.0,E,0.5543656860019939,4
7384,a0087dae-ccc6-34b0-a651-ebb62c44f8d5,0.00012109375,0.0859375,3.240506329113924,2,default,BingPreview/1.0b,bot,196.0,79.0,22.0,E,0.5541901480509651,4
1803,d755ddac-b533-3a6f-9bc1-5512e21d428c,3.571428571428571e-05,0.023469387755102,108.88888888888889,3,default,bingbot/2.0,bot,980.0,9.0,23.0,E,0.5541763898303059,4
2549,6d2ee258-843b-34e1-bb19-0437f946ac9d,3.934987168520103e-05,0.0402053036783575,1169.0,3,default,outlier,outlier,69.0,1.0,47.0,E,0.5538053273228167,4
5982,bd873697-8333-36ef-8962-5803abbb00d6,0.0001396648044692,0.0837988826815642,2.5211267605633805,2,default,BingPreview/1.0b,bot,166.0,71.0,15.0,E,0.5537076624697617,4
12341,84a8e080-d8bb-3f68-a102-f9dd28f61cbf,3.416856492027335e-05,0.0387243735763098,97.55555555555556,2,default,bingbot/2.0,bot,878.0,9.0,34.0,E,0.5535384937798571,4
6203,ffdb1b2e-be18-362f-8460-11841aa2e901,3.397508493771234e-05,0.0351075877689694,98.11111111111111,2,default,bingbot/2.0,bot,883.0,9.0,31.0,E,0.5531408318604303,4
11625,b76882ba-e900-3a6f-af48-c2ce9400062f,0.0001221374045801,0.0610687022900763,3.4025974025974026,2,default,BingPreview/1.0b,bot,197.0,77.0,16.0,E,0.5526209400791848,4
7543,752d136c-75ee-3018-b64d-0ccc153a2587,0.0001612903225806,0.0967741935483871,2.619718309859155,2,default,BingPreview/1.0b,bot,177.0,71.0,18.0,E,0.552427658806376,4
14092,a3e27423-13b3-3cc1-a01d-dbb68d716b94,2.9411764705882357e-05,0.0258823529411764,94.44444444444444,2,default,bingbot/2.0,bot,850.0,9.0,22.0,E,0.5518659303516332,4
2257,1f845710-8735-3b53-9933-1f8a78b35a0a,0.3740992857142857,0.0007142857142857,1400.0,31425,default,outlier,outlier,1.0,1.0,1.0,E,0.5517408950250778,3
9690,4303519f-6787-3d77-80eb-092aea1221d9,3.203661327231121e-05,0.0297482837528604,97.11111111111111,2,default,bingbot/2.0,bot,874.0,9.0,26.0,E,0.5515925938084232,4
10823,e00e65a0-0133-390e-a20a-e6f912858477,3.348729792147806e-05,0.0369515011547344,96.22222222222224,2,default,bingbot/2.0,bot,866.0,9.0,32.0,E,0.5515329964084112,4
8255,523ac095-08c0-3be1-a283-4245a0f975dc,0.000140625,0.0078125,128.0,2,default,outlier,outlier,124.0,1.0,1.0,E,0.5512606570065038,2
23035,f0b610bc-0af8-31b5-ab84-062f46277943,0.0717953872526102,0.0101293439301854,77.3132530120482,27643,default,Normal,normal,97.0,83.0,65.0,F,0.5511177960315524,4
19064,99c268a3-13ac-31c5-90b7-615a4c681c3f,0.0002022058823529,0.0367647058823529,2.1587301587301586,2,default,Normal,normal,66.0,63.0,5.0,F,0.5509096755625681,4
6393,46f26f2d-ccb1-346f-aa11-12d70a7e6332,3.235294117647059e-05,0.0376470588235294,94.44444444444444,2,default,bingbot/2.0,bot,850.0,9.0,32.0,E,0.5507486021981558,4
12417,5b1f59e5-e305-3ed9-86ce-6cd8e2b6de24,3.530751708428246e-05,0.0353075170842824,97.55555555555556,2,default,bingbot/2.0,bot,878.0,9.0,31.0,E,0.5506781468920527,4
27624,00875271-5d16-37eb-8be6-a93fd0605891,0.0707801348462423,0.0101956914981088,69.10227272727273,25825,default,Normal,normal,109.0,88.0,62.0,F,0.5503912030554632,4
31477,54a4ba7d-ec59-3874-9c8a-6789a675e1eb,0.0200304498269896,0.0657439446366782,15.706521739130435,1737,default,Normal,normal,143.0,92.0,95.0,F,0.5500481376216434,4
24300,f6f68d4e-75d3-3f2f-baa1-9b91e5134ccc,0.0004225352112676,0.0211267605633802,2.6296296296296298,4,default,Normal,normal,63.0,54.0,3.0,F,0.5496612385608027,3
625,38e4d2cb-205c-372b-94fa-71ef73299cf7,0.0001730769230769,0.1153846153846153,2.260869565217391,2,default,BingPreview/1.0b,bot,153.0,69.0,18.0,E,0.5491908737561384,4
22584,d13ebac5-e0a0-3f0a-ae83-58c1eab2f6fa,0.0002941176470588,0.0294117647058823,2.0,2,default,Normal,normal,34.0,34.0,2.0,F,0.5491067086973775,2
7545,79f568a2-dd18-3fd2-8fa5-046e0a8f48b5,0.0001259259259259,0.0481481481481481,3.176470588235294,3,default,BingPreview/1.0b,bot,193.0,85.0,13.0,E,0.5490137181711062,4
198,48a284ad-2034-35e7-8667-2751a8126e7c,3.278688524590164e-05,0.0339578454332552,94.88888888888889,2,default,bingbot/2.0,bot,854.0,9.0,29.0,E,0.5485416222362725,4
14147,2f40205e-567a-3169-9c61-21d86433d819,0.0001808510638297,0.101063829787234,2.473684210526316,3,default,BingPreview/1.0b,bot,178.0,76.0,19.0,E,0.548483274739559,4
78,172404e7-d9f2-314f-8cee-b1de1c8b64ab,0.0001439999999999,0.008,125.0,2,default,outlier,outlier,121.0,1.0,1.0,E,0.5484714573130717,2
27747,73c71793-86fb-30e0-bc40-8be2a1493284,0.0008104838709677,0.0241935483870967,2.066666666666667,7,default,Normal,normal,61.0,60.0,3.0,F,0.5478778058182504,3
6064,91908aff-c1ab-306f-b300-0faf3e3d1779,0.0001666666666666,0.0079365079365079,126.0,2,default,outlier,outlier,125.0,1.0,1.0,E,0.5476902551828281,2
4168,797760ba-d00c-3276-af7e-46918b4c75b2,0.000139344262295,0.0081967213114754,122.0,2,default,outlier,outlier,117.0,1.0,1.0,E,0.5471338434888229,2
21983,4335e56f-3d59-3e03-92fa-29b1def5b4cc,0.0653049953459509,0.0100837728824076,79.58024691358025,25258,default,Normal,normal,92.0,81.0,65.0,F,0.5467044124550828,4
16542,9ba944c5-675e-3542-967d-13235b483060,0.0001451612903225,0.0080645161290322,124.0,2,default,outlier,outlier,115.0,1.0,1.0,E,0.5465728949095119,2
16823,e9d628cd-2179-310e-b3b3-55ce775d2946,2.7777777777777776e-05,0.0304232804232804,84.0,2,default,bingbot/2.0,bot,756.0,9.0,23.0,E,0.546497433623858,4
2016,2bbf83fb-d5cc-3ff7-a94e-b49f4a8c67ac,3.3980582524271844e-05,0.0400485436893203,91.55555555555556,2,default,bingbot/2.0,bot,824.0,9.0,33.0,E,0.5462092631883501,4
25506,c9b0eba8-cfec-3dcb-b0cb-d2ceda74f455,0.0003229166666666,0.0416666666666666,2.0,1,default,Normal,normal,24.0,24.0,2.0,F,0.5460969220476798,1
7599,fb4971a8-d71d-3f6e-b69e-fd68bc1e2a7e,0.0001244635193133,0.055793991416309,3.1066666666666665,2,default,BingPreview/1.0b,bot,173.0,75.0,13.0,E,0.5459785094759237,4
28543,f05d6e8a-59e9-38c4-91af-64136aa35fd4,0.0010391822827938,0.004258943781942,15.447368421052632,74,default,Normal,normal,73.0,76.0,5.0,F,0.5458208331110896,4
14589,fad6be8a-3d22-3a6f-a41d-e2e0f20fc15d,3.787878787878788e-05,0.0349650349650349,95.33333333333331,2,default,bingbot/2.0,bot,858.0,9.0,30.0,E,0.545571085790976,4
21202,84e7af3e-296c-3275-bccd-d89b6616716d,711.3425405405405,0.027027027027027,37.0,1579181,default,outlier,outlier,1.0,1.0,1.0,F,0.5451413956704336,4
29424,0209747b-490d-3dd7-82d6-bc96c7eee1c6,515.0005384615384,0.0384615384615384,26.0,803401,datacenter,outlier,outlier,1.0,1.0,1.0,F,0.5448800191402937,5
2546,65aee66f-043f-3c44-875d-3b2e48492255,0.0001416666666666,0.0083333333333333,120.0,2,default,outlier,outlier,112.0,1.0,1.0,E,0.5447524224638094,2
12754,10d42a89-3a17-30a6-8e24-d214d5810bf9,0.0001297376093294,0.0422740524781341,1372.0,11,default,outlier,outlier,53.0,1.0,58.0,E,0.5437876547074545,5
3705,8dc84113-8e78-3b8a-b84e-e7ccca2716f9,3.3939393939393945e-05,0.0339393939393939,91.66666666666669,2,default,bingbot/2.0,bot,825.0,9.0,28.0,E,0.5433067875170643,4
4721,94ba0c7a-fc0a-391b-9c21-d41e772b299b,3.0013642564802184e-05,0.0409276944065484,81.44444444444444,2,default,bingbot/2.0,bot,733.0,9.0,30.0,E,0.5421497752096802,4
28679,d8d8d6e0-d800-3412-a22d-0bda5667f69a,867.11325,0.0833333333333333,12.0,624322,datacenter,outlier,outlier,1.0,1.0,1.0,F,0.5420107348558153,5
7052,f334dba4-819b-3c18-a965-3e53b6ce7878,3.636363636363637e-05,0.0327272727272727,91.66666666666669,2,default,bingbot/2.0,bot,825.0,9.0,27.0,E,0.5407894818502559,4
24331,57ad7809-bb07-3a3f-b6eb-7814eddd631a,0.00025,0.25,1.3333333333333333,1,default,AdsBot-Google,bot,3.0,3.0,1.0,F,0.5406938855012579,1
3269,aab84b37-0839-3cdb-bd6e-4fd92197559c,0.0001551724137931,0.0086206896551724,116.0,2,default,outlier,outlier,112.0,1.0,1.0,E,0.5403631373623242,2
33881,0c94da7d-6dd4-3c97-ae4b-4b83a8f83e85,0.0004864864864864,0.027027027027027,2.055555555555556,3,default,Normal,normal,36.0,36.0,2.0,F,0.5399694935792407,2
2809,768e8077-7fcf-361a-a83c-d88394afc7f9,0.0001709401709401,0.0085470085470085,117.0,2,default,outlier,outlier,108.0,1.0,1.0,E,0.539526786700414,2
4793,862c4c8a-6d8e-30b4-bd04-09c6b12dd152,0.0001890243902439,0.0670731707317073,2.6031746031746037,2,default,BingPreview/1.0b,bot,145.0,63.0,11.0,E,0.5393541571475604,4
3881,62d40a82-3b0a-36fb-9e80-8bd125eb1904,7.850911974623314e-05,0.0459952418715305,1261.0,6,default,outlier,outlier,34.0,1.0,58.0,E,0.5392185662791893,5
34222,78534c28-51df-39ef-a466-a3c87efa22a0,0.0004255319148936,0.0354609929078014,2.1044776119402986,4,default,Normal,normal,69.0,67.0,5.0,F,0.5389982899996998,4
33110,3a53c764-9209-38f3-9f7d-e220cb4292c2,0.0004285714285714,0.0384615384615384,2.333333333333333,5,default,Normal,normal,81.0,78.0,7.0,F,0.5386442292494344,4
21905,2dcdc722-f095-3062-9954-31168ae037db,0.0005416666666666,0.0277777777777777,2.0,3,default,Normal,normal,36.0,36.0,2.0,F,0.5386116670137142,2
6305,27bd68c6-bf41-3ff3-9090-33178e4c5dae,3.973105134474328e-05,0.0330073349633251,90.88888888888889,2,default,bingbot/2.0,bot,818.0,9.0,27.0,E,0.5381302280757828,4
3570,257f9dba-9655-3176-8d1f-2dd1b9ce99d5,3.7220843672456576e-05,0.0334987593052109,89.55555555555556,2,default,bingbot/2.0,bot,806.0,9.0,27.0,E,0.5380976651313225,4
132,8fba780d-8d5a-3de2-a2dd-d3c74e44d3d1,0.0001465517241379,0.0086206896551724,116.0,2,default,outlier,outlier,102.0,1.0,1.0,E,0.5380488905116468,2
26294,855d81cf-3b02-3833-a891-73a28dac230f,0.0792360449285228,0.0108917631041524,76.31168831168831,27936,default,Normal,normal,90.0,77.0,64.0,F,0.5375499903917508,4
8750,890cc4e1-a7cf-390b-a4c6-bd34943216bd,0.0001159322033898,0.0352542372881355,1475.0,11,default,outlier,outlier,35.0,1.0,52.0,E,0.5368712512160327,4
10448,e330faac-4c8b-303c-a851-697006bd715b,0.0001465517241379,0.0086206896551724,116.0,2,default,outlier,outlier,98.0,1.0,1.0,E,0.5364546497245617,2
30320,06354ae9-d75c-35ec-a666-979ba2865a3b,0.001625,0.001,250.0,98,default,Normal,normal,1.0,4.0,1.0,F,0.5360515495487378,1
23584,b453c690-4e21-340f-8414-48152b9a295e,0.0008157894736842,0.0263157894736842,2.0,4,default,Normal,normal,39.0,38.0,2.0,F,0.5355696433294738,3
28563,2e669ea0-9199-3ccf-b7ea-556e08c91c54,0.0004325396825396,0.0317460317460317,2.135593220338983,4,default,Normal,normal,60.0,59.0,4.0,F,0.5353259037746194,3
12629,9998f63b-fea6-3ef7-a69a-d5ad2fb92746,7.440273037542663e-05,0.0266211604095563,1465.0,7,default,outlier,outlier,33.0,1.0,39.0,E,0.5350575107833063,4
26163,214fdd04-9610-3dc8-bb03-1518e57c1f2d,0.0003333333333333,0.3333333333333333,1.0,1,default,AdsBot-Google,bot,3.0,3.0,1.0,F,0.534274757992748,1
17583,c38348c0-df27-3960-889a-bfc93a023912,4.079254079254079e-05,0.0349650349650349,95.33333333333331,3,default,bingbot/2.0,bot,858.0,9.0,30.0,E,0.5331696101821439,4
3518,72c85493-0542-39a9-ab39-c9eee3d673d1,3.903559127439724e-05,0.0275545350172215,96.77777777777776,3,default,bingbot/2.0,bot,871.0,9.0,24.0,E,0.5328924651788561,4
6955,b4ac6508-f2a9-3cb4-af68-394af6b537d0,0.0001619047619047,0.0095238095238095,105.0,2,default,outlier,outlier,102.0,1.0,1.0,E,0.5325961632893484,2
9104,bfa218d1-4ce8-3ac8-a99e-2a4d42d6ea4d,0.0002056074766355,0.0093457943925233,107.0,2,default,outlier,outlier,103.0,1.0,1.0,E,0.5316182953691884,2
25562,72473008-28e8-3077-ba94-05e121e876d1,0.0002746478873239,0.0422535211267605,2.1846153846153844,3,default,Normal,normal,68.0,65.0,6.0,F,0.5311422870349902,3
5439,7b7953f8-999a-3499-a683-2248a31b8640,0.0001681415929203,0.0088495575221238,113.0,2,default,outlier,outlier,94.0,1.0,1.0,E,0.5307628038677585,2
6810,f5b5c3d5-fa3e-3d51-be54-fdc66d3a4e25,9.372637944066516e-05,0.0355253212396069,1323.0,8,default,outlier,outlier,47.0,1.0,47.0,E,0.5305519334712165,4
18707,64489807-6752-3636-8e87-84309d764206,0.0,0.2222222222222222,4.5,0,default,Normal,normal,3.0,2.0,2.0,F,0.53050166949308,1
20606,8e5ea643-5a71-3bcc-9228-bc21bf840ed1,0.0012116200169635,0.008481764206955,11.909090909090908,86,default,Normal,normal,100.0,99.0,10.0,F,0.5298286590971462,4
25101,d89a631c-2704-3de2-b1ea-b298df1c1372,154.07152,0.01,200.0,1848859,default,outlier,outlier,1.0,1.0,2.0,F,0.5291037696404688,4
10349,cd9863b7-6cb1-3328-8b06-89ba744997a8,7.716371220020855e-05,0.0604796663190823,959.0,5,default,outlier,outlier,60.0,1.0,58.0,E,0.5289813541870779,5
17148,d92e867c-f583-3950-86b2-57c2119467b0,0.0002115384615384,0.0096153846153846,104.0,2,default,outlier,outlier,100.0,1.0,1.0,E,0.5289634316712238,1
30992,dbcc6553-f12b-3163-9471-3134058db862,0.0002378048780487,0.0365853658536585,2.102564102564102,2,default,Normal,normal,40.0,39.0,3.0,F,0.5287866127994157,3
23158,53c5bdf0-0bb7-39ee-b05b-5239ef7cac49,869.4806,0.1,10.0,521689,datacenter,outlier,outlier,1.0,1.0,1.0,F,0.5284687570182501,5
24944,b29699de-b481-3d6c-aad5-0cf1a8b41ba5,354.13027450980394,0.0196078431372549,102.0,2167278,default,outlier,outlier,1.0,1.0,2.0,F,0.5281804674745444,4
30434,711ef710-dae3-3348-9294-549efd135e55,0.0003736263736263,0.0329670329670329,2.022222222222222,3,default,Normal,normal,46.0,45.0,3.0,F,0.5281580411585038,3
5140,1c64cf42-c4ac-3803-832d-dfab0ce85f7d,3.75e-05,0.0347222222222222,80.0,2,default,bingbot/2.0,bot,720.0,9.0,25.0,E,0.5275360984302365,4
3708,916934c7-5d3e-3143-8899-01beacd313a8,4.424778761061947e-05,0.0429835651074589,87.88888888888889,3,default,bingbot/2.0,bot,791.0,9.0,34.0,E,0.5273478519714156,4
6518,94e55007-7e36-319b-aa2c-997429661b32,0.0001112185686653,0.0483558994197292,1034.0,7,default,outlier,outlier,82.0,1.0,50.0,E,0.5272863124953621,4
220,95c07fbc-91f7-3973-ad55-7a7bc13bdddb,4.1039671682626536e-05,0.0341997264021887,81.22222222222223,2,default,bingbot/2.0,bot,731.0,9.0,25.0,E,0.5268797103797075,4
24814,307e3641-b9d8-3db8-88bd-d5ab92b35c6d,0.0012088,0.0072,13.020833333333334,91,default,Normal,normal,92.0,96.0,9.0,F,0.5265895291812966,4
28240,13f55c15-a51f-3e8f-aab0-278e58ac8208,640.0271764705882,0.0588235294117647,17.0,652828,datacenter,outlier,outlier,1.0,1.0,1.0,F,0.5263027153808604,5
27188,e497aa3f-ffa0-3111-b5bd-2116ebb4f873,0.0011782573940847,0.008792965627498,12.76530612244898,89,default,Normal,normal,102.0,98.0,11.0,F,0.5262509797436594,4
14985,01e3a10e-5986-3418-ad61-084c10aab3d1,3.755215577190543e-05,0.0292072322670375,79.88888888888889,2,default,bingbot/2.0,bot,719.0,9.0,21.0,E,0.5259728820064105,4
4579,df31a341-e5a5-3b94-b0f6-7e0148fb498b,0.0002213740458015,0.0839694656488549,2.381818181818182,2,default,BingPreview/1.0b,bot,128.0,55.0,11.0,E,0.5255244004796048,3
25483,9487e160-e587-3ee5-863a-9073e0db100b,0.0007652173913043,0.0065217391304347,460.0,22,default,Python-requests,bot,216.0,1.0,3.0,F,0.5251463593037395,3
10533,efc757ee-bf49-3bf4-a8e5-44826b566dcd,0.0018,0.2,1.6666666666666667,1,default,FacebookExternalHit/1.1,bot,5.0,3.0,1.0,E,0.5247044191944775,1
19963,a82201c9-15f4-326c-80c8-d9d499ca9119,0.0079416183447548,0.0031628887717448,41.23913043478261,1808,default,Normal,normal,92.0,92.0,12.0,F,0.5245968190760351,4
17386,91d42150-621f-3c57-b6c6-65e361e161dc,4.023845007451565e-05,0.0432190760059612,74.55555555555556,2,default,bingbot/2.0,bot,671.0,9.0,29.0,E,0.5235520885712525,4
24353,ae57543e-c0c2-3027-8948-15009b890405,0.0604364615024572,0.0159138778375848,56.973333333333336,15495,default,Normal,normal,103.0,75.0,68.0,F,0.5230895749247886,4
4826,e628eb43-7c1c-33be-9b94-649f56da33e1,2333.6273333333334,1.0,3.0,420053,default,outlier,outlier,1.0,1.0,3.0,E,0.5225239602246774,4
8417,1f375925-11ca-3af2-80e8-dc696a1e3b9f,0.0001764705882352,0.0098039215686274,102.0,2,default,outlier,outlier,86.0,1.0,1.0,E,0.5223013366611222,1
34412,da87163f-6a24-39fc-a79f-1b05f00610de,944.4231428571428,0.1428571428571428,7.0,396658,datacenter,outlier,outlier,1.0,1.0,1.0,F,0.5219547657791171,5
20619,b13fa010-6638-3258-9748-a91d5a609ef6,0.00090538573508,0.0131004366812227,7.387096774193548,38,default,Normal,normal,97.0,93.0,9.0,F,0.5215965489861968,4
27356,f20ca115-a466-3352-88b1-1188b5e21ce7,0.0009234449760765,0.0047846889952153,15.48148148148148,47,default,Normal,normal,53.0,54.0,4.0,F,0.5211375363046172,3
7648,69deb9d9-de94-3f7d-b8c3-1a2864679c0b,0.0001774193548387,0.0273889227023737,1643.0,18,default,outlier,outlier,24.0,1.0,45.0,E,0.5210948998663706,4
28761,bb539da0-d247-32c7-a6a3-8f8426875e2a,0.0009228395061728,0.0141093474426807,11.690721649484535,63,default,Normal,normal,98.0,97.0,16.0,F,0.5197763779304139,4
12426,6ee0c8d7-5208-30bf-b0f0-59cb216013e9,0.0015748792270531,0.0193236714975845,6.21,59,default,Normal,normal,114.0,100.0,12.0,E,0.5195709867558921,4
18202,277e0f95-18bb-3aad-bfbc-78ccae491abb,0.0004259259259259,0.037037037037037,2.16,3,default,Normal,normal,52.0,50.0,4.0,F,0.5193853009336518,3
19380,761689c4-6270-301e-b3df-3ad30b976dfd,0.0719791524265208,0.0177717019822283,69.66666666666667,18955,default,Normal,normal,72.0,63.0,78.0,F,0.5191451179502657,4
24013,8500d692-66c5-3536-900e-94c2192c432f,0.000535294117647,0.0352941176470588,2.023809523809524,3,default,Normal,normal,44.0,42.0,3.0,F,0.5190738364433607,3
29053,6cb950b0-d572-3f05-9565-7c57988fad9b,0.0003523809523809,0.0380952380952381,2.142857142857143,3,default,Normal,normal,51.0,49.0,4.0,F,0.5184314075957427,3
22512,e29d4f0a-9700-33ec-96b7-1da2836551bd,0.0578880038387715,0.0028790786948176,62.023809523809526,18096,default,Normal,normal,84.0,84.0,15.0,F,0.5164166087956323,4
14362,91a7b72a-ff50-3ce8-ad68-d413bdf36ea9,0.001833230389129,0.0321185917232859,1619.0,179,default,outlier,outlier,68.0,1.0,52.0,E,0.5155033394699542,4
28299,dacbcc30-9a93-35f5-b735-10f3f4c544f9,0.0672210558499796,0.0124337545862209,69.09859154929578,19788,default,Normal,normal,90.0,71.0,61.0,F,0.5151763906649168,4
30304,e5816afa-96b8-3d0c-ba68-1030bdf6c579,957.5571666666666,0.1666666666666666,6.0,344721,datacenter,outlier,outlier,1.0,1.0,1.0,F,0.5151480706500179,5
30403,12bf1192-33e7-36c6-bda8-7510c2737fe6,0.0005714285714285,0.0329670329670329,2.1666666666666665,4,default,Normal,normal,43.0,42.0,3.0,F,0.5148194630930832,3
1667,4404eee2-8674-3270-bdd6-1e9972b891e9,0.0001752577319587,0.0103092783505154,97.0,2,default,outlier,outlier,90.0,1.0,1.0,E,0.5147466100385334,1
27142,570f6018-5b67-3cbd-9033-4f610173d790,0.0,1.0,3.0,0,default,outlier,outlier,2.0,1.0,3.0,F,0.5146637733718882,1
28645,5aff6163-6921-329e-96dc-fd6557ba26af,0.0,0.3529411764705882,4.25,0,default,Normal,normal,8.0,4.0,6.0,F,0.5142729892125508,1
29626,831f93f6-b8ec-3e66-8099-04b39a98b71f,5.208333333333333e-06,0.0416666666666666,19.2,1,default,Normal,normal,53.0,10.0,8.0,F,0.51365289671747,1
5122,fa9a1944-2900-3037-88ed-6c01f460369b,0.0018666666666666,0.1333333333333333,1.875,2,default,FacebookExternalHit/1.1,bot,15.0,8.0,2.0,E,0.5136219674146228,1
27291,1ea765da-f358-36a3-872c-7fef13efdd3a,0.0002490566037735,0.0188679245283018,4.274193548387097,4,default,Normal,normal,64.0,62.0,5.0,F,0.5130799065614393,3
7722,4e931213-e9ce-33e3-8ac5-556a56c327c9,0.56629125,0.0008333333333333,1200.0,40773,default,outlier,outlier,1.0,1.0,1.0,E,0.5126118464433297,3
28842,8897d6cb-a3cf-3ab1-884b-7bcbc1fa3a2a,0.0004375,0.0625,2.0,1,default,Normal,normal,16.0,16.0,2.0,F,0.5123501660495752,1
31835,d6a747f5-d2e2-3b14-b4ca-145a6f1ba07d,0.001,1.0,1.0,1,default,AdsBot-Google,bot,1.0,1.0,1.0,F,0.5120685268181272,1
30028,8112b6db-5bb9-38e1-ab42-01aa86d1eb9d,0.001,1.0,1.0,1,default,AdsBot-Google,bot,1.0,1.0,1.0,F,0.5120685268181272,1
34106,f5f22de0-0e20-32f3-aa8c-d06e14c79617,0.001,1.0,1.0,1,default,AdsBot-Google,bot,1.0,1.0,1.0,F,0.5120685268181272,1
29007,b79ff37d-479e-3852-9fc1-f98b2ce657b5,0.001,1.0,1.0,1,default,BingPreview/1.0b,bot,1.0,1.0,1.0,F,0.5120685268181272,1
23484,ad77c300-00f7-3cbf-bc40-af4ea4387b5e,658.2551428571428,0.0714285714285714,14.0,552935,datacenter,outlier,outlier,1.0,1.0,1.0,F,0.5119482433285214,5
22268,cbe28dd6-9023-3c09-b270-f72a53017de8,0.0598526397215238,0.0029007928833881,63.83950617283951,18570,default,Normal,normal,81.0,81.0,15.0,F,0.511928706308816,4
19495,e9dfabea-ecd1-3d2f-8114-8d2c4efe40b1,0.0614507924085306,0.0029348464097045,62.329268292682926,18845,default,Normal,normal,82.0,82.0,15.0,F,0.5118163802555167,4
20883,c914976a-e8ad-3afd-8369-3b91fcaa06dc,0.0011575682382133,0.0074441687344913,10.891891891891891,56,default,Normal,normal,75.0,74.0,6.0,F,0.5115080379330215,4
33978,412d62e0-bbad-39ea-a3d5-3a7b153aa030,0.064540687919463,0.011744966442953,63.57333333333333,18464,default,Normal,normal,98.0,75.0,56.0,F,0.5111718208444407,4
26130,be8ca619-fa4f-3bd4-af74-dac1a598442d,0.0764934827349645,0.0150926137662931,64.30882352941177,20071,default,Normal,normal,85.0,68.0,66.0,F,0.5107793825219724,4
11141,5c170a8f-84c6-3893-a261-643906725df4,0.0001935483870967,0.010752688172043,93.0,2,default,outlier,outlier,86.0,1.0,1.0,E,0.5104432471544887,1
25009,a6cd1f7b-71fd-310e-9a1d-54ed426b820a,0.0751444690265486,0.0143805309734513,64.57142857142857,20380,default,Normal,normal,80.0,70.0,65.0,F,0.5102605643408203,4
6818,05e15d34-8d9a-399c-9e83-cb81e99f8396,4.230118443316413e-05,0.0423011844331641,65.66666666666667,2,default,bingbot/2.0,bot,591.0,9.0,25.0,E,0.510101165752863,4
23569,8660b488-3a8a-369f-8aa2-572eb1e3423b,0.0006967213114754,0.040983606557377,2.1403508771929824,6,default,Normal,normal,58.0,57.0,5.0,F,0.5098065966636562,3
18684,1c3720f1-7f08-35e8-b751-f0d90ee39706,0.0006309523809523,0.0357142857142857,2.1,4,default,Normal,normal,41.0,40.0,3.0,F,0.5096455819429325,3
19435,49863ac7-7c02-3a66-bbb4-bb34c128c54b,0.0070820833333333,0.0008333333333333,200.0,510,default,Normal,normal,1.0,6.0,1.0,F,0.5091089839487634,1
20954,9c87a585-d4b3-368c-a0da-6717b7c4012e,0.0628967236467236,0.0147198480531813,56.91891891891892,15896,default,Normal,normal,95.0,74.0,62.0,F,0.5086956625389422,4
10388,2eac8cf8-9004-3c6a-b793-bff81a94fded,59.70324,0.005,200.0,716439,default,outlier,outlier,1.0,1.0,1.0,E,0.5083950832272793,4
12721,ba23defb-7f65-36fb-8255-93a4fd4f2f55,59.698615,0.005,200.0,716384,default,outlier,outlier,1.0,1.0,1.0,E,0.5079278250182618,4
20334,5b909d47-b6ce-36ef-b5e4-6ea7b51b9883,705.8597931034483,0.0344827586206896,29.0,1228197,default,outlier,outlier,1.0,1.0,1.0,F,0.507649890703263,4
24114,bf554be8-cb29-380a-8b0a-21e63428d613,0.0002125984251968,0.0472440944881889,2.54,2,default,Normal,normal,51.0,50.0,6.0,F,0.5072417560151521,3
25073,66167952-eeaa-34d3-92b8-78930c2c4b7c,0.0004871794871794,0.0427350427350427,2.207547169811321,4,default,Normal,normal,55.0,53.0,5.0,F,0.5070188139675014,3
32852,3c1d272a-ab46-3ba9-9c1c-a9cc3071bd29,0.0468966836734693,0.0293367346938775,784.0,2207,private_ip,outlier,outlier,33.0,1.0,23.0,F,0.5066096485567574,5
20109,545e3c52-849a-3b91-b756-589d2d4556d1,0.0015951882845188,0.0059274755927475,42.1764705882353,275,default,Normal,normal,73.0,68.0,17.0,F,0.5060368430686533,4
20488,12ba455f-4ede-352c-ad79-059854f98425,0.0012798573975044,0.017825311942959,11.810526315789474,87,default,Normal,normal,97.0,95.0,20.0,F,0.5055261656826692,4
30902,cdad071c-7273-39cd-970e-f676315e7dd8,0.0020417780748663,0.0200534759358288,15.26530612244898,184,default,Normal,normal,102.0,98.0,30.0,F,0.5052016382905121,4
27799,41e6512f-dd35-3309-aa62-b061d4e5c99b,0.0025788625036646,0.0055702140134857,44.88157894736842,528,default,Normal,normal,72.0,76.0,19.0,F,0.5050762297668255,4
2938,b6598e43-1e3c-3a6c-a61a-63973e6cffac,0.0005616515837104,0.0599547511312217,884.0,30,default,outlier,outlier,120.0,1.0,53.0,E,0.5050030295076663,4
18464,6ef83c6c-161c-32df-a512-f340cbbb0cb8,0.0601590812420246,0.0123351765206295,66.22535211267606,16973,default,Normal,normal,87.0,71.0,58.0,F,0.5049621270819681,4
23142,253acb2d-98dd-3cc9-805f-3879cb7a6b60,0.002319514661274,0.0101112234580384,10.091836734693878,138,default,Normal,normal,105.0,98.0,10.0,F,0.5046064483062617,4
24167,4fa99067-a8fb-3cf4-a221-f32433320ea7,0.0906253323664491,0.0181290790427846,72.57894736842105,22496,default,Normal,normal,67.0,57.0,75.0,F,0.504527459996015,4
3305,264731a1-7927-390e-be98-7d38dc0f9839,0.003875,0.1666666666666666,3.0,3,private_ip,bingbot/2.0;unknown,bot,6.0,4.0,2.0,E,0.504377407078623,4
30558,ffc77b29-b592-367a-8bd6-19532e9dd709,0.4541312417145382,0.0057445868316394,1131.5,123324,default,Normal,normal,29.0,4.0,26.0,F,0.5031892599255987,4
3076,3a3e1638-3de9-3576-b5e9-184118b1972c,0.0019230769230769,0.1538461538461538,1.8571428571428568,2,default,FacebookExternalHit/1.1,bot,13.0,7.0,2.0,E,0.5029597498925591,1
29648,d313b650-4439-3288-8b00-8b44e71bf596,0.0648573790822654,0.0031004547333608,60.475,18827,default,Normal,normal,80.0,80.0,15.0,F,0.5029175420798263,4
22576,b3a076f2-be14-39b0-a828-2738260d946b,0.0025196779964221,0.0062611806797853,13.152941176470588,170,default,Normal,normal,84.0,85.0,7.0,F,0.5023742991055964,4
10946,42f6c428-e470-338b-94f0-049b135b5309,0.0002196589769307,0.0591775325977933,997.0,14,default,outlier,outlier,52.0,1.0,59.0,E,0.5023318905219164,5
30245,1a71a512-0794-3d7b-96af-5364ced53daf,0.0007692307692307,0.0384615384615384,2.0526315789473686,4,default,Normal,normal,39.0,38.0,3.0,F,0.5021509111597856,2
19288,5343a853-5566-3746-abdb-6765592f855e,0.0019103972950126,0.0109890109890109,12.195876288659791,136,default,Normal,normal,97.0,97.0,13.0,F,0.5018760207226999,4
27757,af82edc1-f924-313d-9c8b-4239350bbe1d,0.0017684824902723,0.0097276264591439,11.173913043478262,110,default,Normal,normal,93.0,92.0,10.0,F,0.5017828284343298,4
34308,a6d43719-2b50-3aed-a218-12ed94de5176,0.0974652850831054,0.0126236061434883,74.265625,27796,default,Normal,normal,74.0,64.0,60.0,F,0.5016658720646331,4
27992,764e9d31-3f3c-30ae-a57f-7df204b6e467,0.1289315835712716,0.0142763013397759,78.5,35222,default,Normal,normal,70.0,58.0,65.0,F,0.5015462286524172,4
19484,d50322fc-0d4a-37c8-959b-c6b6d0859bc1,0.0013686553873552,0.0151380231522707,12.075268817204302,93,default,Normal,normal,96.0,93.0,17.0,F,0.5011392201575001,4
16017,758b78d8-87a2-31f3-8d6e-81a0f991134f,0.0002261904761904,0.0119047619047619,84.0,2,default,outlier,outlier,81.0,1.0,1.0,E,0.5011192386720177,1
32894,bb8700cd-dd50-3c87-9485-2347783141a1,0.0587786008230452,0.0030864197530864,62.30769230769231,17140,default,Normal,normal,78.0,78.0,15.0,F,0.5010352185879092,4
5431,5f5ef9ac-e45a-3930-a1e8-8e51dff7cb22,6.451612903225807e-05,0.032258064516129,11.625,1,default,YandexBot/3.0,bot,93.0,8.0,3.0,E,0.5001109367065868,1
29570,b6c54cef-00d4-30de-bf7a-26d7677792e2,0.002452707856598,0.0068649885583524,14.566666666666666,193,default,Normal,normal,91.0,90.0,9.0,F,0.499561139564737,4
19869,930d527c-b67e-35ae-a781-0d0d1f6a6dd6,0.0710232831608654,0.0145813734713076,60.74285714285714,18120,default,Normal,normal,79.0,70.0,62.0,F,0.4994556980494905,4
20787,86870d3c-4684-36ec-8551-1e28a7883bfd,0.6827670722622299,0.0067047429848522,1006.75,164971,default,Normal,normal,31.0,4.0,27.0,F,0.4994450443153595,4
23488,b3c09466-2279-30a8-9686-3c33e63cd266,0.0993152639087018,0.0073109843081312,1121.6,33418,default,Normal,normal,29.0,5.0,41.0,F,0.49931270810435435,4
29468,934292b0-36ac-3b1a-99e6-091c09d36730,0.0161039084842707,0.0714966634890371,12.488095238095235,1014,default,Normal,normal,119.0,84.0,75.0,F,0.4990015428900689,4
21024,74d9bcf8-45a7-3934-be1d-a9edc7e7740f,0.068244688827793,0.0152461884528867,54.80821917808219,16383,default,Normal,normal,87.0,73.0,61.0,F,0.4989425497016957,4
21498,31d37566-3715-33b4-997a-50900745b032,0.0002269503546099,0.0283687943262411,4.0285714285714285,4,default,Normal,normal,71.0,70.0,8.0,F,0.49854279565861603,3
24370,f6fdcb2c-8267-311a-8efc-6a8030be8065,0.1120540765391015,0.0124792013311148,78.81967213114754,32326,default,Normal,normal,70.0,61.0,60.0,F,0.498391944256352,4
32898,cb21795c-d469-3637-b13a-a3dedd8ce0ab,0.0016848708487084,0.0088560885608856,14.89010989010989,137,default,Normal,normal,92.0,91.0,12.0,F,0.498289999498037,4
19957,95391fca-f291-34ae-81e6-870015e9d886,0.0482444774851316,0.0031860662701784,58.85,13629,default,Normal,normal,80.0,80.0,15.0,F,0.4980209071649928,4
14073,7f4bfde3-6e6e-3d32-ae9b-477afd4b1b7a,2103.6923333333334,1.0,3.0,378665,default,outlier,outlier,1.0,1.0,3.0,E,0.49767503612764763,4
19584,0abdf1d6-5195-31ea-b5cf-b6496df7d990,0.4105967677573823,0.0075818036711891,835.3333333333334,123475,default,Normal,normal,31.0,6.0,38.0,F,0.49701067447145253,4
20878,b0c22af4-341d-3219-af22-1499ff5657fe,0.0062615789473684,0.0705263157894736,11.585365853658535,357,default,Normal,normal,101.0,82.0,67.0,F,0.49683789689844904,4
19596,53c26c4c-7981-3a23-8ab9-64d1840d70b6,0.0934595816845675,0.0214810627473148,59.96610169491525,19840,default,Normal,normal,69.0,59.0,76.0,F,0.49635705191147095,4
25674,a0069b44-15bb-3cf0-bd90-6fd6dc2f84dd,0.0123979475484606,0.072976054732041,9.853932584269662,653,default,Normal,normal,135.0,89.0,64.0,F,0.49625986746852657,4
29403,cbf2c92e-7707-35ad-bfc7-fa0050ac9633,0.0052343207899653,0.006938884440886,46.8375,1177,default,Normal,normal,78.0,80.0,26.0,F,0.49619039516287655,4
24455,d694b502-023f-364b-b829-ecbeb434cc2d,0.0004732142857142,0.0446428571428571,2.333333333333333,4,default,Normal,normal,50.0,48.0,5.0,F,0.49607757115231965,3
22713,428598a0-273d-302b-8ece-a906ac6c5dc3,0.0864875835721108,0.0162368672397325,72.20689655172414,21733,default,Normal,normal,70.0,58.0,68.0,F,0.49564168421992616,4
19247,dc3c2cbc-775a-3f5b-96d2-8b9423bde775,0.0730070213340534,0.0178233864434242,57.859375,16221,default,Normal,normal,83.0,64.0,66.0,F,0.4953468071817342,4
33778,ceaf17ef-e827-35e3-a11f-c3a6ca3ad409,0.0,0.0779220779220779,154.0,0,default,outlier,outlier,3.0,1.0,12.0,F,0.4948410633532979,1
6808,f057e76e-8f5b-3027-8ee4-22d8dfc632b4,0.00025,0.0125,80.0,2,default,outlier,outlier,76.0,1.0,1.0,E,0.49471779534722804,1
23963,ebc5dc24-df39-365d-80ee-0b5cee69812a,0.0014807692307692,0.0384615384615384,2.0,5,default,Normal,normal,26.0,26.0,2.0,F,0.4946034774147554,1
27849,c0680f71-f214-3fbd-98c6-c665512b885b,0.0009782608695652,0.0434782608695652,2.0,3,default,Normal,normal,23.0,23.0,2.0,F,0.49455643528662163,1
19234,a9b13ade-ccfb-3069-b8c0-7e811c1847fe,0.0,0.3,5.0,0,default,Normal,normal,3.0,2.0,3.0,F,0.49428978180721783,1
29044,42de59d0-ec83-3975-9b31-9886189f6ba8,0.109230975828111,0.0132050134288272,74.46666666666667,29283,default,Normal,normal,75.0,60.0,59.0,F,0.49423373645429913,4
20055,caf2908a-729a-3e85-8de7-9af933556434,0.0755583789704271,0.0032858707557502,60.86666666666667,20696,default,Normal,normal,75.0,75.0,15.0,F,0.49408689396549765,4
30015,510f7c41-11ad-3256-ba10-cf720057383a,0.8832715842414082,0.0075440067057837,1193.0,189674,default,Normal,normal,27.0,3.0,27.0,F,0.4935871916483786,4
27638,262094e9-9242-3265-80d8-58c92a1320fe,0.017101409978308,0.0737527114967462,10.359550561797754,947,default,Normal,normal,117.0,89.0,68.0,F,0.49317467148831173,4
16450,7e7ed3e7-c0d6-36ce-b3a1-97dcff125d75,0.000225,0.0125,80.0,2,default,outlier,outlier,73.0,1.0,1.0,E,0.49305661546963764,1
7015,86cd1e67-9541-38d4-9ef0-a9178c222ef5,7.904761904761905e-05,0.04,1050.0,5,default,outlier,outlier,28.0,1.0,42.0,E,0.4926086437405115,3
17064,ca27c132-9e37-37cf-a58e-35d5485de6b8,0.0003076923076923,0.0128205128205128,78.0,2,default,outlier,outlier,77.0,1.0,1.0,E,0.4924898426640647,1
18965,61bc1e4c-adf9-3b8e-bb9b-b18ab94d555b,0.0007894736842105,0.0526315789473684,2.0,2,default,Normal,normal,19.0,19.0,2.0,F,0.49247338033167865,1
27200,08a24527-18df-3c74-8dcf-984e9fb60224,0.0089272340425531,0.0391489361702127,11.989795918367347,630,default,Normal,normal,152.0,98.0,46.0,F,0.49222884154386914,4
33561,f008080b-b14a-3a09-9a76-0485c1900516,0.0024275862068965,0.0068965517241379,9.508196721311476,85,default,Normal,normal,58.0,61.0,4.0,F,0.49194776934446627,3
20371,be2e3411-cc5c-3429-99be-24cc2f733609,0.0021257208765859,0.0092272202998846,10.081395348837209,111,default,Normal,normal,84.0,86.0,8.0,F,0.4917145145349433,4
8023,a7dd062b-db11-37ce-8eef-3ea0d5c0cf10,0.0002222222222222,0.0123456790123456,81.0,2,default,outlier,outlier,70.0,1.0,1.0,E,0.491686553530268,1
9927,1970863f-21e6-3a26-8cb9-d05f98d587ca,59.66189944134079,0.0055865921787709,179.0,640769,default,outlier,outlier,1.0,1.0,1.0,E,0.4916075842928813,3
23938,9cddfef1-7135-3726-958a-5ba29d8cc88b,0.095313865455332,0.0127622755786285,75.78688524590164,26439,default,Normal,normal,69.0,61.0,59.0,F,0.49130142605067784,4
34285,55ea367a-7339-3cff-850f-66a316eda244,0.0005945945945945,0.045045045045045,2.4130434782608696,4,default,Normal,normal,49.0,46.0,5.0,F,0.491159387985603,3
33891,2d4f5431-a053-3353-b05d-e0a0e0273ebd,0.0135307692307692,0.0384615384615384,390.0,317,private_ip,outlier,outlier,55.0,1.0,15.0,F,0.49113907214155095,5
33764,ad2ef72f-872f-3e4c-b629-72844e5c73ee,0.0015,0.04,2.0,5,default,Normal,normal,25.0,25.0,2.0,F,0.4908694709762177,1
18382,79ef6537-de17-38bb-accc-f2ad28b3ef80,0.074985493898227,0.0131245682707805,66.81538461538462,19540,default,Normal,normal,76.0,65.0,57.0,F,0.49031762375961374,4
30599,73529478-f49a-32ea-be63-637775556432,0.2531058367196158,0.0066494274104174,676.75,82219,default,Normal,normal,32.0,8.0,36.0,F,0.49000977347715957,4
25393,794f3ec2-ff34-33c5-a780-f50b301a5080,0.0006486486486486,0.045045045045045,2.3617021276595747,5,default,Normal,normal,48.0,47.0,5.0,F,0.48959262245578816,3
12178,c87b302b-331b-333d-b6f5-587e8522d842,0.006125,0.25,2.6666666666666665,3,private_ip,FacebookExternalHit/1.1;unknown,bot,4.0,3.0,2.0,E,0.4891114822044881,4
20002,244f38bb-fd40-3acb-8d7c-4151a3d0e133,0.0143331626120358,0.0099871959026888,229.7058823529412,3359,default,Normal,normal,177.0,17.0,39.0,F,0.48898469136154465,4
18470,7e5054c1-1dba-3cea-aba8-ff8688d74a8f,0.0285883989726027,0.0055650684931506,55.61904761904762,8014,default,Normal,normal,86.0,84.0,26.0,F,0.4889008903142089,4
28425,81a83e57-3aee-34c6-9659-0b45cd366119,0.00146875,0.0416666666666666,2.0,5,default,Normal,normal,24.0,24.0,2.0,F,0.4879537189443649,1
5893,d7b8550b-d935-3254-ac61-c4252ac47fbb,7.657142857142857e-05,0.0548571428571428,875.0,5,default,outlier,outlier,33.0,1.0,48.0,E,0.4877844021842813,3
10710,df6d1b72-c0c3-39aa-8c54-3657ecccef16,0.003,0.1818181818181818,3.142857142857143,4,private_ip,Googlebot/2.1;unknown,bot,7.0,7.0,4.0,E,0.48749570327776015,4
16081,22327ffd-cad2-3f91-9c17-1dec520a54eb,1483.9342,0.2,5.0,445181,default,BingPreview/1.0b;unknown,bot,1.0,1.0,1.0,E,0.48733195469429613,4
21383,e196d5ef-7d62-37dc-a77d-8b17229511ed,0.0124794117647058,0.088235294117647,7.555555555555555,510,default,Normal,normal,114.0,90.0,60.0,F,0.487131671265275,4
30986,c8d87647-ee37-3146-9c19-4a823f4ae5d7,14.46439,0.005,200.0,173573,datacenter,outlier,outlier,1.0,1.0,1.0,F,0.4867811333469113,4
23396,be432c29-5d42-307c-8bbb-bff6f84202f1,0.0007272727272727,0.0108225108225108,12.0,41,default,Normal,normal,78.0,77.0,10.0,F,0.48677543207600915,3
24840,757ed3db-ea75-38f1-9d9f-ff27832f6b10,0.0018463901689708,0.0092165898617511,9.434782608695652,73,default,Normal,normal,71.0,69.0,6.0,F,0.4862372735057685,3
28812,454f403e-8b66-39b7-ab86-29bb76ed779e,0.0006089613034623,0.010183299389002,245.5,18,default,Python-requests,bot,240.0,2.0,5.0,F,0.48594625288941373,3
29493,e4763a15-973e-38c7-8be4-9c64bdd31b8d,0.002520856820744,0.0146561443066516,9.53763440860215,135,default,Normal,normal,94.0,93.0,13.0,F,0.48590966172354855,4
34392,89f32db0-c113-3ad9-bf78-3621c4e15d7c,0.0005677966101694,0.0423728813559322,2.6222222222222222,5,default,Normal,normal,48.0,45.0,5.0,F,0.48586854755178066,3
8893,10868008-a377-3c13-aef7-ea5cb58688da,0.0006999241274658,0.0386949924127465,1318.0,56,default,outlier,outlier,30.0,1.0,51.0,E,0.4853342056294029,4
13894,ba176141-b5d9-31b5-a55a-0905f7f5ef91,0.0282707112970711,0.0234309623430962,1195.0,2028,private_ip,outlier,outlier,1.0,1.0,28.0,E,0.48519401344892943,5
2162,0721e091-4c71-3b5d-b1de-fc5db80273ab,0.0001108695652173,0.0510869565217391,920.0,7,default,outlier,outlier,42.0,1.0,47.0,E,0.48435829367590744,3
3557,eee6ef46-0047-3890-a588-84963f3413df,0.0065,0.3333333333333333,2.0,3,private_ip,Googlebot/2.1;unknown,bot,3.0,3.0,2.0,E,0.483515998219348,4
4574,d05f481c-66af-3f1b-87b9-8b791499729a,0.0065,0.3333333333333333,2.0,3,private_ip,Googlebot/2.1;unknown,bot,3.0,3.0,2.0,E,0.483515998219348,4
19758,55c45eba-c89e-32ed-b033-0961da0ee0b9,0.0030045719035743,0.0182876142975893,12.663157894736845,217,default,Normal,normal,98.0,95.0,22.0,F,0.4833522691017057,4
18305,7990e260-f090-37c4-9645-2e360f31ae85,0.0035630936227951,0.0284938941655359,16.377777777777776,316,default,Normal,normal,95.0,90.0,42.0,F,0.4832112625297301,4
7600,fb676711-5846-37cd-9251-88c3e1e47817,0.0066666666666666,0.3333333333333333,2.0,3,private_ip,Python-requests;unknown,bot,3.0,3.0,2.0,E,0.483192651919896,4
20732,fe144363-a97e-364c-93f2-4f7fe4b0e352,418.547963963964,0.063063063063063,111.0,2787530,default,outlier,outlier,1.0,1.0,7.0,F,0.4831699058540895,4
31639,715b9ffe-bd17-39eb-a29a-4b3de586ca2a,0.0926070782743477,0.0154998708344097,66.74137931034483,21509,default,Normal,normal,77.0,58.0,60.0,F,0.4831471796467258,4
13712,a5fbad1f-8657-34d8-a6f8-65696af4fe6a,0.7357509999999999,0.001,1000.0,44146,default,outlier,outlier,1.0,1.0,1.0,E,0.48303988758000194,3
24272,8dbd6445-720e-3a30-bed6-ca4d1649f452,0.3760477329687856,0.0061517429938482,877.8,99029,default,Normal,normal,31.0,5.0,27.0,F,0.48279692006472474,4
2888,2b8e63a7-ffe7-30e2-befb-7f2dc11babaa,0.0071666666666666,0.3333333333333333,2.0,3,private_ip,Python-requests;unknown,bot,3.0,3.0,2.0,E,0.48253041455392653,4
25388,743171e5-a58e-385a-b830-a87320677089,0.0770346701164294,0.015006468305304,58.56060606060606,17865,default,Normal,normal,75.0,66.0,58.0,F,0.4821801091214797,4
26229,c9ce2a47-4a8f-3b57-a917-5bc54a44ae1a,0.0023858574610244,0.0111358574610244,9.868131868131869,129,default,Normal,normal,85.0,91.0,10.0,F,0.4820960029841914,4
19694,94a7e546-e1ff-3aa8-bf46-e0e73ef91bd6,0.0894280335939762,0.0191138140747176,56.60655737704918,18528,default,Normal,normal,71.0,61.0,66.0,F,0.48208244242561793,4
8759,b620ccf2-ed43-3c91-9f3d-fb4056ad5201,0.666979,0.001,1000.0,40019,default,outlier,outlier,1.0,1.0,1.0,E,0.4820581499097838,3
22360,de4465b6-7817-312c-9e37-b9f3932bc7a4,0.0015167464114832,0.0095693779904306,11.452054794520548,77,default,Normal,normal,74.0,73.0,8.0,F,0.48203283644718553,3
10151,afc7b63b-a7c7-30e6-a8c4-57b55dba893d,0.007,1.0,1.0,1,default,FacebookExternalHit/1.1,bot,1.0,1.0,1.0,E,0.48183633701824446,1
30404,1407671c-10f5-318e-8f7f-1fa8991a75fd,0.0037510148849797,0.0081190798376184,16.24175824175824,333,default,Normal,normal,94.0,91.0,12.0,F,0.48175692693386685,4
16146,cf48f093-453a-31b8-93e1-28a019933cf7,0.01,1.0,1.0,1,default,outlier,outlier,2.0,1.0,1.0,E,0.4817200020555453,1
4017,0822f686-7de4-3789-ba2c-ad6faec21f89,0.0002163375224416,0.03770197486535,1114.0,15,default,outlier,outlier,40.0,1.0,42.0,E,0.48159428052233033,3
33115,44396376-ff1d-3e5d-8431-ad1624f2d159,9.667325,0.005,400.0,232016,datacenter,outlier,outlier,1.0,1.0,2.0,F,0.48133344332939043,5
8668,c5678a64-58be-3d9a-8944-b1a7fb792a33,9.523809523809524e-05,0.0317460317460317,12.6,1,default,YandexBot/3.0,bot,63.0,5.0,2.0,E,0.481185247216232,1
32561,b80b7677-fc4a-3054-bd82-5eca6d08d1d2,0.0885622401247401,0.0148128898128898,63.08196721311475,20448,default,Normal,normal,78.0,61.0,57.0,F,0.48114245274552236,4
30023,6e56effd-4ac3-34d6-8ea3-401b007f2298,0.3366896955503513,0.0124121779859484,474.44444444444446,86260,default,Normal,normal,48.0,9.0,53.0,F,0.48088655448540285,4
17192,35376e9e-ea1d-3025-89fd-6548e436d21f,0.005,0.2,1.6666666666666667,2,default,FacebookExternalHit/1.1,bot,5.0,3.0,1.0,E,0.48070540850646193,1
31600,eaa8fa85-01ea-32c4-aad2-14dcddc1431b,0.0843225039619651,0.0202852614896988,47.08955223880597,15963,default,Normal,normal,78.0,67.0,64.0,F,0.4805725516689613,4
3950,4f60c2e6-2e56-36bf-8836-f56770f6c21a,35.565704918032786,0.3333333333333333,183.0,390512,private_ip,outlier,outlier,1.0,1.0,61.0,E,0.4804843858490192,5
32206,4c7c9c0f-97c5-3f43-8be4-503cdef24967,0.0897332552693208,0.0121779859484777,70.0,22990,default,Normal,normal,75.0,61.0,52.0,F,0.48008576400131087,4
19826,2464cf06-719b-33d1-9137-72b6cf3b3fc9,684.291,0.125,8.0,328460,datacenter,outlier,outlier,1.0,1.0,1.0,F,0.4799139002815437,5
32959,6a912b81-d92e-3029-905f-e386dce971b8,0.0006078431372549,0.0490196078431372,2.4878048780487805,4,default,Normal,normal,43.0,41.0,5.0,F,0.4798849358534879,3
11533,cba3aed4-f0d6-3e5c-8dd3-f64560c589c9,7.894736842105263e-05,0.0394736842105263,10.857142857142858,1,default,YandexBot/3.0,bot,76.0,7.0,3.0,E,0.47965744546602285,1
22028,cceaf493-8c70-3a1a-b74a-8b0ea751e319,0.1238858156028368,0.0411347517730496,705.0,5241,private_ip,outlier,outlier,28.0,1.0,29.0,F,0.4795727455738755,5
30816,c5b96c8f-b589-385f-9ef4-1aec6c16a758,0.0188475967174677,0.0679953106682297,9.271739130434783,965,default,Normal,normal,115.0,92.0,58.0,F,0.4795558824950893,4
33499,1bceea5b-3d63-3ab1-a5de-4b5e0ede90b0,533.12364,0.04,50.0,1599371,default,outlier,outlier,1.0,1.0,2.0,F,0.47954147330192565,4
6184,b8f2d56c-b6df-38b0-b2af-b017d5757a20,8.333333333333333e-05,0.0416666666666666,9.0,1,default,YandexBot/3.0,bot,72.0,8.0,3.0,E,0.479526697560107,1
7709,214e64c6-49b7-3bd8-b4d6-dda300f6dbcf,0.0020110497237569,0.0283149171270718,1448.0,175,default,outlier,outlier,57.0,1.0,41.0,E,0.47944054533880176,4
11380,f6fe715c-2667-303d-a159-2d794705e572,0.0249920382165605,0.2197452229299363,314.0,471,private_ip,outlier,outlier,10.0,1.0,69.0,E,0.4793359234683331,5
27915,6f2cb61c-b526-3d9a-94b5-bed537ab09ef,0.0030606312292358,0.0930232558139534,8.72463768115942,111,default,Normal,normal,94.0,69.0,56.0,F,0.47931154528619013,4
24625,fc7c869e-bd8d-30b3-9f77-2a48ffe99167,779.2886666666666,0.1666666666666666,6.0,280544,datacenter,outlier,outlier,1.0,1.0,1.0,F,0.4787339895237771,5
15774,dd4ce4ae-ca11-3445-bb23-3412656f5fd5,0.0002785714285714,0.0142857142857142,70.0,2,default,outlier,outlier,66.0,1.0,1.0,E,0.4787124239664653,1
29031,0160c0b5-8d6c-3157-838f-0665fa143780,0.0026310827250608,0.0212895377128953,19.571428571428573,260,default,Normal,normal,85.0,84.0,35.0,F,0.4786959814336046,4
3478,e5d74067-c7c9-3594-9a03-46cf4ef4852d,49.627404040404045,0.0757575757575757,198.0,589574,private_ip,outlier,outlier,1.0,1.0,15.0,E,0.47862041381517606,5
21665,12e1f8b0-3693-3df6-abc7-ee53bf07e9de,0.0076952714535901,0.1225919439579684,8.157142857142857,264,default,Normal,normal,89.0,70.0,70.0,F,0.47849512073562583,4
16854,4a172b2a-3954-3a47-9f7f-cbb9ade74608,8.571428571428571e-05,0.0428571428571428,8.75,1,default,YandexBot/3.0,bot,70.0,8.0,3.0,E,0.4784534941081199,1
32963,6e519370-1fbe-35b1-8ba8-dabe0246c846,0.0916027197668771,0.0131131617289946,67.50819672131148,22634,default,Normal,normal,73.0,61.0,54.0,F,0.4781647367485432,4
23748,70f8c3ac-d900-3457-b2c8-feb800599f92,0.105388135203495,0.013106461255461,79.07272727272728,27500,default,Normal,normal,65.0,55.0,57.0,F,0.4781521260679781,4
1746,3b14e8cb-7f30-3e15-b3e5-3123609b9400,0.01,1.0,1.0,1,default,YandexBot/3.0,bot,1.0,1.0,1.0,E,0.4779856694817406,1
10269,029796a6-8c5f-3bcb-8a20-7644a5403879,0.01,1.0,1.0,1,default,AdsBot-Google,bot,1.0,1.0,1.0,E,0.4779856694817406,1
29497,f37b8e11-c540-316d-87cb-98be3f29ae6d,42.54259,0.005,200.0,510512,default,outlier,outlier,1.0,1.0,1.0,F,0.4778804357250287,3
19900,ea7314e7-60eb-3b0f-8d14-edc87306c39e,0.0587505995203836,0.0035971223021582,60.43478260869565,14700,default,Normal,normal,69.0,69.0,15.0,F,0.4777412621159095,4
8916,48e0ba5a-0d12-3dfa-a26a-fd74fc117b0b,7.439824945295405e-05,0.0503282275711159,50.77777777777778,3,default,bingbot/2.0,bot,457.0,9.0,23.0,E,0.4775556765015678,3
33621,af2e025e-e308-3018-a525-3b6969d1b439,103.76737,0.01,200.0,1245209,default,outlier,outlier,1.0,1.0,2.0,F,0.4769546099526184,4
27412,7efd7476-4e8f-3f18-af8c-946824b09ac5,0.0015249999999999,0.0102272727272727,11.282051282051285,81,default,Normal,normal,79.0,78.0,9.0,F,0.4769214620690082,3
19737,11ce003a-d451-368c-ab5c-15146436bcec,0.0021854663774403,0.0195227765726681,5.621951219512195,61,default,Normal,normal,82.0,82.0,9.0,F,0.4768504128694765,3
25090,a2817ccf-4dc1-3c64-bd08-f223c602f66d,0.0062707692307692,0.0876923076923077,8.125,245,default,Normal,normal,98.0,80.0,57.0,F,0.4767737154461097,4
20492,224a26b8-c810-38f4-a621-0b62b98f629f,0.0656056680161943,0.0159244264507422,60.73770491803279,14585,default,Normal,normal,75.0,61.0,59.0,F,0.4765256172874599,4
22504,cfa14b6f-f872-364d-8e7b-8f99817079fe,0.0024330677290836,0.0191235059760956,13.944444444444445,184,default,Normal,normal,91.0,90.0,24.0,F,0.47652015490472655,4
12758,1864db8d-1126-3491-a287-2de77d011dde,0.012,1.0,1.0,1,default,AdsBot-Google,bot,1.0,1.0,1.0,E,0.4759726697115262,1
17680,c1ec8f9c-afe0-3daf-8bc8-1ae4c5f151b4,41.77821,0.04,200.0,501339,private_ip,outlier,outlier,1.0,1.0,8.0,E,0.47575030109580185,5
12972,9a586375-65cf-3190-b283-e1057329a4df,0.0001383333333333,0.05,900.0,8,default,outlier,outlier,47.0,1.0,45.0,E,0.47574079826043514,3
12970,9a586375-65cf-3190-b283-e1057329a4df,0.0001383333333333,0.05,900.0,8,default,outlier,outlier,47.0,1.0,45.0,E,0.47574079826043514,3
12973,9a586375-65cf-3190-b283-e1057329a4df,0.0001383333333333,0.05,900.0,8,default,outlier,outlier,47.0,1.0,45.0,E,0.47574079826043514,3
12971,9a586375-65cf-3190-b283-e1057329a4df,0.0001383333333333,0.05,900.0,8,default,outlier,outlier,47.0,1.0,45.0,E,0.47574079826043514,3
26279,5d4e78b7-c46a-326b-834a-9830a603b62a,0.0155456046223689,0.0049525381758151,30.670886075949365,2261,default,Normal,normal,79.0,79.0,12.0,F,0.47553536282561404,4
19476,c0c92049-65c8-350d-b239-4ea08c6d6bb4,0.0001666666666666,0.6666666666666666,1.5,1,default,Normal,normal,2.0,2.0,2.0,F,0.4755019095409537,1
18046,3e740649-6256-3192-8e95-b70809282ccd,0.0,0.75,4.0,0,default,outlier,outlier,1.0,1.0,3.0,F,0.4754400104250881,1
2788,4bbd81f4-098c-305e-b0ff-ad9d6f92c121,6.51558073654391e-05,0.0538243626062322,44.125,2,default,bingbot/2.0,bot,353.0,8.0,19.0,E,0.47521323346640665,3
7866,ed0de216-bcd1-307a-83e0-f437c8275547,45.65893877551021,0.0459183673469387,196.0,536950,private_ip,outlier,outlier,1.0,1.0,9.0,E,0.47498888206222434,5
22765,ba913f22-ab77-3f66-b17e-301122ef5ce8,0.015196875,0.00125,266.6666666666667,730,default,Normal,normal,1.0,3.0,1.0,F,0.4748999074359016,1
26348,2cc1f7f6-4ccf-32d0-b516-577f53438c99,0.0041316517994463,0.0116887111657951,47.80882352941177,806,default,Normal,normal,65.0,68.0,38.0,F,0.4748808831249769,4
26588,ec48d698-7686-3740-a407-0f09d220f5dd,0.0022231012658227,0.0197784810126582,14.363636363636363,169,default,Normal,normal,89.0,88.0,25.0,F,0.47458114907657034,4
26728,8611bd50-d8b3-3d3e-8739-42fd294cc28c,0.5530805116629044,0.0077752696262854,664.5,132308,default,Normal,normal,37.0,6.0,31.0,F,0.47456837687462317,4
32404,c0bf3ccd-216e-3a62-9255-2979fa279dcf,0.0048955765047135,0.0239303843364757,14.98913043478261,406,default,Normal,normal,101.0,92.0,33.0,F,0.47448215131464067,4
27864,e23a7784-9e3c-3a94-914a-630ad1a83302,0.0031651436031331,0.0176240208877284,17.40909090909091,291,default,Normal,normal,93.0,88.0,27.0,F,0.47446466737254056,4
8164,25a5724a-e29d-3dec-b858-dfb1b701f7b2,0.0009977777777777,0.0555555555555555,40.90909090909091,54,default,Googlebot/2.1,bot,135.0,22.0,50.0,E,0.47411385690280794,4
27450,05dc072b-b1cf-3c6a-9d15-5c70956fbdb2,0.0545025817555938,0.0413080895008605,581.0,1900,private_ip,outlier,outlier,25.0,1.0,24.0,F,0.4738899153862116,5
14257,564f9bab-e3fd-3b9c-ac0c-ce7130855a6a,8.333333333333333e-05,0.0416666666666666,10.285714285714286,1,default,YandexBot/3.0,bot,72.0,7.0,3.0,E,0.47384610750786793,1
20179,4386a2a5-01ee-3aaa-80c1-32d1c30cc62c,0.014245580991017,0.011011301072153,230.06666666666663,2950,default,Normal,normal,160.0,15.0,38.0,F,0.4736217201490782,4
26208,a3518d3f-b793-3f3b-8999-21098657ef77,0.0005454545454545,0.0681818181818181,2.095238095238096,2,default,Normal,normal,22.0,21.0,3.0,F,0.47339758023168077,1
26432,21f51cdf-f397-3d9b-8ef6-24333caa9362,0.0951554975340876,0.0182767624020887,58.42372881355932,19681,default,Normal,normal,67.0,59.0,63.0,F,0.47337947582911355,4
20608,9a301ba6-2393-3e03-8764-4c5a5d3ccf07,0.1627389775493643,0.0175818230998106,77.02083333333333,36099,default,Normal,normal,57.0,48.0,65.0,F,0.4731227720310065,4
32568,ccb24f41-d3fc-3fb2-94d8-058c7dde2c23,0.0375622406639004,0.0774550484094052,7.53125,1630,default,Normal,normal,118.0,96.0,56.0,F,0.47295554565038966,4
1263,7f9243f1-1c43-3caa-8b1a-f64688f99a6f,0.0165,1.0,2.0,2,private_ip,Screaming Frog SEO Spider;unknown,bot,1.0,1.0,2.0,E,0.472695947295658,4
15971,fad88382-abf4-3fc9-8b14-469d8ccef9bc,0.0001215311004784,0.0401913875598086,1045.0,8,default,outlier,outlier,23.0,1.0,42.0,E,0.4725862987049013,3
13968,931f2b00-f63c-3a4b-890c-a4c437bb0ade,9.523809523809524e-05,0.0317460317460317,15.75,1,default,YandexBot/3.0,bot,63.0,4.0,2.0,E,0.4725558170502995,1
33736,61137177-394f-343d-9c5a-6a1bcb06f29d,0.0366451923076923,0.0019230769230769,520.0,1144,default,outlier,outlier,6.0,1.0,1.0,F,0.4725034660802331,3
25468,70182d22-0cd5-3346-9108-7d54fd2cc410,0.073778534923339,0.0340715502555366,587.0,2599,private_ip,outlier,outlier,29.0,1.0,20.0,F,0.47238473659313274,5
2771,02666b64-4af9-39c1-ae89-1facba8df828,0.0008636363636363,0.0454545454545454,3.6666666666666665,2,default,Python-requests,bot,22.0,6.0,1.0,E,0.4722728898858234,1
12576,0b3c411e-a7e6-31a0-a36e-91bd75814c91,0.0001163563829787,0.0664893617021276,752.0,6,default,outlier,outlier,49.0,1.0,50.0,E,0.47215895451637235,3
709,2a55c4c4-fa91-3940-adc1-1dd159f94bc9,0.0001970509383378,0.064343163538874,746.0,9,default,outlier,outlier,70.0,1.0,48.0,E,0.47193691545211336,3
708,2a55c4c4-fa91-3940-adc1-1dd159f94bc9,0.0001970509383378,0.064343163538874,746.0,9,default,outlier,outlier,70.0,1.0,48.0,E,0.47193691545211336,3
710,2a55c4c4-fa91-3940-adc1-1dd159f94bc9,0.0001970509383378,0.064343163538874,746.0,9,default,outlier,outlier,70.0,1.0,48.0,E,0.47193691545211336,3
711,2a55c4c4-fa91-3940-adc1-1dd159f94bc9,0.0001970509383378,0.064343163538874,746.0,9,default,outlier,outlier,70.0,1.0,48.0,E,0.47193691545211336,3
27228,551b82f5-9c17-37ce-b98a-ca62b1c5a1dc,0.1987459055305008,0.0106812247804414,842.6,50239,default,Normal,normal,36.0,5.0,45.0,F,0.47185946339344453,4
10835,f65db580-1847-3abb-b196-53aaadd215ed,0.00725,0.5,1.0,1,default,AdsBot-Google,bot,2.0,2.0,1.0,E,0.4716394098085601,1
23455,63de311f-9aa8-3ef6-a5b6-19205e26a3b2,0.101130890052356,0.0159823642876825,62.56896551724138,22021,default,Normal,normal,71.0,58.0,58.0,F,0.4712801627347668,4
26427,014877c0-41a5-33ec-ab24-77c334dceb79,0.1133052531945101,0.0137245622337908,82.86274509803921,28730,default,Normal,normal,59.0,51.0,58.0,F,0.4709334077484213,4
33081,dd9041a3-eb88-3b6f-857e-65d7b32da627,0.1297802211302211,0.0142506142506142,76.79245283018868,31693,default,Normal,normal,60.0,53.0,58.0,F,0.47092790488123415,4
11437,a95134fb-ebaf-3618-b8ac-9571cc806b8f,8.108108108108109e-05,0.027027027027027,74.0,1,default,outlier,outlier,74.0,1.0,2.0,E,0.4708977635115099,1
25995,43bc2c53-e7a2-3d7c-a4e3-dabb1d373d8a,0.0152237600922722,0.0761245674740484,11.56,792,default,Normal,normal,101.0,75.0,66.0,F,0.47027230957489075,4
3714,a254e6d5-b689-3a62-b9d0-d24a556b5718,0.008,0.5,2.0,2,private_ip,FacebookExternalHit/1.1;unknown,bot,2.0,2.0,2.0,E,0.4702550326621333,4
22934,adeb7e16-5461-3198-bcc1-71c6c3ede8c0,1527.227,1.0,3.0,274901,default,outlier,outlier,1.0,1.0,3.0,F,0.4702338101821282,4
33010,f728e9dc-d203-3999-b431-18db535d76a2,0.001935112506541,0.0109890109890109,28.102941176470587,222,default,Normal,normal,74.0,68.0,21.0,F,0.47012470473998924,4
33801,148aeeb7-3610-3686-b1db-03b18aee45b3,889.3608333333334,0.1666666666666666,3.0,320170,default,Normal,normal,2.0,2.0,1.0,F,0.4693600217869516,4
17017,2a1b5e95-a1e5-3917-b67c-0d64a4801ac6,0.0001090909090909,0.0363636363636363,11.0,1,default,YandexBot/3.0,bot,55.0,5.0,2.0,E,0.4692617680276018,1
18082,c08e5c27-9822-3852-8427-7665db6c89d4,0.0011470588235294,0.0588235294117647,2.0,3,default,Normal,normal,17.0,17.0,2.0,F,0.46914586552955984,1
9733,b81205bd-1f43-3b83-a6e0-feb829579310,0.0002734375,0.015625,64.0,2,default,outlier,outlier,60.0,1.0,1.0,E,0.4689978651983051,1
9901,c029d1d9-12a9-3159-b9f5-b01d2ed45888,0.105788767812238,0.0268231349538977,1193.0,7573,private_ip,outlier,outlier,1.0,1.0,32.0,E,0.46887580467241075,5
33972,38191561-c39c-3a94-ba2e-24850d798969,0.0022706155632984,0.0104529616724738,10.7625,118,default,Normal,normal,79.0,80.0,9.0,F,0.46876392185518645,3
14916,422803db-a721-3d90-bb58-d9dfc115f302,0.000328125,0.015625,64.0,2,default,outlier,outlier,61.0,1.0,1.0,E,0.4685653354536782,1
27146,5d48291c-cf28-35bd-a08c-fbba8ac6e162,0.00165,0.05,2.0689655172413794,6,default,Normal,normal,30.0,29.0,3.0,F,0.4684631032910117,1
1209,e2acae6f-4845-3e35-a2a1-1d1800162e9b,0.000439570277529,0.0376007162041181,1117.0,30,default,outlier,outlier,33.0,1.0,42.0,E,0.4684073768938042,3
4951,46050cd8-4c0a-3744-83a4-be54398a75e0,0.0002857142857142,0.0158730158730158,63.0,2,default,outlier,outlier,60.0,1.0,1.0,E,0.4679597185544272,1
23717,0c4e31d0-487d-3a71-addb-4bb383f91311,0.0008095238095238,0.0666666666666666,2.234042553191489,6,default,Normal,normal,49.0,47.0,7.0,F,0.46775142287568694,3
33412,f9e2a426-79bc-3719-bee0-c9938e86d6c3,0.1005619204307508,0.0164522883637451,56.66101694915254,20171,default,Normal,normal,80.0,59.0,55.0,F,0.4672688329268492,4
34010,ae488b8d-7bd9-3eba-9b29-bdec765e968e,0.0024090909090909,0.012326656394453,15.63855421686747,188,default,Normal,normal,84.0,83.0,16.0,F,0.4672415649136218,4
25917,73eaf4a3-7da2-3f42-9f4f-192681c9ff6b,0.0023018597997138,0.0271816881258941,9.708333333333334,97,default,Normal,normal,138.0,72.0,19.0,F,0.4667781367126467,4
26978,457c098a-e062-3bb6-9d68-59102e9e49f4,596.36225,0.75,4.0,143127,private_ip,outlier,outlier,1.0,1.0,3.0,F,0.466444260837093,5
31027,2a4bd41a-ba58-308e-882f-4e449ae05496,0.0790097115109968,0.0168523279063124,66.05660377358491,16597,default,Normal,normal,73.0,53.0,59.0,F,0.4664184094691214,4
27660,7dd0c13d-c0d0-3ac1-baaf-1d9e4f688dde,0.0039132379248658,0.0330948121645796,12.704545454545457,263,default,Normal,normal,91.0,88.0,37.0,F,0.4663617024156994,4
31472,4c1baee5-351f-3543-9d75-40ac60b3f228,0.1028692990511172,0.017447199265381,54.45,20165,default,Normal,normal,73.0,60.0,57.0,F,0.4660900680495754,4
33690,a0ea7654-71b9-309d-a171-ef81a6b81d9b,0.0049668049792531,0.0995850622406639,6.513513513513513,144,default,Normal,normal,100.0,74.0,48.0,F,0.46595628722827365,4
33262,1d8b22d8-739d-3609-95ac-6a905bad4a33,0.0036822803195352,0.0217864923747276,15.647727272727272,305,default,Normal,normal,92.0,88.0,30.0,F,0.46593488710597575,4
23658,6cb03339-8bda-3988-b58c-ab1f79f28e4e,0.0039126984126984,0.0317460317460317,3.0,15,default,Normal,normal,60.0,21.0,2.0,F,0.46593088282934625,1
32848,2c9a588f-414d-3a03-9ca6-cf9ad616c5f4,472.35723076923074,0.0769230769230769,13.0,368439,datacenter,outlier,outlier,1.0,1.0,1.0,F,0.46534915877479055,5
9845,354f3f86-bb61-31b6-9921-0edb41f984df,7.692307692307693e-05,0.0384615384615384,19.5,1,default,YandexBot/3.0,bot,78.0,4.0,3.0,E,0.4651761496602601,1
25926,8ee906ef-7087-3b35-a425-5501d98f6dc5,0.0013799822852081,0.0106288751107174,15.465753424657532,94,default,Normal,normal,73.0,73.0,12.0,F,0.46514329665129794,3
24737,3acf47c0-4295-3e89-9048-9fd83a9de07e,7.54350625,0.005,400.0,181045,datacenter,outlier,outlier,1.0,1.0,2.0,F,0.46482135008338366,4
3433,7a210b76-29b0-3b86-a3e7-1c06cedc0489,8.571428571428571e-05,0.0428571428571428,11.666666666666666,1,default,YandexBot/3.0,bot,70.0,6.0,3.0,E,0.4647876723376313,1
27968,21f55562-2de8-3fdb-97e4-55b9c8b7e888,0.0041503267973856,0.0317460317460317,12.170454545454543,267,default,Normal,normal,95.0,88.0,34.0,F,0.46477353290892764,4
21277,821a754b-7730-37f1-9934-58a916a72cbf,0.0360847280334728,0.0397489539748954,478.0,1035,private_ip,outlier,outlier,24.0,1.0,19.0,F,0.46473810334881005,5
23944,b001b332-e11a-36f8-85d9-21fcf9e6ea35,0.0033056438791732,0.0047694753577106,52.41666666666666,500,default,Normal,normal,40.0,48.0,12.0,F,0.46471404802757244,3
31156,c65772ba-992e-33c0-8f3a-df9e2dc9a4bf,0.2624422110552764,0.0108040201005025,995.0,62672,default,Normal,normal,24.0,4.0,43.0,F,0.4646834537939054,4
5700,9b32e8c9-6048-37ac-bf8a-0226863a851d,29.699149253731346,0.0049751243781094,201.0,358172,default,outlier,outlier,1.0,1.0,1.0,E,0.46467870583321635,3
25288,2b97c787-371c-376f-a2d3-e30e2ce5bf16,0.0963647450110864,0.0163525498891352,68.0754716981132,20862,default,Normal,normal,66.0,53.0,59.0,F,0.46456100022171887,4
26657,b649da49-34ce-3569-9d34-0e94cc54b6dc,0.0034823711739635,0.016660209221232,44.5,540,default,Normal,normal,62.0,58.0,43.0,F,0.46446868576613054,4
19678,598e0ed0-5bee-31c8-816a-512f2b6aeb7f,0.0,0.2,10.0,0,default,outlier,outlier,1.0,1.0,2.0,F,0.46433349584597716,1
26268,37284957-785f-3d43-afcb-a2ee6608d439,0.0885074977947662,0.0161717142017053,56.68333333333333,18061,default,Normal,normal,73.0,60.0,55.0,F,0.4643251380806773,4
23714,011d3d92-596b-3f51-9bf4-9bd19409b22d,80.43176470588234,0.0130718954248366,153.0,1476728,default,Normal,normal,2.0,2.0,4.0,F,0.4641493219198658,4
21864,bd5f1bb5-62ee-3f67-8555-ebcb03efe678,0.0844193185018304,0.0160518163897493,63.410714285714285,17987,default,Normal,normal,68.0,56.0,57.0,F,0.4640536078454103,4
1649,0413f9f6-cb9f-3625-a13a-57449340bb86,0.1476089866156787,0.0401529636711281,2092.0,18528,default,outlier,outlier,5.0,1.0,84.0,E,0.4639308101096453,5
20295,0924ed98-82ca-3eef-976a-a69e18752659,0.1028966106965174,0.0183457711442786,57.42857142857143,19855,default,Normal,normal,72.0,56.0,59.0,F,0.4634020845482286,4
8833,7a0b2cd0-5e4f-3bec-9c72-1dc927ecc61b,0.153570652173913,0.058695652173913,1840.0,16955,default,outlier,outlier,2.0,1.0,108.0,E,0.463354975715606,5
10490,6b72f31e-784c-3f1a-8783-424fd5671f5d,0.0001176470588235,0.0392156862745098,10.2,1,default,YandexBot/3.0,bot,51.0,5.0,2.0,E,0.46326658118252895,1
18968,6638afa0-19f2-3e15-a395-cb66e184bbac,0.0047093232541396,0.0089992800575953,43.40625,785,default,Normal,normal,69.0,64.0,25.0,F,0.4630069434756462,4
20231,152634d0-30f6-35d7-b2b2-567bfd828420,0.003,0.05,2.2222222222222223,4,default,Normal,normal,10.0,9.0,1.0,F,0.4629784353669094,1
30385,e13f066a-626b-374d-a9ac-1e1c380bcc09,0.0018945945945945,0.0126126126126126,8.538461538461538,64,default,Normal,normal,67.0,65.0,7.0,F,0.4629712950682833,3
6867,961085f5-69f7-3567-9e75-ce3f64dccc39,0.0046666666666666,1.0,3.0,1,private_ip,outlier,outlier,1.0,1.0,3.0,E,0.4626100910791662,4
24444,b9df0050-b193-3461-9d97-eaaa8b17ebfb,0.0058104693140794,0.1191335740072202,9.389830508474576,194,default,Normal,normal,85.0,59.0,66.0,F,0.46230223438343787,4
15030,7682c26d-fbd4-3145-ad33-1589b9972184,7.664670658682635e-05,0.0455089820359281,835.0,4,default,outlier,outlier,20.0,1.0,38.0,E,0.4620457302131481,3
24884,f096db53-8aa6-3117-8e23-26dfc9c4c155,0.0894916548797736,0.0164073550212164,65.46296296296296,18982,default,Normal,normal,66.0,54.0,58.0,F,0.46196886596105624,4
20647,045408b2-7ef9-3ffa-818c-385639b5620e,0.0018175092478421,0.0166461159062885,27.03333333333333,177,default,Normal,normal,74.0,60.0,27.0,F,0.46187231877865775,3
26572,ab03e218-a62b-30a3-8e50-f53037c806c3,0.1219467787114846,0.0196078431372549,60.62264150943396,23509,default,Normal,normal,61.0,53.0,63.0,F,0.4617800726199053,4
23977,13a3d986-657e-3aa3-9dd8-7dd444c371e6,0.0025035063113604,0.0098176718092566,35.0655737704918,322,default,Normal,normal,63.0,61.0,21.0,F,0.4617723311606261,3
31039,63105eab-26cf-3fa9-b27c-e648ae5f2f8c,0.0207047318611987,0.01198738170347,211.33333333333331,3939,default,Normal,normal,140.0,15.0,38.0,F,0.46153582974804996,3
14689,eadbfe7f-e669-35b5-997f-f7043ba71b0f,0.017,1.0,2.0,3,private_ip,bingbot/2.0;unknown,bot,1.0,1.0,2.0,E,0.46151463742861387,4
10902,afe91b25-b3aa-3d7d-a907-7ac4010d1921,0.017,1.0,2.0,3,private_ip,bingbot/2.0;unknown,bot,1.0,1.0,2.0,E,0.46151463742861387,4
20083,119d8d0a-5c31-3b98-aba2-d727d079fcd1,0.0974420121774427,0.0165265294288199,63.87037037037037,20165,default,Normal,normal,68.0,54.0,57.0,F,0.4613558772976557,4
15169,ca2004a0-29e9-3228-b53a-d080b8edbb82,0.0175,1.0,2.0,3,private_ip,linkdexbot/2.0;unknown,bot,1.0,1.0,2.0,E,0.4612103368977264,4
6360,d6af0dcd-5c92-3fcd-b025-f32b9bc8c63e,0.0175,1.0,2.0,3,private_ip,bingbot/2.0;unknown,bot,1.0,1.0,2.0,E,0.4612103368977264,4
5255,4f9ddd74-bdc2-3700-88be-64594dc20566,0.0175,1.0,2.0,3,private_ip,AdsBot-Google;unknown,bot,1.0,1.0,2.0,E,0.4612103368977264,4
19690,7fc78edb-ac07-35f9-93ae-7f5d3f6f8840,0.0026110735989196,0.0081026333558406,22.439393939393938,233,default,Normal,normal,74.0,66.0,12.0,F,0.4611377546872226,3
22933,ac1d8a09-6be9-3711-b1ad-75b40ad1af3b,1505.8366666666668,1.0,3.0,271051,default,outlier,outlier,1.0,1.0,3.0,F,0.46110931054262483,4
16382,a2248b18-4538-3163-9157-6abc4c509a71,0.018,1.0,2.0,3,private_ip,Sogou web spider/4.0;unknown,bot,1.0,1.0,2.0,E,0.46101236703056103,4
7306,bf35cf50-f132-367f-82f1-acad62b851c1,0.018,1.0,2.0,3,private_ip,UptimeRobot/2.0;unknown,bot,1.0,1.0,2.0,E,0.46101236703056103,4
21321,20d80825-8bb8-3085-ad7f-e6b71d058e4e,0.0,1.0,6.0,0,default,outlier,outlier,1.0,1.0,6.0,F,0.4610045599851361,1
18806,a05136c1-926e-3296-ae84-7510ee02d5c0,30.303875,0.01,200.0,363647,datacenter,outlier,outlier,1.0,1.0,2.0,F,0.460990118289056,5
20509,523ba061-8fcd-3872-b228-499f7a7e4f58,0.0048607843137254,0.0941176470588235,6.986301369863014,149,default,Normal,normal,91.0,73.0,48.0,F,0.46095724523283366,4
33522,62301133-8605-3fb1-8b51-81e1967cefa9,0.0246374538745387,0.0126076260762607,203.25,4808,default,Normal,normal,143.0,16.0,41.0,F,0.46084964010787155,3
3496,17b5975c-19a5-340f-9554-78e954b14e75,0.0001174863387978,0.0801457194899817,549.0,4,default,outlier,outlier,76.0,1.0,44.0,E,0.4608233017731841,3
12202,1aa530d4-d3dc-342e-8de9-af5d103632d2,0.0185,1.0,2.0,3,private_ip,Python-requests;unknown,bot,1.0,1.0,2.0,E,0.46077844334741835,4
16484,c53292bd-8276-3d71-85f5-94a92054bf80,0.0185,1.0,2.0,3,private_ip,DuckDuckBot/1.0;unknown,bot,1.0,1.0,2.0,E,0.46077844334741835,4
8536,590057e2-9d72-3146-a47c-b9369965acb7,0.0185,1.0,2.0,3,private_ip,Sogou web spider/4.0;unknown,bot,1.0,1.0,2.0,E,0.46077844334741835,4
6112,0feb4523-86d1-3008-863d-63c66ea7080e,0.0185,1.0,2.0,3,private_ip,FacebookExternalHit/1.1;unknown,bot,1.0,1.0,2.0,E,0.46077844334741835,4
20902,19fb78e5-9ff1-3f5d-b484-4fd9bb08b0f7,0.4712942357327215,0.0077430455979351,1162.3333333333333,98605,default,Normal,normal,19.0,3.0,27.0,F,0.46072063973686983,4
3308,2d4c7ded-e240-3ed2-951c-f0c82aa14e1c,0.000115671641791,0.1007462686567164,536.0,4,default,outlier,outlier,60.0,1.0,54.0,E,0.4606888162164159,4
12904,c347380a-4ed2-36a9-b36e-f07142aabff8,0.0001565934065934,0.070054945054945,728.0,7,default,outlier,outlier,45.0,1.0,51.0,E,0.46066683764728844,3
20537,becd0b64-2ee6-3a36-b3e4-f329dd5c818d,604.1155652173913,0.0434782608695652,23.0,833680,default,outlier,outlier,1.0,1.0,1.0,F,0.46046116033413753,4
16663,fce1d5e3-5efa-35c5-9eea-67077ade50de,0.019,1.0,2.0,3,private_ip,bingbot/2.0;unknown,bot,1.0,1.0,2.0,E,0.4604448853432962,4
2709,2a51ad38-ca1c-3b35-9da3-c997e89b921b,0.019,1.0,2.0,3,private_ip,FacebookExternalHit/1.1;unknown,bot,1.0,1.0,2.0,E,0.4604448853432962,4
17340,0c0b1947-c6bf-392a-b620-cb38f40d3df3,0.019,1.0,2.0,3,private_ip,YandexBot/3.0;unknown,bot,1.0,1.0,2.0,E,0.4604448853432962,4
3983,a0c24fbd-17a8-3dc9-a0ad-021259f6da7a,0.019,1.0,2.0,3,private_ip,Googlebot/2.1;unknown,bot,1.0,1.0,2.0,E,0.4604448853432962,4
3431,7585534b-1840-39b1-aeaf-1ac3e823e10b,0.019,1.0,2.0,3,private_ip,FacebookExternalHit/1.1;unknown,bot,1.0,1.0,2.0,E,0.4604448853432962,4
13582,fe858621-a06d-3a92-9122-37d70f85ada9,0.019,1.0,2.0,3,private_ip,BingPreview/1.0b;unknown,bot,1.0,1.0,2.0,E,0.4604448853432962,4
29409,d6cba670-0eb7-3f49-9e8b-749831244852,0.5267476948868399,0.0078234143615535,894.75,113114,default,Normal,normal,25.0,4.0,28.0,F,0.4604428819200538,4
23314,f9bce473-ad56-36d2-972f-2de55d188d0c,0.0384184118673647,0.0125072716695753,156.27272727272728,7925,default,Normal,normal,164.0,22.0,43.0,F,0.4603878857211181,4
11369,ddcd5418-eaa7-3774-ac82-b9f064aaa858,0.0195,1.0,2.0,3,private_ip,AdsBot-Google;unknown,bot,1.0,1.0,2.0,E,0.46016983148369484,4
9939,32faf992-e30c-3f1d-b2de-b5c739799bc1,0.0195,1.0,2.0,3,private_ip,Python-requests;unknown,bot,1.0,1.0,2.0,E,0.46016983148369484,4
1985,da9ad542-c910-3c7a-9902-1ddede4f9f84,0.0195,1.0,2.0,3,private_ip,bingbot/2.0;unknown,bot,1.0,1.0,2.0,E,0.46016983148369484,4
11327,6c1a6afe-5227-39cf-b327-ea4e865ae90f,0.0195,1.0,2.0,3,private_ip,bingbot/2.0;unknown,bot,1.0,1.0,2.0,E,0.46016983148369484,4
1588,38dff77e-8032-33bf-8bdf-c1454643c92d,0.0195,1.0,2.0,3,private_ip,Sogou web spider/4.0;unknown,bot,1.0,1.0,2.0,E,0.46016983148369484,4
15308,3b81f1c3-eb66-3e23-8368-86482a83d0e8,0.0195,1.0,2.0,3,private_ip,Sogou web spider/4.0;unknown,bot,1.0,1.0,2.0,E,0.46016983148369484,4
1883,b6abc353-a479-32b0-83d2-2d20895be817,0.0195,1.0,2.0,3,private_ip,Googlebot-Image/1.0;unknown,bot,1.0,1.0,2.0,E,0.46016983148369484,4
10336,9eff1412-4555-3a7b-9e12-bd0f01412a51,0.0195,1.0,2.0,3,private_ip,Python-requests;unknown,bot,1.0,1.0,2.0,E,0.46016983148369484,4
21930,89714c68-171e-3265-b572-e007b3a9e2f7,0.0026547291092745,0.0303030303030303,13.6125,174,default,Normal,normal,82.0,80.0,33.0,F,0.46013945208641727,4
1577,25251f73-014d-3829-bee2-ce6805442b4c,0.02,1.0,2.0,3,private_ip,Mail.RU_Bot/2.0;unknown,bot,1.0,1.0,2.0,E,0.4599516578848344,4
9978,a136ba94-931d-37b6-922c-8695435efe54,0.02,1.0,2.0,3,private_ip,UptimeRobot/2.0;unknown,bot,1.0,1.0,2.0,E,0.4599516578848344,4
8609,25e0037b-32e3-3f81-a0a1-61eb6ee9aac8,0.02,1.0,2.0,3,private_ip,AdsBot-Google;unknown,bot,1.0,1.0,2.0,E,0.4599516578848344,4
12881,762d0cad-5b22-3ad3-849b-8422a6eaf91c,0.02,1.0,2.0,3,private_ip,Googlebot/2.1;unknown,bot,1.0,1.0,2.0,E,0.4599516578848344,4
12226,5144c0cc-e573-3aef-b61e-c50824309b0b,0.02,1.0,2.0,3,private_ip,Googlebot-Mobile;unknown,bot,1.0,1.0,2.0,E,0.4599516578848344,4
3174,4960d246-39af-3319-a741-4dbcf3abacff,0.02,1.0,2.0,3,private_ip,bingbot/2.0;unknown,bot,1.0,1.0,2.0,E,0.4599516578848344,4
2492,dab1cd4f-7187-3748-afab-b664a53d64ad,0.02,1.0,2.0,3,private_ip,Sogou web spider/4.0;unknown,bot,1.0,1.0,2.0,E,0.4599516578848344,4
21270,6a1e97ca-e305-36f1-9050-f789c36b797c,0.3201369350093608,0.0109654987964696,747.8,71820,default,Normal,normal,40.0,5.0,41.0,F,0.4599228052214699,4
32147,82a7af95-0492-3b3a-8c74-054bd8d2135d,0.0977012811867835,0.0212407282535401,53.92727272727273,17387,default,Normal,normal,67.0,55.0,63.0,F,0.45976497994649024,4
16124,a7fa0b42-c320-364f-9b01-31ca3c50e0c3,0.0205,1.0,2.0,3,private_ip,FacebookExternalHit/1.1;unknown,bot,1.0,1.0,2.0,E,0.4597441092011507,4
13217,714fd9b0-e0a3-3145-8e36-7641023a56d3,0.0205,1.0,2.0,3,private_ip,Googlebot/2.1;unknown,bot,1.0,1.0,2.0,E,0.4597441092011507,4
14625,43fba498-b87e-3d29-9ad2-1b1d829ebd78,0.0205,1.0,2.0,3,private_ip,AdsBot-Google;unknown,bot,1.0,1.0,2.0,E,0.4597441092011507,4
32409,db3786e3-1ca2-3ae6-ae4a-4fa26fe0c6ad,0.0016201834862385,0.018348623853211,7.569444444444445,53,default,Normal,normal,72.0,72.0,10.0,F,0.4597104255040133,3
23153,39f066f2-85c1-3503-bd23-dd94e050aafd,0.0038718466195761,0.0201816347124117,11.134831460674157,231,default,Normal,normal,90.0,89.0,20.0,F,0.45970259501562694,4
33300,8609414c-46cc-3b7f-a035-7978f12aa8bd,0.0983802334432885,0.0131946206546561,77.27450980392157,23263,default,Normal,normal,65.0,51.0,52.0,F,0.4596864994555693,4
24901,1df5b811-8154-31c1-9b5b-0960537eaaab,813.5473333333334,0.0666666666666666,15.0,732193,default,outlier,outlier,1.0,1.0,1.0,F,0.459625311146882,4
9713,753412e7-771d-3a80-a5d1-51af40ede833,0.0002331288343558,0.147239263803681,163.0,3,private_ip,outlier,outlier,5.0,1.0,24.0,E,0.45957924236896575,4
20171,34e1ffae-9efc-32ce-be96-561050110304,0.0054382657869934,0.0070688030160226,31.205882352941178,693,default,Normal,normal,71.0,68.0,15.0,F,0.4595418061310921,3
6274,ce1a3dcb-eaeb-3617-bf11-7f8495d1b21a,0.021,1.0,2.0,3,private_ip,Googlebot-Image/1.0;unknown,bot,1.0,1.0,2.0,E,0.45950235197446265,4
14984,00d998e3-1055-3456-b51c-beea509f4dc5,0.021,1.0,2.0,3,private_ip,Googlebot/2.1;unknown,bot,1.0,1.0,2.0,E,0.45950235197446265,4
12139,5b5b5bae-4df0-307a-a47f-2f9383e5f5be,0.021,1.0,2.0,3,private_ip,YandexBot/3.0;unknown,bot,1.0,1.0,2.0,E,0.45950235197446265,4
6654,3b646644-28ba-3982-81d1-5f2efea47ae1,0.021,1.0,2.0,3,private_ip,AdsBot-Google;unknown,bot,1.0,1.0,2.0,E,0.45950235197446265,4
3243,41545b7f-8f1e-3466-8caf-0580ae222f88,0.021,1.0,2.0,3,private_ip,Googlebot/2.1;unknown,bot,1.0,1.0,2.0,E,0.45950235197446265,4
24592,94f4ceaa-b6ce-37dd-adf2-4e7c62e5f03c,0.0010714285714285,0.0714285714285714,2.1538461538461537,2,default,Normal,normal,13.0,13.0,2.0,F,0.4593331177525173,1
10679,841fb6b6-d9b3-36fe-af27-261b5d503178,0.0215,1.0,2.0,3,private_ip,DuckDuckBot/1.0;unknown,bot,1.0,1.0,2.0,E,0.45924491993987604,4
6700,e05e1d2a-5309-3a46-b79c-950b480dcb53,0.0215,1.0,2.0,3,private_ip,bingbot/2.0;unknown,bot,1.0,1.0,2.0,E,0.45924491993987604,4
10979,b67514a2-72b3-3504-94c2-4a2b7abcbcb0,0.0215,1.0,2.0,3,private_ip,bingbot/2.0;unknown,bot,1.0,1.0,2.0,E,0.45924491993987604,4
8151,f6d2058e-ee3b-3009-8d3d-ead2461c70e2,0.0215,1.0,2.0,3,private_ip,Sogou web spider/4.0;unknown,bot,1.0,1.0,2.0,E,0.45924491993987604,4
7905,6e5430b4-0a2a-3ea2-a370-1a8cb3f16f50,0.0215,1.0,2.0,3,private_ip,AdsBot-Google;unknown,bot,1.0,1.0,2.0,E,0.45924491993987604,4
7943,ca7c4826-ee96-3f5c-a3cd-a11ac96c1306,0.0215,1.0,2.0,3,private_ip,AdsBot-Google;unknown,bot,1.0,1.0,2.0,E,0.45924491993987604,4
4897,bd0b690a-6cd4-317f-aeb4-b276e38efa82,0.0215,1.0,2.0,3,private_ip,FacebookExternalHit/1.1;unknown,bot,1.0,1.0,2.0,E,0.45924491993987604,4
16644,b1c9031b-86f8-332e-b62d-df1013892875,0.0215,1.0,2.0,3,private_ip,Googlebot/2.1;unknown,bot,1.0,1.0,2.0,E,0.45924491993987604,4
15404,957f23c8-8f6f-3cf2-83ad-c4ec761d022d,0.0215,1.0,2.0,3,private_ip,Screaming Frog SEO Spider;unknown,bot,1.0,1.0,2.0,E,0.45924491993987604,4
12007,034db016-a864-31ef-a48c-a0b4ba749be2,0.0215,1.0,2.0,3,private_ip,UptimeRobot/2.0;unknown,bot,1.0,1.0,2.0,E,0.45924491993987604,4
14206,ebdd6e45-2fd6-3c53-889a-9284477cf516,0.0215,1.0,2.0,3,private_ip,FacebookExternalHit/1.1;unknown,bot,1.0,1.0,2.0,E,0.45924491993987604,4
1767,7598dd27-ef65-3793-a96c-84e69f7bdcf4,8.108108108108109e-05,0.0405405405405405,18.5,1,default,YandexBot/3.0,bot,74.0,4.0,3.0,E,0.45916854356877734,1
23462,7a7ea196-59c4-3981-97c3-0cff22a6d285,0.2424186806937731,0.0122263292578902,879.25,51156,default,Normal,normal,36.0,4.0,43.0,F,0.4591627523956304,4
33586,4272b759-81be-38b6-90c6-cb1b4232afde,0.0001111111111111,0.1111111111111111,3.0,1,default,Normal,normal,7.0,3.0,1.0,F,0.4591027467899672,1
27931,980f26da-ff44-33a2-9980-f73b462125a2,0.1011733833177132,0.0187441424554826,60.39622641509434,19432,default,Normal,normal,67.0,53.0,60.0,F,0.4590794935202528,4
14909,37fd0cea-4255-38c9-a9e2-f481e10bcbed,0.022,1.0,2.0,3,private_ip,Python-requests;unknown,bot,1.0,1.0,2.0,E,0.45902482158713465,4
891,60f9fe02-7234-385d-ac21-f5531bca8ffd,0.022,1.0,2.0,3,private_ip,bingbot/2.0;unknown,bot,1.0,1.0,2.0,E,0.45902482158713465,4
13805,cbc5996f-22af-35f4-9932-26e441103595,0.022,1.0,2.0,3,private_ip,FacebookExternalHit/1.1;unknown,bot,1.0,1.0,2.0,E,0.45902482158713465,4
16263,5b7a1766-2f1a-325d-a771-fe4f4d554c18,0.0225,1.0,2.0,3,private_ip,Python-requests;unknown,bot,1.0,1.0,2.0,E,0.45886738235620583,4
5078,8a78c85b-e9a9-3224-acf2-61ab7bee8e46,0.0225,1.0,2.0,3,private_ip,bingbot/2.0;unknown,bot,1.0,1.0,2.0,E,0.45886738235620583,4
1277,942bede0-229d-3ca3-885a-1e12b14977d8,0.0225,1.0,2.0,3,private_ip,Googlebot-Mobile;unknown,bot,1.0,1.0,2.0,E,0.45886738235620583,4
14322,1e578045-0a36-3c26-8241-2d0caa0c4760,59.584069444444445,0.0069444444444444,144.0,514807,default,outlier,outlier,1.0,1.0,1.0,E,0.4588437628988865,3
1338,38bfd85a-3e07-3f43-9ac8-ab1d98aa56b2,0.023,1.0,2.0,3,private_ip,Sogou web spider/4.0;unknown,bot,1.0,1.0,2.0,E,0.458632820148989,4
9628,9e95fd84-7614-33e4-9c03-79ee562d2699,0.023,1.0,2.0,3,private_ip,AdsBot-Google;unknown,bot,1.0,1.0,2.0,E,0.458632820148989,4
733,7fa92e6e-ccf2-30d8-bc62-cb9aa7efd0e2,6.818181818181817e-05,0.0454545454545454,22.0,1,default,YandexBot/3.0,bot,88.0,4.0,4.0,E,0.4586037869591326,1
12731,d77766cb-3570-3749-95bb-ed30b0a52683,6.859756097560976e-05,0.0701219512195122,656.0,3,default,outlier,outlier,23.0,1.0,46.0,E,0.4585688752448849,3
22125,ca17ee0e-1cbb-3fa2-93bb-2f62e3f26ad4,0.002358889623265,0.0118968935888962,20.445945945945947,215,default,Normal,normal,70.0,74.0,18.0,F,0.45852694524943227,3
5514,411230fb-2085-3750-9a47-7a554f8f385b,0.0235,1.0,2.0,3,private_ip,YandexBot/3.0;unknown,bot,1.0,1.0,2.0,E,0.45839156482038956,4
9684,3aaad631-a794-36f4-858c-77cc5105f790,0.0235,1.0,2.0,3,private_ip,bingbot/2.0;unknown,bot,1.0,1.0,2.0,E,0.45839156482038956,4
1268,85feb763-9c94-3834-8107-7d736a9ea9e5,0.0235,1.0,2.0,3,private_ip,Screaming Frog SEO Spider;unknown,bot,1.0,1.0,2.0,E,0.45839156482038956,4
5677,5a31338c-063d-3fd5-b5b7-9eeb11e93610,0.0235,1.0,2.0,3,private_ip,BingPreview/1.0b;unknown,bot,1.0,1.0,2.0,E,0.45839156482038956,4
4756,ef69ed6a-3e0c-3150-9b7d-ac14ae4fe5b7,0.024,1.0,2.0,3,private_ip,FacebookExternalHit/1.1;unknown,bot,1.0,1.0,2.0,E,0.45816081780158413,4
31215,93ba1380-1e1e-3a28-942c-fa4af9675b30,0.0958980392156862,0.0154061624649859,70.0,20542,default,Normal,normal,67.0,51.0,55.0,F,0.4581306254576425,4
12514,63e48de1-1fe0-3dd6-8ad1-89221c34ff58,0.3540128571428571,0.0014285714285714,1400.0,29738,default,outlier,outlier,1.0,1.0,2.0,E,0.45805328257676803,3
13130,608d35a5-03b2-3a78-983f-1f96c3630816,0.009125,0.5,2.0,3,private_ip,Sogou web spider/4.0;unknown,bot,2.0,2.0,2.0,E,0.4580493533625998,4
32501,e2c7c71c-ea1c-3d90-bfda-e715553cc686,0.0,0.8333333333333334,6.0,0,default,outlier,outlier,2.0,1.0,5.0,F,0.4579133828166996,1
31770,1cc45f84-f822-3854-96fb-4bf33f3d8a72,0.948323049540196,0.0080094927321269,561.8333333333334,191808,default,Normal,normal,26.0,6.0,27.0,F,0.45789579535764713,4
687,f569ac51-4315-30b7-a3a7-e8a0f14102d9,0.0245,1.0,2.0,3,private_ip,Sogou web spider/4.0;unknown,bot,1.0,1.0,2.0,E,0.45788127303270854,4
17734,76829f65-7f72-398e-89e1-fdee6d1bc641,0.0245,1.0,2.0,3,private_ip,YandexBot/3.0;unknown,bot,1.0,1.0,2.0,E,0.45788127303270854,4
13921,0c4d62b2-5f52-30ed-b254-abcab1ddc503,0.0245,1.0,2.0,3,private_ip,YandexBot/3.0;unknown,bot,1.0,1.0,2.0,E,0.45788127303270854,4
25065,4d27b423-ec7e-333d-8b3a-c65ef0c3daba,1238.1155,0.5,2.0,148574,default,AdsBot-Google;Mobile Safari,bot,1.0,1.0,1.0,F,0.45785588890159024,4
2543,5f080061-14f9-333e-bba8-50490a117153,0.009375,0.5,2.0,3,private_ip,Googlebot/2.1;unknown,bot,2.0,2.0,2.0,E,0.4577879317490926,4
3415,52ad1494-a9f5-3c69-a11f-5fc32759d8d0,0.025,1.0,2.0,3,private_ip,Sogou web spider/4.0;unknown,bot,1.0,1.0,2.0,E,0.45766291450338714,4
17366,59f85f96-26f5-31a5-ad0f-7fad135fc621,0.025,1.0,2.0,3,private_ip,Sogou web spider/4.0;unknown,bot,1.0,1.0,2.0,E,0.45766291450338714,4
15930,805a75dd-e073-35f8-85d7-fbf9ffa6f74f,0.025,1.0,2.0,3,private_ip,Googlebot/2.1;unknown,bot,1.0,1.0,2.0,E,0.45766291450338714,4
13606,6180ec11-035b-3935-b6c8-e55f4fb650a5,0.0095,0.5,2.0,3,private_ip,Python-urllib;unknown,bot,2.0,2.0,2.0,E,0.45758753153407894,4
2142,b0d32d7d-7957-3d6a-acaa-5d7a3e9dc5db,0.2171667731629393,0.0741214057507987,1565.0,20392,default,outlier,outlier,2.0,1.0,116.0,E,0.45753205472105907,5
11829,e4d0b32d-c745-36c6-bff4-811ef80c055f,0.00975,0.5,2.0,3,private_ip,bingbot/2.0;unknown,bot,2.0,2.0,2.0,E,0.4574118545552447,4
9156,67c6d31b-02cd-36ce-9912-09b221020557,0.009875,0.5,2.0,3,private_ip,Googlebot/2.1;unknown,bot,2.0,2.0,2.0,E,0.4572953270827511,4
4771,3c3e3afb-3166-3526-a7b3-50fe2cfc5d2c,9.375e-05,0.0625,7.111111111111111,1,default,YandexBot/3.0,bot,64.0,9.0,4.0,E,0.4572876024207456,1
24358,cda6d5c8-153e-38ba-b080-ebe1dae347f0,0.0022962441314553,0.0093896713615023,14.791666666666666,147,default,Normal,normal,72.0,72.0,10.0,F,0.4572541274701265,3
13418,daa85df0-97c0-3a15-88e0-c5c437e1fcf9,0.01,0.5,2.0,3,private_ip,bingbot/2.0;unknown,bot,2.0,2.0,2.0,E,0.4570175633999135,4
8755,9ca57017-e8c0-3d06-b5e2-2e7cd342e213,0.01,0.5,2.0,3,private_ip,Googlebot/2.1;unknown,bot,2.0,2.0,2.0,E,0.4570175633999135,4
123,78e96c7f-c11b-35b6-9bbd-9e5606db92fa,0.01,0.5,2.0,3,private_ip,Googlebot/2.1;unknown,bot,2.0,2.0,2.0,E,0.4570175633999135,4
11004,edf23fac-f58c-3d51-8f0a-af382fe2964e,0.010125,0.5,2.0,3,private_ip,bingbot/2.0;unknown,bot,2.0,2.0,2.0,E,0.4568911418364976,4
268,22dcbed5-eec5-3f2e-89ea-309dcabd51e0,0.1980051605504587,0.0619266055045871,1744.0,20720,default,outlier,outlier,2.0,1.0,108.0,E,0.45688828264182924,5
24547,f86ef6ca-789e-30b4-91c9-4e2a074e5648,0.7220129613975768,0.007607776838546,709.8,153746,default,Normal,normal,22.0,5.0,27.0,F,0.45683596930258275,4
8769,c9adfac9-8063-3529-aabf-be137c9d293e,0.010375,0.5,2.0,3,private_ip,FacebookExternalHit/1.1;unknown,bot,2.0,2.0,2.0,E,0.4566513166092976,4
10890,98b2ed3f-5af7-31b2-b3b7-e2d5d40e23f3,0.010375,0.5,2.0,3,private_ip,Screaming Frog SEO Spider;unknown,bot,2.0,2.0,2.0,E,0.4566513166092976,4
5209,e09f737d-5b65-3131-a04a-15f6903bf513,0.010375,0.5,2.0,3,private_ip,Googlebot/2.1;unknown,bot,2.0,2.0,2.0,E,0.4566513166092976,4
26249,fa7f01ae-e5b7-3bec-bd91-6cc4fcb7601b,0.1025217988328184,0.0209406110538963,52.96363636363636,17919,default,Normal,normal,69.0,55.0,61.0,F,0.45654731875022425,4
8437,5b04d26b-4f7a-39d0-ad52-e91f4c5232f1,0.0105,0.5,2.0,3,private_ip,bingbot/2.0;unknown,bot,2.0,2.0,2.0,E,0.45652648369802806,4
12925,0b577f52-208a-3a8a-966a-04625a1330a5,0.0105,0.5,2.0,3,private_ip,Googlebot/2.1;unknown,bot,2.0,2.0,2.0,E,0.45652648369802806,4
32366,3c4468e4-1e8f-3a1e-b0d1-78f9d9ecabab,0.0009393939393939,0.0606060606060606,2.357142857142857,4,default,Normal,normal,29.0,28.0,4.0,F,0.4563453945885093,1
18289,2fd62090-dbc3-31b6-a11a-9d6e31030ddf,0.0019406986190089,0.0178716490658001,18.102941176470587,144,default,Normal,normal,82.0,68.0,22.0,F,0.45619379081933653,3
16766,4771b65f-446b-31f1-afba-4973239ec659,0.010875,0.5,2.0,3,private_ip,Python-requests;unknown,bot,2.0,2.0,2.0,E,0.45617755560522066,4
17942,f5af71e1-2e49-3529-9e5b-751aeb88a151,0.0019898989898989,0.0151515151515151,8.608695652173912,71,default,Normal,normal,73.0,69.0,9.0,F,0.45615343127733987,3
8880,efeacf77-f5a3-306e-ab8a-69f4c1e5da38,0.011,0.5,2.0,3,private_ip,Sogou web spider/4.0;unknown,bot,2.0,2.0,2.0,E,0.45603247553133297,4
6403,5f880bcd-6c5f-304b-ad75-c9e45585792e,0.011,0.5,2.0,3,private_ip,Googlebot/2.1;unknown,bot,2.0,2.0,2.0,E,0.45603247553133297,4
5671,3b7f1c8d-2fef-30d8-9565-a5b808313a7a,0.011125,0.5,2.0,3,private_ip,Python-urllib;unknown,bot,2.0,2.0,2.0,E,0.4559768688679905,4
21661,f4cd2e33-73e3-3589-9a13-03cba3a87bfd,1.292656561627443,0.0103709613083366,1253.5,194442,default,Normal,normal,18.0,2.0,26.0,F,0.4556557864402567,4
1293,b1d0734f-cf42-3c1e-955f-b6ec52c6bf27,9.090909090909092e-05,0.0303030303030303,66.0,1,default,outlier,outlier,66.0,1.0,2.0,E,0.4556498159200376,1
27469,3b8d8623-1ea2-30a2-9dd2-d4681e62220c,0.5325141481035521,0.0114388922335942,830.5,106141,default,Normal,normal,29.0,4.0,38.0,F,0.45561924672911536,4
25082,8b8ded7c-157a-3d50-b9e6-dbe77b68f4a7,0.0036420233463035,0.0163424124513618,15.297619047619047,281,default,Normal,normal,88.0,84.0,21.0,F,0.4554473702820486,4
32311,99e52167-fb3c-3c85-923d-5cc1e0ec3321,0.3277438398357289,0.0087268993839835,649.3333333333334,76614,default,Normal,normal,32.0,6.0,34.0,F,0.45534114785221147,4
28983,7d2fbabb-7cd1-3fad-b942-f1485411afc4,0.0152235099337748,0.097682119205298,8.053333333333333,552,default,Normal,normal,96.0,75.0,59.0,F,0.4552183975444436,4
30659,14a069c2-a484-3bb6-8b43-ab3fc7020dd0,0.114300064808814,0.0220349967595593,70.13636363636364,21164,default,Normal,normal,52.0,44.0,68.0,F,0.45502677778613576,4
5018,00deee4c-9eac-3ae9-a052-b2c73c18e852,0.012,0.5,2.0,3,private_ip,BingPreview/1.0b;unknown,bot,2.0,2.0,2.0,E,0.4550045636296989,4
16910,dc70ecd0-011e-34e8-b17b-d91d03192884,0.012,0.5,2.0,3,private_ip,Sogou web spider/4.0;unknown,bot,2.0,2.0,2.0,E,0.4550045636296989,4
1160,59292c8a-ee47-3a9d-926f-5070f23155c2,0.012,0.5,2.0,3,private_ip,Python-requests;unknown,bot,2.0,2.0,2.0,E,0.4550045636296989,4
6532,ad290b6b-aa16-32ce-a8d4-1684e145e744,0.0009163059163059,0.0663780663780663,34.65,39,default,Googlebot/2.1,bot,107.0,20.0,46.0,E,0.4548548660939268,2
3092,5b5f18e3-ec1f-31ba-a1aa-331552a61954,0.0003448275862068,0.0172413793103448,58.0,2,default,outlier,outlier,49.0,1.0,1.0,E,0.454842324230865,1
13333,e41d23aa-cd21-371e-9267-361d1e236758,7.228915662650602e-05,0.0481927710843373,16.6,1,default,YandexBot/3.0,bot,83.0,5.0,4.0,E,0.454782333690514,1
16524,5272611b-d2b4-3526-a568-0f40704d17ce,0.078266812865497,0.016812865497076,2736.0,12849,default,outlier,outlier,1.0,1.0,46.0,E,0.4546972468669209,4
17681,c5e9b68a-14bb-3427-b5ca-b14411882b96,0.016625,0.25,1.3333333333333333,4,default,FacebookExternalHit/1.1,bot,4.0,3.0,1.0,E,0.4546051206182127,1
9447,adbc7aa7-7425-3055-a660-654a1d8783a1,0.0053333333333333,1.0,1.5,1,default,FacebookExternalHit/1.1,bot,3.0,2.0,3.0,E,0.45439734096597717,1
19349,1ac4d01d-a306-37a0-a848-1623a5a2daf5,0.1009973975276512,0.0195185426154847,58.0,18628,default,Normal,normal,65.0,53.0,60.0,F,0.4542869440096119,4
5576,04635a58-29b2-33a5-a7d2-1df9f6c5a8af,0.0255,1.0,2.0,4,private_ip,FacebookExternalHit/1.1;unknown,bot,1.0,1.0,2.0,E,0.4540224002725731,4
8394,dcca56e7-ab35-3413-84ae-0d49d1a09575,0.0255,1.0,2.0,4,private_ip,Sogou web spider/4.0;unknown,bot,1.0,1.0,2.0,E,0.4540224002725731,4
13941,414738be-d9fb-3b3d-bf37-b8c52710b06f,0.026,1.0,2.0,4,private_ip,FacebookExternalHit/1.1;unknown,bot,1.0,1.0,2.0,E,0.453848485360385,4
8693,08f3ae75-ff93-3661-b902-9468a5ecd69d,0.026,1.0,2.0,4,private_ip,Screaming Frog SEO Spider;unknown,bot,1.0,1.0,2.0,E,0.453848485360385,4
16409,1bfc582d-70fe-3811-a868-e1e9df046885,0.0265,1.0,2.0,4,private_ip,Googlebot-Image/1.0;unknown,bot,1.0,1.0,2.0,E,0.45368381953581705,4
14350,835d8024-c135-3453-b455-5936f6d4e1bc,0.0265,1.0,2.0,4,private_ip,bingbot/2.0;unknown,bot,1.0,1.0,2.0,E,0.45368381953581705,4
5941,4367ad9b-48d2-3979-b04e-6ac040a6973f,0.0265,1.0,2.0,4,private_ip,Googlebot/2.1;unknown,bot,1.0,1.0,2.0,E,0.45368381953581705,4
15646,69e097f2-9a15-3965-8fcc-f75bd7665b79,8.450704225352113e-05,0.0422535211267605,17.75,1,default,YandexBot/3.0,bot,71.0,4.0,3.0,E,0.45364014039081235,1
34276,439808b2-ddd1-3965-b725-6294ba131fbb,0.0074829157175398,0.0933940774487471,5.4875,198,default,Normal,normal,94.0,80.0,41.0,F,0.45353026903110116,4
9572,1796912e-d676-3d26-a801-d4c935a08fec,0.027,1.0,2.0,4,private_ip,Googlebot/2.1;unknown,bot,1.0,1.0,2.0,E,0.45347114715663783,4
4033,35e31304-2a37-3b62-afa5-49e8b0a2002c,0.027,1.0,2.0,4,private_ip,Googlebot/2.1;unknown,bot,1.0,1.0,2.0,E,0.45347114715663783,4
6929,50000c67-1b10-39be-944d-726982309496,0.027,1.0,2.0,4,private_ip,Sogou web spider/4.0;unknown,bot,1.0,1.0,2.0,E,0.45347114715663783,4
19622,ad413f33-4f5b-3bd6-940f-16f39b9c8be7,0.0945205393540294,0.0181875195986202,56.94642857142857,18086,default,Normal,normal,62.0,56.0,58.0,F,0.45345908879149766,4
28056,0112dee3-b1a8-3a27-8777-ff1f22f97b45,0.0001862745098039,0.0784313725490196,3.0,1,default,Normal,normal,18.0,17.0,4.0,F,0.4533841796744653,1
21722,d80d15a6-bc68-3702-8d6d-f1311feee5e1,0.0032238442822384,0.0778588807785888,5.788732394366197,80,default,Normal,normal,85.0,71.0,32.0,F,0.4533404525824005,3
24236,11b6661f-9213-328d-9b50-76a4ed10478b,0.003573402417962,0.0362694300518134,7.72,125,default,Normal,normal,110.0,75.0,21.0,F,0.45324506875522685,3
23005,84fdd540-86cb-3171-a039-5f2f45593581,0.0219474479516454,0.0137676292813969,175.1764705882353,3922,default,Normal,normal,144.0,17.0,41.0,F,0.45305367869771296,3
22803,46e2d4d7-583d-3b5a-999c-7cc035f62a6a,631.99715,0.05,20.0,758397,default,outlier,outlier,1.0,1.0,1.0,F,0.45275758989640136,4
34035,efe26724-6ee3-37ec-bc60-d256c6f2f154,0.1205566958277254,0.022207267833109,64.6086956521739,21498,default,Normal,normal,54.0,46.0,66.0,F,0.45273811848218704,4
30568,190b98dd-6467-3ffe-b4f3-7152c4cc2e2e,0.0787245273109243,0.0055147058823529,60.44444444444444,17987,default,Normal,normal,63.0,63.0,21.0,F,0.45264223617641763,4
3060,1202cb49-296e-37d2-a736-f00accaf0ece,0.014,0.2,1.6666666666666667,5,default,FacebookExternalHit/1.1,bot,5.0,3.0,1.0,E,0.45252306828252453,1
3107,845a9022-abed-3ccf-a1a6-2f97edcc258c,0.0012018413597733,0.0665722379603399,35.3,51,default,Googlebot/2.1,bot,110.0,20.0,47.0,E,0.4525025629466771,2
