Unnamed: 0,_id,inter_api_access_duration(sec),api_access_uniqueness,sequence_length(count),vsession_duration(min),ip_type,behavior,behavior_type,num_sessions,num_users,num_unique_apis,source,graph_node_count,graph_edge_count,graph_density,graph_max_in_degree,graph_max_out_degree,graph_self_loops,score_isolation_forest,anomaly_vote_count
4884,a45fd2b9-f279-3a4e-89ce-dd30599cd287,0.0116261928265876,0.029285949325436,60.78,4240,default,Normal,normal,107.0,100.0,178.0,E,178,648,0.020567510950295183,46,39,34,1.0,5
6972,03224686-875c-3163-a840-54a467bb07e3,0.0041606969990319,0.0406582768635043,2066.0,516,default,outlier,outlier,163.0,1.0,84.0,E,82,317,0.04772658837699488,34,29,25,0.9988514736879993,5
9987,bcdf67cc-68e4-3010-a534-31658408bfb0,0.0035425183973834,0.0347506132461161,2446.0,520,default,outlier,outlier,183.0,1.0,85.0,E,83,288,0.04231560387893035,33,28,18,0.9972617017745458,5
16725,a8fd847c-fc22-3e2e-9ad5-0809d020b403,0.0036875600384245,0.0374639769452449,41.64,922,default,Normal,normal,137.0,100.0,156.0,E,156,465,0.019230769230769232,44,33,24,0.9961638496760602,5
12253,865364b3-f171-30f0-a650-09beeb71034f,0.0125278996101364,0.0166910331384015,82.08,6170,default,Normal,normal,108.0,100.0,137.0,E,137,557,0.02989480463718334,34,30,29,0.991061079838029,5
12172,b6ebf444-642b-390d-b858-98889746a54f,0.0034492170969107,0.0355480321625052,2363.0,490,default,outlier,outlier,172.0,1.0,84.0,E,82,278,0.04185486299307437,36,27,16,0.9819033724165057,5
1031,e3f16723-eaa4-334e-99ff-dddc99435662,0.0040665499124343,0.0367775831873905,2284.0,558,default,outlier,outlier,165.0,1.0,84.0,E,82,290,0.043661547726588375,37,30,16,0.9801884574620131,5
4585,ee54a555-ad47-355f-a2bc-6ed97d2a0548,0.0035169197396963,0.0364425162689804,2305.0,487,default,outlier,outlier,170.0,1.0,84.0,E,82,286,0.04305931948208371,35,30,16,0.9789222751126312,5
11717,b660a673-2d72-30d8-bbf8-c1a55459009f,0.0057535436671239,0.0365797896662094,2187.0,755,default,outlier,outlier,152.0,1.0,80.0,E,78,267,0.044455544455544456,32,26,18,0.9761921238187179,5
12713,a43f8865-27bd-3f67-b1ea-5f9088a53dbb,0.0033358407079646,0.0371681415929203,2260.0,453,default,outlier,outlier,172.0,1.0,84.0,E,82,278,0.04185486299307437,34,28,15,0.975035626247792,5
15316,59fafe01-300e-3a0e-93ac-f07b6ecce438,0.0036809935205183,0.0362850971922246,2315.0,512,default,outlier,outlier,164.0,1.0,84.0,E,82,287,0.043209876543209874,35,29,15,0.9720654552352004,5
20085,1a313334-853e-34ff-b4a8-f55f9a588a7d,0.0594762967094255,0.0148726529094627,68.0886075949367,19196,default,Normal,normal,97.0,79.0,80.0,F,80,229,0.03623417721518987,17,31,21,0.946558206927782,5
30595,6c38945e-dd7e-3df4-b301-820d8d53bc77,0.0623988712065137,0.0149888971132494,65.10843373493977,20233,default,Normal,normal,89.0,83.0,81.0,F,81,286,0.0441358024691358,18,31,19,0.945936383627384,5
8833,7a0b2cd0-5e4f-3bec-9c72-1dc927ecc61b,0.153570652173913,0.058695652173913,1840.0,16955,default,outlier,outlier,2.0,1.0,108.0,E,108,338,0.029248875043267567,34,27,16,0.9385897056408787,5
6182,b72200a7-b82d-39b1-a9b1-4e76fb7a167d,0.5671489852398525,0.1042435424354243,1084.0,36888,default,outlier,outlier,2.0,1.0,113.0,E,113,294,0.023230088495575223,32,31,20,0.9366929529467753,5
12338,7a21a002-d532-3bfe-9452-336888e324da,0.2095996847911741,0.1040189125295508,1269.0,15959,default,outlier,outlier,2.0,1.0,132.0,E,132,350,0.02024057367568818,38,23,16,0.932883667118181,5
7824,7caaf56d-3726-353c-9e99-909d0137fbe3,0.0651426619828259,0.0464480874316939,2562.0,10014,default,outlier,outlier,2.0,1.0,119.0,E,119,330,0.02350092579404643,24,18,22,0.9306039722983719,5
22339,9926431a-bbdc-3001-a1fc-d419986a4c76,0.0551055744757124,0.0136225129951604,65.63529411764706,18447,default,Normal,normal,108.0,85.0,76.0,F,76,209,0.03666666666666667,16,28,19,0.9283723072232919,5
31477,54a4ba7d-ec59-3874-9c8a-6789a675e1eb,0.0200304498269896,0.0657439446366782,15.706521739130435,1737,default,Normal,normal,143.0,92.0,95.0,F,95,190,0.02127659574468085,11,18,26,0.9280958692074625,5
26119,996c3790-faeb-34e9-8b08-614b989e80ed,0.0104859114433582,0.0506037952846463,18.305263157894736,1095,default,Normal,normal,146.0,95.0,88.0,F,88,199,0.025992685475444095,7,14,22,0.9272651225926039,5
268,22dcbed5-eec5-3f2e-89ea-309dcabd51e0,0.1980051605504587,0.0619266055045871,1744.0,20720,default,outlier,outlier,2.0,1.0,108.0,E,107,327,0.028830894022218303,33,25,14,0.9192556375256999,5
28379,d11119c6-8bdf-302e-bb73-a4df76e32bed,0.0490331284664967,0.0103432768700344,69.48958333333333,19626,default,Normal,normal,117.0,96.0,69.0,F,69,219,0.046675191815856776,19,30,16,0.9142675986295685,5
12666,29297f5d-7330-39c9-b592-2457da7dfd41,0.357553744493392,0.0951541850220264,1135.0,24350,default,outlier,outlier,2.0,1.0,108.0,E,107,314,0.027684711691059776,28,19,20,0.9102670954690311,5
5455,924d2b17-646f-3011-9eba-0c87d76ecef4,0.2858014705882353,0.1144957983193277,952.0,16325,default,outlier,outlier,2.0,1.0,109.0,E,109,296,0.025144410465511382,32,22,18,0.9092652502267056,5
8318,0d399859-ab99-3f96-aaf8-bdd5fd533f8f,0.235218817204301,0.121505376344086,930.0,13126,default,outlier,outlier,3.0,1.0,113.0,E,113,248,0.019595448798988623,24,20,20,0.9079902740887278,5
23960,e679215b-91ef-3fd3-950b-0e083df945d6,0.065207760230939,0.0123959925284428,70.10714285714286,23041,default,Normal,normal,99.0,84.0,73.0,F,73,214,0.04071537290715373,16,33,18,0.904170903242248,5
1649,0413f9f6-cb9f-3625-a13a-57449340bb86,0.1476089866156787,0.0401529636711281,2092.0,18528,default,outlier,outlier,5.0,1.0,84.0,E,84,259,0.03714859437751004,25,26,15,0.902228184847822,5
19380,761689c4-6270-301e-b3df-3ad30b976dfd,0.0719791524265208,0.0177717019822283,69.66666666666667,18955,default,Normal,normal,72.0,63.0,78.0,F,78,246,0.04095904095904096,16,32,19,0.8996239005932074,5
406,bfd829fb-e6d2-3e56-b1f6-797e43764652,0.1701899441340782,0.0734237829209896,1253.0,12795,default,outlier,outlier,3.0,1.0,92.0,E,92,242,0.028905876731963688,29,24,12,0.8919122690139418,5
6799,e01f0fe4-eda5-35df-88b0-6acf38a87fdc,0.3582544563279857,0.088235294117647,1122.0,24118,default,outlier,outlier,1.0,1.0,99.0,E,99,290,0.029890744176458463,25,17,21,0.8907121901266379,5
131,8d1ce83b-c9cc-3a80-8ca8-eb222780d5fc,0.3539963547995139,0.1300121506682867,823.0,17481,default,outlier,outlier,1.0,1.0,107.0,E,107,276,0.02433433256921178,28,20,20,0.8875056587081982,5
16100,632bbacf-9412-33ea-ac64-df2cc7b330be,0.3996924939467312,0.1501210653753026,826.0,19809,default,outlier,outlier,2.0,1.0,124.0,E,124,289,0.01894833464463677,27,21,17,0.8861312107255204,5
24167,4fa99067-a8fb-3cf4-a221-f32433320ea7,0.0906253323664491,0.0181290790427846,72.57894736842105,22496,default,Normal,normal,67.0,57.0,75.0,F,75,246,0.04432432432432432,17,32,19,0.8856141055743498,5
7745,89e16ac2-8e00-3904-aa37-e738391d8826,0.3328949579831932,0.0957983193277311,1190.0,23769,default,outlier,outlier,2.0,1.0,114.0,E,114,242,0.018785902810122653,29,21,14,0.8846104949783383,5
16992,e2498c02-c30e-3daa-8840-fbda9ec9e512,0.3173186504217432,0.0909090909090909,1067.0,20315,default,outlier,outlier,1.0,1.0,97.0,E,97,308,0.03307560137457045,21,20,16,0.8819642822861258,5
2142,b0d32d7d-7957-3d6a-acaa-5d7a3e9dc5db,0.2171667731629393,0.0741214057507987,1565.0,20392,default,outlier,outlier,2.0,1.0,116.0,E,116,304,0.022788605697151423,21,17,16,0.8815525892989863,5
6353,bb89e321-a907-3d20-b050-5292b8e2e76c,0.2114502164502164,0.0606060606060606,1386.0,17585,default,outlier,outlier,2.0,1.0,84.0,E,84,255,0.03657487091222031,26,19,17,0.88104663249301,5
8232,1a74de16-83ce-3d26-bc33-948e959921b3,0.2352843068261787,0.0612244897959183,1421.0,20061,default,outlier,outlier,1.0,1.0,87.0,E,87,242,0.03234429296979417,24,18,19,0.8799715424109749,5
4726,9ee9f899-c80b-3a60-8b11-b89c660e1604,0.5341145510835913,0.1465428276573787,969.0,31054,default,outlier,outlier,2.0,1.0,142.0,E,142,359,0.0179302766956348,34,19,15,0.878928250438214,5
7268,5273fe5e-ea08-34de-ac8c-a0ded8be6d0a,0.4754732858414959,0.0845948352626892,1123.0,32038,default,outlier,outlier,1.0,1.0,95.0,E,95,276,0.030907054871220606,23,18,16,0.8762636272225912,5
15460,59ad2597-0d83-3302-bc26-8466eeef055e,0.000165366972477,0.0243119266055045,2180.0,22,default,outlier,outlier,122.0,1.0,53.0,E,53,190,0.06894049346879536,19,18,32,0.8762468806678809,5
196,434d2280-6cb7-39e0-a12f-604de08cc7a0,0.4741092077087794,0.1199143468950749,934.0,26570,default,outlier,outlier,2.0,1.0,112.0,E,112,256,0.02059202059202059,30,19,14,0.8638225446128929,5
24353,ae57543e-c0c2-3027-8948-15009b890405,0.0604364615024572,0.0159138778375848,56.973333333333336,15495,default,Normal,normal,103.0,75.0,68.0,F,68,172,0.03775241439859526,12,27,17,0.8636677248694127,5
21983,4335e56f-3d59-3e03-92fa-29b1def5b4cc,0.0653049953459509,0.0100837728824076,79.58024691358025,25258,default,Normal,normal,92.0,81.0,65.0,F,65,163,0.03918269230769231,11,27,17,0.8628888298784947,5
19596,53c26c4c-7981-3a23-8ab9-64d1840d70b6,0.0934595816845675,0.0214810627473148,59.96610169491525,19840,default,Normal,normal,69.0,59.0,76.0,F,76,192,0.03368421052631579,14,23,18,0.8625011405138976,5
964,2c9e1f42-faf9-36d4-988b-8c6dcbf2eca4,6.054365733113674e-05,0.0210049423393739,2428.0,9,default,outlier,outlier,30.0,1.0,51.0,E,51,238,0.09333333333333334,20,22,23,0.8618937579319131,5
23035,f0b610bc-0af8-31b5-ab84-062f46277943,0.0717953872526102,0.0101293439301854,77.3132530120482,27643,default,Normal,normal,97.0,83.0,65.0,F,65,152,0.03653846153846154,10,27,17,0.8616393132500122,5
10267,fd0fadc0-306e-30ed-9cac-ae4b31e35a30,0.1758109756097561,0.0532734274711168,1558.0,16435,default,outlier,outlier,1.0,1.0,83.0,E,83,291,0.04275639141933588,24,16,16,0.8594009682364363,5
16813,c6f92c5f-059e-3e96-9404-0e23294ddcd8,0.0003648247177658,0.0338680926916221,1683.0,37,default,outlier,outlier,127.0,1.0,57.0,E,57,214,0.06704260651629072,14,17,32,0.8573108730557177,5
9444,a9cfd23b-30bb-34fc-bc55-d6910ae9b311,0.7006893382352941,0.0762867647058823,1088.0,45741,default,outlier,outlier,2.0,1.0,83.0,E,83,264,0.03878930355568616,29,19,14,0.8560869178258663,5
13138,7e8c418e-21aa-3d3e-a1a9-8a025b186cc2,3.894616265750287e-05,0.0320733104238258,1746.0,5,default,outlier,outlier,69.0,1.0,56.0,E,56,189,0.06136363636363636,16,19,27,0.8551967348901981,5
2428,f1a78288-4e58-3f52-bbaa-4420173fff35,0.42750346740638,0.1678224687933426,721.0,18494,default,outlier,outlier,2.0,1.0,121.0,E,120,296,0.02072829131652661,26,20,15,0.854273429704308,5
31600,eaa8fa85-01ea-32c4-aad2-14dcddc1431b,0.0843225039619651,0.0202852614896988,47.08955223880597,15963,default,Normal,normal,78.0,67.0,64.0,F,64,153,0.03794642857142857,13,27,19,0.8534476941333942,5
25009,a6cd1f7b-71fd-310e-9a1d-54ed426b820a,0.0751444690265486,0.0143805309734513,64.57142857142857,20380,default,Normal,normal,80.0,70.0,65.0,F,65,173,0.04158653846153846,13,30,16,0.8532190926874563,5
1110,c29c49cd-f902-37d5-97e6-65ae540be1c5,0.2508304526748971,0.0847736625514403,1215.0,18286,default,outlier,outlier,2.0,1.0,103.0,E,103,270,0.02569960022844089,25,17,13,0.8531382616635992,5
4283,7baef533-a1e0-3e15-84af-e5c94b343154,0.4788252536640361,0.133032694475761,887.0,25484,default,outlier,outlier,4.0,1.0,118.0,E,118,301,0.021802115022454004,29,17,15,0.852993938086867,5
1020,d48d22fb-4d63-3918-bf59-fd74f59a930f,0.4699984227129337,0.1104100946372239,951.0,26819,default,outlier,outlier,3.0,1.0,105.0,E,105,227,0.020787545787545787,26,21,11,0.8509895509101675,5
5248,3774ab92-1815-3609-bb17-ecfd0dfe30d1,0.0007882608695652,0.0226086956521739,2300.0,109,default,outlier,outlier,40.0,1.0,52.0,E,52,180,0.06787330316742081,20,20,23,0.8507458088158164,5
12149,7fa13d3e-6d42-32ba-83bd-04c688638687,0.373309152872444,0.1061343719571567,1027.0,23004,default,outlier,outlier,2.0,1.0,109.0,E,109,267,0.0226809378185525,28,16,13,0.8498601860065544,5
26294,855d81cf-3b02-3833-a891-73a28dac230f,0.0792360449285228,0.0108917631041524,76.31168831168831,27936,default,Normal,normal,90.0,77.0,64.0,F,64,149,0.03695436507936508,13,23,15,0.8490626345928629,5
22713,428598a0-273d-302b-8ece-a906ac6c5dc3,0.0864875835721108,0.0162368672397325,72.20689655172414,21733,default,Normal,normal,70.0,58.0,68.0,F,68,170,0.03731343283582089,13,31,20,0.8485916179772264,5
14765,af5e88e1-ee60-3677-b69f-bc6d6a4b2751,0.5995986206896552,0.16,725.0,26083,default,outlier,outlier,2.0,1.0,116.0,E,116,250,0.018740629685157422,27,20,15,0.8481854200139121,5
8322,2112fc76-d64a-3503-a694-5abca1aec9eb,3.215189873417722e-05,0.030886075949367,1975.0,4,default,outlier,outlier,82.0,1.0,61.0,E,61,195,0.05327868852459016,17,14,27,0.8460454888880333,5
19794,c6f29ac0-bb75-3f61-901d-54f746a5f9aa,0.0025801033591731,0.0111972437553832,2322.0,360,private_ip,outlier,outlier,106.0,1.0,26.0,F,26,156,0.24,13,14,1,0.845657119548543,5
3381,dc440d09-6a06-36d0-98b9-145628a1bed4,0.2512237403928266,0.0717335610589239,1171.0,17651,default,outlier,outlier,6.0,1.0,84.0,E,84,228,0.03270223752151463,24,18,15,0.8449221603798296,5
12827,cb23cc5c-de13-324f-96c9-af21a702f52e,9.003939223410241e-05,0.0348902644907146,1777.0,10,default,outlier,outlier,80.0,1.0,62.0,E,62,213,0.05631940772078266,13,15,30,0.8405487425595783,5
11855,281d3ac2-459c-352d-bee2-d90086703c37,0.2844736673089274,0.0571612074502247,1557.0,26576,default,outlier,outlier,1.0,1.0,89.0,E,89,259,0.03306945863125638,17,18,17,0.8377212995085012,5
7245,1df9a481-e67e-3301-af63-3d1b09d1c700,1.319300963081862,0.1717495987158908,623.0,49316,default,outlier,outlier,3.0,1.0,107.0,E,107,268,0.023628989596191148,25,17,16,0.8336271014016663,5
2921,7f99e403-37d4-3bd3-a1a3-76ba9da2b0a4,0.74519875,0.1225,800.0,35770,default,outlier,outlier,2.0,1.0,98.0,E,98,213,0.022406900904691773,27,23,10,0.8332549714613475,5
662,af9660ad-6af0-39e4-87cf-6782b0a5f3b1,2.0526550647032576e-05,0.0151717983043284,2241.0,3,private_ip,outlier,outlier,111.0,1.0,34.0,E,31,99,0.1064516129032258,17,15,12,0.8328939314773266,5
27624,00875271-5d16-37eb-8be6-a93fd0605891,0.0707801348462423,0.0101956914981088,69.10227272727273,25825,default,Normal,normal,109.0,88.0,62.0,F,62,142,0.0375462718138551,12,24,16,0.8314690686101197,5
25674,a0069b44-15bb-3cf0-bd90-6fd6dc2f84dd,0.0123979475484606,0.072976054732041,9.853932584269662,653,default,Normal,normal,135.0,89.0,64.0,F,64,135,0.033482142857142856,7,15,23,0.829996706620312,5
12451,bef507f5-c7ce-37a8-90c5-8616aa85779d,0.0005384118786313,0.0374435119431891,1549.0,51,default,outlier,outlier,93.0,1.0,58.0,E,58,181,0.054748941318814276,15,14,26,0.8289238928967435,5
13643,d81b1d68-7ff0-3238-abed-9b91b07beda6,0.1918424369747899,0.2121848739495798,476.0,5480,default,outlier,outlier,3.0,1.0,101.0,E,101,211,0.020891089108910892,24,19,17,0.8284039068928974,5
14201,d9c47543-166c-3dc2-9653-c1b670a9c83c,1.4910123697916668,0.1315104166666666,768.0,68706,default,outlier,outlier,1.0,1.0,101.0,E,101,276,0.027326732673267327,25,15,18,0.8275698968368406,5
7617,2d416b41-aa63-39a3-869c-d082e8f9ce23,3.714493809176984e-05,0.0480699198834668,1373.0,4,default,outlier,outlier,81.0,1.0,66.0,E,66,177,0.04125874125874126,14,12,24,0.826455482656473,5
12655,f1accfa7-7e56-3005-952d-aac2ce317aa6,1.8461911764705885,0.1764705882352941,714.0,79091,default,outlier,outlier,1.0,1.0,126.0,E,126,307,0.01949206349206349,25,13,21,0.8254498294749437,5
19694,94a7e546-e1ff-3aa8-bf46-e0e73ef91bd6,0.0894280335939762,0.0191138140747176,56.60655737704918,18528,default,Normal,normal,71.0,61.0,66.0,F,66,158,0.03682983682983683,11,24,18,0.8248540145203662,5
29468,934292b0-36ac-3b1a-99e6-091c09d36730,0.0161039084842707,0.0714966634890371,12.488095238095235,1014,default,Normal,normal,119.0,84.0,75.0,F,75,145,0.026126126126126126,7,17,18,0.824160271036265,5
16541,9b261f0f-2a41-3660-82c8-767f180a4cea,0.1455294117647058,0.0472787245739417,1819.0,15884,default,outlier,outlier,1.0,1.0,86.0,E,86,203,0.02777017783857729,17,24,10,0.8239752251202853,5
6642,1a211935-1c04-3b29-be82-cca5e64132e2,0.3379252688172043,0.1032258064516129,930.0,18857,default,outlier,outlier,3.0,1.0,96.0,E,96,236,0.02587719298245614,19,19,13,0.8227656807963738,5
804,5429d841-4443-3583-9fd9-47e3d360ff1c,0.3818196202531645,0.0759493670886076,1264.0,28958,default,outlier,outlier,2.0,1.0,96.0,E,95,272,0.03045912653975364,20,15,12,0.8225625001453964,5
17182,1a7b2116-e563-3897-ab54-93f36e690507,1.6177957532861477e-05,0.025278058645096,1978.0,2,default,outlier,outlier,96.0,1.0,50.0,E,50,194,0.07918367346938776,16,15,22,0.8220657286391273,5
14226,0ee55549-923f-32dd-95bb-7f9ac6b06fe5,0.7964657853810264,0.1866251944012441,643.0,30728,default,outlier,outlier,2.0,1.0,120.0,E,120,244,0.017086834733893556,23,19,14,0.8209277753403978,5
6570,3792200d-cdc2-3138-a845-ac6e8b8ec341,6.766642282370155e-05,0.0395025603511338,1367.0,6,default,outlier,outlier,81.0,1.0,54.0,E,54,170,0.0593990216631726,19,14,24,0.8174110451112023,5
6570,3792200d-cdc2-3138-a845-ac6e8b8ec341,6.766642282370155e-05,0.0395025603511338,1367.0,6,default,outlier,outlier,81.0,1.0,54.0,E,54,170,0.0593990216631726,19,14,24,0.8174110451112023,5
6568,3792200d-cdc2-3138-a845-ac6e8b8ec341,6.766642282370155e-05,0.0395025603511338,1367.0,6,default,outlier,outlier,81.0,1.0,54.0,E,54,170,0.0593990216631726,19,14,24,0.8174110451112023,5
6568,3792200d-cdc2-3138-a845-ac6e8b8ec341,6.766642282370155e-05,0.0395025603511338,1367.0,6,default,outlier,outlier,81.0,1.0,54.0,E,54,170,0.0593990216631726,19,14,24,0.8174110451112023,5
6570,3792200d-cdc2-3138-a845-ac6e8b8ec341,6.766642282370155e-05,0.0395025603511338,1367.0,6,default,outlier,outlier,81.0,1.0,54.0,E,54,170,0.0593990216631726,19,14,24,0.8174110451112023,5
6570,3792200d-cdc2-3138-a845-ac6e8b8ec341,6.766642282370155e-05,0.0395025603511338,1367.0,6,default,outlier,outlier,81.0,1.0,54.0,E,54,170,0.0593990216631726,19,14,24,0.8174110451112023,5
6569,3792200d-cdc2-3138-a845-ac6e8b8ec341,6.766642282370155e-05,0.0395025603511338,1367.0,6,default,outlier,outlier,81.0,1.0,54.0,E,54,170,0.0593990216631726,19,14,24,0.8174110451112023,5
6567,3792200d-cdc2-3138-a845-ac6e8b8ec341,6.766642282370155e-05,0.0395025603511338,1367.0,6,default,outlier,outlier,81.0,1.0,54.0,E,54,170,0.0593990216631726,19,14,24,0.8174110451112023,5
6567,3792200d-cdc2-3138-a845-ac6e8b8ec341,6.766642282370155e-05,0.0395025603511338,1367.0,6,default,outlier,outlier,81.0,1.0,54.0,E,54,170,0.0593990216631726,19,14,24,0.8174110451112023,5
6567,3792200d-cdc2-3138-a845-ac6e8b8ec341,6.766642282370155e-05,0.0395025603511338,1367.0,6,default,outlier,outlier,81.0,1.0,54.0,E,54,170,0.0593990216631726,19,14,24,0.8174110451112023,5
6567,3792200d-cdc2-3138-a845-ac6e8b8ec341,6.766642282370155e-05,0.0395025603511338,1367.0,6,default,outlier,outlier,81.0,1.0,54.0,E,54,170,0.0593990216631726,19,14,24,0.8174110451112023,5
6568,3792200d-cdc2-3138-a845-ac6e8b8ec341,6.766642282370155e-05,0.0395025603511338,1367.0,6,default,outlier,outlier,81.0,1.0,54.0,E,54,170,0.0593990216631726,19,14,24,0.8174110451112023,5
6568,3792200d-cdc2-3138-a845-ac6e8b8ec341,6.766642282370155e-05,0.0395025603511338,1367.0,6,default,outlier,outlier,81.0,1.0,54.0,E,54,170,0.0593990216631726,19,14,24,0.8174110451112023,5
6569,3792200d-cdc2-3138-a845-ac6e8b8ec341,6.766642282370155e-05,0.0395025603511338,1367.0,6,default,outlier,outlier,81.0,1.0,54.0,E,54,170,0.0593990216631726,19,14,24,0.8174110451112023,5
6569,3792200d-cdc2-3138-a845-ac6e8b8ec341,6.766642282370155e-05,0.0395025603511338,1367.0,6,default,outlier,outlier,81.0,1.0,54.0,E,54,170,0.0593990216631726,19,14,24,0.8174110451112023,5
6569,3792200d-cdc2-3138-a845-ac6e8b8ec341,6.766642282370155e-05,0.0395025603511338,1367.0,6,default,outlier,outlier,81.0,1.0,54.0,E,54,170,0.0593990216631726,19,14,24,0.8174110451112023,5
25995,43bc2c53-e7a2-3d7c-a4e3-dabb1d373d8a,0.0152237600922722,0.0761245674740484,11.56,792,default,Normal,normal,101.0,75.0,66.0,F,66,126,0.02937062937062937,10,18,20,0.8152355227683104,5
26130,be8ca619-fa4f-3bd4-af74-dac1a598442d,0.0764934827349645,0.0150926137662931,64.30882352941177,20071,default,Normal,normal,85.0,68.0,66.0,F,66,143,0.03333333333333333,12,26,13,0.8140103338946787,5
30659,14a069c2-a484-3bb6-8b43-ab3fc7020dd0,0.114300064808814,0.0220349967595593,70.13636363636364,21164,default,Normal,normal,52.0,44.0,68.0,F,68,199,0.043678665496049165,13,23,16,0.8130357152686929,5
19869,930d527c-b67e-35ae-a781-0d0d1f6a6dd6,0.0710232831608654,0.0145813734713076,60.74285714285714,18120,default,Normal,normal,79.0,70.0,62.0,F,62,149,0.03939714436805923,12,24,15,0.8130220381281924,5
19247,dc3c2cbc-775a-3f5b-96d2-8b9423bde775,0.0730070213340534,0.0178233864434242,57.859375,16221,default,Normal,normal,83.0,64.0,66.0,F,66,158,0.03682983682983683,12,27,13,0.8128472012885575,5
20507,4dcf851a-0257-3af0-9f37-4518b6cde29b,0.02219,0.0192307692307692,1300.0,1731,private_ip,outlier,outlier,61.0,1.0,25.0,F,25,159,0.265,12,14,2,0.8122729596673125,5
26432,21f51cdf-f397-3d9b-8ef6-24333caa9362,0.0951554975340876,0.0182767624020887,58.42372881355932,19681,default,Normal,normal,67.0,59.0,63.0,F,63,155,0.03968253968253968,12,27,16,0.8120393342635638,5
14461,b2f53f12-4ed0-303e-8d06-0504b9f3d720,4.638088545326775e-05,0.0365425158116654,1423.0,4,default,outlier,outlier,121.0,1.0,52.0,E,52,170,0.0641025641025641,14,16,24,0.8100012211345471,5
7017,8ace0771-86e6-3729-ad13-3dcd7d43277b,0.3243585496866606,0.081468218442256,1117.0,21739,default,outlier,outlier,2.0,1.0,91.0,E,90,263,0.03283395755305868,22,14,15,0.8088920780672455,5
10260,e7bf7661-402a-383c-b294-8c17b1ab3de3,0.390310570626754,0.0860617399438727,1069.0,25035,default,outlier,outlier,1.0,1.0,92.0,E,92,240,0.02866698518872432,22,15,13,0.8082023000567377,5
14362,91a7b72a-ff50-3ce8-ad68-d413bdf36ea9,0.001833230389129,0.0321185917232859,1619.0,179,default,outlier,outlier,68.0,1.0,52.0,E,52,195,0.07352941176470588,16,14,21,0.8062435971774218,5
3083,4f3db9fe-49e4-3455-b8c5-a7b50b2808a9,0.6074802395209581,0.104191616766467,835.0,30435,default,outlier,outlier,2.0,1.0,87.0,E,87,201,0.0268644747393745,27,18,13,0.8057865116339633,5
598,d8c35306-1d22-3e57-b638-e2562a3e0674,0.612673417721519,0.1139240506329113,790.0,29041,default,outlier,outlier,2.0,1.0,90.0,E,90,212,0.026466916354556804,24,18,14,0.8054939355452335,5
6892,e111c76f-d4b2-3143-9301-358427faa598,0.0955592064476131,0.0526968381897086,1613.0,9249,default,outlier,outlier,2.0,1.0,85.0,E,85,190,0.02661064425770308,18,18,12,0.8048079691380168,5
21383,e196d5ef-7d62-37dc-a77d-8b17229511ed,0.0124794117647058,0.088235294117647,7.555555555555555,510,default,Normal,normal,114.0,90.0,60.0,F,60,115,0.03248587570621469,7,15,22,0.8042088483047161,5
11068,95a2a827-f97c-3e29-b255-b1c1cfb300d2,0.9479766423357664,0.1751824817518248,685.0,38962,default,outlier,outlier,2.0,1.0,120.0,E,120,257,0.01799719887955182,24,16,13,0.8040294414960674,5
20954,9c87a585-d4b3-368c-a0da-6717b7c4012e,0.0628967236467236,0.0147198480531813,56.91891891891892,15896,default,Normal,normal,95.0,74.0,62.0,F,62,149,0.03939714436805923,12,23,12,0.8036435889603193,5
13645,e27bbb76-d19c-3a2b-8a7a-a45716a9bdbc,1.6423357664233576e-05,0.0048661800486618,1644.0,2,private_ip,outlier,outlier,1070.0,1.0,8.0,E,7,8,0.19047619047619047,2,2,6,0.8024799736404065,5
21024,74d9bcf8-45a7-3934-be1d-a9edc7e7740f,0.068244688827793,0.0152461884528867,54.80821917808219,16383,default,Normal,normal,87.0,73.0,61.0,F,61,143,0.03907103825136612,12,26,14,0.8021342393494584,5
2135,9c2049c6-7b37-3601-b78c-5b268c83e779,1.5832805573147563e-05,0.0044331855604813,1579.0,2,private_ip,outlier,outlier,1364.0,1.0,7.0,E,6,6,0.2,2,1,5,0.8020701102878978,5
3329,527c5fda-7ac6-3356-ae72-a4886a03548b,0.1864975845410628,0.1038647342995169,828.0,9266,default,outlier,outlier,2.0,1.0,86.0,E,86,211,0.028864569083447332,26,20,7,0.801847952823117,5
6297,0da557aa-03e2-3be2-90fe-0b92b0c9974e,0.3534037656903765,0.0910041841004184,956.0,20272,default,outlier,outlier,1.0,1.0,87.0,E,87,225,0.030072173215717722,22,15,16,0.8001519915306989,5
7520,3c348d6d-ef57-3e31-8024-ffdf8b4fae28,3.247232472324723e-05,0.018450184501845,1355.0,3,private_ip,outlier,outlier,92.0,1.0,25.0,E,25,69,0.115,12,15,10,0.7992656511572469,5
5588,28bae9ea-c0c5-30bc-83fb-65ca5019e92a,1.9765739385065887e-05,0.0058565153733528,1366.0,2,private_ip,outlier,outlier,1193.0,1.0,8.0,E,6,6,0.2,2,1,5,0.7986393901643623,5
17705,1b414fac-ce1e-37ac-b07f-9e2486db8db4,1.990049751243781e-05,0.005685856432125,1407.0,2,private_ip,outlier,outlier,1228.0,1.0,8.0,E,6,6,0.2,2,1,5,0.7986393901643623,5
5630,b1b2bcf9-adb7-3e02-960e-58f8cd91b0e3,1.948051948051948e-05,0.0057720057720057,1386.0,2,private_ip,outlier,outlier,1202.0,1.0,8.0,E,6,6,0.2,2,1,5,0.7986393901643623,5
2740,9ad6f299-6e15-3c67-a7b2-db0f7267a17f,0.1374216748768472,0.0866995073891625,1015.0,8369,default,outlier,outlier,3.0,1.0,88.0,E,88,271,0.03539707419017764,26,13,12,0.7974755386830148,5
4577,d5016555-818f-387c-afeb-e94524aa9822,4.205336426914153e-05,0.0301624129930394,1724.0,5,default,outlier,outlier,53.0,1.0,52.0,E,52,189,0.07126696832579185,15,15,26,0.7967998418831184,5
34035,efe26724-6ee3-37ec-bc60-d256c6f2f154,0.1205566958277254,0.022207267833109,64.6086956521739,21498,default,Normal,normal,54.0,46.0,66.0,F,66,157,0.036596736596736595,11,25,16,0.7958326480413604,5
4987,a77c2eb4-367c-33a5-aee6-4779ef5c6115,0.3987233626588465,0.0830889540566959,1023.0,24474,default,outlier,outlier,2.0,1.0,85.0,E,85,214,0.02997198879551821,21,16,14,0.7958092515620215,5
4567,b62e5894-126e-364d-bd60-630268239f55,1.1034287812041117,0.1292217327459618,681.0,45087,default,outlier,outlier,1.0,1.0,88.0,E,88,220,0.028735632183908046,21,19,13,0.7955864152938057,5
25388,743171e5-a58e-385a-b830-a87320677089,0.0770346701164294,0.015006468305304,58.56060606060606,17865,default,Normal,normal,75.0,66.0,58.0,F,58,140,0.04234724742891712,11,22,17,0.7955250622473857,5
20878,b0c22af4-341d-3219-af22-1499ff5657fe,0.0062615789473684,0.0705263157894736,11.585365853658535,357,default,Normal,normal,101.0,82.0,67.0,F,67,118,0.02668475802804161,8,16,17,0.7951881278786959,5
2201,78e5b63e-9e80-3db2-bce0-722330695c4e,0.3350388471177944,0.1403508771929824,798.0,16042,default,outlier,outlier,2.0,1.0,112.0,E,112,269,0.021637709137709137,23,12,16,0.794123505525183,5
27931,980f26da-ff44-33a2-9980-f73b462125a2,0.1011733833177132,0.0187441424554826,60.39622641509434,19432,default,Normal,normal,67.0,53.0,60.0,F,60,143,0.0403954802259887,12,26,17,0.7930368169492549,5
26572,ab03e218-a62b-30a3-8e50-f53037c806c3,0.1219467787114846,0.0196078431372549,60.62264150943396,23509,default,Normal,normal,61.0,53.0,63.0,F,63,139,0.03558627752176139,10,27,16,0.7918640035157167,5
7598,f90bff13-cf5f-3d49-add5-0806b5753460,1.607717041800643e-05,0.0057877813504823,1555.0,2,private_ip,outlier,outlier,1148.0,1.0,9.0,E,8,8,0.14285714285714285,2,3,5,0.7911466675895432,5
3184,638d35b4-f401-3155-a047-2dfed55a79b9,0.921594744121715,0.1410788381742738,723.0,39979,default,outlier,outlier,1.0,1.0,102.0,E,101,241,0.023861386138613862,23,16,13,0.7910616824135253,5
15379,35a8e50a-356f-36af-af6e-bd9301694a1f,2.808219178082192e-05,0.0342465753424657,1460.0,3,default,outlier,outlier,40.0,1.0,50.0,E,50,183,0.0746938775510204,13,19,23,0.7898997882905305,5
7929,a6a962b4-5420-3f48-9469-c1b06bdf0397,0.8698953804347827,0.1141304347826086,736.0,38415,default,outlier,outlier,2.0,1.0,84.0,E,84,203,0.029116465863453816,20,20,12,0.7895952102587545,5
16171,08d225f8-6723-3fa4-8e1c-0e7d0b3c0f38,1.902587519025875e-05,0.0060882800608828,1314.0,2,private_ip,outlier,outlier,1134.0,1.0,8.0,E,6,6,0.2,2,1,5,0.7894763314626172,5
27638,262094e9-9242-3265-80d8-58c92a1320fe,0.017101409978308,0.0737527114967462,10.359550561797754,947,default,Normal,normal,117.0,89.0,68.0,F,68,117,0.025680421422300263,8,13,16,0.7892819673637546,5
3950,4f60c2e6-2e56-36bf-8836-f56770f6c21a,35.565704918032786,0.3333333333333333,183.0,390512,private_ip,outlier,outlier,1.0,1.0,61.0,E,61,113,0.03087431693989071,12,9,9,0.788175643373954,5
12285,c3c33e06-036b-3a20-85b2-6ead2f059bdc,4.542124542124542e-05,0.0432234432234432,1365.0,4,default,outlier,outlier,76.0,1.0,59.0,E,59,170,0.049678550555230856,12,15,29,0.7879510989397323,5
11904,a355e888-9cb3-33e4-9fc4-e44239a32e13,0.7558842337375965,0.0992282249173098,907.0,41136,default,outlier,outlier,2.0,1.0,90.0,E,90,208,0.025967540574282147,21,13,17,0.7879288922382656,5
7200,763e51b2-06ea-3d53-aea2-143b55af0cb6,1.771117166212534e-05,0.0054495912806539,1468.0,2,private_ip,outlier,outlier,1068.0,1.0,8.0,E,7,7,0.16666666666666666,2,2,5,0.7859709069411611,5
30816,c5b96c8f-b589-385f-9ef4-1aec6c16a758,0.0188475967174677,0.0679953106682297,9.271739130434783,965,default,Normal,normal,115.0,92.0,58.0,F,58,110,0.03327283726557774,9,18,18,0.7859130741224494,5
24370,f6fdcb2c-8267-311a-8efc-6a8030be8065,0.1120540765391015,0.0124792013311148,78.81967213114754,32326,default,Normal,normal,70.0,61.0,60.0,F,60,145,0.04096045197740113,12,22,15,0.785820344361644,5
6153,68367e6f-8ab1-3109-ade4-891f783e14e4,0.8872584175084175,0.1632996632996633,594.0,31622,default,outlier,outlier,1.0,1.0,97.0,E,97,257,0.027598797250859106,21,15,21,0.7857673696220185,5
5957,76554d78-85ab-3289-a916-255a1ac732df,1.852628205128205,0.2008547008547008,468.0,52022,default,outlier,outlier,2.0,1.0,94.0,E,94,197,0.022534889041409288,23,16,15,0.7848211777575146,5
15755,ad776986-2c00-384c-9208-b36b1b836256,1.9623875715453804e-05,0.0065412919051512,1223.0,2,private_ip,outlier,outlier,1051.0,1.0,8.0,E,6,6,0.2,2,1,5,0.7843650176045744,5
10531,ed75a55c-bfb0-3b22-a121-49ec0d6f8876,2.0202020202020203e-05,0.0062160062160062,1287.0,2,private_ip,outlier,outlier,1089.0,1.0,8.0,E,6,6,0.2,2,1,5,0.7843650176045744,5
33978,412d62e0-bbad-39ea-a3d5-3a7b153aa030,0.064540687919463,0.011744966442953,63.57333333333333,18464,default,Normal,normal,98.0,75.0,56.0,F,56,119,0.038636363636363635,12,24,13,0.7843194333863508,5
15688,d0921e71-d3c7-3298-b075-7949908a33b8,2.1455938697318007e-05,0.0053639846743295,1305.0,2,private_ip,outlier,outlier,1141.0,1.0,7.0,E,6,6,0.2,2,1,5,0.7842433650062108,5
32568,ccb24f41-d3fc-3fb2-94d8-058c7dde2c23,0.0375622406639004,0.0774550484094052,7.53125,1630,default,Normal,normal,118.0,96.0,56.0,F,56,101,0.03279220779220779,9,14,20,0.7832105942236924,5
14418,34ebc2dc-5ae1-3727-9368-440eb349f73f,1.9984012789768184e-05,0.005595523581135,1251.0,2,private_ip,outlier,outlier,1060.0,1.0,7.0,E,6,6,0.2,2,1,5,0.7825431724417369,5
16025,89c6d916-5c37-33e9-916f-f2fc34eb79a2,0.4331785137318255,0.0605815831987075,1238.0,32177,default,outlier,outlier,3.0,1.0,75.0,E,75,205,0.036936936936936934,20,19,11,0.7824979407204122,5
15443,1a1c2722-61bc-370e-bf44-5e9c4c3a2770,1.86706497386109e-05,0.0074682598954443,1339.0,2,private_ip,outlier,outlier,1142.0,1.0,10.0,E,8,8,0.14285714285714285,3,2,5,0.782408643386256,5
15251,97987491-faf8-3feb-804e-3541c3b04b9f,0.2414410555174777,0.04592186429061,1459.0,21136,default,outlier,outlier,2.0,1.0,67.0,E,67,199,0.04500226142017187,22,18,12,0.7820371579042565,5
6966,e7d0cdae-4a93-3f23-a73d-614a9827d962,1.730103806228374e-05,0.0062283737024221,1445.0,2,private_ip,outlier,outlier,1086.0,1.0,9.0,E,7,7,0.16666666666666666,2,2,5,0.7818849533652463,5
22622,43793006-394b-36cc-b965-6bebe5f7949f,0.1504140681653372,0.0261058738216098,74.54054054054055,24891,default,Normal,normal,43.0,37.0,72.0,F,72,168,0.03286384976525822,14,25,13,0.7802355931884778,5
7648,69deb9d9-de94-3f7d-b8c3-1a2864679c0b,0.0001774193548387,0.0273889227023737,1643.0,18,default,outlier,outlier,24.0,1.0,45.0,E,45,179,0.0904040404040404,18,20,21,0.7790872869060598,5
12875,6c571a82-19c0-3b49-9934-b64cce582729,2.168473728106756e-05,0.006672226855713,1199.0,2,private_ip,outlier,outlier,1014.0,1.0,8.0,E,6,6,0.2,2,1,5,0.777756928821509,5
3221,f267d608-cbac-310d-b32e-3e05984d9c6c,2.266545784224841e-05,0.0072529465095194,1103.0,2,private_ip,outlier,outlier,920.0,1.0,8.0,E,6,6,0.2,2,1,5,0.777756928821509,5
19622,ad413f33-4f5b-3bd6-940f-16f39b9c8be7,0.0945205393540294,0.0181875195986202,56.94642857142857,18086,default,Normal,normal,62.0,56.0,58.0,F,58,140,0.04234724742891712,11,27,15,0.7775153185063819,5
26268,37284957-785f-3d43-afcb-a2ee6608d439,0.0885074977947662,0.0161717142017053,56.68333333333333,18061,default,Normal,normal,73.0,60.0,55.0,F,55,133,0.04478114478114478,11,24,17,0.776986168874537,5
9907,dc576722-dad1-36d6-bfaf-36fb2bf45b57,2.155172413793104e-05,0.0060344827586206,1160.0,2,private_ip,outlier,outlier,989.0,1.0,7.0,E,6,6,0.2,2,1,5,0.7759422657646524,5
12379,ef4b0c9e-8a65-39ee-932a-5054f164aafd,2.220248667850799e-05,0.0062166962699822,1126.0,2,private_ip,outlier,outlier,933.0,1.0,7.0,E,6,6,0.2,2,1,5,0.7759422657646524,5
18464,6ef83c6c-161c-32df-a512-f340cbbb0cb8,0.0601590812420246,0.0123351765206295,66.22535211267606,16973,default,Normal,normal,87.0,71.0,58.0,F,58,127,0.038415003024803385,12,23,13,0.7752468910812103,5
9494,2d059e05-d0e6-3bb4-b200-dca2031a32de,0.0001153603034134,0.0347661188369153,1582.0,11,default,outlier,outlier,52.0,1.0,55.0,E,55,172,0.057912457912457915,14,15,27,0.7746313517716348,5
8750,890cc4e1-a7cf-390b-a4c6-bd34943216bd,0.0001159322033898,0.0352542372881355,1475.0,11,default,outlier,outlier,35.0,1.0,52.0,E,52,182,0.06862745098039216,15,19,17,0.7745344156625312,5
29044,42de59d0-ec83-3975-9b31-9886189f6ba8,0.109230975828111,0.0132050134288272,74.46666666666667,29283,default,Normal,normal,75.0,60.0,59.0,F,59,131,0.03828170660432496,10,24,15,0.7732898229541196,5
28299,dacbcc30-9a93-35f5-b735-10f3f4c544f9,0.0672210558499796,0.0124337545862209,69.09859154929578,19788,default,Normal,normal,90.0,71.0,61.0,F,61,126,0.03442622950819672,10,23,12,0.7730165554478114,5
10946,42f6c428-e470-338b-94f0-049b135b5309,0.0002196589769307,0.0591775325977933,997.0,14,default,outlier,outlier,52.0,1.0,59.0,E,59,183,0.05347749853886616,16,17,26,0.7728010092822252,5
34333,eb0d9697-da49-3ffb-9f8d-ce0fab981a23,840.8206153846154,0.0256410256410256,39.0,1967521,datacenter,outlier,outlier,1.0,1.0,1.0,F,1,1,0.0,1,1,1,0.7721964159487427,4
27992,764e9d31-3f3c-30ae-a57f-7df204b6e467,0.1289315835712716,0.0142763013397759,78.5,35222,default,Normal,normal,70.0,58.0,65.0,F,65,150,0.036057692307692304,12,21,14,0.7718870442686254,5
26249,fa7f01ae-e5b7-3bec-bd91-6cc4fcb7601b,0.1025217988328184,0.0209406110538963,52.96363636363636,17919,default,Normal,normal,69.0,55.0,61.0,F,61,138,0.03770491803278689,12,26,14,0.771501975653746,5
34308,a6d43719-2b50-3aed-a218-12ed94de5176,0.0974652850831054,0.0126236061434883,74.265625,27796,default,Normal,normal,74.0,64.0,60.0,F,60,133,0.037570621468926556,10,23,14,0.7697960797703897,5
5883,bd238783-3989-3b96-bc0c-7dde1ce3084b,2.205882352941177e-05,0.0073529411764705,1088.0,2,private_ip,outlier,outlier,896.0,1.0,8.0,E,6,6,0.2,2,1,5,0.7694087251034697,5
23591,c3367779-e611-3b81-9313-88921cc31708,848.9697419354839,0.032258064516129,31.0,1579084,datacenter,outlier,outlier,1.0,1.0,1.0,F,1,1,0.0,1,1,1,0.7693840796806124,4
2868,fbfb4002-3e30-346f-817a-e1a2ad4fa476,2.0819494584837543,0.1588447653429603,554.0,69204,default,outlier,outlier,2.0,1.0,88.0,E,88,197,0.025731452455590387,24,15,13,0.7693040884899078,5
11527,b9c666db-b2ed-3fb1-b8b5-859ddee4e2d6,0.2153640776699029,0.1391585760517799,618.0,7986,default,outlier,outlier,3.0,1.0,86.0,E,86,200,0.027359781121751026,21,16,15,0.7684688479812848,5
1946,7234d6ee-dd3f-3717-a549-40c3c3aab825,0.3800905797101449,0.1014492753623188,966.0,22031,default,outlier,outlier,2.0,1.0,98.0,E,98,259,0.027245949926362298,21,12,14,0.7674328904097628,5
12754,10d42a89-3a17-30a6-8e24-d214d5810bf9,0.0001297376093294,0.0422740524781341,1372.0,11,default,outlier,outlier,53.0,1.0,58.0,E,58,162,0.04900181488203267,16,13,23,0.767004626887835,5
15579,dc7a8801-8bb6-3355-b833-3f339b46850a,3.9716832061068703,0.2646310432569974,393.0,93653,default,outlier,outlier,1.0,1.0,104.0,E,104,196,0.018297236743838687,20,13,15,0.7667228927876797,5
10287,2a6237a8-0394-31d4-b176-f00370bde4e0,1.802656546489564e-05,0.0066413662239089,1054.0,2,private_ip,outlier,outlier,863.0,1.0,7.0,E,6,6,0.2,2,1,5,0.7664807367478552,5
10550,26c57b3e-04b5-3198-bf72-6f1883f1d94b,2.354048964218456e-05,0.0065913370998116,1062.0,2,private_ip,outlier,outlier,878.0,1.0,7.0,E,6,6,0.2,2,1,5,0.7664807367478552,5
4954,612a4555-7093-3c03-9d89-2f5a51a2f585,2.378774016468436e-05,0.0091491308325709,1093.0,2,private_ip,outlier,outlier,934.0,1.0,10.0,E,9,11,0.1527777777777778,3,3,6,0.766152967563098,5
12841,fca53020-66d3-3325-8a23-13499f4bc1e1,1.0358565737051793e-05,0.0063745019920318,1255.0,1,private_ip,outlier,outlier,657.0,1.0,8.0,E,7,8,0.19047619047619047,2,2,6,0.7660857852177623,5
3259,82116db1-266f-37ab-9008-ee61746e3f2f,0.7201720901126408,0.1038798498122653,799.0,34526,default,outlier,outlier,1.0,1.0,83.0,E,83,213,0.03129591536879224,25,15,14,0.76603746668283,5
26427,014877c0-41a5-33ec-ab24-77c334dceb79,0.1133052531945101,0.0137245622337908,82.86274509803921,28730,default,Normal,normal,59.0,51.0,58.0,F,58,131,0.039624924379915306,11,24,16,0.765000187166798,5
20492,224a26b8-c810-38f4-a621-0b62b98f629f,0.0656056680161943,0.0159244264507422,60.73770491803279,14585,default,Normal,normal,75.0,61.0,59.0,F,59,145,0.0423728813559322,13,22,13,0.7648433873565548,5
12412,5114858b-4d42-34d8-b5ee-50c44a2f1086,0.9935464285714286,0.1357142857142857,700.0,41729,default,outlier,outlier,1.0,1.0,95.0,E,95,257,0.02877939529675252,22,14,15,0.7641411186236295,5
20002,244f38bb-fd40-3acb-8d7c-4151a3d0e133,0.0143331626120358,0.0099871959026888,229.7058823529412,3359,default,Normal,normal,177.0,17.0,39.0,F,39,237,0.15991902834008098,21,21,9,0.762753801912947,5
20608,9a301ba6-2393-3e03-8764-4c5a5d3ccf07,0.1627389775493643,0.0175818230998106,77.02083333333333,36099,default,Normal,normal,57.0,48.0,65.0,F,65,149,0.03581730769230769,11,20,15,0.7617378331120916,5
7031,bbb8be8e-1e65-304e-995a-45f352f54be9,2.33739837398374e-05,0.0071138211382113,984.0,2,private_ip,outlier,outlier,802.0,1.0,7.0,E,6,6,0.2,2,1,5,0.7614393296864603,5
11610,91810fa8-c2c6-3cb2-968d-20abfba25757,1.976284584980237e-05,0.0069169960474308,1012.0,2,private_ip,outlier,outlier,817.0,1.0,7.0,E,6,6,0.2,2,1,5,0.7614393296864603,5
13907,e0f59b2d-ff0e-3185-ae35-be8d86f045f0,0.4840700549450549,0.1236263736263736,728.0,21145,default,outlier,outlier,3.0,1.0,90.0,E,90,235,0.02933832709113608,24,15,13,0.7606948791689263,5
26436,3724c007-30db-39c4-a1de-22e3f51e5140,0.1716888888888889,0.0259259259259259,71.47058823529412,25033,default,Normal,normal,40.0,34.0,63.0,F,63,155,0.03968253968253968,14,24,15,0.7601606382486934,5
3185,677cf61f-c097-36d3-bc48-8997fb99782f,1.7293997965412005e-05,0.0071210579857578,983.0,2,private_ip,outlier,outlier,781.0,1.0,7.0,E,6,6,0.2,2,1,5,0.759203626529323,5
20083,119d8d0a-5c31-3b98-aba2-d727d079fcd1,0.0974420121774427,0.0165265294288199,63.87037037037037,20165,default,Normal,normal,68.0,54.0,57.0,F,57,121,0.03790726817042606,11,24,15,0.7588510548788566,5
31472,4c1baee5-351f-3543-9d75-40ac60b3f228,0.1028692990511172,0.017447199265381,54.45,20165,default,Normal,normal,73.0,60.0,57.0,F,57,126,0.039473684210526314,10,26,13,0.7579278461978376,5
2151,d3a075cf-62f6-35c8-8623-225999af6de4,0.7277707509881423,0.1198945981554677,759.0,33143,default,outlier,outlier,2.0,1.0,91.0,E,91,205,0.025030525030525032,19,12,21,0.7574260157556367,5
3473,dfd78806-b354-33ee-972e-e2fdef3b7736,2.1852237252861603e-05,0.0072840790842872,961.0,2,private_ip,outlier,outlier,785.0,1.0,7.0,E,6,6,0.2,2,1,5,0.7569709466185585,5
31639,715b9ffe-bd17-39eb-a29a-4b3de586ca2a,0.0926070782743477,0.0154998708344097,66.74137931034483,21509,default,Normal,normal,77.0,58.0,60.0,F,60,119,0.03361581920903955,12,24,13,0.7563624701095144,5
21665,12e1f8b0-3693-3df6-abc7-ee53bf07e9de,0.0076952714535901,0.1225919439579684,8.157142857142857,264,default,Normal,normal,89.0,70.0,70.0,F,70,118,0.02443064182194617,7,14,14,0.7556808819458636,5
669,c5c670f5-3c00-3609-bd8e-2ea29890e74d,1.808510638297872e-05,0.0085106382978723,940.0,2,private_ip,outlier,outlier,755.0,1.0,8.0,E,6,6,0.2,2,1,5,0.7552357425833278,5
8478,d53d1646-1723-3715-aa80-ce3a92aab8a6,0.5229102803738318,0.2037383177570093,535.0,16786,default,outlier,outlier,4.0,1.0,109.0,E,109,224,0.019028202514441046,22,13,14,0.7551771671155935,5
23314,f9bce473-ad56-36d2-972f-2de55d188d0c,0.0384184118673647,0.0125072716695753,156.27272727272728,7925,default,Normal,normal,164.0,22.0,43.0,F,43,254,0.1406423034330011,19,20,8,0.7537611102568871,5
5040,20dba05f-63bd-3c70-b6dc-225cf59bf4b7,0.1040434988179669,0.0264775413711583,2115.0,13204,default,outlier,outlier,1.0,1.0,56.0,E,56,217,0.07045454545454545,22,17,12,0.7535017372090671,5
12736,e7cda4dc-2d1b-3d9a-940f-9460030c2112,2.014846235418876e-05,0.0074231177094379,943.0,2,private_ip,outlier,outlier,752.0,1.0,7.0,E,6,6,0.2,2,1,5,0.7534455570345215,5
523,f6fb7437-56a9-3604-b070-ac84eca13379,1.097993492407809,0.2125813449023861,461.0,30371,default,outlier,outlier,2.0,1.0,98.0,E,98,216,0.022722491058278983,25,16,11,0.7531501214376768,5
6165,80b0fc27-8a33-3b8a-8384-0e0fb46cd152,0.635038873994638,0.113941018766756,746.0,28425,default,outlier,outlier,1.0,1.0,85.0,E,85,207,0.028991596638655463,25,13,15,0.7525240193779889,5
1270,87b43763-03de-3152-a052-67b97776f340,2.8037383177570094e-05,0.0161993769470405,1605.0,3,private_ip,outlier,outlier,103.0,1.0,26.0,E,26,58,0.08923076923076922,12,12,4,0.7520091915519608,5
23938,9cddfef1-7135-3726-958a-5ba29d8cc88b,0.095313865455332,0.0127622755786285,75.78688524590164,26439,default,Normal,normal,69.0,61.0,59.0,F,59,125,0.03652834599649328,9,25,14,0.7516902344062004,5
32147,82a7af95-0492-3b3a-8c74-054bd8d2135d,0.0977012811867835,0.0212407282535401,53.92727272727273,17387,default,Normal,normal,67.0,55.0,63.0,F,63,138,0.03533026113671275,9,24,12,0.7512942081096756,5
30256,4689f8bf-ec64-385e-9386-9db4010c1a03,0.1222727927927928,0.0219819819819819,60.32608695652174,20359,default,Normal,normal,60.0,46.0,61.0,F,61,126,0.03442622950819672,11,23,15,0.7512207700557929,5
12891,926255c3-7355-3a89-8872-4d3e4d3407fa,1.1330049261083744e-05,0.0078817733990147,1015.0,1,private_ip,outlier,outlier,628.0,1.0,8.0,E,7,8,0.19047619047619047,2,2,6,0.7511910107421867,5
24884,f096db53-8aa6-3117-8e23-26dfc9c4c155,0.0894916548797736,0.0164073550212164,65.46296296296296,18982,default,Normal,normal,66.0,54.0,58.0,F,58,125,0.03781004234724743,12,22,15,0.7511529570439993,5
16200,9174228d-f8cf-308e-977d-bfc3f0301c12,0.4511554404145078,0.0694300518134715,965.0,26122,default,outlier,outlier,1.0,1.0,67.0,E,67,213,0.04816824966078698,21,15,17,0.7505210264910109,5
11380,f6fe715c-2667-303d-a159-2d794705e572,0.0249920382165605,0.2197452229299363,314.0,471,private_ip,outlier,outlier,10.0,1.0,69.0,E,69,131,0.02791986359761296,18,12,8,0.7503005031547721,5
4565,b4f56ee1-d084-3376-8cd7-703f8fe8c468,2.7262813522355503e-05,0.0076335877862595,917.0,2,private_ip,outlier,outlier,739.0,1.0,7.0,E,6,6,0.2,2,1,5,0.7502264270916927,5
18382,79ef6537-de17-38bb-accc-f2ad28b3ef80,0.074985493898227,0.0131245682707805,66.81538461538462,19540,default,Normal,normal,76.0,65.0,57.0,F,57,132,0.041353383458646614,12,22,14,0.7501937673428343,5
14807,1d7c162d-9d6c-3c19-82fb-1438680b75b2,0.4770970149253731,0.1492537313432835,536.0,15344,default,outlier,outlier,2.0,1.0,80.0,E,80,205,0.03243670886075949,22,18,13,0.7499023536998843,5
20191,725690f1-0072-30ad-a894-ae178042489e,816.8762857142857,0.0357142857142857,28.0,1372353,datacenter,outlier,outlier,1.0,1.0,1.0,F,1,1,0.0,1,1,1,0.749228416284291,4
32561,b80b7677-fc4a-3054-bd82-5eca6d08d1d2,0.0885622401247401,0.0148128898128898,63.08196721311475,20448,default,Normal,normal,78.0,61.0,57.0,F,56,133,0.04318181818181818,12,22,14,0.7486104370685265,5
7281,703fed14-2cdc-36d2-82f4-2f0ad397c9e8,0.0002225090345895,0.0263293753226639,1937.0,26,default,outlier,outlier,50.0,1.0,51.0,E,51,157,0.06156862745098039,11,17,25,0.7485186723131673,5
13515,10767265-a051-3b8a-b243-f7e511a66d72,1.5625e-05,0.0100446428571428,896.0,1,private_ip,outlier,outlier,707.0,1.0,9.0,E,6,6,0.2,2,1,5,0.748498320830619,5
16451,819402bc-85c3-3027-bae1-438ba23cd6ea,7.000663570006637e-05,0.033178500331785,1507.0,7,default,outlier,outlier,56.0,1.0,50.0,E,50,158,0.06448979591836734,14,12,25,0.7484853485726242,5
6220,290afbb0-dde4-37b5-9d4f-16656ca008fd,1.4671406593406593,0.1934065934065934,455.0,40053,default,outlier,outlier,1.0,1.0,88.0,E,88,211,0.027560083594566354,22,18,11,0.7475616408655048,5
5635,b69522c8-96e9-3587-b1fb-42aecd89d012,0.3678436893203883,0.0699029126213592,1030.0,22733,default,outlier,outlier,3.0,1.0,72.0,E,72,210,0.04107981220657277,21,14,16,0.7475340213440883,5
14175,707a71d4-87ca-3873-a575-3959d5e8200e,1.419579651941098,0.1151271753681392,747.0,63626,default,outlier,outlier,2.0,1.0,86.0,E,86,235,0.032147742818057455,19,16,11,0.7473016796195682,5
33412,f9e2a426-79bc-3719-bee0-c9938e86d6c3,0.1005619204307508,0.0164522883637451,56.66101694915254,20171,default,Normal,normal,80.0,59.0,55.0,F,55,130,0.04377104377104377,11,23,14,0.7468452328409808,5
14430,5125c1e6-fd05-37de-99ab-b75f6d584ea3,0.3384769392033542,0.0849056603773584,954.0,19375,default,outlier,outlier,1.0,1.0,81.0,E,81,192,0.02962962962962963,20,18,9,0.7460543722446086,5
17555,7b11b1f8-401c-3124-a8af-65122f80e02d,0.8988338815789474,0.131578947368421,608.0,32790,default,outlier,outlier,2.0,1.0,80.0,E,80,210,0.03322784810126582,24,16,12,0.7460109823029235,5
16544,a13439a4-d40c-3b22-9f47-3d70e0f4350b,0.2359812002892263,0.0455531453362256,1383.0,19582,default,outlier,outlier,1.0,1.0,63.0,E,63,199,0.05094726062467998,21,17,11,0.7455450495394337,5
17439,1722a715-40a9-3875-b2d0-d07b93875415,0.8433565517241379,0.1241379310344827,725.0,36687,default,outlier,outlier,1.0,1.0,90.0,E,90,215,0.026841448189762796,19,14,17,0.7453649206094547,5
25793,04ebb5db-bf07-3362-b591-461cd17cc792,857.672,0.0588235294117647,17.0,874826,datacenter,outlier,outlier,1.0,1.0,1.0,F,1,1,0.0,1,1,1,0.7437151310851418,3
32203,484bca7b-1555-3619-83d6-3d35388f83c1,0.2367383021390374,0.0421122994652406,149.6,21250,default,Normal,normal,1.0,10.0,63.0,F,63,238,0.06093189964157706,19,31,14,0.7435624143583076,5
28983,7d2fbabb-7cd1-3fad-b942-f1485411afc4,0.0152235099337748,0.097682119205298,8.053333333333333,552,default,Normal,normal,96.0,75.0,59.0,F,59,99,0.028930450029222676,6,14,16,0.7421802918013449,5
10501,9209a515-1bdb-3cb4-9069-bce3e87df4f2,0.3315317145688801,0.0842418235877106,1009.0,20071,default,outlier,outlier,1.0,1.0,85.0,E,85,238,0.03333333333333333,19,16,9,0.7417921881487186,5
2973,2fad1af2-e7c8-3606-ac51-c669a6e438f8,0.8730380747126437,0.1034482758620689,696.0,36459,default,outlier,outlier,1.0,1.0,72.0,E,72,197,0.03853677621283255,23,19,12,0.7405678137981676,5
8643,81523c6a-9e68-37c4-814b-161be06bf600,2.86368843069874e-05,0.0263459335624284,873.0,2,private_ip,outlier,outlier,669.0,1.0,23.0,E,22,28,0.06060606060606061,5,3,6,0.740227955282589,5
20988,0acc165b-7db6-37b7-86a7-f841784a8dd8,0.1333421381031614,0.0257903494176372,66.77777777777777,19234,default,Normal,normal,47.0,36.0,62.0,F,62,153,0.04045478582760444,11,22,16,0.7396306020627644,5
2362,49b1f4f2-84a9-3860-b4bd-99ef60e0349e,1.945080091533181e-05,0.0080091533180778,874.0,2,private_ip,outlier,outlier,707.0,1.0,7.0,E,6,6,0.2,2,1,5,0.7391500641637179,5
25090,a2817ccf-4dc1-3c64-bd08-f223c602f66d,0.0062707692307692,0.0876923076923077,8.125,245,default,Normal,normal,98.0,80.0,57.0,F,57,102,0.03195488721804511,7,12,15,0.7391377840928675,5
7735,6f781aaf-86b8-348c-84aa-5a841c25e26f,0.9105257787325456,0.0580021482277121,931.0,50862,default,outlier,outlier,3.0,1.0,54.0,E,54,197,0.06883298392732355,23,18,13,0.7383712736341886,5
32852,3c1d272a-ab46-3ba9-9c1c-a9cc3071bd29,0.0468966836734693,0.0293367346938775,784.0,2207,private_ip,outlier,outlier,33.0,1.0,23.0,F,23,128,0.25296442687747034,11,12,1,0.7379310582484899,4
15466,6aaf0c5c-716a-353b-97db-f27bd003ebb4,1.5819209039548023e-05,0.0090395480225988,885.0,1,private_ip,outlier,outlier,681.0,1.0,8.0,E,6,6,0.2,2,1,5,0.7376932832441063,5
25532,0de17c71-dd83-37b7-970e-85034ccc4ecc,0.0955460143687991,0.0191583989052343,51.280701754385966,16757,default,Normal,normal,71.0,57.0,56.0,F,56,127,0.041233766233766234,10,22,14,0.7375521155838196,5
22830,97520314-62cd-3f6b-8ae7-e451082cec82,0.0997765402018795,0.0198398886181691,55.25,17200,default,Normal,normal,72.0,52.0,57.0,F,57,129,0.040413533834586464,10,26,11,0.7374375617930768,5
23268,7057ae26-7715-3f1e-bc1b-94c18b84f0a9,0.361513230429989,0.0683572216097023,151.16666666666666,19674,default,Normal,normal,1.0,6.0,62.0,F,62,194,0.05129561078794289,23,27,14,0.7371097245452984,5
4216,ce2257e3-1cf4-321c-80f2-994bc6bf5ee1,0.3462962025316455,0.0624472573839662,1185.0,24622,default,outlier,outlier,1.0,1.0,74.0,E,74,203,0.037578674564975934,22,13,13,0.7369412411953005,5
9901,c029d1d9-12a9-3159-b9f5-b01d2ed45888,0.105788767812238,0.0268231349538977,1193.0,7573,private_ip,outlier,outlier,1.0,1.0,32.0,E,27,87,0.12393162393162394,14,12,12,0.7369289966373377,4
9923,0de4bdbe-8756-33fc-aa09-9a793e421cff,1.2448881278538813,0.2442922374429223,438.0,32716,default,outlier,outlier,2.0,1.0,107.0,E,107,211,0.01860342091341915,28,14,12,0.7363536836711063,5
4375,c20b2bff-77e9-3f8d-a772-0d1171bb3941,1.5931372549019605e-05,0.0073529411764705,816.0,1,private_ip,outlier,outlier,623.0,1.0,6.0,E,5,5,0.25,2,1,4,0.7356170148009598,5
8254,503d2ac7-e145-3408-a0af-ca733f5f5343,2.7577937649880093e-05,0.0071942446043165,834.0,2,private_ip,outlier,outlier,644.0,1.0,6.0,E,5,5,0.25,2,1,4,0.7356170148009598,5
8050,f125e7de-cdca-35c9-bfe7-39c0a16ce9c3,0.3301930212014134,0.0715547703180212,1132.0,22427,default,outlier,outlier,1.0,1.0,81.0,E,81,206,0.03179012345679012,21,13,9,0.7341522799775935,5
30784,7aaa757e-6372-35ef-897f-08724d737533,579.3909583333334,0.0208333333333333,48.0,1668646,datacenter,outlier,outlier,1.0,1.0,1.0,F,1,1,0.0,1,1,1,0.7335363010540592,4
4990,b3788edd-0acf-30fb-b1b2-4fc57aa3846a,0.0002242036482439,0.0098012523822488,36.73,50,default,Normal,normal,179.0,100.0,36.0,E,36,163,0.12936507936507938,18,17,10,0.7334792751276864,5
15078,e3b0df6c-28b9-3443-98f7-a49f72659542,0.8663734939759037,0.1355421686746988,664.0,34517,default,outlier,outlier,3.0,1.0,90.0,E,90,217,0.027091136079900126,24,14,11,0.7329348255002207,5
20295,0924ed98-82ca-3eef-976a-a69e18752659,0.1028966106965174,0.0183457711442786,57.42857142857143,19855,default,Normal,normal,72.0,56.0,59.0,F,59,141,0.04120397428404442,10,22,12,0.7317627210616392,5
7956,e1efb3d9-d0bc-3e6d-bb32-cae72b6def09,1.6049382716049385e-05,0.0086419753086419,810.0,1,private_ip,outlier,outlier,620.0,1.0,7.0,E,5,5,0.25,2,1,4,0.7314913555805695,5
2296,a6a54810-b7af-3235-9cb0-937357a908f9,0.7630469715698394,0.0939431396786155,809.0,37039,default,outlier,outlier,2.0,1.0,76.0,E,76,206,0.03614035087719298,25,16,11,0.7314659556497526,5
16070,0e9524b9-3fb7-34bd-84a1-66b33d4260e5,3.172588832487309e-05,0.0101522842639593,788.0,2,private_ip,outlier,outlier,633.0,1.0,8.0,E,6,6,0.2,2,1,5,0.7307183635265321,5
33081,dd9041a3-eb88-3b6f-857e-65d7b32da627,0.1297802211302211,0.0142506142506142,76.79245283018868,31693,default,Normal,normal,60.0,53.0,58.0,F,58,120,0.036297640653357534,12,24,11,0.7307134025825109,5
3881,62d40a82-3b0a-36fb-9e80-8bd125eb1904,7.850911974623314e-05,0.0459952418715305,1261.0,6,default,outlier,outlier,34.0,1.0,58.0,E,58,175,0.052934059286146404,12,12,30,0.7302262571528396,5
16486,ccc10b0f-29aa-389a-a495-5613382c25e8,1.8847006651884705e-05,0.0210643015521064,902.0,2,private_ip,outlier,outlier,701.0,1.0,19.0,E,18,21,0.06862745098039216,4,3,5,0.7301951688681487,5
30763,2ba0fdd7-009d-3b61-bbd5-b05dd37ca571,0.1150281806879403,0.0248653128885205,54.84090909090909,16654,default,Normal,normal,61.0,44.0,60.0,F,60,130,0.03672316384180791,13,24,11,0.7293164381654975,5
32033,23c75cb2-9500-39b2-b940-76a73c9a3666,0.0111183986371379,0.1090289608177172,10.482142857142858,392,default,Normal,normal,78.0,56.0,64.0,F,64,110,0.027281746031746032,7,13,18,0.729231425939308,5
16190,5381cd54-1e42-3f28-82e0-5f2851501ba7,1.9024970273483943e-05,0.0083234244946492,841.0,1,private_ip,outlier,outlier,648.0,1.0,7.0,E,6,6,0.2,2,1,5,0.7289548250795652,5
21364,90b1ff84-2bae-3010-a0ed-1147aa7f9461,595.6877619047619,0.0238095238095238,42.0,1501134,datacenter,outlier,outlier,1.0,1.0,1.0,F,1,1,0.0,1,1,1,0.7286952275244809,4
10349,cd9863b7-6cb1-3328-8b06-89ba744997a8,7.716371220020855e-05,0.0604796663190823,959.0,5,default,outlier,outlier,60.0,1.0,58.0,E,58,168,0.050816696914700546,13,16,27,0.7285614835664622,5
27200,08a24527-18df-3c74-8dcf-984e9fb60224,0.0089272340425531,0.0391489361702127,11.989795918367347,630,default,Normal,normal,152.0,98.0,46.0,F,46,90,0.043478260869565216,7,13,20,0.7284382946412475,5
180,0cbb32e4-37f8-3cf9-8126-21d468551d50,1.717791411042945e-05,0.0085889570552147,815.0,1,private_ip,outlier,outlier,617.0,1.0,7.0,E,6,6,0.2,2,1,5,0.7284066030641955,5
3313,31b3a7b8-7e1a-3470-a175-c5a459313442,2.6927784577723375e-05,0.0085679314565483,817.0,2,private_ip,outlier,outlier,628.0,1.0,7.0,E,6,6,0.2,2,1,5,0.7284066030641955,5
6711,f82366c6-4544-360d-bebe-2a0693cef9ed,1.845018450184502e-05,0.008610086100861,813.0,1,private_ip,outlier,outlier,620.0,1.0,7.0,E,6,6,0.2,2,1,5,0.7284066030641955,5
1957,9eca0d35-a692-3540-8bed-83643cfa655a,1.86799501867995e-05,0.0087173100871731,803.0,1,private_ip,outlier,outlier,624.0,1.0,7.0,E,6,6,0.2,2,1,5,0.7284066030641955,5
28861,cedc26f5-ef13-3012-8681-a201c0768af2,0.1838306968790081,0.0243693886276186,54.395348837209305,25799,default,Normal,normal,51.0,43.0,57.0,F,57,127,0.039786967418546364,14,27,11,0.7280797534624448,5
723,5d35807f-d2dd-37a9-a280-f54002ec00f4,1.0153417159763314,0.1183431952662721,676.0,41183,default,outlier,outlier,1.0,1.0,80.0,E,80,220,0.03481012658227848,27,15,11,0.7276335062185864,5
21864,bd5f1bb5-62ee-3f67-8555-ebcb03efe678,0.0844193185018304,0.0160518163897493,63.410714285714285,17987,default,Normal,normal,68.0,56.0,57.0,F,57,122,0.03822055137844611,12,22,12,0.727204784088418,5
28679,d8d8d6e0-d800-3412-a22d-0bda5667f69a,867.11325,0.0833333333333333,12.0,624322,datacenter,outlier,outlier,1.0,1.0,1.0,F,1,1,0.0,1,1,1,0.7269356321825764,3
32963,6e519370-1fbe-35b1-8ba8-dabe0246c846,0.0916027197668771,0.0131131617289946,67.50819672131148,22634,default,Normal,normal,73.0,61.0,54.0,F,54,113,0.03948287910552061,11,21,13,0.7248256306197874,5
31064,bd1a7250-ae56-3045-a768-ac318e547d85,0.1184548332629801,0.0240607851414098,52.644444444444446,16838,default,Normal,normal,56.0,45.0,57.0,F,57,134,0.041979949874686714,12,23,14,0.7246618642889339,5
7622,3690ba1b-be99-38a0-bdfa-3e179dabe723,2.3263541666666665,0.1516666666666666,600.0,83749,default,outlier,outlier,2.0,1.0,91.0,E,91,214,0.02612942612942613,20,15,8,0.7244382366011196,5
25288,2b97c787-371c-376f-a2d3-e30e2ce5bf16,0.0963647450110864,0.0163525498891352,68.0754716981132,20862,default,Normal,normal,66.0,53.0,59.0,F,59,138,0.04032729398012858,13,21,12,0.7243250723620018,5
11709,9f436afd-9890-3a46-9df1-21afba8e2c40,0.3519182879377431,0.0843060959792477,771.0,16280,default,outlier,outlier,2.0,1.0,65.0,E,65,204,0.04903846153846154,22,17,14,0.7238634986078569,5
3799,a164c19f-4fd3-3599-be17-31860dc03e0d,0.7800414847161572,0.074235807860262,916.0,42872,default,outlier,outlier,1.0,1.0,68.0,E,68,197,0.043239683933274806,20,16,11,0.7238095687641983,5
6445,ca9774dd-7b38-30f0-a4a2-5e71b37656c7,0.4330296108291032,0.065989847715736,1182.0,30711,default,outlier,outlier,2.0,1.0,78.0,E,78,200,0.033300033300033303,20,14,10,0.7236279463359617,5
7709,214e64c6-49b7-3bd8-b4d6-dda300f6dbcf,0.0020110497237569,0.0283149171270718,1448.0,175,default,outlier,outlier,57.0,1.0,41.0,E,41,163,0.09939024390243903,12,16,25,0.7232277445217342,5
23158,53c5bdf0-0bb7-39ee-b05b-5239ef7cac49,869.4806,0.1,10.0,521689,datacenter,outlier,outlier,1.0,1.0,1.0,F,1,1,0.0,1,1,1,0.7225605017889926,2
19349,1ac4d01d-a306-37a0-a848-1623a5a2daf5,0.1009973975276512,0.0195185426154847,58.0,18628,default,Normal,normal,65.0,53.0,60.0,F,60,126,0.03559322033898305,9,21,13,0.7223076265596715,5
13638,c3bc5f91-0928-31b4-a775-098fab516b7c,1.7238696098562627,0.1745379876796714,487.0,50372,default,outlier,outlier,3.0,1.0,85.0,E,85,185,0.025910364145658265,22,16,10,0.7212588993342256,5
27615,eb2c81d5-f5ae-39e3-b19f-e0340bb6fcee,0.0948466257668711,0.020109066121336,55.35849056603774,16697,default,Normal,normal,66.0,53.0,59.0,F,59,122,0.03565166569257744,10,20,14,0.7198378808301793,5
4920,f4368b06-f270-3e8f-8952-915d022002b9,0.1824336372847011,0.0678824721377912,987.0,10804,default,outlier,outlier,7.0,1.0,67.0,E,67,202,0.04568068747173225,25,14,9,0.7196807664041878,5
25910,5a456b91-c305-3323-b831-107a48a9846e,0.2030126811594202,0.03743961352657,66.24,20172,default,Normal,normal,33.0,25.0,62.0,F,62,140,0.0370174510840825,12,23,15,0.7191309749195323,5
26797,51ffa426-4f41-3836-b9a2-411fc10e6ad7,0.0062957516339869,0.0898692810457516,9.714285714285714,232,default,Normal,normal,95.0,63.0,55.0,F,55,98,0.032996632996632996,7,12,18,0.7190794505106957,5
8859,b81bf0e2-58a0-3e67-86fc-75c50fad942e,0.1867288503253796,0.1952277657266811,461.0,5165,default,outlier,outlier,2.0,1.0,90.0,E,90,189,0.02359550561797753,24,13,12,0.718864397566975,5
5389,e8e85413-c7ec-343e-8481-98b1822e2179,3.883292993630573,0.1889596602972399,471.0,109742,default,outlier,outlier,2.0,1.0,89.0,E,89,177,0.02259959141981614,26,14,11,0.7188341885051619,5
21685,4fe2ca9b-2f83-33cd-aa2b-8f3e02b0c459,0.0035785024154589,0.0301932367149758,828.0,178,private_ip,outlier,outlier,39.0,1.0,25.0,F,25,115,0.19166666666666668,11,11,2,0.7175649221635972,4
2611,10664f0c-b960-33e3-91a6-9d06a079cd1b,0.3419275147928994,0.1079881656804733,676.0,13869,default,outlier,outlier,2.0,1.0,73.0,E,73,189,0.03595890410958904,24,17,12,0.7172040617614334,5
11643,e3f0d6e3-01db-3baa-990d-fb8e9e300a26,1.8135568760611207,0.166383701188455,589.0,64092,default,outlier,outlier,2.0,1.0,98.0,E,98,223,0.0234588680833158,18,15,14,0.7170988172172741,5
31215,93ba1380-1e1e-3a28-942c-fa4af9675b30,0.0958980392156862,0.0154061624649859,70.0,20542,default,Normal,normal,67.0,51.0,55.0,F,55,122,0.04107744107744108,10,21,13,0.7165541901070613,5
654,96d507a6-eb8b-3fe3-8ecc-c3ca43433d84,0.218199203187251,0.1049136786188579,753.0,9859,default,outlier,outlier,1.0,1.0,79.0,E,79,194,0.03148328464784161,18,18,15,0.7153112689518366,5
22028,cceaf493-8c70-3a1a-b74a-8b0ea751e319,0.1238858156028368,0.0411347517730496,705.0,5241,private_ip,outlier,outlier,28.0,1.0,29.0,F,29,150,0.18472906403940886,9,11,3,0.7152802086496802,4
11620,af7004c9-c65d-3bf8-a207-b288d1d1d408,0.5061909262759924,0.1550094517958412,529.0,16067,default,outlier,outlier,1.0,1.0,82.0,E,82,188,0.02830472749171936,23,18,9,0.7152132170628381,5
5659,15a5613a-4abb-348c-a2b9-ed0808380424,0.8864578313253012,0.1280120481927711,664.0,35317,default,outlier,outlier,3.0,1.0,85.0,E,85,207,0.028991596638655463,20,13,12,0.7151524321140628,5
2314,d1f0523d-c52b-3a12-8b1e-43c50125645c,0.1673010638297872,0.0744680851063829,940.0,9436,default,outlier,outlier,3.0,1.0,70.0,E,69,193,0.04113384484228474,20,18,9,0.7148884628548261,5
847,dde8d252-0c2f-36e9-9cee-3ef9b4556c31,0.5538846153846153,0.1451048951048951,572.0,19010,default,outlier,outlier,1.0,1.0,83.0,E,83,208,0.030561269468116367,24,13,12,0.7138340348178897,5
25141,563f4192-650e-35cc-b235-cf779b217f55,0.1127629326386304,0.0200967621883141,59.71111111111111,18180,default,Normal,normal,55.0,45.0,54.0,F,54,127,0.04437456324248777,11,21,16,0.7129213537677396,5
23455,63de311f-9aa8-3ef6-a5b6-19205e26a3b2,0.101130890052356,0.0159823642876825,62.56896551724138,22021,default,Normal,normal,71.0,58.0,58.0,F,58,115,0.03478523895946763,10,21,12,0.7123020321740925,5
22098,89412b52-53bc-322c-9b57-49f2a8558e3d,0.0076656626506024,0.1204819277108433,8.586206896551724,230,default,Normal,normal,72.0,58.0,60.0,F,60,101,0.028531073446327684,8,15,15,0.7110786490555023,5
33246,dea40274-6119-3e64-bfb6-f09ebce60bc1,0.1388874439461883,0.0176382660687593,77.79069767441861,27875,default,Normal,normal,58.0,43.0,59.0,F,59,126,0.03682057276446522,12,21,13,0.7106965373203518,5
28240,13f55c15-a51f-3e8f-aab0-278e58ac8208,640.0271764705882,0.0588235294117647,17.0,652828,datacenter,outlier,outlier,1.0,1.0,1.0,F,1,1,0.0,1,1,1,0.7106872636382515,2
17574,adefcd0a-71df-3a46-8b22-e245661adb27,0.1388555437100213,0.0357142857142857,1876.0,15630,default,outlier,outlier,2.0,1.0,67.0,E,67,192,0.04341926729986431,20,11,11,0.7098786930141273,5
12811,a1768164-f553-37ec-81b6-0e57de4c4e1f,0.702826280623608,0.1959910913140311,449.0,18935,default,outlier,outlier,1.0,1.0,88.0,E,88,200,0.02612330198537095,22,16,7,0.7096593799277473,5
2938,b6598e43-1e3c-3a6c-a61a-63973e6cffac,0.0005616515837104,0.0599547511312217,884.0,30,default,outlier,outlier,120.0,1.0,53.0,E,53,135,0.04898403483309144,13,18,18,0.7093529701970573,5
6810,f5b5c3d5-fa3e-3d51-be54-fdc66d3a4e25,9.372637944066516e-05,0.0355253212396069,1323.0,8,default,outlier,outlier,47.0,1.0,47.0,E,47,158,0.0730804810360777,13,13,20,0.7089127270770428,5
16157,e55ad05c-c50e-39ac-8811-f2addf93b723,25.638413612565444,0.2460732984293193,191.0,293817,private_ip,outlier,outlier,1.0,1.0,47.0,E,47,92,0.0425531914893617,10,10,8,0.7086288700412289,4
109,5b2680f7-cd8a-3848-ba2b-b3dab4a1c66d,4e-05,0.0278787878787878,3.767123287671233,2,default,BingPreview/1.0b,bot,631.0,219.0,23.0,E,23,36,0.07114624505928854,5,6,21,0.7085953167995862,4
12822,b8f464ca-c671-376f-bfc3-9766a0b43fa9,3.295310519645121e-05,0.0291508238276299,3.602739726027397,2,default,BingPreview/1.0b,bot,600.0,219.0,23.0,E,23,37,0.07312252964426877,3,6,21,0.7084142305819581,4
25098,c9379931-db7a-3998-8cba-593e49a79cac,598.5612692307692,0.0384615384615384,26.0,933756,datacenter,outlier,outlier,1.0,1.0,1.0,F,1,1,0.0,1,1,1,0.7079471756130743,3
27845,b30432df-c2e3-3aec-b82d-2917ce8a1050,0.0080470588235294,0.1196078431372549,9.107142857142858,247,default,Normal,normal,74.0,56.0,61.0,F,61,102,0.027868852459016394,7,12,17,0.707595577886531,5
33300,8609414c-46cc-3b7f-a035-7978f12aa8bd,0.0983802334432885,0.0131946206546561,77.27450980392157,23263,default,Normal,normal,65.0,51.0,52.0,F,52,111,0.0418552036199095,13,20,13,0.7069545040153851,5
20687,6ea4b5d6-15af-39c4-a3fc-71e97e830d26,0.1261575595038551,0.0194435132417029,64.84782608695652,22580,default,Normal,normal,55.0,46.0,58.0,F,58,124,0.03750756200846945,10,19,15,0.7063827685005472,5
15428,0355d46f-0002-3d56-933b-e875b34a286f,11.56129,0.3,200.0,138736,private_ip,outlier,outlier,1.0,1.0,60.0,E,60,115,0.03248587570621469,11,7,9,0.7059941353919654,4
15679,c6e50d84-bb5e-3a0b-a90e-1b3bba4ac530,0.2844197689345314,0.1296534017971758,779.0,13294,default,outlier,outlier,2.0,1.0,101.0,E,101,203,0.0200990099009901,18,13,12,0.7058285235351371,5
16373,7d56e99d-5bcf-310f-8aa8-4dda908e9e4a,24.30963402061856,0.2319587628865979,194.0,282965,private_ip,outlier,outlier,1.0,1.0,45.0,E,45,80,0.04040404040404041,6,5,11,0.7057588821659768,4
3302,1eb27cd8-65e0-3e12-b2bc-f3b1f5df4bf6,0.4410501307759372,0.06102877070619,1147.0,30354,default,outlier,outlier,1.0,1.0,70.0,E,70,186,0.03850931677018633,18,16,12,0.7056532648369632,5
29146,a64bdf1e-d986-3a79-81e5-2f7a52c1cdb2,0.0448998887652947,0.0137189469781238,245.1818181818182,7266,default,Normal,normal,137.0,11.0,37.0,F,37,237,0.17792792792792791,18,19,8,0.705627714900358,5
14282,9e96c3af-109b-3e2a-990d-543e3125f8b5,0.3725203703703703,0.1611111111111111,540.0,12070,default,outlier,outlier,4.0,1.0,87.0,E,87,203,0.027131782945736434,19,14,14,0.7055816613938113,5
23462,7a7ea196-59c4-3981-97c3-0cff22a6d285,0.2424186806937731,0.0122263292578902,879.25,51156,default,Normal,normal,36.0,4.0,43.0,F,43,177,0.09800664451827243,16,14,16,0.7054131087971032,5
1034,e8078de3-909b-39f8-b2a8-9ec9627ee4e7,28.20842,0.2,200.0,338502,private_ip,outlier,outlier,1.0,1.0,40.0,E,40,82,0.052564102564102565,12,7,4,0.7053162586974171,4
9259,9f700d84-c1dd-3e19-ae5d-828f048e0bf2,5.438250670241287,0.2412868632707774,373.0,121709,default,outlier,outlier,1.0,1.0,90.0,E,90,181,0.022596754057428215,20,11,12,0.7044379855451636,5
32614,45b71afb-2aa9-324c-8889-b2635c4d058d,0.1039595574208317,0.021365890881343,49.45283018867924,16349,default,Normal,normal,62.0,53.0,56.0,F,56,119,0.038636363636363635,9,18,15,0.7042724080583296,5
27724,2b880fc4-297e-3e83-a7cb-4247354599e8,0.1596944301186178,0.0319752449716348,62.54838709677419,18579,default,Normal,normal,40.0,31.0,62.0,F,62,137,0.03622421998942359,12,23,13,0.7038233463164355,5
14994,163ffa91-83cd-3277-88d2-43df4a80a4c2,1.5255530129672005e-05,0.030511060259344,1311.0,2,default,outlier,outlier,75.0,1.0,40.0,E,40,127,0.08141025641025641,15,15,15,0.7036603450388556,5
1180,8dc57d20-744c-315d-b8e9-3290eb967d25,4.403409090909091e-05,0.0426136363636363,3.78494623655914,2,default,BingPreview/1.0b,bot,512.0,186.0,30.0,E,30,44,0.05057471264367816,3,4,22,0.7033445866803698,4
23748,70f8c3ac-d900-3457-b2c8-feb800599f92,0.105388135203495,0.013106461255461,79.07272727272728,27500,default,Normal,normal,65.0,55.0,57.0,F,57,122,0.03822055137844611,11,20,11,0.7032173699108815,5
6882,c5232b07-2971-3dd6-aa0d-b4362ecf24f3,0.5712153432032302,0.0942126514131897,743.0,25465,default,outlier,outlier,1.0,1.0,70.0,E,70,169,0.03498964803312629,22,19,13,0.7025811311523198,5
12780,526261b1-ed97-398f-bcae-40b91b74a8a7,0.2274910881801125,0.0609756097560975,1066.0,14551,default,outlier,outlier,1.0,1.0,65.0,E,65,174,0.041826923076923074,17,19,14,0.7024894709337349,5
12336,73beabe6-034c-36b0-8518-6693d97bc272,2.462380300957592e-05,0.0287277701778385,162.44444444444446,3,default,bingbot/2.0,bot,1462.0,9.0,42.0,E,42,42,0.024390243902439025,1,1,42,0.7024356867045354,4
23484,ad77c300-00f7-3cbf-bc40-af4ea4387b5e,658.2551428571428,0.0714285714285714,14.0,552935,datacenter,outlier,outlier,1.0,1.0,1.0,F,1,1,0.0,1,1,1,0.7023156511603033,2
18722,97df1bcc-0499-37b1-8de8-96e30eb2fb54,495.9671176470588,0.0294117647058823,34.0,1011773,datacenter,outlier,outlier,1.0,1.0,1.0,F,1,1,0.0,1,1,1,0.702206355336864,3
31027,2a4bd41a-ba58-308e-882f-4e449ae05496,0.0790097115109968,0.0168523279063124,66.05660377358491,16597,default,Normal,normal,73.0,53.0,59.0,F,59,127,0.03711279953243717,12,19,12,0.7021445236966041,5
15893,09391b83-40a6-34e3-bed5-e5ca762af2a4,0.1903348581884721,0.0576395242451967,1093.0,12483,default,outlier,outlier,2.0,1.0,63.0,E,63,187,0.04787506400409626,21,16,9,0.7017712673083224,5
12349,99590790-5cbe-3290-937b-79119f15bd9d,0.6450517647058823,0.2023529411764706,425.0,16449,default,outlier,outlier,1.0,1.0,86.0,E,86,183,0.02503419972640219,22,14,12,0.7015562221266021,5
23811,25dabbfc-bd81-3768-ab5c-72b356654118,0.3099343434343434,0.0488215488215488,594.0,11047,private_ip,outlier,outlier,16.0,1.0,29.0,F,29,144,0.17733990147783252,9,12,1,0.7013850882728618,4
17557,8194cfb6-2535-3c2d-94ef-2771f82b618f,5.656934306569344e-05,0.0364963503649635,2.781725888324873,2,default,BingPreview/1.0b,bot,520.0,197.0,20.0,E,20,24,0.06315789473684211,2,3,19,0.7013596038407257,4
30023,6e56effd-4ac3-34d6-8ea3-401b007f2298,0.3366896955503513,0.0124121779859484,474.44444444444446,86260,default,Normal,normal,48.0,9.0,53.0,F,53,196,0.07111756168359942,15,13,13,0.7012466503762298,5
1993,ee48469a-34d5-34c3-b6ff-b15c58e63767,0.8066447154471544,0.1512195121951219,615.0,29766,default,outlier,outlier,2.0,1.0,93.0,E,93,183,0.021388499298737727,22,14,10,0.7009778476243018,5
24444,b9df0050-b193-3461-9d97-eaaa8b17ebfb,0.0058104693140794,0.1191335740072202,9.389830508474576,194,default,Normal,normal,85.0,59.0,66.0,F,66,115,0.026806526806526808,6,12,12,0.7009292898257021,5
17202,5f53fb1e-7795-3fa4-aa26-a16f61879819,5.1764705882352943e-05,0.0658823529411764,2.7777777777777777,2,default,BingPreview/1.0b,bot,407.0,153.0,28.0,E,28,32,0.042328042328042326,3,2,24,0.700754803024451,4
1558,d254af93-1477-37e8-9d2d-dc5320a497d1,2.309251670378619,0.2115812917594654,449.0,62212,default,outlier,outlier,2.0,1.0,95.0,E,95,209,0.023404255319148935,20,14,7,0.7006730615762617,5
27915,6f2cb61c-b526-3d9a-94b5-bed537ab09ef,0.0030606312292358,0.0930232558139534,8.72463768115942,111,default,Normal,normal,94.0,69.0,56.0,F,56,107,0.03474025974025974,10,12,12,0.699899335711106,5
9954,50f6d6fd-cce4-34eb-a264-d0b502386426,0.5633360522022839,0.1239804241435562,613.0,20720,default,outlier,outlier,2.0,1.0,76.0,E,76,204,0.035789473684210524,27,15,12,0.6996820801045459,5
9715,7f9832d2-d660-3a94-84fe-d5a6031e6bd9,0.9066398195876288,0.0850515463917525,776.0,42214,default,outlier,outlier,1.0,1.0,66.0,E,65,212,0.05096153846153846,21,17,9,0.6995248862437973,5
6518,94e55007-7e36-319b-aa2c-997429661b32,0.0001112185686653,0.0483558994197292,1034.0,7,default,outlier,outlier,82.0,1.0,50.0,E,50,140,0.05714285714285714,11,12,22,0.6990490304283848,5
23005,84fdd540-86cb-3171-a039-5f2f45593581,0.0219474479516454,0.0137676292813969,175.1764705882353,3922,default,Normal,normal,144.0,17.0,41.0,F,41,242,0.1475609756097561,21,17,6,0.6988388882761043,5
20179,4386a2a5-01ee-3aaa-80c1-32d1c30cc62c,0.014245580991017,0.011011301072153,230.06666666666663,2950,default,Normal,normal,160.0,15.0,38.0,F,38,218,0.155049786628734,20,18,6,0.6988256220137892,5
25468,70182d22-0cd5-3346-9108-7d54fd2cc410,0.073778534923339,0.0340715502555366,587.0,2599,private_ip,outlier,outlier,29.0,1.0,20.0,F,20,131,0.3447368421052632,10,11,1,0.6986615571071388,4
7439,55d3f382-f843-3fd7-8969-1b0190d6407a,4.909090909090909e-05,0.0581818181818181,3.0726256983240225,2,default,BingPreview/1.0b,bot,439.0,179.0,32.0,E,32,44,0.04435483870967742,3,4,26,0.6984888123100363,4
27398,603e5d0e-edf7-3d54-b174-9efce5198315,0.2742632933104631,0.0506003430531732,116.6,19188,default,Normal,normal,1.0,10.0,59.0,F,58,201,0.060798548094373864,14,38,13,0.6981569046407125,5
8419,20d85dca-ee9f-3ccd-8783-7c48f964f223,5.656565656565657e-05,0.0525252525252525,2.861271676300578,2,default,BingPreview/1.0b,bot,444.0,173.0,26.0,E,26,39,0.06,3,4,22,0.6978290482091489,4
26807,665a5a3c-a5c2-3f0f-9054-c99c9e2d89c2,0.005205035971223,0.0917266187050359,8.298507462686567,174,default,Normal,normal,90.0,67.0,51.0,F,51,93,0.036470588235294116,6,15,17,0.6966296196482122,5
8752,8caeaba8-185c-3566-a511-19ac44257774,2.9526029526029528e-05,0.0295260295260295,143.0,3,default,bingbot/2.0,bot,1286.0,9.0,38.0,E,38,38,0.02702702702702703,1,1,38,0.6964788524306086,4
4174,7fdae6e4-ac2a-3818-a6f7-331c9cff0808,4.2836041358936486e-05,0.0457902511078286,3.334975369458128,2,default,BingPreview/1.0b,bot,498.0,203.0,31.0,E,31,45,0.04838709677419355,3,4,27,0.6958811583053108,4
13894,ba176141-b5d9-31b5-a55a-0905f7f5ef91,0.0282707112970711,0.0234309623430962,1195.0,2028,private_ip,outlier,outlier,1.0,1.0,28.0,E,28,73,0.09656084656084656,9,18,5,0.6957861931410568,4
31826,bc3e5442-19f6-38d8-b10d-0ae603ddbfb5,0.1362468901174844,0.0190048375950241,74.2051282051282,23658,default,Normal,normal,52.0,39.0,55.0,F,55,120,0.04040404040404041,11,22,13,0.6956827812902578,5
10930,fbf24d48-95d4-3cb5-b40d-c9d577c0a3bf,0.6880524246395806,0.1009174311926605,763.0,31500,default,outlier,outlier,2.0,1.0,77.0,E,76,224,0.03929824561403509,20,16,7,0.6956331010225102,5
3854,2b7a57a1-62c0-34b7-a36a-66b859d0573e,2.993619047619048,0.2549019607843137,357.0,64124,default,outlier,outlier,1.0,1.0,91.0,E,91,183,0.022344322344322345,21,14,11,0.6956152154328166,5
34382,76b4a8dd-ba85-3215-9ce4-9b948e615592,0.1227555555555555,0.0153846153846153,81.62790697674419,25853,default,Normal,normal,57.0,43.0,54.0,F,54,126,0.0440251572327044,16,17,12,0.6955461453287258,5
21603,4fbc7a87-2b6e-31b4-9b3b-a404eb18f895,0.1047358280844757,0.0200074101519081,58.67391304347826,16961,default,Normal,normal,63.0,46.0,54.0,F,54,123,0.0429769392033543,12,22,12,0.6954046455431464,5
3478,e5d74067-c7c9-3594-9a03-46cf4ef4852d,49.627404040404045,0.0757575757575757,198.0,589574,private_ip,outlier,outlier,1.0,1.0,15.0,E,15,34,0.1619047619047619,9,6,4,0.695402060937297,3
3007,92aa414d-10e3-3478-a3b1-29762d56c183,7.5e-05,0.0522727272727272,2.8947368421052637,2,default,BingPreview/1.0b,bot,380.0,152.0,23.0,E,23,27,0.0533596837944664,2,3,23,0.6950453656640481,4
15406,a25dbda7-e883-3703-807c-31cb9b107a42,2.9082774049217e-05,0.0436241610738255,89.4,2,default,bingbot/2.0,bot,894.0,10.0,39.0,E,39,39,0.02631578947368421,1,1,39,0.6948636276878902,4
2549,6d2ee258-843b-34e1-bb19-0437f946ac9d,3.934987168520103e-05,0.0402053036783575,1169.0,3,default,outlier,outlier,69.0,1.0,47.0,E,47,144,0.0666049953746531,14,15,15,0.6946634178752311,5
7141,f7c78b62-7b53-3c81-a1c6-252c119b1b77,1.167269978401728,0.2073434125269978,463.0,32427,default,outlier,outlier,1.0,1.0,96.0,E,96,194,0.021271929824561404,22,9,13,0.6932033986204409,5
27690,d3b0e8e0-f142-3b81-b2a5-4bac72539eac,0.1591326641345632,0.0320130222463374,65.82142857142857,17597,default,Normal,normal,34.0,28.0,59.0,F,59,132,0.0385739333722969,10,24,15,0.6925990088162985,5
31039,63105eab-26cf-3fa9-b27c-e648ae5f2f8c,0.0207047318611987,0.01198738170347,211.33333333333331,3939,default,Normal,normal,140.0,15.0,38.0,F,38,233,0.16571834992887624,19,18,5,0.6923773022808585,5
8816,49b9493f-8614-354f-8e99-70f5a404aae5,1.6763363970588234,0.1580882352941176,544.0,54716,default,outlier,outlier,1.0,1.0,86.0,E,86,186,0.025444596443228454,20,11,12,0.6921672280061122,5
15906,1cba4d92-926f-3fd9-ad50-56a9ad26c871,2.661064425770308e-05,0.0378151260504201,3.5172413793103448,2,default,BingPreview/1.0b,bot,522.0,203.0,27.0,E,27,44,0.06267806267806268,4,4,21,0.6919074954013207,4
29074,a7b3b4fa-9d2c-3da9-b578-09f1afa70122,0.0097178217821782,0.0808580858085808,8.08,354,default,Normal,normal,83.0,75.0,49.0,F,49,106,0.045068027210884355,8,19,14,0.6913469073080292,5
3135,c4bef511-d0b8-310c-a176-0e8cd2445ce9,2.3207021276595747,0.2063829787234042,470.0,65444,default,outlier,outlier,1.0,1.0,97.0,E,97,191,0.020511168384879725,16,15,13,0.6909400085091641,5
29424,0209747b-490d-3dd7-82d6-bc96c7eee1c6,515.0005384615384,0.0384615384615384,26.0,803401,datacenter,outlier,outlier,1.0,1.0,1.0,F,1,1,0.0,1,1,1,0.6906495139810527,3
14747,8953346b-39dc-31f8-adea-dcd45ea888b5,4.71311475409836e-05,0.0389344262295082,2.7111111111111112,2,default,BingPreview/1.0b,bot,465.0,180.0,19.0,E,19,22,0.06432748538011696,2,2,17,0.6902096216571889,4
13389,71b0c28e-741e-3b69-827e-e387016ccda5,2.276419239904988,0.1852731591448931,421.0,57503,default,outlier,outlier,3.0,1.0,78.0,E,78,175,0.029137529137529136,19,17,14,0.6900729291948804,5
8893,10868008-a377-3c13-aef7-ea5cb58688da,0.0006999241274658,0.0386949924127465,1318.0,56,default,outlier,outlier,30.0,1.0,51.0,E,51,165,0.06470588235294118,15,14,18,0.6897832260021789,5
33985,6706443d-8210-329b-a914-a4e034e136ab,0.0457866425992779,0.0140794223826714,131.9047619047619,7610,default,Normal,normal,123.0,21.0,39.0,F,39,239,0.1612685560053981,21,17,6,0.6892835670043977,5
10763,65b83579-e88d-3d8d-a82b-d3890a37437e,5.649717514124294e-05,0.0602636534839924,2.765625,2,default,BingPreview/1.0b,bot,494.0,192.0,32.0,E,32,43,0.04334677419354839,5,5,22,0.6888417084505165,4
32206,4c7c9c0f-97c5-3f43-8be4-503cdef24967,0.0897332552693208,0.0121779859484777,70.0,22990,default,Normal,normal,75.0,61.0,52.0,F,52,115,0.043363499245852186,10,22,10,0.6888113955315794,5
17680,c1ec8f9c-afe0-3daf-8bc8-1ae4c5f151b4,41.77821,0.04,200.0,501339,private_ip,outlier,outlier,1.0,1.0,8.0,E,8,19,0.3392857142857143,5,5,4,0.6887909737634396,3
7815,57d53415-2945-3407-ab0d-15d6045790fc,1.292123407643312,0.125796178343949,628.0,48688,default,outlier,outlier,2.0,1.0,79.0,E,79,177,0.02872444011684518,22,13,14,0.6886456600626326,5
4693,58597365-310d-3d30-95a7-8c34d7171fd9,2.7253668763102725e-05,0.0387840670859538,95.4,2,default,bingbot/2.0,bot,954.0,10.0,37.0,E,37,37,0.027777777777777776,1,1,37,0.6879601693332461,4
13037,3878d6af-97db-35d3-a4fa-bb31749ce4e6,0.5824637203166227,0.0936675461741424,758.0,26491,default,outlier,outlier,1.0,1.0,71.0,E,71,205,0.04124748490945674,20,15,14,0.6877873590462446,5
31658,ca5d2f08-b652-39e2-a089-c0c9eb1b0f70,0.1851621465666474,0.0323139065204847,64.18518518518519,19254,default,Normal,normal,32.0,27.0,56.0,F,56,142,0.046103896103896105,11,23,13,0.6874034512452951,5
30797,91a89a73-dffd-3f93-8b83-5b3c64149134,0.1285346352247605,0.0198968312453942,59.0,20931,default,Normal,normal,57.0,46.0,54.0,F,54,110,0.03843466107617051,12,22,12,0.687180532782007,5
6757,646d1984-f5de-3565-a41b-e1605a66f249,0.3738119047619048,0.0773809523809523,840.0,18841,default,outlier,outlier,1.0,1.0,65.0,E,65,178,0.04278846153846154,20,16,14,0.6866712022378865,5
14714,210fbd03-578f-3c4d-8875-4a8dc0ed0811,1.95547816091954,0.2,435.0,51038,default,outlier,outlier,2.0,1.0,87.0,E,87,171,0.02285485164394547,20,18,8,0.6861196792888288,5
33522,62301133-8605-3fb1-8b51-81e1967cefa9,0.0246374538745387,0.0126076260762607,203.25,4808,default,Normal,normal,143.0,16.0,41.0,F,41,237,0.1445121951219512,16,17,7,0.6861075443460902,5
20862,752fd802-d251-335b-b033-887c435080f6,0.1255542271562766,0.0234842015371477,53.22727272727273,17643,default,Normal,normal,59.0,44.0,55.0,F,55,118,0.03973063973063973,10,17,15,0.6855717835300486,5
20944,87e2e807-582c-303e-83da-f23443d265b1,0.1712961971076593,0.0321371183717193,47.87179487179487,19189,default,Normal,normal,46.0,39.0,60.0,F,60,129,0.036440677966101696,11,20,14,0.6855111124632004,5
3290,070bbdce-6478-3e0a-9392-f120b66ad37f,8.950617283950617e-05,0.0679012345679012,2.511627906976744,2,default,BingPreview/1.0b,bot,309.0,129.0,22.0,E,22,25,0.05411255411255411,2,2,22,0.684966882431868,4
11052,6b67a028-e89d-3daf-9dd9-747baa248277,0.9620204081632652,0.091156462585034,735.0,42426,default,outlier,outlier,1.0,1.0,67.0,E,67,184,0.041610131162369966,20,15,14,0.6848632146453308,5
30755,0346de24-6cca-31c0-ac84-9a89a0a1150a,0.0077059925093632,0.095505617977528,7.628571428571429,247,default,Normal,normal,91.0,70.0,51.0,F,51,92,0.03607843137254902,8,12,15,0.6848475744937954,5
4320,eb98f2b6-7ef4-3cbd-9665-2ecfece77683,6.769818181818182,0.2777777777777778,198.0,80426,private_ip,outlier,outlier,1.0,1.0,55.0,E,55,115,0.03872053872053872,14,16,7,0.6844871739344485,4
1549,c77af483-a0db-39a5-874e-5f386608d62f,3.215434083601286e-05,0.0396570203644158,103.66666666666669,2,default,bingbot/2.0,bot,933.0,9.0,37.0,E,37,37,0.027777777777777776,1,1,37,0.6822858846022276,4
6470,1865c6e1-9c8e-397e-b4a7-9ae177e78c6a,3.3973412112259975e-05,0.0443131462333825,3.471794871794872,2,default,BingPreview/1.0b,bot,492.0,195.0,30.0,E,30,54,0.06206896551724138,6,5,20,0.6820735824103595,4
21277,821a754b-7730-37f1-9934-58a916a72cbf,0.0360847280334728,0.0397489539748954,478.0,1035,private_ip,outlier,outlier,24.0,1.0,19.0,F,19,117,0.34210526315789475,11,9,4,0.6812179773991975,4
22235,5cb98ee0-2922-3915-9b32-a467643e5b8c,0.150227681438664,0.0179833012202954,79.84615384615384,28069,default,Normal,normal,48.0,39.0,56.0,F,56,120,0.03896103896103896,11,20,13,0.6810788985481213,5
6575,5752c8cd-bb09-31af-93f5-1e92f1da0a86,1.437142735042735,0.1572649572649572,585.0,50444,default,outlier,outlier,1.0,1.0,92.0,E,92,223,0.02663640707118968,17,14,13,0.6810387807922536,5
4289,8acdc345-7754-3abb-b158-8fa422de8996,1.5420271739130436,0.2717391304347826,368.0,34048,default,outlier,outlier,2.0,1.0,100.0,E,100,173,0.017474747474747476,20,14,10,0.6804008573700948,5
8840,8f12bd75-123c-3772-b8b1-12c013812a54,6.896551724137931e-05,0.0394088669950738,2.4907975460122698,2,default,BingPreview/1.0b,bot,404.0,163.0,16.0,E,16,18,0.075,2,2,16,0.6799438883219644,4
2903,525855ea-badc-3e50-a830-6d657f393efd,2.612244897959184e-05,0.0285714285714285,136.11111111111111,2,default,bingbot/2.0,bot,1225.0,9.0,35.0,E,35,35,0.029411764705882353,1,1,35,0.6792991694816801,4
358,1994b198-3b07-3e93-a671-0d09bfd5b400,2.6816608996539797e-05,0.0302768166089965,128.44444444444446,2,default,bingbot/2.0,bot,1156.0,9.0,35.0,E,35,35,0.029411764705882353,1,1,35,0.6788801640623588,4
7877,0f53d076-c526-3638-ba44-a794b5c2d284,2.667814113597246e-05,0.0292598967297762,129.11111111111111,2,default,bingbot/2.0,bot,1162.0,9.0,34.0,E,34,34,0.030303030303030304,1,1,34,0.6788801640623588,4
27844,b12c8598-9132-35bf-960b-53822397f2f7,0.1861167907921462,0.0189573459715639,77.73684210526316,32988,default,Normal,normal,45.0,38.0,56.0,F,56,106,0.03441558441558441,10,23,10,0.6782155468683553,5
15140,7f742073-ccd8-3c33-ac7d-13be88bbe76c,3.137254901960784e-05,0.0352941176470588,4.005235602094241,2,default,BingPreview/1.0b,bot,519.0,191.0,27.0,E,27,37,0.05270655270655271,4,3,18,0.6781045130262315,4
34412,da87163f-6a24-39fc-a79f-1b05f00610de,944.4231428571428,0.1428571428571428,7.0,396658,datacenter,outlier,outlier,1.0,1.0,1.0,F,1,1,0.0,1,1,1,0.6775008202359721,2
22222,22f1fd22-6a59-3ac6-874c-246dd6f121a6,0.0361289418360196,0.0136650315346881,203.8571428571429,6187,default,Normal,normal,123.0,14.0,39.0,F,39,229,0.1545209176788124,16,17,7,0.6773836942846766,5
16849,422bc816-3c44-3378-943d-0c97d5cacbd4,0.1377147651006711,0.0604026845637583,1192.0,9850,default,outlier,outlier,4.0,1.0,72.0,E,72,161,0.03149452269170579,18,10,15,0.6773384315253985,5
24922,679f6610-d582-32b8-9833-17ca768a3d06,0.1217856370029753,0.0151474168244522,77.02083333333333,27015,default,Normal,normal,52.0,48.0,56.0,F,56,113,0.03668831168831169,13,20,10,0.6773375884628252,5
16821,d9d64636-b501-3fdf-9925-19d3d913cd0f,2.783300198807157e-05,0.0337972166998011,111.77777777777776,2,default,bingbot/2.0,bot,1006.0,9.0,34.0,E,34,34,0.030303030303030304,1,1,34,0.6772868482050294,4
13152,b1db9626-8daf-38fc-a329-b526004af296,3.1218529707955686e-05,0.0342396777442094,110.33333333333331,2,default,bingbot/2.0,bot,993.0,9.0,34.0,E,34,34,0.030303030303030304,1,1,34,0.6772868482050294,4
614,1870c0a0-64f3-3c30-969d-7216695a397d,2.8157683024939665e-05,0.0265486725663716,138.11111111111111,3,default,bingbot/2.0,bot,1243.0,9.0,33.0,E,33,33,0.03125,1,1,33,0.6771425825748333,4
24446,c0ebdf5e-2f1b-3836-99a8-3c508bb1385a,0.2023977528089887,0.049438202247191,445.0,5405,private_ip,outlier,outlier,19.0,1.0,22.0,F,22,124,0.2683982683982684,11,9,4,0.6770152252499654,4
5643,dc371a49-5254-3c6b-a7cf-55ecb2216a59,0.6921670886075949,0.0848101265822784,790.0,32809,default,outlier,outlier,1.0,1.0,67.0,E,67,197,0.04454997738579828,24,12,11,0.6769747882357044,5
11573,26a576bc-c81e-3447-a787-31397ea68265,2.8699551569506727e-05,0.0295964125560538,123.88888888888889,2,default,bingbot/2.0,bot,1115.0,9.0,33.0,E,33,33,0.03125,1,1,33,0.6767241522815102,4
15378,35884d17-77ba-3c78-b3c4-fb4037b193ad,2.6829268292682928e-05,0.0268292682926829,136.66666666666666,2,default,bingbot/2.0,bot,1230.0,9.0,33.0,E,33,33,0.03125,1,1,33,0.6760813675703699,4
25069,5a33faa5-1a21-3696-a91c-7eb1fefc9538,0.1649041700080192,0.0236567762630312,75.57575757575758,24677,default,Normal,normal,41.0,33.0,59.0,F,59,117,0.03419053185271771,16,18,12,0.6758289632668044,5
2320,e612fefb-474d-3f26-9184-134f07ceec0e,7.284768211920529e-05,0.0375275938189845,2.83125,2,default,BingPreview/1.0b,bot,385.0,160.0,17.0,E,17,20,0.07352941176470588,2,3,17,0.6756710339462304,4
33766,ae833a2e-55e6-3313-b598-4368d152ef4d,0.1008209134615384,0.0212339743589743,52.0,15099,default,Normal,normal,61.0,48.0,53.0,F,53,119,0.043178519593613934,12,20,13,0.6755837457517387,5
34217,64bbbcaf-47a7-30c7-a7af-3daffaa7e94a,0.0711753371868978,0.0157996146435452,152.64705882352942,11082,default,Normal,normal,110.0,17.0,41.0,F,41,238,0.14512195121951219,16,16,8,0.6753393221807893,5
8766,c3afbd2e-b6d6-36a9-bd5f-bbd6a47dd727,3.239289446185998e-05,0.0365726227795193,106.33333333333331,2,default,bingbot/2.0,bot,957.0,9.0,35.0,E,35,35,0.029411764705882353,1,1,35,0.6751649408725298,4
8760,b685ef51-209a-3714-a0fe-1e5cc72e9317,0.8856460674157304,0.1535580524344569,534.0,28377,default,outlier,outlier,2.0,1.0,82.0,E,82,208,0.031315868714242696,21,14,11,0.6750816623932718,5
17248,d27009de-5faf-3c54-97fb-df90a0b7ae24,2.7506654835847385e-05,0.028393966282165,125.22222222222224,2,default,bingbot/2.0,bot,1127.0,9.0,32.0,E,32,32,0.03225806451612903,1,1,32,0.6750798697738688,4
10345,c04224be-c1f9-38e7-b5ed-3beb8991121a,0.8571420863309352,0.1690647482014388,556.0,28595,default,outlier,outlier,1.0,1.0,94.0,E,94,222,0.02539464653397392,17,11,15,0.6746796659356727,5
7866,ed0de216-bcd1-307a-83e0-f437c8275547,45.65893877551021,0.0459183673469387,196.0,536950,private_ip,outlier,outlier,1.0,1.0,9.0,E,9,17,0.2361111111111111,6,4,2,0.6745618845482224,3
29409,d6cba670-0eb7-3f49-9e8b-749831244852,0.5267476948868399,0.0078234143615535,894.75,113114,default,Normal,normal,25.0,4.0,28.0,F,28,161,0.21296296296296297,15,15,6,0.6741834094778709,5
12341,84a8e080-d8bb-3f68-a102-f9dd28f61cbf,3.416856492027335e-05,0.0387243735763098,97.55555555555556,2,default,bingbot/2.0,bot,878.0,9.0,34.0,E,34,34,0.030303030303030304,1,1,34,0.6741050634608285,4
3162,128e962f-c252-3f3e-808a-cfb496856d9c,3.2079646017699115e-05,0.0376106194690265,100.44444444444444,2,default,bingbot/2.0,bot,904.0,9.0,34.0,E,34,34,0.030303030303030304,1,1,34,0.6741050634608285,4
29888,c4eec83d-1250-38a0-bd6f-31e68d750bc0,0.0943876437629018,0.0117959304040106,1130.3333333333333,19205,default,Normal,normal,18.0,3.0,40.0,F,40,150,0.09615384615384616,11,16,16,0.6740836625491939,5
10540,f85838c2-1cfd-3863-87dd-ea9ce5264cd8,2.461322081575246e-05,0.0225035161744022,158.0,3,default,bingbot/2.0,bot,1422.0,9.0,32.0,E,32,32,0.03225806451612903,1,1,32,0.6739825384263658,4
2101,387f7810-14f7-3a03-b334-d39acb1da95a,2.5541795665634675e-05,0.0263157894736842,143.55555555555554,2,default,bingbot/2.0,bot,1292.0,9.0,34.0,E,34,34,0.030303030303030304,1,1,34,0.6736932541801999,4
5988,d6cc9029-a1f0-3b99-b672-a936feda22f9,2.5039123630672928e-05,0.0273865414710485,142.0,2,default,bingbot/2.0,bot,1278.0,9.0,35.0,E,35,35,0.029411764705882353,1,1,35,0.6736932541801999,4
26978,457c098a-e062-3bb6-9d68-59102e9e49f4,596.36225,0.75,4.0,143127,private_ip,outlier,outlier,1.0,1.0,3.0,F,3,3,0.5,1,2,1,0.6736854890203277,3
27228,551b82f5-9c17-37ce-b98a-ca62b1c5a1dc,0.1987459055305008,0.0106812247804414,842.6,50239,default,Normal,normal,36.0,5.0,45.0,F,45,178,0.0898989898989899,12,13,18,0.6735998753261006,5
7035,c39570be-22a8-3c7d-8c42-e8d13dfbdb8c,3.060217176702863e-05,0.0315893385982231,112.55555555555556,2,default,bingbot/2.0,bot,1013.0,9.0,32.0,E,32,32,0.03225806451612903,1,1,32,0.6734904088007504,4
14604,18e4e431-c19a-3731-8254-a3cda8f9101b,2.9411764705882357e-05,0.0313725490196078,113.33333333333331,2,default,bingbot/2.0,bot,1020.0,9.0,32.0,E,32,32,0.03225806451612903,1,1,32,0.6734904088007504,4
3096,66319931-bc7a-36cc-97fd-300f19ccfbb6,3.0057251908396947e-05,0.0305343511450381,116.44444444444444,2,default,bingbot/2.0,bot,1048.0,9.0,32.0,E,32,32,0.03225806451612903,1,1,32,0.6734904088007504,4
6722,090244e5-4445-3619-aa4f-f9dab64fa5a6,2.7884615384615383e-05,0.0307692307692307,115.55555555555556,2,default,bingbot/2.0,bot,1040.0,9.0,32.0,E,32,32,0.03225806451612903,1,1,32,0.6734904088007504,4
7952,da11d5af-a759-3556-8821-4847ae09d3c3,2.5145772594752182e-05,0.0240524781341107,152.44444444444446,3,default,bingbot/2.0,bot,1372.0,9.0,33.0,E,33,33,0.03125,1,1,33,0.6734154018719618,4
20787,86870d3c-4684-36ec-8551-1e28a7883bfd,0.6827670722622299,0.0067047429848522,1006.75,164971,default,Normal,normal,31.0,4.0,27.0,F,27,147,0.2094017094017094,13,13,6,0.6732162634004998,5
17529,19542a56-19f8-34bc-b8d6-da4e91df20d3,3.180914512922465e-05,0.0318091451292246,111.77777777777776,2,default,bingbot/2.0,bot,1006.0,9.0,32.0,E,32,32,0.03225806451612903,1,1,32,0.6729609468445158,4
7557,9a9185c1-02a8-33c5-af43-c08913bb8c2f,3.104786545924968e-05,0.0349288486416558,3.7892156862745097,2,default,BingPreview/1.0b,bot,542.0,204.0,27.0,E,27,34,0.04843304843304843,3,3,15,0.6729143964925821,4
59,d15f40e4-efda-36bd-a657-e4e2c74b798c,2.18686052631579,0.2210526315789473,380.0,49861,default,outlier,outlier,2.0,1.0,84.0,E,83,148,0.021745518660005878,20,17,10,0.6728765211914679,5
15128,69cbf688-946a-3bab-8f44-19a1b54936c6,7.654320987654322e-05,0.0641975308641975,2.6298701298701297,2,default,BingPreview/1.0b,bot,383.0,154.0,26.0,E,26,32,0.04923076923076923,3,4,21,0.6727653954132551,4
14884,020ea201-e42b-392e-92f1-627f017fd18f,0.4675173210161663,0.2147806004618937,433.0,12147,default,outlier,outlier,3.0,1.0,93.0,E,93,204,0.023842917251051893,18,13,12,0.6727097703370668,5
7014,859c1f55-ecd0-3143-ba69-49b127a2b1ea,0.4656217303822937,0.0553319919517102,994.0,27770,default,outlier,outlier,1.0,1.0,55.0,E,55,167,0.056228956228956226,20,18,13,0.6726957799518014,5
9147,3efe9d65-a4d0-38e5-8930-abc84858f906,0.9687338129496404,0.116546762589928,695.0,40397,default,outlier,outlier,1.0,1.0,81.0,E,81,177,0.027314814814814816,19,15,11,0.6726913725919165,5
15844,9c592b90-f38a-3f28-a466-5b560c66230c,2.9822926374650516e-05,0.0279589934762348,119.22222222222224,2,default,bingbot/2.0,bot,1073.0,9.0,30.0,E,30,30,0.034482758620689655,1,1,30,0.6726497512916136,4
235,c9eb1369-9f3d-34ef-9424-33a4a478a984,3.601895734597156e-05,0.0284360189573459,117.22222222222224,3,default,bingbot/2.0,bot,1055.0,9.0,30.0,E,30,30,0.034482758620689655,1,1,30,0.6726497512916136,4
6120,25e915b9-5914-3dcf-9368-672f6e6d4640,3.3333333333333335e-05,0.0376344086021505,103.33333333333331,2,default,bingbot/2.0,bot,930.0,9.0,35.0,E,35,35,0.029411764705882353,1,1,35,0.672516591296781,4
13122,4b2db446-e2ec-3297-8b94-07dbb72cda2e,7.788944723618091e-05,0.057788944723618,2.970149253731343,2,default,BingPreview/1.0b,bot,321.0,134.0,23.0,E,23,29,0.05731225296442688,3,3,21,0.6721846086800145,4
9292,fe14b982-2fb1-3758-974f-8b364f251ae2,3.0050083472454093e-05,0.0208681135225375,133.11111111111111,3,default,bingbot/2.0,bot,1198.0,9.0,25.0,E,25,25,0.041666666666666664,1,1,25,0.6720311821659464,4
11592,69beb094-bd48-3935-ba17-ababd975a965,3.4261241970021415e-05,0.032119914346895,93.4,2,default,bingbot/2.0,bot,934.0,10.0,30.0,E,30,30,0.034482758620689655,1,1,30,0.671928122155154,4
6083,ce9d4ad6-6a0e-3984-afa5-6f38391a6bf6,1.437292270531401,0.2125603864734299,414.0,35703,default,outlier,outlier,2.0,1.0,88.0,E,88,182,0.023772204806687566,21,12,11,0.6718836577605327,5
29228,9be590d6-fe46-3e11-8d6d-26f4fe60ee89,0.1709256281407035,0.0311557788944723,62.1875,20409,default,Normal,normal,39.0,32.0,62.0,F,61,132,0.036065573770491806,10,21,14,0.6717078436958166,5
14582,e4e8899e-5a07-3142-84f4-cbc591f6be15,0.5207104591836735,0.1237244897959183,784.0,24495,default,outlier,outlier,1.0,1.0,97.0,E,97,220,0.023625429553264604,16,13,10,0.6716876124884522,5
24293,dd4b232e-2f02-36ad-ac71-a95921b31ff6,0.1323553140815719,0.016969336111938,81.92682926829268,26675,default,Normal,normal,52.0,41.0,57.0,F,57,122,0.03822055137844611,11,18,13,0.6716266113377358,5
8807,375ebad4-2d49-38d8-8f79-3ea1c4f458b5,2.96220633299285e-05,0.0306435137895812,108.77777777777776,2,default,bingbot/2.0,bot,979.0,9.0,30.0,E,30,30,0.034482758620689655,1,1,30,0.6710627553447948,4
4552,817abe3f-9fb0-35a7-9da3-bad1a5028f0b,3.1280547409579666e-05,0.0293255131964809,113.66666666666669,2,default,bingbot/2.0,bot,1023.0,9.0,30.0,E,30,30,0.034482758620689655,1,1,30,0.6710627553447948,4
2880,1e4c6a4a-9211-3ca7-8e3e-1b4795cfb8e0,3.176341730558598e-05,0.0372398685651697,101.44444444444444,2,default,bingbot/2.0,bot,913.0,9.0,34.0,E,33,33,0.03125,1,1,33,0.6710578216410998,4
8048,eb5665db-309d-3c2e-a2c8-0d818c8f0943,6.91906005221932e-05,0.0678851174934725,2.6783216783216783,2,default,BingPreview/1.0b,bot,356.0,143.0,26.0,E,26,35,0.05384615384615385,3,3,21,0.6705371724734412,4
17428,f4690a58-fca4-33b8-9498-64b2d1f06802,5.405405405405406e-05,0.0456081081081081,3.4022988505747125,2,default,BingPreview/1.0b,bot,422.0,174.0,27.0,E,27,50,0.07122507122507123,5,4,20,0.6705290165885782,4
12629,9998f63b-fea6-3ef7-a69a-d5ad2fb92746,7.440273037542663e-05,0.0266211604095563,1465.0,7,default,outlier,outlier,33.0,1.0,39.0,E,39,138,0.0931174089068826,11,15,23,0.6705075759210981,5
10323,8d10e7ce-52b4-3456-882e-a6891bd00ea6,2.926829268292683e-05,0.0227642276422764,136.66666666666666,3,default,bingbot/2.0,bot,1230.0,9.0,28.0,E,28,28,0.037037037037037035,1,1,28,0.6699240249517817,4
17196,48df3038-e707-3892-90a4-c7afcf4a8f81,3.495762711864407e-05,0.034957627118644,104.88888888888889,2,default,bingbot/2.0,bot,944.0,9.0,33.0,E,33,33,0.03125,1,1,33,0.6698409078533051,4
2016,2bbf83fb-d5cc-3ff7-a94e-b49f4a8c67ac,3.3980582524271844e-05,0.0400485436893203,91.55555555555556,2,default,bingbot/2.0,bot,824.0,9.0,33.0,E,33,33,0.03125,1,1,33,0.6698409078533051,4
15978,1a6eb16a-ab3d-36f3-ae90-094bf99803b1,3.311965811965812e-05,0.0352564102564102,104.0,2,default,bingbot/2.0,bot,936.0,9.0,33.0,E,33,33,0.03125,1,1,33,0.6698409078533051,4
9999,ee04be14-4702-334a-bf90-4ee02676f942,0.6074903339191564,0.1634446397188049,569.0,20740,default,outlier,outlier,4.0,1.0,93.0,E,93,216,0.025245441795231416,17,14,11,0.669786734938016,5
888,5b6824d3-fcb0-3992-8a3b-c2ead322fd8f,2.945859872611465e-05,0.0207006369426751,139.55555555555554,3,default,bingbot/2.0,bot,1256.0,9.0,26.0,E,26,26,0.04,1,1,26,0.6694405753807695,4
17690,ee6e7ac3-b17d-3058-9658-819f407ba961,2.4922118380062303e-05,0.0233644859813084,142.66666666666666,2,default,bingbot/2.0,bot,1284.0,9.0,30.0,E,30,30,0.034482758620689655,1,1,30,0.6694399665377273,4
9541,c3173275-924b-3477-949a-02d0bd227a2c,2.3374726077428785e-05,0.0219138056975894,152.11111111111111,2,default,bingbot/2.0,bot,1369.0,9.0,30.0,E,30,30,0.034482758620689655,1,1,30,0.6694399665377273,4
10663,560357f0-8763-3645-b313-bebeeadcfcfd,2.308265078183172e-05,0.0223380491437081,149.22222222222223,2,default,bingbot/2.0,bot,1342.0,9.0,30.0,E,30,30,0.034482758620689655,1,1,30,0.6694399665377273,4
15343,c226753e-a27f-354b-9415-1b9c37aa904d,2.5457438345266508e-05,0.0238663484486873,139.66666666666666,2,default,bingbot/2.0,bot,1257.0,9.0,30.0,E,30,30,0.034482758620689655,1,1,30,0.6694399665377273,4
16603,45108513-5fa3-3652-a7e4-d463bc72958c,7.180851063829788e-05,0.0558510638297872,2.9375,2,default,BingPreview/1.0b,bot,305.0,128.0,21.0,E,21,25,0.05952380952380952,3,2,21,0.6693833378699341,4
9938,32b4f643-5187-3744-8723-e5328a4e78a8,0.2050896860986547,0.1704035874439461,446.0,5489,default,outlier,outlier,5.0,1.0,76.0,E,76,173,0.030350877192982455,21,15,13,0.6693416735519451,5
10823,e00e65a0-0133-390e-a20a-e6f912858477,3.348729792147806e-05,0.0369515011547344,96.22222222222224,2,default,bingbot/2.0,bot,866.0,9.0,32.0,E,32,32,0.03225806451612903,1,1,32,0.669259724086048,4
13436,049d887e-70d6-39b6-a49f-9df245bbb9d2,3.072870939420544e-05,0.0272168568920105,126.55555555555556,3,default,bingbot/2.0,bot,1139.0,9.0,31.0,E,31,31,0.03333333333333333,1,1,31,0.6691945276100135,4
9492,2c1c2967-119a-3993-9c60-34f7714b3628,3.049907578558225e-05,0.0286506469500924,120.22222222222224,2,default,bingbot/2.0,bot,1082.0,9.0,31.0,E,31,31,0.03333333333333333,1,1,31,0.6691945276100135,4
6181,b2b9010c-eba0-3937-b195-32755a1cd0e6,5.741802507836991,0.2695924764890282,319.0,109899,default,outlier,outlier,2.0,1.0,86.0,E,86,178,0.024350205198358413,21,12,7,0.6689887207356768,5
491,9e1b284f-49ae-3874-adff-e4884818f30f,7.575757575757576e-05,0.0555555555555555,2.622516556291391,2,default,BingPreview/1.0b,bot,379.0,151.0,22.0,E,22,24,0.05194805194805195,2,3,17,0.668921335955476,4
3406,39b95e92-204e-3197-b43c-fbe0a7f7403c,2.342606149341142e-05,0.0190336749633967,151.77777777777777,2,default,bingbot/2.0,bot,1366.0,9.0,26.0,E,26,26,0.04,1,1,26,0.6689124832237602,4
16318,e42f37ee-0ec5-386d-b788-980d7bff6227,0.698987012987013,0.1521335807050092,539.0,22606,default,outlier,outlier,2.0,1.0,82.0,E,82,201,0.03026196928635953,19,12,14,0.6687060777742757,5
7403,f07da79f-4646-3781-9885-0fe0aa61b606,2.8969957081545062e-05,0.0343347639484978,103.55555555555556,2,default,bingbot/2.0,bot,932.0,9.0,32.0,E,32,32,0.03225806451612903,1,1,32,0.6682038407119038,4
6393,46f26f2d-ccb1-346f-aa11-12d70a7e6332,3.235294117647059e-05,0.0376470588235294,94.44444444444444,2,default,bingbot/2.0,bot,850.0,9.0,32.0,E,32,32,0.03225806451612903,1,1,32,0.6682038407119038,4
7064,0d9c27e0-55fe-3f5d-ace9-c9a4170291ca,2.202643171806168e-05,0.0273127753303964,126.11111111111111,2,default,bingbot/2.0,bot,1135.0,9.0,31.0,E,31,31,0.03333333333333333,1,1,31,0.668138688331994,4
1780,96d0c91b-5d7d-30bd-9987-6ef160f55774,9.821428571428572e-05,0.0714285714285714,2.452554744525548,2,default,BingPreview/1.0b,bot,318.0,137.0,24.0,E,24,29,0.05253623188405797,3,3,20,0.6680357332725937,4
23832,67a02c35-f444-3c7b-a7cf-e994d1790242,0.358533462033462,0.0398970398970398,62.16,33430,default,Normal,normal,29.0,25.0,62.0,F,62,118,0.03120042305658382,10,20,13,0.667954153154293,5
13926,1e70fba2-63ae-375f-be99-617ab5e86eed,0.3716007416563658,0.0889987639060568,809.0,18038,default,outlier,outlier,1.0,1.0,72.0,E,72,193,0.03775430359937402,25,12,11,0.6678288768311674,5
4446,8a1cc7e8-9600-3112-a976-f1104e6b2a79,0.4926470588235294,0.2112299465240641,374.0,11055,default,outlier,outlier,2.0,1.0,79.0,E,79,186,0.03018500486854917,20,17,10,0.6676899548946895,5
1800,cd37a81e-d634-3bee-a67b-744eebc344cb,2.714440825190011e-05,0.0347448425624321,102.33333333333331,2,default,bingbot/2.0,bot,921.0,9.0,32.0,E,32,32,0.03225806451612903,1,1,32,0.6676761668630113,4
23580,acb11cad-9a25-307a-9397-37a86624f370,0.0336871287128712,0.1128712871287128,9.528301886792454,1021,default,Normal,normal,74.0,53.0,57.0,F,57,95,0.02976190476190476,9,13,13,0.6675874942263174,5
11906,a842e396-4f91-3faa-8289-b6bb9addf908,1.311456289978678,0.1769722814498933,469.0,36905,default,outlier,outlier,4.0,1.0,83.0,E,83,181,0.02659418160446665,22,14,7,0.6668750717335878,5
17583,c38348c0-df27-3960-889a-bfc93a023912,4.079254079254079e-05,0.0349650349650349,95.33333333333331,3,default,bingbot/2.0,bot,858.0,9.0,30.0,E,30,30,0.034482758620689655,1,1,30,0.6668386318160946,4
3708,916934c7-5d3e-3143-8899-01beacd313a8,4.424778761061947e-05,0.0429835651074589,87.88888888888889,3,default,bingbot/2.0,bot,791.0,9.0,34.0,E,34,34,0.030303030303030304,1,1,34,0.6667724043890075,4
489,9c7cb1db-27a4-3b87-bf54-996f45d5ff25,2.73972602739726e-05,0.0255707762557077,121.66666666666669,2,default,bingbot/2.0,bot,1095.0,9.0,28.0,E,28,28,0.037037037037037035,1,1,28,0.6664961563121007,4
21813,003ac1e6-73ff-3d2a-b3bb-7e41f654821f,0.1290515191545574,0.023778071334214,63.083333333333336,17585,default,Normal,normal,43.0,36.0,54.0,F,54,102,0.03563941299790356,10,22,13,0.6664456887244078,5
14589,fad6be8a-3d22-3a6f-a41d-e2e0f20fc15d,3.787878787878788e-05,0.0349650349650349,95.33333333333331,2,default,bingbot/2.0,bot,858.0,9.0,30.0,E,30,30,0.034482758620689655,1,1,30,0.66631141972992,4
2708,29df8cac-26f0-3dbd-af60-a1cee1b10afe,2.528735632183908e-05,0.0237547892720306,145.0,2,default,bingbot/2.0,bot,1305.0,9.0,31.0,E,31,31,0.03333333333333333,1,1,31,0.6659918316176899,4
10613,b9b71b22-d2d8-3a15-836b-f4a2b646e10d,0.6723327556325823,0.1230502599653379,577.0,23277,default,outlier,outlier,2.0,1.0,71.0,E,71,186,0.03742454728370221,18,21,12,0.665822134303104,5
11445,c648601c-0af7-3f3b-a409-d8558180e1c6,3.3673469387755106e-05,0.0306122448979591,108.88888888888889,2,default,bingbot/2.0,bot,980.0,9.0,30.0,E,29,29,0.03571428571428571,1,1,29,0.6657843859658223,4
25265,e36c374b-f5b6-331c-925b-6a70b4c63505,80.00110714285715,0.0535714285714285,56.0,268804,private_ip,outlier,outlier,1.0,1.0,3.0,F,3,6,1.0,2,2,3,0.6656517375183262,3
14097,b2d6c04d-09e3-3305-84d3-4ac775cc3870,4.168250632911392,0.210126582278481,395.0,98788,default,outlier,outlier,2.0,1.0,83.0,E,83,194,0.02850426094622392,19,12,10,0.6649737916474738,5
17739,83c042c2-15cd-3ed5-929e-532fc53d39fa,3.118908382066277e-05,0.0272904483430799,114.0,2,default,bingbot/2.0,bot,1026.0,9.0,28.0,E,28,28,0.037037037037037035,1,1,28,0.6649154023545404,4
13769,56c18d88-bffb-31b2-9225-97fbaa3faf80,2.5252525252525253e-05,0.0202020202020202,154.0,3,default,bingbot/2.0,bot,1386.0,9.0,28.0,E,28,28,0.037037037037037035,1,1,28,0.6648781089851274,4
7289,9cda60e7-b7fa-3287-b3ba-23027a8955ba,2.9356060606060607e-05,0.0274621212121212,117.33333333333331,2,default,bingbot/2.0,bot,1056.0,9.0,29.0,E,29,29,0.03571428571428571,1,1,29,0.6645432941591438,4
7976,39b4a431-c2ac-3d6b-b71a-36157f2689a2,0.7778934850051706,0.0734229576008273,967.0,45134,default,outlier,outlier,2.0,1.0,71.0,E,71,187,0.03762575452716298,18,15,11,0.6645112908999,5
4978,8e42a83b-ef0a-3226-aba1-c9f8408de75e,10.15996,0.29,200.0,121920,private_ip,outlier,outlier,1.0,1.0,58.0,E,58,109,0.03297035692679976,10,9,4,0.6643710702634071,4
15209,420d7e7c-4051-3d6e-8a9d-4ee6a38ddba3,3.322615219721329e-05,0.0278670953912111,103.66666666666669,2,default,bingbot/2.0,bot,933.0,9.0,26.0,E,26,26,0.04,1,1,26,0.6642049608043288,4
15661,98e90fd4-eb12-3e06-b2b6-578c261bddfe,0.3242824773413897,0.0951661631419939,662.0,12881,default,outlier,outlier,3.0,1.0,63.0,E,63,171,0.04377880184331797,20,22,9,0.6641411776592164,5
6203,ffdb1b2e-be18-362f-8460-11841aa2e901,3.397508493771234e-05,0.0351075877689694,98.11111111111111,2,default,bingbot/2.0,bot,883.0,9.0,31.0,E,31,31,0.03333333333333333,1,1,31,0.6639224676394695,4
12417,5b1f59e5-e305-3ed9-86ce-6cd8e2b6de24,3.530751708428246e-05,0.0353075170842824,97.55555555555556,2,default,bingbot/2.0,bot,878.0,9.0,31.0,E,31,31,0.03333333333333333,1,1,31,0.6639224676394695,4
34418,e564f100-0a97-3dd8-8b55-fb1e801bd228,0.0309516274864376,0.0162748643761302,245.77777777777777,4108,default,Normal,normal,99.0,9.0,36.0,F,36,202,0.16031746031746033,16,20,4,0.6636266769495155,5
9702,54f43eb3-8459-39f4-8c64-63af8c307c4f,0.4266101152368758,0.0947503201024327,781.0,19991,default,outlier,outlier,2.0,1.0,74.0,E,74,175,0.032395409107737874,17,21,10,0.6636030730867166,5
13341,f17b89db-523b-3fd8-b675-fbbe178a72e9,3.023516237402016e-05,0.0291153415453527,99.22222222222224,2,default,bingbot/2.0,bot,893.0,9.0,26.0,E,26,26,0.04,1,1,26,0.6635026851412458,4
9690,4303519f-6787-3d77-80eb-092aea1221d9,3.203661327231121e-05,0.0297482837528604,97.11111111111111,2,default,bingbot/2.0,bot,874.0,9.0,26.0,E,26,26,0.04,1,1,26,0.6635026851412458,4
22963,01588587-7da6-3d89-a07d-13ad97bc46db,0.0111644790812141,0.0143560295324036,304.75,1634,default,Normal,normal,102.0,8.0,35.0,F,35,195,0.1638655462184874,18,16,6,0.6634495783798486,5
24438,b085d32c-20ef-388c-86fc-90f7179995e7,0.0332631926121372,0.0145118733509234,252.66666666666663,4539,default,Normal,normal,108.0,9.0,33.0,F,33,205,0.19412878787878787,19,15,7,0.6634344941165176,5
4681,2e2b2a56-cb71-35d8-b9e8-65bafaf0057a,0.5883204301075269,0.1956989247311828,465.0,16415,default,outlier,outlier,2.0,1.0,91.0,E,91,196,0.023931623931623933,18,16,8,0.6632006974714081,5
8432,474ce157-2f51-399c-af86-184faf2839a0,0.4658843537414966,0.1360544217687075,588.0,16437,default,outlier,outlier,2.0,1.0,80.0,E,80,197,0.031170886075949367,20,13,9,0.6631466902230653,5
9659,05b35504-4711-3e35-9ea3-84a89ca6ef61,2.5176233635448137e-05,0.0292044310171198,110.33333333333331,2,default,bingbot/2.0,bot,993.0,9.0,29.0,E,29,29,0.03571428571428571,1,1,29,0.6629645211159305,4
29162,dc28f6be-4342-361a-944d-233299f29a89,0.5637441731409545,0.0621531631520532,150.16666666666666,30477,default,Normal,normal,1.0,6.0,56.0,F,55,163,0.05488215488215488,15,27,12,0.6624172651649946,5
781,10befbf2-59fc-3a93-92f8-5f9fbca5119c,3.140908466819222,0.1945080091533181,437.0,82355,default,outlier,outlier,1.0,1.0,85.0,E,85,198,0.02773109243697479,22,9,9,0.6618855583989323,5
17891,5331b4f8-3b1e-3ed8-b12f-4d7b6926d52a,0.0135258333333333,0.0133333333333333,300.0,1948,default,Normal,normal,108.0,8.0,32.0,F,32,202,0.20362903225806453,16,16,5,0.6616843662041113,5
3867,4db24314-7fe0-36df-89fe-84649249d2fb,1.6650843170320404,0.1517706576728499,593.0,59244,default,outlier,outlier,1.0,1.0,90.0,E,90,213,0.02659176029962547,17,11,14,0.6615367473184479,5
30848,2f3cce1e-609e-3c22-8970-cf92933aef19,0.1935247108307045,0.0294426919032597,63.4,22086,default,Normal,normal,39.0,30.0,56.0,F,56,130,0.04220779220779221,12,21,13,0.66130450970509,5
14988,0dbed168-800f-3397-94d4-96f2f5b26b8c,3.0501089324618735e-05,0.0305010893246187,102.0,2,default,bingbot/2.0,bot,918.0,9.0,28.0,E,28,28,0.037037037037037035,1,1,28,0.6612332093240334,4
16198,81065574-0c2b-3123-83de-ad0979319136,2.7164685908319183e-05,0.0246179966044142,130.88888888888889,2,default,bingbot/2.0,bot,1178.0,9.0,29.0,E,29,29,0.03571428571428571,1,1,29,0.6609938947710892,4
4017,0822f686-7de4-3789-ba2c-ad6faec21f89,0.0002163375224416,0.03770197486535,1114.0,15,default,outlier,outlier,40.0,1.0,42.0,E,42,130,0.07549361207897794,14,16,15,0.6609591261066436,5
1220,0156fe29-b52d-3982-902b-f763106582e6,3.463203463203463e-05,0.0303030303030303,102.66666666666669,2,default,bingbot/2.0,bot,924.0,9.0,28.0,E,28,28,0.037037037037037035,1,1,28,0.6607078931932204,4
7272,575dcabe-049f-3b51-8486-825dd7f25d86,3.417861080485115e-05,0.0308710033076074,100.77777777777776,2,default,bingbot/2.0,bot,907.0,9.0,28.0,E,28,28,0.037037037037037035,1,1,28,0.6607078931932204,4
21326,23edbfb8-fc32-3fd2-b8f5-05e218a0e63a,0.2454914285714285,0.0368253968253968,56.25,23199,default,Normal,normal,34.0,28.0,58.0,F,58,132,0.039927404718693285,10,23,12,0.6603074261556454,5
887,5851cbd0-a7d8-3233-82ca-b948a2599493,0.351811797752809,0.098314606741573,712.0,15030,default,outlier,outlier,1.0,1.0,70.0,E,70,197,0.04078674948240166,21,13,13,0.6603040829962615,5
3705,8dc84113-8e78-3b8a-b84e-e7ccca2716f9,3.3939393939393945e-05,0.0339393939393939,91.66666666666669,2,default,bingbot/2.0,bot,825.0,9.0,28.0,E,28,28,0.037037037037037035,1,1,28,0.6601827547432044,4
28356,8bf40943-3772-3b40-8c21-d00e46f0994d,0.0971946107784431,0.0179640718562874,144.73333333333332,12661,default,Normal,normal,94.0,15.0,39.0,F,39,225,0.15182186234817813,17,17,8,0.6597730491554664,5
32600,204807a8-1189-3dc6-8bf5-92a8630081fa,0.0437454825067281,0.0146097654748173,153.0,6827,default,Normal,normal,121.0,17.0,38.0,F,38,218,0.155049786628734,18,16,7,0.659723641400764,5
4626,9af3accb-60ad-39a5-9f9b-c6edf4e3beab,3.28042328042328e-05,0.0285714285714285,105.0,2,default,bingbot/2.0,bot,945.0,9.0,27.0,E,27,27,0.038461538461538464,1,1,27,0.6595799342010585,4
16293,a2a058c1-2ec8-37aa-ab40-b5468ebc6867,2.56136606189968e-05,0.0288153681963714,104.11111111111111,2,default,bingbot/2.0,bot,937.0,9.0,27.0,E,27,27,0.038461538461538464,1,1,27,0.6595799342010585,4
11416,5641b401-7d4b-360c-a0ec-8b36b8ff6e5a,0.6010473484848485,0.1496212121212121,528.0,19042,default,outlier,outlier,2.0,1.0,79.0,E,79,194,0.03148328464784161,20,15,9,0.6594913176550716,5
30473,e505d992-84fb-3627-b8dc-aacd88f10f10,0.0166770833333333,0.1510416666666666,6.9818181818181815,385,default,Normal,normal,65.0,55.0,58.0,F,58,91,0.027525710828796127,9,10,13,0.6593534314843795,5
10445,de0d33c7-bf1d-3b53-8e85-fda80cb0144c,3.11804008908686e-05,0.0300668151447661,99.77777777777776,2,default,bingbot/2.0,bot,898.0,9.0,27.0,E,27,27,0.038461538461538464,1,1,27,0.6588797458658706,4
1803,d755ddac-b533-3a6f-9bc1-5512e21d428c,3.571428571428571e-05,0.023469387755102,108.88888888888889,3,default,bingbot/2.0,bot,980.0,9.0,23.0,E,23,23,0.045454545454545456,1,1,23,0.6587838763152869,2
959,1b83953c-383b-3cf9-bceb-cf4c30f09e6f,3.250270855904658e-05,0.0314192849404117,102.55555555555556,2,default,bingbot/2.0,bot,923.0,9.0,29.0,E,29,29,0.03571428571428571,1,1,29,0.6587622845748208,4
198,48a284ad-2034-35e7-8667-2751a8126e7c,3.278688524590164e-05,0.0339578454332552,94.88888888888889,2,default,bingbot/2.0,bot,854.0,9.0,29.0,E,29,29,0.03571428571428571,1,1,29,0.6587622845748208,4
8633,62c70ee8-6fe8-38cd-bf3e-73bafa1eb021,3.902680981595092,0.3680981595092024,163.0,38169,private_ip,outlier,outlier,1.0,1.0,60.0,E,60,108,0.030508474576271188,13,10,9,0.6583801368521318,4
6423,8a25780f-338b-3474-8093-a77e26b841a5,3.215077605321508e-05,0.0299334811529933,100.22222222222224,2,default,bingbot/2.0,bot,902.0,9.0,27.0,E,27,27,0.038461538461538464,1,1,27,0.6583552257609899,4
20900,0d6845a8-c2e9-3372-b8d6-d37461ab3652,0.3420079365079365,0.0767195767195767,378.0,7757,private_ip,outlier,outlier,16.0,1.0,29.0,F,29,124,0.15270935960591134,9,11,3,0.6583019922951681,4
3518,72c85493-0542-39a9-ab39-c9eee3d673d1,3.903559127439724e-05,0.0275545350172215,96.77777777777776,3,default,bingbot/2.0,bot,871.0,9.0,24.0,E,24,24,0.043478260869565216,1,1,24,0.6582991612997788,2
3570,257f9dba-9655-3176-8d1f-2dd1b9ce99d5,3.7220843672456576e-05,0.0334987593052109,89.55555555555556,2,default,bingbot/2.0,bot,806.0,9.0,27.0,E,26,26,0.04,1,1,26,0.6582774314143296,3
33690,a0ea7654-71b9-309d-a171-ef81a6b81d9b,0.0049668049792531,0.0995850622406639,6.513513513513513,144,default,Normal,normal,100.0,74.0,48.0,F,48,73,0.03235815602836879,7,10,14,0.6582610641060695,5
13072,ba928b39-6bb6-3c3b-9a43-5cc5230181f4,2.946997416020672,0.2403100775193798,387.0,68430,default,outlier,outlier,1.0,1.0,93.0,E,93,176,0.020570359981299673,19,11,11,0.6576864248517624,5
18913,c2de859c-a92e-3a14-959f-5aa57256009e,0.1404318885448916,0.0304437564499484,64.6,16330,default,Normal,normal,43.0,30.0,59.0,F,59,112,0.03272939801285798,11,22,11,0.6574698740422417,5
18756,fd1af58c-bfd9-3a0d-ae74-e166cf7b86e1,0.1681780895844576,0.0318402590393955,59.774193548387096,18699,default,Normal,normal,45.0,31.0,59.0,F,59,117,0.03419053185271771,10,22,12,0.6574160973095322,5
16434,5dd7e752-f504-3e04-93c1-405eba63b1fb,12.26120942408377,0.2827225130890052,191.0,140514,private_ip,outlier,outlier,1.0,1.0,54.0,E,54,108,0.03773584905660377,14,10,4,0.6572456154005646,4
18209,44014082-1e8a-3922-a6f7-afdafabecd08,0.0320806451612903,0.0887096774193548,6.888888888888889,955,default,Normal,normal,93.0,72.0,44.0,F,44,79,0.04175475687103594,5,15,12,0.6571948820594534,4
2162,0721e091-4c71-3b5d-b1de-fc5db80273ab,0.0001108695652173,0.0510869565217391,920.0,7,default,outlier,outlier,42.0,1.0,47.0,E,47,142,0.06567992599444958,14,14,20,0.6570710863810725,5
23246,3f487942-1762-3228-b938-236cde96e087,0.1790279214064116,0.029989658738366,71.62962962962963,20775,default,Normal,normal,32.0,27.0,58.0,F,58,150,0.045372050816696916,13,20,10,0.6569069756368694,5
31156,c65772ba-992e-33c0-8f3a-df9e2dc9a4bf,0.2624422110552764,0.0108040201005025,995.0,62672,default,Normal,normal,24.0,4.0,43.0,F,43,174,0.09634551495016612,12,15,11,0.6567874326205139,5
913,91c103bd-1c34-3d0b-a200-ef8cff9848f2,3.010752688172043e-05,0.0311827956989247,103.33333333333331,2,default,bingbot/2.0,bot,930.0,9.0,29.0,E,28,28,0.037037037037037035,1,1,28,0.6566654272225148,4
5732,d8027bb2-bf99-3375-958a-e988fcc52ae0,0.0001081081081081,0.0743243243243243,2.9019607843137254,2,default,BingPreview/1.0b,bot,240.0,102.0,22.0,E,22,20,0.04329004329004329,1,1,18,0.6565950887607497,4
6305,27bd68c6-bf41-3ff3-9090-33178e4c5dae,3.973105134474328e-05,0.0330073349633251,90.88888888888889,2,default,bingbot/2.0,bot,818.0,9.0,27.0,E,27,27,0.038461538461538464,1,1,27,0.6562589188570194,4
7052,f334dba4-819b-3c18-a965-3e53b6ce7878,3.636363636363637e-05,0.0327272727272727,91.66666666666669,2,default,bingbot/2.0,bot,825.0,9.0,27.0,E,27,27,0.038461538461538464,1,1,27,0.6562589188570194,4
30544,d6a0c3a2-caa5-3e48-84ec-88347a8cb09a,0.0320337717739068,0.014219694276573,165.47058823529412,5407,default,Normal,normal,129.0,17.0,40.0,F,40,228,0.14615384615384616,18,15,7,0.6559596626612452,5
13283,31534e1e-cf49-3d3a-bf46-56e9ec4401b1,0.0001011235955056,0.0898876404494382,2.643564356435644,2,default,BingPreview/1.0b,bot,250.0,101.0,24.0,E,24,26,0.04710144927536232,2,2,24,0.6559191802260569,4
4140,40654973-3488-3a93-8941-0afb6c7f3186,2.0421134020618554,0.3195876288659793,194.0,23771,private_ip,outlier,outlier,1.0,1.0,62.0,E,62,115,0.030407191961924908,16,9,6,0.6559095347446771,4
8571,a9c27edc-94c9-36a4-a394-6dc4f60449eb,7.446808510638298e-05,0.0398936170212766,2.629370629370629,2,default,BingPreview/1.0b,bot,373.0,143.0,15.0,E,15,15,0.07142857142857142,1,2,14,0.6557404584673572,3
30464,cd62f9db-1b24-35e5-ab35-8eaa60a82243,0.3651204013377926,0.0557413600891861,149.5,19651,default,Normal,normal,1.0,6.0,50.0,F,50,190,0.07755102040816327,17,26,11,0.6553818259249387,4
2572,a22ab638-1c6b-30ab-b802-6278aff1b1bd,5.922551252847381e-05,0.0751708428246013,3.300751879699248,2,default,BingPreview/1.0b,bot,358.0,133.0,33.0,E,33,51,0.048295454545454544,5,5,22,0.6553311709290409,4
1865,832933fb-3bb5-358a-9bf7-7f5769e843ea,2.030478431372549,0.1588235294117647,510.0,62133,default,outlier,outlier,2.0,1.0,81.0,E,81,216,0.03333333333333333,15,16,9,0.6548985263484067,5
15699,fb54ed90-340c-3c4d-91f5-37689eff6e9e,4.144118840579711,0.263768115942029,345.0,85784,default,outlier,outlier,2.0,1.0,91.0,E,91,169,0.020634920634920634,20,13,6,0.6548654898575388,5
30558,ffc77b29-b592-367a-8bd6-19532e9dd709,0.4541312417145382,0.0057445868316394,1131.5,123324,default,Normal,normal,29.0,4.0,26.0,F,26,133,0.20461538461538462,12,13,7,0.6546905571718777,4
9677,1d50712b-068e-33b4-9846-84e55ab93746,43.23704918032787,0.2049180327868852,122.0,316496,private_ip,outlier,outlier,1.0,1.0,25.0,E,25,44,0.07333333333333333,11,9,4,0.6545038194002778,3
6561,1a71f3be-0427-32a4-b0ba-d4e07e59444d,1.8598279569892475,0.3548387096774194,186.0,20756,private_ip,outlier,outlier,1.0,1.0,66.0,E,66,109,0.025407925407925407,11,9,4,0.6539931243671578,4
27759,b449448b-b121-3dce-9a3c-3f96ad9d32f2,0.1970921610169491,0.0466101694915254,472.0,5582,private_ip,outlier,outlier,20.0,1.0,22.0,F,22,116,0.2510822510822511,9,11,1,0.6535162154571013,3
6627,e5feaa70-2ce6-3660-bc34-afc525b983ed,8.088235294117648e-05,0.0465686274509803,2.9565217391304346,2,default,BingPreview/1.0b,bot,399.0,138.0,19.0,E,19,20,0.05847953216374269,2,3,13,0.6524322674515115,3
11795,837c7e21-0e34-3ed6-8e6e-6e33edc15390,0.8050064935064934,0.0831168831168831,770.0,37192,default,outlier,outlier,1.0,1.0,64.0,E,64,186,0.046130952380952384,19,16,6,0.6519603237183513,4
16639,98cf7f2c-fc47-3a22-92d4-dc9679d461ca,10.30415652173913,0.4782608695652174,115.0,71099,private_ip,outlier,outlier,1.0,1.0,55.0,E,55,91,0.03063973063973064,11,9,4,0.651900474457712,4
3885,6f659c2b-4a3c-3f08-9346-7fafa1a2d88e,0.0001036789297658,0.0735785953177257,2.902912621359224,2,default,BingPreview/1.0b,bot,263.0,103.0,22.0,E,22,26,0.05627705627705628,3,2,19,0.65181975936139,3
6046,5a41a8a6-fc42-343d-b012-c6030d8d7471,0.0001127272727272,0.0618181818181818,2.5,2,default,BingPreview/1.0b,bot,266.0,110.0,17.0,E,17,17,0.0625,2,1,16,0.6514412487492902,2
711,2a55c4c4-fa91-3940-adc1-1dd159f94bc9,0.0001970509383378,0.064343163538874,746.0,9,default,outlier,outlier,70.0,1.0,48.0,E,48,126,0.05585106382978723,14,15,23,0.6514164826861377,5
711,2a55c4c4-fa91-3940-adc1-1dd159f94bc9,0.0001970509383378,0.064343163538874,746.0,9,default,outlier,outlier,70.0,1.0,48.0,E,48,126,0.05585106382978723,14,15,23,0.6514164826861377,5
710,2a55c4c4-fa91-3940-adc1-1dd159f94bc9,0.0001970509383378,0.064343163538874,746.0,9,default,outlier,outlier,70.0,1.0,48.0,E,48,126,0.05585106382978723,14,15,23,0.6514164826861377,5
711,2a55c4c4-fa91-3940-adc1-1dd159f94bc9,0.0001970509383378,0.064343163538874,746.0,9,default,outlier,outlier,70.0,1.0,48.0,E,48,126,0.05585106382978723,14,15,23,0.6514164826861377,5
709,2a55c4c4-fa91-3940-adc1-1dd159f94bc9,0.0001970509383378,0.064343163538874,746.0,9,default,outlier,outlier,70.0,1.0,48.0,E,48,126,0.05585106382978723,14,15,23,0.6514164826861377,5
709,2a55c4c4-fa91-3940-adc1-1dd159f94bc9,0.0001970509383378,0.064343163538874,746.0,9,default,outlier,outlier,70.0,1.0,48.0,E,48,126,0.05585106382978723,14,15,23,0.6514164826861377,5
709,2a55c4c4-fa91-3940-adc1-1dd159f94bc9,0.0001970509383378,0.064343163538874,746.0,9,default,outlier,outlier,70.0,1.0,48.0,E,48,126,0.05585106382978723,14,15,23,0.6514164826861377,5
710,2a55c4c4-fa91-3940-adc1-1dd159f94bc9,0.0001970509383378,0.064343163538874,746.0,9,default,outlier,outlier,70.0,1.0,48.0,E,48,126,0.05585106382978723,14,15,23,0.6514164826861377,5
709,2a55c4c4-fa91-3940-adc1-1dd159f94bc9,0.0001970509383378,0.064343163538874,746.0,9,default,outlier,outlier,70.0,1.0,48.0,E,48,126,0.05585106382978723,14,15,23,0.6514164826861377,5
708,2a55c4c4-fa91-3940-adc1-1dd159f94bc9,0.0001970509383378,0.064343163538874,746.0,9,default,outlier,outlier,70.0,1.0,48.0,E,48,126,0.05585106382978723,14,15,23,0.6514164826861377,5
708,2a55c4c4-fa91-3940-adc1-1dd159f94bc9,0.0001970509383378,0.064343163538874,746.0,9,default,outlier,outlier,70.0,1.0,48.0,E,48,126,0.05585106382978723,14,15,23,0.6514164826861377,5
710,2a55c4c4-fa91-3940-adc1-1dd159f94bc9,0.0001970509383378,0.064343163538874,746.0,9,default,outlier,outlier,70.0,1.0,48.0,E,48,126,0.05585106382978723,14,15,23,0.6514164826861377,5
710,2a55c4c4-fa91-3940-adc1-1dd159f94bc9,0.0001970509383378,0.064343163538874,746.0,9,default,outlier,outlier,70.0,1.0,48.0,E,48,126,0.05585106382978723,14,15,23,0.6514164826861377,5
708,2a55c4c4-fa91-3940-adc1-1dd159f94bc9,0.0001970509383378,0.064343163538874,746.0,9,default,outlier,outlier,70.0,1.0,48.0,E,48,126,0.05585106382978723,14,15,23,0.6514164826861377,5
708,2a55c4c4-fa91-3940-adc1-1dd159f94bc9,0.0001970509383378,0.064343163538874,746.0,9,default,outlier,outlier,70.0,1.0,48.0,E,48,126,0.05585106382978723,14,15,23,0.6514164826861377,5
711,2a55c4c4-fa91-3940-adc1-1dd159f94bc9,0.0001970509383378,0.064343163538874,746.0,9,default,outlier,outlier,70.0,1.0,48.0,E,48,126,0.05585106382978723,14,15,23,0.6514164826861377,5
10424,87cfc347-86e6-35c0-b8f3-77c6278368f0,2.731116803278689,0.1495901639344262,488.0,79968,default,outlier,outlier,1.0,1.0,73.0,E,73,174,0.033105022831050226,22,12,13,0.6513955776075141,5
15360,ee8f5ae5-19c0-38eb-a139-784e18dd931a,2.113897435897436,0.3025641025641025,195.0,24733,private_ip,outlier,outlier,1.0,1.0,59.0,E,59,116,0.03389830508474576,13,11,10,0.6511640481062873,4
30304,e5816afa-96b8-3d0c-ba68-1030bdf6c579,957.5571666666666,0.1666666666666666,6.0,344721,datacenter,outlier,outlier,1.0,1.0,1.0,F,1,1,0.0,1,1,1,0.6510552424105576,2
1112,ce2c594c-9800-343f-ad0f-6b112d7bc003,9.33734939759036e-05,0.0933734939759036,2.6991869918699187,2,default,BingPreview/1.0b,bot,292.0,123.0,31.0,E,31,36,0.03870967741935484,2,4,19,0.6509670383643313,4
7015,86cd1e67-9541-38d4-9ef0-a9178c222ef5,7.904761904761905e-05,0.04,1050.0,5,default,outlier,outlier,28.0,1.0,42.0,E,42,141,0.08188153310104529,14,16,17,0.6506056800935472,5
8896,1498f906-5d28-38d9-85d5-914fdbf187b6,0.0917948124131542,0.0213061602593793,2159.0,11892,default,outlier,outlier,1.0,1.0,46.0,E,46,193,0.09323671497584542,14,14,13,0.6506055591148379,5
26821,859c2f31-2582-36f3-9d8a-8cdb9bb8a03f,0.199641485275288,0.0377720870678617,60.07692307692308,18711,default,Normal,normal,37.0,26.0,59.0,F,59,112,0.03272939801285798,12,22,10,0.6501343967238166,5
31615,154ff2e5-f6e9-30ef-ac1f-907838189bd4,0.0511196275071633,0.0210124164278892,149.57142857142858,6423,default,Normal,normal,98.0,14.0,44.0,F,44,242,0.12790697674418605,17,14,6,0.6494003238430315,5
10995,e06ff9ee-3dfe-3ca4-9f5f-5026d72f8c81,9.415584415584417e-05,0.0616883116883116,2.566666666666667,2,default,BingPreview/1.0b,bot,291.0,120.0,19.0,E,19,25,0.07309941520467836,3,3,19,0.6493906063838226,3
23488,b3c09466-2279-30a8-9686-3c33e63cd266,0.0993152639087018,0.0073109843081312,1121.6,33418,default,Normal,normal,29.0,5.0,41.0,F,41,159,0.09695121951219512,12,14,12,0.6488483192553098,5
27469,3b8d8623-1ea2-30a2-9dd2-d4681e62220c,0.5325141481035521,0.0114388922335942,830.5,106141,default,Normal,normal,29.0,4.0,38.0,F,38,168,0.11948790896159317,11,14,13,0.6484554210027687,5
1209,e2acae6f-4845-3e35-a2a1-1d1800162e9b,0.000439570277529,0.0376007162041181,1117.0,30,default,outlier,outlier,33.0,1.0,42.0,E,42,133,0.07723577235772358,14,15,16,0.6484530940166646,5
958,1a72e862-edc1-32c9-90b0-3409d80f6df2,1.1506754201680671,0.1869747899159664,476.0,32864,default,outlier,outlier,2.0,1.0,89.0,E,89,216,0.027579162410623085,18,11,14,0.6483684743121606,5
28013,a619ecbf-735d-30f4-987d-348e7d6658b7,0.4505620253164556,0.0582278481012658,395.0,10679,private_ip,outlier,outlier,19.0,1.0,23.0,F,23,114,0.22529644268774704,10,9,1,0.6480865379186281,3
30426,53b5cdf9-8b02-3bd6-9fec-9419281e67e7,0.0459325238853503,0.0143312101910828,193.23076923076923,6923,default,Normal,normal,106.0,13.0,36.0,F,36,215,0.17063492063492064,17,15,6,0.6479611453802729,5
5893,d7b8550b-d935-3254-ac61-c4252ac47fbb,7.657142857142857e-05,0.0548571428571428,875.0,5,default,outlier,outlier,33.0,1.0,48.0,E,48,139,0.06161347517730496,14,15,23,0.6478327180265597,5
8473,c6a1b30b-eb58-3358-a63f-7205000e98e5,16.87733163265306,0.2346938775510204,196.0,198478,private_ip,outlier,outlier,1.0,1.0,46.0,E,46,98,0.04734299516908213,6,5,8,0.6478255247310991,4
23454,61a77c78-0d6a-33b0-96ce-449e098845f8,0.0822618477740545,0.0201053135471517,139.26666666666668,10311,default,Normal,normal,83.0,15.0,42.0,F,42,229,0.1329849012775842,15,17,5,0.6475798837007435,5
13038,3bb93cdd-8daf-3bad-9171-bcce140d4b94,0.6204226375908619,0.0706126687435098,963.0,35849,default,outlier,outlier,1.0,1.0,68.0,E,68,187,0.041044776119402986,18,13,11,0.6473258660066495,5
8349,596b57d2-bb51-36cd-867d-c417dfbff95f,0.0001150793650793,0.0714285714285714,2.4705882352941178,2,default,BingPreview/1.0b,bot,247.0,102.0,18.0,E,18,17,0.05555555555555555,1,1,16,0.6469796852365959,3
4413,2728666a-3513-3e58-a2e2-7712aa27b85d,0.5830884353741497,0.2925170068027211,294.0,10286,default,outlier,outlier,2.0,1.0,86.0,E,86,170,0.023255813953488372,19,13,12,0.6468797526287925,5
8220,fe416013-3c3a-3376-abbd-fd33efaadb24,0.2427656967840735,0.120980091883614,653.0,9512,default,outlier,outlier,2.0,1.0,79.0,E,79,187,0.030347289840960728,15,10,18,0.6468413245525528,5
26225,c4d20459-4a81-3301-8131-7c56c62e238e,0.1773475728155339,0.0446601941747572,515.0,5481,private_ip,outlier,outlier,21.0,1.0,23.0,F,23,130,0.25691699604743085,9,10,3,0.6468243061294944,4
487,966e0968-14bf-358d-a1e0-9a8778cdbf6e,7.990314769975787e-05,0.0799031476997578,3.2265625,2,default,BingPreview/1.0b,bot,293.0,128.0,33.0,E,33,54,0.05113636363636364,4,4,21,0.6466688013570442,4
4721,94ba0c7a-fc0a-391b-9c21-d41e772b299b,3.0013642564802184e-05,0.0409276944065484,81.44444444444444,2,default,bingbot/2.0,bot,733.0,9.0,30.0,E,30,30,0.034482758620689655,1,1,30,0.6466416619213092,4
15821,63655efe-2e31-36bb-9672-cb413b7d137f,0.8288719211822659,0.20935960591133,406.0,20192,default,outlier,outlier,2.0,1.0,85.0,E,83,186,0.02732882750514252,17,13,13,0.6466335502770125,5
15364,0d012538-6e7c-3351-b477-2e87ad69cdeb,0.4521401401401401,0.068068068068068,999.0,27102,default,outlier,outlier,1.0,1.0,68.0,E,68,179,0.03928884986830553,17,16,5,0.6456395094742471,5
220,95c07fbc-91f7-3973-ad55-7a7bc13bdddb,4.1039671682626536e-05,0.0341997264021887,81.22222222222223,2,default,bingbot/2.0,bot,731.0,9.0,25.0,E,25,25,0.041666666666666664,1,1,25,0.6455927207960792,2
5140,1c64cf42-c4ac-3803-832d-dfab0ce85f7d,3.75e-05,0.0347222222222222,80.0,2,default,bingbot/2.0,bot,720.0,9.0,25.0,E,25,25,0.041666666666666664,1,1,25,0.6455927207960792,2
30637,e83dc4ae-4a74-3d2a-bf22-442a3c98839d,0.1805378207264245,0.0183272242585804,81.10810810810811,32508,default,Normal,normal,44.0,37.0,55.0,F,55,111,0.03737373737373737,10,21,10,0.6455284804245649,5
14092,a3e27423-13b3-3cc1-a01d-dbb68d716b94,2.9411764705882357e-05,0.0258823529411764,94.44444444444444,2,default,bingbot/2.0,bot,850.0,9.0,22.0,E,22,22,0.047619047619047616,1,1,22,0.6452941219847955,2
28759,ba0c5a70-af8a-314b-a545-e7afe9842d0b,0.1225288981288981,0.0228690228690228,66.80555555555556,17681,default,Normal,normal,48.0,36.0,55.0,F,55,105,0.03535353535353535,11,21,10,0.6452271854945977,5
1866,853aff78-9e64-320d-a396-46a57327070c,6.796116504854369e-05,0.0606796116504854,2.942857142857143,2,default,BingPreview/1.0b,bot,344.0,140.0,25.0,E,25,40,0.06666666666666667,5,4,18,0.6450722330130736,4
22674,dc2705fa-97f1-32d5-baa9-f60e6af5a7f4,0.1385502881089576,0.0204295442640125,146.84615384615384,15870,default,Normal,normal,88.0,13.0,39.0,F,39,217,0.14642375168690958,17,16,8,0.6447092056795258,5
20886,d669a47c-7e77-3238-a64b-6dbeb1dbf493,920.733,0.4,5.0,276220,datacenter,outlier,outlier,1.0,1.0,2.0,F,2,2,1.0,1,2,1,0.6445637466029598,2
22475,8601b827-b6b0-3f0f-bf22-fc539cbba48f,0.0045906976744186,0.1232558139534883,7.288135593220339,119,default,Normal,normal,72.0,59.0,53.0,F,53,83,0.03011611030478955,6,9,15,0.6441865783902722,4
14420,3eadbf50-85ac-37c7-803c-66b814ffabbe,0.5619848,0.1296,625.0,21075,default,outlier,outlier,1.0,1.0,81.0,E,81,204,0.03148148148148148,17,12,13,0.644148906598985,5
14643,7ff23084-7b15-34bc-ad51-d5180b24b983,0.4229170124481328,0.1618257261410788,482.0,12231,default,outlier,outlier,1.0,1.0,78.0,E,78,209,0.0347985347985348,21,11,14,0.6439517940414748,5
16332,142d9eb2-5d9b-318f-9a4b-032cc8034a36,0.311278293135436,0.0649350649350649,1078.0,20134,default,outlier,outlier,1.0,1.0,70.0,E,70,178,0.036853002070393374,15,15,11,0.6438952074812596,5
32967,7ccae9fc-a8e6-3755-8991-f47265c53cab,0.1450638493339458,0.024345429490124,55.82051282051282,18949,default,Normal,normal,46.0,39.0,53.0,F,53,112,0.040638606676342524,11,22,11,0.6438575781575201,5
8751,893af6e2-86d0-3600-9a11-f8a397582db1,0.6096912144702842,0.2325581395348837,387.0,14158,default,outlier,outlier,4.0,1.0,90.0,E,90,190,0.02372034956304619,17,15,7,0.6434856960058063,5
16506,100b146b-09e5-3b76-89f5-9cd15fdfa3ab,0.0001027190332326,0.0483383685800604,2.546153846153846,3,default,BingPreview/1.0b,bot,300.0,130.0,16.0,E,16,20,0.08333333333333333,2,3,16,0.64347269858263,2
11028,28d4e525-3c6b-353a-9172-9ab74396a4de,0.0001061643835616,0.1027397260273972,2.7289719626168223,2,default,BingPreview/1.0b,bot,254.0,107.0,30.0,E,30,39,0.04482758620689655,3,5,19,0.643429812250785,4
27450,05dc072b-b1cf-3c6a-9d15-5c70956fbdb2,0.0545025817555938,0.0413080895008605,581.0,1900,private_ip,outlier,outlier,25.0,1.0,24.0,F,24,116,0.21014492753623187,8,10,1,0.6433010018665365,4
33457,84055930-59dc-324b-b114-dcb365476684,0.0083874709976798,0.1160092807424593,6.53030303030303,217,default,Normal,normal,81.0,66.0,50.0,F,50,84,0.03428571428571429,7,10,15,0.6428266372437064,4
837,b4dd7d66-2ec8-30ef-81aa-40b605b27588,8.797653958944282e-05,0.093841642228739,3.6666666666666665,2,default,BingPreview/1.0b,bot,216.0,93.0,32.0,E,32,40,0.04032258064516129,2,3,22,0.6426872655085455,4
33813,47628dc0-8819-3883-82d2-a76e0b62a86d,0.162111023206751,0.0284810126582278,52.66666666666666,18442,default,Normal,normal,42.0,36.0,54.0,F,54,115,0.04018169112508735,11,21,12,0.6420099312430738,5
28748,9302aac4-f93b-3bf0-907d-74095178e9fb,0.0797749169435216,0.0157807308970099,150.5,11526,default,Normal,normal,104.0,16.0,38.0,F,38,224,0.1593172119487909,14,16,4,0.6418633801395791,5
17715,3faebe6d-03cf-345d-8364-62de8d02b631,0.000124,0.08,2.450980392156863,2,default,BingPreview/1.0b,bot,248.0,102.0,20.0,E,20,21,0.05526315789473684,2,2,19,0.6417198237297874,2
797,3d3e9007-50be-34b4-94ea-c9faa53eec68,0.4696631493506493,0.1185064935064935,616.0,17359,default,outlier,outlier,1.0,1.0,73.0,E,73,201,0.03824200913242009,18,18,10,0.641653414356163,5
6499,66df3cbb-bc3a-3fec-973b-1f20a9a7f36e,1.2088532608695652,0.3206521739130434,184.0,13346,private_ip,outlier,outlier,1.0,1.0,59.0,E,59,100,0.029222676797194622,13,12,3,0.6414146968770925,4
32397,b3d33df0-de01-3879-a0f0-fcb63177cd32,0.1525646352723915,0.0240073868882733,55.53846153846154,19828,default,Normal,normal,49.0,39.0,52.0,F,52,111,0.0418552036199095,11,23,10,0.6413746886687826,5
4643,d1ab9676-cc74-33d6-bab2-bc80aa9b3863,9.309309309309307e-05,0.039039039039039,3.027272727272728,2,default,BingPreview/1.0b,bot,285.0,110.0,13.0,E,13,13,0.08333333333333333,1,1,13,0.6413358663690556,2
17634,5bde4b10-e57d-3fe1-92ec-b53656cdd1aa,0.7249030037546934,0.0863579474342928,799.0,34752,default,outlier,outlier,1.0,1.0,69.0,E,69,190,0.04049445865302643,13,18,11,0.6409611699167574,5
16823,e9d628cd-2179-310e-b3b3-55ce775d2946,2.7777777777777776e-05,0.0304232804232804,84.0,2,default,bingbot/2.0,bot,756.0,9.0,23.0,E,23,23,0.045454545454545456,1,1,23,0.6406771951808039,2
19605,713cbdbf-e3d7-3422-9b06-d1f03d06a7fa,0.3220876963350785,0.0654450261780104,382.0,7383,private_ip,outlier,outlier,16.0,1.0,25.0,F,25,106,0.17666666666666667,8,11,1,0.6406279083006072,3
21661,f4cd2e33-73e3-3589-9a13-03cba3a87bfd,1.292656561627443,0.0103709613083366,1253.5,194442,default,Normal,normal,18.0,2.0,26.0,F,26,134,0.20615384615384616,10,11,11,0.640577042290714,4
25633,374d7f8c-8ca2-3329-80ba-cfd86ce64d88,0.0754356597600872,0.0207197382769901,229.25,8301,default,Normal,normal,83.0,8.0,38.0,F,38,211,0.15007112375533427,16,15,4,0.640273355683618,4
8858,b716173d-55f4-3dba-a7ac-e34ef2dd806c,0.0001044776119402,0.0970149253731343,2.627450980392157,2,default,BingPreview/1.0b,bot,235.0,102.0,26.0,E,26,34,0.052307692307692305,3,3,23,0.6399182162668164,4
22840,b256b2c2-d457-354c-ab98-a4defb479fe6,0.1786011904761904,0.0333333333333333,64.61538461538461,18003,default,Normal,normal,34.0,26.0,56.0,F,56,112,0.03636363636363636,11,21,11,0.6395119499758418,5
22411,8f400797-abb7-3455-8fb1-5f2c51e72fde,0.1337863199547767,0.0310910118711136,52.02941176470589,14201,default,Normal,normal,44.0,34.0,55.0,F,55,115,0.03872053872053872,10,24,9,0.6392846073054554,5
8992,47e8ac8b-214e-3d01-9020-cc3509752a41,0.443457627118644,0.1525423728813559,531.0,14129,default,outlier,outlier,4.0,1.0,81.0,E,81,164,0.025308641975308643,17,15,12,0.6383423540720511,5
21182,41141a2b-d2b1-3ebe-845d-338c0d50ae57,0.1826275805119736,0.0243600330305532,67.27777777777777,26540,default,Normal,normal,40.0,36.0,59.0,F,59,118,0.034482758620689655,10,20,11,0.6383397552500198,5
30015,510f7c41-11ad-3256-ba10-cf720057383a,0.8832715842414082,0.0075440067057837,1193.0,189674,default,Normal,normal,27.0,3.0,27.0,F,27,135,0.19230769230769232,11,11,6,0.6382981767764323,4
28535,dbdaff08-c8af-3c06-873b-01a92e079f93,0.0083630434782608,0.1130434782608695,7.540983606557377,231,default,Normal,normal,75.0,61.0,52.0,F,52,89,0.033559577677224735,6,11,14,0.6381903933232987,4
11444,c5613285-3b64-3f3e-8468-3b6a5bbe1ba3,23.089525,0.3666666666666666,120.0,166245,private_ip,outlier,outlier,1.0,1.0,44.0,E,43,74,0.04097452934662237,12,8,6,0.6380485666272231,4
24427,a3e0717a-d80e-3781-bd2a-0e2d013edc54,0.3165119291070211,0.0374914792092706,58.68,27860,default,Normal,normal,31.0,25.0,55.0,F,55,107,0.036026936026936025,11,21,12,0.637830009699032,5
4831,fe66bdf1-cb0d-378e-a2ac-c0764a0bfd23,0.7461252873563218,0.0793103448275862,870.0,38948,default,outlier,outlier,1.0,1.0,69.0,E,69,172,0.03665814151747655,19,11,13,0.6376515246614878,5
11981,a195f866-715b-3abc-9bc7-708819cb0a6d,9.631129411764707,0.3058823529411765,170.0,98238,private_ip,outlier,outlier,1.0,1.0,52.0,E,52,91,0.03431372549019608,14,8,5,0.6375451121163901,4
18693,3c1b8688-a9f7-3c1b-89af-a1d17143f8ef,0.1295136363636363,0.015987460815047,74.18604651162791,24789,default,Normal,normal,54.0,43.0,51.0,F,51,110,0.043137254901960784,10,19,12,0.6373835608946296,5
25304,64d47ffb-1965-3fc6-80a8-b8494ea47eb3,0.4227588126159555,0.049165120593692,154.0,27345,default,Normal,normal,1.0,7.0,53.0,F,53,174,0.06313497822931785,15,28,10,0.637010232572699,5
9252,8b8aa25b-facd-303d-b1dc-6bf632a63715,0.3692697228144989,0.1833688699360341,469.0,10392,default,outlier,outlier,2.0,1.0,86.0,E,86,183,0.02503419972640219,16,12,13,0.6364404831963839,5
12936,350657e3-bc6e-33c6-911f-24318e1465bf,5.778643216080402,0.2964824120603015,199.0,68997,private_ip,outlier,outlier,1.0,1.0,59.0,E,58,114,0.034482758620689655,10,10,5,0.6361446218902826,4
20509,523ba061-8fcd-3872-b228-499f7a7e4f58,0.0048607843137254,0.0941176470588235,6.986301369863014,149,default,Normal,normal,91.0,73.0,48.0,F,48,79,0.0350177304964539,6,12,11,0.6357240233068535,4
23795,fe92b97b-368c-32eb-b32a-7469167f752a,0.1310822203672788,0.0225375626043405,55.72093023255814,18845,default,Normal,normal,53.0,43.0,54.0,F,54,123,0.0429769392033543,9,19,10,0.6357105142783882,5
20902,19fb78e5-9ff1-3f5d-b484-4fd9bb08b0f7,0.4712942357327215,0.0077430455979351,1162.3333333333333,98605,default,Normal,normal,19.0,3.0,27.0,F,27,139,0.198005698005698,13,12,6,0.6356936999832862,4
19826,2464cf06-719b-33d1-9137-72b6cf3b3fc9,684.291,0.125,8.0,328460,datacenter,outlier,outlier,1.0,1.0,1.0,F,1,1,0.0,1,1,1,0.6352439631050268,2
7359,715452e4-4db5-3820-859c-1968c06862b6,3.2217272727272723,0.2878787878787879,198.0,38275,private_ip,outlier,outlier,1.0,1.0,57.0,E,57,113,0.03540100250626566,14,8,5,0.6348110194786531,4
11355,b358cbea-bea3-3bf8-85ce-f404a9c2b884,4.606361173814898,0.1805869074492099,443.0,122438,default,outlier,outlier,1.0,1.0,80.0,E,80,184,0.02911392405063291,13,11,14,0.6341207861668915,5
15482,91af975c-ba9d-304d-a215-e9edf18e2c27,0.0001082089552238,0.1007462686567164,2.7628865979381443,2,default,BingPreview/1.0b,bot,246.0,97.0,27.0,E,27,32,0.045584045584045586,3,3,25,0.6339691809891803,4
8127,af3c1bf7-ad68-348b-ac1b-d7b52cce0498,9.749303621169916e-05,0.0584958217270195,3.121739130434783,3,default,BingPreview/1.0b,bot,277.0,115.0,21.0,E,21,34,0.08095238095238096,5,4,18,0.6338067454298923,3
10419,82e1b7e3-0866-3c77-885b-d554d5a3c172,5.488988764044945,0.3258426966292135,178.0,58623,private_ip,outlier,outlier,1.0,1.0,58.0,E,58,102,0.030852994555353903,13,10,3,0.6337309106997452,4
21705,90b2585d-e73e-390e-9bbc-081bfdcb8ee4,0.0159668997668997,0.0149184149184149,195.0,2055,default,Normal,normal,99.0,11.0,32.0,F,32,197,0.19858870967741934,15,15,4,0.633587648757848,4
3525,82b3a939-2ce2-3b19-9412-eb609511e7ac,0.394376119402985,0.1014925373134328,670.0,15854,default,outlier,outlier,2.0,1.0,68.0,E,68,173,0.03797190517998244,22,15,8,0.6334162661325922,5
6113,10938caa-4e87-3d6b-939a-28868a29848c,0.5239604651162791,0.1744186046511628,430.0,13519,default,outlier,outlier,3.0,1.0,75.0,E,75,171,0.030810810810810812,22,14,13,0.6333688059832571,5
9925,16331eed-f6b8-3c1b-a982-a572764a82a8,8.902077151335312e-05,0.0623145400593471,2.808333333333333,2,default,BingPreview/1.0b,bot,287.0,120.0,21.0,E,21,36,0.08571428571428572,5,4,17,0.633290705914954,4
1934,3e6da6f0-909e-3695-83bb-5293f1a76e4e,0.0001051051051051,0.078078078078078,3.0,3,default,BingPreview/1.0b,bot,248.0,111.0,26.0,E,26,37,0.05692307692307692,3,3,18,0.6326707566748461,3
16704,72003fa7-251e-3ea5-a60a-585950d7e17c,0.0160428253615127,0.0339265850945495,1798.0,1731,default,outlier,outlier,1.0,1.0,61.0,E,61,142,0.03879781420765027,15,16,7,0.6323928846266463,5
5264,75705d10-3cca-3037-a067-5e9e92ae3f84,8.26086956521739e-05,0.0753623188405797,3.3823529411764706,2,default,BingPreview/1.0b,bot,250.0,102.0,26.0,E,26,34,0.052307692307692305,3,4,19,0.632386778781477,4
30695,57525bc9-951a-3b6a-abd1-2bc3011911f7,0.0767756294964028,0.0161870503597122,185.33333333333331,10245,default,Normal,normal,95.0,12.0,36.0,F,36,199,0.15793650793650793,15,15,3,0.6323011753262611,4
24011,81e465b4-1372-3f79-a249-aefc1aa97393,487.8109090909091,0.0606060606060606,33.0,965866,default,outlier,outlier,1.0,1.0,2.0,F,2,3,1.5,2,2,2,0.6314615299896682,2
895,69a25975-05fe-378d-a054-eeb21ff08fa5,16.16491719745223,0.286624203821656,157.0,152274,private_ip,outlier,outlier,1.0,1.0,45.0,E,45,74,0.03737373737373737,11,7,4,0.6313584166945834,4
13555,89cc92a2-6518-345f-982f-d1d0cfd74672,9.351244897959184,0.3605442176870748,147.0,82478,private_ip,outlier,outlier,1.0,1.0,53.0,E,53,90,0.03265602322206096,12,10,7,0.631251996742886,4
2124,7103b637-2238-3274-a888-c1d5d5e05f0a,1.1348716904276983,0.1405295315682281,491.0,33434,default,outlier,outlier,1.0,1.0,69.0,E,69,167,0.0355924978687127,22,15,12,0.6310012032516124,5
24272,8dbd6445-720e-3a30-bed6-ca4d1649f452,0.3760477329687856,0.0061517429938482,877.8,99029,default,Normal,normal,31.0,5.0,27.0,F,27,147,0.2094017094017094,13,13,5,0.6309513653363696,4
7324,e64cde48-074c-3b1e-a457-e08cf82b983e,0.3075403111739745,0.1046676096181046,707.0,13046,default,outlier,outlier,1.0,1.0,74.0,E,74,184,0.034061458718992965,20,14,8,0.6306916808881293,5
31938,0ca122d5-c769-3f66-a050-8d33ecdf1f63,0.0351452599388379,0.0157273918741808,208.0909090909091,4827,default,Normal,normal,102.0,11.0,36.0,F,36,199,0.15793650793650793,14,15,6,0.6306538445902379,4
12805,979c3885-966d-3296-9097-31729bda8d91,8.707865168539327e-05,0.0758426966292134,3.2962962962962963,2,default,BingPreview/1.0b,bot,281.0,108.0,27.0,E,27,39,0.05555555555555555,4,4,18,0.6306364024271571,4
5778,6b298f89-a4b6-3854-bb5b-479f05f342ac,0.5655792079207921,0.1221122112211221,606.0,20565,default,outlier,outlier,3.0,1.0,74.0,E,74,196,0.03628285820066642,20,14,9,0.6305179936177268,5
19584,0abdf1d6-5195-31ea-b5cf-b6496df7d990,0.4105967677573823,0.0075818036711891,835.3333333333334,123475,default,Normal,normal,31.0,6.0,38.0,F,38,173,0.12304409672830725,11,13,8,0.6303165398856643,5
675,dac84702-2c40-39d3-ac12-fbd6d851e3a8,0.4859518413597734,0.0500472143531633,1059.0,30878,default,outlier,outlier,1.0,1.0,53.0,E,53,174,0.06313497822931785,14,19,11,0.6301221205785981,4
6174,9a3c68d0-e940-36af-8a0c-6bcbf2343ab9,0.883736797274276,0.131175468483816,587.0,31126,default,outlier,outlier,2.0,1.0,77.0,E,77,196,0.03349282296650718,19,12,11,0.6297910045009233,5
1026,df681f5f-b57f-3de9-a9b9-85b0a917cfb0,3.607214428857716e-05,0.032064128256513,4.415929203539823,2,default,BingPreview/1.0b,bot,276.0,113.0,16.0,E,16,18,0.075,2,2,14,0.6296569649437943,2
33706,f4996176-d7e9-3693-847d-77aed239e86c,0.0811326198231735,0.0176826430898092,143.26666666666668,10462,default,Normal,normal,97.0,15.0,38.0,F,38,216,0.15362731152204837,15,15,6,0.6291132370372243,5
11797,857281b7-e3e0-36a9-9ac0-15d8f420c080,0.455548245614035,0.1508771929824561,570.0,15580,default,outlier,outlier,2.0,1.0,86.0,E,86,215,0.029411764705882353,16,13,8,0.6290658786828756,5
16524,5272611b-d2b4-3526-a568-0f40704d17ce,0.078266812865497,0.016812865497076,2736.0,12849,default,outlier,outlier,1.0,1.0,46.0,E,46,160,0.07729468599033816,13,17,11,0.6290362046983,5
27157,7ea72596-4bec-3b62-94d1-84e8580f732c,0.1628167088607595,0.0283544303797468,63.70967741935484,19294,default,Normal,normal,42.0,31.0,56.0,F,56,116,0.03766233766233766,10,20,11,0.6287541616900594,5
33499,1bceea5b-3d63-3ab1-a5de-4b5e0ede90b0,533.12364,0.04,50.0,1599371,default,outlier,outlier,1.0,1.0,2.0,F,2,2,1.0,1,2,1,0.6285962127261631,2
12142,6dcfa6ba-f6c0-3451-83c0-f0495d12347c,1.675977653631285e-05,0.2472067039106145,716.0,1,default,outlier,outlier,595.0,1.0,177.0,E,12,10,0.07575757575757576,1,1,7,0.628402173208225,4
5921,13c06d70-ae2f-39fb-8c1a-638f94506dc7,0.4791048780487805,0.1878048780487805,410.0,11786,default,outlier,outlier,1.0,1.0,77.0,E,77,182,0.03110047846889952,22,14,11,0.6282874591286016,5
26173,3c34bd2a-e5bb-3b2c-872f-28677c1d2439,0.0958652822151224,0.0197018104366347,156.5,10803,default,Normal,normal,83.0,12.0,37.0,F,37,213,0.15990990990990991,17,14,8,0.6281364486920067,5
24547,f86ef6ca-789e-30b4-91c9-4e2a074e5648,0.7220129613975768,0.007607776838546,709.8,153746,default,Normal,normal,22.0,5.0,27.0,F,27,137,0.19515669515669515,13,13,6,0.6281244834499387,4
31975,79eba17f-3fef-3971-b9ff-382608c53a58,0.1348886639676113,0.117408906882591,16.466666666666665,3999,default,Normal,normal,47.0,30.0,58.0,F,58,102,0.030852994555353903,7,12,16,0.6281145313154379,4
14978,f43a814c-b7fd-3a0c-91c5-a83087110791,0.3918266033254157,0.0819477434679334,842.0,19796,default,outlier,outlier,1.0,1.0,69.0,E,69,143,0.030477408354646206,15,22,6,0.6278643406229063,5
10852,37054f6f-9345-3087-9687-f03d9601386c,77.08255555555556,0.2361111111111111,72.0,332997,private_ip,outlier,outlier,1.0,1.0,17.0,E,17,31,0.11397058823529412,8,7,3,0.6276597766182416,3
27226,52ea44c0-ee0f-3e9d-8551-e61b101eca09,0.6908980263157894,0.0921052631578947,304.0,12602,private_ip,outlier,outlier,11.0,1.0,28.0,F,28,119,0.1574074074074074,9,11,1,0.627299275594769,3
16326,fe31cd2c-5097-34bd-b6ce-995f2cf0463b,0.4215243902439024,0.1254355400696864,574.0,14518,default,outlier,outlier,2.0,1.0,72.0,E,72,171,0.03345070422535211,22,16,8,0.6272183042580514,5
12464,dd4805dc-2dbd-35e7-b201-b4b05fe6a6f3,0.0001,0.0774193548387096,2.8440366972477062,2,default,BingPreview/1.0b,bot,265.0,109.0,24.0,E,24,33,0.059782608695652176,3,4,16,0.6271200898784554,3
26406,bfa46bcb-2c88-331e-9c45-ebc7bbd2a994,0.0483337438423645,0.014367816091954,135.33333333333334,7065,default,Normal,normal,114.0,18.0,35.0,F,35,209,0.17563025210084032,16,14,5,0.6270180669658576,5
16220,c4bcbc71-0e86-3cd8-bd0a-545b2d83911e,1.1710904017857142,0.1808035714285714,448.0,31479,default,outlier,outlier,2.0,1.0,81.0,E,81,184,0.028395061728395062,19,14,9,0.6269357044855071,5
34224,80379f2d-a512-3605-a153-c862f9ca7772,0.2845392254220457,0.0516385302879841,143.85714285714286,17192,default,Normal,normal,1.0,7.0,52.0,F,51,191,0.07490196078431373,16,25,8,0.6269270008078901,4
28483,483d875f-f40d-35be-a6ed-62c95fd9b5e8,258.36519540229887,0.0114942528735632,174.0,2697333,default,outlier,outlier,1.0,1.0,2.0,F,2,2,1.0,1,2,1,0.6269099803992592,2
26592,f71efe53-71c2-3d49-942b-2240b0d2c8c0,0.1877589566310496,0.0333123821495914,53.03333333333333,17924,default,Normal,normal,36.0,30.0,53.0,F,53,118,0.04281567489114659,12,20,14,0.6268546520870483,5
14216,08701333-2adf-345c-b782-ff8239e935f9,0.3695230024213075,0.085956416464891,826.0,18314,default,outlier,outlier,3.0,1.0,71.0,E,71,192,0.0386317907444668,18,15,8,0.6267930718818686,5
25950,d62f7281-c92e-3a7c-8bd2-d108b485f2c7,0.06727587890625,0.015625,227.55555555555557,8267,default,Normal,normal,88.0,9.0,32.0,F,32,192,0.1935483870967742,16,14,5,0.626627051508446,4
8639,71ccb707-4162-3793-97c1-0c8576363eaa,0.9339771167048054,0.1739130434782608,437.0,24489,default,outlier,outlier,2.0,1.0,76.0,E,76,163,0.028596491228070176,23,11,15,0.6264644884531028,5
14597,0ce7a599-d8c9-3cc3-8d16-cec63369848b,0.6585524193548387,0.1075268817204301,744.0,29398,default,outlier,outlier,2.0,1.0,80.0,E,80,190,0.030063291139240507,14,12,12,0.6264142397016251,5
10822,ded545fb-7dde-3577-91e1-313dff0e930a,0.660829213483146,0.1887640449438202,445.0,17645,default,outlier,outlier,1.0,1.0,84.0,E,84,186,0.02667814113597246,18,13,11,0.6263074972659923,5
12193,f215f480-8e52-3100-aecc-c4746c9af486,21.418460122699383,0.2147239263803681,163.0,209473,private_ip,outlier,outlier,1.0,1.0,35.0,E,35,75,0.06302521008403361,10,7,4,0.6257095770502937,3
13578,f4372a18-41db-34ac-8942-1f89b804786a,1.5666014669926651,0.2224938875305623,409.0,38445,default,outlier,outlier,2.0,1.0,91.0,E,91,179,0.021855921855921855,15,14,11,0.6256955064686879,5
8681,e895d025-867e-3f10-aab0-141348b27e7b,0.5062486807387863,0.079155672823219,758.0,23025,default,outlier,outlier,1.0,1.0,60.0,E,60,166,0.04689265536723164,18,18,14,0.6255581526493248,5
2191,565bb359-8183-3239-ac89-246a5eb2a083,1.2676470588235296,0.1788235294117647,425.0,32325,default,outlier,outlier,1.0,1.0,76.0,E,76,178,0.031228070175438598,19,18,9,0.6251218850096795,5
14985,01e3a10e-5986-3418-ad61-084c10aab3d1,3.755215577190543e-05,0.0292072322670375,79.88888888888889,2,default,bingbot/2.0,bot,719.0,9.0,21.0,E,21,21,0.05,1,1,21,0.6247930647094198,2
16890,a3aa05e3-f068-3b21-aef8-e04458a174db,13.450638036809815,0.1901840490797546,163.0,131548,private_ip,outlier,outlier,1.0,1.0,31.0,E,31,66,0.07096774193548387,14,11,3,0.6247878917161487,3
225,abd203ba-d95d-3043-b6ca-d8203562dfed,0.6131384711779448,0.0964912280701754,798.0,29358,default,outlier,outlier,1.0,1.0,77.0,E,77,196,0.03349282296650718,12,16,9,0.6247094563367583,5
16713,9475108b-6a7a-395d-a1e1-cee29d4ab574,2.6789938271604936,0.3518518518518518,162.0,26040,private_ip,outlier,outlier,1.0,1.0,57.0,E,57,96,0.03007518796992481,10,9,8,0.6243709872361,4
29731,ef0ba794-2af6-371c-9d0c-40fe154c1d3d,0.02880547112462,0.1641337386018237,7.833333333333333,569,default,Normal,normal,57.0,42.0,54.0,F,54,94,0.03284416491963662,7,13,14,0.6241732634462216,4
13332,e3059c0e-1951-3fe3-a213-87a4f50d7602,2.0107617260787998,0.1557223264540337,533.0,64305,default,outlier,outlier,2.0,1.0,83.0,E,83,176,0.02585953570379077,18,14,8,0.6241078190552563,5
883,49b2aad7-6c4f-3173-8102-5195fcf60772,17.728387978142077,0.180327868852459,183.0,194658,private_ip,outlier,outlier,1.0,1.0,33.0,E,33,79,0.07481060606060606,10,8,6,0.6239926466980436,3
33340,08c6ac0b-9a45-32dc-acbc-358c740c38e1,0.1351115506329114,0.0161392405063291,75.23809523809524,25618,default,Normal,normal,50.0,42.0,51.0,F,51,110,0.043137254901960784,11,18,14,0.6239690225276227,5
30325,15ca643b-25c2-3a77-b562-ed19e378032a,0.0455191594561186,0.022867737948084,231.14285714285717,4419,default,Normal,normal,77.0,7.0,37.0,F,37,196,0.14714714714714713,16,16,5,0.6239564357604986,4
15333,a899e6e0-246a-3fd8-b8ac-edea7194d150,0.5411313725490196,0.0568627450980392,1020.0,33118,default,outlier,outlier,2.0,1.0,58.0,E,58,166,0.05021173623714459,19,14,11,0.623894321936609,5
17224,8f3e9d89-39ec-3913-ab96-5c5f97b795ab,1.337126736111111,0.140625,576.0,46212,default,outlier,outlier,1.0,1.0,81.0,E,81,187,0.028858024691358026,15,12,13,0.6237131119077318,5
5499,11106ee8-71b2-316b-af55-52ed936ba834,6.334231805929919e-05,0.0323450134770889,2.748148148148148,2,default,BingPreview/1.0b,bot,336.0,135.0,12.0,E,12,14,0.10606060606060606,2,2,12,0.6234975579519887,2
12904,c347380a-4ed2-36a9-b36e-f07142aabff8,0.0001565934065934,0.070054945054945,728.0,7,default,outlier,outlier,45.0,1.0,51.0,E,51,139,0.05450980392156863,15,14,18,0.6234104348737597,5
2233,d7403c44-afac-33fb-b318-56a4cba98fc3,1.850226582278481,0.2253164556962025,395.0,43851,default,outlier,outlier,2.0,1.0,89.0,E,89,173,0.022088866189989786,16,11,14,0.6228701513449174,5
361,21ae8ce0-2f69-3991-83c0-0e0905afe871,0.000126953125,0.08984375,2.6391752577319587,2,default,BingPreview/1.0b,bot,224.0,97.0,23.0,E,23,26,0.05138339920948617,2,2,18,0.6227687039659392,2
17566,939246ec-82ca-3108-a92c-a2ad38a9d158,1.890139896373057,0.2901554404145077,193.0,21888,private_ip,outlier,outlier,1.0,1.0,56.0,E,56,101,0.03279220779220779,14,7,4,0.6227210416402789,4
17467,66835424-1a4d-3f77-bfe3-c2d7d5644ec9,0.2280244444444444,0.0305555555555555,1800.0,24627,default,outlier,outlier,1.0,1.0,55.0,E,55,174,0.05858585858585859,13,12,14,0.6226043198683122,5
33751,8c57daba-0df6-3626-a1d6-f517135a7af5,0.0090928753180661,0.1246819338422391,7.1454545454545455,215,default,Normal,normal,70.0,55.0,49.0,F,49,84,0.03571428571428571,9,13,13,0.6224196572018665,4
29778,8e900e2e-16ed-3e19-af2b-7bb05985692f,416.9713333333333,0.6666666666666666,6.0,150110,private_ip,outlier,outlier,1.0,1.0,4.0,F,4,5,0.4166666666666667,2,2,1,0.6223408089434338,3
32848,2c9a588f-414d-3a03-9ca6-cf9ad616c5f4,472.35723076923074,0.0769230769230769,13.0,368439,datacenter,outlier,outlier,1.0,1.0,1.0,F,1,1,0.0,1,1,1,0.6222938566741972,2
15100,1d6d4f6f-7197-33f7-97e5-021630b7dc63,6.05968,0.255,200.0,72717,private_ip,outlier,outlier,1.0,1.0,51.0,E,51,113,0.044313725490196076,12,10,9,0.6222649642760151,4
17153,e33b9040-16ca-3f85-bf44-0990b9641435,0.6143990554899645,0.0802833530106257,847.0,31224,default,outlier,outlier,2.0,1.0,68.0,E,68,169,0.03709394205443371,18,17,8,0.6222114782348792,5
30944,4cb53b46-0e1b-370a-852a-b295efd0bc48,0.1393112676056338,0.0267605633802816,109.23076923076924,11870,default,Normal,normal,73.0,13.0,38.0,F,38,212,0.1507823613086771,19,15,6,0.6220694663735226,4
12040,693d5a20-10a1-3164-a7cd-fd45e68b1c68,0.000100358422939,0.1182795698924731,2.8181818181818183,2,default,BingPreview/1.0b,bot,226.0,99.0,33.0,E,33,50,0.04734848484848485,5,5,22,0.621722070643047,4
7624,3e564ac1-2629-3478-a621-a6f3043173f5,0.0001434599156118,0.0632911392405063,2.3465346534653464,3,default,BingPreview/1.0b,bot,236.0,101.0,15.0,E,15,14,0.06666666666666667,1,1,13,0.6214894798053314,2
5623,9d1e9e28-d344-3662-87c9-337a7b046d8c,12.851290322580644,0.3225806451612903,217.0,167324,datacenter,outlier,outlier,1.0,1.0,70.0,E,70,127,0.02629399585921325,16,10,6,0.6214110669810698,4
13517,145a6e75-6a02-3d34-a9d2-9770adf33059,5.817445714285714,0.2971428571428571,175.0,61084,private_ip,outlier,outlier,1.0,1.0,52.0,E,52,94,0.03544494720965309,12,11,9,0.6212859446823535,4
16444,71a76234-4841-3de8-8daf-f9f6d5850754,0.4893636363636364,0.0468603561387066,1067.0,31330,default,outlier,outlier,1.0,1.0,50.0,E,50,167,0.06816326530612245,19,15,10,0.6211079710559974,4
5146,2da96c6d-2275-35c4-85ca-75a96fc49170,0.9211729857819904,0.1753554502369668,422.0,23325,default,outlier,outlier,2.0,1.0,74.0,E,74,166,0.030729359496482783,20,14,15,0.6210527449395301,5
17386,91d42150-621f-3c57-b6c6-65e361e161dc,4.023845007451565e-05,0.0432190760059612,74.55555555555556,2,default,bingbot/2.0,bot,671.0,9.0,29.0,E,29,29,0.03571428571428571,1,1,29,0.6208059734149057,4
25389,7454e926-f368-3667-aab7-2e1977ee4d16,0.1979031556039173,0.0282916213275299,59.29032258064516,21825,default,Normal,normal,38.0,31.0,52.0,F,52,110,0.04147812971342383,11,20,13,0.6207804367752359,5
33737,615566bb-ac5c-3e56-9dce-2821c049e1d2,0.1976202908129544,0.0370125578321216,54.035714285714285,17940,default,Normal,normal,34.0,28.0,56.0,F,56,104,0.033766233766233764,9,22,8,0.6207768498078394,5
4241,fe1614b9-fdf0-376b-8a5f-4ccf77f80f4a,4.430738670694864,0.256797583081571,331.0,87995,default,outlier,outlier,1.0,1.0,85.0,E,85,166,0.023249299719887956,20,9,9,0.620668531575321,5
21662,f70070a9-afb0-3b59-b083-52c83ba9859f,0.2215619568715802,0.0160926939169617,621.4,41304,default,Normal,normal,29.0,5.0,50.0,F,50,178,0.07265306122448979,10,13,14,0.6201655186149646,5
21901,23286f43-b7c9-3e22-960f-6d6a8798177b,0.2122172506738544,0.02911051212938,63.96551724137931,23620,default,Normal,normal,34.0,29.0,54.0,F,54,96,0.033542976939203356,10,20,12,0.619810587486574,5
6307,2b5494ea-4c06-3e99-9b09-b72735d216ad,0.791296442687747,0.1442687747035573,506.0,24024,default,outlier,outlier,3.0,1.0,73.0,E,73,183,0.034817351598173514,17,16,11,0.6195250610899525,5
4655,e6d8f4c1-1e73-314d-9001-1e91a07f8d1b,0.6248796992481204,0.1854636591478696,399.0,14960,default,outlier,outlier,1.0,1.0,74.0,E,73,187,0.035578386605783864,20,14,12,0.6194860545194012,5
22306,36028488-9727-3b9a-bfe8-fcd8e498949a,0.0141283100625902,0.0139624458353394,230.77777777777777,1761,default,Normal,normal,88.0,9.0,29.0,F,29,193,0.2376847290640394,15,13,4,0.6186345387533713,4
22759,ad1f4b01-5f3f-3531-b2a2-31aeccd3c5bc,0.6934536082474227,0.065721649484536,129.33333333333334,32288,default,Normal,normal,1.0,6.0,51.0,F,51,149,0.05843137254901961,13,23,13,0.6186250104305363,4
6818,05e15d34-8d9a-399c-9e83-cb81e99f8396,4.230118443316413e-05,0.0423011844331641,65.66666666666667,2,default,bingbot/2.0,bot,591.0,9.0,25.0,E,25,25,0.041666666666666664,1,1,25,0.6184876445508596,2
6692,c475a606-e526-30b3-a341-51d99ccb46ed,10.282766483516482,0.1895604395604395,364.0,224576,default,outlier,outlier,1.0,1.0,69.0,E,69,152,0.03239556692242114,21,10,10,0.6184058617035528,5
33190,07c678ab-57f0-3489-bb2d-3cf811e527b7,0.5527588985896575,0.0144392209536601,496.3333333333333,98767,default,Normal,normal,27.0,6.0,43.0,F,41,170,0.10365853658536585,13,12,12,0.6183704878297868,5
3669,14b62ef9-43b9-3429-b90e-ed9f7fa3075c,9.454545454545456e-05,0.0618181818181818,2.5462962962962963,2,default,BingPreview/1.0b,bot,253.0,108.0,17.0,E,17,25,0.09191176470588236,4,4,16,0.618102564419032,3
12329,52de4fd7-4003-3d57-9ddd-b62b874bb94d,21.24955782312925,0.2653061224489796,147.0,187422,private_ip,outlier,outlier,1.0,1.0,39.0,E,39,73,0.049257759784075573,11,6,4,0.6179798156378584,3
11791,7e483a86-e5db-3c5e-95cb-e7e62cb5bce3,5.767503205128205,0.2564102564102564,312.0,107968,default,outlier,outlier,2.0,1.0,80.0,E,80,163,0.025791139240506328,16,13,11,0.6178380204822638,5
24944,b29699de-b481-3d6c-aad5-0cf1a8b41ba5,354.13027450980394,0.0196078431372549,102.0,2167278,default,outlier,outlier,1.0,1.0,2.0,F,2,2,1.0,1,2,1,0.617753806497565,2
12100,09281f0c-ba6f-3181-ac28-15e4dcb3c82e,0.3635494411006019,0.0455717970765262,1163.0,25369,default,outlier,outlier,1.0,1.0,53.0,E,53,176,0.06386066763425254,16,15,11,0.6177356308454386,4
5634,b6227c4f-e7db-3857-91eb-70fe53a66372,1.8472248263888889,0.1388888888888889,576.0,63841,default,outlier,outlier,2.0,1.0,80.0,E,80,205,0.03243670886075949,16,11,10,0.6175119776258029,5
21202,84e7af3e-296c-3275-bccd-d89b6616716d,711.3425405405405,0.027027027027027,37.0,1579181,default,outlier,outlier,1.0,1.0,1.0,F,1,1,0.0,1,1,1,0.6172527290384121,3
25101,d89a631c-2704-3de2-b1ea-b298df1c1372,154.07152,0.01,200.0,1848859,default,outlier,outlier,1.0,1.0,2.0,F,2,2,1.0,1,2,1,0.617229122260514,2
11648,ef5a8cbb-4d74-30e2-8ea2-ccf8486c9333,0.5350466321243523,0.0854922279792746,772.0,24784,default,outlier,outlier,1.0,1.0,66.0,E,66,165,0.038461538461538464,21,13,11,0.6171365669777601,5
21959,fbb6f806-7763-33fd-bf8c-e6cfd4562f67,0.0465609284332688,0.0947775628626692,7.833333333333333,1445,default,Normal,normal,79.0,66.0,49.0,F,49,98,0.041666666666666664,7,16,10,0.6170291439637787,4
9481,0adbc822-1ac5-3c76-9f2e-30cc81e13793,41.49808602150538,0.2903225806451613,93.0,231560,private_ip,outlier,outlier,1.0,1.0,27.0,E,27,48,0.06837606837606838,8,7,2,0.6169050945764596,3
3786,7b9e691e-2495-376c-a67e-d87ad372d732,0.0001255605381165,0.0672645739910313,2.2989690721649483,2,default,BingPreview/1.0b,bot,221.0,97.0,15.0,E,15,16,0.0761904761904762,2,2,15,0.6168754482323333,2
3641,d01b4188-8c2e-3e46-ab11-bace7ebacce3,2.430266404199475,0.2283464566929134,381.0,55556,default,outlier,outlier,1.0,1.0,87.0,E,87,173,0.023122159850307404,15,12,12,0.6166717445992617,5
4323,ff91f32c-e795-3ab1-9114-09c39a537527,0.000114406779661,0.0932203389830508,2.744186046511628,2,default,BingPreview/1.0b,bot,189.0,86.0,22.0,E,22,28,0.06060606060606061,2,3,20,0.6160427655242383,2
12743,fd7521d6-e2aa-3a48-8403-8ec3c65f6e92,0.0001049180327868,0.0622950819672131,3.05,2,default,BingPreview/1.0b,bot,249.0,100.0,19.0,E,19,24,0.07017543859649122,3,3,18,0.6159520738560271,2
32311,99e52167-fb3c-3c85-923d-5cc1e0ec3321,0.3277438398357289,0.0087268993839835,649.3333333333334,76614,default,Normal,normal,32.0,6.0,34.0,F,34,154,0.13725490196078433,14,11,12,0.6159458925983488,4
19829,3230a4c9-2b40-3562-81a4-faed6333c580,0.0021986858573216,0.0331664580725907,38.04761904761905,211,default,Normal,normal,50.0,42.0,53.0,F,53,111,0.04027576197387518,8,12,15,0.6158006614905649,5
21520,66c5c39e-cf32-38be-abf5-79763a47d76e,0.9902799385875128,0.0109177755032412,586.2,174151,default,Normal,normal,27.0,5.0,32.0,F,32,151,0.15221774193548387,12,13,11,0.6157334083848742,4
17359,3e065a57-c4f9-33e1-bedf-f54a9e03008c,0.5340722772277228,0.1564356435643564,505.0,16183,default,outlier,outlier,2.0,1.0,79.0,E,79,175,0.02839987017202207,18,16,9,0.6156001264650628,5
31683,179a2208-c958-314b-a8f3-ea4d790299d5,0.0603807531380753,0.0130172013017201,307.2857142857143,7793,default,Normal,normal,88.0,7.0,28.0,F,28,174,0.23015873015873015,13,15,2,0.6154873204161633,4
2113,5bc2f8dc-8d89-3f59-8620-56f8040ed785,0.5154841571609633,0.0811153358681875,789.0,24404,default,outlier,outlier,2.0,1.0,64.0,E,64,172,0.04265873015873016,20,15,8,0.6154574250986127,5
23501,c7cd4bfb-bc70-3eaf-84ad-60d37b7d166c,0.2384713015359741,0.02303961196443,85.3103448275862,35399,default,Normal,normal,34.0,29.0,57.0,F,57,122,0.03822055137844611,12,17,11,0.6154158551155474,5
24625,fc7c869e-bd8d-30b3-9f77-2a48ffe99167,779.2886666666666,0.1666666666666666,6.0,280544,datacenter,outlier,outlier,1.0,1.0,1.0,F,1,1,0.0,1,1,1,0.6148368364753071,2
15461,5c43b27b-e1db-36d8-a2ab-d5898a23de99,12.00873,0.47,100.0,72053,private_ip,outlier,outlier,1.0,1.0,47.0,E,47,80,0.03700277520814061,9,8,7,0.6146507513962168,3
19519,21a1387d-9f7c-3fa8-bc8b-e64c21afdece,0.0295805698271835,0.0116767865483418,305.85714285714283,3800,default,Normal,normal,93.0,7.0,25.0,F,25,161,0.2683333333333333,14,14,4,0.614606048257728,4
13983,bd605f10-20ec-37d6-b071-78009b9e1f0b,7.334013513513513,0.2736486486486486,296.0,130253,default,outlier,outlier,2.0,1.0,81.0,E,81,146,0.022530864197530864,17,12,11,0.6142637806614215,5
6597,949eea97-0316-36c1-aca8-f61fb36b4055,1.793553846153846,0.4076923076923077,130.0,13990,private_ip,outlier,outlier,1.0,1.0,53.0,E,53,91,0.0330188679245283,13,7,7,0.6138363683054313,3
5054,3c050611-51ed-38cd-9701-0b89d002d32b,1.2648726333907057,0.1394148020654044,581.0,44094,default,outlier,outlier,2.0,1.0,81.0,E,81,214,0.03302469135802469,18,11,10,0.6137436378510379,5
8240,311a92ac-be90-3815-8478-d601ce901601,1.8086373626373624,0.178021978021978,455.0,49376,default,outlier,outlier,1.0,1.0,81.0,E,81,172,0.02654320987654321,19,13,9,0.6136864952218279,5
12318,36c2a6c6-4e4e-3eb3-b26c-38cb9a87e686,9.191176470588237e-05,0.0698529411764705,2.6666666666666665,2,default,BingPreview/1.0b,bot,245.0,102.0,19.0,E,19,28,0.08187134502923976,4,4,17,0.6136828640930221,3
27520,c164b45b-b194-37f3-b1be-a66957dbc204,0.071369804400978,0.0244498777506112,102.25,7006,default,Normal,normal,90.0,16.0,40.0,F,40,205,0.13141025641025642,17,13,6,0.6136634538483486,4
9338,7391d0c0-cd06-38c8-ab44-6bc180e4f754,12.502810344827587,0.2126436781609195,174.0,130530,private_ip,outlier,outlier,1.0,1.0,37.0,E,37,63,0.0472972972972973,13,11,3,0.6135902407123937,3
23169,7270b95c-b116-34c9-833c-5504536c1ef7,632.3497021276596,0.0212765957446808,47.0,1783227,default,outlier,outlier,1.0,1.0,1.0,F,1,1,0.0,1,1,1,0.6135235280251348,3
33539,98b80f44-f146-314c-ae72-0a23cd0845ca,0.0265416391275611,0.023132848645076,189.125,2410,default,Normal,normal,68.0,8.0,35.0,F,35,188,0.15798319327731092,15,18,2,0.6132265427057526,4
3124,a7da9388-7d43-3902-b239-db1eefad650a,0.3707408163265306,0.1816326530612245,490.0,10900,default,outlier,outlier,6.0,1.0,89.0,E,89,176,0.02247191011235955,16,14,6,0.613194187271908,5
7419,21f6d794-44fc-39a4-b2b0-f2846304cef1,2.8156737864077668,0.1436893203883495,515.0,87005,default,outlier,outlier,1.0,1.0,74.0,E,74,181,0.0335061088485746,11,15,12,0.6125281405331473,5
5522,6bad32a0-68f0-32c5-b6fa-11fad53f64c8,0.2366619144602851,0.1527494908350305,491.0,6973,default,outlier,outlier,2.0,1.0,75.0,E,75,171,0.030810810810810812,20,15,9,0.6125173976662369,5
659,a2533b48-dbe9-3aa8-90a8-d8598bd5ae6f,0.0001435406698564,0.0813397129186602,2.375,2,default,BingPreview/1.0b,bot,199.0,88.0,17.0,E,17,18,0.0661764705882353,2,2,17,0.6124135431402017,2
11387,01a07012-137a-3073-923e-af98c5f7ebad,17.17050561797753,0.2359550561797752,178.0,183381,private_ip,outlier,outlier,1.0,1.0,42.0,E,42,72,0.041811846689895474,7,7,6,0.6122935677766209,3
21270,6a1e97ca-e305-36f1-9050-f789c36b797c,0.3201369350093608,0.0109654987964696,747.8,71820,default,Normal,normal,40.0,5.0,41.0,F,41,172,0.1048780487804878,10,11,14,0.6122923876942671,5
22255,9bcda908-f20e-338c-8991-c5773c78ac22,0.1715286484664644,0.0175261206605999,80.1891891891892,30536,default,Normal,normal,50.0,37.0,52.0,F,52,114,0.042986425339366516,10,20,10,0.6122790733914171,5
20706,b95660ea-9b98-33e3-9e1e-a451571fd530,0.3799943406904357,0.0299943406904357,70.68,40287,default,Normal,normal,28.0,25.0,53.0,F,53,103,0.03737300435413643,8,23,11,0.61225346035876,5
25414,c566cfd7-29b8-3b0f-ac21-60f6a3fccde0,744.962,0.1428571428571428,14.0,625769,default,outlier,outlier,1.0,1.0,2.0,F,2,2,1.0,1,2,1,0.6120112476862516,2
10472,3a8943aa-2a4a-33fc-8cff-5acd06c92ed7,2.0488838383838384,0.2777777777777778,198.0,24341,private_ip,outlier,outlier,1.0,1.0,55.0,E,55,97,0.03265993265993266,12,9,6,0.6119215804550141,4
31113,3f8de0e5-2891-3c40-823d-1382c07f7f76,0.2289938650306748,0.0674846625766871,326.0,4480,private_ip,outlier,outlier,15.0,1.0,22.0,F,22,111,0.24025974025974026,9,9,1,0.6107526268486003,3
23985,2a0d3a99-cd4e-3b65-b57d-484c5625f67f,0.1636981487829962,0.0181693520740486,74.7948717948718,28651,default,Normal,normal,46.0,39.0,53.0,F,53,110,0.03991291727140784,11,18,11,0.6102969726025709,5
18135,6031bd22-3838-3ddf-93e0-42903c972406,0.0672881253767329,0.023508137432188,184.33333333333331,6698,default,Normal,normal,74.0,9.0,39.0,F,39,212,0.14304993252361672,13,14,10,0.6101500410392898,4
15167,c632a626-4c24-32ea-9a91-36bbb62717cf,0.8307771156138261,0.0822407628128724,839.0,41822,default,outlier,outlier,1.0,1.0,69.0,E,69,177,0.037723785166240406,18,11,12,0.610019466425535,5
15030,7682c26d-fbd4-3145-ad33-1589b9972184,7.664670658682635e-05,0.0455089820359281,835.0,4,default,outlier,outlier,20.0,1.0,38.0,E,38,123,0.08748221906116643,14,18,16,0.6099955604668956,5
826,993fd6c7-d8cd-3da2-a791-d71e7a3f6b0d,0.7648583877995643,0.1568627450980392,459.0,21065,default,outlier,outlier,1.0,1.0,72.0,E,72,173,0.03384194053208138,21,13,12,0.6099202710861147,5
8263,68ee8561-0caa-325a-b13a-cf49810762fd,0.0001333333333333,0.0358974358974358,195.0,2,private_ip,outlier,outlier,174.0,1.0,7.0,E,6,6,0.2,2,1,5,0.6096427890111507,3
33667,50aec652-3dcc-36b9-a74d-ad996df61dd1,0.3371740357478833,0.044214487300094,132.875,21505,default,Normal,normal,3.0,8.0,47.0,F,47,156,0.07215541165587419,16,25,9,0.6093009714105085,4
29977,e96d3b62-0ee4-3c45-8a60-9de6316291fd,0.1776846710923355,0.0331925165962583,57.13793103448276,17666,default,Normal,normal,46.0,29.0,55.0,F,55,106,0.03569023569023569,9,18,12,0.6092183367558415,5
26487,c5a5cb23-2969-304b-bdea-1ef334647dae,0.0824508002371072,0.0237107291049199,241.0,8346,default,Normal,normal,70.0,7.0,40.0,F,40,216,0.13846153846153847,13,16,4,0.6090792980847606,4
26005,67b93f19-82c0-37b2-920e-0f3d47625ff1,0.1489614011601963,0.0227576974564926,58.97368421052632,20030,default,Normal,normal,44.0,38.0,51.0,F,51,104,0.0407843137254902,12,19,11,0.6078242547056846,5
12970,9a586375-65cf-3190-b283-e1057329a4df,0.0001383333333333,0.05,900.0,8,default,outlier,outlier,47.0,1.0,45.0,E,45,124,0.06262626262626263,14,14,16,0.6077089665331827,5
12971,9a586375-65cf-3190-b283-e1057329a4df,0.0001383333333333,0.05,900.0,8,default,outlier,outlier,47.0,1.0,45.0,E,45,124,0.06262626262626263,14,14,16,0.6077089665331827,5
12970,9a586375-65cf-3190-b283-e1057329a4df,0.0001383333333333,0.05,900.0,8,default,outlier,outlier,47.0,1.0,45.0,E,45,124,0.06262626262626263,14,14,16,0.6077089665331827,5
12971,9a586375-65cf-3190-b283-e1057329a4df,0.0001383333333333,0.05,900.0,8,default,outlier,outlier,47.0,1.0,45.0,E,45,124,0.06262626262626263,14,14,16,0.6077089665331827,5
12971,9a586375-65cf-3190-b283-e1057329a4df,0.0001383333333333,0.05,900.0,8,default,outlier,outlier,47.0,1.0,45.0,E,45,124,0.06262626262626263,14,14,16,0.6077089665331827,5
12972,9a586375-65cf-3190-b283-e1057329a4df,0.0001383333333333,0.05,900.0,8,default,outlier,outlier,47.0,1.0,45.0,E,45,124,0.06262626262626263,14,14,16,0.6077089665331827,5
12971,9a586375-65cf-3190-b283-e1057329a4df,0.0001383333333333,0.05,900.0,8,default,outlier,outlier,47.0,1.0,45.0,E,45,124,0.06262626262626263,14,14,16,0.6077089665331827,5
12972,9a586375-65cf-3190-b283-e1057329a4df,0.0001383333333333,0.05,900.0,8,default,outlier,outlier,47.0,1.0,45.0,E,45,124,0.06262626262626263,14,14,16,0.6077089665331827,5
12972,9a586375-65cf-3190-b283-e1057329a4df,0.0001383333333333,0.05,900.0,8,default,outlier,outlier,47.0,1.0,45.0,E,45,124,0.06262626262626263,14,14,16,0.6077089665331827,5
12970,9a586375-65cf-3190-b283-e1057329a4df,0.0001383333333333,0.05,900.0,8,default,outlier,outlier,47.0,1.0,45.0,E,45,124,0.06262626262626263,14,14,16,0.6077089665331827,5
12972,9a586375-65cf-3190-b283-e1057329a4df,0.0001383333333333,0.05,900.0,8,default,outlier,outlier,47.0,1.0,45.0,E,45,124,0.06262626262626263,14,14,16,0.6077089665331827,5
12973,9a586375-65cf-3190-b283-e1057329a4df,0.0001383333333333,0.05,900.0,8,default,outlier,outlier,47.0,1.0,45.0,E,45,124,0.06262626262626263,14,14,16,0.6077089665331827,5
12973,9a586375-65cf-3190-b283-e1057329a4df,0.0001383333333333,0.05,900.0,8,default,outlier,outlier,47.0,1.0,45.0,E,45,124,0.06262626262626263,14,14,16,0.6077089665331827,5
12970,9a586375-65cf-3190-b283-e1057329a4df,0.0001383333333333,0.05,900.0,8,default,outlier,outlier,47.0,1.0,45.0,E,45,124,0.06262626262626263,14,14,16,0.6077089665331827,5
12973,9a586375-65cf-3190-b283-e1057329a4df,0.0001383333333333,0.05,900.0,8,default,outlier,outlier,47.0,1.0,45.0,E,45,124,0.06262626262626263,14,14,16,0.6077089665331827,5
12973,9a586375-65cf-3190-b283-e1057329a4df,0.0001383333333333,0.05,900.0,8,default,outlier,outlier,47.0,1.0,45.0,E,45,124,0.06262626262626263,14,14,16,0.6077089665331827,5
2003,04117022-3b13-38ee-a266-7b2fec59696a,1.986306997742664,0.1963882618510158,443.0,52797,default,outlier,outlier,1.0,1.0,87.0,E,87,183,0.02445870088211708,15,13,9,0.6074877173541762,5
27445,f496306f-f6ff-33b0-810f-9a57b4e8a821,0.4791750524109014,0.0524109014675052,136.28571428571428,27428,default,Normal,normal,2.0,7.0,50.0,F,49,146,0.06207482993197279,16,23,10,0.6070025394432609,4
17731,6826ad50-6866-3b63-9e71-ff1c6f588f76,0.6719179954441913,0.1662870159453303,439.0,17699,default,outlier,outlier,2.0,1.0,73.0,E,73,167,0.031773211567732114,21,11,16,0.606730998913955,5
33513,484ed930-4915-3d59-a1d9-a1299f0f100e,0.1873108522378908,0.0331085223789086,60.407407407407405,18331,default,Normal,normal,33.0,27.0,54.0,F,54,107,0.03738644304682041,11,19,11,0.6066641695812345,5
10359,e4386790-43b4-3d4f-bbcf-625082524a55,0.8547308743169398,0.0860655737704918,732.0,37540,default,outlier,outlier,1.0,1.0,63.0,E,63,181,0.046338965693804406,20,12,10,0.6066557352484998,4
4314,d5b9b172-6a36-3c36-9caa-64d8f4af678f,0.0001266968325791,0.0814479638009049,2.6626506024096384,2,default,BingPreview/1.0b,bot,200.0,83.0,18.0,E,18,20,0.06535947712418301,2,2,18,0.6065973814600067,2
4778,535b6185-e136-3839-9f81-7d5826a20cb3,0.0001148648648648,0.0641891891891891,3.1157894736842104,3,default,BingPreview/1.0b,bot,227.0,95.0,19.0,E,19,26,0.07602339181286549,3,3,18,0.6065901674464819,2
23726,2a880c2d-255f-34f3-9753-34d152cf4a37,0.0267300177619893,0.0959147424511545,9.70689655172414,903,default,Normal,normal,74.0,58.0,54.0,F,54,90,0.031446540880503145,8,11,10,0.6064448377466147,4
2390,95861ce9-478d-354d-a063-65fb0e95479e,0.2322371134020618,0.1219931271477663,582.0,8110,default,outlier,outlier,3.0,1.0,71.0,E,71,181,0.03641851106639839,19,13,9,0.606301413224275,5
18305,7990e260-f090-37c4-9645-2e360f31ae85,0.0035630936227951,0.0284938941655359,16.377777777777776,316,default,Normal,normal,95.0,90.0,42.0,F,42,63,0.036585365853658534,6,10,9,0.606122832453181,4
6814,fa97bb81-b89f-37e9-ad21-0bc1a2e79b09,0.5457264631043257,0.0737913486005089,786.0,25737,default,outlier,outlier,1.0,1.0,58.0,E,58,175,0.052934059286146404,19,15,10,0.6058610795646824,4
13478,999a1151-0978-3737-91c2-181bf0370f2a,0.0001052631578947,0.0639097744360902,2.633663366336634,2,default,BingPreview/1.0b,bot,255.0,101.0,17.0,E,17,20,0.07352941176470588,3,2,14,0.6055975205053694,2
20334,5b909d47-b6ce-36ef-b5e4-6ea7b51b9883,705.8597931034483,0.0344827586206896,29.0,1228197,default,outlier,outlier,1.0,1.0,1.0,F,1,1,0.0,1,1,1,0.6053759879858375,2
27889,2f50bb9e-e96c-32e6-85e6-a4cfd2d29c84,0.0213784786641929,0.0834879406307977,9.135593220338984,692,default,Normal,normal,74.0,59.0,45.0,F,45,107,0.05404040404040404,8,15,12,0.6053143128431482,4
7461,9229f563-0bf3-394d-ba82-37200901adc1,11.195155000000002,0.135,200.0,134342,private_ip,outlier,outlier,1.0,1.0,27.0,E,27,59,0.08404558404558404,11,8,9,0.6049862076955284,3
4530,5b0eba2c-8c1a-30db-89b9-6903fc6fb8f0,3.268512087912088,0.1846153846153846,455.0,89231,default,outlier,outlier,1.0,1.0,84.0,E,84,189,0.02710843373493976,16,11,8,0.6048499814119085,5
3308,2d4c7ded-e240-3ed2-951c-f0c82aa14e1c,0.000115671641791,0.1007462686567164,536.0,4,default,outlier,outlier,60.0,1.0,54.0,E,54,105,0.03668763102725367,10,13,22,0.6048385004630877,5
4181,92dc1892-8fca-3f8e-930d-2833b61321ee,0.0001375,0.0625,2.3529411764705883,2,default,BingPreview/1.0b,bot,234.0,102.0,15.0,E,15,17,0.08095238095238096,2,2,14,0.6048316908501555,2
14772,bc27d8fa-3eb3-37fe-870c-4efe33902cd6,1.170935520361991,0.1945701357466063,442.0,31054,default,outlier,outlier,3.0,1.0,86.0,E,86,167,0.022845417236662106,18,14,10,0.6048145657536491,5
28623,08f61677-1349-3150-89d2-30a5134552dd,0.3910936555891238,0.0493454179254783,124.125,23302,default,Normal,normal,4.0,8.0,49.0,F,49,152,0.06462585034013606,14,24,9,0.6045753188757603,4
2208,8ca5bbc3-f907-30b2-a708-9b8915082205,0.0001185185185185,0.0777777777777777,2.727272727272727,2,default,BingPreview/1.0b,bot,221.0,99.0,21.0,E,21,32,0.0761904761904762,3,4,18,0.6041680055453524,3
5737,dc06783e-743f-30fa-8dca-3cff63bab1ab,12.291708542713568,0.2110552763819095,199.0,146763,private_ip,outlier,outlier,1.0,1.0,42.0,E,42,76,0.04413472706155633,6,5,7,0.6041263102559369,3
13505,f2c3d7af-c08f-3cfe-af8c-6e9c521bd1d9,0.6538170731707318,0.1181988742964352,533.0,20910,default,outlier,outlier,2.0,1.0,63.0,E,63,157,0.04019457245263697,21,16,11,0.6038295278881303,5
8528,4696a9d7-1688-3ac1-9e05-d5eeb13ddce9,0.4821197836166924,0.0927357032457496,647.0,18716,default,outlier,outlier,2.0,1.0,60.0,E,60,152,0.04293785310734463,19,18,11,0.603685666859384,4
15920,597ec2e3-a5c1-301a-ab6b-540aa6b359b1,9.040198581560285,0.3120567375886525,141.0,76481,private_ip,outlier,outlier,1.0,1.0,44.0,E,43,84,0.046511627906976744,14,11,3,0.6036456020315283,3
12814,ab1f1bd4-00e3-38ac-b526-8319db21ff3a,1.1707165354330709,0.1086614173228346,635.0,44605,default,outlier,outlier,3.0,1.0,69.0,E,68,172,0.03775241439859526,20,14,8,0.6036028071185674,5
21621,918571d0-532b-3dfa-b77b-21b7964fce11,0.1873734866828087,0.0314769975786924,55.06666666666667,18573,default,Normal,normal,40.0,30.0,52.0,F,52,104,0.0392156862745098,9,19,13,0.6035744762594217,5
14026,1c8cee71-67df-3152-b333-149ac1752f60,4.289858895705522,0.2269938650306748,163.0,41955,private_ip,outlier,outlier,1.0,1.0,37.0,E,37,77,0.05780780780780781,11,9,11,0.6033855253395426,3
32810,b3356702-db24-3287-b767-78678a52ab4f,0.0117705479452054,0.0924657534246575,11.23076923076923,413,default,Normal,normal,64.0,52.0,54.0,F,54,86,0.03004891684136967,7,14,10,0.6033272704956716,4
22711,4168f35c-265e-3e34-bc3c-4bef16424d36,0.0881736694677871,0.134453781512605,8.113636363636363,1889,default,Normal,normal,53.0,44.0,48.0,F,48,93,0.041223404255319146,7,13,15,0.6031234907585566,4
31321,ab543d34-935e-3853-b79a-557853fe5ae2,0.1611007140172867,0.0191657271702367,73.91666666666667,25722,default,Normal,normal,43.0,36.0,51.0,F,51,109,0.04274509803921569,11,18,12,0.6031181381079421,5
13931,2ea573a1-5b4f-3ee9-a8d4-d96840c188e2,0.000114186851211,0.0761245674740484,3.32183908045977,2,default,BingPreview/1.0b,bot,218.0,87.0,22.0,E,22,24,0.05194805194805195,2,3,17,0.6029045168911218,2
185,1ed50b15-e106-3245-b908-cb81bd0e3890,9.963768115942029e-05,0.0797101449275362,3.1724137931034484,2,default,BingPreview/1.0b,bot,192.0,87.0,22.0,E,22,34,0.0735930735930736,3,4,19,0.6027121039697638,2
30599,73529478-f49a-32ea-be63-637775556432,0.2531058367196158,0.0066494274104174,676.75,82219,default,Normal,normal,32.0,8.0,36.0,F,36,160,0.12698412698412698,12,13,9,0.6024336907436293,5
7656,91bc767a-28d0-3612-b8d1-f290a3bec2b8,0.2889656188605108,0.1335952848722986,509.0,8826,default,outlier,outlier,5.0,1.0,68.0,E,68,148,0.0324846356453029,19,17,5,0.6024014972907312,4
9301,0fc67c8e-a590-34ed-bcb2-315094af41e7,0.0001259541984732,0.0687022900763358,2.646464646464646,2,default,BingPreview/1.0b,bot,228.0,99.0,18.0,E,18,25,0.08169934640522876,3,4,16,0.6022774818302224,2
10191,256e3a0d-711f-30f6-95f9-a322d5ad08c1,0.0001065088757396,0.0650887573964497,3.6344086021505375,3,default,BingPreview/1.0b,bot,203.0,93.0,22.0,E,22,31,0.0670995670995671,3,4,17,0.6022644822674126,2
34146,71307d0c-8c5e-3d4f-9f03-f2edef27b6f2,0.1983466076696165,0.0648967551622418,339.0,4035,private_ip,outlier,outlier,14.0,1.0,22.0,F,22,112,0.24242424242424243,9,8,1,0.6016743909110219,3
21974,217f1cb6-bc5c-32b2-9fc4-588f1af3c974,0.3525538379530916,0.0087953091684434,625.3333333333334,79367,default,Normal,normal,29.0,6.0,33.0,F,33,155,0.14678030303030304,13,12,9,0.6016338124881547,4
6641,17ddc636-c4ba-378a-aead-6cd4454de2a0,0.5775901060070671,0.1325088339222614,566.0,19615,default,outlier,outlier,3.0,1.0,75.0,E,75,172,0.03099099099099099,17,17,10,0.6016225149242245,5
17112,59faf152-5c4f-39d4-b8ea-3671fe433e7c,6.857142857142858e-05,0.0342857142857142,2.592592592592593,2,default,BingPreview/1.0b,bot,317.0,135.0,12.0,E,12,14,0.10606060606060606,2,2,11,0.6016223426263536,2
15230,6343b1d7-361a-38fd-9852-3668959a640c,0.0001019108280254,0.0605095541401273,2.9904761904761905,2,default,BingPreview/1.0b,bot,236.0,105.0,19.0,E,19,31,0.09064327485380116,5,4,16,0.601542641306904,3
14815,27c6f5c9-526e-31e9-a94d-2b1d476454d4,327.37555555555554,0.4444444444444444,9.0,176783,private_ip,outlier,outlier,1.0,1.0,4.0,E,4,5,0.4166666666666667,2,2,1,0.6014754750336077,3
2774,129802c6-cfdc-3828-8bac-78519132da4d,0.4780947712418301,0.2516339869281045,306.0,8778,default,outlier,outlier,2.0,1.0,77.0,E,77,143,0.02443609022556391,21,17,6,0.6009783669688528,4
20207,95481e39-2a00-35e5-97ff-df9fcc960c48,0.0959167803547066,0.024556616643929,104.71428571428572,8437,default,Normal,normal,67.0,14.0,36.0,F,36,211,0.16746031746031745,15,16,7,0.6008771140211973,4
19683,68c87249-c197-3d3c-b482-e055ddfbbd68,0.2899403114186851,0.051038062283737,52.54545454545455,20111,default,Normal,normal,34.0,22.0,59.0,F,59,108,0.031560490940970194,10,18,12,0.600646602276363,5
9340,7fe1940e-d6b6-39ea-b9e3-0c2a79992cc7,1.9849147465437789,0.1820276497695852,434.0,51688,default,outlier,outlier,2.0,1.0,79.0,E,79,199,0.032294709509899384,17,14,8,0.600625292728755,5
11119,0895ca7e-0665-3f6d-8145-7a9e8491b448,2.3051847826086957,0.1543478260869565,460.0,63624,default,outlier,outlier,2.0,1.0,71.0,E,71,191,0.03843058350100604,16,13,12,0.6005910527227684,4
13972,9dc9d62a-9e61-3746-8906-57227224a615,0.001912687585266,0.0613915416098226,733.0,85,default,outlier,outlier,42.0,1.0,45.0,E,45,126,0.06363636363636363,10,16,22,0.6002054530513051,5
15762,bc338893-32db-3896-a8a0-5288e54d9f8f,6.826319727891157,0.3265306122448979,147.0,60209,private_ip,outlier,outlier,1.0,1.0,48.0,E,48,88,0.03900709219858156,13,9,7,0.5998952976321135,4
24504,68ad3490-fb71-34ed-89fb-eb82c1c4ad07,0.5510247933884298,0.0785123966942148,242.0,8001,private_ip,outlier,outlier,13.0,1.0,19.0,F,19,101,0.2953216374269006,9,9,2,0.5995884061007255,3
32128,4a2c0f93-a76e-3f26-a09e-2791e2bf1cee,0.2105639158576051,0.0436893203883495,49.44,15616,default,Normal,normal,29.0,25.0,54.0,F,54,106,0.037037037037037035,10,17,13,0.5991840567248385,4
25731,32a24c85-0f47-310a-a8e1-f721e1e15014,37.45138,0.015,200.0,449417,datacenter,outlier,outlier,1.0,1.0,3.0,F,3,5,0.8333333333333334,2,3,3,0.5991801236288526,2
2179,3d064b03-c5d2-35d9-aaca-ad4e1ee9220e,16.5074453125,0.3046875,128.0,126778,private_ip,outlier,outlier,1.0,1.0,39.0,E,39,69,0.0465587044534413,9,9,4,0.5991201832183368,3
31802,75f79982-47a4-376f-a82b-aafe2438a989,0.0770081967213114,0.1024590163934426,244.0,1128,private_ip,outlier,outlier,12.0,1.0,25.0,F,25,103,0.17166666666666666,10,7,2,0.5990586154367168,3
4586,08896f92-4bf6-3c12-8faf-1d97ae2552f0,0.5689488139825218,0.0774032459425717,801.0,27344,default,outlier,outlier,1.0,1.0,62.0,E,62,155,0.040983606557377046,22,14,7,0.5989687313804773,4
1936,4733efeb-f311-3282-af83-b0b1039e23fe,0.7207125,0.215,400.0,17298,default,outlier,outlier,1.0,1.0,86.0,E,86,170,0.023255813953488372,19,10,10,0.5987474126963627,5
10844,111b8372-9059-3421-8cc3-9f0139ee430f,1.92228,0.12,600.0,69203,default,outlier,outlier,1.0,1.0,72.0,E,72,190,0.03716744913928013,9,14,14,0.5983609073361725,4
25326,9e3bcf2b-9d3d-38e8-816c-d545b68cef55,80.6028,0.95,20.0,96724,private_ip,outlier,outlier,1.0,1.0,19.0,F,19,18,0.05263157894736842,1,2,0,0.5980341354953476,3
19343,075a6ef5-e972-3239-97f0-7abfa1c7425d,0.2091632526381129,0.0322780881440099,55.55172413793103,20218,default,Normal,normal,39.0,29.0,52.0,F,52,103,0.038838612368024134,13,19,9,0.5980278308684273,5
16400,01f65a4d-d5ba-324b-a793-8d4bd663e14a,57.92659722222222,0.375,72.0,250243,private_ip,outlier,outlier,1.0,1.0,27.0,E,27,40,0.05698005698005698,6,5,3,0.597771585122239,3
23535,1c6b15d5-38f6-38ec-bac3-3f685919285a,0.1902455790074158,0.0285225328009127,56.54838709677419,20011,default,Normal,normal,38.0,31.0,50.0,F,50,108,0.044081632653061226,10,20,13,0.5975888183101763,5
27107,ffebec82-070a-37fa-93ab-7b864694f501,0.1349467864547339,0.0262612301313061,160.77777777777777,11717,default,Normal,normal,69.0,9.0,38.0,F,38,200,0.1422475106685633,13,16,6,0.5973775730050451,4
12111,28972a29-e6c2-38f3-b507-b89daf7dfdef,0.360715909090909,0.1487603305785124,484.0,10476,default,outlier,outlier,2.0,1.0,72.0,E,72,168,0.03286384976525822,22,15,8,0.597238485180777,5
13315,b7a76868-83e0-373e-ae82-21a2bda494e3,1.735595,0.1283333333333333,600.0,62482,default,outlier,outlier,1.0,1.0,77.0,E,77,198,0.03383458646616541,15,11,11,0.5972213108124916,5
2173,2f9d582b-dea1-34f0-a4fd-f991dc31e017,7.458857142857143,0.2592592592592592,189.0,84584,private_ip,outlier,outlier,1.0,1.0,49.0,E,49,95,0.04039115646258504,12,10,4,0.5971403896223101,4
8672,ca6876dc-d31c-3130-8271-f33873b827b0,0.9096896551724138,0.0971786833855799,638.0,34823,default,outlier,outlier,1.0,1.0,62.0,E,61,172,0.046994535519125684,21,15,8,0.5971320757557048,4
32316,affb3e6c-5b4a-3a53-98f8-17d8cd1e6c61,0.1792880044223327,0.0304035378662244,60.3,19460,default,Normal,normal,35.0,30.0,55.0,F,55,113,0.038047138047138045,9,19,11,0.5967472864846491,5
2011,2173898c-7b38-39ed-81ae-ef516dddb036,16.374468253968253,0.2936507936507936,126.0,123791,private_ip,outlier,outlier,1.0,1.0,37.0,E,37,67,0.0503003003003003,11,6,3,0.5966493135541858,3
31553,71845c4a-f739-3241-a8d2-1f91088a8469,0.2873679245283019,0.0754716981132075,318.0,5483,private_ip,outlier,outlier,15.0,1.0,24.0,F,24,106,0.19202898550724637,7,8,5,0.5963714550580592,3
12082,d915efe8-23a6-3adc-9116-a879ab4a8d5d,6.614061855670103,0.211340206185567,194.0,76988,private_ip,outlier,outlier,1.0,1.0,41.0,E,40,90,0.057692307692307696,14,10,3,0.5958650942755318,3
178,0766a3bb-63dc-370a-b038-d520471601a9,0.4008085991678224,0.1054091539528432,721.0,17339,default,outlier,outlier,2.0,1.0,76.0,E,76,222,0.03894736842105263,18,10,9,0.5955897026996919,5
30461,cb309a85-6feb-30c3-8b95-434320b2e89f,0.0099921671018276,0.1148825065274151,6.963636363636364,230,default,Normal,normal,79.0,55.0,44.0,F,44,66,0.03488372093023256,5,6,14,0.5954042791281795,4
17411,c8074bbc-56b4-34cb-a75c-43ac248a8766,3.947360465116279,0.1492248062015503,516.0,122211,default,outlier,outlier,1.0,1.0,77.0,E,77,191,0.032638414217361585,13,10,11,0.5953887880184481,5
12764,25685b22-15f7-3c10-91a7-1c868d3d95a7,8.353808353808354e-05,0.0466830466830466,4.329787234042553,3,default,BingPreview/1.0b,bot,201.0,94.0,19.0,E,19,33,0.09649122807017543,4,4,17,0.594855316378706,2
5086,9cad86bd-9a5a-3769-9911-e3480b7228b1,0.5208445667125172,0.0949105914718019,727.0,22720,default,outlier,outlier,2.0,1.0,69.0,E,69,177,0.037723785166240406,15,15,12,0.594833188933033,5
31599,e9e4cf0f-a241-3928-867e-6dda277db691,0.1739256712508186,0.0347085789129011,61.08,15936,default,Normal,normal,32.0,25.0,53.0,F,53,103,0.03737300435413643,10,19,12,0.5944248870260378,5
14451,84157623-46d4-32af-aa5f-d7d3d5e99f2c,2.9714410256410257,0.2666666666666666,195.0,34766,private_ip,outlier,outlier,1.0,1.0,52.0,E,52,98,0.03695324283559578,11,8,7,0.594374089554228,4
5082,96ed1d7b-d039-3512-b1b3-267c115d0c2b,2.959255,0.265,200.0,35512,private_ip,outlier,outlier,1.0,1.0,53.0,E,53,109,0.03955007256894049,13,10,7,0.5939761480093362,4
414,d0c9a537-8812-333f-9065-1f28e13f0346,0.0001308016877637,0.0843881856540084,2.7241379310344827,2,default,BingPreview/1.0b,bot,217.0,87.0,20.0,E,20,26,0.06842105263157895,3,3,18,0.5939718631886863,2
5831,22a2fdc8-8773-3d6c-b7fa-5400a49ec142,2.716720461095101,0.2420749279538905,347.0,56563,default,outlier,outlier,1.0,1.0,84.0,E,84,166,0.023809523809523808,18,12,11,0.5937730271858376,5
22364,f2693564-fd21-3590-8157-063d492fc13e,0.9238333333333334,0.125,240.0,13304,private_ip,outlier,outlier,8.0,1.0,30.0,F,30,106,0.12183908045977011,7,9,3,0.5936780421110269,3
33621,af2e025e-e308-3018-a525-3b6969d1b439,103.76737,0.01,200.0,1245209,default,outlier,outlier,1.0,1.0,2.0,F,2,2,1.0,1,2,1,0.5932143334317924,2
14110,cba76e2e-eb2f-34ed-b35e-b8d246bbb2cb,2.209244155844156,0.2259740259740259,385.0,51034,default,outlier,outlier,2.0,1.0,87.0,E,87,183,0.02445870088211708,16,10,10,0.5931137463204638,5
24540,da3890ee-3c81-3d5f-96b4-9d890cff2c64,541.0724583333333,0.0833333333333333,24.0,779145,default,outlier,outlier,1.0,1.0,2.0,F,2,2,1.0,1,2,1,0.5928294132122371,2
6554,0602d7f0-858c-32e3-9fe9-b4e41daa15df,35.44934693877551,0.5510204081632653,49.0,104222,private_ip,outlier,outlier,1.0,1.0,27.0,E,27,43,0.06125356125356125,10,7,3,0.5927241288005418,3
33115,44396376-ff1d-3e5d-8431-ad1624f2d159,9.667325,0.005,400.0,232016,datacenter,outlier,outlier,1.0,1.0,2.0,F,2,3,1.5,2,2,2,0.592664970706475,2
12889,8af2c42e-b9e9-388a-ae6d-70a461b7b9a6,0.0001515151515151,0.0808080808080808,2.6052631578947367,2,default,BingPreview/1.0b,bot,181.0,76.0,16.0,E,16,19,0.07916666666666666,2,2,16,0.5925867979780155,2
20468,decfe046-b80c-315e-a13f-d9ede4b841cc,0.5372367601246105,0.0623052959501557,321.0,10348,private_ip,outlier,outlier,15.0,1.0,20.0,F,20,96,0.25263157894736843,9,8,1,0.5924059510116485,3
27970,237e4da0-4c6c-3007-9505-e2de830a4824,86.62733333333333,0.6666666666666666,3.0,15593,private_ip,outlier,outlier,2.0,1.0,2.0,F,2,2,1.0,1,1,2,0.5923976545565433,3
12232,5f221c20-b394-35fc-b62f-d8a8f7c70b7a,0.762,0.2698412698412698,189.0,8642,private_ip,outlier,outlier,1.0,1.0,51.0,E,51,103,0.040392156862745096,16,9,6,0.5923747309152667,4
34276,439808b2-ddd1-3965-b725-6294ba131fbb,0.0074829157175398,0.0933940774487471,5.4875,198,default,Normal,normal,94.0,80.0,41.0,F,41,65,0.039634146341463415,8,12,9,0.5921697153224709,4
14147,2f40205e-567a-3169-9c61-21d86433d819,0.0001808510638297,0.101063829787234,2.473684210526316,3,default,BingPreview/1.0b,bot,178.0,76.0,19.0,E,19,19,0.05555555555555555,2,2,16,0.5920391457925498,2
29403,cbf2c92e-7707-35ad-bfc7-fa0050ac9633,0.0052343207899653,0.006938884440886,46.8375,1177,default,Normal,normal,78.0,80.0,26.0,F,26,66,0.10153846153846154,12,13,9,0.5918111303274445,4
29017,ce042af1-4eee-3105-86a0-32f3febe4dd0,0.5910542372881356,0.0949152542372881,118.0,20924,default,Normal,normal,4.0,5.0,56.0,F,56,143,0.04642857142857143,13,28,8,0.5916570320894484,4
17490,b5d21bee-868c-3e2b-8eec-a8ef88bd89a8,0.4496847826086956,0.0684782608695652,920.0,24823,default,outlier,outlier,1.0,1.0,63.0,E,63,192,0.04915514592933948,15,12,10,0.5913733536782154,4
2569,9cfe4cac-d6d9-3a7e-a59d-58f89a850dad,1.8545352112676057,0.1807511737089202,426.0,47402,default,outlier,outlier,2.0,1.0,77.0,E,77,172,0.02939166097060834,20,14,9,0.5912134139206539,5
4891,b37bc72a-cb96-3f19-9ac0-5229408686af,0.5414260000000001,0.056,1000.0,32486,default,outlier,outlier,1.0,1.0,56.0,E,56,155,0.05032467532467533,16,14,13,0.5910148975406886,4
21325,22baac43-6b62-3ced-8569-171c1a1366c4,0.1007722419928825,0.0818505338078291,11.24,3399,default,Normal,normal,64.0,50.0,46.0,F,46,89,0.042995169082125605,8,17,12,0.5908727224188256,4
14526,50d4d2aa-5f7e-32b0-949f-fc6e682b8ad1,0.0001451612903225,0.0913978494623656,2.3846153846153846,2,default,BingPreview/1.0b,bot,181.0,78.0,17.0,E,17,20,0.07352941176470588,2,3,17,0.5908726701375239,2
1583,2c057ec7-4400-3239-aaf1-2fd34a8ec239,10.31018,0.18,200.0,123723,private_ip,outlier,outlier,1.0,1.0,36.0,E,36,70,0.05555555555555555,12,9,1,0.5908686449917272,3
16031,946c2c85-1589-3570-a633-3409af0ec994,9.847899159663866,0.361344537815126,119.0,70314,private_ip,outlier,outlier,1.0,1.0,43.0,E,43,69,0.03820598006644518,13,7,2,0.5903929719378825,3
33293,74ce8814-0c68-3b4b-83b1-c116f7741f3e,1.433335213776722,0.0273159144893111,842.0,144825,default,Normal,normal,18.0,2.0,46.0,F,46,134,0.0647342995169082,13,9,8,0.5899844516425253,4
7384,a0087dae-ccc6-34b0-a651-ebb62c44f8d5,0.00012109375,0.0859375,3.240506329113924,2,default,BingPreview/1.0b,bot,196.0,79.0,22.0,E,22,32,0.06926406926406926,3,4,18,0.5899758607045746,2
30528,add60a15-bf3d-3c72-a74c-399480762130,0.0410921595598349,0.0160476845483723,155.78571428571428,5378,default,Normal,normal,94.0,14.0,35.0,F,35,204,0.17142857142857143,12,14,6,0.5898772013662359,4
26657,b649da49-34ce-3569-9d34-0e94cc54b6dc,0.0034823711739635,0.016660209221232,44.5,540,default,Normal,normal,62.0,58.0,43.0,F,43,92,0.05094130675526024,9,14,12,0.5898468488713262,5
12637,b82d3ee1-1cd5-37a8-ba37-75b6ffb0a170,3.338877192982456,0.3040935672514619,171.0,34257,private_ip,outlier,outlier,1.0,1.0,52.0,E,52,103,0.038838612368024134,14,10,4,0.5897789809334966,4
5848,4f554be1-ae37-3a6f-96f1-897e452d2396,1.9013292469352012,0.12784588441331,571.0,65140,default,outlier,outlier,2.0,1.0,73.0,E,73,181,0.03443683409436834,16,13,9,0.5897675894993991,5
5911,fec1c09f-ded8-3f31-94fb-b542a845366d,2.42973647469459,0.1308900523560209,573.0,83535,default,outlier,outlier,1.0,1.0,75.0,E,75,184,0.033153153153153155,17,9,10,0.5896486800131804,5
3294,0f1c4e29-62b5-3663-abbb-6fddd8e711c9,2.924448377581121,0.2271386430678466,339.0,59484,default,outlier,outlier,1.0,1.0,77.0,E,77,153,0.026144907723855092,22,13,3,0.5891329702353193,4
25712,f23d19eb-8a2f-32b6-857a-c80bb90b8c4e,0.0139453493356193,0.0145735105015002,233.3,1953,default,Normal,normal,94.0,10.0,34.0,F,34,192,0.1711229946524064,12,14,5,0.5891034895496388,4
33907,5f6cf9fa-432c-338c-9173-8c232f9007b9,2.493540284360189,0.1421800947867298,211.0,31569,private_ip,outlier,outlier,8.0,1.0,30.0,F,30,101,0.11609195402298851,8,9,3,0.5889862139326009,3
33899,51716448-9b83-31cd-be98-cec63cc7b28a,0.0002857142857142,0.0119047619047619,2.074074074074074,3,default,Normal,normal,82.0,81.0,2.0,F,2,3,1.5,2,2,2,0.5888569732592543,3
26189,62226f0b-6ca9-3ce0-bf76-abcf6f99d3f1,1.2915296411856476,0.0105304212168486,854.6666666666666,198689,default,Normal,normal,19.0,3.0,27.0,F,27,126,0.1794871794871795,12,11,7,0.5888424475596302,4
26935,b5c51112-ad37-3940-958c-1345b11622ff,885.2821818181818,0.0909090909090909,11.0,584287,default,AdsBot-Google;Mobile Safari,bot,1.0,1.0,1.0,F,1,1,0.0,1,1,1,0.5887321479355212,2
11865,509b67e3-7213-30e5-abfa-90fc76f9e144,6.154050632911392,0.2974683544303797,158.0,58341,private_ip,outlier,outlier,1.0,1.0,47.0,E,47,86,0.039777983348751156,11,7,7,0.5886483859613999,3
11668,280fc64f-31ff-3c74-a654-8cd831063763,0.0001141304347826,0.0833333333333333,3.325301204819277,2,default,BingPreview/1.0b,bot,184.0,83.0,23.0,E,23,37,0.07312252964426877,3,4,17,0.5884727262303917,2
8163,2121907a-0f43-3121-9a62-b037d3298bf0,102.87238095238096,0.5476190476190477,42.0,259239,private_ip,outlier,outlier,1.0,1.0,23.0,E,23,32,0.06324110671936758,5,5,1,0.588324021562611,3
10335,9eb2e4ed-612c-3eff-8f29-114604ab89ad,0.5248843137254902,0.1137254901960784,510.0,16062,default,outlier,outlier,2.0,1.0,58.0,E,58,151,0.045674531155474894,19,16,13,0.5882960614154611,4
17622,2ee473bb-856e-3f9f-bc19-5b0e095f9856,0.9506059644670052,0.0977157360406091,788.0,44945,default,outlier,outlier,1.0,1.0,77.0,E,77,171,0.02922077922077922,12,10,15,0.5879129238629432,5
19771,81c51dc4-18e0-3de6-b5c3-6458d52fda39,1195.998,0.3333333333333333,6.0,430560,default,outlier,outlier,1.0,1.0,2.0,F,2,2,1.0,2,1,1,0.5879085351714604,2
33392,afcd8139-4b4f-3907-b800-34d5fed4be69,1.4890979591836735,0.1183673469387755,245.0,21890,private_ip,outlier,outlier,9.0,1.0,29.0,F,29,112,0.13793103448275862,8,8,2,0.5875622725202513,3
4564,b44c7e7b-b2d2-3205-bc69-5789f4905a35,4.802775641025641,0.3397435897435897,156.0,44954,private_ip,outlier,outlier,1.0,1.0,53.0,E,53,93,0.03374455732946299,8,9,3,0.5875381328936095,3
20649,059ba3c3-2a1e-307d-b5b8-ca834dd27c12,0.4434757281553398,0.0744336569579288,309.0,8223,private_ip,outlier,outlier,12.0,1.0,23.0,F,23,108,0.2134387351778656,8,9,1,0.5875335910283962,3
32290,555ceff8-6733-3562-8e7f-fe963762b677,0.0004546979865771,0.0033557046979865,596.0,17,default,Python-requests,bot,300.0,1.0,2.0,F,2,2,1.0,1,2,1,0.5870830560498869,2
2737,9300c229-55fa-32ec-b669-87f8d56e3cb1,0.8139719710669078,0.1356238698010849,553.0,27008,default,outlier,outlier,2.0,1.0,75.0,E,75,168,0.03027027027027027,18,16,8,0.5864536949143719,5
17495,c0a66205-317b-3a75-aec1-64121bb8e09d,0.0001155234657039,0.0685920577617328,3.2209302325581395,2,default,BingPreview/1.0b,bot,192.0,86.0,19.0,E,19,26,0.07602339181286549,3,3,16,0.5859380337069588,2
25360,13d58e14-0155-3122-9241-1fe05838733e,0.0875622302158273,0.0251798561151079,154.44444444444446,7303,default,Normal,normal,68.0,9.0,35.0,F,35,193,0.16218487394957984,16,14,6,0.5858658652568693,4
33891,2d4f5431-a053-3353-b05d-e0a0e0273ebd,0.0135307692307692,0.0384615384615384,390.0,317,private_ip,outlier,outlier,55.0,1.0,15.0,F,15,28,0.13333333333333333,5,5,1,0.5857177679935106,3
24901,1df5b811-8154-31c1-9b5b-0960537eaaab,813.5473333333334,0.0666666666666666,15.0,732193,default,outlier,outlier,1.0,1.0,1.0,F,1,1,0.0,1,1,1,0.5853378891549432,2
24356,c5d50f2b-b678-31f0-8564-11adf4336538,0.6889830713422007,0.0556227327690447,137.83333333333334,34188,default,Normal,normal,1.0,6.0,46.0,F,46,135,0.06521739130434782,16,24,9,0.5852598127876243,4
21017,66f09ddf-c52b-320a-9a4a-9a298e17eda6,76.65654545454545,0.9090909090909092,22.0,101187,private_ip,outlier,outlier,1.0,1.0,20.0,F,20,21,0.05526315789473684,2,2,2,0.5849749982858202,3
26728,8611bd50-d8b3-3d3e-8739-42fd294cc28c,0.5530805116629044,0.0077752696262854,664.5,132308,default,Normal,normal,37.0,6.0,31.0,F,31,145,0.15591397849462366,11,11,8,0.5848377530672367,4
32062,845fd66d-9051-323b-90b8-f7b6a404593e,0.1337992058990357,0.026091888825865,62.96428571428572,14154,default,Normal,normal,34.0,28.0,46.0,F,46,90,0.043478260869565216,9,22,13,0.5846397118102948,4
31878,6567fd3d-8967-3644-85da-a64de8ea279b,1.4984100418410042,0.1255230125523012,239.0,21488,private_ip,outlier,outlier,9.0,1.0,30.0,F,30,101,0.11609195402298851,7,8,2,0.5844713115456726,3
23766,ae0f6b24-c4cd-32b3-80d0-3c4eb37d63d7,939.21525,0.25,12.0,676235,default,outlier,outlier,1.0,1.0,3.0,F,3,4,0.6666666666666666,2,3,2,0.5844507014970017,2
26606,1686ffd4-36fc-3e08-a28b-0894aab3b07f,0.5915527426160339,0.1054852320675105,237.0,8412,private_ip,outlier,outlier,10.0,1.0,25.0,F,25,101,0.16833333333333333,9,8,3,0.5842111679196076,3
13997,dfad778e-3c1e-300c-96da-16a6536037a9,0.0001474999999999,0.08,2.5316455696202533,2,default,BingPreview/1.0b,bot,190.0,79.0,16.0,E,16,19,0.07916666666666666,2,3,16,0.5841716135177148,2
31770,1cc45f84-f822-3854-96fb-4bf33f3d8a72,0.948323049540196,0.0080094927321269,561.8333333333334,191808,default,Normal,normal,26.0,6.0,27.0,F,27,127,0.18091168091168092,13,11,6,0.583811531291245,4
17685,dc3319f0-e234-3ffe-833a-795e6b78aeba,0.0001464646464646,0.101010101010101,2.571428571428572,2,default,BingPreview/1.0b,bot,179.0,77.0,20.0,E,20,24,0.06315789473684211,2,3,16,0.5837263105124747,2
12277,b028319e-0475-3197-a8cc-caf893539faa,1.7973455223880597,0.0835820895522388,670.0,72254,default,outlier,outlier,1.0,1.0,56.0,E,56,162,0.052597402597402594,18,13,13,0.5835959625828628,4
8908,3032e252-0145-3f65-90d2-67cdf096b197,109.97345,0.55,40.0,263937,private_ip,outlier,outlier,1.0,1.0,22.0,E,22,32,0.06926406926406926,6,5,3,0.5835651718947868,3
6524,9f3ea70b-c2bb-3268-8f27-2fe6a2d01a78,0.2653531844499586,0.0256410256410256,1209.0,19249,default,outlier,outlier,2.0,1.0,31.0,E,31,113,0.12150537634408602,15,15,11,0.5834191770260811,4
24737,3acf47c0-4295-3e89-9048-9fd83a9de07e,7.54350625,0.005,400.0,181045,datacenter,outlier,outlier,1.0,1.0,2.0,F,2,3,1.5,2,2,2,0.5833735743872485,2
6459,ef583e3d-fb5f-3ebf-af41-f2b67ec2bfd5,1.128762987012987,0.0766233766233766,770.0,52149,default,outlier,outlier,1.0,1.0,59.0,E,59,148,0.04324956165984804,18,17,9,0.5833714815384814,4
30722,949feba9-2ec8-38b2-bc86-5de464296338,0.1645355844155844,0.0264935064935064,52.02702702702703,19004,default,Normal,normal,45.0,37.0,51.0,F,51,108,0.042352941176470586,9,19,11,0.5832249192111252,5
7848,b5c94115-e278-3a73-b442-43102f67627f,0.00688995215311,0.1531100478468899,209.0,87,private_ip,outlier,outlier,3.0,1.0,32.0,E,31,72,0.07741935483870968,14,10,4,0.5831171764748124,3
2953,fb69eba3-25ee-3767-8b6b-9c44cde55dce,0.5319036363636364,0.08,825.0,26330,default,outlier,outlier,2.0,1.0,66.0,E,66,163,0.037995337995338,17,12,12,0.5828363040087469,5
7704,16671aa7-c604-356f-b48f-191793493610,22.03066666666667,0.4666666666666667,75.0,99138,private_ip,outlier,outlier,1.0,1.0,35.0,E,35,58,0.04873949579831933,11,8,3,0.582487024282125,3
15512,f2881b93-400a-3836-ac46-b75c5ca485e1,4.413959537572255,0.2080924855491329,346.0,91634,default,outlier,outlier,3.0,1.0,72.0,E,72,142,0.027777777777777776,18,15,10,0.5824438908307068,5
18806,a05136c1-926e-3296-ae84-7510ee02d5c0,30.303875,0.01,200.0,363647,datacenter,outlier,outlier,1.0,1.0,2.0,F,2,2,1.0,1,2,1,0.5824341884966165,2
3825,ec8ad147-0cc2-3159-bdd1-7b210aa8f5ad,1.5259464668094218,0.1541755888650963,467.0,42758,default,outlier,outlier,2.0,1.0,72.0,E,72,196,0.03834115805946792,13,14,13,0.5820327777644921,4
31926,f6e5a462-0ec1-34f4-bdc3-1754c9b8b468,773.0585,0.25,8.0,371069,default,outlier,outlier,1.0,1.0,2.0,F,2,3,1.5,2,2,2,0.5818223726163235,2
28892,45da66bf-86d1-324b-8a38-3532bd08d604,925.5793333333334,0.3333333333333333,6.0,333209,default,outlier,outlier,1.0,1.0,2.0,F,2,3,1.5,2,2,2,0.5816417882604481,2
610,fafc82ac-403c-3899-a64e-97d45c95acec,3.5861329787234046,0.2553191489361702,188.0,40452,private_ip,outlier,outlier,1.0,1.0,48.0,E,48,83,0.03679078014184397,11,8,5,0.581432698215223,3
17378,752b5a1d-c98f-301f-9f2d-f8c99978cfb5,0.3124587020648967,0.1017699115044247,678.0,12711,default,outlier,outlier,1.0,1.0,69.0,E,69,181,0.038576300085251494,18,13,8,0.5813860777046006,4
15971,fad88382-abf4-3fc9-8b14-469d8ccef9bc,0.0001215311004784,0.0401913875598086,1045.0,8,default,outlier,outlier,23.0,1.0,42.0,E,42,136,0.07897793263646923,12,11,20,0.5811033104644632,5
21132,90ad0e99-56eb-3650-8e17-31a8dfd659b8,25.991365,0.01,200.0,311897,datacenter,outlier,outlier,1.0,1.0,2.0,F,2,3,1.5,2,2,2,0.5810938316879756,2
3686,3cbe02b3-64da-33f0-ba47-b95bba98f3bc,1.1705439814814815,0.1782407407407407,432.0,30341,default,outlier,outlier,2.0,1.0,77.0,E,77,183,0.03127136021872864,17,15,9,0.580719145237908,5
10962,6c9d6c48-d100-3e66-8954-2f25bc77868e,0.8390116279069767,0.1912144702842377,387.0,19482,default,outlier,outlier,4.0,1.0,74.0,E,74,153,0.028322843391336543,20,11,12,0.580641121618889,5
14278,7d918717-00dc-3d8c-b3d9-52897b87b59e,3.958240875912409,0.3430656934306569,137.0,32537,private_ip,outlier,outlier,1.0,1.0,47.0,E,47,87,0.04024051803885292,14,11,6,0.5806133663160127,4
20475,ef3953a2-6ce1-3412-b787-9185bd9fd8c5,0.007295731707317,0.1707317073170731,8.864864864864865,144,default,Normal,normal,47.0,37.0,56.0,F,56,82,0.026623376623376622,8,8,12,0.5804256101099218,4
9883,96100674-0dcc-350c-94a0-9657ea91c32c,3.0327165775401066,0.2459893048128342,187.0,34028,private_ip,outlier,outlier,1.0,1.0,46.0,E,46,90,0.043478260869565216,15,7,5,0.5802591020556519,3
9169,9437e0dc-a404-3062-b206-6b61470ead06,1.5145654450261778,0.2120418848167539,382.0,34714,default,outlier,outlier,2.0,1.0,81.0,E,81,149,0.022993827160493828,14,12,13,0.5799440403195603,4
26534,4bce9b5c-b2d7-3d57-9e8e-978767029cad,0.0156046439628482,0.014860681114551,807.5,1513,default,Normal,normal,72.0,2.0,24.0,F,24,136,0.2463768115942029,11,11,2,0.5795853588845924,3
7592,eccd6a77-a664-33d9-9415-8fef25c50930,5.093958199356914,0.2668810289389067,311.0,95054,default,outlier,outlier,2.0,1.0,83.0,E,83,170,0.024977960622979724,12,10,12,0.5793389762932344,4
26581,d35aed26-44ce-3fc6-be19-abfe275bf968,0.118757863695937,0.0229357798165137,117.3846153846154,10874,default,Normal,normal,74.0,13.0,35.0,F,35,195,0.1638655462184874,15,14,5,0.5791756904507007,4
8916,48e0ba5a-0d12-3dfa-a26a-fd74fc117b0b,7.439824945295405e-05,0.0503282275711159,50.77777777777778,3,default,bingbot/2.0,bot,457.0,9.0,23.0,E,23,23,0.045454545454545456,1,1,23,0.5791158928307566,2
19525,35bcc368-0158-3357-8618-7d173ba81170,0.2039889786921381,0.0404114621601763,59.17391304347826,16658,default,Normal,normal,30.0,23.0,55.0,F,55,104,0.035016835016835016,10,19,9,0.5790934393236851,4
26916,80a92220-7103-37d5-8db9-e77d5c380177,0.1609878048780487,0.0307781649245063,55.54838709677419,16634,default,Normal,normal,41.0,31.0,53.0,F,53,114,0.041364296081277216,12,17,11,0.5789568643284759,5
7362,79fcf17c-5b67-35af-9557-70adc3937f61,1.0571888412017167,0.1566523605150214,466.0,29559,default,outlier,outlier,2.0,1.0,73.0,E,72,175,0.03423317683881064,24,11,8,0.5786898030624625,5
13297,5f635c84-f7bf-37e7-9025-d1c2ae79f077,14.328446601941748,0.3883495145631068,103.0,88550,private_ip,outlier,outlier,1.0,1.0,40.0,E,40,67,0.04294871794871795,9,8,5,0.5785418691247081,3
13707,a289adcd-3f8d-3a27-a12c-253816904744,4.55852027027027,0.2905405405405405,148.0,40480,private_ip,outlier,outlier,1.0,1.0,43.0,E,43,88,0.048726467331118496,15,10,5,0.5783244847290194,3
23476,a40c79ce-7fad-39b3-b2a7-1eb7d3b93713,1232.846,0.4,5.0,369854,default,outlier,outlier,1.0,1.0,2.0,F,2,2,1.0,1,2,1,0.5782715532427789,2
2041,73ca6a21-1f9b-3f87-9cc7-8364af3cc924,0.0001311475409836,0.0696721311475409,2.8705882352941177,2,default,BingPreview/1.0b,bot,212.0,85.0,17.0,E,17,19,0.06985294117647059,2,3,13,0.5781233249086948,2
33458,8446c827-0502-3115-afe2-3cf9ab130e1d,1.0558795551348794,0.0127780407004259,1056.5,133865,default,Normal,normal,16.0,2.0,27.0,F,27,122,0.1737891737891738,12,11,5,0.5780732860902187,4
30072,068f2cf4-c998-31e8-869d-9af70b4c0f74,58.43583636363636,0.4727272727272727,55.0,192839,private_ip,outlier,outlier,1.0,1.0,26.0,F,26,34,0.052307692307692305,4,5,1,0.5778784526800895,3
22113,b15ec9aa-54ed-3c09-ad21-96ea689e239a,1.3307783251231526,0.1280788177339901,203.0,16209,private_ip,outlier,outlier,9.0,1.0,26.0,F,26,99,0.1523076923076923,7,8,2,0.5778294552212053,3
14090,9f4c675a-dc7b-3936-ab91-260e2bb6d638,1368.893,0.5,4.0,328535,default,outlier,outlier,1.0,1.0,2.0,E,2,2,1.0,2,1,1,0.5778237955895298,2
28863,d2bc342c-23f4-309e-8652-32bbc08946c4,0.0518842345773038,0.0152322924600152,437.6666666666667,4088,default,Normal,normal,61.0,3.0,20.0,F,20,145,0.3815789473684211,12,14,1,0.5777891554672752,3
16121,a391c6d7-b10f-31d3-8053-5add4a994ec6,11.39671710526316,0.2631578947368421,152.0,103939,private_ip,outlier,outlier,1.0,1.0,40.0,E,40,68,0.04358974358974359,6,6,7,0.5776530863400022,3
2933,ad34047a-f949-3d63-9a49-be477f578e26,5.415374458874458,0.3636363636363636,231.0,75058,default,outlier,outlier,1.0,1.0,84.0,E,84,142,0.020367183017785426,16,11,10,0.577476365517833,4
15734,754a6876-5b61-31e6-af85-32e8a7e24af2,4.57145652173913,0.233695652173913,184.0,50469,private_ip,outlier,outlier,1.0,1.0,43.0,E,43,87,0.04817275747508306,13,9,8,0.5771067410739361,4
31558,7e811c0b-57aa-3dc0-af5b-cf5aabbbd714,474.0728727272728,0.0545454545454545,55.0,1564441,default,outlier,outlier,1.0,1.0,3.0,F,3,4,0.6666666666666666,2,2,1,0.577097197504428,2
11812,c04d901b-7a5d-38fe-a1a1-6c9920c44bb1,0.7907800407331975,0.1527494908350305,491.0,23297,default,outlier,outlier,1.0,1.0,75.0,E,75,183,0.032972972972972976,16,13,11,0.5769286635319364,5
23318,03894800-814a-30a0-aed5-798ddb95335a,1.8730047846889952,0.1435406698564593,209.0,23488,private_ip,outlier,outlier,8.0,1.0,30.0,F,30,99,0.11379310344827587,7,6,2,0.5766762914759829,3
19936,4369245b-bc74-340d-92d6-87f2d712568d,0.1967212294496068,0.0385989992852037,60.82608695652174,16513,default,Normal,normal,34.0,23.0,54.0,F,54,93,0.03249475890985325,10,19,10,0.5764892799132456,4
23687,be69dfeb-6fe8-38be-97e9-9de5716fee78,0.3863066898349261,0.0451781059947871,57.55,26679,default,Normal,normal,28.0,20.0,52.0,F,52,99,0.03733031674208145,11,19,12,0.5763369002883173,4
8164,25a5724a-e29d-3dec-b858-dfb1b701f7b2,0.0009977777777777,0.0555555555555555,40.90909090909091,54,default,Googlebot/2.1,bot,135.0,22.0,50.0,E,50,105,0.04285714285714286,10,9,15,0.5762090360131018,5
2587,c693b025-ddf9-33ac-834b-936ebc4c32d4,12.477853092783503,0.1752577319587628,388.0,290485,default,outlier,outlier,1.0,1.0,68.0,E,68,146,0.03204565408252853,11,12,9,0.5757834394959008,4
19429,283ecde3-a41a-35e4-a814-39ee8cbb9f8f,0.0686658476658476,0.1425061425061425,13.566666666666666,1677,default,Normal,normal,39.0,30.0,58.0,F,58,117,0.03539019963702359,11,14,9,0.5757528117402002,4
914,9210089d-2795-354d-bc82-b2f63d696fba,6.876225641025641,0.2102564102564102,195.0,80452,private_ip,outlier,outlier,1.0,1.0,41.0,E,41,89,0.05426829268292683,8,6,8,0.5757427965110313,3
4315,da825601-c982-3430-bee0-8a5cd77f4aca,3.2048854166666665,0.25,192.0,36921,private_ip,outlier,outlier,1.0,1.0,48.0,E,48,91,0.040336879432624116,13,11,5,0.575649742525303,4
7543,752d136c-75ee-3018-b64d-0ccc153a2587,0.0001612903225806,0.0967741935483871,2.619718309859155,2,default,BingPreview/1.0b,bot,177.0,71.0,18.0,E,18,21,0.06862745098039216,2,2,16,0.5755809643019171,2
24811,27d8f108-ef17-318f-8677-e714d46b91cd,0.7280169082125604,0.1400966183574879,207.0,9042,private_ip,outlier,outlier,8.0,1.0,29.0,F,29,101,0.12438423645320197,6,10,3,0.5754467560615624,3
21787,b6388254-9b6b-3867-9865-bcec1d6d4c82,0.3185299525504152,0.033214709371293,80.28571428571429,32223,default,Normal,normal,26.0,21.0,56.0,F,56,105,0.03409090909090909,12,14,12,0.5754102360297507,5
4957,6681ee36-197f-3505-99ce-682f826db144,4.745351648351649,0.2857142857142857,182.0,51820,private_ip,outlier,outlier,1.0,1.0,52.0,E,51,77,0.03019607843137255,5,7,4,0.5751982144721177,3
4958,6681ee36-197f-3505-99ce-682f826db144,4.745351648351649,0.2857142857142857,182.0,51820,private_ip,outlier,outlier,1.0,1.0,52.0,E,51,77,0.03019607843137255,5,7,4,0.5751982144721177,3
4958,6681ee36-197f-3505-99ce-682f826db144,4.745351648351649,0.2857142857142857,182.0,51820,private_ip,outlier,outlier,1.0,1.0,52.0,E,51,77,0.03019607843137255,5,7,4,0.5751982144721177,3
4957,6681ee36-197f-3505-99ce-682f826db144,4.745351648351649,0.2857142857142857,182.0,51820,private_ip,outlier,outlier,1.0,1.0,52.0,E,51,77,0.03019607843137255,5,7,4,0.5751982144721177,3
4959,6681ee36-197f-3505-99ce-682f826db144,4.745351648351649,0.2857142857142857,182.0,51820,private_ip,outlier,outlier,1.0,1.0,52.0,E,51,77,0.03019607843137255,5,7,4,0.5751982144721177,3
4959,6681ee36-197f-3505-99ce-682f826db144,4.745351648351649,0.2857142857142857,182.0,51820,private_ip,outlier,outlier,1.0,1.0,52.0,E,51,77,0.03019607843137255,5,7,4,0.5751982144721177,3
4959,6681ee36-197f-3505-99ce-682f826db144,4.745351648351649,0.2857142857142857,182.0,51820,private_ip,outlier,outlier,1.0,1.0,52.0,E,51,77,0.03019607843137255,5,7,4,0.5751982144721177,3
4959,6681ee36-197f-3505-99ce-682f826db144,4.745351648351649,0.2857142857142857,182.0,51820,private_ip,outlier,outlier,1.0,1.0,52.0,E,51,77,0.03019607843137255,5,7,4,0.5751982144721177,3
4956,6681ee36-197f-3505-99ce-682f826db144,4.745351648351649,0.2857142857142857,182.0,51820,private_ip,outlier,outlier,1.0,1.0,52.0,E,51,77,0.03019607843137255,5,7,4,0.5751982144721177,3
4957,6681ee36-197f-3505-99ce-682f826db144,4.745351648351649,0.2857142857142857,182.0,51820,private_ip,outlier,outlier,1.0,1.0,52.0,E,51,77,0.03019607843137255,5,7,4,0.5751982144721177,3
4956,6681ee36-197f-3505-99ce-682f826db144,4.745351648351649,0.2857142857142857,182.0,51820,private_ip,outlier,outlier,1.0,1.0,52.0,E,51,77,0.03019607843137255,5,7,4,0.5751982144721177,3
4956,6681ee36-197f-3505-99ce-682f826db144,4.745351648351649,0.2857142857142857,182.0,51820,private_ip,outlier,outlier,1.0,1.0,52.0,E,51,77,0.03019607843137255,5,7,4,0.5751982144721177,3
4957,6681ee36-197f-3505-99ce-682f826db144,4.745351648351649,0.2857142857142857,182.0,51820,private_ip,outlier,outlier,1.0,1.0,52.0,E,51,77,0.03019607843137255,5,7,4,0.5751982144721177,3
4958,6681ee36-197f-3505-99ce-682f826db144,4.745351648351649,0.2857142857142857,182.0,51820,private_ip,outlier,outlier,1.0,1.0,52.0,E,51,77,0.03019607843137255,5,7,4,0.5751982144721177,3
4958,6681ee36-197f-3505-99ce-682f826db144,4.745351648351649,0.2857142857142857,182.0,51820,private_ip,outlier,outlier,1.0,1.0,52.0,E,51,77,0.03019607843137255,5,7,4,0.5751982144721177,3
4956,6681ee36-197f-3505-99ce-682f826db144,4.745351648351649,0.2857142857142857,182.0,51820,private_ip,outlier,outlier,1.0,1.0,52.0,E,51,77,0.03019607843137255,5,7,4,0.5751982144721177,3
337,da2e0a31-1c0b-3e94-b13d-1043932591a0,2.120922551252848,0.1845102505694761,439.0,55866,default,outlier,outlier,1.0,1.0,81.0,E,80,182,0.02879746835443038,14,10,11,0.5751547338650367,4
4822,dd4a9be6-ad19-3a61-9d35-5ea99c142263,0.9683389830508474,0.1067796610169491,590.0,34280,default,outlier,outlier,1.0,1.0,63.0,E,63,176,0.04505888376856119,21,13,8,0.5751546261953268,4
16461,8e459f73-3ed2-302c-9912-d92faeb88ed5,0.2530531161473087,0.0779036827195467,706.0,10720,default,outlier,outlier,1.0,1.0,55.0,E,55,163,0.05488215488215488,19,17,9,0.575029646835541,4
18976,76973eeb-0a9b-3470-871f-62032e8ddc78,0.3875599559955995,0.0451045104510451,151.5,21138,default,Normal,normal,1.0,6.0,41.0,F,41,144,0.08780487804878048,14,24,10,0.5749798643589413,4
12088,ec53350f-45bb-35c5-9377-e2c45908b877,7.74756,0.21,200.0,92971,private_ip,outlier,outlier,1.0,1.0,42.0,E,42,85,0.04936120789779326,7,8,5,0.5748949371495331,3
9926,1813b7c1-6ab5-3c15-9512-4901b23f5408,0.5849097311139565,0.085787451984635,781.0,27409,default,outlier,outlier,1.0,1.0,67.0,E,67,169,0.03821800090456807,13,13,12,0.5747778617441699,4
25917,73eaf4a3-7da2-3f42-9f4f-192681c9ff6b,0.0023018597997138,0.0271816881258941,9.708333333333334,97,default,Normal,normal,138.0,72.0,19.0,F,19,40,0.11695906432748537,7,7,13,0.5747513201821794,2
13054,6de6c7f4-f4b7-361a-9ad2-a0b74731772e,1.441945,0.18,200.0,17304,private_ip,outlier,outlier,1.0,1.0,36.0,E,36,84,0.06666666666666667,9,13,4,0.5746259455245272,3
5977,b277c327-d0e6-31a4-bad1-66f2c70d4444,0.896210407239819,0.1900452488687782,442.0,23768,default,outlier,outlier,2.0,1.0,84.0,E,84,163,0.02337923121055651,16,14,5,0.5745389753352413,4
3107,845a9022-abed-3ccf-a1a6-2f97edcc258c,0.0012018413597733,0.0665722379603399,35.3,51,default,Googlebot/2.1,bot,110.0,20.0,47.0,E,47,112,0.05180388529139685,10,10,21,0.5744950922574209,5
1776,904b458a-772f-3510-a95e-0c96e1492bde,2.5185765306122447,0.2448979591836734,196.0,29619,private_ip,outlier,outlier,1.0,1.0,48.0,E,48,99,0.043882978723404256,13,11,4,0.5744723634659518,4
13300,6636d26a-fc3f-3431-a5c1-555eb1e5d626,1.2351532258064517,0.3870967741935484,124.0,9190,private_ip,outlier,outlier,1.0,1.0,48.0,E,48,77,0.034131205673758866,10,7,5,0.5744681388415941,3
28928,c287a672-6aca-3d4c-8940-6bb13742c91e,5.2360775,0.005,400.0,125666,datacenter,outlier,outlier,1.0,1.0,2.0,F,2,3,1.5,2,2,2,0.5744060189211488,2
26644,8cd55657-b25d-362f-bea5-7b2e486ecc61,0.0004331210191082,0.0127388535031847,2.0128205128205128,5,default,Normal,normal,79.0,78.0,2.0,F,2,2,1.0,1,2,1,0.574339524056747,3
4325,044ac8a3-d7b7-334d-90bb-1bc64520b625,1.9395106382978724,0.25,188.0,21878,private_ip,outlier,outlier,1.0,1.0,47.0,E,47,93,0.04301572617946346,15,11,6,0.5743287954054012,4
12576,0b3c411e-a7e6-31a0-a36e-91bd75814c91,0.0001163563829787,0.0664893617021276,752.0,6,default,outlier,outlier,49.0,1.0,50.0,E,50,122,0.04979591836734694,12,14,17,0.5740290602114769,5
23936,9b2f8aed-4b87-3aae-ad5c-e65bd821f46e,0.0243237924865831,0.0178890876565295,209.625,2448,default,Normal,normal,70.0,8.0,30.0,F,30,173,0.19885057471264367,14,12,4,0.5737235569465049,4
32377,61cc40c7-2e79-3853-a71b-bc2ecea7014e,0.3251112155388471,0.0122180451127819,798.0,62266,default,Normal,normal,16.0,4.0,39.0,F,39,163,0.10998650472334683,11,13,7,0.5736165543770649,4
31360,fec93bc5-84a0-36a2-b9cd-0c5b80698884,24.029475,0.01,200.0,288354,datacenter,outlier,outlier,1.0,1.0,2.0,F,2,3,1.5,2,2,2,0.5734762294082968,2
6509,8260dbaa-b661-398a-a2ef-6176453ef237,1.4596857142857145,0.3142857142857143,140.0,12262,private_ip,outlier,outlier,1.0,1.0,44.0,E,44,83,0.04386892177589852,13,8,5,0.5733585000273584,3
26185,55efdbde-f936-3acd-badf-227b5093bc00,0.0219083573487031,0.0213256484149855,289.1666666666667,2281,default,Normal,normal,75.0,6.0,37.0,F,37,196,0.14714714714714713,12,14,5,0.5732675301078605,4
17301,963d54ed-ed98-3246-96ab-d971c5ede6a4,13.97411570247934,0.3057851239669421,121.0,101453,private_ip,outlier,outlier,1.0,1.0,37.0,E,37,63,0.0472972972972973,10,6,3,0.5732478436559428,3
16496,dd076010-43bd-3853-a5c1-a17fad1a14cd,36.00316071428572,0.5178571428571429,56.0,120971,private_ip,outlier,outlier,1.0,1.0,29.0,E,29,42,0.05172413793103448,5,6,5,0.5731488883012342,3
2301,b73c3181-435e-34da-be8c-8636dd15ef8f,1.1466369606003752,0.1369606003752345,533.0,36670,default,outlier,outlier,2.0,1.0,73.0,E,73,162,0.030821917808219176,17,12,14,0.5730564706296011,5
22030,cda6ab04-efd3-39bf-ba8b-807a71ec24b8,0.0004130434782608,0.0163043478260869,2.0444444444444443,5,default,Normal,normal,93.0,90.0,3.0,F,3,6,1.0,2,2,3,0.572950267429468,2
12820,b801259c-5353-3146-8aa2-3e6ee00d1938,3.452419689119171,0.2487046632124352,193.0,39980,private_ip,outlier,outlier,1.0,1.0,48.0,E,48,116,0.051418439716312055,10,10,3,0.5729217845311103,3
12173,bfda5ec0-1840-30d4-9d8d-281e5e5a6809,0.7072227488151659,0.1090047393364928,633.0,26861,default,outlier,outlier,2.0,1.0,69.0,E,69,156,0.03324808184143223,19,11,11,0.5728820514183347,4
9102,b3df291b-6e25-3dc3-b61e-be8d3a6ae1c5,0.4616838521400778,0.1322957198443579,514.0,14239,default,outlier,outlier,2.0,1.0,68.0,E,68,164,0.035996488147497806,21,13,9,0.5728692206280321,4
19352,21e6926d-cf29-34c9-aab9-fddc2a0081cc,0.2626316776007497,0.0487347703842549,53.35,16814,default,Normal,normal,24.0,20.0,52.0,F,52,108,0.04072398190045249,11,21,12,0.5728221383664206,4
13495,c9a12870-4056-3731-8fa5-af3b4d994319,9.422494897959185,0.1581632653061224,196.0,110809,private_ip,outlier,outlier,1.0,1.0,31.0,E,31,75,0.08064516129032258,8,9,4,0.5726558802788994,3
2433,0498b5e0-2a82-3631-8259-dfb1795d45d1,4.944101123595505,0.2415730337078651,178.0,52803,private_ip,outlier,outlier,1.0,1.0,43.0,E,43,93,0.05149501661129568,11,11,7,0.5726080569105735,4
21895,0f81ec71-b973-37d2-b5b5-05eea9cf39c5,0.9480922330097088,0.1262135922330097,206.0,11719,private_ip,outlier,outlier,6.0,1.0,26.0,F,26,99,0.1523076923076923,8,7,2,0.5725533186108075,3
31001,ec0a1b82-afb2-3443-bb3c-d025f79f6685,0.1241586368977673,0.0528789659224441,19.34090909090909,6340,default,Normal,normal,59.0,44.0,45.0,F,45,94,0.047474747474747475,9,15,12,0.572422667146556,4
22540,36a5e7d0-dcf4-3279-a144-98b4ef3f7b3f,2.3980277777777776,0.1722222222222222,180.0,25899,private_ip,outlier,outlier,7.0,1.0,31.0,F,31,101,0.1086021505376344,7,8,1,0.5720328185129443,3
22803,46e2d4d7-583d-3b5a-999c-7cc035f62a6a,631.99715,0.05,20.0,758397,default,outlier,outlier,1.0,1.0,1.0,F,1,1,0.0,1,1,1,0.5720016954526999,2
244,e46e8301-cba1-3823-95bd-e1750b71156b,0.7092249388753056,0.1760391198044009,409.0,17405,default,outlier,outlier,1.0,1.0,72.0,E,72,177,0.034624413145539906,19,12,11,0.5718443740200645,4
34114,0b259bdd-0b0c-3532-83ab-48291b8d4744,606.2862105263158,0.0789473684210526,38.0,1382333,default,outlier,outlier,1.0,1.0,3.0,F,3,3,0.5,1,3,1,0.5718320451566611,2
12963,7b2895f5-ad9c-3d11-bfbd-37c39cfcbc45,9.12258549222798,0.2020725388601036,193.0,105640,private_ip,outlier,outlier,1.0,1.0,39.0,E,39,72,0.048582995951417005,9,7,7,0.5717107123137452,3
6198,ed8a9a29-2c1c-3263-b824-fad78e33c52c,0.6853787878787879,0.2373737373737373,198.0,8143,private_ip,outlier,outlier,1.0,1.0,47.0,E,47,99,0.04579093432007401,12,8,7,0.5716602427466946,3
1404,01602914-01c7-383f-b263-0793e7d17dc9,1.6968,0.245,200.0,20362,private_ip,outlier,outlier,1.0,1.0,49.0,E,49,93,0.039540816326530615,11,10,8,0.5714937274883807,4
32669,f13c6193-7633-30f7-a9ae-1e7d649b9296,0.3927163504968383,0.047877145438121,73.8,26085,default,Normal,normal,18.0,15.0,53.0,F,53,98,0.03555878084179971,9,22,12,0.5714164298638909,4
12006,0335c867-c602-398f-9094-bf5d58be943d,2.217635897435897,0.2205128205128205,195.0,25947,private_ip,outlier,outlier,1.0,1.0,43.0,E,43,88,0.048726467331118496,12,9,9,0.5713943313200233,3
21038,a1f476fa-f6da-35d7-bc42-92ca4c60246d,250.79414285714287,0.8571428571428571,7.0,105334,private_ip,outlier,outlier,1.0,1.0,6.0,F,6,6,0.2,1,2,0,0.5710869238009083,3
1164,60ebd448-cbde-34d0-a955-16ff0ac3799e,1.52636338028169,0.1887323943661971,355.0,32512,default,outlier,outlier,2.0,1.0,67.0,E,67,157,0.03550429669832655,21,15,8,0.5707216900926171,4
30676,2f7515ad-1139-38ce-ac26-9dca52e8119d,0.1729271178419309,0.0241362991008045,66.03125,21924,default,Normal,normal,43.0,32.0,51.0,F,51,103,0.040392156862745096,10,19,10,0.5706869543341473,5
7821,73d9a3f6-3293-3241-99dd-eb1ed39efd62,2.7329133333333333,0.1083333333333333,600.0,98385,default,outlier,outlier,1.0,1.0,65.0,E,65,166,0.03990384615384615,8,15,11,0.5705850602629231,4
19390,95916242-9f41-377c-a4a6-021d45eb2c0d,0.029494938539407,0.0260303687635574,125.72727272727272,2448,default,Normal,normal,70.0,11.0,36.0,F,36,182,0.14444444444444443,15,13,4,0.5705831029889341,4
30494,43ac7481-237a-36bc-992e-9b6dd7591a6d,1.5595,0.5,4.0,375,private_ip,outlier,outlier,1.0,1.0,2.0,F,2,3,1.5,2,2,2,0.5705756336504715,3
28,560615eb-45d9-3902-b4d8-60d4bb35b8b1,683.7524615384615,0.0769230769230769,13.0,533327,default,outlier,outlier,1.0,1.0,1.0,E,1,1,0.0,1,1,1,0.5703138670197373,2
8838,88137022-a699-31b3-b12b-5886baef1cee,0.5404318181818182,0.2662337662337662,308.0,9988,default,outlier,outlier,2.0,1.0,82.0,E,82,163,0.02454080096356519,17,13,10,0.5702248035166742,4
4294,91fb519c-ee76-33dc-ab0b-7afc5c7e1eb9,0.4115070603337612,0.0770218228498074,779.0,19234,default,outlier,outlier,2.0,1.0,60.0,E,60,143,0.0403954802259887,19,12,12,0.5700283575937612,4
5314,0917d65f-d42e-367f-9cda-dace39cf9bfb,3.2751906077348067,0.1878453038674033,362.0,71138,default,outlier,outlier,1.0,1.0,68.0,E,68,152,0.033362598770851626,22,12,9,0.5700096986597151,4
33701,d8b97850-7bae-3f6a-ba17-260c009529f3,0.1035846541786743,0.0230547550432276,92.53333333333332,8627,default,Normal,normal,70.0,15.0,32.0,F,32,178,0.17943548387096775,15,13,6,0.5698726198245999,4
27036,0f86b55a-ab9f-3924-a846-98168373fdff,0.0004222222222222,0.0111111111111111,2.0454545454545454,5,default,Normal,normal,88.0,88.0,2.0,F,2,2,1.0,2,1,1,0.5697841338978267,3
3562,fc9031ec-c38d-3567-ba39-3cf0ceaaa934,1.7052818003913894,0.1487279843444227,511.0,52284,default,outlier,outlier,2.0,1.0,76.0,E,76,178,0.031228070175438598,15,9,13,0.5695231331496681,5
15719,1df3fdd3-a53e-35c4-b157-323f74bfb402,8.655077844311378,0.2095808383233532,167.0,86724,private_ip,outlier,outlier,1.0,1.0,35.0,E,35,77,0.06470588235294118,12,7,4,0.5695100865470897,3
27819,7421bacd-51d6-31d7-93cd-c02a57d97b7d,0.0153174706649282,0.0391134289439374,12.174603174603174,705,default,Normal,normal,106.0,63.0,30.0,F,30,63,0.07241379310344828,8,6,15,0.5694750599267786,2
22207,effa1261-6c08-3d16-bbd4-e18cbb175fb0,516.0689333333333,0.1333333333333333,15.0,464463,default,outlier,outlier,1.0,1.0,2.0,F,2,3,1.5,2,2,2,0.569421481358441,2
3869,4f5a42c9-31dd-371a-bb01-56b43efda1cb,0.423511263467189,0.0548481880509304,1021.0,25945,default,outlier,outlier,1.0,1.0,56.0,E,56,172,0.05584415584415584,13,13,11,0.5692477287330966,4
14746,88ef5ae3-8c69-30ec-9911-ddadfd510c2b,9.851095744680851,0.2074468085106383,188.0,111121,private_ip,outlier,outlier,1.0,1.0,39.0,E,39,74,0.04993252361673414,9,7,5,0.5691588820880777,3
21605,53a29bf8-892a-3ed1-aad6-12d7409d8225,21.6792,0.4,5.0,6504,private_ip,outlier,outlier,1.0,1.0,2.0,F,2,3,1.5,2,2,2,0.5690241750706584,3
32721,93e34201-61ce-369a-b6ef-58628498a369,10.684602870813396,0.1196172248803827,209.0,133985,private_ip,outlier,outlier,1.0,1.0,25.0,F,25,33,0.055,3,6,0,0.5687980725255782,3
9079,6fcfb2f5-b698-3231-8044-8f69e8e0fac6,0.0024057649667405,0.041019955654102,902.0,131,default,outlier,outlier,30.0,1.0,37.0,E,37,135,0.10135135135135136,12,13,18,0.5686449991537866,4
4361,960c3c1d-56b5-30b0-8a4b-e420f631ae73,3.626280423280423,0.2592592592592592,189.0,41123,private_ip,outlier,outlier,1.0,1.0,49.0,E,49,87,0.036989795918367346,9,9,6,0.5685231615561691,3
946,e372f3ca-37ad-35e3-ab1f-f71f73d40523,1.8309657142857143,0.2742857142857143,175.0,19226,private_ip,outlier,outlier,1.0,1.0,48.0,E,48,98,0.04343971631205674,9,11,5,0.568504894327357,3
13416,d9ba9373-0617-3d96-82c4-855c4af013a2,1.3088121827411163,0.2284263959390862,197.0,15471,private_ip,outlier,outlier,1.0,1.0,45.0,E,45,88,0.044444444444444446,14,10,4,0.5682405536108692,3
8231,1a71e69f-3e4d-3bfc-b6c1-8806c705fb65,0.9023064516129032,0.0906298003072196,651.0,35245,default,outlier,outlier,2.0,1.0,59.0,E,59,162,0.04734073641145529,18,17,7,0.5680717929598328,4
28280,91da765a-050c-32e8-9f7e-d951cfc68a37,0.0701124183006536,0.0222222222222222,170.0,6437,default,Normal,normal,69.0,9.0,34.0,F,34,189,0.16844919786096257,13,14,3,0.5679747203616048,4
20645,f979c7ac-d46b-33db-ae23-fd20d7979510,0.2178017711171662,0.0340599455040872,63.82608695652174,19184,default,Normal,normal,32.0,23.0,50.0,F,50,95,0.03877551020408163,11,18,13,0.5679393258086991,4
14863,a2c75850-fbc0-3c9d-96e5-f65224c555ae,4.106038043478261,0.25,184.0,45331,private_ip,outlier,outlier,1.0,1.0,46.0,E,46,92,0.044444444444444446,9,8,8,0.5678319080152612,3
8796,1d559f3f-16c2-3d48-8feb-fd586e13b275,23.99690099009901,0.2574257425742574,101.0,145422,private_ip,outlier,outlier,1.0,1.0,26.0,E,26,48,0.07384615384615385,9,7,3,0.5677729858830166,3
22793,2217a52f-4209-3288-be81-6c83624a581c,0.2075685897435897,0.0326923076923076,62.4,19429,default,Normal,normal,31.0,25.0,51.0,F,51,92,0.03607843137254902,10,18,12,0.5675357971006829,4
16612,5c23568a-5407-32ef-a6ca-32657007a65c,10.410762711864407,0.1581920903954802,177.0,110563,private_ip,outlier,outlier,1.0,1.0,28.0,E,28,57,0.07539682539682539,11,6,2,0.5675284350201761,3
31982,a0134b50-2af5-3f8e-898b-560962f7dd77,36.916555555555554,0.7222222222222222,36.0,79740,private_ip,outlier,outlier,1.0,1.0,26.0,F,26,33,0.05076923076923077,4,3,1,0.5675038017518055,3
7625,3f17d9d5-f53c-3bec-814f-261309a96dc5,3.406745,0.13,200.0,40881,private_ip,outlier,outlier,1.0,1.0,26.0,E,26,63,0.09692307692307692,11,7,9,0.5674859042188964,3
29584,d47dc242-c9c2-3991-a340-8bc6bc0ea130,0.0357830788804071,0.0197201017811704,120.92307692307692,3376,default,Normal,normal,77.0,13.0,31.0,F,31,160,0.17204301075268819,15,13,2,0.5673352606428819,4
7860,d51173e3-ee50-3534-9865-cde57ac26c74,0.5890397830018084,0.1121157323688969,553.0,19545,default,outlier,outlier,4.0,1.0,62.0,E,61,163,0.04453551912568306,19,14,11,0.5672952606628121,4
33452,74dfd102-cb25-3942-bc48-78f78c77554a,783.3999090909091,0.0909090909090909,11.0,517044,default,AdsBot-Google;Googlebot/2.1;Mobile Safari,bot,1.0,1.0,1.0,F,1,1,0.0,1,1,1,0.5666577603389422,2
1734,13e983cc-df14-3d4b-925b-664906025816,297.6823333333333,0.8333333333333334,6.0,107166,private_ip,outlier,outlier,1.0,1.0,5.0,E,5,5,0.25,2,1,0,0.5664766964366488,3
22738,8df9f7f6-5f4d-3c6e-a980-29cac72e8ef6,3.726640909090909,0.1318181818181818,220.0,49192,private_ip,outlier,outlier,5.0,1.0,29.0,F,29,78,0.0960591133004926,5,8,2,0.5664509958125853,3
415,d2c1b948-4417-3099-8e2c-dd1b228b432a,0.5641,0.075,800.0,27077,default,outlier,outlier,1.0,1.0,60.0,E,60,197,0.05564971751412429,10,13,12,0.5663560496659242,4
27456,1b8a29ef-f879-34fb-b9a0-ee6a05f28208,0.0948677979479084,0.0236779794790844,158.375,7212,default,Normal,normal,60.0,8.0,30.0,F,30,178,0.2045977011494253,16,14,5,0.5661733838020573,4
5346,75b22f6a-dd5e-39bc-a735-c56d26016770,0.4654072096128171,0.0774365821094793,749.0,20916,default,outlier,outlier,2.0,1.0,58.0,E,58,155,0.04688445251058681,19,15,7,0.5661500426977519,4
15501,ddbd87e3-b14e-3276-90ae-9b4af96cffb3,83.42184,0.2,25.0,125133,private_ip,outlier,outlier,1.0,1.0,5.0,E,4,7,0.5833333333333334,3,3,2,0.5659838294413139,3
1947,723c0511-bd1e-30b7-b07b-6fa96d785344,0.9074562913907284,0.0874172185430463,755.0,41108,default,outlier,outlier,1.0,1.0,66.0,E,66,177,0.04125874125874126,17,13,8,0.5658673921546549,4
21930,89714c68-171e-3265-b572-e007b3a9e2f7,0.0026547291092745,0.0303030303030303,13.6125,174,default,Normal,normal,82.0,80.0,33.0,F,33,64,0.06060606060606061,11,12,9,0.56584181249013,4
8312,fd42bae2-0761-3bb9-9dc8-4f1329fa6247,10.382142857142856,0.2941176470588235,119.0,74129,private_ip,outlier,outlier,1.0,1.0,35.0,E,35,64,0.05378151260504202,6,8,8,0.5658106152205576,3
15698,f9112062-2d8d-3330-b0ce-baefb6941650,3.2194207650273223,0.2349726775956284,183.0,35350,private_ip,outlier,outlier,1.0,1.0,43.0,E,43,90,0.04983388704318937,13,9,5,0.565740390076103,3
17084,fe53d470-a8d4-38fd-aafc-53d0c0d5cd41,0.9602882483370287,0.1574279379157428,451.0,25986,default,outlier,outlier,2.0,1.0,71.0,E,71,157,0.03158953722334004,21,12,11,0.5656199447651223,5
33893,36418183-d4a9-36c3-9b0b-a0a698a38bd2,0.4948721804511278,0.0864661654135338,266.0,7899,private_ip,outlier,outlier,13.0,1.0,23.0,F,23,97,0.191699604743083,7,7,3,0.5652972667879018,3
18872,5480c981-c58a-355b-a007-b471f0be7171,134.97,0.4,10.0,80982,private_ip,outlier,outlier,1.0,1.0,4.0,F,4,6,0.5,3,3,2,0.5651708817480853,3
34159,a02cc39d-10cd-3fa8-8dfb-4d9e55f6fdff,630.6825625,0.0625,16.0,605456,default,outlier,outlier,1.0,1.0,1.0,F,1,1,0.0,1,1,1,0.5649494837466214,2
27566,4fede9f9-2aea-3806-be0a-47c7f23ae777,0.2160538922155688,0.0306054557551563,51.82758620689656,19484,default,Normal,normal,31.0,29.0,46.0,F,46,91,0.04396135265700483,10,20,12,0.5649270700932428,4
14587,f7be52a7-8888-32a7-9272-69fc0b61f327,0.8499608938547486,0.2346368715083799,179.0,9129,private_ip,outlier,outlier,1.0,1.0,42.0,E,42,90,0.05226480836236934,13,9,3,0.5648392067464045,3
595,d5e2b495-6814-3aa0-b2f9-5174f99163ac,2.856984375,0.2291666666666666,192.0,32913,private_ip,outlier,outlier,1.0,1.0,44.0,E,43,90,0.04983388704318937,11,11,6,0.5647046213951176,3
22396,574cff38-2a89-3370-9587-b16953f7bdcb,0.1751270105379922,0.0277315585135884,62.172413793103445,18946,default,Normal,normal,37.0,29.0,50.0,F,50,98,0.04,11,19,10,0.5645413626938088,4
9566,05a530af-4d68-30e9-a039-7082406af1c9,0.0016066666666666,0.0328205128205128,975.0,94,default,outlier,outlier,56.0,1.0,32.0,E,32,122,0.12298387096774194,10,14,14,0.5644972364916901,4
5682,60954cca-327c-3e0e-924c-095efa3b1d46,0.4829560491493384,0.051039697542533,1058.0,30659,default,outlier,outlier,1.0,1.0,54.0,E,54,168,0.05870020964360587,13,14,12,0.5643126284029385,4
2005,120fa359-966f-3bcd-a77b-d46b4552165d,1.3231655011655012,0.1724941724941724,429.0,34059,default,outlier,outlier,2.0,1.0,74.0,E,74,155,0.028693076638282116,17,14,12,0.5642825734733827,5
16760,36e8e668-5033-37fb-88d5-75312c342997,4.712011235955056,0.5280898876404494,89.0,25163,private_ip,outlier,outlier,1.0,1.0,47.0,E,47,71,0.03283996299722479,9,10,3,0.5642740198053825,3
32043,3575bdb4-cc15-35c7-9585-7a8b0f824ae8,0.005024193548387,0.0188172043010752,16.65671641791045,337,default,Normal,normal,156.0,67.0,21.0,F,21,46,0.10952380952380952,8,6,13,0.5641811328630176,2
13235,990cc0a7-e230-3491-91f9-63df277d72e6,1.8653301886792453,0.3867924528301887,106.0,11864,private_ip,outlier,outlier,1.0,1.0,41.0,E,41,70,0.042682926829268296,12,10,5,0.5641337515228347,3
20537,becd0b64-2ee6-3a36-b3e4-f329dd5c818d,604.1155652173913,0.0434782608695652,23.0,833680,default,outlier,outlier,1.0,1.0,1.0,F,1,1,0.0,1,1,1,0.5640707500741593,2
18770,22f75bfe-ce0e-3083-b606-dd6c2f82d5bf,0.1373899641577061,0.025089605734767,107.3076923076923,11500,default,Normal,normal,63.0,13.0,35.0,F,35,182,0.15294117647058825,15,14,4,0.5639730066575546,4
32029,169d7120-d87e-3b25-8abb-9d8b7331c5ac,0.2358682170542635,0.0930232558139534,258.0,3652,private_ip,outlier,outlier,10.0,1.0,24.0,F,24,100,0.18115942028985507,7,7,2,0.5637991930124268,3
4184,9d044374-6fa7-358c-adc0-179cdc264e36,0.68078859527121,0.0987482614742698,719.0,29370,default,outlier,outlier,2.0,1.0,71.0,E,71,184,0.03702213279678068,16,9,10,0.563590325735854,4
16091,41a7c079-a042-3dac-a56b-4359565aed51,1.7195125628140704,0.1959798994974874,199.0,20531,private_ip,outlier,outlier,1.0,1.0,39.0,E,38,87,0.061877667140825036,12,11,7,0.5633268692070741,3
9296,0a2157e3-a353-3c63-82a7-d9b13f8979fe,0.4362105263157895,0.1762013729977116,437.0,11438,default,outlier,outlier,4.0,1.0,77.0,E,77,152,0.025974025974025976,20,11,8,0.5633180901484293,5
21376,c00b7f98-ad20-3b42-a430-6d4879fcf318,0.0532433035714285,0.1071428571428571,9.955555555555556,1432,default,Normal,normal,54.0,45.0,48.0,F,48,98,0.04343971631205674,13,13,8,0.5633037006232872,4
1676,607f40bb-c0ab-374d-a395-28a399e09a07,0.0001068376068376,0.0769230769230769,2.5161290322580645,2,default,BingPreview/1.0b,bot,216.0,93.0,18.0,E,18,24,0.0784313725490196,3,4,14,0.5632302390712223,2
22563,85240f93-00eb-30cb-ba2b-82fc68e076e1,72.49139393939393,0.6666666666666666,33.0,143533,private_ip,outlier,outlier,1.0,1.0,22.0,F,22,26,0.05627705627705628,3,4,0,0.5630444769635755,3
3494,0f99ca8a-408a-3c99-8a15-11a3babff3c5,1.8033333333333328,0.2901234567901234,162.0,17529,private_ip,outlier,outlier,1.0,1.0,47.0,E,47,86,0.039777983348751156,12,9,6,0.562811411468177,3
21413,3f588760-6db8-3b35-bd69-fc3b8aad8e3c,1.2815944055944055,0.2237762237762237,143.0,10997,private_ip,outlier,outlier,6.0,1.0,32.0,F,32,94,0.09475806451612903,7,8,2,0.5626891710984143,3
2070,d14f48f1-d861-3650-8eee-2e5bc688b35a,3.745383378016086,0.1823056300268096,373.0,83822,default,outlier,outlier,1.0,1.0,68.0,E,68,155,0.03402107111501317,18,11,13,0.5625843314453692,4
15069,cc228603-c22a-3842-8504-59adeee0e9f3,9.866220735785952e-05,0.0568561872909698,3.3222222222222224,2,default,BingPreview/1.0b,bot,200.0,90.0,17.0,E,17,31,0.11397058823529412,4,4,13,0.5624483148059161,2
25552,4ac0b3d8-4a82-37a8-832b-9aea7c3268d7,625.12625,0.25,4.0,150031,datacenter,outlier,outlier,1.0,1.0,1.0,F,1,1,0.0,1,1,1,0.5622641270761541,2
3147,eb42bfa8-5f42-3239-b229-b787add7c301,2.937946808510638,0.1861702127659574,188.0,33141,private_ip,outlier,outlier,1.0,1.0,35.0,E,35,92,0.0773109243697479,10,11,5,0.5622138377596794,3
17688,e963d4db-b6b2-3767-9bef-806d1866e156,0.7186743215031315,0.1565762004175365,479.0,20655,default,outlier,outlier,1.0,1.0,75.0,E,75,184,0.033153153153153155,16,10,12,0.5621871132967503,4
27686,c8dfdc7a-f4fe-3401-948e-ae6debc1df68,0.0291994884910485,0.1253196930946291,10.567567567567568,686,default,Normal,normal,45.0,37.0,49.0,F,49,79,0.03358843537414966,8,13,13,0.5615885780349945,4
7584,d847dd4f-ab68-3621-976e-9b09d8153980,0.7988424317617867,0.0794044665012407,806.0,38633,default,outlier,outlier,2.0,1.0,64.0,E,64,163,0.040426587301587304,14,15,9,0.5612158380046038,4
25871,dc6517ec-8cc1-3d5c-86c0-de60976a4494,0.7888317757009345,0.1121495327102803,214.0,10129,private_ip,outlier,outlier,9.0,1.0,24.0,F,24,92,0.16666666666666666,7,9,1,0.5610860197241593,3
27318,63a115df-52e2-3491-964e-4e861d6d2719,0.0604911504424778,0.0973451327433628,226.0,821,private_ip,outlier,outlier,11.0,1.0,22.0,F,22,94,0.20346320346320346,7,8,2,0.5610850739412772,3
23453,5eb8724f-53a9-3f58-9da4-d00ff8e84496,0.9365775,0.0158333333333333,600.0,134868,default,Normal,normal,22.0,4.0,38.0,F,38,147,0.10455192034139403,11,13,8,0.5610087902736441,4
18488,b2090a66-f70a-330d-92b1-7914e5ae0364,3.005212264150944,0.1273584905660377,212.0,38227,private_ip,outlier,outlier,5.0,1.0,27.0,F,27,80,0.11396011396011396,7,7,2,0.5609487958463957,3
5164,59612264-649d-3aae-abed-409c8eacbf1b,2.1008185419968304,0.0966719492868462,631.0,79537,default,outlier,outlier,1.0,1.0,61.0,E,61,162,0.04426229508196721,14,16,8,0.5608854031987303,4
20791,9ba6e917-505d-389f-ba40-435993fcfb38,0.5095818965517241,0.1163793103448275,232.0,7094,private_ip,outlier,outlier,9.0,1.0,27.0,F,27,93,0.13247863247863248,7,7,3,0.5608515981736049,3
32144,77423de5-8472-3cfa-b6f0-49d8039b0bd8,0.2237309043020193,0.025460930640913,126.55555555555556,15290,default,Normal,normal,48.0,9.0,29.0,F,29,180,0.22167487684729065,16,14,6,0.5607922081500424,4
26425,00365c46-bcda-3b7b-8b2c-439fd7e7ddda,0.0037046511627906,0.1209302325581395,9.347826086956522,96,default,Normal,normal,64.0,46.0,52.0,F,52,81,0.030542986425339366,8,13,7,0.5607471088990612,4
9632,a7f5c507-4871-37e8-8250-eab5467d3566,0.0405934405940594,0.0340346534653465,1616.0,3936,default,outlier,outlier,1.0,1.0,55.0,E,55,151,0.05084175084175084,13,9,8,0.5606945508589513,4
14958,c7c2b6d0-1179-3333-80fc-9dca17e1334d,2.3382666666666667,0.0918918918918919,555.0,77865,default,outlier,outlier,1.0,1.0,51.0,E,51,149,0.05843137254901961,19,14,11,0.5606935813061678,4
20329,52c9986d-28d0-34f3-97d8-5ab7dc0b100e,0.0050258481421647,0.08562197092084,16.72972972972973,187,default,Normal,normal,55.0,37.0,53.0,F,53,104,0.03773584905660377,6,6,11,0.5605585657828059,4
3088,53784915-d09c-32f3-9412-b8b749784ad5,3.687025641025641,0.2628205128205128,156.0,34511,private_ip,outlier,outlier,1.0,1.0,41.0,E,41,77,0.04695121951219512,12,8,7,0.5604435826091448,3
17460,5427c7a1-0a68-36da-b4b8-79440835eeb5,0.5570416666666667,0.244047619047619,168.0,5615,private_ip,outlier,outlier,2.0,1.0,41.0,E,41,73,0.04451219512195122,11,9,1,0.560376405926945,3
16364,6c8715cd-e2e7-3e17-9dc7-edc7aecf867c,0.4729144385026738,0.0949197860962566,748.0,21225,default,outlier,outlier,1.0,1.0,71.0,E,71,159,0.03199195171026157,16,13,11,0.5599601342690647,5
1845,4c85d4a8-8ef1-3bbb-be88-0506ef8bbfb0,1.887374358974359,0.241025641025641,195.0,22083,private_ip,outlier,outlier,1.0,1.0,47.0,E,47,91,0.04209065679925995,9,10,8,0.5599571888711015,3
15962,df7dd2d1-8e38-359f-8488-c1abba547f60,1.7742072538860103,0.238341968911917,193.0,20546,private_ip,outlier,outlier,1.0,1.0,46.0,E,45,86,0.043434343434343436,12,11,4,0.5599141858016868,3
11070,9ce120d1-fa74-3b49-92a8-a63365acfbf7,9.033024844720495,0.2360248447204969,161.0,87260,private_ip,outlier,outlier,1.0,1.0,38.0,E,37,70,0.052552552552552555,11,6,3,0.5596883673604326,3
11600,7f4b53fc-0cf7-39ba-92e9-66db0f4088dd,12.22858585858586,0.3636363636363636,99.0,72638,private_ip,outlier,outlier,1.0,1.0,36.0,E,36,59,0.046825396825396826,10,7,3,0.559575878212075,3
11625,b76882ba-e900-3a6f-af48-c2ce9400062f,0.0001221374045801,0.0610687022900763,3.4025974025974026,2,default,BingPreview/1.0b,bot,197.0,77.0,16.0,E,16,20,0.08333333333333333,3,4,14,0.5595752516928395,2
11832,f237ca80-2d2b-3e9c-9698-b2f06dbb7202,0.3203518518518518,0.2518518518518518,270.0,5190,default,outlier,outlier,2.0,1.0,68.0,E,68,149,0.03270412642669008,19,16,9,0.5593069824469021,4
1650,072aca44-8ad4-3bec-8056-0d34af275917,2.6298440860215053,0.2258064516129032,186.0,29350,private_ip,outlier,outlier,1.0,1.0,42.0,E,42,78,0.04529616724738676,12,9,4,0.5588335842287578,3
22901,5825d4bf-5f37-372a-9214-093c5931bf91,0.0706515249837767,0.0155743024010382,256.8333333333333,6533,default,Normal,normal,61.0,6.0,24.0,F,24,143,0.25905797101449274,13,14,1,0.5588210542195421,2
12636,b1823b2a-5050-3035-9f8c-96912396e709,5.539947103274559,0.1712846347607053,397.0,131962,default,outlier,outlier,1.0,1.0,68.0,E,68,140,0.030728709394205442,17,9,12,0.5586363727802495,4
23371,7ecb7dc7-9332-373c-b08c-021988378d4d,0.0187397727272727,0.0886363636363636,7.857142857142857,495,default,Normal,normal,83.0,56.0,39.0,F,39,57,0.038461538461538464,5,9,13,0.5586269122148053,3
19691,805315c5-a003-3cbd-b492-6fbc47c8194d,0.626125,0.0735294117647058,272.0,10219,private_ip,outlier,outlier,13.0,1.0,20.0,F,20,87,0.22894736842105262,7,7,1,0.5586245108213692,3
22451,2e2ba56a-63eb-321d-8d1d-b53669ad659e,459.0646875,0.125,16.0,440703,default,outlier,outlier,1.0,1.0,2.0,F,2,3,1.5,2,2,2,0.5586020853575129,2
6579,64562b6a-7873-3df0-a394-26763b2be5e1,0.3531936799184506,0.0611620795107033,981.0,20789,default,outlier,outlier,3.0,1.0,60.0,E,60,153,0.043220338983050846,13,15,9,0.5585845594833593,4
16177,2080cbee-9307-3f24-b792-98f783ed215b,0.4860307692307692,0.2,390.0,11374,default,outlier,outlier,3.0,1.0,78.0,E,78,169,0.02813852813852814,18,14,10,0.55803166423781,5
16748,11cd9ef1-aa75-3d9a-893d-192c4a3591b8,0.5100021231422506,0.1401273885350318,471.0,14413,default,outlier,outlier,1.0,1.0,66.0,E,66,162,0.03776223776223776,21,14,9,0.5579807074681152,4
10492,6db691b9-4ae4-3d33-806c-ecafb851d93c,0.0001416549789621,0.0575035063113604,713.0,7,default,outlier,outlier,46.0,1.0,41.0,E,41,103,0.06280487804878049,8,13,22,0.5578472222878885,5
27660,7dd0c13d-c0d0-3ac1-baaf-1d9e4f688dde,0.0039132379248658,0.0330948121645796,12.704545454545457,263,default,Normal,normal,91.0,88.0,37.0,F,37,69,0.0518018018018018,6,9,10,0.5578138137143657,4
3646,ddbc73fc-c57b-35fe-a782-9b538605921a,1.6691756440281031,0.1569086651053864,427.0,42765,default,outlier,outlier,1.0,1.0,67.0,E,67,163,0.03686114880144731,17,13,12,0.5577873026914567,4
12535,a657daae-3a69-3e3d-81f0-562bc39b6618,0.3578214971209213,0.1190019193857965,521.0,11186,default,outlier,outlier,1.0,1.0,62.0,E,62,162,0.04283447911158118,17,18,8,0.5577002739437422,4
28714,2c8f7e5e-2bc2-3fb5-92b7-a437ec9351ed,0.2706954732510288,0.0452674897119341,63.94736842105263,19734,default,Normal,normal,26.0,19.0,55.0,F,55,100,0.03367003367003367,10,18,10,0.557471759608521,4
8018,8cb9a535-710c-3f09-81c6-a9442bfaf222,4.130370879120879,0.1923076923076923,182.0,45104,private_ip,outlier,outlier,2.0,1.0,35.0,E,35,72,0.06050420168067227,11,10,4,0.5573263245239914,3
19884,ca76a76b-37a8-3fff-b642-15e269f2a24a,811.8896666666666,0.3333333333333333,6.0,292281,default,outlier,outlier,1.0,1.0,2.0,F,2,3,1.5,2,2,2,0.557037416220879,2
13678,43fb4ba8-77f8-368d-b639-f838aeab8d90,0.0653759124087591,0.218978102189781,137.0,538,private_ip,outlier,outlier,6.0,1.0,30.0,E,30,52,0.059770114942528735,12,11,4,0.556972427209245,3
26348,2cc1f7f6-4ccf-32d0-b516-577f53438c99,0.0041316517994463,0.0116887111657951,47.80882352941177,806,default,Normal,normal,65.0,68.0,38.0,F,38,78,0.05547652916073969,11,11,9,0.556892152265055,4
23171,78d24be6-1798-3c6a-9715-1c5ce3394628,0.1617106690777576,0.0295358649789029,55.3,16097,default,Normal,normal,41.0,30.0,49.0,F,49,101,0.0429421768707483,10,18,11,0.5568843291378988,4
17948,0b8df10a-c7d7-31f0-808a-fc6ba216cc68,0.1601344902386117,0.0976138828633405,11.82051282051282,4430,default,Normal,normal,49.0,39.0,45.0,F,45,87,0.04393939393939394,8,17,13,0.5568001743448079,4
6242,6994f87b-29d4-3dd9-8bc5-b34aa3a58e25,1.359616,0.316,250.0,20395,default,outlier,outlier,2.0,1.0,79.0,E,79,139,0.0225576111652061,14,15,8,0.5567780789875852,4
29679,289bd5a6-b2f6-3075-896b-6d8969797b76,0.1497565543071161,0.025147137506688,54.97058823529412,16794,default,Normal,normal,48.0,34.0,47.0,F,47,89,0.04116558741905643,9,20,11,0.5566562057642104,4
11023,1cc3dcc0-971b-314e-8c32-95f9296a521a,3.8145,0.3666666666666666,120.0,27465,private_ip,outlier,outlier,1.0,1.0,44.0,E,44,84,0.04439746300211417,11,8,6,0.5565604360745597,3
21783,a3385e6e-6898-30d4-9b34-94b355ff16ab,0.2159513008672448,0.0360240160106737,53.535714285714285,19423,default,Normal,normal,36.0,28.0,54.0,F,54,100,0.03494060097833683,9,17,8,0.5564193365965967,4
7261,4932bef4-3e2f-3d25-85a5-1e3810e4147d,7.114982352941176,0.2941176470588235,255.0,108860,default,outlier,outlier,2.0,1.0,75.0,E,75,139,0.025045045045045046,16,13,7,0.5564182304915518,4
24787,f50de5da-1ed3-3191-b72a-6c2deb345dd7,0.2556219249028916,0.0215796288303841,85.81481481481481,35537,default,Normal,normal,33.0,27.0,50.0,F,50,102,0.04163265306122449,9,20,8,0.5563758030057656,4
16367,74f6bb29-ccce-3b6f-aa0b-649f26aeea6d,0.0001363636363636,0.0869565217391304,506.0,5,default,outlier,outlier,44.0,1.0,44.0,E,44,93,0.04915433403805497,11,17,18,0.5563460631558945,5
10597,9878054f-780f-3e16-876b-f10420ed421e,8.770251256281407,0.1608040201005025,199.0,104717,private_ip,outlier,outlier,1.0,1.0,32.0,E,32,64,0.06451612903225806,11,6,3,0.5562520106253457,3
27040,1b5275bf-e9a3-34ac-8ea4-411ba52d7f19,0.0085444177671068,0.0612244897959183,19.83333333333333,428,default,Normal,normal,52.0,42.0,51.0,F,51,97,0.03803921568627451,8,13,10,0.5562479339057442,4
22869,f96053f6-c39f-3d2e-be7a-fb8ccbfec559,0.1405720064724919,0.0202265372168284,206.0,10425,default,Normal,normal,50.0,6.0,25.0,F,25,156,0.26,13,15,3,0.5557784967625755,4
5982,bd873697-8333-36ef-8962-5803abbb00d6,0.0001396648044692,0.0837988826815642,2.5211267605633805,2,default,BingPreview/1.0b,bot,166.0,71.0,15.0,E,15,19,0.09047619047619047,2,2,14,0.555719191606725,2
977,513a86aa-6d1a-3a6e-9caf-4ae09e21fc30,0.951135496183206,0.0801526717557251,786.0,44856,default,outlier,outlier,1.0,1.0,63.0,E,63,171,0.04377880184331797,16,13,10,0.5556079857156914,4
10232,9296f745-f90e-3ed3-8140-fcc0e398cbbb,1.8759862155388471,0.1729323308270676,399.0,44912,default,outlier,outlier,1.0,1.0,69.0,E,69,157,0.03346121057118499,17,16,8,0.5553271714217443,4
625,38e4d2cb-205c-372b-94fa-71ef73299cf7,0.0001730769230769,0.1153846153846153,2.260869565217391,2,default,BingPreview/1.0b,bot,153.0,69.0,18.0,E,18,19,0.06209150326797386,2,2,16,0.5552768516747193,2
1633,e38f3257-8811-3fd7-88ae-ede50c419ae7,2.006136563876652,0.1497797356828193,454.0,54648,default,outlier,outlier,2.0,1.0,68.0,E,68,148,0.0324846356453029,14,12,15,0.5551437802958967,4
24210,cb4d44b1-ec6b-3ead-812f-822ba1f971d0,0.2233013953488372,0.0511627906976744,67.1875,14403,default,Normal,normal,25.0,16.0,55.0,F,55,101,0.034006734006734006,10,19,10,0.5551290716971793,4
12919,efe46f52-7a93-3395-b005-5855224b8bec,9.263327956989247,0.1774193548387097,186.0,103379,private_ip,outlier,outlier,1.0,1.0,33.0,E,33,74,0.07007575757575757,8,6,6,0.5550739319106367,3
17219,853294c2-73b7-3d8f-b97f-f15ba95d038c,0.6157631578947369,0.0515350877192982,912.0,33695,default,outlier,outlier,1.0,1.0,47.0,E,47,125,0.057816836262719704,19,15,7,0.5549400015560572,4
16289,9929374e-0bdd-301b-811d-95be1d1df66d,3.222035,0.16,200.0,38665,private_ip,outlier,outlier,1.0,1.0,32.0,E,32,77,0.07762096774193548,9,10,8,0.5548722941246639,3
24977,320b2c41-7168-3b45-abbd-b4a9e0f72b1e,0.0004662162162162,0.0135135135135135,2.0273972602739727,5,default,Normal,normal,73.0,73.0,2.0,F,2,2,1.0,2,1,1,0.5547629935997698,3
11452,cd1becdf-6460-38e2-9b81-380f5b6fe7c6,0.0616621621621621,0.1981981981981982,222.0,822,private_ip,outlier,outlier,3.0,1.0,44.0,E,42,80,0.04645760743321719,5,6,3,0.5547305612009029,3
31988,b72d26af-eb82-3ca4-9016-6b30347b8a45,0.2657740963855421,0.0376506024096385,60.36363636363637,21177,default,Normal,normal,31.0,22.0,50.0,F,50,100,0.04081632653061224,10,21,10,0.5544455987531034,4
17589,de75507c-3351-3692-9b1e-fc42c055e2ef,0.3958972222222222,0.2111111111111111,360.0,8552,default,outlier,outlier,4.0,1.0,76.0,E,76,146,0.025614035087719297,18,13,10,0.5543765028563405,4
28905,6f34f4f8-c4c7-32b4-8806-75491271ecdd,959.1353333333334,0.3333333333333333,6.0,345289,default,outlier,outlier,1.0,1.0,2.0,F,2,2,1.0,1,2,1,0.55436114155598,2
9840,1b8199b8-5a8d-33c0-b637-6d598bf813d1,0.2556769547325103,0.044238683127572,972.0,14912,default,outlier,outlier,1.0,1.0,43.0,E,43,142,0.07862679955703211,17,15,7,0.5542541400295089,4
11950,3de8c080-dda3-3271-a8ee-3e9d33735804,0.8333362637362637,0.1604395604395604,455.0,22751,default,outlier,outlier,1.0,1.0,73.0,E,73,152,0.0289193302891933,19,14,7,0.5538025970637681,4
3496,17b5975c-19a5-340f-9554-78e954b14e75,0.0001174863387978,0.0801457194899817,549.0,4,default,outlier,outlier,76.0,1.0,44.0,E,44,118,0.06236786469344609,10,9,24,0.5533639754093983,5
4259,3e9a0d42-be4a-324a-991b-0dab14f92e65,0.5468484573502723,0.101633393829401,551.0,18079,default,outlier,outlier,1.0,1.0,56.0,E,56,148,0.048051948051948054,18,17,11,0.5533476717741518,4
14549,81e49be5-4f34-336c-8f4f-ca1739fee454,1.9322765531062125,0.1302605210420841,499.0,57853,default,outlier,outlier,1.0,1.0,65.0,E,65,161,0.03870192307692308,15,16,9,0.5532584115188351,4
330,cd3d59bb-dfb5-370b-9972-7034a94db785,11.781603658536586,0.2073170731707317,164.0,115931,private_ip,outlier,outlier,1.0,1.0,34.0,E,34,60,0.053475935828877004,9,5,4,0.5532371955577697,3
6598,962b0e27-ec7c-3a16-9e0c-41e3c62a4eb0,13.09743373493976,0.1686746987951807,166.0,130451,private_ip,outlier,outlier,1.0,1.0,28.0,E,28,56,0.07407407407407407,6,7,4,0.5531261695984684,3
30034,8d528f65-df73-3c10-a701-11d432e9f1f4,0.8594920049200492,0.050430504305043,162.6,41927,default,Normal,normal,1.0,5.0,41.0,F,41,128,0.07804878048780488,12,24,13,0.553088678857582,4
10545,0edbab9c-cc03-3637-8fe6-1619654a3dc5,1.8529747899159663,0.2773109243697479,119.0,13231,private_ip,outlier,outlier,1.0,1.0,33.0,E,33,70,0.06628787878787878,12,9,5,0.553035635015717,3
53,c14d01fb-f43f-3b97-9b51-924e0d009b54,13.0373,0.1846153846153846,130.0,101691,private_ip,outlier,outlier,1.0,1.0,24.0,E,24,58,0.10507246376811594,11,6,4,0.5530135745383412,3
33297,8019bdaf-fee6-3edd-94f7-694ee33768dc,421.4773,0.1,10.0,252887,datacenter,outlier,outlier,1.0,1.0,1.0,F,1,1,0.0,1,1,1,0.5529475950047442,2
16081,22327ffd-cad2-3f91-9c17-1dec520a54eb,1483.9342,0.2,5.0,445181,default,BingPreview/1.0b;unknown,bot,1.0,1.0,1.0,E,1,1,0.0,1,1,1,0.5528198082627704,2
17683,d936abec-9974-309b-871c-e9780dafb304,7.323008928571428,0.3214285714285714,280.0,123027,default,outlier,outlier,1.0,1.0,90.0,E,90,145,0.018102372034956304,12,9,8,0.5527760521144104,4
22813,6bd388b2-705b-3294-ba6e-1a3f35d46d21,0.9229352331606218,0.1243523316062176,193.0,10688,private_ip,outlier,outlier,8.0,1.0,24.0,F,24,93,0.16847826086956522,7,9,1,0.5526993392247652,3
13225,87b081db-0588-3132-828e-c4c981edcb21,0.9407255244755244,0.2657342657342657,286.0,16143,default,outlier,outlier,2.0,1.0,76.0,E,76,142,0.024912280701754386,19,14,8,0.5525698898362765,4
4753,eaf5ae1f-d1bf-3da5-8825-d3e97615a9d5,3.608496,0.368,125.0,27064,private_ip,outlier,outlier,1.0,1.0,46.0,E,46,85,0.04106280193236715,8,8,6,0.5525631894908887,3
15973,fcf315f7-0b76-3849-9f44-2187a78b3069,495.5695416666667,0.0416666666666666,24.0,713621,default,outlier,outlier,1.0,1.0,1.0,E,1,1,0.0,1,1,1,0.5525292153132324,2
26330,f368832a-7b58-35c6-b481-25296f09c6a8,0.2206153986166727,0.0149253731343283,549.4,36362,default,Normal,normal,26.0,5.0,41.0,F,41,161,0.09817073170731708,11,14,9,0.5521700482479527,4
9013,90205a9a-80b0-3c84-a18e-ca4930ac4ac5,0.6431021377672209,0.168646080760095,421.0,16245,default,outlier,outlier,2.0,1.0,71.0,E,71,159,0.03199195171026157,20,13,9,0.552122543812729,4
6593,8b62c541-1aff-3d71-8f4f-608ff0db1e48,6.118575907590759,0.2376237623762376,303.0,111236,default,outlier,outlier,1.0,1.0,72.0,E,72,134,0.02621283255086072,19,13,8,0.5520923373984333,4
8222,fe71a324-56d3-3dac-a12b-552e62ead1f7,2.1844204545454544,0.4431818181818182,88.0,11534,private_ip,outlier,outlier,1.0,1.0,39.0,E,39,68,0.04588394062078273,11,7,7,0.5520008610102334,3
11349,a5d6ea87-af44-345d-9d03-a4201da44cb3,0.8170600775193799,0.1608527131782945,516.0,25297,default,outlier,outlier,2.0,1.0,83.0,E,82,194,0.029208069858476363,12,11,8,0.5519783674588835,4
23136,1dc9ab6d-4ab0-3239-83e8-d7cf7637d3e9,11.383342857142855,0.2476190476190476,105.0,71716,private_ip,outlier,outlier,4.0,1.0,26.0,F,26,70,0.1076923076923077,5,6,2,0.5518977402516493,3
15562,8d304a02-e292-3396-99d3-0bc6c2836f84,8.238100502512562,0.1407035175879397,199.0,98363,private_ip,outlier,outlier,1.0,1.0,28.0,E,28,62,0.082010582010582,10,6,2,0.551428157100679,3
33594,5b5db38d-3310-3be4-817a-280db03f3778,54.20814285714285,0.9523809523809524,21.0,68303,private_ip,outlier,outlier,1.0,1.0,20.0,F,20,20,0.05263157894736842,2,2,0,0.5512247986711973,3
9041,fe401d7e-6393-3758-93e5-807b6188d2d3,0.0001107723577235,0.089430894308943,492.0,4,default,outlier,outlier,40.0,1.0,44.0,E,44,99,0.05232558139534884,13,15,17,0.5511178053594912,5
4576,d453cc36-f1bd-3089-818b-2a4bf9d7a30c,12.443052631578947,0.2030075187969924,133.0,99296,private_ip,outlier,outlier,1.0,1.0,27.0,E,27,54,0.07692307692307693,8,7,6,0.5507080461359996,3
7983,5167895a-473a-3e95-9097-eb6080b0d25c,1.148254766031196,0.1057192374350086,577.0,39753,default,outlier,outlier,1.0,1.0,61.0,E,61,137,0.037431693989071035,19,16,8,0.5506126763912732,4
15513,f7580ec4-7f31-3d77-bc0f-92f577696622,0.0216294117647058,0.2,170.0,221,private_ip,outlier,outlier,6.0,1.0,34.0,E,34,64,0.0570409982174688,11,9,2,0.5504967058895671,3
16604,45b2376a-2eb5-3f03-b777-c62e7219043b,1.1031910828025475,0.2484076433121019,157.0,10393,private_ip,outlier,outlier,1.0,1.0,39.0,E,39,79,0.053306342780026994,12,7,5,0.5504265201826257,3
8541,6280a41c-690f-301a-acf7-3f85a2b8b91c,2.788362204724409,0.3070866141732283,127.0,21248,private_ip,outlier,outlier,1.0,1.0,39.0,E,39,70,0.04723346828609987,12,9,6,0.5501946234190335,3
6670,7c5567c4-24e5-3bca-b4be-9735e86ff473,0.329125,0.1704545454545454,176.0,3476,private_ip,outlier,outlier,1.0,1.0,30.0,E,28,41,0.05423280423280423,12,10,2,0.5501614650550868,3
18320,aa011db5-b3cf-3d16-a0f6-72490014ddb4,0.0032984652665589,0.0355411954765751,22.509090909090908,246,default,Normal,normal,71.0,55.0,44.0,F,44,73,0.03858350951374207,9,12,6,0.549758496954249,4
13942,434864f1-c8dd-3d5d-afdb-a9e6d9dcb351,0.9482388059701492,0.3246268656716418,268.0,15248,default,outlier,outlier,2.0,1.0,87.0,E,87,163,0.021785618818497728,15,9,10,0.549718495591566,4
1392,df945377-0e93-31a1-8814-d9e1dc37169e,0.4042557603686635,0.0564516129032258,868.0,21054,default,outlier,outlier,1.0,1.0,49.0,E,49,146,0.06207482993197279,19,14,7,0.5496892032964239,4
6707,ec83b7be-750a-340e-8bf8-d02c3a6e94bf,2.06044385026738,0.1871657754010695,187.0,23119,private_ip,outlier,outlier,1.0,1.0,35.0,E,35,76,0.06386554621848739,11,10,4,0.5493111384416333,3
13432,fe567250-43af-3910-84c6-3c80a1f8503c,2.232663043478261,0.2065217391304347,184.0,24649,private_ip,outlier,outlier,1.0,1.0,38.0,E,38,75,0.05334281650071124,11,8,5,0.5492853500289333,3
23361,67c301a0-7ac1-3412-bb7f-da678d491f0a,0.8403175785043703,0.0087406927808352,617.8,155745,default,Normal,normal,29.0,5.0,27.0,F,27,128,0.18233618233618235,12,10,6,0.5492838775747221,4
98,47acfb0c-bf20-3370-9228-b02ab4d4cbcf,0.3991303370786517,0.1528089887640449,445.0,10657,default,outlier,outlier,3.0,1.0,68.0,E,67,159,0.03595658073270014,19,14,8,0.5492629956971011,4
8369,9d7591e6-73d5-343e-b2c1-dbb66de68b7a,0.4703119834710744,0.146694214876033,484.0,13658,default,outlier,outlier,1.0,1.0,71.0,E,71,166,0.03340040241448692,20,11,7,0.5491566711838383,4
7420,23b2509d-a789-3577-902e-6b29c9711126,0.6916864535768645,0.0882800608828006,657.0,27267,default,outlier,outlier,1.0,1.0,58.0,E,58,176,0.05323653962492438,17,15,9,0.5491539088156047,4
10102,04954daa-5b25-3155-92c1-1fdf451d127a,0.7652603773584906,0.1188679245283018,530.0,24336,default,outlier,outlier,2.0,1.0,63.0,E,63,154,0.03942652329749104,18,16,8,0.5491288896632405,4
28664,b0e560cc-19da-3173-ae92-e1dfcc984dbb,0.1485844504021447,0.0335120643431635,48.12903225806452,13302,default,Normal,normal,39.0,31.0,50.0,F,50,94,0.03836734693877551,8,20,9,0.5491263141514677,4
2111,4fc83438-2d4f-3d3c-8674-5f0b30fecf8d,10.357934065934066,0.0769230769230769,182.0,113109,private_ip,outlier,outlier,1.0,1.0,14.0,E,14,33,0.1813186813186813,9,6,4,0.5489278432036425,3
2006,12198e57-c394-33dc-a4c6-2c42016b35d0,0.9264174757281552,0.3980582524271844,103.0,5726,private_ip,outlier,outlier,1.0,1.0,41.0,E,41,65,0.039634146341463415,11,8,4,0.5485248380457374,3
10418,81a660e8-20bb-3729-bd36-42890ce51c08,0.9286666666666666,0.2037037037037037,378.0,21063,default,outlier,outlier,1.0,1.0,77.0,E,77,168,0.028708133971291867,16,14,11,0.5484557592782001,4
25524,fa37eed1-9ed0-3340-be08-8cb3ca117ef7,12.78090243902439,0.3292682926829268,82.0,62883,private_ip,outlier,outlier,3.0,1.0,27.0,F,27,56,0.07977207977207977,4,5,2,0.5484523360904694,3
27619,f621bc2a-f163-340b-b230-cd4db3b613fd,0.9454596895343016,0.0135202804206309,998.5,113285,default,Normal,normal,13.0,2.0,27.0,F,27,122,0.1737891737891738,11,11,5,0.5483428817670065,4
11494,37a2c102-ddaa-3696-afba-f8166fb96f34,5.336379629629629,0.2685185185185185,108.0,34580,private_ip,outlier,outlier,1.0,1.0,29.0,E,29,67,0.08251231527093596,14,6,4,0.5482195492713533,3
727,72ebed57-d2a1-393f-bb16-d63a74bb701f,5.527929824561404,0.2982456140350877,114.0,37812,private_ip,outlier,outlier,2.0,1.0,34.0,E,34,63,0.05614973262032086,11,9,4,0.5481415582797713,3
6262,98f0246e-7ca9-3eeb-b8f9-12f980f90e82,2.511145,0.19,200.0,30134,private_ip,outlier,outlier,1.0,1.0,38.0,E,38,74,0.05263157894736842,12,7,2,0.5476323970059862,3
518,edb4e5a8-d548-39fd-9f03-3d45885f714c,0.6010088676671215,0.0845839017735334,733.0,26433,default,outlier,outlier,2.0,1.0,62.0,E,62,141,0.0372818614489688,21,12,9,0.5473058484842015,4
28761,bb539da0-d247-32c7-a6a3-8f8426875e2a,0.0009228395061728,0.0141093474426807,11.690721649484535,63,default,Normal,normal,98.0,97.0,16.0,F,16,30,0.125,4,9,8,0.546591339119658,2
5978,b3160b48-30e3-32f3-a576-42afcc3bb676,2.6888832487309644,0.182741116751269,197.0,31783,private_ip,outlier,outlier,1.0,1.0,36.0,E,36,79,0.0626984126984127,11,7,4,0.5463740690204166,3
7867,f1684ee8-782f-3708-bf4a-3b5d7201a8ba,6.220341040462428,0.1734104046242774,173.0,64568,private_ip,outlier,outlier,1.0,1.0,30.0,E,30,63,0.07241379310344828,8,9,6,0.5462721600638726,3
30741,e326801a-bb03-3158-9719-84f5d4c9694e,0.7606967648478995,0.0130371801062288,690.3333333333334,94525,default,Normal,normal,17.0,3.0,27.0,F,27,130,0.18518518518518517,13,9,7,0.5462502037612587,4
11902,a17e41d0-79a7-38dc-8083-67f4cc138ef3,1.0620962025316456,0.0810126582278481,395.0,25172,private_ip,outlier,outlier,1.0,1.0,32.0,E,6,10,0.3333333333333333,3,3,2,0.5462394528307626,3
28401,2b8a133b-bcd0-3571-ab90-4d6922e28658,0.7489148099606815,0.019222367846221,457.8,102856,default,Normal,normal,19.0,5.0,44.0,F,44,165,0.0872093023255814,9,14,8,0.5462335650961372,4
8691,07fbeb53-2141-3eb6-b46a-14cf1f005dc8,0.0011748878923766,0.070254110612855,35.21052631578947,48,default,Googlebot/2.1,bot,109.0,19.0,47.0,E,47,97,0.04486586493987049,9,10,17,0.5462332248985325,5
6545,f269c495-896e-394e-8702-54cf316c3ddb,3.557171717171717,0.4242424242424242,99.0,21130,private_ip,outlier,outlier,1.0,1.0,42.0,E,42,64,0.03716608594657375,11,8,4,0.5461670775155969,3
32251,caa6d4b2-09e4-3662-98f1-a4f0d9ecd9cd,0.235058413926499,0.018568665377176,646.25,36458,default,Normal,normal,21.0,4.0,48.0,F,48,139,0.06161347517730496,12,10,11,0.5459615666130828,4
1758,5a5c1c22-7ca0-31cb-bea2-93faaa808ae6,1.0220717948717948,0.1846153846153846,195.0,11959,private_ip,outlier,outlier,1.0,1.0,36.0,E,36,83,0.06587301587301587,9,9,8,0.5459537710535409,3
9438,95eb4855-dbd9-34ed-82ea-6f5d3918efef,0.0020661375661375,0.0687830687830687,21.0,71,default,Googlebot/2.1,bot,100.0,27.0,39.0,E,39,74,0.04993252361673414,7,6,22,0.5457326387803174,4
2982,4bb7100d-5dcc-3aac-b8dd-cd964b7add9b,1.7694140271493213,0.17420814479638,442.0,46925,default,outlier,outlier,1.0,1.0,77.0,E,77,180,0.030758714969241284,14,11,11,0.5455910609326449,4
24926,71822cf0-080c-3025-9a67-c41bc6fb2d3f,0.5647548161120841,0.0805604203152364,142.75,19349,default,Normal,normal,1.0,4.0,46.0,F,46,122,0.05893719806763285,15,24,8,0.5454274669348113,4
8397,e6ea414e-a830-3d70-b706-a890a3a07362,20.05641958041958,0.1468531468531468,143.0,172085,private_ip,outlier,outlier,1.0,1.0,21.0,E,20,47,0.12368421052631579,8,8,3,0.5453215741007991,3
15518,05df9026-bbd5-393a-b815-70c764ae8c64,1.524069486404834,0.2205438066465256,331.0,30269,default,outlier,outlier,2.0,1.0,73.0,E,73,151,0.028729071537290714,18,15,9,0.545228217026333,4
26752,c882cfc2-2180-3020-906e-a570d2b8d49d,0.1466051779935275,0.0250809061488673,154.5,10873,default,Normal,normal,55.0,8.0,31.0,F,31,169,0.1817204301075269,16,14,3,0.5451998725204936,4
12737,eb65f11b-ca80-317e-a8c0-b32b9a18c1a3,0.985766,0.156,500.0,29573,default,outlier,outlier,1.0,1.0,78.0,E,78,177,0.029470529470529472,17,10,10,0.5451950414506262,4
1992,ed8f2943-92c9-370f-81bc-1d200ae713a3,30.156389743589745,0.3282051282051282,195.0,352830,default,outlier,outlier,1.0,1.0,64.0,E,64,117,0.029017857142857144,12,9,6,0.5451235561858458,4
6662,5d741e0f-5e5b-3344-86b1-af72d0aab936,0.6722406779661017,0.055367231638418,885.0,35696,default,outlier,outlier,1.0,1.0,49.0,E,49,153,0.06505102040816327,17,14,10,0.5448080070145502,4
17252,e03fb555-ae48-3cec-bf82-680ee0378ccd,4.669010101010101,0.2222222222222222,198.0,55468,private_ip,outlier,outlier,1.0,1.0,44.0,E,43,82,0.04540420819490587,7,6,4,0.544662061959448,3
1789,b0153c1d-b9aa-359b-a308-840dba411ebb,3.6513224043715846,0.1584699453551912,183.0,40092,private_ip,outlier,outlier,1.0,1.0,29.0,E,29,66,0.0812807881773399,9,10,7,0.5446204937753595,3
33673,69052fcc-c25b-3734-a72b-5f9fb79a72e6,251.5113333333333,0.7777777777777778,9.0,135817,private_ip,outlier,outlier,1.0,1.0,7.0,F,7,8,0.19047619047619047,2,2,1,0.5442147339268197,3
10744,3d59642c-43a7-3f04-a39c-827c57a4dde1,0.5940828025477707,0.2292993630573248,157.0,5597,private_ip,outlier,outlier,1.0,1.0,36.0,E,36,73,0.05793650793650794,12,7,6,0.5442078311180528,3
13008,fcb8e4f3-91a8-3419-a3a6-9e5f8a88e594,0.1944391447368421,0.2434210526315789,304.0,3547,default,outlier,outlier,2.0,1.0,74.0,E,74,148,0.0273972602739726,19,12,10,0.54404697235527,4
12473,f4cac4b8-fbed-3249-ba41-324da09a1d48,7.05248502994012,0.1197604790419161,167.0,70666,private_ip,outlier,outlier,1.0,1.0,20.0,E,20,42,0.11052631578947368,12,8,4,0.5439615911340716,3
27282,0989a3f3-f22e-3a07-b90f-1752c52d2865,15.26532142857143,0.2976190476190476,84.0,76938,private_ip,outlier,outlier,3.0,1.0,25.0,F,25,55,0.09166666666666666,4,4,3,0.5439371411500105,3
13106,2aad9a0e-dcab-3ac5-a04d-3c132e6dd692,7.348025974025974,0.1753246753246753,154.0,67896,private_ip,outlier,outlier,1.0,1.0,27.0,E,27,55,0.07834757834757834,10,7,4,0.5436632582238999,3
15784,f5698fdd-52cc-34b9-9a53-2ad30f98a56c,0.843069306930693,0.3762376237623762,101.0,5109,private_ip,outlier,outlier,1.0,1.0,38.0,E,38,66,0.04694167852062589,12,7,3,0.543441193768365,3
15325,93a6af46-d6ae-3367-b5b1-fab2b0960dd8,15.343344537815126,0.2436974789915966,119.0,109552,private_ip,outlier,outlier,1.0,1.0,29.0,E,29,60,0.07389162561576355,6,8,4,0.5432194587572751,3
582,b4fea42b-93d2-3209-8c68-5588f520a2ef,2.026945945945946,0.1554054054054054,444.0,53998,default,outlier,outlier,1.0,1.0,69.0,E,69,156,0.03324808184143223,16,15,10,0.5430755734395747,4
10587,866736cd-6815-39c2-8370-ddc9f967da2e,1.6947249999999998,0.21,200.0,20337,private_ip,outlier,outlier,1.0,1.0,42.0,E,42,84,0.04878048780487805,8,7,7,0.5428799352012605,3
13304,8281fb7d-6a8a-3b53-8c3e-f182c090a376,2.370185639229422,0.0998248686514886,571.0,81203,default,outlier,outlier,1.0,1.0,57.0,E,57,167,0.05231829573934837,10,17,10,0.542870214320017,4
11188,ea79e8c0-a519-3a25-b79a-620bcaae4d9b,0.0015381526104417,0.0903614457831325,33.2,46,default,Googlebot/2.1,bot,75.0,15.0,45.0,E,45,90,0.045454545454545456,8,12,15,0.5428292295237204,4
10909,c3b0dce1-5cc2-30dc-8821-3cebbf43c945,15.5360625,0.3625,80.0,74574,private_ip,outlier,outlier,1.0,1.0,29.0,E,29,53,0.06527093596059114,8,5,6,0.5427438907456451,3
9691,43a4ac9f-b8d7-3cb0-9c70-bc54598bc5c2,2.329357575757576,0.2545454545454545,165.0,23061,private_ip,outlier,outlier,1.0,1.0,42.0,E,42,92,0.053426248548199766,9,7,6,0.5422063624829389,3
2789,4c17fabe-e232-3c4a-b23d-22bed6532b7a,5.308165,0.02,200.0,63698,private_ip,outlier,outlier,1.0,1.0,4.0,E,4,6,0.5,2,2,1,0.5421729769144802,3
29578,c4969305-28c5-3acc-8679-5d91776cc432,23.91521739130435,0.391304347826087,69.0,99009,private_ip,outlier,outlier,2.0,1.0,27.0,F,27,47,0.06695156695156695,5,5,1,0.5419992104192527,3
23714,011d3d92-596b-3f51-9bf4-9bd19409b22d,80.43176470588234,0.0130718954248366,153.0,1476728,default,Normal,normal,2.0,2.0,4.0,F,4,9,0.75,4,3,3,0.5419818827609072,2
30608,89fce233-11f1-3455-bafd-f8edec694016,383.8150909090909,0.0909090909090909,11.0,253318,datacenter,outlier,outlier,1.0,1.0,1.0,F,1,1,0.0,1,1,1,0.5419028806525746,2
249,eaeb1bf6-01a2-3f19-ba08-d98924409fd8,3.725677419354839,0.2193548387096774,155.0,34649,private_ip,outlier,outlier,1.0,1.0,34.0,E,34,66,0.058823529411764705,10,10,4,0.5418256034079703,3
16819,d5db352a-f03a-301c-ab0d-b0254348533d,0.8118135593220339,0.1450094161958568,531.0,25865,default,outlier,outlier,1.0,1.0,77.0,E,76,172,0.030175438596491227,18,10,10,0.5418019894398506,4
26414,e268e1a0-316c-32e5-a2ba-a80df11fa09e,15.205235,0.01,200.0,182463,datacenter,outlier,outlier,1.0,1.0,2.0,F,2,3,1.5,2,2,2,0.5417591386376327,2
256,f7eae18e-6690-3bbf-a674-0d5ff68fe8ec,1.4016335616438358,0.2397260273972602,292.0,24557,default,outlier,outlier,2.0,1.0,70.0,E,70,163,0.033747412008281574,22,13,8,0.5416492883317716,4
22294,10400de1-5d8f-3f65-84d7-4b8d993b3504,0.6646155015197569,0.0638297872340425,164.5,26240,default,Normal,normal,1.0,4.0,42.0,F,42,113,0.06562137049941928,14,24,10,0.5416080572102535,4
10365,fe3ae553-d3c3-3599-aef4-009a8654fcef,3.974795918367347,0.3877551020408163,98.0,23372,private_ip,outlier,outlier,1.0,1.0,38.0,E,38,62,0.044096728307254626,11,8,6,0.5415556019381211,3
33670,5eab8f16-ad12-36ce-9112-8c8a11e01301,0.041636524822695,0.0833333333333333,13.75609756097561,1409,default,Normal,normal,53.0,41.0,47.0,F,47,90,0.041628122109158186,9,15,10,0.5414739089971119,4
16381,9c69c906-65c8-3561-9204-06e12852724d,0.6772385786802031,0.1751269035532995,394.0,16010,default,outlier,outlier,2.0,1.0,69.0,E,68,161,0.03533801580333626,18,15,9,0.5414262677316563,4
13951,58d7d53a-b53e-3576-9b41-25553f2672cc,1.6812319587628866,0.2989690721649484,97.0,9785,private_ip,outlier,outlier,2.0,1.0,29.0,E,29,47,0.05788177339901478,13,10,3,0.541296930709186,3
29291,814a9dc9-6f66-3d7d-ac13-e4d23f559a12,0.619572463768116,0.1207729468599033,207.0,7696,private_ip,outlier,outlier,8.0,1.0,25.0,F,25,84,0.14,6,7,3,0.541210323792307,3
8862,b9d11361-ec75-3010-a574-261c8364963f,1.2698194444444444,0.1759259259259259,432.0,32914,default,outlier,outlier,1.0,1.0,76.0,E,76,172,0.030175438596491227,18,10,11,0.5410294470470625,4
5985,d341bd04-ed2e-3abd-a351-597e42589f6c,3.7559050632911393,0.3375527426160337,237.0,53409,default,outlier,outlier,1.0,1.0,80.0,E,80,139,0.02199367088607595,18,9,8,0.5409733720025931,4
23235,298dc807-d3f6-3bbc-aa9a-98f8e0e11b9b,454.334,0.1428571428571428,7.0,190821,datacenter,outlier,outlier,1.0,1.0,1.0,F,1,1,0.0,1,1,1,0.5409072945022925,2
20684,68871c6e-908e-32eb-bbcd-597978f42887,0.0412195121951219,0.1019955654101995,11.0,1116,default,Normal,normal,55.0,41.0,46.0,F,46,83,0.04009661835748792,6,16,10,0.540815892438244,4
13414,d620f7de-a4d7-3e4d-8af6-99dff60ac617,1.084,0.205,200.0,13008,private_ip,outlier,outlier,1.0,1.0,41.0,E,41,78,0.0475609756097561,9,9,6,0.540738987568222,3
4904,c996abae-1b49-3bf7-9da4-7a16cd2c6ae3,0.3394033333333333,0.2166666666666666,300.0,6110,default,outlier,outlier,2.0,1.0,65.0,E,65,144,0.03461538461538462,16,19,7,0.5407233103219296,4
34242,cbb8c7cf-a4b0-3151-a0fb-769128917e65,0.3086511266511266,0.038073038073038,51.48,23835,default,Normal,normal,26.0,25.0,49.0,F,49,99,0.042091836734693876,10,18,11,0.5406904446157229,4
29075,ade29d30-cd46-333c-96c7-932a547026a5,0.2589104658197217,0.0320629159104658,87.0,25679,default,Normal,normal,27.0,19.0,53.0,F,53,97,0.03519593613933237,11,17,9,0.5406868216703624,4
28521,b8ec5cf1-f519-3c56-a503-31c8e67c37cf,0.0286276391554702,0.0844529750479846,9.648148148148149,895,default,Normal,normal,61.0,54.0,44.0,F,44,89,0.04704016913319239,6,14,9,0.5397540462165462,4
10619,c4852308-3ffe-3e92-86ff-7ae738e7d96e,0.7407605752961083,0.1099830795262267,591.0,26268,default,outlier,outlier,2.0,1.0,65.0,E,65,173,0.04158653846153846,18,14,8,0.5396476776497872,4
7757,a3fee840-f5ff-3baf-b148-ebea80c02d4d,3.093106741573034,0.2078651685393258,178.0,33035,private_ip,outlier,outlier,1.0,1.0,37.0,E,37,67,0.0503003003003003,8,10,5,0.5396376667152989,3
30902,cdad071c-7273-39cd-970e-f676315e7dd8,0.0020417780748663,0.0200534759358288,15.26530612244898,184,default,Normal,normal,102.0,98.0,30.0,F,30,50,0.05747126436781609,5,9,8,0.5396222901063171,2
4390,f1469782-065d-3a65-a22e-515443b904c5,0.6925932203389831,0.2847457627118644,295.0,12259,default,outlier,outlier,3.0,1.0,84.0,E,84,148,0.021227768215720023,14,11,10,0.5395903741229219,4
27848,c043f2be-9066-3d23-88db-5149295829de,718.93825,0.25,8.0,345091,default,outlier,outlier,1.0,1.0,2.0,F,2,2,1.0,2,1,1,0.5395864535856558,2
5878,b04df93a-7e05-3eab-bbaa-8058a70a142d,9.86820652173913,0.3152173913043478,92.0,54473,private_ip,outlier,outlier,1.0,1.0,29.0,E,29,55,0.06773399014778325,11,7,4,0.539554874183712,3
14425,45ea83a7-3773-3716-9ada-6db680f894cb,0.7120242424242424,0.2181818181818181,330.0,14099,default,outlier,outlier,2.0,1.0,72.0,E,72,145,0.028364632237871674,18,13,11,0.5395257424523533,4
4537,65ac1ca2-75cf-3f9f-b220-12d9d59cd179,113.33370322580646,0.2064516129032258,155.0,1054004,default,outlier,outlier,1.0,1.0,32.0,E,32,73,0.07358870967741936,8,14,8,0.5391972907082001,3
4539,65ac1ca2-75cf-3f9f-b220-12d9d59cd179,113.33370322580646,0.2064516129032258,155.0,1054004,default,outlier,outlier,1.0,1.0,32.0,E,32,73,0.07358870967741936,8,14,8,0.5391972907082001,3
4539,65ac1ca2-75cf-3f9f-b220-12d9d59cd179,113.33370322580646,0.2064516129032258,155.0,1054004,default,outlier,outlier,1.0,1.0,32.0,E,32,73,0.07358870967741936,8,14,8,0.5391972907082001,3
4539,65ac1ca2-75cf-3f9f-b220-12d9d59cd179,113.33370322580646,0.2064516129032258,155.0,1054004,default,outlier,outlier,1.0,1.0,32.0,E,32,73,0.07358870967741936,8,14,8,0.5391972907082001,3
4538,65ac1ca2-75cf-3f9f-b220-12d9d59cd179,113.33370322580646,0.2064516129032258,155.0,1054004,default,outlier,outlier,1.0,1.0,32.0,E,32,73,0.07358870967741936,8,14,8,0.5391972907082001,3
4539,65ac1ca2-75cf-3f9f-b220-12d9d59cd179,113.33370322580646,0.2064516129032258,155.0,1054004,default,outlier,outlier,1.0,1.0,32.0,E,32,73,0.07358870967741936,8,14,8,0.5391972907082001,3
4537,65ac1ca2-75cf-3f9f-b220-12d9d59cd179,113.33370322580646,0.2064516129032258,155.0,1054004,default,outlier,outlier,1.0,1.0,32.0,E,32,73,0.07358870967741936,8,14,8,0.5391972907082001,3
4536,65ac1ca2-75cf-3f9f-b220-12d9d59cd179,113.33370322580646,0.2064516129032258,155.0,1054004,default,outlier,outlier,1.0,1.0,32.0,E,32,73,0.07358870967741936,8,14,8,0.5391972907082001,3
4536,65ac1ca2-75cf-3f9f-b220-12d9d59cd179,113.33370322580646,0.2064516129032258,155.0,1054004,default,outlier,outlier,1.0,1.0,32.0,E,32,73,0.07358870967741936,8,14,8,0.5391972907082001,3
4536,65ac1ca2-75cf-3f9f-b220-12d9d59cd179,113.33370322580646,0.2064516129032258,155.0,1054004,default,outlier,outlier,1.0,1.0,32.0,E,32,73,0.07358870967741936,8,14,8,0.5391972907082001,3
4537,65ac1ca2-75cf-3f9f-b220-12d9d59cd179,113.33370322580646,0.2064516129032258,155.0,1054004,default,outlier,outlier,1.0,1.0,32.0,E,32,73,0.07358870967741936,8,14,8,0.5391972907082001,3
4538,65ac1ca2-75cf-3f9f-b220-12d9d59cd179,113.33370322580646,0.2064516129032258,155.0,1054004,default,outlier,outlier,1.0,1.0,32.0,E,32,73,0.07358870967741936,8,14,8,0.5391972907082001,3
4538,65ac1ca2-75cf-3f9f-b220-12d9d59cd179,113.33370322580646,0.2064516129032258,155.0,1054004,default,outlier,outlier,1.0,1.0,32.0,E,32,73,0.07358870967741936,8,14,8,0.5391972907082001,3
4536,65ac1ca2-75cf-3f9f-b220-12d9d59cd179,113.33370322580646,0.2064516129032258,155.0,1054004,default,outlier,outlier,1.0,1.0,32.0,E,32,73,0.07358870967741936,8,14,8,0.5391972907082001,3
4537,65ac1ca2-75cf-3f9f-b220-12d9d59cd179,113.33370322580646,0.2064516129032258,155.0,1054004,default,outlier,outlier,1.0,1.0,32.0,E,32,73,0.07358870967741936,8,14,8,0.5391972907082001,3
4538,65ac1ca2-75cf-3f9f-b220-12d9d59cd179,113.33370322580646,0.2064516129032258,155.0,1054004,default,outlier,outlier,1.0,1.0,32.0,E,32,73,0.07358870967741936,8,14,8,0.5391972907082001,3
3369,c44e1ec2-5354-34fe-81cc-7db160369502,1.6690778761061946,0.1168141592920354,565.0,56582,default,outlier,outlier,3.0,1.0,66.0,E,65,153,0.036778846153846155,14,15,6,0.5390987981828055,4
9922,0dce077c-bf44-3d4a-af75-e1d50256fd59,1.0066405405405403,0.1756756756756756,370.0,22348,default,outlier,outlier,1.0,1.0,65.0,E,65,147,0.03533653846153846,23,13,5,0.5390558091916287,4
27779,f881c1a3-013e-3da6-847d-1fe55d576d52,4.9622394366197184,0.1830985915492957,142.0,42279,private_ip,outlier,outlier,5.0,1.0,26.0,F,26,75,0.11538461538461539,6,8,1,0.5390078489172042,3
14927,5570f708-68b4-3632-9230-ac6eff84e4fc,5.182333333333333,0.2916666666666667,120.0,37313,private_ip,outlier,outlier,1.0,1.0,35.0,E,35,62,0.052100840336134456,11,8,5,0.5388952489523158,3
2180,3f9efcbf-9c96-3a75-9f5e-155eac1f5bb7,15.719728571428572,0.4142857142857143,70.0,66023,private_ip,outlier,outlier,1.0,1.0,29.0,E,29,45,0.05541871921182266,9,6,3,0.5388479543351433,3
2957,ffe01fc8-34e4-3bc8-a46f-d9c1b9feac09,1.9429966555183944,0.2341137123745819,299.0,34858,default,outlier,outlier,1.0,1.0,70.0,E,69,147,0.03132992327365729,20,14,3,0.5386671658095511,4
10140,7db56c03-63ba-3756-be71-d9750f085509,3.7994267515923568,0.1847133757961783,157.0,35791,private_ip,outlier,outlier,1.0,1.0,29.0,E,29,64,0.07881773399014778,10,6,8,0.5385983920081526,3
11933,063dc3a1-8589-3424-ab1e-0820af9f7399,168.37633333333335,1.0,3.0,30308,private_ip,Yahoo! Slurp;unknown,bot,1.0,1.0,3.0,E,3,2,0.3333333333333333,1,1,0,0.538533921178967,3
21583,14b2d0ac-067b-3c03-9270-5b2cc29726b9,0.3519349959116926,0.0196238757154538,489.2,51650,default,Normal,normal,28.0,5.0,48.0,F,48,149,0.06604609929078015,11,10,12,0.5384529629895414,4
22200,ccbcdadc-f7a1-39b1-84bf-46a7b1a37eab,4.106209790209791,0.1608391608391608,143.0,35232,private_ip,outlier,outlier,6.0,1.0,23.0,F,23,76,0.15019762845849802,6,6,2,0.5384296807227126,3
29953,b18a88b5-4d68-3f5e-89c3-e591314cf4bc,0.0031135204081632,0.0280612244897959,11.2,147,default,Normal,normal,114.0,70.0,22.0,F,22,43,0.09307359307359307,7,7,11,0.5384212262579026,2
4578,d6c42158-201c-33a2-b966-f3a4c9c31555,0.9089777777777778,0.2888888888888888,135.0,7363,private_ip,outlier,outlier,1.0,1.0,39.0,E,39,73,0.049257759784075573,7,9,6,0.5383988559492207,3
12293,ea0c1e33-6ab5-303c-99ec-2bbc13f0c442,0.5142930327868852,0.1352459016393442,488.0,15059,default,outlier,outlier,3.0,1.0,66.0,E,66,151,0.0351981351981352,20,11,7,0.5383441015847374,4
9531,af965093-3086-398d-a2f9-2bc02590e7d5,0.1358835516739446,0.0312954876273653,1374.0,11203,default,outlier,outlier,1.0,1.0,43.0,E,26,100,0.15384615384615385,9,16,7,0.5382670318678838,3
8361,7af1c6ee-9217-3547-bbf3-06220a46d8dd,0.4570902111324376,0.1228406909788867,521.0,14289,default,outlier,outlier,1.0,1.0,64.0,E,64,154,0.03819444444444445,17,15,8,0.538125988323864,4
360,200f9135-77d2-316b-a6e5-255e4dade71e,0.3966558441558441,0.2207792207792207,308.0,7331,default,outlier,outlier,2.0,1.0,68.0,E,68,150,0.03292361720807726,18,15,7,0.5379418575280385,4
11310,3a2f3e61-d4e8-348b-90d1-17cdd5c6a5a5,3.5422,0.2571428571428571,140.0,29755,private_ip,outlier,outlier,1.0,1.0,36.0,E,36,67,0.05317460317460317,10,8,4,0.5378790214707602,3
17530,211f9456-858f-3ce0-8471-92c06a614ab0,1.3875650000000002,0.18,200.0,16651,private_ip,outlier,outlier,1.0,1.0,36.0,E,36,79,0.0626984126984127,7,9,6,0.537842970742984,3
20732,fe144363-a97e-364c-93f2-4f7fe4b0e352,418.547963963964,0.063063063063063,111.0,2787530,default,outlier,outlier,1.0,1.0,7.0,F,7,11,0.2619047619047619,3,4,3,0.5377995310647212,2
21953,f0828c7b-58c8-3313-abac-5a26f70e703a,1.260904132231405,0.0677685950413223,121.0,45771,default,Normal,normal,2.0,5.0,41.0,F,41,109,0.06646341463414634,15,21,10,0.5377561843093197,4
996,80ca6954-5666-37e3-ba00-7d2658e37cd2,0.2961171548117154,0.1317991631799163,478.0,8493,default,outlier,outlier,2.0,1.0,63.0,E,63,160,0.0409626216077829,23,11,8,0.5376520781834782,4
9713,753412e7-771d-3a80-a5d1-51af40ede833,0.0002331288343558,0.147239263803681,163.0,3,private_ip,outlier,outlier,5.0,1.0,24.0,E,24,61,0.1105072463768116,10,9,5,0.5375807326899323,3
6906,140d16a5-4e0b-341c-81e3-0be99421b422,0.9889900611620795,0.1085626911314984,654.0,38808,default,outlier,outlier,1.0,1.0,71.0,E,71,175,0.035211267605633804,15,11,9,0.5375372079066042,4
24514,839c8d65-6a82-3949-8769-ab5c6da2d035,0.062023828435266,0.0198570293884034,251.8,4686,default,Normal,normal,51.0,5.0,25.0,F,25,144,0.24,13,12,1,0.537474817090511,2
33875,fccf1379-452a-3e1b-98e4-bfaa083d95f3,0.8536932515337423,0.1595092024539877,163.0,8350,private_ip,outlier,outlier,7.0,1.0,26.0,F,26,80,0.12307692307692308,6,6,2,0.5373457869832551,3
6496,6120c693-baf2-3825-9872-37528b452b3d,6.786824902723735,0.2879377431906614,257.0,104653,default,outlier,outlier,1.0,1.0,74.0,E,74,139,0.025731210662717514,15,10,11,0.5371800849876418,4
25831,55541558-83c5-32bd-8742-9bfcfcdd019d,0.0003846153846153,0.0109890109890109,2.022222222222222,5,default,Normal,normal,90.0,90.0,2.0,F,2,1,0.5,1,1,0,0.5371655324615296,3
7076,33291b9d-8362-3fd6-8c7e-0e73aeef4330,1.0297547826086957,0.1078260869565217,575.0,35527,default,outlier,outlier,1.0,1.0,62.0,E,62,149,0.03939714436805923,18,12,14,0.5371344193311565,4
18835,e807b784-3bcc-351a-91d4-80924bc70d16,889.8711666666667,0.3333333333333333,6.0,320354,default,outlier,outlier,1.0,1.0,2.0,F,2,2,1.0,1,2,1,0.5369854257850085,2
30713,86986377-4367-3af7-ae79-3b510f6bffe1,0.3973553406223717,0.0428931875525651,62.578947368421055,28348,default,Normal,normal,22.0,19.0,51.0,F,51,94,0.03686274509803922,11,18,11,0.5369553463647189,4
19324,cc6450b6-933d-34da-96cb-2a0064762e0c,0.3298823981552652,0.0392006149116064,61.95238095238095,25751,default,Normal,normal,25.0,21.0,51.0,F,51,97,0.03803921568627451,9,18,12,0.5368029744367636,4
7599,fb4971a8-d71d-3f6e-b69e-fd68bc1e2a7e,0.0001244635193133,0.055793991416309,3.1066666666666665,2,default,BingPreview/1.0b,bot,173.0,75.0,13.0,E,13,19,0.12179487179487179,2,3,12,0.5367751051391599,2
17703,1909c9a5-0d2a-3014-9527-5a526a6754a4,0.7761990369181381,0.1075441412520064,623.0,29015,default,outlier,outlier,1.0,1.0,67.0,E,67,172,0.03889642695612845,15,11,11,0.5364712988670576,4
9018,a1ab5544-a122-3258-affa-012cfc1b4060,1.5988666666666669,0.1777777777777777,180.0,17268,private_ip,outlier,outlier,1.0,1.0,32.0,E,32,72,0.07258064516129033,11,7,5,0.5364134203302166,3
2722,527bd966-7ee4-3fba-944b-1270f7f76253,7.179091743119265,0.3211009174311927,109.0,46952,private_ip,outlier,outlier,1.0,1.0,35.0,E,35,59,0.04957983193277311,10,7,5,0.5362639413667558,3
28762,bcb69a4d-46a9-3bcd-9194-36fd96493ffb,3.14775,0.1710526315789473,152.0,28708,private_ip,outlier,outlier,5.0,1.0,26.0,F,26,78,0.12,6,8,3,0.5362398853595075,3
6003,002fd08c-c756-37ed-bb3f-da605e40d1b0,2.932777777777778,0.1834625322997416,387.0,68100,default,outlier,outlier,1.0,1.0,71.0,E,71,166,0.03340040241448692,18,13,9,0.5360710690486459,4
33366,631a3caa-b4a5-34af-b6fa-3d86204c79e7,671.2971428571428,0.2857142857142857,7.0,281945,default,outlier,outlier,1.0,1.0,2.0,F,2,3,1.5,2,2,2,0.5360281117716569,2
19742,270dd137-baed-39a5-90c3-6321de9b78a5,0.0191256732495511,0.0736086175942549,8.703125,640,default,Normal,normal,74.0,64.0,41.0,F,41,68,0.041463414634146344,6,10,11,0.5357167276250517,4
23713,fff35ef7-33c1-3260-b236-fa656f2d40e9,38.169714285714285,0.9047619047619048,21.0,48094,private_ip,outlier,outlier,1.0,1.0,19.0,F,19,20,0.05847953216374269,2,2,0,0.5356955814323346,3
22460,4f3ab270-8ae4-34cd-ad4c-436f7d5d50e6,0.0224627403846153,0.1081730769230769,8.32,561,default,Normal,normal,59.0,50.0,45.0,F,45,88,0.044444444444444446,7,14,9,0.5356034544324091,4
27389,4bc49cad-2eb6-3dfa-8086-8f75507adf16,0.2198429811866859,0.0354558610709117,57.583333333333336,18230,default,Normal,normal,33.0,24.0,49.0,F,49,90,0.03826530612244898,12,18,9,0.5355774584981141,4
34326,dca0ef58-4d01-3eee-94d3-4ecc3fc30c33,523.831,0.6,5.0,157150,datacenter,outlier,outlier,1.0,1.0,3.0,F,3,4,0.6666666666666666,2,2,2,0.5355593538836235,2
33398,b6d8139a-3665-3511-9436-b7322c9f58d9,0.9950372340425532,0.0416666666666666,1128.0,67345,default,outlier,outlier,15.0,1.0,47.0,F,46,124,0.05990338164251208,7,9,9,0.5353043958891633,4
4355,762ed04c-77b5-3d14-8033-65a35c09920e,0.2293512145748988,0.0425101214574898,988.0,13596,default,outlier,outlier,1.0,1.0,42.0,E,42,155,0.0900116144018583,14,15,8,0.5351868996566836,3
25239,8656df43-4af0-3c14-abdd-6e29afe0f22e,0.330873786407767,0.0663430420711974,123.6,12269,default,Normal,normal,1.0,5.0,41.0,F,41,122,0.07439024390243902,15,24,7,0.535058732749748,4
29244,d4764e34-ebea-3513-80a4-a3f76ddb7b8b,174.25114285714287,0.7142857142857143,7.0,73186,private_ip,outlier,outlier,1.0,1.0,5.0,F,5,4,0.2,1,2,0,0.5348560898780346,3
8420,24c731f5-1f8b-3ce2-8256-ca9ded94c6aa,1.107815,0.1775,400.0,26588,default,outlier,outlier,2.0,1.0,71.0,E,71,146,0.02937625754527163,19,13,8,0.5347672108889244,4
21342,5678b87a-ec1c-3c95-ad48-b7c3def95412,0.3139275603663614,0.0441298917568692,54.59090909090909,22622,default,Normal,normal,27.0,22.0,53.0,F,53,96,0.03483309143686502,9,19,7,0.5346985685089786,4
9520,8863c2e7-463b-37b4-8abc-17235ad67d77,1.4527902097902097,0.2517482517482518,143.0,12465,private_ip,outlier,outlier,1.0,1.0,36.0,E,36,71,0.05634920634920635,10,8,3,0.5346925840701339,3
4768,318df5d2-a11f-3927-93e3-d5ce224aa851,0.4548451957295373,0.1085409252669039,562.0,15338,default,outlier,outlier,1.0,1.0,61.0,E,61,154,0.04207650273224044,21,12,8,0.5344807134584992,4
1162,5c042703-a9d8-3183-bf64-489bc0f7f8f7,1.0478375350140057,0.0896358543417367,714.0,44890,default,outlier,outlier,1.0,1.0,64.0,E,64,140,0.034722222222222224,15,14,11,0.5343537450407604,4
14317,0ba9e734-0ad9-3ab5-a07e-fe1abade9545,2.4320712468193384,0.188295165394402,393.0,57349,default,outlier,outlier,1.0,1.0,74.0,E,74,187,0.03461680858941133,15,12,9,0.5340133724592907,4
30794,8e97dcc1-a129-3c16-bbd1-a8ddd1b5f2bf,0.0559175365344467,0.0647181628392484,6.842857142857143,1608,default,Normal,normal,76.0,70.0,31.0,F,31,77,0.08279569892473118,6,17,6,0.5338102666480794,3
18146,7c46f709-d62b-30ab-8d79-61696752db11,5.587129310344828,0.2327586206896551,116.0,38887,private_ip,outlier,outlier,5.0,1.0,27.0,F,27,75,0.10683760683760683,6,7,1,0.5337441210429467,3
21767,6ecad172-6325-365f-acc6-42e341b8af35,0.5400077709611452,0.0179959100204499,407.5,79220,default,Normal,normal,32.0,6.0,44.0,F,44,141,0.07452431289640592,12,10,12,0.5337240043772806,4
6653,337abd33-2c97-38de-b9d8-4b569d6c6689,0.4494639233370913,0.0710259301014656,887.0,23921,default,outlier,outlier,2.0,1.0,63.0,E,63,146,0.037378392217101895,14,13,7,0.5337211498610397,4
22672,d15bbb38-ad6b-38e5-ad7f-d847b2b83d47,0.9681172413793104,0.1862068965517241,145.0,8423,private_ip,outlier,outlier,7.0,1.0,27.0,F,27,88,0.12535612535612536,6,7,3,0.5336937964141848,3
544,25907752-fba9-3481-a555-78de47e7620e,1.3224643734643735,0.1646191646191646,407.0,32295,default,outlier,outlier,2.0,1.0,67.0,E,67,157,0.03550429669832655,19,12,7,0.5336509468420008,4
15391,654a00ee-e006-3daf-934d-1869ed1a2872,2.344684131736527,0.2215568862275449,334.0,46988,default,outlier,outlier,1.0,1.0,74.0,E,74,160,0.029618659755646058,20,8,7,0.5336408378581978,4
33573,245f57ff-f1c6-33df-837f-dd8914691c20,58.866,0.8260869565217391,23.0,81236,private_ip,outlier,outlier,1.0,1.0,19.0,F,19,20,0.05847953216374269,2,2,1,0.533578369529714,3
23303,ddd065bc-0552-38d4-bfa6-75d6579c84b9,0.1583347794649313,0.0347071583514099,57.625,13139,default,Normal,normal,31.0,24.0,48.0,F,48,97,0.04299645390070922,12,15,11,0.5335008663196485,4
16980,aedf83f7-1e15-3d86-8981-21faf4cb0ed5,2.8964694570135747,0.1628959276018099,442.0,76815,default,outlier,outlier,2.0,1.0,72.0,E,72,179,0.03501564945226917,11,11,10,0.5333507460751924,4
16980,aedf83f7-1e15-3d86-8981-21faf4cb0ed5,2.8964694570135747,0.1628959276018099,442.0,76815,default,outlier,outlier,2.0,1.0,72.0,E,72,179,0.03501564945226917,11,11,10,0.5333507460751924,4
16982,aedf83f7-1e15-3d86-8981-21faf4cb0ed5,2.8964694570135747,0.1628959276018099,442.0,76815,default,outlier,outlier,2.0,1.0,72.0,E,72,179,0.03501564945226917,11,11,10,0.5333507460751924,4
16982,aedf83f7-1e15-3d86-8981-21faf4cb0ed5,2.8964694570135747,0.1628959276018099,442.0,76815,default,outlier,outlier,2.0,1.0,72.0,E,72,179,0.03501564945226917,11,11,10,0.5333507460751924,4
16982,aedf83f7-1e15-3d86-8981-21faf4cb0ed5,2.8964694570135747,0.1628959276018099,442.0,76815,default,outlier,outlier,2.0,1.0,72.0,E,72,179,0.03501564945226917,11,11,10,0.5333507460751924,4
16982,aedf83f7-1e15-3d86-8981-21faf4cb0ed5,2.8964694570135747,0.1628959276018099,442.0,76815,default,outlier,outlier,2.0,1.0,72.0,E,72,179,0.03501564945226917,11,11,10,0.5333507460751924,4
16981,aedf83f7-1e15-3d86-8981-21faf4cb0ed5,2.8964694570135747,0.1628959276018099,442.0,76815,default,outlier,outlier,2.0,1.0,72.0,E,72,179,0.03501564945226917,11,11,10,0.5333507460751924,4
16980,aedf83f7-1e15-3d86-8981-21faf4cb0ed5,2.8964694570135747,0.1628959276018099,442.0,76815,default,outlier,outlier,2.0,1.0,72.0,E,72,179,0.03501564945226917,11,11,10,0.5333507460751924,4
16980,aedf83f7-1e15-3d86-8981-21faf4cb0ed5,2.8964694570135747,0.1628959276018099,442.0,76815,default,outlier,outlier,2.0,1.0,72.0,E,72,179,0.03501564945226917,11,11,10,0.5333507460751924,4
16979,aedf83f7-1e15-3d86-8981-21faf4cb0ed5,2.8964694570135747,0.1628959276018099,442.0,76815,default,outlier,outlier,2.0,1.0,72.0,E,72,179,0.03501564945226917,11,11,10,0.5333507460751924,4
16979,aedf83f7-1e15-3d86-8981-21faf4cb0ed5,2.8964694570135747,0.1628959276018099,442.0,76815,default,outlier,outlier,2.0,1.0,72.0,E,72,179,0.03501564945226917,11,11,10,0.5333507460751924,4
16979,aedf83f7-1e15-3d86-8981-21faf4cb0ed5,2.8964694570135747,0.1628959276018099,442.0,76815,default,outlier,outlier,2.0,1.0,72.0,E,72,179,0.03501564945226917,11,11,10,0.5333507460751924,4
16979,aedf83f7-1e15-3d86-8981-21faf4cb0ed5,2.8964694570135747,0.1628959276018099,442.0,76815,default,outlier,outlier,2.0,1.0,72.0,E,72,179,0.03501564945226917,11,11,10,0.5333507460751924,4
16981,aedf83f7-1e15-3d86-8981-21faf4cb0ed5,2.8964694570135747,0.1628959276018099,442.0,76815,default,outlier,outlier,2.0,1.0,72.0,E,72,179,0.03501564945226917,11,11,10,0.5333507460751924,4
16981,aedf83f7-1e15-3d86-8981-21faf4cb0ed5,2.8964694570135747,0.1628959276018099,442.0,76815,default,outlier,outlier,2.0,1.0,72.0,E,72,179,0.03501564945226917,11,11,10,0.5333507460751924,4
16981,aedf83f7-1e15-3d86-8981-21faf4cb0ed5,2.8964694570135747,0.1628959276018099,442.0,76815,default,outlier,outlier,2.0,1.0,72.0,E,72,179,0.03501564945226917,11,11,10,0.5333507460751924,4
5321,1ea00bd0-252a-3ee1-91dc-cc796f6e1678,1.4286916666666667,0.3333333333333333,120.0,10287,private_ip,outlier,outlier,1.0,1.0,40.0,E,40,76,0.04871794871794872,10,6,5,0.533306078028488,3
12312,23d269f1-dd92-3476-a377-4a068dcadbc4,0.682957227138643,0.2035398230088495,339.0,13892,default,outlier,outlier,1.0,1.0,69.0,E,69,159,0.03388746803069054,20,12,6,0.5332464334638523,4
24236,11b6661f-9213-328d-9b50-76a4ed10478b,0.003573402417962,0.0362694300518134,7.72,125,default,Normal,normal,110.0,75.0,21.0,F,21,43,0.10238095238095238,9,8,8,0.5331492785257722,2
20526,8d64d83d-a213-3460-928f-eeffe55d00af,0.8148136363636365,0.0123376623376623,440.0,150578,default,Normal,normal,28.0,7.0,38.0,F,38,147,0.10455192034139403,12,10,8,0.5330315023024642,4
29031,0160c0b5-8d6c-3157-838f-0665fa143780,0.0026310827250608,0.0212895377128953,19.571428571428573,260,default,Normal,normal,85.0,84.0,35.0,F,35,58,0.04873949579831933,6,7,8,0.5328260393357088,2
23669,8d2ae6c1-bf9e-3b75-853f-cf79042bca46,1.288036187113857,0.0229479258605472,566.5,87561,default,Normal,normal,8.0,2.0,26.0,F,26,127,0.19538461538461538,12,13,10,0.5327534623189651,4
14353,8834b7ad-af89-315a-870f-8f2765e80dea,0.3920380078636959,0.0747051114023591,763.0,17948,default,outlier,outlier,1.0,1.0,57.0,E,57,134,0.041979949874686714,10,21,8,0.5327511201894021,4
2797,5fcc0764-19a9-3dbb-8446-134f4c7655dc,1.0765884353741495,0.1241496598639455,588.0,37983,default,outlier,outlier,2.0,1.0,73.0,E,73,179,0.034056316590563164,12,12,10,0.5327124559420661,4
17455,43d221be-a9d5-3b46-ac50-f2988515507a,2.8446153846153845,0.2097902097902098,143.0,24407,private_ip,outlier,outlier,1.0,1.0,30.0,E,30,60,0.06896551724137931,11,8,6,0.5326572076049522,3
6919,39bb43d6-9c1f-361e-b91f-75b6e1d5ac81,0.6668677165354331,0.0960629921259842,635.0,25408,default,outlier,outlier,2.0,1.0,61.0,E,61,157,0.04289617486338798,17,15,8,0.5325810763100484,4
26633,70c3d47f-fe19-36ac-8b6a-f2765342746e,0.0902600174216027,0.0217770034843205,287.0,6218,default,Normal,normal,48.0,4.0,25.0,F,25,138,0.23,12,15,1,0.5325498623852183,2
33090,faca5348-45de-37af-b95d-b17022c143cb,0.4047077764277035,0.0534629404617253,102.875,19985,default,Normal,normal,2.0,8.0,44.0,F,44,128,0.06765327695560254,14,21,9,0.5325166673917224,4
14498,01f4d095-28fc-3b2a-bf18-ac1abe96e89d,13.377985074626864,0.4626865671641791,67.0,53780,private_ip,outlier,outlier,1.0,1.0,31.0,E,31,51,0.054838709677419356,8,5,4,0.5324805667512661,3
6365,e296929b-c4b7-3721-bc7b-50894f8c72a4,1.0552828282828282,0.1555555555555555,495.0,31342,default,outlier,outlier,2.0,1.0,77.0,E,77,162,0.027682843472317156,17,11,7,0.5321985165522259,4
16024,870cfae5-834d-3023-b6c6-6d81b89ec6f4,3.30947,0.185,200.0,39714,private_ip,outlier,outlier,1.0,1.0,37.0,E,37,79,0.05930930930930931,9,8,4,0.5321560981099709,3
33976,3e7a4bb3-56f0-3dd1-9144-1e3480fa4e5d,1.0265372413793104,0.0344827586206896,483.3333333333333,89309,default,Normal,normal,21.0,3.0,50.0,F,49,151,0.06420068027210885,9,10,12,0.532137739997801,4
22104,9e09f983-c999-3221-b203-1bd4607fe7fc,0.006324780058651,0.0469208211143695,15.5,259,default,Normal,normal,96.0,44.0,32.0,F,32,67,0.06754032258064516,7,8,16,0.5320858164119947,3
32404,c0bf3ccd-216e-3a62-9255-2979fa279dcf,0.0048955765047135,0.0239303843364757,14.98913043478261,406,default,Normal,normal,101.0,92.0,33.0,F,33,60,0.056818181818181816,5,10,6,0.5320839650772042,2
2788,4bbd81f4-098c-305e-b0ff-ad9d6f92c121,6.51558073654391e-05,0.0538243626062322,44.125,2,default,bingbot/2.0,bot,353.0,8.0,19.0,E,19,19,0.05555555555555555,1,1,19,0.5320049623595334,2
5910,fc443396-fc08-30e2-9d43-ad59bf6c2fa5,1.4971198910081744,0.2125340599455041,367.0,32967,default,outlier,outlier,2.0,1.0,78.0,E,78,168,0.027972027972027972,13,9,14,0.531952841235725,4
30922,11e51d85-4f4b-3554-87d0-2ce1108e42a9,0.0131989247311827,0.1236559139784946,7.75,295,default,Normal,normal,63.0,48.0,46.0,F,46,76,0.03671497584541063,7,10,10,0.5318069010317,4
13397,96eee616-6511-333a-809c-aa39cce5a9ef,2.0379457671957675,0.0317460317460317,378.0,46221,private_ip,outlier,outlier,1.0,1.0,12.0,E,11,21,0.19090909090909092,6,8,3,0.5317741783964358,3
13231,9337cf4b-ffd2-3f06-bebb-76df7e4febd1,0.895795,0.13,200.0,10750,private_ip,outlier,outlier,1.0,1.0,26.0,E,26,55,0.08461538461538462,10,9,4,0.5316645598925711,3
13232,9337cf4b-ffd2-3f06-bebb-76df7e4febd1,0.895795,0.13,200.0,10750,private_ip,outlier,outlier,1.0,1.0,26.0,E,26,55,0.08461538461538462,10,9,4,0.5316645598925711,3
13233,9337cf4b-ffd2-3f06-bebb-76df7e4febd1,0.895795,0.13,200.0,10750,private_ip,outlier,outlier,1.0,1.0,26.0,E,26,55,0.08461538461538462,10,9,4,0.5316645598925711,3
13233,9337cf4b-ffd2-3f06-bebb-76df7e4febd1,0.895795,0.13,200.0,10750,private_ip,outlier,outlier,1.0,1.0,26.0,E,26,55,0.08461538461538462,10,9,4,0.5316645598925711,3
13232,9337cf4b-ffd2-3f06-bebb-76df7e4febd1,0.895795,0.13,200.0,10750,private_ip,outlier,outlier,1.0,1.0,26.0,E,26,55,0.08461538461538462,10,9,4,0.5316645598925711,3
13234,9337cf4b-ffd2-3f06-bebb-76df7e4febd1,0.895795,0.13,200.0,10750,private_ip,outlier,outlier,1.0,1.0,26.0,E,26,55,0.08461538461538462,10,9,4,0.5316645598925711,3
13231,9337cf4b-ffd2-3f06-bebb-76df7e4febd1,0.895795,0.13,200.0,10750,private_ip,outlier,outlier,1.0,1.0,26.0,E,26,55,0.08461538461538462,10,9,4,0.5316645598925711,3
13231,9337cf4b-ffd2-3f06-bebb-76df7e4febd1,0.895795,0.13,200.0,10750,private_ip,outlier,outlier,1.0,1.0,26.0,E,26,55,0.08461538461538462,10,9,4,0.5316645598925711,3
13231,9337cf4b-ffd2-3f06-bebb-76df7e4febd1,0.895795,0.13,200.0,10750,private_ip,outlier,outlier,1.0,1.0,26.0,E,26,55,0.08461538461538462,10,9,4,0.5316645598925711,3
13232,9337cf4b-ffd2-3f06-bebb-76df7e4febd1,0.895795,0.13,200.0,10750,private_ip,outlier,outlier,1.0,1.0,26.0,E,26,55,0.08461538461538462,10,9,4,0.5316645598925711,3
13233,9337cf4b-ffd2-3f06-bebb-76df7e4febd1,0.895795,0.13,200.0,10750,private_ip,outlier,outlier,1.0,1.0,26.0,E,26,55,0.08461538461538462,10,9,4,0.5316645598925711,3
13232,9337cf4b-ffd2-3f06-bebb-76df7e4febd1,0.895795,0.13,200.0,10750,private_ip,outlier,outlier,1.0,1.0,26.0,E,26,55,0.08461538461538462,10,9,4,0.5316645598925711,3
13234,9337cf4b-ffd2-3f06-bebb-76df7e4febd1,0.895795,0.13,200.0,10750,private_ip,outlier,outlier,1.0,1.0,26.0,E,26,55,0.08461538461538462,10,9,4,0.5316645598925711,3
13234,9337cf4b-ffd2-3f06-bebb-76df7e4febd1,0.895795,0.13,200.0,10750,private_ip,outlier,outlier,1.0,1.0,26.0,E,26,55,0.08461538461538462,10,9,4,0.5316645598925711,3
13234,9337cf4b-ffd2-3f06-bebb-76df7e4febd1,0.895795,0.13,200.0,10750,private_ip,outlier,outlier,1.0,1.0,26.0,E,26,55,0.08461538461538462,10,9,4,0.5316645598925711,3
13233,9337cf4b-ffd2-3f06-bebb-76df7e4febd1,0.895795,0.13,200.0,10750,private_ip,outlier,outlier,1.0,1.0,26.0,E,26,55,0.08461538461538462,10,9,4,0.5316645598925711,3
7545,79f568a2-dd18-3fd2-8fa5-046e0a8f48b5,0.0001259259259259,0.0481481481481481,3.176470588235294,3,default,BingPreview/1.0b,bot,193.0,85.0,13.0,E,13,19,0.12179487179487179,2,3,11,0.5316120895473693,2
14311,f56eb3a5-d4a3-370a-8d3e-908109bbcdae,2.0419269521410577,0.017632241813602,397.0,48639,private_ip,outlier,outlier,1.0,1.0,7.0,E,7,11,0.2619047619047619,4,3,1,0.5314666345515189,3
20960,b4ec3ae1-c1e9-39ee-ba10-bc1940161308,30.503,0.875,24.0,43925,private_ip,outlier,outlier,1.0,1.0,21.0,F,21,22,0.05238095238095238,2,3,1,0.5314312120514351,3
18507,e2d1ef0a-b74b-3170-923c-ef8846f6fdca,0.2710703601108033,0.0288088642659279,85.95238095238095,29357,default,Normal,normal,25.0,21.0,52.0,F,52,95,0.03582202111613876,9,17,11,0.5312722097614523,4
14544,78189567-ed8b-3811-b8ee-22b339790948,1.2673781512605042,0.2521008403361344,119.0,9050,private_ip,outlier,outlier,1.0,1.0,30.0,E,30,61,0.07011494252873564,12,8,6,0.5310334280873287,3
26880,19557382-31f6-310b-bb60-6bb26a7a853d,0.555292857142857,0.1928571428571428,140.0,4665,private_ip,outlier,outlier,7.0,1.0,27.0,F,27,82,0.1168091168091168,7,6,2,0.5309497488815687,3
6532,ad290b6b-aa16-32ce-a8d4-1684e145e744,0.0009163059163059,0.0663780663780663,34.65,39,default,Googlebot/2.1,bot,107.0,20.0,46.0,E,46,88,0.04251207729468599,9,8,16,0.5308869472034452,4
12731,d77766cb-3570-3749-95bb-ed30b0a52683,6.859756097560976e-05,0.0701219512195122,656.0,3,default,outlier,outlier,23.0,1.0,46.0,E,46,125,0.06038647342995169,9,13,19,0.5306947718733189,5
14901,2a18390e-9d31-339b-bb89-9a79157b650a,0.5301559074299634,0.0791717417783191,821.0,26116,default,outlier,outlier,1.0,1.0,65.0,E,65,133,0.031971153846153844,8,6,15,0.5304785188698515,4
20950,929ce0fd-91ba-3a91-b5ba-8bb503f46770,28.762347826086955,0.9130434782608696,23.0,39693,private_ip,outlier,outlier,1.0,1.0,21.0,F,21,22,0.05238095238095238,2,2,1,0.53046342029826,3
17837,b39f8671-ca75-335f-b279-ec1cdd3fdda4,0.2808157894736842,0.0526315789473684,38.0,641,private_ip,outlier,outlier,19.0,1.0,2.0,F,2,1,0.5,1,1,0,0.5303380216592255,3
30689,3def010a-5930-36f5-8ed6-3deb1aa6fb78,873.0787272727273,0.3636363636363636,11.0,576232,default,outlier,outlier,1.0,1.0,4.0,F,4,6,0.5,3,2,1,0.5303183456047572,2
8439,5bc2ebe8-237e-3551-a044-8a8194a4085c,785.0155,0.3333333333333333,6.0,282606,default,outlier,outlier,1.0,1.0,2.0,E,2,2,1.0,2,1,1,0.5300609914877253,2
8440,5bc2ebe8-237e-3551-a044-8a8194a4085c,785.0155,0.3333333333333333,6.0,282606,default,outlier,outlier,1.0,1.0,2.0,E,2,2,1.0,2,1,1,0.5300609914877253,2
8439,5bc2ebe8-237e-3551-a044-8a8194a4085c,785.0155,0.3333333333333333,6.0,282606,default,outlier,outlier,1.0,1.0,2.0,E,2,2,1.0,2,1,1,0.5300609914877253,2
8439,5bc2ebe8-237e-3551-a044-8a8194a4085c,785.0155,0.3333333333333333,6.0,282606,default,outlier,outlier,1.0,1.0,2.0,E,2,2,1.0,2,1,1,0.5300609914877253,2
8441,5bc2ebe8-237e-3551-a044-8a8194a4085c,785.0155,0.3333333333333333,6.0,282606,default,outlier,outlier,1.0,1.0,2.0,E,2,2,1.0,2,1,1,0.5300609914877253,2
8440,5bc2ebe8-237e-3551-a044-8a8194a4085c,785.0155,0.3333333333333333,6.0,282606,default,outlier,outlier,1.0,1.0,2.0,E,2,2,1.0,2,1,1,0.5300609914877253,2
8438,5bc2ebe8-237e-3551-a044-8a8194a4085c,785.0155,0.3333333333333333,6.0,282606,default,outlier,outlier,1.0,1.0,2.0,E,2,2,1.0,2,1,1,0.5300609914877253,2
8439,5bc2ebe8-237e-3551-a044-8a8194a4085c,785.0155,0.3333333333333333,6.0,282606,default,outlier,outlier,1.0,1.0,2.0,E,2,2,1.0,2,1,1,0.5300609914877253,2
8438,5bc2ebe8-237e-3551-a044-8a8194a4085c,785.0155,0.3333333333333333,6.0,282606,default,outlier,outlier,1.0,1.0,2.0,E,2,2,1.0,2,1,1,0.5300609914877253,2
8438,5bc2ebe8-237e-3551-a044-8a8194a4085c,785.0155,0.3333333333333333,6.0,282606,default,outlier,outlier,1.0,1.0,2.0,E,2,2,1.0,2,1,1,0.5300609914877253,2
8438,5bc2ebe8-237e-3551-a044-8a8194a4085c,785.0155,0.3333333333333333,6.0,282606,default,outlier,outlier,1.0,1.0,2.0,E,2,2,1.0,2,1,1,0.5300609914877253,2
8441,5bc2ebe8-237e-3551-a044-8a8194a4085c,785.0155,0.3333333333333333,6.0,282606,default,outlier,outlier,1.0,1.0,2.0,E,2,2,1.0,2,1,1,0.5300609914877253,2
8440,5bc2ebe8-237e-3551-a044-8a8194a4085c,785.0155,0.3333333333333333,6.0,282606,default,outlier,outlier,1.0,1.0,2.0,E,2,2,1.0,2,1,1,0.5300609914877253,2
8441,5bc2ebe8-237e-3551-a044-8a8194a4085c,785.0155,0.3333333333333333,6.0,282606,default,outlier,outlier,1.0,1.0,2.0,E,2,2,1.0,2,1,1,0.5300609914877253,2
8440,5bc2ebe8-237e-3551-a044-8a8194a4085c,785.0155,0.3333333333333333,6.0,282606,default,outlier,outlier,1.0,1.0,2.0,E,2,2,1.0,2,1,1,0.5300609914877253,2
8441,5bc2ebe8-237e-3551-a044-8a8194a4085c,785.0155,0.3333333333333333,6.0,282606,default,outlier,outlier,1.0,1.0,2.0,E,2,2,1.0,2,1,1,0.5300609914877253,2
30710,7ef9e1a5-d87d-384c-91cd-aaa2fed952ac,1.118,0.4,5.0,336,private_ip,outlier,outlier,3.0,1.0,2.0,F,2,2,1.0,1,1,2,0.5300088696732073,3
16295,a7611a64-b64c-3649-ae22-04671ccdad94,2.0484745762711865,0.288135593220339,118.0,14504,private_ip,outlier,outlier,1.0,1.0,34.0,E,34,64,0.0570409982174688,11,8,3,0.5298473434915262,3
14831,626e23cc-3528-3779-b751-96f014d10787,15.096225352112675,0.4507042253521127,71.0,64310,private_ip,outlier,outlier,1.0,1.0,32.0,E,32,53,0.05342741935483871,7,6,4,0.5297375436045682,3
18755,fbabe9cf-7ea0-3bce-bbd8-4961f941190c,2.3780227272727275,0.2045454545454545,132.0,18834,private_ip,outlier,outlier,5.0,1.0,27.0,F,27,80,0.11396011396011396,6,6,1,0.5296671131924211,3
2458,586198cd-5457-3d8a-9f40-b9fb9ffb25dc,0.7841052631578946,0.2481203007518796,133.0,6258,private_ip,outlier,outlier,1.0,1.0,33.0,E,33,68,0.06439393939393939,10,7,3,0.5295494352578102,3
32924,1e347c6b-79ea-38a1-8337-96d78200343f,25.11672,0.84,25.0,37676,private_ip,outlier,outlier,1.0,1.0,21.0,F,21,23,0.05476190476190476,2,3,1,0.5294239689978975,3
32931,31f7a03a-9692-3fc3-b8ef-65906aa0bb52,0.0530830827067669,0.0210526315789473,266.0,4237,default,Normal,normal,62.0,5.0,28.0,F,28,153,0.20238095238095238,12,12,1,0.5293909032632104,2
26468,8db80050-38e0-3c45-b3e7-d2d7e1bbd777,0.3751593137254902,0.0980392156862745,204.0,4592,private_ip,outlier,outlier,10.0,1.0,20.0,F,20,82,0.21578947368421053,6,7,1,0.529360678950208,3
9069,47931bb8-7269-3ec8-a62e-d759506be089,1.64764,0.165,200.0,19772,private_ip,outlier,outlier,1.0,1.0,33.0,E,33,66,0.0625,9,7,8,0.5292799697331335,3
30486,13d42a48-9969-3dea-8aa3-0caf674540e0,0.1792869225764476,0.0325309043591411,54.892857142857146,16534,default,Normal,normal,37.0,28.0,50.0,F,50,98,0.04,9,16,11,0.529240042537888,4
15462,62873ed4-5c19-35d5-9595-089c469de289,0.9923041594454072,0.1178509532062391,577.0,34354,default,outlier,outlier,2.0,1.0,68.0,E,68,175,0.038410886742756806,14,12,9,0.5291380624646635,4
32375,5ad3d19c-cb44-3a98-be97-817538df3230,149.40679999999998,0.8,5.0,44823,private_ip,outlier,outlier,1.0,1.0,4.0,F,4,3,0.25,1,2,0,0.5291273096615431,3
11550,f7d28bec-faba-392f-9c79-05533fba78cf,0.0024449853943524,0.0370009737098344,1027.0,151,default,outlier,outlier,14.0,1.0,38.0,E,38,120,0.08534850640113797,10,14,14,0.5291084823241365,4
29061,84336231-c6c4-3e63-86a5-2055b65e4492,3.9110833333333335,0.1666666666666666,144.0,33792,private_ip,outlier,outlier,6.0,1.0,24.0,F,24,76,0.13768115942028986,6,7,2,0.5290921390826518,3
22377,1a266a33-92df-3426-ba23-c5e2931be1b6,0.0896898785425101,0.0251012145748987,102.91666666666669,6647,default,Normal,normal,62.0,12.0,31.0,F,31,174,0.1870967741935484,13,13,4,0.5290856387907477,4
4633,a875dd2c-6449-375b-bc8d-94bec1c44748,134.90025,0.5,8.0,64753,private_ip,outlier,outlier,1.0,1.0,4.0,E,4,3,0.25,1,3,0,0.5290768602930382,3
27383,32c3cf28-082e-3592-abe2-b98eab829dbc,0.5684776119402986,0.0086567164179104,670.0,114264,default,Normal,normal,19.0,5.0,29.0,F,29,126,0.15517241379310345,11,10,7,0.52905830164968,4
34284,54aa70a0-cec3-3dca-9f05-61f92499b88d,0.2246100234925606,0.0375880971025841,53.208333333333336,17210,default,Normal,normal,33.0,24.0,48.0,F,48,92,0.040780141843971635,11,18,9,0.5290021555847939,4
28580,59408c56-c8dd-3bb6-9596-9d6dae288ed9,0.1927190635451505,0.0719063545150501,14.95,6915,default,Normal,normal,48.0,40.0,43.0,F,43,81,0.044850498338870434,9,15,12,0.5287937562348869,4
22399,652377f1-d9b9-30b0-ab35-4261548d2016,32.321655,0.02,200.0,387860,datacenter,outlier,outlier,1.0,1.0,4.0,F,4,8,0.6666666666666666,3,3,2,0.5287637624581699,2
17066,d1874850-ae77-36a4-b693-e82aead89dfc,1.1748310344827586,0.1494252873563218,435.0,30664,default,outlier,outlier,2.0,1.0,65.0,E,65,144,0.03461538461538462,19,13,10,0.5287207693327984,4
9263,a5ea4904-c883-3d32-b174-d78f9a8ba192,1.2358019801980198,0.1336633663366336,202.0,14978,private_ip,outlier,outlier,2.0,1.0,27.0,E,27,62,0.08831908831908832,10,8,6,0.5287049585333685,3
15339,bd1bc53f-7458-32ad-8c3c-8d0df59c8ea9,2.4420634920634923,0.5079365079365079,63.0,9231,private_ip,outlier,outlier,1.0,1.0,32.0,E,32,52,0.05241935483870968,8,10,4,0.5286639039986228,3
10830,e65631e6-2245-3014-8152-afbd570aaf26,2.3816573033707864,0.2247191011235955,178.0,25437,private_ip,outlier,outlier,1.0,1.0,40.0,E,40,78,0.05,7,7,2,0.5286434920942333,3
7468,ac49e671-d30b-314b-8abc-a26e620f3541,0.7452089552238806,0.1791044776119403,402.0,17975,default,outlier,outlier,2.0,1.0,72.0,E,72,164,0.032081377151799685,18,13,10,0.5285028267799372,4
29619,5979bf15-81fc-3818-8a6e-a08ef61c4e11,105.27077108433735,0.0240963855421686,83.0,524249,default,outlier,outlier,1.0,1.0,2.0,F,2,3,1.5,2,2,2,0.5284905763826695,2
12987,bd9f6f40-439b-3ffa-9830-18e69c72448c,3.7113185185185182,0.2629629629629629,270.0,60124,default,outlier,outlier,2.0,1.0,71.0,E,71,145,0.029175050301810865,20,11,4,0.5284615008083476,4
24958,e6e36d17-f7b4-3255-a415-5717d5b6b5cd,2.5306802721088437,0.1428571428571428,147.0,22321,private_ip,outlier,outlier,1.0,1.0,21.0,F,21,83,0.1976190476190476,7,7,2,0.5283951827609877,3
9120,e3c68686-acd0-3e14-9b89-3e2c2b7a7d94,1.9453940520446096,0.120817843866171,538.0,62798,default,outlier,outlier,1.0,1.0,65.0,E,65,153,0.036778846153846155,17,12,9,0.5283924752906617,4
2152,d7efc25c-3e04-31eb-9f98-ff8ecc9fc8f5,6.349891025641026,0.1858974358974359,156.0,59435,private_ip,outlier,outlier,1.0,1.0,29.0,E,29,63,0.07758620689655173,9,8,5,0.5278685138564375,3
2620,2d398a56-4233-34a5-926a-8db2d2e06061,0.9940987341772152,0.0227848101265822,395.0,23561,private_ip,outlier,outlier,1.0,1.0,9.0,E,8,13,0.23214285714285715,5,4,3,0.5277493938889324,3
11477,12a1bed2-6cf7-3e3b-8571-4a0f301c3149,0.6370812499999999,0.2,320.0,12232,default,outlier,outlier,2.0,1.0,64.0,E,64,137,0.0339781746031746,19,12,13,0.5274990704062035,4
4239,f7d7b3cb-0613-381c-bb4e-330dba306ea6,2.280159159159159,0.1951951951951951,333.0,45558,default,outlier,outlier,2.0,1.0,65.0,E,65,147,0.03533653846153846,18,13,12,0.5273219874130045,4
4995,c1c888ce-2589-393f-ade3-257d78a5e1df,1.2594276315789472,0.1776315789473684,152.0,11486,private_ip,outlier,outlier,1.0,1.0,27.0,E,27,56,0.07977207977207977,11,7,4,0.5273085727469106,3
5835,2d636f0f-9b53-342f-a46c-d826949c8d3c,0.8709783080260304,0.1323210412147505,461.0,24092,default,outlier,outlier,1.0,1.0,61.0,E,61,158,0.04316939890710383,18,14,12,0.5270931462907693,4
9067,45685cf5-da47-35af-95aa-c9e819731edf,5.576535087719298,0.2631578947368421,114.0,38144,private_ip,outlier,outlier,1.0,1.0,30.0,E,30,54,0.06206896551724138,12,8,3,0.5270763435765213,3
32939,3ecfdd3e-fb12-3e8f-b125-d04fe380a577,0.178988406881077,0.0366492146596858,58.130434782608695,14359,default,Normal,normal,32.0,23.0,49.0,F,49,96,0.04081632653061224,11,18,8,0.5270571676529507,4
4834,06d68136-9d84-3137-9864-fc3ee2e32567,2.8936666666666664,0.25,108.0,18751,private_ip,outlier,outlier,1.0,1.0,27.0,E,27,54,0.07692307692307693,12,7,4,0.5270038351501553,3
14633,5c7b599f-ce56-3b5a-bdaf-f1aec21dcb13,0.69447,0.155,200.0,8334,private_ip,outlier,outlier,1.0,1.0,31.0,E,31,65,0.06989247311827956,10,8,4,0.5269361724397912,3
4509,329a3a2c-adfc-375b-aa23-c916ed93d79e,3.4737450980392155,0.3529411764705882,102.0,21260,private_ip,outlier,outlier,1.0,1.0,36.0,E,34,61,0.054367201426024955,12,6,3,0.5267626486063559,3
25194,0cde0339-0fe3-36cb-bb39-9fad254acec9,22.220409090909094,0.9090909090909092,22.0,29331,private_ip,outlier,outlier,1.0,1.0,20.0,F,20,21,0.05526315789473684,2,2,0,0.5266475808781136,3
4910,d459fb3b-5830-3d6d-81b6-cdc5a40d0200,4.785951724137931,0.2689655172413793,145.0,41638,private_ip,outlier,outlier,1.0,1.0,39.0,E,39,66,0.044534412955465584,9,7,5,0.5261798848427984,3
33734,580a27c3-08ee-377e-8acc-0704d80ecd87,0.2498052536231884,0.0452898550724637,55.2,16548,default,Normal,normal,26.0,20.0,50.0,F,50,100,0.04081632653061224,10,19,10,0.5261687189590174,4
27968,21f55562-2de8-3fdb-97e4-55b9c8b7e888,0.0041503267973856,0.0317460317460317,12.170454545454543,267,default,Normal,normal,95.0,88.0,34.0,F,34,60,0.053475935828877004,5,9,6,0.5260328921697611,2
9060,38424cd8-8664-35b7-839b-cc205fbb6d47,3.729095890410959,0.2191780821917808,146.0,32667,private_ip,outlier,outlier,1.0,1.0,32.0,E,32,63,0.06350806451612903,10,7,5,0.525993603568454,3
13722,bff9f4fd-6f1f-349c-a7db-c43443adf4d2,2.762140703517588,0.1809045226130653,199.0,32980,private_ip,outlier,outlier,1.0,1.0,36.0,E,36,72,0.05714285714285714,8,8,5,0.5259440814970718,3
11647,eef4c2b8-b62a-32e4-bb99-9fa8576eb8da,0.9955353535353536,0.3131313131313131,99.0,5914,private_ip,outlier,outlier,1.0,1.0,31.0,E,31,52,0.05591397849462366,12,8,3,0.5259203552156426,3
25287,2a8573f2-492e-328a-b43d-00294547ab44,1.3643529411764703,0.1229946524064171,187.0,15309,private_ip,outlier,outlier,3.0,1.0,23.0,F,23,65,0.12845849802371542,5,8,6,0.5259005103380253,3
4457,a0612936-f878-3baa-8d7d-dfac20d00fbf,1.1298788819875776,0.1801242236024844,161.0,10915,private_ip,outlier,outlier,2.0,1.0,29.0,E,29,63,0.07758620689655173,9,7,7,0.5258417231785405,3
3959,5cdf270b-d55f-387d-899a-73bfbc2bc41f,0.5807914798206278,0.1726457399103139,446.0,15542,default,outlier,outlier,1.0,1.0,77.0,E,77,157,0.026828434723171566,16,13,7,0.5257827932912751,4
33725,3232320a-3627-39f4-8cc9-508b508554c6,0.4232665429808287,0.0315398886827458,80.85,41066,default,Normal,normal,27.0,20.0,51.0,F,51,94,0.03686274509803922,10,16,10,0.5257616241081288,4
18562,97a73583-82c0-3656-980a-ac49bcf09669,0.2056490765171504,0.0290237467018469,63.16666666666666,18706,default,Normal,normal,33.0,24.0,44.0,F,44,83,0.04386892177589852,10,20,9,0.5257457237325665,4
14731,5bfe9733-01e4-351e-8e42-c1036e4493ed,1.743022222222222,0.3,90.0,9413,private_ip,outlier,outlier,1.0,1.0,27.0,E,27,55,0.07834757834757834,11,8,6,0.5254957965267759,3
12698,7f979fe9-95d8-3433-b231-e4402616dfff,4.915211111111111,0.15,180.0,53085,private_ip,outlier,outlier,1.0,1.0,27.0,E,27,53,0.0754985754985755,8,8,6,0.5253617679000451,3
32256,e2526708-e69d-35a9-9fb8-aa68bc41258d,0.0662384937238493,0.0774058577405857,7.029411764705882,1900,default,Normal,normal,75.0,68.0,37.0,F,37,82,0.06156156156156156,7,13,9,0.525342206516474,4
5261,6cbb7f8b-1962-37a9-bfd3-b55ae851865f,0.1608384458077709,0.0613496932515337,978.0,9438,default,outlier,outlier,2.0,1.0,60.0,E,60,128,0.03615819209039548,15,12,10,0.5251724720922271,4
3100,6bf8511d-708a-3e00-a4c6-16dffb723619,3.748361111111112,0.1888888888888888,180.0,40483,private_ip,outlier,outlier,1.0,1.0,34.0,E,34,73,0.06506238859180036,9,8,3,0.5251597948567824,3
22817,79ea8a2d-d06b-3e46-bf0a-92f4cf871aba,0.0989518518518518,0.0287037037037037,98.1818181818182,6413,default,Normal,normal,53.0,11.0,31.0,F,31,158,0.16989247311827957,14,12,2,0.5249699104951198,2
23145,29912852-b3fb-3d29-8fb8-f515b9dfc132,0.0001769662921348,0.0112359550561797,2.022727272727273,2,default,Normal,normal,88.0,88.0,2.0,F,2,1,0.5,1,1,0,0.5248558074501963,3
18512,0496b695-f4de-302d-bb5d-6a7e4e3c8d33,0.2762158469945355,0.029143897996357,137.25,18198,default,Normal,normal,47.0,8.0,32.0,F,32,164,0.16532258064516128,16,13,3,0.524828142368228,4
19403,c57c5075-dc0b-3f1a-99c3-19f382a295c8,0.4840065359477123,0.130718954248366,153.0,4444,private_ip,outlier,outlier,7.0,1.0,20.0,F,20,75,0.19736842105263158,7,6,1,0.5248172041776129,3
2829,a36e5b38-cb71-35c9-b7d5-9f3754606974,0.5061436114044351,0.0559662090813094,947.0,28760,default,outlier,outlier,1.0,1.0,53.0,E,53,160,0.05805515239477504,14,14,9,0.5247646214367477,4
13240,b02b0ee4-9e06-34f0-89f5-d1e5545ef430,0.9957622720897616,0.0813464235624123,713.0,42599,default,outlier,outlier,1.0,1.0,58.0,E,58,151,0.045674531155474894,14,16,9,0.5246465728228643,4
1889,bf6df09d-dffd-35cc-923a-11522ed0b256,3.190281081081081,0.1675675675675675,185.0,35413,private_ip,outlier,outlier,1.0,1.0,31.0,E,31,63,0.06774193548387097,9,8,6,0.5245951740584726,3
11414,4baf17e0-be0c-3766-9bd3-d0b18f8e5ac1,2.89297442455243,0.1764705882352941,391.0,67870,default,outlier,outlier,1.0,1.0,69.0,E,69,169,0.036018755328218244,18,11,8,0.524514329778271,4
27788,1e3db95f-19ca-35ed-9c69-9357312878b2,1484.03375,0.5,8.0,712337,default,outlier,outlier,1.0,1.0,4.0,F,4,5,0.4166666666666667,2,2,1,0.5244924610497097,2
21142,b3dcf67e-9519-3026-8947-ab9e5abbe7d5,8.695652173913043e-05,0.0144927536231884,2.090909090909091,1,default,Normal,normal,66.0,66.0,2.0,F,2,2,1.0,2,1,1,0.5242477482083222,3
12297,f0e1fc56-3d12-3772-a5c1-431c73e4061c,0.3377643784786642,0.1354359925788497,539.0,10924,default,outlier,outlier,1.0,1.0,73.0,E,73,159,0.030251141552511414,15,14,7,0.5241867978222917,4
12566,f94cee15-2d58-3cfe-b970-749a5475e3bc,0.9159947229551452,0.1767810026385224,379.0,20830,default,outlier,outlier,1.0,1.0,67.0,E,67,146,0.033016734509271825,21,11,6,0.5241244444112397,4
34079,9a29984d-81fe-399f-927e-36149cd960db,1.613453947368421,0.1907894736842105,152.0,14715,private_ip,outlier,outlier,4.0,1.0,29.0,F,29,68,0.08374384236453201,5,5,1,0.5241229227866424,3
31484,6842adc6-eb35-3260-861a-dfa0a994fffb,0.7727571174377224,0.0124555160142348,562.0,104230,default,Normal,normal,16.0,4.0,28.0,F,28,144,0.19047619047619047,10,12,6,0.5239877744529624,4
4043,4f4f62dd-5f6c-3388-9cc8-9725bdef2ab6,1.267199042407661,0.0848153214774281,731.0,55580,default,outlier,outlier,1.0,1.0,62.0,E,62,156,0.041248016922263354,11,13,11,0.5236917059330644,4
9825,e0f87c14-3b50-34e8-95dc-4d41304a580a,2.587345,0.13,200.0,31049,private_ip,outlier,outlier,1.0,1.0,26.0,E,26,53,0.08153846153846153,9,9,3,0.5234411196532209,3
8671,c7a67af4-8bc4-371f-b873-e1647b555937,0.7429284210526316,0.06,950.0,42347,default,outlier,outlier,2.0,1.0,57.0,E,57,161,0.05043859649122807,12,12,8,0.5233070375437685,4
19096,eb886ac7-d9c3-3be8-8c5f-64ce69507c18,0.5458641975308642,0.074074074074074,113.4,18571,default,Normal,normal,1.0,5.0,42.0,F,42,133,0.07723577235772358,13,23,7,0.5230931300452403,3
18123,38820a01-2366-3d77-ba56-30106fc384b1,1142.95875,0.5,4.0,274311,default,outlier,outlier,1.0,1.0,2.0,F,2,2,1.0,1,2,1,0.5229595810639298,2
32882,9e2e085b-decb-3a1d-9beb-694ce0761fdb,0.0887735445205479,0.023972602739726,146.0,6222,default,Normal,normal,52.0,8.0,28.0,F,28,158,0.20899470899470898,14,12,3,0.5228134000413854,2
29412,df8cf24b-ae06-3459-b000-d1ef8a96830d,0.1081354907539118,0.0184921763869132,281.2,9123,default,Normal,normal,58.0,5.0,26.0,F,26,159,0.24461538461538462,12,12,4,0.5226181251738676,3
7887,3fd63be5-6b12-3dcb-9196-c9efd5562e47,2.427735,0.12,200.0,29133,private_ip,outlier,outlier,1.0,1.0,24.0,E,24,67,0.1213768115942029,7,8,7,0.5224477696046876,3
14399,0c50db90-6e53-304f-a67e-04f3ab5a2228,1.4767303370786518,0.3932584269662921,89.0,7886,private_ip,outlier,outlier,1.0,1.0,35.0,E,35,61,0.05126050420168067,9,9,5,0.5221942036417783,3
2926,845f0e9f-8ef7-398f-98b1-a26d685cf5d0,42.2814375,0.328125,64.0,162361,private_ip,outlier,outlier,1.0,1.0,21.0,E,21,34,0.08095238095238096,8,4,2,0.5221871419026629,3
5600,460056d0-4ac4-3639-a1cc-344a2341d441,0.5402904238618524,0.1036106750392464,637.0,20650,default,outlier,outlier,2.0,1.0,66.0,E,66,154,0.035897435897435895,15,13,10,0.5221667123648992,4
21557,c7a3e20d-e9b8-31ee-a14b-e04e8944ea21,1.6030402684563758,0.1610738255033557,149.0,14332,private_ip,outlier,outlier,7.0,1.0,24.0,F,24,77,0.13949275362318841,6,6,1,0.5219659449008377,3
18796,773cd787-baf0-3593-84d0-62e666d17def,0.0884210985178727,0.023539668700959,114.7,6086,default,Normal,normal,57.0,10.0,27.0,F,27,158,0.22507122507122507,15,11,2,0.5216822646751685,2
24876,d864b916-f698-3adf-8fe4-4cdddccd662e,1037.2985714285714,0.4285714285714285,7.0,435666,default,outlier,outlier,1.0,1.0,3.0,F,3,3,0.5,1,2,1,0.5216724313936547,2
6238,5d06f75b-6ce0-3180-a347-4260ea0d199b,4.8290057803468205,0.1676300578034682,173.0,50126,private_ip,outlier,outlier,1.0,1.0,29.0,E,29,67,0.08251231527093596,8,7,3,0.5216552994069358,3
17899,759fcd9a-3963-3ec4-adb4-08c534c0ed1c,0.2685980694980694,0.0339768339768339,58.86363636363637,20871,default,Normal,normal,26.0,22.0,44.0,F,44,86,0.045454545454545456,9,19,12,0.5216183105160043,4
27055,5e4833de-16f6-3466-a741-6e6dbfba3653,4.038461538461539e-05,0.0115384615384615,5.252525252525253,2,default,Normal,normal,103.0,99.0,6.0,F,6,10,0.3333333333333333,4,5,2,0.5215066970320521,2
7307,c28f2a0e-919b-3a43-b01a-18d940324476,1021.3685625,0.3125,16.0,980514,default,outlier,outlier,1.0,1.0,5.0,E,5,5,0.25,1,2,1,0.521280642439403,2
31730,b9cdfb7d-d46a-3ddf-a8df-2f4990033907,0.2225964912280701,0.2456140350877192,114.0,1523,private_ip,outlier,outlier,5.0,1.0,28.0,F,28,72,0.09523809523809523,5,6,3,0.5211282798138761,3
2529,42a5099d-cca8-3318-a20f-a25d808f12ec,101.15844444444444,0.3333333333333333,27.0,163877,private_ip,outlier,outlier,1.0,1.0,9.0,E,9,15,0.20833333333333334,4,4,2,0.5210737586355023,3
22561,7e9e49c1-ca7a-3f83-881f-e8c8b1d8c94e,38.668875,0.01,200.0,464027,default,outlier,outlier,1.0,1.0,2.0,F,2,3,1.5,2,2,2,0.5210649783425986,2
22784,03511d21-6267-313a-9fd3-25cccec4d628,0.3325629754860524,0.0456466610312764,73.9375,23606,default,Normal,normal,23.0,16.0,54.0,F,54,115,0.04018169112508735,11,16,8,0.520965180657817,4
11762,2742bab2-ee52-3d7d-9b91-cd1aecc3af9e,0.0025407098121085,0.104384133611691,28.176470588235293,74,default,Googlebot/2.1,bot,73.0,17.0,50.0,E,50,106,0.04326530612244898,10,11,14,0.5207684748370441,4
12254,89bc11bc-929c-339c-a97b-5cf8639ba3d1,1.979207894736842,0.0842105263157894,570.0,67689,default,outlier,outlier,2.0,1.0,48.0,E,48,124,0.0549645390070922,19,15,7,0.5207486589068386,4
3942,35460ce8-6075-3ad3-a94f-902bad9097ad,0.40586148955495,0.0481380563124432,1101.0,26812,default,outlier,outlier,1.0,1.0,53.0,E,53,153,0.05551523947750363,12,12,9,0.5204791652164903,4
7480,c671700c-65ec-3fc7-b5cd-0d5c51cd4d17,8.15592,0.11,200.0,97872,private_ip,outlier,outlier,1.0,1.0,22.0,E,22,62,0.1341991341991342,7,6,3,0.5202810180529812,3
30980,b1ab5c53-5403-3672-be41-58d3772fc2aa,0.1080494966442953,0.0755033557046979,13.244444444444444,3864,default,Normal,normal,56.0,45.0,45.0,F,45,79,0.0398989898989899,8,14,6,0.5202289783271432,3
24486,2de67f66-1bdc-386f-b3f6-c7d1e042cf0f,0.2934367269267364,0.0285442435775451,65.6875,18505,default,Normal,normal,49.0,16.0,30.0,F,30,169,0.19425287356321838,13,12,4,0.5200911254863794,4
24260,6dc27808-e021-32f1-b3f4-d70003808438,18.452136363636363,0.9090909090909092,22.0,24357,private_ip,outlier,outlier,1.0,1.0,20.0,F,20,20,0.05263157894736842,2,2,0,0.5200898186084775,3
31519,fd6a5348-02e0-3e54-9a18-60f30451b907,865.2975714285715,0.1428571428571428,7.0,363425,default,outlier,outlier,1.0,1.0,1.0,F,1,1,0.0,1,1,1,0.5199954830876065,2
18815,b802399e-b389-3192-b567-d937d8d6458a,0.2597934272300469,0.0460093896713615,53.25,16601,default,Normal,normal,28.0,20.0,49.0,F,49,92,0.0391156462585034,9,19,10,0.5199085937155845,4
30893,b7dc90f4-247c-3418-b986-3a544cccb0dc,0.0015877300613496,0.0134969325153374,33.265306122448976,156,default,Normal,normal,61.0,49.0,22.0,F,22,59,0.1277056277056277,10,13,10,0.5198476407696386,3
27789,1fcf7876-0f19-324a-a236-4b8e5f3f9b56,18.404565217391305,0.9130434782608696,23.0,25399,private_ip,outlier,outlier,2.0,1.0,21.0,F,21,20,0.047619047619047616,2,2,1,0.5198210123989291,3
17834,ae03db80-98dc-3e7a-84ba-d9b96beae4cd,0.69714,0.92,25.0,1046,private_ip,outlier,outlier,2.0,1.0,23.0,F,23,22,0.043478260869565216,2,2,0,0.5197791606623783,3
31263,0586dce5-6a16-3c40-aa9f-e87e20704db2,5.613913793103448,0.2988505747126437,87.0,29305,private_ip,outlier,outlier,4.0,1.0,26.0,F,26,58,0.08923076923076922,4,5,2,0.5197103044793953,3
20838,323e38b7-e551-3a1e-a5de-dcb03ff84869,0.1718768624014023,0.0184049079754601,81.5,23534,default,Normal,normal,41.0,28.0,42.0,F,42,85,0.04936120789779326,10,17,11,0.5195368930534683,4
1790,b1a6fc2e-7b8b-38e4-9986-741cd5c37021,1.274856234096692,0.0381679389312977,393.0,30062,private_ip,outlier,outlier,1.0,1.0,15.0,E,15,28,0.13333333333333333,5,9,2,0.5192612658347042,3
27990,70759a64-8a9f-34dd-a2d0-a909e5a38b1f,568.5343333333334,0.1666666666666666,12.0,409345,default,outlier,outlier,1.0,1.0,2.0,F,2,2,1.0,2,1,1,0.5191153065407565,2
3664,054277bd-572b-37bc-86f0-8a6918919b5b,4.560671999999999,0.292,250.0,68411,default,outlier,outlier,2.0,1.0,73.0,E,73,139,0.026445966514459664,17,12,4,0.5189868431396789,4
32558,b3f7ff25-3277-31aa-98f6-ff67e6986186,0.0040758293838862,0.0355450236966824,12.787878787878787,207,default,Normal,normal,78.0,66.0,30.0,F,30,56,0.06436781609195402,7,15,9,0.5188482505184486,4
15620,3d082390-41f1-3eda-bcfc-56c51e0fa93d,2.3466296296296294,0.3425925925925926,108.0,15207,private_ip,outlier,outlier,1.0,1.0,37.0,E,37,74,0.05555555555555555,8,7,6,0.5187915729849064,3
34303,96b355c6-626c-3464-827c-f3f7e8a3dc79,207.49027272727272,0.1818181818181818,11.0,136944,datacenter,outlier,outlier,1.0,1.0,2.0,F,2,3,1.5,2,2,2,0.5187518143994503,2
29860,5a47dbcc-7b43-312f-a3d2-465290c2b0aa,0.6839445350734095,0.0184883088635127,613.0,75467,default,Normal,normal,12.0,3.0,34.0,F,34,145,0.12923351158645277,12,13,7,0.5187028874621947,4
10121,4d1594ff-6892-3c63-bde3-cd5fe9b30f59,10.212442307692308,0.3247863247863248,234.0,143383,default,outlier,outlier,1.0,1.0,76.0,E,76,138,0.024210526315789474,10,9,9,0.5186490905844237,4
19288,5343a853-5566-3746-abdb-6765592f855e,0.0019103972950126,0.0109890109890109,12.195876288659791,136,default,Normal,normal,97.0,97.0,13.0,F,13,26,0.16666666666666666,5,7,4,0.5184936769914701,2
25490,a8f5ae42-5b31-3b61-bee1-03168334ed34,22.151478260869563,0.9130434782608696,23.0,30570,private_ip,outlier,outlier,1.0,1.0,21.0,F,21,22,0.05238095238095238,2,2,1,0.5184469250183571,3
12892,980c5b82-cfc4-3624-9352-8479768390e6,0.8655244215938304,0.1748071979434447,389.0,20202,default,outlier,outlier,1.0,1.0,68.0,E,68,150,0.03292361720807726,18,14,7,0.5183639631715822,4
29376,7fc4570f-58ff-3b6f-8342-c23c69026625,3.2105407407407407,0.1777777777777777,135.0,26006,private_ip,outlier,outlier,6.0,1.0,24.0,F,24,78,0.14130434782608695,6,7,1,0.5183141663120666,3
27799,41e6512f-dd35-3309-aa62-b061d4e5c99b,0.0025788625036646,0.0055702140134857,44.88157894736842,528,default,Normal,normal,72.0,76.0,19.0,F,19,49,0.14327485380116958,6,10,9,0.5182854449535866,2
24498,5c145185-845b-335f-a2c3-cb4a89afdcff,0.2311493197278911,0.0340136054421768,52.5,20388,default,Normal,normal,32.0,28.0,50.0,F,50,92,0.037551020408163265,9,15,10,0.5182539375578769,4
3003,84988515-b7c6-3c04-8796-e55fa738d70c,2.569803149606299,0.2283464566929134,127.0,19582,private_ip,outlier,outlier,1.0,1.0,29.0,E,29,65,0.08004926108374384,9,9,5,0.5181387373513711,3
31659,d0d9762f-23f5-30bc-b37e-6fe0e9da4a69,0.3968983240223463,0.0480446927374301,149.16666666666666,21314,default,Normal,normal,1.0,6.0,43.0,F,43,135,0.07475083056478406,10,25,9,0.5180744094936703,4
11434,9dc848a7-6f84-30b8-b534-18f885513e65,0.6556368194842407,0.0802292263610315,698.0,27459,default,outlier,outlier,1.0,1.0,56.0,E,56,159,0.05162337662337663,17,13,10,0.5180492863427655,4
25450,38672517-f7ad-30b2-8a5b-c7572d0e92e6,0.0408567567567567,0.1216216216216216,11.212121212121213,908,default,Normal,normal,58.0,33.0,45.0,F,45,78,0.03939393939393939,9,18,7,0.5180269091360108,4
7130,c677e6f5-5060-30ad-8143-7630867487bf,1.1125278688524591,0.2196721311475409,305.0,20360,default,outlier,outlier,2.0,1.0,67.0,E,67,143,0.03233830845771144,24,10,5,0.5179389435338693,4
32612,3dbe924f-6462-323b-8c18-b453b835ad92,0.2356700288184438,0.0480307396733909,52.05,14720,default,Normal,normal,26.0,20.0,50.0,F,50,91,0.037142857142857144,10,18,11,0.5178364639215058,4
20606,8e5ea643-5a71-3bcc-9228-bc21bf840ed1,0.0012116200169635,0.008481764206955,11.909090909090908,86,default,Normal,normal,100.0,99.0,10.0,F,10,19,0.2111111111111111,5,9,2,0.5177252329383234,2
20276,c2f7d589-7605-3dc3-b03d-50dd05f5abef,0.1431117578579744,0.0285215366705471,52.06060606060606,14752,default,Normal,normal,40.0,33.0,49.0,F,49,97,0.04124149659863945,9,14,10,0.5177033910711943,4
27749,76854bfe-eb55-33a4-9dd3-4a81e4af8abc,0.0084701670644391,0.0214797136038186,13.966666666666669,426,default,Normal,normal,123.0,60.0,18.0,F,18,45,0.14705882352941177,7,7,10,0.517570611193932,2
33146,8dd5d777-5b27-3295-b548-8c617f9f9dfa,0.2179271523178808,0.0257542310522442,97.07142857142856,17770,default,Normal,normal,59.0,14.0,35.0,F,35,180,0.15126050420168066,11,14,5,0.5174797384188481,4
33262,1d8b22d8-739d-3609-95ac-6a905bad4a33,0.0036822803195352,0.0217864923747276,15.647727272727272,305,default,Normal,normal,92.0,88.0,30.0,F,30,50,0.05747126436781609,5,9,6,0.5173804815051943,2
29036,17add35c-b4d7-360b-a3b7-dbe22745e0be,0.185509509202454,0.0294478527607361,49.39393939393939,18143,default,Normal,normal,40.0,33.0,48.0,F,48,86,0.038120567375886524,8,16,10,0.517307769451652,4
3173,47a70d52-c43c-30a6-a38c-5dd58c6ee081,193.60233333333332,0.7777777777777778,9.0,104546,private_ip,outlier,outlier,1.0,1.0,7.0,E,6,5,0.16666666666666666,2,2,0,0.5172712110500219,3
28886,3ceae00d-b48f-3eb5-a8c9-4100772e1998,1.364567857142857,0.1642857142857142,140.0,11463,private_ip,outlier,outlier,6.0,1.0,23.0,F,23,74,0.14624505928853754,6,6,1,0.5172122730842103,3
18386,8a2ed224-88f1-3a64-bef5-571b615dfc41,0.4215878434637802,0.0432972522897585,85.78571428571429,30380,default,Normal,normal,15.0,14.0,52.0,F,52,93,0.03506787330316742,10,16,12,0.5172090250052592,4
22938,b8a72323-24db-3813-9b29-a065d2080676,0.138519377382465,0.0304955527318932,54.27586206896552,13082,default,Normal,normal,38.0,29.0,48.0,F,48,95,0.04210992907801418,8,15,10,0.5170283254777109,4
417,d8dde8a8-906d-3c73-9a36-d67f400c8417,1.3698493506493508,0.1792207792207792,385.0,31644,default,outlier,outlier,2.0,1.0,69.0,E,69,144,0.030690537084398978,17,13,10,0.516560525942047,4
1397,e91a3896-de69-3207-ac8b-df13aaa9dc62,5.697523809523809,0.7142857142857143,42.0,14358,private_ip,outlier,outlier,1.0,1.0,30.0,E,30,37,0.04252873563218391,4,4,4,0.5165417353998414,3
26763,e6261e7f-edcf-3af3-8523-75d007abb5c4,28.08176,0.02,200.0,336982,datacenter,outlier,outlier,1.0,1.0,4.0,F,4,8,0.6666666666666666,3,3,2,0.5165184000614446,2
4433,61f28ff7-2c74-3a71-a361-f382e1fb0817,0.5087914156626506,0.1039156626506024,664.0,20271,default,outlier,outlier,2.0,1.0,69.0,E,69,169,0.036018755328218244,15,11,6,0.5164480024967588,4
26588,ec48d698-7686-3740-a407-0f09d220f5dd,0.0022231012658227,0.0197784810126582,14.363636363636363,169,default,Normal,normal,89.0,88.0,25.0,F,25,41,0.06833333333333333,5,8,6,0.5164348802467915,2
5857,6b007857-9639-334f-8bb5-514be4520487,4.594298342541437,0.1104972375690607,181.0,49895,private_ip,outlier,outlier,1.0,1.0,20.0,E,20,41,0.10789473684210527,10,8,5,0.516299457114155,3
33864,e797fa8a-3f40-3972-9830-f679b542e886,0.0053993115318416,0.0258175559380378,9.22222222222222,189,default,Normal,normal,102.0,63.0,15.0,F,15,32,0.1523809523809524,6,7,11,0.5161975851455397,2
17206,6f744532-c2b2-3d36-8891-2fa0ced97d27,0.5948763157894736,0.1894736842105263,380.0,13564,default,outlier,outlier,2.0,1.0,72.0,E,72,158,0.030907668231611892,17,10,11,0.5161674453098898,4
26338,06a105bb-c361-3f02-8429-e973120cfec6,0.0372,0.1483870967741935,9.117647058823527,692,default,Normal,normal,43.0,34.0,46.0,F,46,95,0.04589371980676329,7,15,10,0.5161568699144997,4
5032,0fd50d87-829a-31b0-a820-2c51dda5a20e,3.450715909090909,0.1843434343434343,396.0,81990,default,outlier,outlier,1.0,1.0,73.0,E,73,153,0.02910958904109589,13,13,7,0.5161272692282721,4
27859,d4957d7f-1e9d-3b83-8ddd-daa690e45751,9.298780487804878e-05,0.0152439024390243,3.4166666666666665,2,default,Normal,normal,98.0,96.0,5.0,F,5,9,0.45,3,4,3,0.5158226321341188,2
12041,69b74939-01db-31ae-9b80-ab9487d2ad1c,6.478589743589743,0.7435897435897436,39.0,15160,private_ip,outlier,outlier,1.0,1.0,29.0,E,29,35,0.04310344827586207,6,6,2,0.5154518632905624,3
7364,7d49b05e-34d6-3028-b654-e0e71ddb0a56,1.1548843930635837,0.3930635838150289,173.0,11988,default,outlier,outlier,2.0,1.0,68.0,E,68,120,0.02633889376646181,18,14,5,0.5149217888743791,4
32851,3518fc45-36dd-3469-be6f-0f5c87214cb2,988.4355,0.5,4.0,237225,default,outlier,outlier,1.0,1.0,2.0,F,2,2,1.0,2,1,1,0.514593846618428,2
30871,83869f77-eb0a-3ade-8e8b-77debd151566,13.381619047619049,0.9523809523809524,21.0,16861,private_ip,outlier,outlier,1.0,1.0,20.0,F,20,19,0.05,1,2,0,0.5144417960340646,3
22844,b88a3f8c-19d7-3d91-a098-1705ff6d72c0,934.4795833333334,0.5,12.0,672826,default,outlier,outlier,1.0,1.0,6.0,F,6,8,0.26666666666666666,3,2,2,0.5142861484899592,2
27599,ba720e2c-ec8e-3752-97b4-fb00acf24157,0.2855311111111111,0.0362962962962963,58.69565217391305,23129,default,Normal,normal,27.0,23.0,49.0,F,49,87,0.036989795918367346,9,19,9,0.5142783547053336,4
28261,5268c01b-6457-3bb4-bcb9-0199c94efe01,2.605807971014493,0.1594202898550724,138.0,21577,private_ip,outlier,outlier,6.0,1.0,22.0,F,22,66,0.14285714285714285,6,5,1,0.5142541320951992,3
22698,19b0d372-cedd-3eba-b238-3334e17aec7d,0.1747976917854718,0.0325865580448065,52.60714285714285,15449,default,Normal,normal,34.0,28.0,48.0,F,48,94,0.041666666666666664,9,16,10,0.51425338381393,4
24300,f6f68d4e-75d3-3f2f-baa1-9b91e5134ccc,0.0004225352112676,0.0211267605633802,2.6296296296296298,4,default,Normal,normal,63.0,54.0,3.0,F,3,6,1.0,3,3,3,0.5142447682700968,2
13260,e4756768-e205-32b4-9758-4c0d39f6a137,16.14781451612903,0.1806451612903225,310.0,300350,default,outlier,outlier,1.0,1.0,56.0,E,55,110,0.037037037037037035,6,11,13,0.5141280321254809,4
1518,4ae77c97-042b-35f3-9422-34d66eef12f1,0.1999395900755124,0.052858683926645,927.0,11121,default,outlier,outlier,2.0,1.0,49.0,E,49,144,0.061224489795918366,16,12,8,0.5141272642761708,4
9371,defe52e3-b34c-3dbe-9439-2f5ce16a8eaa,0.0002485207100591,0.0907297830374753,507.0,8,default,outlier,outlier,45.0,1.0,46.0,E,46,100,0.04830917874396135,9,12,16,0.514089081214453,4
8958,df2c4345-200a-355a-99a7-d87785bacbf4,7.027102040816327,0.5918367346938775,49.0,20660,private_ip,outlier,outlier,1.0,1.0,29.0,E,29,43,0.05295566502463054,9,6,3,0.5136150889850661,3
1568,f4cf0c2e-c304-30bc-b335-db3143acd672,2.2220087719298243,0.2631578947368421,114.0,15199,private_ip,outlier,outlier,1.0,1.0,30.0,E,30,60,0.06896551724137931,10,7,0,0.5133885528873061,3
11859,35a36416-033b-3ba4-a54c-a16a91a7ba89,3.3095835694050995,0.206798866855524,353.0,70097,default,outlier,outlier,2.0,1.0,73.0,E,73,150,0.028538812785388126,15,9,11,0.5132670145364628,4
22974,1f56f5f5-2809-3a82-9c6a-d47fcc76f545,140.09829677419356,0.0258064516129032,155.0,1302915,default,outlier,outlier,1.0,1.0,4.0,F,4,8,0.6666666666666666,3,3,2,0.5131591328784403,2
8869,c4c4279b-6b45-37dd-a2e1-4e04178221a5,1.4484947368421053,0.3789473684210526,95.0,8257,private_ip,outlier,outlier,1.0,1.0,36.0,E,36,55,0.04365079365079365,9,7,5,0.5126849963678292,3
19328,d59443b0-ad30-3eb4-a75e-00f07da44650,11.33068,0.88,25.0,16997,private_ip,outlier,outlier,2.0,1.0,22.0,F,22,22,0.047619047619047616,2,2,0,0.5125722286631632,3
11215,32338425-5456-3428-912f-350d3cf88746,1.260971663619744,0.1151736745886654,547.0,41386,default,outlier,outlier,2.0,1.0,63.0,E,63,157,0.04019457245263697,12,14,13,0.5125460362098393,4
11320,57c4e092-39bd-3272-a20d-9cb470f634fd,0.2708529411764706,0.2983193277310924,238.0,3868,default,outlier,outlier,2.0,1.0,71.0,E,71,139,0.02796780684104628,13,15,7,0.5125447019071923,4
16985,b8916231-4b2a-3326-986a-956b39ed92b6,0.562109907120743,0.0975232198142414,646.0,21788,default,outlier,outlier,2.0,1.0,63.0,E,63,144,0.03686635944700461,13,15,10,0.5125243644373078,4
26116,941daac8-6985-3b86-b2fc-0ead898af8ef,0.5686603982300885,0.0376106194690265,84.75,46267,default,Normal,normal,22.0,16.0,51.0,F,51,89,0.03490196078431373,10,19,7,0.5121996007015944,4
4708,6dc073b5-f493-33fd-9568-d2cb4ed814a4,6.420728260869565,0.3478260869565217,92.0,35443,private_ip,outlier,outlier,1.0,1.0,32.0,E,32,58,0.05846774193548387,9,8,5,0.512170731381804,3
30404,1407671c-10f5-318e-8f7f-1fa8991a75fd,0.0037510148849797,0.0081190798376184,16.24175824175824,333,default,Normal,normal,94.0,91.0,12.0,F,12,24,0.18181818181818182,4,8,3,0.5120983418730144,2
22504,cfa14b6f-f872-364d-8e7b-8f99817079fe,0.0024330677290836,0.0191235059760956,13.944444444444445,184,default,Normal,normal,91.0,90.0,24.0,F,24,40,0.07246376811594203,5,7,5,0.5120075273125757,2
10928,efee781a-f71e-3ed9-90c2-82c089903909,1.1419666666666668,0.5666666666666667,60.0,4112,private_ip,outlier,outlier,1.0,1.0,34.0,E,34,49,0.04367201426024955,5,7,4,0.5119844958440127,3
18626,762f2af9-0ec5-380b-8f20-d16e3d67915e,0.0044720496894409,0.0538302277432712,8.186440677966102,130,default,Normal,normal,78.0,59.0,26.0,F,26,49,0.07538461538461538,8,9,12,0.5119774613031246,2
27188,e497aa3f-ffa0-3111-b5bd-2116ebb4f873,0.0011782573940847,0.008792965627498,12.76530612244898,89,default,Normal,normal,102.0,98.0,11.0,F,11,17,0.15454545454545454,4,7,3,0.5119608035704463,2
9214,f05858d9-9a6e-34ca-bac1-4c897f058d12,20.30239814814815,0.1851851851851851,108.0,131560,private_ip,outlier,outlier,1.0,1.0,20.0,E,20,47,0.12368421052631579,7,5,4,0.5118808798133031,3
7914,8627b4a4-4143-39dc-a663-ebe05f52a4c4,2.754225190839694,0.1653944020356234,393.0,64945,default,outlier,outlier,1.0,1.0,65.0,E,65,144,0.03461538461538462,17,11,11,0.5118316232613841,4
18407,ba63e3f5-9cd9-351b-83c5-98ae8e278171,485.2436,0.2,10.0,291147,default,outlier,outlier,1.0,1.0,2.0,F,2,3,1.5,2,2,2,0.511772746181108,2
4669,1566ee88-d4c6-3c43-be42-69c6c82b0a2a,2.307562962962963,0.2222222222222222,135.0,18692,private_ip,outlier,outlier,1.0,1.0,30.0,E,30,65,0.07471264367816093,9,7,3,0.5116641568103727,3
23770,bc14b973-1684-381e-b8fb-dba7d3f76de6,0.0050751953125,0.015625,13.128205128205128,312,default,Normal,normal,80.0,78.0,16.0,F,16,34,0.14166666666666666,4,8,8,0.5116613539938305,2
19875,a0788913-02a0-3cfd-a96a-4e9ac607668a,0.0463554987212276,0.0997442455242966,7.979591836734694,1088,default,Normal,normal,60.0,49.0,39.0,F,39,77,0.05195681511470985,7,12,11,0.5115870695908138,3
8300,d41709ce-45d3-34cf-b923-11c4ba02daa6,20.62345,0.275,80.0,98993,private_ip,outlier,outlier,1.0,1.0,22.0,E,22,36,0.07792207792207792,8,6,2,0.5114485246891092,3
12428,70f1e89e-dc05-31b7-9da4-341a3f0a9bd1,0.2566436233611442,0.0607866507747318,839.0,12920,default,outlier,outlier,2.0,1.0,51.0,E,51,99,0.03882352941176471,14,18,3,0.5114216626657059,3
12915,e20695c5-fed9-37f1-8f4f-fb625e3cf6a6,1.7493101503759398,0.2894736842105263,266.0,27919,default,outlier,outlier,2.0,1.0,77.0,E,76,129,0.022631578947368423,18,13,5,0.5112900812061297,4
18470,7e5054c1-1dba-3cea-aba8-ff8688d74a8f,0.0285883989726027,0.0055650684931506,55.61904761904762,8014,default,Normal,normal,86.0,84.0,26.0,F,26,38,0.05846153846153846,9,10,3,0.5112469981664416,2
21722,d80d15a6-bc68-3702-8d6d-f1311feee5e1,0.0032238442822384,0.0778588807785888,5.788732394366197,80,default,Normal,normal,85.0,71.0,32.0,F,32,45,0.04536290322580645,5,8,10,0.5112197851756332,2
12348,981e413f-abf1-320c-93ff-2bb61cd13752,21.14462025316456,0.2784810126582278,79.0,100226,private_ip,outlier,outlier,1.0,1.0,22.0,E,22,47,0.10173160173160173,7,6,2,0.5111840786589602,3
12979,aae06809-d3a0-33bf-b009-dad38020adeb,1.2545111111111111,0.2,135.0,10162,private_ip,outlier,outlier,1.0,1.0,27.0,E,27,55,0.07834757834757834,10,8,3,0.5111070694917275,3
2962,1d545191-ab31-3439-960d-12231861f258,1.1683054298642537,0.1538461538461538,442.0,30984,default,outlier,outlier,2.0,1.0,68.0,E,68,153,0.033582089552238806,16,13,7,0.5110703999309347,4
31750,ebe728d7-16a8-36b4-b9af-29c029f33702,0.1975995884773662,0.0395061728395061,57.85714285714285,14406,default,Normal,normal,26.0,21.0,48.0,F,48,91,0.040336879432624116,9,20,9,0.5109332595064321,4
16682,1f6e5519-4e76-3b41-b90e-1e69b711c14e,1.1999545454545455,0.3,110.0,7920,private_ip,outlier,outlier,4.0,1.0,33.0,E,33,53,0.050189393939393936,8,7,5,0.5108168448290094,3
13580,f8ead62c-cace-3117-91b6-660e1bdc878c,4.967375,0.6071428571428571,56.0,16691,private_ip,outlier,outlier,1.0,1.0,34.0,E,34,45,0.040106951871657755,6,8,3,0.5107377912034509,3
31387,39824148-3ed2-3e22-b52b-f839fabdc84b,0.0055983213429256,0.1079136690647482,13.9,141,default,Normal,normal,47.0,30.0,45.0,F,45,72,0.03636363636363636,7,9,13,0.5106641521095951,3
4326,096dadfe-7fd4-33dd-b427-9c31038cf97a,0.7936101694915254,0.3008474576271186,236.0,11238,default,outlier,outlier,2.0,1.0,71.0,E,71,140,0.028169014084507043,18,13,7,0.5105355837013713,4
6897,fb1da8d6-5c45-3457-ab59-216e75f022ca,0.8953170731707317,0.6585365853658537,41.0,2203,private_ip,outlier,outlier,1.0,1.0,27.0,E,27,35,0.04985754985754986,8,7,3,0.5104216848844589,3
5647,eacea90f-160a-3d0f-b00d-11886e52d97e,1.1106742596810937,0.143507972665148,439.0,29256,default,outlier,outlier,1.0,1.0,63.0,E,63,165,0.042242703533026116,16,14,11,0.5103016871241953,4
33980,4571d5a2-af12-3698-b73d-68fbec1efb07,7.780229885057472,0.2413793103448276,87.0,40613,private_ip,outlier,outlier,5.0,1.0,21.0,F,21,64,0.1523809523809524,5,4,2,0.5101927507288084,3
33896,45ed5d46-9a9e-327c-9c37-ccc481ffcf3b,0.1483020725388601,0.0238341968911917,482.5,8587,default,Normal,normal,40.0,2.0,23.0,F,23,151,0.2984189723320158,11,11,5,0.5100487328548551,2
16966,7f3746af-ffd8-3a6d-bea3-20650433f348,1.3727471698113207,0.2716981132075471,265.0,21827,default,outlier,outlier,1.0,1.0,72.0,E,72,145,0.028364632237871674,16,10,12,0.509999851084722,4
24900,1b5d996e-ede9-3885-90bc-42dd1301fa33,2.987552380952381,0.238095238095238,105.0,18822,private_ip,outlier,outlier,5.0,1.0,25.0,F,25,69,0.115,6,7,2,0.5099036195072926,3
10390,344a80e5-624a-3b16-a8fc-d7dcca19b12e,6.782443693693693,0.3018018018018018,222.0,90343,default,outlier,outlier,2.0,1.0,67.0,E,67,122,0.027589326096788783,15,12,10,0.5098395716354311,4
22990,4611cb07-a2d1-39f7-93f6-1c1118bb8687,0.0089520547945205,0.093607305936073,7.551724137931035,236,default,Normal,normal,65.0,58.0,41.0,F,41,77,0.04695121951219512,10,13,7,0.5096810907197393,4
8949,ca3e9b66-8d06-3792-a5bd-b092d2f6ba8f,3.9379406779661017,0.2711864406779661,118.0,27881,private_ip,outlier,outlier,1.0,1.0,32.0,E,32,60,0.06048387096774194,9,8,6,0.5095669665752051,3
13291,5403596b-6d77-37a9-afdf-908e122ce21a,0.4569033078880407,0.1526717557251908,393.0,10774,default,outlier,outlier,2.0,1.0,60.0,E,60,149,0.04209039548022599,20,14,7,0.5095311317226573,4
31402,5a4f73d4-46e0-3a2f-8788-fab9385ef482,0.0447703016241299,0.0765661252900232,7.981481481481482,1158,default,Normal,normal,58.0,54.0,33.0,F,33,70,0.06628787878787878,6,12,13,0.5094838785603795,3
4710,7271dfc1-d395-3a65-aee5-8c72290a64ec,11.510607843137254,0.5294117647058824,51.0,35223,private_ip,outlier,outlier,1.0,1.0,27.0,E,27,34,0.04843304843304843,3,3,0,0.5094684017443916,3
3439,8694f661-db38-3074-9b7d-e7a102d16752,0.7763684210526316,0.2368421052631578,304.0,14161,default,outlier,outlier,2.0,1.0,72.0,E,72,143,0.02797339593114241,16,14,10,0.5094281528040631,4
20030,656fa932-6aee-3fa8-b40e-404c9a8b2c4b,12.740826086956522,0.9130434782608696,23.0,17583,private_ip,outlier,outlier,1.0,1.0,21.0,F,21,21,0.05,2,2,0,0.5093262274732958,3
11468,fb50f22c-6a61-3689-b4d5-4b92577ff370,8.734358024691359,0.4074074074074074,81.0,42449,private_ip,outlier,outlier,1.0,1.0,33.0,E,33,48,0.045454545454545456,7,7,3,0.5089053606622898,3
2340,12bbf3b2-0e7b-3b22-817c-a46256105d77,5.538856104651163,0.1860465116279069,344.0,114322,default,outlier,outlier,1.0,1.0,64.0,E,64,143,0.03546626984126984,16,10,11,0.5088903123068896,4
1921,1ffe32a7-77d7-38fc-9dfd-7d74c72edcdf,66.12814634146342,0.3658536585365853,41.0,162676,private_ip,outlier,outlier,1.0,1.0,15.0,E,15,24,0.11428571428571428,5,4,3,0.5088898387004541,3
27864,e23a7784-9e3c-3a94-914a-630ad1a83302,0.0031651436031331,0.0176240208877284,17.40909090909091,291,default,Normal,normal,93.0,88.0,27.0,F,27,44,0.06267806267806268,5,8,5,0.5087575767186552,2
12016,2faea69f-0d9c-3273-82c4-0a4f805cd62c,3.198,0.2293577981651376,109.0,20915,private_ip,outlier,outlier,1.0,1.0,25.0,E,25,52,0.08666666666666667,11,5,5,0.508573055740561,3
24556,07e67467-fbcd-3b9b-bd66-c76ba34f3370,1.6188987730061348,0.0222392638036809,326.0,126663,default,Normal,normal,13.0,4.0,29.0,F,29,136,0.16748768472906403,13,12,7,0.5085363982124583,3
5251,3d809d55-b999-3e70-9143-112464f29138,1.6171666666666666,0.1469298245614035,456.0,44246,default,outlier,outlier,1.0,1.0,67.0,E,67,144,0.032564450474898234,13,15,8,0.5085102336221385,4
29154,bc3cb505-6a50-3ff0-8318-57fd83af6ab9,16.512,0.8695652173913043,23.0,22787,private_ip,outlier,outlier,1.0,1.0,20.0,F,20,22,0.05789473684210526,2,2,1,0.508139313540768,3
19799,d299f946-9624-3807-a811-9d968834d038,639.7225833333333,0.375,24.0,921201,default,outlier,outlier,1.0,1.0,9.0,F,9,14,0.19444444444444445,2,6,2,0.5080316519951064,2
10326,9618063a-88de-3efe-8c8f-4badcad27b42,2.090685,0.1016666666666666,600.0,75265,default,outlier,outlier,1.0,1.0,61.0,E,61,157,0.04289617486338798,15,11,11,0.5079468099059585,4
18804,932e8615-c679-3203-88ec-8209422fb2f4,0.0004285714285714,0.0178571428571428,2.074074074074074,3,default,Normal,normal,55.0,54.0,2.0,F,2,2,1.0,1,2,1,0.5079047865143781,2
6457,ec9bc656-609e-3161-93a2-22eb7f0fca0c,0.8093875338753387,0.1842818428184282,369.0,17920,default,outlier,outlier,3.0,1.0,68.0,E,68,149,0.03270412642669008,16,14,8,0.5078669228043525,4
20,477d68be-4c83-35a8-a6d2-71b0f1ae19aa,0.3289743589743589,0.7435897435897436,39.0,770,private_ip,outlier,outlier,1.0,1.0,29.0,E,29,37,0.04556650246305419,5,6,2,0.5078586795896249,3
24814,307e3641-b9d8-3db8-88bd-d5ab92b35c6d,0.0012088,0.0072,13.020833333333334,91,default,Normal,normal,92.0,96.0,9.0,F,9,14,0.19444444444444445,6,5,3,0.5077822100390632,2
7267,4fed1d6c-4ae3-3f88-a34f-78f6a71b2db9,0.0021172161172161,0.0897435897435897,30.33333333333333,70,default,Googlebot/2.1,bot,70.0,18.0,49.0,E,49,100,0.04251700680272109,9,10,13,0.5075759420726172,4
30141,de7f3783-e9bf-33e6-92e2-02ff5abfd3b7,0.1707145862552594,0.0329593267882187,59.41666666666666,14607,default,Normal,normal,33.0,24.0,47.0,F,47,97,0.04486586493987049,8,17,11,0.5074255074922241,4
25319,8db8e5cd-30f1-3791-988e-dec0ab461324,1299.6558333333332,0.8333333333333334,6.0,467877,default,outlier,outlier,1.0,1.0,5.0,F,5,4,0.2,1,1,0,0.5072960202460173,2
7269,548d79e1-8157-3a6c-8de9-ae23c1271d07,0.281079,0.056,1000.0,16865,default,outlier,outlier,1.0,1.0,56.0,E,56,134,0.04350649350649351,16,10,9,0.5072511663609429,4
28753,acd4e56a-5380-30b7-8111-11f06f8f256e,0.0001456953642384,0.0132450331125827,4.026666666666666,3,default,Normal,normal,78.0,75.0,4.0,F,4,7,0.5833333333333334,4,3,2,0.5071490893693626,2
18968,6638afa0-19f2-3e15-a395-cb66e184bbac,0.0047093232541396,0.0089992800575953,43.40625,785,default,Normal,normal,69.0,64.0,25.0,F,25,59,0.09833333333333333,7,13,8,0.5070727836561375,3
16134,b8b18309-284e-35e1-b666-b0905319fe2e,0.8190305522914219,0.0705052878965922,851.0,41820,default,outlier,outlier,2.0,1.0,60.0,E,60,135,0.038135593220338986,17,11,8,0.5068628841817316,4
32644,9c04b942-8c4c-36d1-97e9-2d9fef933cb5,4.915698113207547,0.1886792452830188,106.0,31264,private_ip,outlier,outlier,5.0,1.0,20.0,F,20,60,0.15789473684210525,5,5,1,0.5068575171757381,3
34144,6cf2e412-32f9-3037-b42f-35f251a543bc,2.0030454545454544,0.9090909090909092,22.0,2645,private_ip,outlier,outlier,2.0,1.0,20.0,F,20,20,0.05263157894736842,1,2,0,0.5067902155475118,3
23142,253acb2d-98dd-3cc9-805f-3879cb7a6b60,0.002319514661274,0.0101112234580384,10.091836734693878,138,default,Normal,normal,105.0,98.0,10.0,F,10,17,0.18888888888888888,3,6,3,0.5066906905461012,2
8348,5944dd4a-b444-3170-b4e5-6931398ca885,2.814639053254438,0.1775147928994082,169.0,28541,private_ip,outlier,outlier,1.0,1.0,30.0,E,30,65,0.07471264367816093,7,7,4,0.5065499287972292,3
8265,6a2ba3fe-f0e6-338a-8e4e-6f377664160e,0.417257790368272,0.2011331444759206,353.0,8838,default,outlier,outlier,2.0,1.0,71.0,E,71,148,0.02977867203219316,16,13,7,0.506349817817681,4
31202,70eb2f20-b49c-35f0-b28e-b712cdef30f9,26.69283,0.46,50.0,80079,private_ip,outlier,outlier,2.0,1.0,23.0,F,23,39,0.07707509881422925,3,4,1,0.506293086983463,3
33604,7a9fed1d-59c0-3ce6-ba97-44dd8cd4de98,0.0479222470238095,0.0245535714285714,168.0,3865,default,Normal,normal,58.0,8.0,33.0,F,33,169,0.16003787878787878,12,14,2,0.5061407655900925,3
11841,02e50b04-f651-36a4-94af-b37c95895723,8.685717592592592,0.228395061728395,324.0,168851,default,outlier,outlier,1.0,1.0,74.0,E,74,147,0.027212143650499815,12,10,9,0.5060126224563644,4
24336,6f7b9941-6b94-3fa0-8bfc-f8e5c67730de,6.382879032258065,0.4516129032258064,62.0,23745,private_ip,outlier,outlier,2.0,1.0,28.0,F,28,50,0.06613756613756613,5,5,0,0.5058633620143955,3
3713,9f26aae1-1997-3c6e-b18c-76a83d165347,0.2553127853881278,0.039269406392694,1095.0,16775,default,outlier,outlier,1.0,1.0,43.0,E,43,120,0.0664451827242525,12,17,9,0.5057867245930125,4
20619,b13fa010-6638-3258-9748-a91d5a609ef6,0.00090538573508,0.0131004366812227,7.387096774193548,38,default,Normal,normal,97.0,93.0,9.0,F,9,12,0.16666666666666666,3,4,5,0.5057514781346761,2
4420,3754df7d-dbf4-3027-9a49-274663e5d671,17.547776119402986,0.417910447761194,67.0,70543,private_ip,outlier,outlier,1.0,1.0,28.0,E,28,42,0.05555555555555555,5,5,2,0.505731728235367,3
29777,8df30d8b-099d-36dd-84c7-9fe6c7d5d57f,40.758745000000005,0.01,200.0,489105,default,outlier,outlier,1.0,1.0,2.0,F,2,2,1.0,1,2,1,0.5057308589923992,2
26277,58354016-f032-3d5f-8d91-0bb7cccc5265,615.036,1.0,2.0,73805,default,outlier,outlier,2.0,1.0,2.0,F,2,2,1.0,1,1,2,0.5056756794930155,2
1625,b5e57418-84ed-3dfa-930d-20685f6acd8c,0.3381471428571428,0.0178571428571428,1400.0,28405,default,outlier,outlier,1.0,1.0,25.0,E,25,99,0.165,10,11,9,0.5055559554634895,3
28890,3f8c6ce2-fdc1-3d8a-bb6c-462f5afaa31a,0.1565681818181818,0.9545454545454546,22.0,207,private_ip,outlier,outlier,2.0,1.0,21.0,F,21,20,0.047619047619047616,1,2,0,0.5055099578823998,3
23199,d56503c7-e7db-3259-bacf-12782309eabd,1.1871264546159814,0.0104732350659425,515.6,183625,default,Normal,normal,21.0,5.0,27.0,F,27,122,0.1737891737891738,10,10,6,0.5055087712135237,3
20411,26bde814-5f47-31d1-a92c-6c939a6618ca,0.3466397153945666,0.0310478654592496,81.36842105263158,32155,default,Normal,normal,24.0,19.0,48.0,F,48,93,0.041223404255319146,12,15,9,0.5054618296939793,4
33425,156d9cf1-6fc0-3857-b30a-292e2ac36fc2,0.0993045084996304,0.0251293422025129,104.07692307692308,8062,default,Normal,normal,61.0,13.0,34.0,F,34,185,0.16488413547237077,12,12,5,0.5053900965664904,4
27110,0b594bc8-e063-3427-bf01-7c6b5982d65a,638.26125,0.5,4.0,153183,default,outlier,outlier,1.0,1.0,2.0,F,2,3,1.5,2,2,2,0.5051550614582019,2
6811,f698b8e4-d41a-3f15-9c5d-fadcf78bae62,0.619568493150685,0.1461187214611872,438.0,16283,default,outlier,outlier,2.0,1.0,64.0,E,64,159,0.03943452380952381,18,13,7,0.5049582096908443,4
27081,b002f82f-a836-3120-abef-911be964b967,0.1653571428571428,0.9523809523809524,21.0,209,private_ip,outlier,outlier,2.0,1.0,20.0,F,20,19,0.05,1,2,0,0.5049186477019522,3
32807,a5aa1856-3370-31df-ad8d-71faee2aecf7,19.412,0.95,20.0,23295,private_ip,outlier,outlier,1.0,1.0,19.0,F,19,19,0.05555555555555555,2,2,1,0.5046718356536593,3
20558,ff472e97-9cca-3e73-96df-12d6ca318969,24.7088575,0.01,200.0,593013,default,Normal,normal,2.0,2.0,4.0,F,4,9,0.75,3,3,3,0.5045201335294539,2
27164,982a7779-b9a2-3b86-a7f0-396d88ebb642,0.4402704081632653,0.0335276967930029,85.75,36244,default,Normal,normal,20.0,16.0,46.0,F,46,79,0.03816425120772947,11,17,11,0.5044356318332323,4
22385,30421f20-1ae3-3aba-a923-1ce9f3201078,2.4930747922437677e-05,0.0249307479224376,4.102272727272728,1,default,Normal,normal,93.0,88.0,9.0,F,9,14,0.19444444444444445,3,6,4,0.5043967662456075,2
2638,4cf0b652-7790-3046-bd1a-da803bf27e2d,3.111401785714286,0.1934523809523809,336.0,62726,default,outlier,outlier,3.0,1.0,65.0,E,65,140,0.03365384615384615,17,11,11,0.5043428959516226,4
29493,e4763a15-973e-38c7-8be4-9c64bdd31b8d,0.002520856820744,0.0146561443066516,9.53763440860215,135,default,Normal,normal,94.0,93.0,13.0,F,13,22,0.14102564102564102,5,7,5,0.5042511250181623,2
19758,55c45eba-c89e-32ed-b033-0961da0ee0b9,0.0030045719035743,0.0182876142975893,12.663157894736845,217,default,Normal,normal,98.0,95.0,22.0,F,22,34,0.0735930735930736,3,10,3,0.5041040956981133,2
19824,1d37611a-d9d3-37b1-b483-e20e5d3b1263,33.33598214285715,0.75,28.0,56005,private_ip,outlier,outlier,2.0,1.0,21.0,F,21,22,0.05238095238095238,2,2,1,0.5039782613354904,3
26479,b0e34c80-512e-337f-8285-0247bdcd7c1c,1.8510833333333327,0.1666666666666666,6.0,667,private_ip,outlier,outlier,6.0,1.0,1.0,F,1,1,0.0,1,1,1,0.5039649069311636,2
9990,ca75c8ea-ec03-3fd5-a06d-5856b66d78c5,1.0765344262295082,0.2065573770491803,305.0,19701,default,outlier,outlier,1.0,1.0,63.0,E,62,160,0.04230565838180857,16,14,12,0.5038656078695798,4
32705,6cd3b098-6b0d-3c86-8665-a7bd55ed3786,0.5409901610017889,0.071556350626118,139.75,18145,default,Normal,normal,1.0,4.0,40.0,F,40,116,0.07435897435897436,12,22,11,0.5037122843033761,3
19448,6e6f22f8-b2ed-310b-8abb-474fae25e999,0.3060484922575387,0.0383048084759576,58.42857142857143,22532,default,Normal,normal,26.0,21.0,47.0,F,47,89,0.04116558741905643,10,18,11,0.503588342178414,4
19999,1e580de7-8d3b-39b8-aecd-90502220b88b,0.0684047619047619,0.9523809523809524,21.0,87,private_ip,outlier,outlier,2.0,1.0,20.0,F,20,19,0.05,1,2,0,0.5035017922584287,3
31797,6b002119-0a79-3009-aaf7-b3ae341e0b7a,0.4687608695652174,0.9130434782608696,23.0,647,private_ip,outlier,outlier,2.0,1.0,21.0,F,21,21,0.05,1,2,1,0.5035007405188621,3
27358,fb95da14-bd52-39d1-823f-647a64bea534,759.71,0.4,5.0,227913,default,outlier,outlier,1.0,1.0,2.0,F,2,2,1.0,2,1,1,0.5034635899048671,2
24287,c0346a43-8e2e-3a1e-9ad6-622bc52ef2b0,0.0316252236135957,0.033989266547406,279.5,1061,default,Normal,normal,28.0,2.0,19.0,F,19,131,0.3830409356725146,14,12,1,0.5034632739269548,2
11597,758e1a61-e889-3432-b37a-4c015c415199,1.0016252252252251,0.0990990990990991,555.0,33355,default,outlier,outlier,1.0,1.0,55.0,E,55,167,0.056228956228956226,16,15,10,0.5034386220407231,4
3205,b86568e3-dc67-3dff-a7fb-ca145fcebd1f,3.708149466192171,0.2704626334519573,281.0,62520,default,outlier,outlier,3.0,1.0,76.0,E,76,142,0.024912280701754386,14,9,9,0.5034361995781929,4
9912,e49284cc-7cfa-3273-ba65-c8fc76812d5c,1.214177595628415,0.1939890710382513,366.0,26664,default,outlier,outlier,2.0,1.0,71.0,E,71,140,0.028169014084507043,16,13,10,0.503376019366577,4
16918,ef14eab5-983e-3445-9717-743959380538,25.02537777777778,0.4666666666666667,45.0,67569,private_ip,outlier,outlier,1.0,1.0,21.0,E,21,33,0.07857142857142857,7,6,2,0.5033537617411884,3
14421,41f11e64-1335-32fa-8dd7-756c85918cc0,0.7672771285475793,0.0884808013355592,599.0,27576,default,outlier,outlier,2.0,1.0,53.0,E,53,136,0.04934687953555878,16,17,10,0.503112983551377,4
22807,4fa032af-4c59-3f04-9c0e-009c1264ce62,0.0976666666666666,0.1666666666666666,120.0,704,private_ip,outlier,outlier,7.0,1.0,20.0,F,20,78,0.20526315789473684,6,6,1,0.5030993523665096,3
21191,69a25592-bf82-3246-ad9a-78f4fa93faaa,0.1567142857142857,0.9523809523809524,21.0,198,private_ip,outlier,outlier,2.0,1.0,20.0,F,20,18,0.04736842105263158,1,2,0,0.5030298265621855,3
29078,b154ce41-d505-3ebb-a075-635545912bb9,0.0669143409188492,0.0188922284242164,116.45,9351,default,Normal,normal,16.0,20.0,44.0,F,44,101,0.05338266384778013,10,14,12,0.5029299406476773,4
5794,b32ac13d-8600-3f95-9583-db4c289f8fc4,0.9294093137254902,0.088235294117647,612.0,34128,default,outlier,outlier,2.0,1.0,54.0,E,54,131,0.045772187281621246,19,14,10,0.5025984569917964,4
26251,0709aa10-24c4-343f-abbe-af5d15d52e08,16.409509433962263,0.4528301886792453,53.0,52183,private_ip,outlier,outlier,3.0,1.0,24.0,F,24,39,0.07065217391304347,3,3,2,0.5024962911154777,3
25201,1c43b972-a71d-3c94-97bc-061634897008,47.101689655172414,0.2413793103448276,58.0,163914,private_ip,outlier,outlier,1.0,1.0,14.0,F,14,28,0.15384615384615385,4,3,1,0.5024810700289422,3
30823,d009c36a-21ef-361b-8fbc-47f5fa3c8ee4,1.3130626118067978,0.073345259391771,139.75,44041,default,Normal,normal,1.0,4.0,41.0,F,41,113,0.06890243902439025,15,20,7,0.5024039117951659,3
6030,36695950-5831-3c93-80fc-90413865add7,0.7397159533073929,0.1050583657587548,514.0,22813,default,outlier,outlier,1.0,1.0,54.0,E,54,144,0.050314465408805034,15,16,11,0.5023801370819346,4
26368,6b3bad79-9bd0-3560-bb93-52ceaa6be22e,0.1211832740213523,0.0249110320284697,140.5,8173,default,Normal,normal,49.0,8.0,28.0,F,28,167,0.2208994708994709,12,15,4,0.5023481897966852,4
28091,7646a36a-595c-37ef-85b2-3c1bd734bc4a,0.1127255474452554,0.0540145985401459,14.270833333333334,4634,default,Normal,normal,57.0,48.0,37.0,F,37,72,0.05405405405405406,11,14,9,0.5023322826211443,4
27219,499c994c-8fdc-3138-a450-2734c9c055fe,0.3561764705882353,0.1596638655462184,119.0,2544,private_ip,outlier,outlier,6.0,1.0,19.0,F,19,73,0.2134502923976608,6,6,1,0.5021782076454343,3
29570,b6c54cef-00d4-30de-bf7a-26d7677792e2,0.002452707856598,0.0068649885583524,14.566666666666666,193,default,Normal,normal,91.0,90.0,9.0,F,9,21,0.2916666666666667,5,5,3,0.5021336432081573,2
15946,a62c880f-fc95-3554-9e70-bd48ecdd3c9b,2.2043255813953486,0.2635658914728682,129.0,17062,private_ip,outlier,outlier,1.0,1.0,34.0,E,34,64,0.0570409982174688,7,7,5,0.5019271610553883,3
34040,0f7817fb-ac39-3ef8-84dd-6657c8df32f0,0.2482113050075872,0.0349013657056145,69.36842105263158,19629,default,Normal,normal,24.0,19.0,46.0,F,46,85,0.04106280193236715,11,19,8,0.5018072085337302,4
27943,c704b1f5-eefd-3f95-ace0-a6090290d145,43.63235409836066,0.0131147540983606,152.5,798473,default,Normal,normal,2.0,2.0,4.0,F,4,9,0.75,3,3,3,0.5017858921518187,2
8564,97996659-7db8-3245-91a0-c6d8a3df69d9,1.1465794392523363,0.02803738317757,214.0,14723,private_ip,outlier,outlier,1.0,1.0,6.0,E,6,10,0.3333333333333333,3,3,1,0.5017374572413283,3
22128,dc1d7f25-e27e-3548-9b27-b62c9d4df4e3,0.0475714285714285,0.9523809523809524,21.0,60,private_ip,outlier,outlier,2.0,1.0,20.0,F,20,18,0.04736842105263158,1,2,0,0.501614887072069,3
15459,59342794-eb64-352b-ad32-218cc1e4e34b,1.2035882352941176,0.4117647058823529,68.0,4911,private_ip,outlier,outlier,1.0,1.0,28.0,E,28,43,0.056878306878306875,8,9,2,0.5015128798312354,3
16789,735dcf77-c334-3941-a431-e43afffb9696,6.111928571428572,0.3809523809523809,84.0,30805,private_ip,outlier,outlier,1.0,1.0,32.0,E,32,56,0.056451612903225805,8,6,5,0.501478549976706,3
2265,39d798ee-2b10-36fa-bff2-1a80bb83b03d,1.3102053872053874,0.0909090909090909,594.0,46696,default,outlier,outlier,1.0,1.0,54.0,E,54,143,0.04996505939902166,17,13,11,0.5013936984877968,4
27883,28ab8149-eab0-33cc-8c0b-6feb9f80a3bc,0.2673164682539682,0.0515873015873015,56.0,16168,default,Normal,normal,22.0,18.0,52.0,F,52,90,0.033936651583710405,10,17,7,0.5012702053804703,4
15617,3666749c-0d34-37b3-aa59-9441e59b22b6,0.505067055393586,0.1836734693877551,343.0,10395,default,outlier,outlier,3.0,1.0,63.0,E,63,159,0.040706605222734255,13,18,5,0.5010873724270253,4
22409,82f3d212-f085-38c2-a20c-2961fefddd5e,104.297,0.8333333333333334,6.0,37547,private_ip,outlier,outlier,1.0,1.0,5.0,F,5,5,0.25,2,2,1,0.5010809523292695,3
4492,0a15d3fb-c81f-3d0f-88d6-979ec603adec,1.4960647482014389,0.158273381294964,139.0,12478,private_ip,outlier,outlier,1.0,1.0,22.0,E,22,57,0.12337662337662338,7,8,6,0.5010723044887121,3
25806,225b56c3-95a6-3a3a-b351-7a2bff56f157,0.3600427272727273,0.1018181818181818,78.57142857142857,11882,default,Normal,normal,10.0,7.0,56.0,F,56,105,0.03409090909090909,10,16,10,0.5009685443311561,4
33562,02d0765d-0d02-3e56-812e-313152e36e60,7.526760869565217,0.9130434782608696,23.0,10387,private_ip,outlier,outlier,2.0,1.0,21.0,F,21,22,0.05238095238095238,2,2,2,0.5009343339868544,3
33925,a6269f9e-1848-3c00-807a-2da0a1eec468,1.072168970814132,0.0614439324116743,108.5,41879,default,Normal,normal,4.0,6.0,40.0,F,40,115,0.07371794871794872,15,20,7,0.5008767604845884,4
25596,d6a49197-98c8-3147-b341-591b2418cfdf,0.0771919191919192,0.0242424242424242,165.0,4586,default,Normal,normal,49.0,6.0,24.0,F,24,143,0.25905797101449274,13,12,3,0.5006107765461565,2
21164,16fa9292-a276-35b7-9508-2ffb53c88cfe,9.855755681818184,0.2386363636363636,88.0,52039,private_ip,outlier,outlier,4.0,1.0,21.0,F,21,63,0.15,5,5,1,0.5005616436905009,3
23382,9a9065a5-f36c-3c99-b0c5-2cac10bea04d,111.64155555555556,0.7777777777777778,9.0,60287,private_ip,outlier,outlier,1.0,1.0,7.0,F,7,8,0.19047619047619047,2,2,2,0.5005199700161592,3
7896,57f74d20-c404-3d5f-baac-0998c48cf066,4.311603703703704,0.2481481481481481,270.0,69848,default,outlier,outlier,1.0,1.0,67.0,E,67,137,0.030981456354590684,16,9,13,0.5004867064858302,4
24121,da655f54-9e0c-3e76-9ce2-1fd641e9ff77,0.0002710526315789,0.0157894736842105,2.065217391304348,4,default,Normal,normal,94.0,92.0,3.0,F,3,3,0.5,2,2,1,0.5004763152592512,2
24651,42948890-01f8-3ce6-ba54-253060a14db9,6.712173913043478,0.9130434782608696,23.0,9263,private_ip,outlier,outlier,2.0,1.0,21.0,F,21,22,0.05238095238095238,2,2,2,0.5004632366972802,3
3305,264731a1-7927-390e-be98-7d38dc0f9839,0.003875,0.1666666666666666,3.0,3,private_ip,bingbot/2.0;unknown,bot,6.0,4.0,2.0,E,2,1,0.5,1,1,0,0.5004096479735891,3
32285,492e268e-945b-3c9a-b41a-cce7d913e3ae,0.0969074803149606,0.0364173228346456,127.0,5908,default,Normal,normal,48.0,8.0,37.0,F,37,180,0.13513513513513514,12,13,4,0.5004068371200722,4
23153,39f066f2-85c1-3503-bd23-dd94e050aafd,0.0038718466195761,0.0201816347124117,11.134831460674157,231,default,Normal,normal,90.0,89.0,20.0,F,20,35,0.09210526315789473,5,9,4,0.5003302491154173,2
20488,12ba455f-4ede-352c-ad79-059854f98425,0.0012798573975044,0.017825311942959,11.810526315789474,87,default,Normal,normal,97.0,95.0,20.0,F,20,29,0.07631578947368421,5,10,3,0.5002714971578737,2
32168,d3d9a807-2ddf-363f-abf4-5d35d10b0432,0.2829327931363203,0.0448045757864632,58.27777777777778,17808,default,Normal,normal,24.0,18.0,47.0,F,47,83,0.03839037927844589,11,19,8,0.5000661319988937,4
7185,5db21f2e-03ee-3ef2-8d7f-0b22200bec63,46.92459411764706,0.2941176470588235,170.0,478631,default,outlier,outlier,1.0,1.0,50.0,E,50,91,0.037142857142857144,11,11,4,0.500055542626644,3
7186,5db21f2e-03ee-3ef2-8d7f-0b22200bec63,46.92459411764706,0.2941176470588235,170.0,478631,default,outlier,outlier,1.0,1.0,50.0,E,50,91,0.037142857142857144,11,11,4,0.500055542626644,3
7186,5db21f2e-03ee-3ef2-8d7f-0b22200bec63,46.92459411764706,0.2941176470588235,170.0,478631,default,outlier,outlier,1.0,1.0,50.0,E,50,91,0.037142857142857144,11,11,4,0.500055542626644,3
7187,5db21f2e-03ee-3ef2-8d7f-0b22200bec63,46.92459411764706,0.2941176470588235,170.0,478631,default,outlier,outlier,1.0,1.0,50.0,E,50,91,0.037142857142857144,11,11,4,0.500055542626644,3
7186,5db21f2e-03ee-3ef2-8d7f-0b22200bec63,46.92459411764706,0.2941176470588235,170.0,478631,default,outlier,outlier,1.0,1.0,50.0,E,50,91,0.037142857142857144,11,11,4,0.500055542626644,3
7186,5db21f2e-03ee-3ef2-8d7f-0b22200bec63,46.92459411764706,0.2941176470588235,170.0,478631,default,outlier,outlier,1.0,1.0,50.0,E,50,91,0.037142857142857144,11,11,4,0.500055542626644,3
7188,5db21f2e-03ee-3ef2-8d7f-0b22200bec63,46.92459411764706,0.2941176470588235,170.0,478631,default,outlier,outlier,1.0,1.0,50.0,E,50,91,0.037142857142857144,11,11,4,0.500055542626644,3
7187,5db21f2e-03ee-3ef2-8d7f-0b22200bec63,46.92459411764706,0.2941176470588235,170.0,478631,default,outlier,outlier,1.0,1.0,50.0,E,50,91,0.037142857142857144,11,11,4,0.500055542626644,3
7187,5db21f2e-03ee-3ef2-8d7f-0b22200bec63,46.92459411764706,0.2941176470588235,170.0,478631,default,outlier,outlier,1.0,1.0,50.0,E,50,91,0.037142857142857144,11,11,4,0.500055542626644,3
7187,5db21f2e-03ee-3ef2-8d7f-0b22200bec63,46.92459411764706,0.2941176470588235,170.0,478631,default,outlier,outlier,1.0,1.0,50.0,E,50,91,0.037142857142857144,11,11,4,0.500055542626644,3
7188,5db21f2e-03ee-3ef2-8d7f-0b22200bec63,46.92459411764706,0.2941176470588235,170.0,478631,default,outlier,outlier,1.0,1.0,50.0,E,50,91,0.037142857142857144,11,11,4,0.500055542626644,3
7188,5db21f2e-03ee-3ef2-8d7f-0b22200bec63,46.92459411764706,0.2941176470588235,170.0,478631,default,outlier,outlier,1.0,1.0,50.0,E,50,91,0.037142857142857144,11,11,4,0.500055542626644,3
7188,5db21f2e-03ee-3ef2-8d7f-0b22200bec63,46.92459411764706,0.2941176470588235,170.0,478631,default,outlier,outlier,1.0,1.0,50.0,E,50,91,0.037142857142857144,11,11,4,0.500055542626644,3
7185,5db21f2e-03ee-3ef2-8d7f-0b22200bec63,46.92459411764706,0.2941176470588235,170.0,478631,default,outlier,outlier,1.0,1.0,50.0,E,50,91,0.037142857142857144,11,11,4,0.500055542626644,3
7185,5db21f2e-03ee-3ef2-8d7f-0b22200bec63,46.92459411764706,0.2941176470588235,170.0,478631,default,outlier,outlier,1.0,1.0,50.0,E,50,91,0.037142857142857144,11,11,4,0.500055542626644,3
7185,5db21f2e-03ee-3ef2-8d7f-0b22200bec63,46.92459411764706,0.2941176470588235,170.0,478631,default,outlier,outlier,1.0,1.0,50.0,E,50,91,0.037142857142857144,11,11,4,0.500055542626644,3
11651,f7851932-f84f-370b-8c49-a69364c91fe0,0.1163659554730983,0.021799628942486,2156.0,15054,default,outlier,outlier,1.0,1.0,47.0,E,28,108,0.14285714285714285,10,12,8,0.49995604586885106,3
8811,3ca605b3-fe99-39d7-8b65-0a934fa09a2e,1.1331468926553674,0.1581920903954802,177.0,12035,private_ip,outlier,outlier,1.0,1.0,28.0,E,28,50,0.06613756613756613,6,6,3,0.4997997267515711,3
25637,391357eb-dad0-3dad-a50d-53d43e4c0d34,6.128541176470589,0.2823529411764706,85.0,31256,private_ip,outlier,outlier,4.0,1.0,24.0,F,24,59,0.1068840579710145,4,4,1,0.49972506340299316,3
22470,6c5ade9d-e40a-3f9b-be96-7854b14c01d0,0.0085462328767123,0.1506849315068493,9.419354838709678,150,default,Normal,normal,42.0,31.0,44.0,F,44,73,0.03858350951374207,8,12,11,0.4996594758652596,3
7084,48abadb3-2a77-3a39-bf5b-c0a42841b98d,0.6174742647058823,0.2904411764705882,272.0,10078,default,outlier,outlier,2.0,1.0,79.0,E,79,142,0.023044466082440766,15,9,6,0.49959917914230456,4
23799,095f08a2-8d16-3af2-8178-676cee2958f9,0.0093806818181818,0.0454545454545454,8.123076923076923,298,default,Normal,normal,88.0,65.0,24.0,F,24,42,0.07608695652173914,4,7,10,0.4995496047918548,2
25458,53c3a14d-11ff-3a64-80b0-1bc44d61cfc6,1.4583010416666666,0.1208333333333333,34.285714285714285,42000,default,Normal,normal,27.0,14.0,58.0,F,58,129,0.03901996370235935,8,8,12,0.49947864265508224,4
25961,fc6f2064-d5d3-3842-897f-cdeeab04c49c,0.9100833333333334,0.1666666666666666,12.0,656,private_ip,outlier,outlier,6.0,1.0,2.0,F,2,1,0.5,1,1,0,0.4994368185830321,3
3889,784ddeea-659b-3daf-a6f8-3824b1f01d9b,86.3963,0.4,10.0,51838,private_ip,outlier,outlier,1.0,1.0,4.0,E,4,4,0.3333333333333333,2,3,1,0.4993471420690664,3
25461,5fb9d996-4f81-329a-b64a-66a41ac6add8,6.591940217391304,0.2608695652173913,92.0,36388,private_ip,outlier,outlier,4.0,1.0,24.0,F,24,57,0.10326086956521739,4,4,2,0.49931436144835384,3
16752,1d7f4eb4-9dd6-343f-993d-c1ceb7269189,12.956813333333333,0.3333333333333333,75.0,58306,private_ip,outlier,outlier,1.0,1.0,25.0,E,25,42,0.07,9,5,3,0.4993015043608123,3
23166,6b36e44b-7cc0-34e9-bd62-a6b3a28824b6,0.0017106409458618,0.0168014934660858,32.795918367346935,165,default,Normal,normal,55.0,49.0,27.0,F,27,61,0.0868945868945869,12,14,8,0.4992333440021045,4
4843,2666fcec-0729-32a2-8e2c-a75589b36b6e,0.5787916666666666,0.2534722222222222,288.0,10002,default,outlier,outlier,3.0,1.0,73.0,E,73,147,0.027968036529680364,15,13,9,0.499104390103506,4
25682,affda04d-e636-3f38-9114-144cd4b35e9c,0.0044625,0.02375,26.666666666666668,429,default,Normal,normal,73.0,60.0,38.0,F,38,64,0.04551920341394026,5,9,8,0.4989882328141563,3
12408,4659d826-4ade-3092-a9e1-ba1a73bfb891,6.66736914600551,0.1983471074380165,363.0,145216,default,outlier,outlier,1.0,1.0,72.0,E,72,134,0.02621283255086072,17,9,5,0.4989823048490939,4
31230,a98fc7d8-ca1c-3af5-a616-f2ce0449d96c,0.1628349261511728,0.0278019113814074,191.83333333333331,11246,default,Normal,normal,49.0,6.0,32.0,F,32,176,0.1774193548387097,11,13,4,0.49894421222595786,4
28121,cd02f435-0096-3e33-8e43-c5e03efe64c6,98.86533333333333,0.5833333333333334,12.0,71184,private_ip,outlier,outlier,2.0,1.0,7.0,F,7,8,0.19047619047619047,2,3,2,0.4986711649832,3
29523,42b38c12-3c69-3847-adfb-b7cfc09b0fe6,4.908043956043956,0.2527472527472527,91.0,26798,private_ip,outlier,outlier,4.0,1.0,23.0,F,23,64,0.12648221343873517,4,5,1,0.49861577682466784,3
9720,877c9b56-f902-3dcf-923a-f4365f0d66a5,64.47575,1.0,4.0,15475,private_ip,outlier,outlier,1.0,1.0,4.0,E,3,2,0.3333333333333333,1,1,0,0.4985941429769797,3
30422,3e1e58a6-2039-338a-815f-5fa83ac27d94,0.3651102088167053,0.0580046403712296,66.3076923076923,18884,default,Normal,normal,19.0,13.0,50.0,F,50,110,0.044897959183673466,12,18,10,0.49854188431883906,4
24747,6ab56396-9609-3f69-a8c3-e163dd75d4a4,0.0742849017580144,0.0268872802481902,322.3333333333333,4311,default,Normal,normal,42.0,3.0,26.0,F,26,146,0.2246153846153846,11,13,2,0.49834377568956184,2
24773,c755c786-9745-39e9-a8fb-f125ad898dc1,987.1105,0.5,8.0,473814,default,outlier,outlier,1.0,1.0,4.0,F,4,5,0.4166666666666667,3,2,1,0.49833909819178857,2
30042,a9d59f95-e4cc-32ca-8f97-250a9b72a67f,13.941333333333334,0.9523809523809524,21.0,17567,private_ip,outlier,outlier,1.0,1.0,20.0,F,20,20,0.05263157894736842,2,2,1,0.4983169636397828,3
10266,fb53cd3a-0b5d-3cc0-a83f-b3899a6d632d,1.1390110192837464,0.1955922865013774,363.0,24808,default,outlier,outlier,1.0,1.0,71.0,E,71,150,0.030181086519114688,17,14,6,0.4981539493492503,4
23703,e70f911f-41c2-3636-8525-25ef9c805027,4.6804875,0.625,40.0,11234,private_ip,outlier,outlier,2.0,1.0,25.0,F,25,33,0.055,3,6,1,0.49812381298609293,3
17117,6a538398-07a0-38d6-9097-803b24705871,2.4725503875968995,0.1356589147286821,516.0,76551,default,outlier,outlier,2.0,1.0,70.0,E,70,157,0.03250517598343685,11,10,8,0.49804211308202506,4
20049,ba7501e0-839d-3b82-b4fa-bcf02ae09cd6,1213.32025,0.25,4.0,291197,default,outlier,outlier,1.0,1.0,1.0,F,1,1,0.0,1,1,1,0.4980168126417641,2
11866,5202ac1a-fa7b-3c75-bb6e-40ccfa719f2f,38.64501388888889,0.2083333333333333,72.0,166947,private_ip,outlier,outlier,1.0,1.0,15.0,E,14,28,0.15384615384615385,4,4,1,0.49788305904780406,3
6339,9fd335b3-0d79-3260-992f-9d4318cd41b1,1273.596,0.75,4.0,305664,default,outlier,outlier,1.0,1.0,3.0,E,3,3,0.5,2,1,1,0.49783959484211165,2
33992,7de348de-9a8c-3f2f-8961-68f607040c3d,0.0341919191919191,0.1683501683501683,9.9,610,default,Normal,normal,39.0,30.0,50.0,F,50,74,0.030204081632653063,5,7,11,0.4978380949337264,2
30750,f3b657ae-bcc0-305b-b2c0-c46ae815d156,1.0230965073529412,0.0753676470588235,108.8,33394,default,Normal,normal,3.0,5.0,41.0,F,41,104,0.06341463414634146,11,23,9,0.49778260006213443,4
28955,2c301a54-511f-31eb-97ba-f20eacc6cf86,0.2517346465816917,0.0567786790266512,66.38461538461539,13035,default,Normal,normal,20.0,13.0,49.0,F,49,89,0.03784013605442177,10,19,10,0.49761001891441486,4
19831,350c1ec7-991a-30aa-a92b-c3c6414e4bcc,3.6145,0.5,2.0,434,private_ip,outlier,outlier,2.0,1.0,1.0,F,1,1,0.0,1,1,1,0.49758199921161617,3
31528,16b184ec-9eb4-3f31-b764-901be09138a3,0.2563088125466766,0.0321135175504107,53.56,20592,default,Normal,normal,28.0,25.0,43.0,F,43,78,0.04318936877076412,10,17,9,0.49750050009939106,4
12721,ba23defb-7f65-36fb-8255-93a4fd4f2f55,59.698615,0.005,200.0,716384,default,outlier,outlier,1.0,1.0,1.0,E,1,1,0.0,1,1,1,0.49738251062124045,2
10388,2eac8cf8-9004-3c6a-b793-bff81a94fded,59.70324,0.005,200.0,716439,default,outlier,outlier,1.0,1.0,1.0,E,1,1,0.0,1,1,1,0.49738251062124045,2
23310,f09b5b19-3af7-3252-8c63-4d454a8cfb9c,352.8335714285714,0.1428571428571428,7.0,148191,datacenter,outlier,outlier,1.0,1.0,1.0,F,1,1,0.0,1,1,1,0.4971992221557645,2
32842,1f143950-e146-36c4-bdc0-84ea8f782089,16.20945,0.95,20.0,19452,private_ip,outlier,outlier,1.0,1.0,19.0,F,19,19,0.05555555555555555,2,2,1,0.4970932987510841,3
19041,5a1142d4-8b1a-3349-840e-e9cc26cf4ee0,83.05418181818182,0.4545454545454545,11.0,54816,private_ip,outlier,outlier,1.0,1.0,5.0,F,5,5,0.25,2,2,1,0.4970192864850696,3
9307,2421f4d1-c57c-3569-8442-0ed332a326df,0.1985935483870967,0.1376344086021505,465.0,5541,default,outlier,outlier,1.0,1.0,64.0,E,64,138,0.03422619047619048,15,14,7,0.49701566066066133,4
30057,d403e610-0336-35ef-8e1a-c0d761c9fc0d,0.539325,0.1,20.0,648,private_ip,outlier,outlier,10.0,1.0,2.0,F,2,1,0.5,1,1,0,0.49697750257389917,3
1745,39059584-d033-3a11-82a9-a2705183b3d9,5.946346473029045,0.2738589211618257,241.0,85985,default,outlier,outlier,2.0,1.0,66.0,E,66,138,0.032167832167832165,14,13,6,0.49694649165743937,4
16419,38e91c4d-04ab-3db9-8240-5d402e0205f4,0.0004038076152304,0.0821643286573146,499.0,13,default,outlier,outlier,86.0,1.0,41.0,E,41,75,0.04573170731707317,10,10,18,0.4969146770212906,4
32357,2321b93a-9382-36a4-9324-32fca4caf0eb,1.6983078158458245,0.0139186295503211,622.6666666666666,190347,default,Normal,normal,17.0,3.0,26.0,F,26,127,0.19538461538461538,9,10,6,0.496843967621636,4
32261,f3a50cff-243a-3d1a-b7ae-0e011291b2c1,0.0957027880063124,0.0199894792214623,118.8125,10916,default,Normal,normal,13.0,16.0,38.0,F,38,93,0.06614509246088193,12,19,11,0.49672237109327333,4
33456,82b87367-aa69-3d09-a735-6dfca44757a5,1.409125,0.875,24.0,2030,private_ip,outlier,outlier,2.0,1.0,21.0,F,21,23,0.05476190476190476,2,2,2,0.4966330006230511,3
16135,b8f2db69-e939-396d-b087-604394c69b03,7.964593085106383,0.3723404255319149,188.0,89841,default,outlier,outlier,2.0,1.0,70.0,E,70,123,0.02546583850931677,14,11,7,0.4965435187760302,4
27429,c4b87c5f-83a7-3c1e-8880-16da65635940,0.0061236111111111,0.125,10.0,133,default,Normal,normal,50.0,36.0,45.0,F,45,79,0.0398989898989899,8,14,9,0.4963921514777239,4
6751,4264e324-a26c-37fa-af86-c9446abbf8e9,1.2020621387283237,0.1849710982658959,346.0,24955,default,outlier,outlier,2.0,1.0,64.0,E,64,165,0.04092261904761905,14,15,10,0.49634904949226294,4
3277,bd390476-7df9-3b2f-9429-5344730378ba,21.48790909090909,0.101010101010101,99.0,127639,private_ip,outlier,outlier,1.0,1.0,10.0,E,10,22,0.24444444444444444,6,4,1,0.49628765997562807,3
30860,67b1e676-fef3-38ed-9ae5-f768a023a58d,24.392454545454545,0.1818181818181818,22.0,32199,private_ip,outlier,outlier,1.0,1.0,4.0,F,4,6,0.5,3,3,2,0.49620969877725013,3
19050,740778b6-1bdf-303b-a23d-27eae8b11fc5,1.4915208333333332,0.875,24.0,2148,private_ip,outlier,outlier,2.0,1.0,21.0,F,21,23,0.05476190476190476,2,2,2,0.4961633581990228,3
26934,b1401d86-5930-31fe-bd81-4b0ae587205b,0.5186086956521738,0.9130434782608696,23.0,716,private_ip,outlier,outlier,2.0,1.0,21.0,F,21,21,0.05,2,2,0,0.49612647141032634,3
18149,8291bff8-c75b-3ad3-a71c-395cf06aa853,190.19046666666668,0.025,120.0,1369372,default,outlier,outlier,1.0,1.0,3.0,F,3,3,0.5,1,3,1,0.49590294131428836,2
18983,9e08ecdd-b5af-3afc-b5b1-6c69ba9e472e,4.08032,0.01,200.0,48964,datacenter,outlier,outlier,1.0,1.0,2.0,F,2,3,1.5,2,2,2,0.4957350188513651,2
599,df1ab406-f1e4-38a4-a29b-a1d47e8472a2,4.157239316239316,0.2307692307692307,117.0,29184,private_ip,outlier,outlier,1.0,1.0,27.0,E,27,48,0.06837606837606838,8,7,6,0.4957039659458007,3
4826,e628eb43-7c1c-33be-9b94-649f56da33e1,2333.6273333333334,1.0,3.0,420053,default,outlier,outlier,1.0,1.0,3.0,E,3,2,0.3333333333333333,1,1,0,0.49516334107657856,2
5741,e82aa5de-2736-3db9-bfab-5f68d7d814fc,0.983336879432624,0.2198581560283688,282.0,16639,default,outlier,outlier,2.0,1.0,62.0,E,62,137,0.03622421998942359,21,13,7,0.49512349721964255,4
21353,765c1d74-cda1-3872-aebc-a3c47081b079,12.65025,0.8333333333333334,24.0,18217,private_ip,outlier,outlier,2.0,1.0,20.0,F,20,21,0.05526315789473684,2,2,1,0.4950490591651788,3
7982,4d3b417d-1a19-3acf-b4df-c164d284e5ed,4.5137465753424655,0.1643835616438356,146.0,39541,private_ip,outlier,outlier,1.0,1.0,24.0,E,24,58,0.10507246376811594,8,6,3,0.49503325132791853,3
7521,3e8409cb-3d41-312c-b7e6-36be5425fd14,823.5793636363636,0.3636363636363636,11.0,543563,default,outlier,outlier,1.0,1.0,4.0,E,4,4,0.3333333333333333,1,2,1,0.4949483471201307,2
26981,5f9fae20-3d4f-35b1-864e-e0c6e0699e8d,0.0044281609195402,0.035919540229885,12.654545454545454,185,default,Normal,normal,115.0,55.0,25.0,F,25,49,0.08166666666666667,5,6,11,0.49491148593766676,2
22123,c7cb87f2-2fa1-3e42-82ba-9cdeffbf7b07,10.014477272727271,0.8636363636363636,22.0,13220,private_ip,outlier,outlier,2.0,1.0,19.0,F,19,21,0.06140350877192982,2,2,2,0.4948928187891963,3
24117,cc867034-c3ae-3dcb-ad91-23c1f29ba8f0,0.0004587155963302,0.018348623853211,2.0961538461538463,3,default,Normal,normal,52.0,52.0,2.0,F,2,2,1.0,1,2,1,0.4948374201250661,2
5420,4f413240-18e6-3def-908d-6f63e5d4dc43,0.2409363295880149,0.0674157303370786,801.0,11580,default,outlier,outlier,1.0,1.0,54.0,E,54,149,0.052061495457721874,14,13,9,0.49481239442461,4
7065,0ddaad2f-50ad-3fc5-8907-53485dc73104,61.19973372781065,0.272189349112426,169.0,620566,default,outlier,outlier,1.0,1.0,46.0,E,46,84,0.04057971014492753,5,4,7,0.4948042263582133,3
3912,d5b82f2c-c16c-3d3e-ab87-301d6bf311dc,1.171893258426966,0.1769662921348314,356.0,25032,default,outlier,outlier,1.0,1.0,63.0,E,63,137,0.0350742447516641,16,16,9,0.4947594964745853,4
30198,8478bbf0-2056-394a-a270-b66ccc99f675,13.34790476190476,0.9523809523809524,21.0,16819,private_ip,outlier,outlier,1.0,1.0,20.0,F,20,20,0.05263157894736842,2,2,1,0.4945048957772948,3
3430,73ecece8-b749-3e16-9b10-58a3806c419e,0.8468352490421456,0.1034482758620689,522.0,26523,default,outlier,outlier,2.0,1.0,54.0,E,54,140,0.04891684136967156,18,15,9,0.49442673164615364,4
25837,66c7587b-0dc3-3cc3-8f56-1625fc3cf9c3,10.323513513513513,0.2972972972972973,74.0,45837,private_ip,outlier,outlier,4.0,1.0,22.0,F,22,46,0.09956709956709957,4,4,2,0.49438169807375515,3
16181,2be6c5d8-751a-3434-8972-7aef3eea5c32,2.1268118811881185,0.297029702970297,101.0,12889,private_ip,outlier,outlier,1.0,1.0,30.0,E,30,57,0.06551724137931035,8,7,3,0.4943723139922821,3
32898,cb21795c-d469-3637-b13a-a3dedd8ce0ab,0.0016848708487084,0.0088560885608856,14.89010989010989,137,default,Normal,normal,92.0,91.0,12.0,F,12,20,0.15151515151515152,4,6,3,0.49428748568073877,2
33234,b46ac1c1-6828-381c-a8e2-0506de448f80,46.63431914893617,0.0319148936170212,94.0,263018,datacenter,outlier,outlier,1.0,1.0,3.0,F,2,2,1.0,1,2,1,0.49428459139946274,2
11586,53ab1c39-adf2-30a9-aa55-34111d156e3c,1.7174915662650605,0.1542168674698795,415.0,42766,default,outlier,outlier,1.0,1.0,64.0,E,64,141,0.034970238095238096,17,13,7,0.49428351635225576,4
33801,148aeeb7-3610-3686-b1db-03b18aee45b3,889.3608333333334,0.1666666666666666,3.0,320170,default,Normal,normal,2.0,2.0,1.0,F,1,1,0.0,1,1,1,0.49405067373975403,2
32358,24520555-5da2-3825-9230-85a423dedd83,22.741130434782608,0.1739130434782608,23.0,31383,private_ip,outlier,outlier,1.0,1.0,4.0,F,4,6,0.5,3,3,2,0.49380899549571505,3
9333,646338fb-e600-3ff7-abec-c00618153138,6.265234042553191,0.6170212765957447,47.0,17668,private_ip,outlier,outlier,1.0,1.0,29.0,E,29,39,0.0480295566502463,6,6,2,0.49371976741234486,3
28113,a797d0df-84a6-3ad5-bbf6-db9166a2bdd8,0.2324093428345209,0.0380047505938242,63.15,17612,default,Normal,normal,21.0,20.0,48.0,F,48,100,0.044326241134751775,10,16,9,0.4933635124001169,4
11183,e1c000d3-44cb-3444-b294-ca3958744f1b,6.06725,0.5357142857142857,56.0,20386,private_ip,outlier,outlier,1.0,1.0,30.0,E,30,45,0.05172413793103448,7,6,2,0.4933123015266249,3
26345,23e320e1-aff9-39b2-82bf-5795f000dba7,0.8017926980198019,0.0297029702970297,323.2,77742,default,Normal,normal,16.0,5.0,48.0,F,48,155,0.06870567375886524,11,10,9,0.4931952798279444,4
14342,668c8cd0-8b70-3277-b171-18b542b00aef,3.6220470588235294,0.3058823529411765,85.0,18473,private_ip,outlier,outlier,1.0,1.0,26.0,E,26,47,0.07230769230769231,9,7,4,0.49300560464789484,3
18195,0b62a04e-8a91-3cc1-9131-43c01b47bcfe,1.0849000000000002,0.2,10.0,651,private_ip,outlier,outlier,5.0,1.0,2.0,F,2,1,0.5,1,1,0,0.4929718197004202,3
25802,1ae2d73c-a584-32ee-b5c1-41c32c877d4c,55.53681818181818,0.4545454545454545,11.0,36655,private_ip,outlier,outlier,1.0,1.0,5.0,F,5,7,0.35,2,2,3,0.49296742969577695,3
30145,eb16b4c4-48e9-37dc-bdfb-1d94f4c9e93a,9.095875,0.875,24.0,13099,private_ip,outlier,outlier,2.0,1.0,21.0,F,21,21,0.05,2,2,1,0.4929248141834366,3
21296,d26167b4-a1ba-3b24-a525-b1f0a8ab84de,1.1619724941724945,0.0121212121212121,536.25,149546,default,Normal,normal,17.0,4.0,26.0,F,26,108,0.16615384615384615,11,10,6,0.4929196271329225,3
24089,868f0a1b-ce04-3fc0-a6a8-084115de26af,1.0653,0.2,10.0,640,private_ip,outlier,outlier,5.0,1.0,2.0,F,2,1,0.5,1,1,0,0.4925034156193733,3
22125,ca17ee0e-1cbb-3fa2-93bb-2f62e3f26ad4,0.002358889623265,0.0118968935888962,20.445945945945947,215,default,Normal,normal,70.0,74.0,18.0,F,18,36,0.11764705882352941,5,9,8,0.4924149617968939,2
14823,46b66c5a-71cd-3e23-aa8a-246ca07cc648,0.5890586797066014,0.1687041564792176,409.0,14456,default,outlier,outlier,1.0,1.0,69.0,E,69,168,0.03580562659846547,17,10,7,0.4924119663712736,4
153,ce79801a-9a6e-399f-9945-c38084c4e5f7,2.3421,0.2448275862068965,290.0,40753,default,outlier,outlier,2.0,1.0,71.0,E,71,139,0.02796780684104628,19,11,5,0.492370989882695,4
2581,bda918ca-9390-3d54-b153-411ca03848fe,1.8012219730941703,0.1255605381165919,446.0,48201,default,outlier,outlier,1.0,1.0,56.0,E,56,147,0.04772727272727273,18,13,10,0.4922961771572901,4
33607,835b27df-46e2-36f7-bdb0-639f1b041094,0.7087440944881889,0.1889763779527559,127.0,5401,private_ip,outlier,outlier,6.0,1.0,24.0,F,24,77,0.13949275362318841,6,7,1,0.49225691114734793,3
1875,a166325d-a48b-305f-97ac-a67637ea1a73,8.887522727272728,0.5909090909090909,44.0,23464,private_ip,outlier,outlier,1.0,1.0,26.0,E,26,40,0.06153846153846154,7,6,3,0.49219989655869206,3
10710,df6d1b72-c0c3-39aa-8c54-3657ecccef16,0.003,0.1818181818181818,3.142857142857143,4,private_ip,Googlebot/2.1;unknown,bot,7.0,7.0,4.0,E,4,5,0.4166666666666667,2,2,0,0.49217440598170026,3
20958,b475ebe8-2469-39d9-bb84-d2827f632152,1164.5155,0.25,4.0,279484,default,outlier,outlier,1.0,1.0,1.0,F,1,1,0.0,1,1,1,0.4921259511362402,2
25523,efd72dd0-0850-3b76-a8b8-840c9607b7d2,742.057947368421,0.3157894736842105,19.0,845947,default,outlier,outlier,1.0,1.0,6.0,F,6,7,0.23333333333333334,2,3,1,0.49210951124243874,2
29969,d5321e98-8179-3e84-916a-d8f9159480e8,0.0884754672897196,0.0981308411214953,9.953488372093023,2273,default,Normal,normal,50.0,43.0,42.0,F,42,73,0.042392566782810684,9,14,8,0.49184999582578814,3
20431,6d16ccff-3466-3687-90c3-c399a2382722,0.0054318181818181,0.0012626262626262,792.0,259,datacenter,outlier,outlier,1.0,1.0,1.0,F,1,1,0.0,1,1,1,0.49167084855069837,3
13137,7e00bd4b-6e81-3ff1-8637-fc4b5b1cb7dd,189.55816949152543,0.0169491525423728,59.0,671036,default,BingPreview/1.0b;Mobile Safari,bot,1.0,1.0,1.0,E,1,1,0.0,1,1,1,0.4916141867719413,2
6944,94c47ff5-0d50-3950-bbcd-58309971988c,0.5562688524590165,0.2229508196721311,305.0,10180,default,outlier,outlier,2.0,1.0,68.0,E,68,142,0.031167690956979806,16,14,4,0.49152966413798915,4
30058,d49acf87-9573-352c-ae98-0fd02e8979f3,68.982725,0.02,200.0,827793,default,outlier,outlier,1.0,1.0,4.0,F,4,7,0.5833333333333334,3,3,2,0.49152443375055177,2
14898,276ccb32-ae36-3ec2-be02-09c2e7afc351,6.621745,0.09,200.0,79461,private_ip,outlier,outlier,1.0,1.0,18.0,E,18,41,0.13398692810457516,6,5,3,0.4914507204868217,3
20647,045408b2-7ef9-3ffa-818c-385639b5620e,0.0018175092478421,0.0166461159062885,27.03333333333333,177,default,Normal,normal,74.0,60.0,27.0,F,27,62,0.08831908831908832,7,11,11,0.4913947624676256,2
21532,7fde4460-702d-3add-90b8-22cc824fc267,1.739130434782609e-05,0.017391304347826,2.169811320754717,1,default,Normal,normal,54.0,53.0,2.0,F,2,2,1.0,2,1,1,0.4912405271430153,3
17830,a3e33277-f4fb-3d11-9f50-5a1b8a26463e,0.43825,0.5,2.0,53,private_ip,outlier,outlier,2.0,1.0,1.0,F,1,1,0.0,1,1,1,0.4912055689528197,3
27479,68a149da-f21b-39e6-aa57-4e3a64511f17,3.1947132352941177,0.3676470588235294,68.0,13035,private_ip,outlier,outlier,4.0,1.0,25.0,F,25,52,0.08666666666666667,3,4,2,0.49115839411603746,3
34305,999ee0b0-f2db-3ca6-b1e0-cb3277205311,0.0338338658146964,0.1309904153354632,6.26,636,default,Normal,normal,66.0,50.0,41.0,F,41,64,0.03902439024390244,8,12,7,0.4910652927443545,3
33880,039429f4-d1f4-3987-b15f-d1d35769cf35,0.6858174603174604,0.119047619047619,126.0,5185,private_ip,outlier,outlier,17.0,1.0,15.0,F,15,33,0.15714285714285714,5,6,3,0.491059908432653,3
19733,0b4cb0df-f5f6-3e28-a938-86b4ab194e24,500.08366666666666,0.2222222222222222,9.0,270046,default,outlier,outlier,1.0,1.0,2.0,F,2,3,1.5,2,2,2,0.49096797882124105,2
27837,a67c2d35-45ee-3cbd-b4fe-d3bdedf46469,0.0821198083067092,0.0244941427050053,187.8,4627,default,Normal,normal,40.0,5.0,23.0,F,23,142,0.28063241106719367,12,13,2,0.49094292323153255,2
357,163c692c-696d-35ae-9991-8cfbd8e6697a,5.17556880733945,0.2660550458715596,109.0,33849,private_ip,outlier,outlier,1.0,1.0,29.0,E,29,56,0.06896551724137931,8,6,2,0.4909367335717385,3
6270,bd7e1f39-e253-3b15-a49e-0c64355c6643,0.5219884297520662,0.0958677685950413,605.0,18949,default,outlier,outlier,1.0,1.0,58.0,E,58,148,0.04476709013914096,14,15,10,0.4909265605317506,4
32021,0f24e8bf-1cdd-3847-b962-ae9d315909a6,2.2596969696969693,0.7272727272727273,33.0,4475,private_ip,outlier,outlier,2.0,1.0,24.0,F,24,30,0.05434782608695652,3,3,2,0.49090957121655626,3
28459,f107b2ce-e52c-34ed-bf16-8ac566eca7b3,34.84847619047619,0.3333333333333333,21.0,43910,private_ip,outlier,outlier,2.0,1.0,7.0,F,7,12,0.2857142857142857,3,3,5,0.4908527845741161,3
7286,94b602fd-9f18-3ea1-9125-60bba67c119a,1.006742209631728,0.1756373937677053,353.0,21323,default,outlier,outlier,2.0,1.0,62.0,E,62,138,0.03648863035430989,20,11,10,0.49083821487023166,4
29250,f32d5040-65c2-366b-ac1d-31132981bf3d,2.0658854166666667,0.2395833333333333,96.0,11900,private_ip,outlier,outlier,5.0,1.0,23.0,F,23,63,0.12450592885375494,5,6,2,0.49077067823032466,3
25052,22eb23b1-c8ad-31ae-aad3-210515c24418,0.2551479628305932,0.0335954253037884,55.96,21418,default,Normal,normal,30.0,25.0,47.0,F,47,81,0.03746530989824237,9,18,8,0.4907488587508576,4
19484,d50322fc-0d4a-37c8-959b-c6b6d0859bc1,0.0013686553873552,0.0151380231522707,12.075268817204302,93,default,Normal,normal,96.0,93.0,17.0,F,17,25,0.09191176470588236,4,7,2,0.49072112919199745,2
32729,a7fd2e64-e8ae-3218-9781-dbe674d98ce4,0.00515,0.95,20.0,7,private_ip,outlier,outlier,2.0,1.0,19.0,F,19,18,0.05263157894736842,1,2,1,0.49063516856992895,3
25486,96d3e441-f8c5-35f5-8607-95b3bad5b2a6,0.04745,0.95,20.0,57,private_ip,outlier,outlier,2.0,1.0,19.0,F,19,18,0.05263157894736842,1,2,1,0.49063516856992895,3
26342,197e5505-608d-3f22-b534-92e25f5976fc,0.029675,0.95,20.0,36,private_ip,outlier,outlier,2.0,1.0,19.0,F,19,18,0.05263157894736842,1,2,1,0.49063516856992895,3
8147,e368133f-0304-3c78-9239-20334be20577,0.1769541547277937,0.0816618911174785,698.0,7411,default,outlier,outlier,4.0,1.0,57.0,E,57,153,0.047932330827067667,15,10,10,0.49050773811237275,4
8234,1c0d33c6-a089-3b27-970a-ec15b793e076,2.58654794520548,0.3835616438356164,73.0,11330,private_ip,outlier,outlier,1.0,1.0,28.0,E,28,46,0.06084656084656084,8,7,4,0.49048589504393303,3
24075,55d8fc77-3e4f-35a6-a7cb-422448ae330e,0.0209950980392156,0.1372549019607843,8.742857142857142,386,default,Normal,normal,50.0,35.0,42.0,F,42,77,0.044715447154471545,5,10,12,0.4904513983320988,3
1814,ea170b40-cfc4-3aed-acda-1462707d2ba9,0.2959065789473684,0.0776315789473684,760.0,13494,default,outlier,outlier,2.0,1.0,59.0,E,59,135,0.03945061367621274,17,11,10,0.4903734303357411,4
34010,ae488b8d-7bd9-3eba-9b29-bdec765e968e,0.0024090909090909,0.012326656394453,15.63855421686747,188,default,Normal,normal,84.0,83.0,16.0,F,16,27,0.1125,4,8,5,0.4903699621440588,2
11225,55db02f1-be93-3f59-8ebc-780299eceb5d,1.1516489361702127,0.2851063829787234,235.0,16239,default,outlier,outlier,2.0,1.0,67.0,E,67,137,0.030981456354590684,16,13,8,0.49004167141456506,4
20531,a62bfedb-a847-3726-a9bd-a74107f38de0,66.80369999999999,0.55,20.0,80165,private_ip,outlier,outlier,1.0,1.0,11.0,F,11,16,0.14545454545454545,2,2,0,0.4899213942583424,3
30323,0a4cf7e0-1348-359c-9c46-de3172f011f7,10.2138,0.6,5.0,3065,private_ip,outlier,outlier,1.0,1.0,3.0,F,3,4,0.6666666666666666,2,2,2,0.489870220527731,3
18979,7c4cb7c0-dcb0-39c7-9dc9-904239eb0ac3,715.0363333333333,0.3333333333333333,6.0,257414,default,outlier,outlier,1.0,1.0,2.0,F,2,2,1.0,1,2,1,0.489702608987141,2
25082,8b8ded7c-157a-3d50-b9e6-dbe77b68f4a7,0.0036420233463035,0.0163424124513618,15.297619047619047,281,default,Normal,normal,88.0,84.0,21.0,F,21,33,0.07857142857142857,4,10,5,0.48962333576845224,2
2050,90853b35-7eba-3dfc-8997-42b2965f60ab,111.78916666666667,0.8333333333333334,6.0,40245,private_ip,outlier,outlier,1.0,1.0,5.0,E,5,5,0.25,2,2,0,0.4893817218278715,3
1331,29afa9af-9819-322b-8d76-b697f273c020,1.3587647058823529,0.4411764705882353,68.0,5544,private_ip,outlier,outlier,1.0,1.0,30.0,E,30,49,0.05632183908045977,8,6,3,0.48937681182315046,3
991,7687511a-2e12-3f7d-b5b5-4249b773ecd2,1.3851336405529953,0.1728110599078341,434.0,36069,default,outlier,outlier,1.0,1.0,75.0,E,75,169,0.03045045045045045,9,9,11,0.48936001590220235,4
26645,939d9466-f220-37b2-87b0-c45e627c6e65,0.0070609195402298,0.1057471264367816,24.166666666666668,185,default,Normal,normal,28.0,18.0,46.0,F,46,89,0.042995169082125605,9,13,14,0.4892433931724064,4
18777,3de8fd46-fad4-33fa-9114-75c671fd1f4f,91.9605632183908,0.0229885057471264,174.0,960069,default,outlier,outlier,1.0,1.0,4.0,F,4,8,0.6666666666666666,3,3,2,0.4892020751141184,2
33853,afe710f8-94a7-31a3-b480-dac62f93beaf,244.33401470588237,0.0588235294117647,17.0,498442,default,Normal,normal,2.0,2.0,2.0,F,2,2,1.0,2,1,1,0.4891660624559666,2
32333,deb28afe-60da-3a22-99d5-1397f34418bc,1.662768,0.176,125.0,12471,private_ip,outlier,outlier,5.0,1.0,22.0,F,22,65,0.1406926406926407,6,6,1,0.48914654015549264,3
20744,19503cd7-4269-3ff6-baab-d8772c7d8522,0.3318318584070797,0.0366624525916561,113.0,15749,default,Normal,normal,35.0,7.0,29.0,F,29,157,0.1933497536945813,13,12,4,0.4889142801649878,2
30425,52bd58ee-b7b3-39af-8273-a3124eb54663,0.07275,0.9090909090909092,22.0,97,private_ip,outlier,outlier,2.0,1.0,20.0,F,20,20,0.05263157894736842,2,2,1,0.4887093686786478,3
9415,4cb6fac5-9127-3a3c-b046-89c805b45ada,0.5185475113122172,0.0565610859728506,884.0,27504,default,outlier,outlier,2.0,1.0,50.0,E,50,141,0.05755102040816327,16,10,9,0.4887083675720079,4
18289,2fd62090-dbc3-31b6-a11a-9d6e31030ddf,0.0019406986190089,0.0178716490658001,18.102941176470587,144,default,Normal,normal,82.0,68.0,22.0,F,22,44,0.09523809523809523,6,10,8,0.48862878577387975,2
20412,2a0f0c22-d89f-35e1-b7a9-75243a7dafb4,16.71808695652174,0.2898550724637681,69.0,69213,private_ip,outlier,outlier,3.0,1.0,20.0,F,20,46,0.12105263157894737,4,4,1,0.48859509738550316,3
32701,5ed8e7d1-330e-3f6b-8489-5741922e6416,2.397638655462185,0.1092436974789916,119.0,17120,private_ip,outlier,outlier,16.0,1.0,13.0,F,13,29,0.1858974358974359,4,7,2,0.4885661617345164,3
4675,28ab2195-08c2-38fe-bced-384c26f4881f,0.0014631578947368,0.1894736842105263,95.0,9,private_ip,outlier,outlier,27.0,1.0,18.0,E,18,26,0.08496732026143791,7,7,2,0.48850498198569525,3
10403,4dd80cb6-6f93-345b-9e0d-72577783eb41,1.4273333333333331,0.5333333333333333,60.0,5139,private_ip,outlier,outlier,1.0,1.0,32.0,E,32,49,0.04939516129032258,4,4,2,0.4884411876906213,3
7310,cabf13c2-6be1-30d3-bdf4-1ff85965aacd,31.954176470588237,0.3137254901960784,51.0,97780,private_ip,outlier,outlier,1.0,1.0,16.0,E,15,28,0.13333333333333333,8,4,2,0.4883434922315427,3
29095,e6733628-20f4-31eb-9f32-220ce7cf2169,0.207823315118397,0.0400728597449908,57.78947368421053,13692,default,Normal,normal,26.0,19.0,44.0,F,44,85,0.04492600422832981,9,19,9,0.48833829198107553,4
20703,a0ba0b6a-7043-37c7-b484-72af88ca8040,9.476631578947368,0.9473684210526316,19.0,10804,private_ip,outlier,outlier,1.0,1.0,18.0,F,18,18,0.058823529411764705,1,2,0,0.4880762640033206,3
10602,9ebb3cfd-cdc5-3503-bdac-b0d0eb09fb99,4.4582745591939545,0.1410579345088161,397.0,106197,default,outlier,outlier,1.0,1.0,56.0,E,56,150,0.048701298701298704,16,11,11,0.4880465987831214,4
323,ad62600f-b36f-3ae7-a210-5e5d6b78ec60,1.2299797160243409,0.1257606490872211,493.0,36383,default,outlier,outlier,1.0,1.0,62.0,E,62,169,0.0446853516657853,17,11,8,0.48792834734721746,4
2699,11231814-e047-305b-9e4f-eecae02e1a5e,7.605228346456693,0.2637795275590551,254.0,115904,default,outlier,outlier,1.0,1.0,67.0,E,67,150,0.033921302578018994,12,10,10,0.48788570851036495,4
20837,2c8705aa-347a-3b05-ab86-3ff8fb0c21fa,9.0715,0.75,4.0,2178,private_ip,outlier,outlier,1.0,1.0,3.0,F,2,1,0.5,1,1,0,0.48779636205914617,3
29686,3b51e56e-eeea-31c3-ba5b-b231bb1c5fc1,0.0602380952380952,0.9523809523809524,21.0,76,private_ip,outlier,outlier,2.0,1.0,20.0,F,20,19,0.05,2,2,1,0.4877756018882907,3
23803,15b6563c-9cfd-369b-8d6f-19b83fafa9f1,0.0097380952380952,0.9523809523809524,21.0,13,private_ip,outlier,outlier,2.0,1.0,20.0,F,20,19,0.05,2,2,1,0.4877756018882907,3
23180,8f959620-89cd-3e2b-8614-c4e7769806f5,1.005590361445783,0.0468540829986613,149.4,45071,default,Normal,normal,1.0,5.0,35.0,F,35,114,0.0957983193277311,11,22,9,0.4877270822121077,3
3624,a2a1f8c7-23d0-3f90-89ce-539f248474e6,26.76683333333333,0.5,6.0,9637,private_ip,outlier,outlier,1.0,1.0,3.0,E,3,3,0.5,1,1,0,0.48766882236740355,3
23786,e0e47fe7-856a-3769-9aa9-f33bf160f72e,1.4260714285714289,0.219047619047619,105.0,8985,private_ip,outlier,outlier,5.0,1.0,23.0,F,23,60,0.11857707509881422,5,5,2,0.4876298603246545,3
13140,873c0151-99f6-3705-83a6-43d46534e38c,3.125965811965812,0.2393162393162393,117.0,21945,private_ip,outlier,outlier,1.0,1.0,28.0,E,28,49,0.06481481481481481,7,6,2,0.48755218615155743,3
30740,e1c69597-185b-36b2-b080-b932a4d922ec,2.1319791666666665,0.875,24.0,3071,private_ip,outlier,outlier,2.0,1.0,21.0,F,21,21,0.05,2,2,0,0.4874561850386437,3
28369,b23b88eb-3f71-344b-a321-9fe49f62752a,98.0952957746479,0.1830985915492957,71.0,417886,datacenter,outlier,outlier,1.0,1.0,13.0,F,13,16,0.10256410256410256,3,9,2,0.4873073947079229,2
8383,c2cf1224-cbfd-38eb-b317-c27ee0d76a51,2.0437065217391304,0.3478260869565217,92.0,11282,private_ip,outlier,outlier,1.0,1.0,32.0,E,32,41,0.04133064516129032,8,7,3,0.487281258005212,3
20632,d339e3ad-f70a-3060-ac1d-40484719405d,0.6893343685300207,0.0300207039337474,29.272727272727277,39954,default,Normal,normal,51.0,33.0,29.0,F,29,66,0.0812807881773399,13,8,11,0.4871888042643981,2
17799,2e913bbd-3d8b-3612-9645-0fc89fb4100b,0.0327641681901279,0.0292504570383912,218.8,2151,default,Normal,normal,45.0,5.0,32.0,F,32,157,0.15826612903225806,11,12,5,0.48710619282703327,2
26248,f92e11f5-c931-395a-8217-940161dbbeb1,12.14455,0.95,20.0,14574,private_ip,outlier,outlier,1.0,1.0,19.0,F,19,19,0.05555555555555555,2,2,1,0.4869903332806071,3
11886,7932d2d0-d0f9-3e72-bc78-01af2f478a4a,1.02058,0.52,50.0,3062,private_ip,outlier,outlier,1.0,1.0,26.0,E,26,39,0.06,8,6,2,0.48698754859545323,3
34136,5042087e-ee2d-3238-a2dc-224870822bb8,0.1334332524271844,0.1092233009708737,17.91304347826087,3299,default,Normal,normal,28.0,23.0,45.0,F,45,79,0.0398989898989899,10,19,7,0.48693629730948224,4
28466,0f4fb268-c516-3589-85c3-b1344261f3fe,0.028075,0.95,20.0,34,private_ip,outlier,outlier,2.0,1.0,19.0,F,19,19,0.05555555555555555,2,2,2,0.486867431026942,3
18434,0e27861b-12dc-3a21-a198-511002e92fc0,0.0092249999999999,0.95,20.0,12,private_ip,outlier,outlier,2.0,1.0,19.0,F,19,19,0.05555555555555555,2,2,2,0.486867431026942,3
20775,5ea7f3e0-3c9d-34ff-b040-261efb54edb1,676.9173125,0.3125,16.0,649841,default,outlier,outlier,1.0,1.0,5.0,F,5,5,0.25,1,2,1,0.48683034516129414,2
25119,2a6df63e-41cf-3b42-a785-68fec9addea0,0.0253684210526315,0.9473684210526316,19.0,29,private_ip,outlier,outlier,2.0,1.0,18.0,F,18,18,0.058823529411764705,1,2,2,0.4867991707149875,3
16331,1156765e-0fc7-3731-9f6f-168bbffafc05,0.5031475409836066,0.4262295081967213,61.0,1842,private_ip,outlier,outlier,3.0,1.0,26.0,E,25,36,0.06,8,6,3,0.4866896962166397,3
7806,4649e598-788e-3222-a6ef-cd126524a793,3.871817391304348,0.2,115.0,26716,private_ip,outlier,outlier,1.0,1.0,23.0,E,23,46,0.09090909090909091,9,10,2,0.4866241869662122,3
1662,2cfc9027-e17a-3a9a-a9e5-d81e2e9282f1,5.637302521008404,0.2689075630252101,119.0,40251,private_ip,outlier,outlier,1.0,1.0,32.0,E,32,53,0.05342741935483871,5,5,1,0.4866196865702021,3
25985,2b9d8714-2bb6-3617-8afa-ce2c32c01d69,1.7201599597585513,0.0744466800804829,124.25,51296,default,Normal,normal,2.0,4.0,37.0,F,37,101,0.07582582582582582,12,22,10,0.4865959934035899,3
3805,b019f3bb-0665-3c4e-abe6-44f96b5840f1,1.2341784,0.0992,625.0,46282,default,outlier,outlier,1.0,1.0,62.0,E,62,136,0.035959809624537285,16,12,3,0.4865890697310569,4
3328,522536a1-8a50-33db-8484-79d27c185dc7,5.818122580645161,0.1225806451612903,155.0,54109,private_ip,outlier,outlier,1.0,1.0,19.0,E,18,36,0.11764705882352941,8,8,3,0.4865867502054887,3
7977,45e3a0b6-b31e-30e2-a936-f03bde227c2e,0.4752332589285714,0.1383928571428571,448.0,12775,default,outlier,outlier,2.0,1.0,62.0,E,62,152,0.04019037546271814,17,13,6,0.4865855270355139,4
22090,6f448d80-6630-302e-86e3-c6af8c02cd2b,0.3614361809045225,0.04321608040201,58.52941176470589,21578,default,Normal,normal,19.0,17.0,43.0,F,43,81,0.044850498338870434,10,21,9,0.48635912698511,4
21496,2b5ef7b3-1b0f-3d35-8070-dc452ffb9637,494.7908695652174,0.3043478260869565,23.0,682812,default,outlier,outlier,1.0,1.0,7.0,F,7,11,0.2619047619047619,3,5,2,0.486342397273582,2
29797,cf021fc0-fbf8-3dad-a6ef-633b625f8305,0.0331904761904761,0.9047619047619048,21.0,42,private_ip,outlier,outlier,2.0,1.0,19.0,F,19,19,0.05555555555555555,2,2,0,0.4862171706552805,3
27301,3b849d87-6fa7-32e8-bd0e-142d3e3ec271,0.0114026402640264,0.1584158415841584,7.390243902439025,208,default,Normal,normal,51.0,41.0,48.0,F,48,64,0.028368794326241134,8,10,5,0.48620560387456985,3
29561,a0085840-d607-3bd8-881f-743a3ab538fa,0.4795,0.7419354838709677,31.0,892,private_ip,outlier,outlier,2.0,1.0,23.0,F,23,28,0.05533596837944664,3,3,1,0.4861984788037162,3
18846,fa57cd7c-11eb-35be-a283-0705fc4bb80b,0.1437689504373177,0.0597667638483965,20.78787878787879,5918,default,Normal,normal,42.0,33.0,41.0,F,41,77,0.04695121951219512,8,17,10,0.4861859396829799,4
8344,46e5a9d4-3e0f-39a7-865e-b1397448d8b6,0.535738144329897,0.1278350515463917,485.0,15590,default,outlier,outlier,1.0,1.0,62.0,E,62,153,0.04045478582760444,18,10,10,0.486024005790197,4
3218,e28423d9-994e-3a38-96b9-46f451654d6f,0.7096038647342995,0.1521739130434782,414.0,17627,default,outlier,outlier,1.0,1.0,63.0,E,63,159,0.040706605222734255,18,12,8,0.4860010015305572,4
2500,f8111cfc-9d59-30fe-8952-409c82e886bc,24.249425925925927,0.2037037037037037,54.0,78569,private_ip,outlier,outlier,1.0,1.0,11.0,E,11,22,0.2,6,4,4,0.48565516888285615,3
9927,1970863f-21e6-3a26-8cb9-d05f98d587ca,59.66189944134079,0.0055865921787709,179.0,640769,default,outlier,outlier,1.0,1.0,1.0,E,1,1,0.0,1,1,1,0.48565326401204334,2
24468,02370dec-f107-3181-a58e-8a313a063e4a,7.637363636363636,0.9545454545454546,22.0,10082,private_ip,outlier,outlier,1.0,1.0,21.0,F,21,21,0.05,2,2,1,0.4854658786122037,3
13827,fe176cc8-19a8-3539-b272-8f0df7125a73,2.2883835294117647,0.1764705882352941,425.0,58354,default,outlier,outlier,1.0,1.0,75.0,E,75,163,0.029369369369369368,12,10,10,0.4853741419937853,4
7459,8d3c4743-8302-3ad9-9981-01415cc4053b,2.798990909090909,0.1766233766233766,385.0,64657,default,outlier,outlier,1.0,1.0,68.0,E,68,144,0.03160667251975417,15,10,8,0.48532298651774425,4
8999,550f0572-7254-390e-9f72-1a764b97ae0b,23.22133333333333,0.6666666666666666,6.0,8360,private_ip,outlier,outlier,1.0,1.0,4.0,E,2,1,0.5,1,1,0,0.48530606478417804,3
25956,e84d9002-8cca-36a3-9849-0c69d60a5b90,3.723872093023256,0.2558139534883721,86.0,19216,private_ip,outlier,outlier,5.0,1.0,22.0,F,22,57,0.12337662337662338,4,4,1,0.4850397070245561,3
14530,59fe740d-7b58-3caa-b997-c8ea719c53a0,3.367,0.3698630136986301,73.0,14748,private_ip,outlier,outlier,1.0,1.0,27.0,E,27,44,0.06267806267806268,8,7,4,0.48500634609340565,3
13724,c6af6899-218c-3d06-99fd-eed5f2627ef5,0.7316438679245283,0.1509433962264151,424.0,18614,default,outlier,outlier,3.0,1.0,64.0,E,64,152,0.037698412698412696,15,13,10,0.48487613752299563,4
17288,68d4b3e6-aaa0-3903-9467-cfc4e3a64677,36.787731578947366,0.2631578947368421,190.0,419381,default,outlier,outlier,1.0,1.0,50.0,E,50,94,0.03836734693877551,13,11,5,0.48471623605720787,3
27273,f1e1d5fd-a626-30c9-bcd7-6789dfbf81a5,0.2537000955109837,0.046800382043935,61.588235294117645,15938,default,Normal,normal,24.0,17.0,49.0,F,49,87,0.036989795918367346,10,16,10,0.4843873824829065,4
18010,cc51115a-6212-3276-9a67-90c8fac67dbb,0.0025821287779237,0.026281208935611,17.295454545454547,118,default,Normal,normal,79.0,44.0,20.0,F,20,52,0.1368421052631579,10,10,9,0.4843844719779098,2
31585,bf7c0cd9-83a8-3123-b153-f7013e8aaa2b,0.3819911616161616,0.0366161616161616,88.0,18153,default,Normal,normal,36.0,9.0,29.0,F,29,155,0.19088669950738915,12,14,2,0.48435892008579823,2
6244,6ef9ddd9-6e4b-3145-a127-7af97165f9e0,0.6272706896551724,0.0913793103448275,580.0,21830,default,outlier,outlier,1.0,1.0,53.0,E,53,147,0.05333817126269957,16,14,11,0.484294048646291,4
11899,936935d0-6f4f-3d1c-bc8d-783a2b4bb542,1.244125,0.3068181818181818,88.0,6569,private_ip,outlier,outlier,1.0,1.0,27.0,E,27,56,0.07977207977207977,7,7,1,0.48408272365390226,3
19815,09c6908e-7546-393f-8b10-9cb320d20171,2.774869565217392,0.9130434782608696,23.0,3830,private_ip,outlier,outlier,1.0,1.0,21.0,F,21,22,0.05238095238095238,2,2,1,0.4840077305758755,3
28883,3145e1e9-769b-319a-a3fb-6a1f3dc29ebc,82.09414285714286,0.7142857142857143,7.0,34480,private_ip,outlier,outlier,1.0,1.0,5.0,F,5,6,0.3,2,2,2,0.48392354846860725,3
27556,245e06a7-17df-31b9-b670-d6b988b9293b,68.43983333333333,0.8333333333333334,6.0,24639,private_ip,outlier,outlier,1.0,1.0,5.0,F,5,4,0.2,1,2,0,0.48391244611723927,3
31921,eca2c515-1727-35c5-b120-24ccd0f15f81,2.589555555555556,0.3333333333333333,9.0,1399,private_ip,outlier,outlier,1.0,1.0,3.0,F,3,4,0.6666666666666666,2,2,2,0.48389233801401393,3
8883,f38d4a76-65e4-3be8-8425-359bb1328d87,1198.7265,0.8333333333333334,6.0,431542,default,outlier,outlier,1.0,1.0,5.0,E,5,4,0.2,1,2,0,0.48385896886881297,2
30986,c8d87647-ee37-3146-9c19-4a823f4ae5d7,14.46439,0.005,200.0,173573,datacenter,outlier,outlier,1.0,1.0,1.0,F,1,1,0.0,1,1,1,0.4838458852393065,2
25489,a824d3ba-f1e4-3810-8379-261623c68c5e,0.1233809523809523,0.238095238095238,84.0,622,private_ip,outlier,outlier,4.0,1.0,20.0,F,20,63,0.16578947368421051,5,5,2,0.483822304311663,3
31043,784fb6f7-3693-3daf-b869-0a671ced3395,86.64613953488373,0.0310077519379844,129.0,670642,default,outlier,outlier,1.0,1.0,4.0,F,4,9,0.75,3,3,3,0.4838215252958387,2
29855,52ba1077-a8fe-3c44-8e00-171a810adf81,7.07070707070707e-05,0.0252525252525252,2.2,1,default,Normal,normal,92.0,90.0,5.0,F,5,7,0.35,3,3,3,0.4838176452122995,2
7935,bf541c0a-0f1b-3aee-87a4-25bb413deafb,1.4604194444444445,0.1805555555555555,360.0,31546,default,outlier,outlier,1.0,1.0,65.0,E,65,146,0.035096153846153846,18,13,4,0.4837611536007799,4
14280,8fa8f7d5-2764-366a-9299-21222bb079db,1.3206301169590642,0.2076023391812865,342.0,27100,default,outlier,outlier,1.0,1.0,71.0,E,71,149,0.029979879275653924,16,12,7,0.48374105567138703,4
17774,de2423ec-fdde-3e3f-884f-7da4f1a86ff4,3.3371373626373626,0.0989010989010989,182.0,36442,private_ip,outlier,outlier,1.0,1.0,18.0,E,18,26,0.08496732026143791,5,9,3,0.4837218687998069,3
5622,9a45cefc-92ae-36fb-b5e0-91a5f3e085a8,0.755272506082725,0.1727493917274939,411.0,18626,default,outlier,outlier,1.0,1.0,71.0,E,71,154,0.030985915492957747,14,7,12,0.48370351413135965,4
13994,d2183bbe-fd27-39fa-99f0-52344aee7b74,1.3706194690265483,0.2389380530973451,113.0,9293,private_ip,outlier,outlier,1.0,1.0,27.0,E,27,53,0.0754985754985755,8,6,2,0.48368007461464807,3
12323,45b43b82-4280-3f8c-8b74-3828944b0a9a,0.0014430379746835,0.3164556962025316,79.0,7,private_ip,outlier,outlier,8.0,1.0,25.0,E,23,32,0.06324110671936758,7,6,3,0.4836547174333607,3
19963,a82201c9-15f4-326c-80c8-d9d499ca9119,0.0079416183447548,0.0031628887717448,41.23913043478261,1808,default,Normal,normal,92.0,92.0,12.0,F,12,16,0.12121212121212122,5,6,2,0.48363805164780654,2
1094,8b30adea-e1bc-33e9-8a27-513a41f26020,21.597774647887324,0.2816901408450704,71.0,92007,private_ip,outlier,outlier,1.0,1.0,20.0,E,20,35,0.09210526315789473,5,5,3,0.4836177721619378,3
3090,5754f9aa-c858-3fe7-baf8-e02e72e523e1,6.145279279279279,0.2612612612612612,111.0,40928,private_ip,outlier,outlier,1.0,1.0,29.0,E,29,53,0.06527093596059114,6,6,2,0.48360472038195806,3
17027,4ed12653-70f6-3961-a475-6fd63a37c429,3.319853658536585,0.2073170731707317,328.0,65335,default,outlier,outlier,2.0,1.0,68.0,E,68,140,0.030728709394205442,15,8,7,0.4835772201049739,4
860,009356b7-1b19-366c-8009-ecaa791498cd,9.034599557522125,0.2920353982300885,226.0,122510,default,outlier,outlier,1.0,1.0,66.0,E,66,126,0.02937062937062937,14,11,9,0.4835747257156056,4
29110,16519188-d1a8-3f2e-9c34-8380b52c2aa5,0.2744325581395349,0.0860465116279069,9.148936170212766,7081,default,Normal,normal,56.0,47.0,37.0,F,37,73,0.054804804804804805,7,14,10,0.4834378143733443,3
14539,6b7c0357-4ff2-3f31-a504-9ebbc6df8168,45.74791489361702,0.3404255319148936,47.0,129010,private_ip,outlier,outlier,1.0,1.0,16.0,E,16,28,0.11666666666666667,4,3,4,0.48342893671526355,2
19180,f57818c1-62ef-3b50-9d2f-9851146c4608,790.45075,0.5,4.0,189709,default,outlier,outlier,1.0,1.0,2.0,F,2,2,1.0,2,1,1,0.4833606097004671,2
8276,90e125ae-eebf-3054-9bec-e1ed82244e65,3.906344072164949,0.1675257731958762,388.0,90940,default,outlier,outlier,1.0,1.0,65.0,E,65,130,0.03125,14,10,12,0.4833605292849733,4
27653,6782176d-0279-3a46-9c33-14b7e1d47e81,1.8656288659793816,0.2268041237113402,97.0,10858,private_ip,outlier,outlier,5.0,1.0,22.0,F,22,58,0.12554112554112554,5,5,1,0.4833217430173838,3
19495,e9dfabea-ecd1-3d2f-8114-8d2c4efe40b1,0.0614507924085306,0.0029348464097045,62.329268292682926,18845,default,Normal,normal,82.0,82.0,15.0,F,15,20,0.09523809523809523,6,7,2,0.4832762076127494,2
22512,e29d4f0a-9700-33ec-96b7-1da2836551bd,0.0578880038387715,0.0028790786948176,62.023809523809526,18096,default,Normal,normal,84.0,84.0,15.0,F,15,20,0.09523809523809523,6,7,2,0.4832762076127494,2
29648,d313b650-4439-3288-8b00-8b44e71bf596,0.0648573790822654,0.0031004547333608,60.475,18827,default,Normal,normal,80.0,80.0,15.0,F,15,20,0.09523809523809523,6,7,2,0.4832762076127494,2
22268,cbe28dd6-9023-3c09-b270-f72a53017de8,0.0598526397215238,0.0029007928833881,63.83950617283951,18570,default,Normal,normal,81.0,81.0,15.0,F,15,20,0.09523809523809523,6,7,2,0.4832762076127494,2
27037,1311382f-e9aa-3fb9-a5da-cc16a9734d32,1.0865217391304347,0.8695652173913043,23.0,1500,private_ip,outlier,outlier,1.0,1.0,20.0,F,20,22,0.05789473684210526,2,2,1,0.4832066999841837,3
9918,f8c22b06-1ba2-39d6-8df6-0bf00cb24bb1,0.0003016759776536,0.0875232774674115,537.0,10,default,outlier,outlier,37.0,1.0,47.0,E,47,104,0.04810360777058279,11,12,14,0.4831608400993508,4
29527,4bfd0c14-4d59-3968-8845-01bdcf58a715,1.7991666666666668,0.3333333333333333,6.0,648,private_ip,outlier,outlier,3.0,1.0,2.0,F,2,1,0.5,1,1,0,0.483067520722506,3
24060,30163ef4-c296-3dab-9349-8b1115e9e55e,1.2416041666666668,0.1145833333333333,96.0,7152,private_ip,outlier,outlier,15.0,1.0,11.0,F,11,24,0.21818181818181817,4,5,4,0.4830351215446879,3
32368,3ee51892-7084-316f-8f2b-d52b2893fe29,1160.2845,0.75,4.0,278469,default,outlier,outlier,1.0,1.0,3.0,F,3,3,0.5,2,1,1,0.4829960073676161,2
11799,8e824e98-8008-3e56-9c15-28d24e59ac62,2.743073529411765,0.0514705882352941,136.0,22384,private_ip,outlier,outlier,1.0,1.0,7.0,E,7,13,0.30952380952380953,4,3,3,0.48299028139294176,3
2503,04ad18ea-8036-35c6-b56e-64e0de8b593d,4.795117647058824,0.4411764705882353,68.0,19565,private_ip,outlier,outlier,1.0,1.0,30.0,E,30,47,0.054022988505747126,6,5,0,0.48296128337919897,3
21423,60ec0285-7153-3a94-aff8-a5870c037762,0.0621580251620282,0.012962256957682,119.22727272727272,9783,default,Normal,normal,16.0,22.0,34.0,F,34,97,0.08645276292335116,9,18,12,0.48293671656547804,4
34060,5b85f170-7605-3996-b1f4-e25c42c88d35,6.179775280898876e-05,0.0168539325842696,2.045977011494253,1,default,Normal,normal,87.0,87.0,3.0,F,3,2,0.3333333333333333,1,1,0,0.48272148646283064,3
19595,48d59a36-33b6-374c-bb48-fe1bf3bff327,0.0001440677966101,0.0169491525423728,2.034482758620689,2,default,Normal,normal,88.0,87.0,3.0,F,3,2,0.3333333333333333,1,1,0,0.48272148646283064,2
32395,a8c49b1f-65d1-3f80-939b-fe3f1f0638d6,0.0001,0.0147058823529411,3.5789473684210527,3,default,Normal,normal,96.0,95.0,5.0,F,5,8,0.4,2,4,2,0.4826301704845785,2
12854,2dd4382e-c557-3492-82ec-b860fc9db560,2.2138972431077697,0.1679197994987468,399.0,53001,default,outlier,outlier,1.0,1.0,67.0,E,67,135,0.030529172320217096,14,13,8,0.4826140251582872,4
21090,0d91b706-a9ca-30fb-8167-b62b048f2eb0,1.7751666666666668,0.3333333333333333,6.0,640,private_ip,outlier,outlier,3.0,1.0,2.0,F,2,1,0.5,1,1,0,0.48260246663136236,3
17758,b1e6f58a-780e-3f7e-bd06-2be62fd6ab2c,1.4430369565217391,0.1652173913043478,460.0,39828,default,outlier,outlier,2.0,1.0,76.0,E,76,162,0.028421052631578948,12,9,9,0.48252735148147174,4
19687,76c619bb-9593-3679-a482-8c6095a1c61c,0.6463948220064725,0.0496224379719525,77.25,35953,default,Normal,normal,26.0,12.0,46.0,F,46,142,0.06859903381642513,9,11,14,0.4824843171496381,4
25999,522e495b-ecf1-3155-812a-b5eeea68795b,0.0003207547169811,0.0188679245283018,2.07843137254902,3,default,Normal,normal,51.0,51.0,2.0,F,2,2,1.0,2,1,1,0.48239731517312134,2
33385,a3398f1a-397f-39dd-97a2-1d5f466d0f3c,0.4010681818181818,0.8636363636363636,22.0,530,private_ip,outlier,outlier,2.0,1.0,19.0,F,19,21,0.06140350877192982,2,2,2,0.4823912961708192,3
12514,63e48de1-1fe0-3dd6-8ad1-89221c34ff58,0.3540128571428571,0.0014285714285714,1400.0,29738,default,outlier,outlier,1.0,1.0,2.0,E,2,3,1.5,2,2,2,0.4823617894479357,2
6941,8a73482d-6288-348a-820c-bee9a4f6860c,0.963,0.1815856777493606,391.0,22592,default,outlier,outlier,1.0,1.0,71.0,E,71,140,0.028169014084507043,17,11,9,0.48224322463634506,4
28727,5077db63-879a-3efb-87f2-5d3d8d13e302,81.39223255813954,0.0166112956810631,150.5,1469944,default,Normal,normal,2.0,2.0,5.0,F,5,9,0.45,4,3,2,0.4822112438424146,2
10792,9653b887-0e5a-3aa8-8193-e3376828a3d8,2.463222222222222,0.3555555555555555,90.0,13302,private_ip,outlier,outlier,1.0,1.0,32.0,E,32,38,0.038306451612903226,5,7,3,0.48220439926234715,3
4574,d05f481c-66af-3f1b-87b9-8b791499729a,0.0065,0.3333333333333333,2.0,3,private_ip,Googlebot/2.1;unknown,bot,3.0,3.0,2.0,E,2,1,0.5,1,1,0,0.48220368077990905,3
7600,fb676711-5846-37cd-9251-88c3e1e47817,0.0066666666666666,0.3333333333333333,2.0,3,private_ip,Python-requests;unknown,bot,3.0,3.0,2.0,E,2,1,0.5,1,1,0,0.48220368077990905,3
2888,2b8e63a7-ffe7-30e2-befb-7f2dc11babaa,0.0071666666666666,0.3333333333333333,2.0,3,private_ip,Python-requests;unknown,bot,3.0,3.0,2.0,E,2,1,0.5,1,1,0,0.48220368077990905,3
3557,eee6ef46-0047-3890-a588-84963f3413df,0.0065,0.3333333333333333,2.0,3,private_ip,Googlebot/2.1;unknown,bot,3.0,3.0,2.0,E,2,1,0.5,1,1,0,0.48220368077990905,3
24429,a5a6bf2a-00cf-3922-86e0-7f5ab79f3293,0.0002088353413654,0.0240963855421686,2.7065217391304346,4,default,Normal,normal,98.0,92.0,6.0,F,6,10,0.3333333333333333,3,4,2,0.4820202740688016,2
18079,b6d1b83b-ec7d-3e8d-91e8-f6cfd9afffd5,916.2928888888888,0.5555555555555556,9.0,494799,default,outlier,outlier,1.0,1.0,5.0,F,5,7,0.35,3,2,1,0.48189139898593963,2
10203,4372d88b-8532-383e-8d0d-b0a56f427299,0.7785117753623189,0.1014492753623188,552.0,25785,default,outlier,outlier,2.0,1.0,56.0,E,56,171,0.05551948051948052,15,13,7,0.4818373880600419,4
23396,be432c29-5d42-307c-8bbb-bff6f84202f1,0.0007272727272727,0.0108225108225108,12.0,41,default,Normal,normal,78.0,77.0,10.0,F,10,18,0.2,3,7,3,0.4818026305008829,2
26167,2fe51732-06b2-31d2-abda-49644467ecd1,0.0023605703938433,0.0081484834766862,46.020833333333336,313,default,Normal,normal,56.0,48.0,18.0,F,18,45,0.14705882352941177,7,12,10,0.481634228761064,3
14843,7db28937-4050-373e-9152-610b8e2154d2,36.83825,1.0,4.0,8842,private_ip,outlier,outlier,1.0,1.0,4.0,E,4,3,0.25,1,1,0,0.48160257766498377,3
842,cbb4981e-a292-3689-ab3f-658a6f427aa5,8.236712328767124,0.3698630136986301,73.0,36077,private_ip,outlier,outlier,1.0,1.0,27.0,E,27,42,0.05982905982905983,7,4,4,0.481564598227915,3
19957,95391fca-f291-34ae-81e6-870015e9d886,0.0482444774851316,0.0031860662701784,58.85,13629,default,Normal,normal,80.0,80.0,15.0,F,15,20,0.09523809523809523,6,7,2,0.4814933664706817,2
14073,7f4bfde3-6e6e-3d32-ae9b-477afd4b1b7a,2103.6923333333334,1.0,3.0,378665,default,outlier,outlier,1.0,1.0,3.0,E,3,2,0.3333333333333333,1,1,0,0.4814737158115419,2
32894,bb8700cd-dd50-3c87-9485-2347783141a1,0.0587786008230452,0.0030864197530864,62.30769230769231,17140,default,Normal,normal,78.0,78.0,15.0,F,15,20,0.09523809523809523,6,7,2,0.4814166526250173,2
2723,54b11542-b70b-3fe6-b5d9-cb387a2d3b4f,94.964,0.6666666666666666,6.0,34188,private_ip,outlier,outlier,1.0,1.0,4.0,E,4,4,0.3333333333333333,2,3,1,0.48138006262805416,3
34350,28565546-6a0f-30d3-8fe7-d214a5e8f61e,4.857584615384615,0.3846153846153846,65.0,18945,private_ip,outlier,outlier,3.0,1.0,25.0,F,25,43,0.07166666666666667,4,4,2,0.4812951363654262,3
14468,bcabacbe-103c-3041-b3f0-68d505b8b551,0.5519454545454546,0.1939393939393939,330.0,10929,default,outlier,outlier,2.0,1.0,64.0,E,64,149,0.03695436507936508,13,13,12,0.4812864847749645,4
13451,37d73d85-f3c7-328b-96ad-a4cc5851b4f3,6.210822580645161,0.4516129032258064,62.0,23105,private_ip,outlier,outlier,1.0,1.0,28.0,E,28,43,0.056878306878306875,6,7,2,0.4812828739050199,3
12639,bfd0721d-772f-33cd-8d6f-933af98cd79d,0.1374047619047619,0.0253623188405797,1932.0,15928,default,outlier,outlier,1.0,1.0,49.0,E,25,100,0.16666666666666666,10,11,6,0.48122432473044263,3
31296,7f701940-e6c7-3744-8fc5-76542a79013d,397.64293333333336,0.1777777777777777,45.0,1073636,default,outlier,outlier,1.0,1.0,8.0,F,8,14,0.25,4,3,3,0.48120026972417645,2
16689,3ca5d79f-87bd-3dd2-8eae-642dd0cb2101,6.2032439024390245,0.3292682926829268,82.0,30520,private_ip,outlier,outlier,1.0,1.0,27.0,E,27,44,0.06267806267806268,7,5,4,0.4811398624643416,3
14162,5cd482a5-7040-335c-b5d0-7c64e47b71ed,1.5373333333333332,1.0,3.0,277,private_ip,outlier,outlier,1.0,1.0,3.0,E,2,1,0.5,1,1,0,0.4811224552002385,3
24481,242ad873-b8a5-3fc5-a9ea-652f40d0794d,0.020375,0.95,20.0,25,private_ip,outlier,outlier,2.0,1.0,19.0,F,19,19,0.05555555555555555,2,2,1,0.4810886146951491,3
18479,972c8f83-54ec-3a8a-b7d9-1f4e33176c19,0.0074622950819672,0.160655737704918,12.708333333333334,137,default,Normal,normal,31.0,24.0,49.0,F,49,81,0.03443877551020408,9,13,9,0.48103269582726893,4
33727,369e82ba-dd33-3139-87be-a3e269826835,0.1562433846153846,0.0178461538461538,1625.0,15234,default,outlier,outlier,7.0,1.0,29.0,F,29,103,0.1268472906403941,8,8,8,0.4808504438068616,3
29497,f37b8e11-c540-316d-87cb-98be3f29ae6d,42.54259,0.005,200.0,510512,default,outlier,outlier,1.0,1.0,1.0,F,1,1,0.0,1,1,1,0.4807892331436607,2
5402,1ad74cf1-a5f6-3113-a23b-1bbca3f60e35,7.670958333333333,0.5208333333333334,48.0,22093,private_ip,outlier,outlier,1.0,1.0,25.0,E,24,36,0.06521739130434782,8,5,3,0.4806379233669733,3
13272,064308d5-1868-329a-b8f6-15420d0d5546,0.8414236311239194,0.2017291066282421,347.0,17519,default,outlier,outlier,2.0,1.0,70.0,E,70,153,0.031677018633540374,15,11,8,0.48060783514243005,4
13273,064308d5-1868-329a-b8f6-15420d0d5546,0.8414236311239194,0.2017291066282421,347.0,17519,default,outlier,outlier,2.0,1.0,70.0,E,70,153,0.031677018633540374,15,11,8,0.48060783514243005,4
13270,064308d5-1868-329a-b8f6-15420d0d5546,0.8414236311239194,0.2017291066282421,347.0,17519,default,outlier,outlier,2.0,1.0,70.0,E,70,153,0.031677018633540374,15,11,8,0.48060783514243005,4
13272,064308d5-1868-329a-b8f6-15420d0d5546,0.8414236311239194,0.2017291066282421,347.0,17519,default,outlier,outlier,2.0,1.0,70.0,E,70,153,0.031677018633540374,15,11,8,0.48060783514243005,4
13272,064308d5-1868-329a-b8f6-15420d0d5546,0.8414236311239194,0.2017291066282421,347.0,17519,default,outlier,outlier,2.0,1.0,70.0,E,70,153,0.031677018633540374,15,11,8,0.48060783514243005,4
13271,064308d5-1868-329a-b8f6-15420d0d5546,0.8414236311239194,0.2017291066282421,347.0,17519,default,outlier,outlier,2.0,1.0,70.0,E,70,153,0.031677018633540374,15,11,8,0.48060783514243005,4
13273,064308d5-1868-329a-b8f6-15420d0d5546,0.8414236311239194,0.2017291066282421,347.0,17519,default,outlier,outlier,2.0,1.0,70.0,E,70,153,0.031677018633540374,15,11,8,0.48060783514243005,4
13273,064308d5-1868-329a-b8f6-15420d0d5546,0.8414236311239194,0.2017291066282421,347.0,17519,default,outlier,outlier,2.0,1.0,70.0,E,70,153,0.031677018633540374,15,11,8,0.48060783514243005,4
13273,064308d5-1868-329a-b8f6-15420d0d5546,0.8414236311239194,0.2017291066282421,347.0,17519,default,outlier,outlier,2.0,1.0,70.0,E,70,153,0.031677018633540374,15,11,8,0.48060783514243005,4
13270,064308d5-1868-329a-b8f6-15420d0d5546,0.8414236311239194,0.2017291066282421,347.0,17519,default,outlier,outlier,2.0,1.0,70.0,E,70,153,0.031677018633540374,15,11,8,0.48060783514243005,4
13270,064308d5-1868-329a-b8f6-15420d0d5546,0.8414236311239194,0.2017291066282421,347.0,17519,default,outlier,outlier,2.0,1.0,70.0,E,70,153,0.031677018633540374,15,11,8,0.48060783514243005,4
13271,064308d5-1868-329a-b8f6-15420d0d5546,0.8414236311239194,0.2017291066282421,347.0,17519,default,outlier,outlier,2.0,1.0,70.0,E,70,153,0.031677018633540374,15,11,8,0.48060783514243005,4
13271,064308d5-1868-329a-b8f6-15420d0d5546,0.8414236311239194,0.2017291066282421,347.0,17519,default,outlier,outlier,2.0,1.0,70.0,E,70,153,0.031677018633540374,15,11,8,0.48060783514243005,4
13270,064308d5-1868-329a-b8f6-15420d0d5546,0.8414236311239194,0.2017291066282421,347.0,17519,default,outlier,outlier,2.0,1.0,70.0,E,70,153,0.031677018633540374,15,11,8,0.48060783514243005,4
13272,064308d5-1868-329a-b8f6-15420d0d5546,0.8414236311239194,0.2017291066282421,347.0,17519,default,outlier,outlier,2.0,1.0,70.0,E,70,153,0.031677018633540374,15,11,8,0.48060783514243005,4
13271,064308d5-1868-329a-b8f6-15420d0d5546,0.8414236311239194,0.2017291066282421,347.0,17519,default,outlier,outlier,2.0,1.0,70.0,E,70,153,0.031677018633540374,15,11,8,0.48060783514243005,4
1585,31cad156-9e08-3059-a8be-e371586ff275,0.3407269662921348,0.1325842696629213,445.0,9098,default,outlier,outlier,5.0,1.0,59.0,E,59,145,0.0423728813559322,17,13,7,0.4805936808986553,4
578,9a7aab95-93e6-33f6-8789-d42f249b3521,7.379042483660131,0.2124183006535947,306.0,135480,default,outlier,outlier,1.0,1.0,65.0,E,65,136,0.032692307692307694,13,10,11,0.4803858443878827,4
14503,0ed645e0-61df-3043-81ca-7c15fc875b5f,2.210355685131196,0.2069970845481049,343.0,45490,default,outlier,outlier,1.0,1.0,71.0,E,71,147,0.029577464788732393,14,10,11,0.48036932690364875,4
31485,703576a8-9432-340d-a896-4ffdb3803947,73.79025,0.875,8.0,35420,private_ip,outlier,outlier,1.0,1.0,7.0,F,7,7,0.16666666666666666,2,2,1,0.48031643983887384,3
6851,73d8a2e8-7138-3482-82fe-acd2810f2af8,1.3806666666666667,1.0,3.0,249,private_ip,outlier,outlier,1.0,1.0,3.0,E,2,1,0.5,1,1,0,0.4801938198755792,3
8378,b4aba072-560c-35de-a7f7-e6fabf7ef7bb,14.503486486486487,0.6486486486486487,37.0,32198,private_ip,outlier,outlier,1.0,1.0,24.0,E,24,33,0.059782608695652176,6,5,1,0.4801570069838011,3
27757,af82edc1-f924-313d-9c8b-4239350bbe1d,0.0017684824902723,0.0097276264591439,11.173913043478262,110,default,Normal,normal,93.0,92.0,10.0,F,10,12,0.13333333333333333,3,6,2,0.48012124744720197,2
13991,cc556a20-5ff2-3060-963f-b7a3d8bca7e1,0.0014478827361563,0.0684039087947882,40.93333333333333,54,default,Googlebot/2.1,bot,95.0,15.0,42.0,E,42,99,0.05749128919860627,9,10,12,0.48008754614049126,3
20642,e919a130-5012-37f9-aa6a-fe1695cd416d,2.575217391304348,0.8695652173913043,23.0,3554,private_ip,outlier,outlier,1.0,1.0,20.0,F,20,22,0.05789473684210526,2,2,1,0.4800208161050228,3
3268,a4c13bc1-1aaa-3bc7-b785-17e31779f2d1,11.187838323353294,0.1377245508982036,334.0,224205,default,outlier,outlier,1.0,1.0,46.0,E,46,132,0.06376811594202898,15,13,5,0.47986311517702884,3
1307,e44151ed-d325-3cd2-9e83-f0e9c15e6ef0,5.030869942196532,0.176300578034682,346.0,104441,default,outlier,outlier,2.0,1.0,61.0,E,61,140,0.03825136612021858,15,8,12,0.4797428864805098,4
27118,267b4428-0d81-355e-a39e-9ff6f9411838,0.0986926829268292,0.048780487804878,61.5,3642,default,Normal,normal,30.0,10.0,30.0,F,30,159,0.18275862068965518,13,12,3,0.47970242309237376,2
8394,dcca56e7-ab35-3413-84ae-0d49d1a09575,0.0255,1.0,2.0,4,private_ip,Sogou web spider/4.0;unknown,bot,1.0,1.0,2.0,E,2,1,0.5,1,1,0,0.4796898329565767,3
6929,50000c67-1b10-39be-944d-726982309496,0.027,1.0,2.0,4,private_ip,Sogou web spider/4.0;unknown,bot,1.0,1.0,2.0,E,2,1,0.5,1,1,0,0.4796898329565767,3
229,bb38ce3e-0104-323e-9126-f210b94cd49e,0.0305,1.0,2.0,4,private_ip,Python-urllib;unknown,bot,1.0,1.0,2.0,E,2,1,0.5,1,1,0,0.4796898329565767,3
236,cb340abb-5bad-34b0-8df8-c4b51514f4f1,0.0335,1.0,2.0,5,private_ip,Baiduspider/2.0;unknown,bot,1.0,1.0,2.0,E,2,1,0.5,1,1,0,0.4796898329565767,3
5576,04635a58-29b2-33a5-a7d2-1df9f6c5a8af,0.0255,1.0,2.0,4,private_ip,FacebookExternalHit/1.1;unknown,bot,1.0,1.0,2.0,E,2,1,0.5,1,1,0,0.4796898329565767,3
15761,b99e5880-e5ef-3097-b38e-af09e29aec10,0.0305,1.0,2.0,4,private_ip,Sogou web spider/4.0;unknown,bot,1.0,1.0,2.0,E,2,1,0.5,1,1,0,0.4796898329565767,3
14290,bfa405ab-571e-3591-858c-f59fc0d25ca9,0.0455,1.0,2.0,6,private_ip,Screaming Frog SEO Spider;unknown,bot,1.0,1.0,2.0,E,2,1,0.5,1,1,0,0.4796898329565767,3
16409,1bfc582d-70fe-3811-a868-e1e9df046885,0.0265,1.0,2.0,4,private_ip,Googlebot-Image/1.0;unknown,bot,1.0,1.0,2.0,E,2,1,0.5,1,1,0,0.4796898329565767,3
13941,414738be-d9fb-3b3d-bf37-b8c52710b06f,0.026,1.0,2.0,4,private_ip,FacebookExternalHit/1.1;unknown,bot,1.0,1.0,2.0,E,2,1,0.5,1,1,0,0.4796898329565767,3
9572,1796912e-d676-3d26-a801-d4c935a08fec,0.027,1.0,2.0,4,private_ip,Googlebot/2.1;unknown,bot,1.0,1.0,2.0,E,2,1,0.5,1,1,0,0.4796898329565767,3
8693,08f3ae75-ff93-3661-b902-9468a5ecd69d,0.026,1.0,2.0,4,private_ip,Screaming Frog SEO Spider;unknown,bot,1.0,1.0,2.0,E,2,1,0.5,1,1,0,0.4796898329565767,3
5941,4367ad9b-48d2-3979-b04e-6ac040a6973f,0.0265,1.0,2.0,4,private_ip,Googlebot/2.1;unknown,bot,1.0,1.0,2.0,E,2,1,0.5,1,1,0,0.4796898329565767,3
16822,e963023a-aeec-3ba1-919d-9916fccad767,0.0315,1.0,2.0,4,private_ip,Googlebot/2.1;unknown,bot,1.0,1.0,2.0,E,2,1,0.5,1,1,0,0.4796898329565767,3
14350,835d8024-c135-3453-b455-5936f6d4e1bc,0.0265,1.0,2.0,4,private_ip,bingbot/2.0;unknown,bot,1.0,1.0,2.0,E,2,1,0.5,1,1,0,0.4796898329565767,3
4033,35e31304-2a37-3b62-afa5-49e8b0a2002c,0.027,1.0,2.0,4,private_ip,Googlebot/2.1;unknown,bot,1.0,1.0,2.0,E,2,1,0.5,1,1,0,0.4796898329565767,3
27202,0bcdb166-b52d-349b-b59e-6182ba188bee,1.795357894736842,0.0614035087719298,142.5,61402,default,Normal,normal,1.0,4.0,35.0,F,35,104,0.08739495798319327,16,16,9,0.47958733624809713,3
2282,7f37c746-c89d-3402-a098-56b5675a0523,2.9086701030927835,0.0670103092783505,194.0,33857,private_ip,outlier,outlier,1.0,1.0,13.0,E,12,21,0.1590909090909091,6,4,4,0.47950912446721056,3
32024,1370c6c1-1f12-341b-983e-945e29917fd9,0.3313264150943396,0.0981132075471698,40.76923076923077,10537,default,Normal,normal,19.0,13.0,52.0,F,52,95,0.03582202111613876,8,15,11,0.4794983821593285,4
6939,84b10cd3-4970-3bb3-bd8c-c74004cf7fad,14.945692307692308,0.6153846153846154,39.0,34973,private_ip,outlier,outlier,1.0,1.0,24.0,E,24,35,0.06340579710144928,6,5,3,0.4794699944052876,3
24624,f85cb33a-e5d7-3830-8ca5-63762311fb92,0.0584895833333333,0.0295138888888888,144.0,4043,default,Normal,normal,52.0,8.0,34.0,F,34,169,0.15062388591800357,11,12,6,0.4794025289043235,3
16870,7f91b388-e61d-310f-b404-6b4161ce087e,1.8358823529411763,0.1,170.0,18726,private_ip,outlier,outlier,1.0,1.0,17.0,E,16,35,0.14583333333333334,5,8,4,0.4793698483143592,3
27412,7efd7476-4e8f-3f18-af8c-946824b09ac5,0.0015249999999999,0.0102272727272727,11.282051282051285,81,default,Normal,normal,79.0,78.0,9.0,F,9,11,0.1527777777777778,2,6,3,0.4793590887600992,2
33529,7aa85a0a-2265-350c-aeb5-d82082a3fb43,0.036175,0.95,20.0,44,private_ip,outlier,outlier,2.0,1.0,19.0,F,19,18,0.05263157894736842,2,2,1,0.4792320178963574,3
25678,aa7cc9a5-4f1e-359d-aa49-6b2db22de985,934.9932,0.2,5.0,280498,default,AdsBot-Google;Mobile Safari,bot,1.0,1.0,1.0,F,1,1,0.0,1,1,1,0.47920828213856526,2
33323,ddf23eef-fb1c-344a-b878-3ec7d166a6da,68.25525,0.75,4.0,16382,private_ip,outlier,outlier,1.0,1.0,3.0,F,3,2,0.3333333333333333,1,2,0,0.47913283989767536,3
19703,b4160aa5-91b2-3969-9a3e-161e7d5105f3,0.00025,0.0189873417721519,2.0789473684210527,3,default,Normal,normal,78.0,76.0,3.0,F,3,2,0.3333333333333333,1,1,0,0.4790063903218672,2
23887,f6f41549-b5ed-3964-83be-4516a0db7b0c,160.5923,0.2,10.0,96356,datacenter,outlier,outlier,1.0,1.0,2.0,F,2,2,1.0,2,1,1,0.47894305215264527,2
26834,ab66f7f4-90e7-3aaf-ac68-994b1b293b6f,3.9735099337748346e-05,0.0198675496688741,2.0972222222222223,1,default,Normal,normal,75.0,72.0,3.0,F,3,3,0.5,2,2,1,0.47892649306896445,2
4193,ae3504ac-cbc7-3124-9659-aad981b5cc9e,1.189752551020408,0.096938775510204,588.0,41975,default,outlier,outlier,1.0,1.0,57.0,E,57,140,0.043859649122807015,15,14,10,0.47889189869370763,4
2417,daf43aee-70fb-3845-abea-92af0d68b06b,4.796375,0.109375,128.0,36837,private_ip,outlier,outlier,1.0,1.0,14.0,E,14,35,0.19230769230769232,5,6,5,0.4788663147964487,3
17848,cf062c76-606b-3a6d-b83d-6c9f26169c65,9.37908,0.8,25.0,14069,private_ip,outlier,outlier,1.0,1.0,20.0,F,20,22,0.05789473684210526,2,2,3,0.478731797302494,3
7195,6c98c8e1-fe85-3988-ac1a-e3e25a817c6a,37.7969375,0.5625,32.0,72571,private_ip,outlier,outlier,1.0,1.0,18.0,E,17,22,0.08088235294117647,6,5,1,0.4787087631005807,3
20829,18feb695-2bd1-30a9-ae82-d9f28fc68abe,0.0002666666666666,0.0333333333333333,2.967032967032967,5,default,Normal,normal,96.0,91.0,9.0,F,9,13,0.18055555555555555,3,5,1,0.4786338308628262,2
2842,c73f43b4-45cd-3465-bfd5-d311475e74c6,2.17940625,0.2708333333333333,240.0,31384,default,outlier,outlier,2.0,1.0,65.0,E,65,147,0.03533653846153846,16,13,7,0.4786000283523196,4
10701,d4bda620-36ca-316e-ad2b-0a53e19a6066,3.3139434447300773,0.1285347043701799,389.0,77348,default,outlier,outlier,2.0,1.0,50.0,E,50,135,0.05510204081632653,15,14,12,0.4785907101372121,4
12602,58bca706-c9c8-38ba-ba0c-7bc6e33e6dc8,25.344,1.0,3.0,4562,private_ip,outlier,outlier,1.0,1.0,3.0,E,3,2,0.3333333333333333,1,1,0,0.4785669343142007,3
12824,c23f3cdc-249b-3306-b960-7833f5c7f1fa,7.590370927318296,0.1604010025062656,399.0,181714,default,outlier,outlier,1.0,1.0,64.0,E,64,139,0.03447420634920635,11,7,8,0.4785326626385143,4
22576,b3a076f2-be14-39b0-a828-2738260d946b,0.0025196779964221,0.0062611806797853,13.152941176470588,170,default,Normal,normal,84.0,85.0,7.0,F,7,11,0.2619047619047619,3,6,3,0.47838637396846423,2
29554,9b3219be-4010-3fe3-b5f8-3c75d1eab501,0.3152357212003872,0.0464666021297192,49.19047619047619,19539,default,Normal,normal,28.0,21.0,48.0,F,48,86,0.038120567375886524,9,15,9,0.4783607016895638,4
161,d7803e15-51ac-3420-a112-1599aad6a12d,4.711874045801526,0.1730279898218829,393.0,111106,default,outlier,outlier,1.0,1.0,68.0,E,68,145,0.03182616330114135,8,9,10,0.4783535933431988,4
12178,c87b302b-331b-333d-b6f5-587e8522d842,0.006125,0.25,2.6666666666666665,3,private_ip,FacebookExternalHit/1.1;unknown,bot,4.0,3.0,2.0,E,2,1,0.5,1,1,0,0.47835324684916086,3
14615,34e8dbf8-034e-3ff5-b898-d8686187130a,1.3303333333333334,1.0,3.0,240,private_ip,outlier,outlier,1.0,1.0,3.0,E,2,1,0.5,1,1,0,0.47823133476602064,3
4793,862c4c8a-6d8e-30b4-bd04-09c6b12dd152,0.0001890243902439,0.0670731707317073,2.6031746031746037,2,default,BingPreview/1.0b,bot,145.0,63.0,11.0,E,11,14,0.12727272727272726,2,2,10,0.47819626944892085,2
14125,f7818efd-45ff-37a3-a716-d3e50aa508e4,0.0003858560794044,0.0347394540942928,806.0,19,default,outlier,outlier,8.0,1.0,28.0,E,28,121,0.16005291005291006,11,12,10,0.4781077717866218,3
29268,30af9280-cace-3df6-9511-fa23faba98f1,0.3228,0.0403433476394849,55.47619047619048,22564,default,Normal,normal,27.0,21.0,47.0,F,47,80,0.03700277520814061,9,16,10,0.4780075082588949,4
5892,d17d4b5c-e5c0-3e57-b66e-4724672f725e,0.5045288461538461,0.1239316239316239,468.0,14168,default,outlier,outlier,2.0,1.0,58.0,E,58,147,0.04446460980036298,15,15,8,0.4778851277301337,4
29866,79ef6e53-f878-3c7c-84a5-6bf6062552b0,130.25490909090908,0.0330578512396694,121.0,945651,default,outlier,outlier,1.0,1.0,4.0,F,4,8,0.6666666666666666,3,3,2,0.4778568801437562,2
15930,805a75dd-e073-35f8-85d7-fbf9ffa6f74f,0.025,1.0,2.0,3,private_ip,Googlebot/2.1;unknown,bot,1.0,1.0,2.0,E,2,1,0.5,1,1,0,0.47783512767088865,3
3415,52ad1494-a9f5-3c69-a11f-5fc32759d8d0,0.025,1.0,2.0,3,private_ip,Sogou web spider/4.0;unknown,bot,1.0,1.0,2.0,E,2,1,0.5,1,1,0,0.47783512767088865,3
17734,76829f65-7f72-398e-89e1-fdee6d1bc641,0.0245,1.0,2.0,3,private_ip,YandexBot/3.0;unknown,bot,1.0,1.0,2.0,E,2,1,0.5,1,1,0,0.47783512767088865,3
4756,ef69ed6a-3e0c-3150-9b7d-ac14ae4fe5b7,0.024,1.0,2.0,3,private_ip,FacebookExternalHit/1.1;unknown,bot,1.0,1.0,2.0,E,2,1,0.5,1,1,0,0.47783512767088865,3
17366,59f85f96-26f5-31a5-ad0f-7fad135fc621,0.025,1.0,2.0,3,private_ip,Sogou web spider/4.0;unknown,bot,1.0,1.0,2.0,E,2,1,0.5,1,1,0,0.47783512767088865,3
13921,0c4d62b2-5f52-30ed-b254-abcab1ddc503,0.0245,1.0,2.0,3,private_ip,YandexBot/3.0;unknown,bot,1.0,1.0,2.0,E,2,1,0.5,1,1,0,0.47783512767088865,3
687,f569ac51-4315-30b7-a3a7-e8a0f14102d9,0.0245,1.0,2.0,3,private_ip,Sogou web spider/4.0;unknown,bot,1.0,1.0,2.0,E,2,1,0.5,1,1,0,0.47783512767088865,3
5306,eb13c8a4-abd4-3cf0-a2a4-762b9c79fad1,2.443676086956522,0.3173913043478261,230.0,33723,default,outlier,outlier,2.0,1.0,73.0,E,73,135,0.025684931506849314,14,12,6,0.4777725863966191,4
17115,63cf5149-7841-319b-8927-0b3b8839b7bb,14.197994652406416,0.3368983957219251,187.0,159302,default,outlier,outlier,1.0,1.0,63.0,E,63,112,0.02867383512544803,12,6,11,0.4777389796340855,4
22541,377f9361-e2ef-3b3d-91f6-9013e4a8da0e,0.132480198019802,0.0306930693069306,112.22222222222224,8029,default,Normal,normal,47.0,9.0,31.0,F,31,159,0.17096774193548386,12,13,3,0.4775473106224081,2
1268,85feb763-9c94-3834-8107-7d736a9ea9e5,0.0235,1.0,2.0,3,private_ip,Screaming Frog SEO Spider;unknown,bot,1.0,1.0,2.0,E,2,1,0.5,1,1,0,0.4773718433631421,3
16263,5b7a1766-2f1a-325d-a771-fe4f4d554c18,0.0225,1.0,2.0,3,private_ip,Python-requests;unknown,bot,1.0,1.0,2.0,E,2,1,0.5,1,1,0,0.4773718433631421,3
9684,3aaad631-a794-36f4-858c-77cc5105f790,0.0235,1.0,2.0,3,private_ip,bingbot/2.0;unknown,bot,1.0,1.0,2.0,E,2,1,0.5,1,1,0,0.4773718433631421,3
1277,942bede0-229d-3ca3-885a-1e12b14977d8,0.0225,1.0,2.0,3,private_ip,Googlebot-Mobile;unknown,bot,1.0,1.0,2.0,E,2,1,0.5,1,1,0,0.4773718433631421,3
5514,411230fb-2085-3750-9a47-7a554f8f385b,0.0235,1.0,2.0,3,private_ip,YandexBot/3.0;unknown,bot,1.0,1.0,2.0,E,2,1,0.5,1,1,0,0.4773718433631421,3
5078,8a78c85b-e9a9-3224-acf2-61ab7bee8e46,0.0225,1.0,2.0,3,private_ip,bingbot/2.0;unknown,bot,1.0,1.0,2.0,E,2,1,0.5,1,1,0,0.4773718433631421,3
5677,5a31338c-063d-3fd5-b5b7-9eeb11e93610,0.0235,1.0,2.0,3,private_ip,BingPreview/1.0b;unknown,bot,1.0,1.0,2.0,E,2,1,0.5,1,1,0,0.4773718433631421,3
13805,cbc5996f-22af-35f4-9932-26e441103595,0.022,1.0,2.0,3,private_ip,FacebookExternalHit/1.1;unknown,bot,1.0,1.0,2.0,E,2,1,0.5,1,1,0,0.4773718433631421,3
1338,38bfd85a-3e07-3f43-9ac8-ab1d98aa56b2,0.023,1.0,2.0,3,private_ip,Sogou web spider/4.0;unknown,bot,1.0,1.0,2.0,E,2,1,0.5,1,1,0,0.4773718433631421,3
14909,37fd0cea-4255-38c9-a9e2-f481e10bcbed,0.022,1.0,2.0,3,private_ip,Python-requests;unknown,bot,1.0,1.0,2.0,E,2,1,0.5,1,1,0,0.4773718433631421,3
891,60f9fe02-7234-385d-ac21-f5531bca8ffd,0.022,1.0,2.0,3,private_ip,bingbot/2.0;unknown,bot,1.0,1.0,2.0,E,2,1,0.5,1,1,0,0.4773718433631421,3
9628,9e95fd84-7614-33e4-9c03-79ee562d2699,0.023,1.0,2.0,3,private_ip,AdsBot-Google;unknown,bot,1.0,1.0,2.0,E,2,1,0.5,1,1,0,0.4773718433631421,3
29740,0b835fa1-4da6-3ab4-ba8a-32f03424507c,0.0041117561683599,0.04644412191582,10.765625,170,default,Normal,normal,86.0,64.0,32.0,F,32,73,0.07358870967741936,5,6,6,0.4773649437532946,3
22980,32392d22-8f8f-37c1-8e9a-6134ae17f9ab,0.1294210526315789,0.9473684210526316,19.0,148,private_ip,outlier,outlier,1.0,1.0,18.0,F,18,17,0.05555555555555555,1,2,0,0.47725713472329767,3
22564,87bcc963-fbcc-33db-9abe-9e6e88840f4a,3.751,0.9473684210526316,19.0,4277,private_ip,outlier,outlier,1.0,1.0,18.0,F,18,17,0.05555555555555555,1,2,0,0.47724458825065585,3
10892,9acd46de-6c3e-3751-844b-8c85365b20dc,1.3192000000000002,0.65,40.0,3167,private_ip,outlier,outlier,1.0,1.0,26.0,E,26,34,0.052307692307692305,7,5,2,0.47713868572245305,3
29710,a6053152-c430-3e1a-b1f7-288984fad429,10.764398148148148,0.4259259259259259,54.0,34877,private_ip,outlier,outlier,2.0,1.0,23.0,F,23,38,0.07509881422924901,4,4,2,0.477072688893459,3
11076,b6aa6277-9192-36db-85bd-8790b53fbebf,1.54675,0.3214285714285714,84.0,7796,private_ip,outlier,outlier,3.0,1.0,27.0,E,27,43,0.06125356125356125,7,5,3,0.47705003911793015,3
29215,70b39881-fc4e-3a62-8e6c-b803795cab3c,1.3708181818181815,0.2727272727272727,11.0,905,private_ip,outlier,outlier,3.0,1.0,3.0,F,3,4,0.6666666666666666,2,2,1,0.4770434014211602,3
10363,fc4aa689-c7e1-3e9f-a0a6-cdf8b7aaeaf0,3.4808888888888885,0.1944444444444444,108.0,22557,private_ip,outlier,outlier,1.0,1.0,21.0,E,21,37,0.0880952380952381,9,7,5,0.477008926306095,3
20109,545e3c52-849a-3b91-b756-589d2d4556d1,0.0015951882845188,0.0059274755927475,42.1764705882353,275,default,Normal,normal,73.0,68.0,17.0,F,17,41,0.15073529411764705,5,10,8,0.4769766035832705,2
26896,4ad9a6c9-58a6-31e8-b5cc-b5ea4bb6f204,0.0637130885873902,0.0199521149241819,113.9090909090909,4790,default,Normal,normal,64.0,11.0,25.0,F,25,151,0.25166666666666665,12,11,5,0.47694425916174593,2
12881,762d0cad-5b22-3ad3-849b-8422a6eaf91c,0.02,1.0,2.0,3,private_ip,Googlebot/2.1;unknown,bot,1.0,1.0,2.0,E,2,1,0.5,1,1,0,0.4769087157548003,3
8536,590057e2-9d72-3146-a47c-b9369965acb7,0.0185,1.0,2.0,3,private_ip,Sogou web spider/4.0;unknown,bot,1.0,1.0,2.0,E,2,1,0.5,1,1,0,0.4769087157548003,3
15308,3b81f1c3-eb66-3e23-8368-86482a83d0e8,0.0195,1.0,2.0,3,private_ip,Sogou web spider/4.0;unknown,bot,1.0,1.0,2.0,E,2,1,0.5,1,1,0,0.4769087157548003,3
15169,ca2004a0-29e9-3228-b53a-d080b8edbb82,0.0175,1.0,2.0,3,private_ip,linkdexbot/2.0;unknown,bot,1.0,1.0,2.0,E,2,1,0.5,1,1,0,0.4769087157548003,3
3174,4960d246-39af-3319-a741-4dbcf3abacff,0.02,1.0,2.0,3,private_ip,bingbot/2.0;unknown,bot,1.0,1.0,2.0,E,2,1,0.5,1,1,0,0.4769087157548003,3
9978,a136ba94-931d-37b6-922c-8695435efe54,0.02,1.0,2.0,3,private_ip,UptimeRobot/2.0;unknown,bot,1.0,1.0,2.0,E,2,1,0.5,1,1,0,0.4769087157548003,3
9939,32faf992-e30c-3f1d-b2de-b5c739799bc1,0.0195,1.0,2.0,3,private_ip,Python-requests;unknown,bot,1.0,1.0,2.0,E,2,1,0.5,1,1,0,0.4769087157548003,3
10902,afe91b25-b3aa-3d7d-a907-7ac4010d1921,0.017,1.0,2.0,3,private_ip,bingbot/2.0;unknown,bot,1.0,1.0,2.0,E,2,1,0.5,1,1,0,0.4769087157548003,3
10979,b67514a2-72b3-3504-94c2-4a2b7abcbcb0,0.0215,1.0,2.0,3,private_ip,bingbot/2.0;unknown,bot,1.0,1.0,2.0,E,2,1,0.5,1,1,0,0.4769087157548003,3
2492,dab1cd4f-7187-3748-afab-b664a53d64ad,0.02,1.0,2.0,3,private_ip,Sogou web spider/4.0;unknown,bot,1.0,1.0,2.0,E,2,1,0.5,1,1,0,0.4769087157548003,3
14984,00d998e3-1055-3456-b51c-beea509f4dc5,0.021,1.0,2.0,3,private_ip,Googlebot/2.1;unknown,bot,1.0,1.0,2.0,E,2,1,0.5,1,1,0,0.4769087157548003,3
16663,fce1d5e3-5efa-35c5-9eea-67077ade50de,0.019,1.0,2.0,3,private_ip,bingbot/2.0;unknown,bot,1.0,1.0,2.0,E,2,1,0.5,1,1,0,0.4769087157548003,3
16484,c53292bd-8276-3d71-85f5-94a92054bf80,0.0185,1.0,2.0,3,private_ip,DuckDuckBot/1.0;unknown,bot,1.0,1.0,2.0,E,2,1,0.5,1,1,0,0.4769087157548003,3
16382,a2248b18-4538-3163-9157-6abc4c509a71,0.018,1.0,2.0,3,private_ip,Sogou web spider/4.0;unknown,bot,1.0,1.0,2.0,E,2,1,0.5,1,1,0,0.4769087157548003,3
14206,ebdd6e45-2fd6-3c53-889a-9284477cf516,0.0215,1.0,2.0,3,private_ip,FacebookExternalHit/1.1;unknown,bot,1.0,1.0,2.0,E,2,1,0.5,1,1,0,0.4769087157548003,3
6700,e05e1d2a-5309-3a46-b79c-950b480dcb53,0.0215,1.0,2.0,3,private_ip,bingbot/2.0;unknown,bot,1.0,1.0,2.0,E,2,1,0.5,1,1,0,0.4769087157548003,3
3983,a0c24fbd-17a8-3dc9-a0ad-021259f6da7a,0.019,1.0,2.0,3,private_ip,Googlebot/2.1;unknown,bot,1.0,1.0,2.0,E,2,1,0.5,1,1,0,0.4769087157548003,3
17340,0c0b1947-c6bf-392a-b620-cb38f40d3df3,0.019,1.0,2.0,3,private_ip,YandexBot/3.0;unknown,bot,1.0,1.0,2.0,E,2,1,0.5,1,1,0,0.4769087157548003,3
12202,1aa530d4-d3dc-342e-8de9-af5d103632d2,0.0185,1.0,2.0,3,private_ip,Python-requests;unknown,bot,1.0,1.0,2.0,E,2,1,0.5,1,1,0,0.4769087157548003,3
12139,5b5b5bae-4df0-307a-a47f-2f9383e5f5be,0.021,1.0,2.0,3,private_ip,YandexBot/3.0;unknown,bot,1.0,1.0,2.0,E,2,1,0.5,1,1,0,0.4769087157548003,3
1985,da9ad542-c910-3c7a-9902-1ddede4f9f84,0.0195,1.0,2.0,3,private_ip,bingbot/2.0;unknown,bot,1.0,1.0,2.0,E,2,1,0.5,1,1,0,0.4769087157548003,3
10679,841fb6b6-d9b3-36fe-af27-261b5d503178,0.0215,1.0,2.0,3,private_ip,DuckDuckBot/1.0;unknown,bot,1.0,1.0,2.0,E,2,1,0.5,1,1,0,0.4769087157548003,3
15404,957f23c8-8f6f-3cf2-83ad-c4ec761d022d,0.0215,1.0,2.0,3,private_ip,Screaming Frog SEO Spider;unknown,bot,1.0,1.0,2.0,E,2,1,0.5,1,1,0,0.4769087157548003,3
5255,4f9ddd74-bdc2-3700-88be-64594dc20566,0.0175,1.0,2.0,3,private_ip,AdsBot-Google;unknown,bot,1.0,1.0,2.0,E,2,1,0.5,1,1,0,0.4769087157548003,3
7306,bf35cf50-f132-367f-82f1-acad62b851c1,0.018,1.0,2.0,3,private_ip,UptimeRobot/2.0;unknown,bot,1.0,1.0,2.0,E,2,1,0.5,1,1,0,0.4769087157548003,3
12007,034db016-a864-31ef-a48c-a0b4ba749be2,0.0215,1.0,2.0,3,private_ip,UptimeRobot/2.0;unknown,bot,1.0,1.0,2.0,E,2,1,0.5,1,1,0,0.4769087157548003,3
6654,3b646644-28ba-3982-81d1-5f2efea47ae1,0.021,1.0,2.0,3,private_ip,AdsBot-Google;unknown,bot,1.0,1.0,2.0,E,2,1,0.5,1,1,0,0.4769087157548003,3
13582,fe858621-a06d-3a92-9122-37d70f85ada9,0.019,1.0,2.0,3,private_ip,BingPreview/1.0b;unknown,bot,1.0,1.0,2.0,E,2,1,0.5,1,1,0,0.4769087157548003,3
1577,25251f73-014d-3829-bee2-ce6805442b4c,0.02,1.0,2.0,3,private_ip,Mail.RU_Bot/2.0;unknown,bot,1.0,1.0,2.0,E,2,1,0.5,1,1,0,0.4769087157548003,3
6360,d6af0dcd-5c92-3fcd-b025-f32b9bc8c63e,0.0175,1.0,2.0,3,private_ip,bingbot/2.0;unknown,bot,1.0,1.0,2.0,E,2,1,0.5,1,1,0,0.4769087157548003,3
1588,38dff77e-8032-33bf-8bdf-c1454643c92d,0.0195,1.0,2.0,3,private_ip,Sogou web spider/4.0;unknown,bot,1.0,1.0,2.0,E,2,1,0.5,1,1,0,0.4769087157548003,3
11327,6c1a6afe-5227-39cf-b327-ea4e865ae90f,0.0195,1.0,2.0,3,private_ip,bingbot/2.0;unknown,bot,1.0,1.0,2.0,E,2,1,0.5,1,1,0,0.4769087157548003,3
3243,41545b7f-8f1e-3466-8caf-0580ae222f88,0.021,1.0,2.0,3,private_ip,Googlebot/2.1;unknown,bot,1.0,1.0,2.0,E,2,1,0.5,1,1,0,0.4769087157548003,3
7905,6e5430b4-0a2a-3ea2-a370-1a8cb3f16f50,0.0215,1.0,2.0,3,private_ip,AdsBot-Google;unknown,bot,1.0,1.0,2.0,E,2,1,0.5,1,1,0,0.4769087157548003,3
16644,b1c9031b-86f8-332e-b62d-df1013892875,0.0215,1.0,2.0,3,private_ip,Googlebot/2.1;unknown,bot,1.0,1.0,2.0,E,2,1,0.5,1,1,0,0.4769087157548003,3
1263,7f9243f1-1c43-3caa-8b1a-f64688f99a6f,0.0165,1.0,2.0,2,private_ip,Screaming Frog SEO Spider;unknown,bot,1.0,1.0,2.0,E,2,1,0.5,1,1,0,0.4769087157548003,3
2709,2a51ad38-ca1c-3b35-9da3-c997e89b921b,0.019,1.0,2.0,3,private_ip,FacebookExternalHit/1.1;unknown,bot,1.0,1.0,2.0,E,2,1,0.5,1,1,0,0.4769087157548003,3
6112,0feb4523-86d1-3008-863d-63c66ea7080e,0.0185,1.0,2.0,3,private_ip,FacebookExternalHit/1.1;unknown,bot,1.0,1.0,2.0,E,2,1,0.5,1,1,0,0.4769087157548003,3
6274,ce1a3dcb-eaeb-3617-bf11-7f8495d1b21a,0.021,1.0,2.0,3,private_ip,Googlebot-Image/1.0;unknown,bot,1.0,1.0,2.0,E,2,1,0.5,1,1,0,0.4769087157548003,3
11369,ddcd5418-eaa7-3774-ac82-b9f064aaa858,0.0195,1.0,2.0,3,private_ip,AdsBot-Google;unknown,bot,1.0,1.0,2.0,E,2,1,0.5,1,1,0,0.4769087157548003,3
7943,ca7c4826-ee96-3f5c-a3cd-a11ac96c1306,0.0215,1.0,2.0,3,private_ip,AdsBot-Google;unknown,bot,1.0,1.0,2.0,E,2,1,0.5,1,1,0,0.4769087157548003,3
8151,f6d2058e-ee3b-3009-8d3d-ead2461c70e2,0.0215,1.0,2.0,3,private_ip,Sogou web spider/4.0;unknown,bot,1.0,1.0,2.0,E,2,1,0.5,1,1,0,0.4769087157548003,3
1883,b6abc353-a479-32b0-83d2-2d20895be817,0.0195,1.0,2.0,3,private_ip,Googlebot-Image/1.0;unknown,bot,1.0,1.0,2.0,E,2,1,0.5,1,1,0,0.4769087157548003,3
8609,25e0037b-32e3-3f81-a0a1-61eb6ee9aac8,0.02,1.0,2.0,3,private_ip,AdsBot-Google;unknown,bot,1.0,1.0,2.0,E,2,1,0.5,1,1,0,0.4769087157548003,3
14625,43fba498-b87e-3d29-9ad2-1b1d829ebd78,0.0205,1.0,2.0,3,private_ip,AdsBot-Google;unknown,bot,1.0,1.0,2.0,E,2,1,0.5,1,1,0,0.4769087157548003,3
14689,eadbfe7f-e669-35b5-997f-f7043ba71b0f,0.017,1.0,2.0,3,private_ip,bingbot/2.0;unknown,bot,1.0,1.0,2.0,E,2,1,0.5,1,1,0,0.4769087157548003,3
4897,bd0b690a-6cd4-317f-aeb4-b276e38efa82,0.0215,1.0,2.0,3,private_ip,FacebookExternalHit/1.1;unknown,bot,1.0,1.0,2.0,E,2,1,0.5,1,1,0,0.4769087157548003,3
16124,a7fa0b42-c320-364f-9b01-31ca3c50e0c3,0.0205,1.0,2.0,3,private_ip,FacebookExternalHit/1.1;unknown,bot,1.0,1.0,2.0,E,2,1,0.5,1,1,0,0.4769087157548003,3
10336,9eff1412-4555-3a7b-9e12-bd0f01412a51,0.0195,1.0,2.0,3,private_ip,Python-requests;unknown,bot,1.0,1.0,2.0,E,2,1,0.5,1,1,0,0.4769087157548003,3
13217,714fd9b0-e0a3-3145-8e36-7641023a56d3,0.0205,1.0,2.0,3,private_ip,Googlebot/2.1;unknown,bot,1.0,1.0,2.0,E,2,1,0.5,1,1,0,0.4769087157548003,3
3431,7585534b-1840-39b1-aeaf-1ac3e823e10b,0.019,1.0,2.0,3,private_ip,FacebookExternalHit/1.1;unknown,bot,1.0,1.0,2.0,E,2,1,0.5,1,1,0,0.4769087157548003,3
12226,5144c0cc-e573-3aef-b61e-c50824309b0b,0.02,1.0,2.0,3,private_ip,Googlebot-Mobile;unknown,bot,1.0,1.0,2.0,E,2,1,0.5,1,1,0,0.4769087157548003,3
16994,e647d69e-80f8-3d14-873d-db697403f5f4,3.5218898071625344,0.1845730027548209,363.0,76707,default,outlier,outlier,3.0,1.0,67.0,E,65,147,0.03533653846153846,9,8,11,0.4768801214950727,4
32325,c88eecad-202d-36da-99a0-3d276ca8bf77,363.497,0.2,5.0,109050,datacenter,outlier,outlier,1.0,1.0,1.0,F,1,1,0.0,1,1,1,0.47680676529754834,2
32436,23ceeee3-c7db-3d65-bec9-3c386638e84f,0.0036893408134642,0.0147265077138849,24.58620689655172,316,default,Normal,normal,69.0,58.0,21.0,F,21,54,0.12857142857142856,7,11,8,0.4767359056067124,2
2235,e31c52ec-1a39-3fb6-a057-2aef0faefa11,0.7027729468599034,0.1473429951690821,414.0,17457,default,outlier,outlier,2.0,1.0,61.0,E,61,137,0.037431693989071035,16,15,7,0.4766821432065945,4
7992,637c4dea-b17a-3585-bfdc-a9f6ad307134,0.0007017291066282,0.063400576368876,694.0,30,default,outlier,outlier,24.0,1.0,44.0,E,44,112,0.05919661733615222,9,10,18,0.47658106809975453,4
8682,eae4d3a0-fd46-334f-8725-4c6913d06f36,0.0042720306513409,0.0651340996168582,522.0,134,default,outlier,outlier,40.0,1.0,34.0,E,34,106,0.0944741532976827,10,10,17,0.47656566366632674,3
17609,10e19c89-bd0b-345e-9c62-16d8a9cfd9ad,0.2665008710801393,0.1080139372822299,574.0,9179,default,outlier,outlier,2.0,1.0,62.0,E,62,139,0.03675304071919619,14,13,8,0.47656105871808596,4
12123,3fcf9fce-30f3-3666-b414-a84eb72310bb,0.5182567567567568,0.4459459459459459,148.0,4603,default,outlier,outlier,3.0,1.0,66.0,E,66,109,0.025407925407925407,16,11,4,0.47650628412069646,3
17652,6ae5c7f3-7fed-37d2-9cd1-2dbb22aec230,2.3945081967213118,0.4426229508196721,61.0,8764,private_ip,outlier,outlier,1.0,1.0,27.0,E,27,38,0.05413105413105413,7,6,3,0.4764607448189594,3
25483,9487e160-e587-3ee5-863a-9073e0db100b,0.0007652173913043,0.0065217391304347,460.0,22,default,Python-requests,bot,216.0,1.0,3.0,F,3,4,0.6666666666666666,2,3,2,0.4764368462958778,1
4008,e8f0e196-151f-3bfa-8510-9f8947169ffa,3.81324,0.145,400.0,91518,default,outlier,outlier,1.0,1.0,58.0,E,58,151,0.045674531155474894,13,14,7,0.47637726012751,4
12251,84eefb0e-9d34-345b-9e09-ae287a49235f,0.7384289732770746,0.0773558368495077,711.0,31502,default,outlier,outlier,1.0,1.0,55.0,E,55,145,0.04882154882154882,9,11,13,0.47630731183208846,3
29065,909ab4de-92ee-3655-a864-4495a4b70693,0.2129372246696035,0.0385462555066079,90.8,11601,default,Normal,normal,44.0,10.0,35.0,F,35,174,0.146218487394958,12,13,5,0.47626856431656284,4
26946,e87ccbf2-089d-3930-9c67-37a094f90446,981.8641666666666,0.8333333333333334,6.0,353472,default,outlier,outlier,1.0,1.0,5.0,F,5,5,0.25,1,1,0,0.4762574736347754,2
25926,8ee906ef-7087-3b35-a425-5501d98f6dc5,0.0013799822852081,0.0106288751107174,15.465753424657532,94,default,Normal,normal,73.0,73.0,12.0,F,12,24,0.18181818181818182,5,7,5,0.4761491548039245,2
23881,e93ad9e0-0572-39ce-a7d3-da4b202973ba,0.0075736677115987,0.0329153605015673,12.509803921568627,290,default,Normal,normal,81.0,51.0,21.0,F,21,44,0.10476190476190476,7,6,11,0.4760787120812725,2
27750,7935e1f5-b9fd-3980-b0b9-2b3698bb0a65,0.3421378676470588,0.0974264705882353,25.904761904761905,11168,default,Normal,normal,26.0,21.0,53.0,F,53,94,0.034107402031930335,9,12,9,0.4759187220946783,4
852,ed2179a9-39f8-361c-9c3b-f7d37c866eb8,4.729661337209302,0.1860465116279069,344.0,97621,default,outlier,outlier,1.0,1.0,64.0,E,64,145,0.035962301587301584,17,10,5,0.47571456763380465,4
26229,c9ce2a47-4a8f-3b57-a917-5bc54a44ae1a,0.0023858574610244,0.0111358574610244,9.868131868131869,129,default,Normal,normal,85.0,91.0,10.0,F,10,15,0.16666666666666666,3,6,3,0.47547565773742595,2
30003,2ef4c00e-8a42-3e06-80ab-a947c60bc079,0.0114022082018927,0.1419558359621451,10.566666666666666,217,default,Normal,normal,40.0,30.0,45.0,F,45,73,0.03686868686868687,6,12,9,0.4753872046997245,2
30978,ab6fec3f-7cc8-3b41-9122-d85b5d32bb1c,0.0883081947743467,0.0261282660332541,280.6666666666667,4462,default,Normal,normal,42.0,3.0,22.0,F,22,135,0.2922077922077922,11,11,1,0.47503995457439524,2
3896,95f0db96-90c6-367f-a6d7-bc142655f638,3.483681818181818,0.3295454545454545,88.0,18394,private_ip,outlier,outlier,1.0,1.0,29.0,E,28,47,0.062169312169312166,6,6,2,0.4749184713357964,3
23292,c8bc6608-efa9-3405-8d39-312b0a2cce96,0.2389340659340659,0.0380388841927303,62.26315789473684,16960,default,Normal,normal,25.0,19.0,45.0,F,45,88,0.044444444444444446,11,15,9,0.47491267595136616,4
21670,1ecadea0-1fe0-33c1-98a7-d8791d4bb7e4,0.0002434554973821,0.0209424083769633,2.3012048192771086,3,default,Normal,normal,84.0,83.0,4.0,F,4,4,0.3333333333333333,1,3,1,0.4748813408001794,2
18652,b62202d8-5b60-3c98-88a4-42ee00461289,396.38103125,0.1875,32.0,761052,default,outlier,outlier,1.0,1.0,6.0,F,6,9,0.3,3,3,3,0.4748487653407011,2
13146,96980edb-676b-3220-b744-76c4e9191ce6,5.145718309859155,0.352112676056338,71.0,21921,private_ip,outlier,outlier,1.0,1.0,25.0,E,25,43,0.07166666666666667,4,6,5,0.4748122391337206,3
31967,6405e0d4-f57e-33db-9cb4-ec385f5e8dca,1.5569473684210526,0.9473684210526316,19.0,1775,private_ip,outlier,outlier,1.0,1.0,18.0,F,18,18,0.058823529411764705,2,2,0,0.4747784560131741,3
5914,0028fc15-35d5-3736-bf9c-9d0ceecec142,132.80018867924528,0.3584905660377358,106.0,844610,default,outlier,outlier,1.0,1.0,38.0,E,38,69,0.04907539118065434,8,6,6,0.4747318851584002,3
24791,fc97b4ea-9511-33a2-85a3-e7e2ca33e522,0.2813337236533958,0.0562060889929742,50.23529411764706,14416,default,Normal,normal,26.0,17.0,48.0,F,48,93,0.041223404255319146,9,18,9,0.47464851871787545,4
19261,fef7aa5c-4b2b-33b3-9230-c8c730b195be,0.1408796610169491,0.0350282485875706,98.33333333333331,7481,default,Normal,normal,42.0,9.0,31.0,F,31,166,0.17849462365591398,12,12,4,0.47456323999851696,2
4806,afa87fda-2e25-36d0-8c55-8cd3077503d2,5.533296296296297,0.7777777777777778,27.0,8964,private_ip,outlier,outlier,1.0,1.0,21.0,E,21,25,0.05952380952380952,5,6,2,0.47445996154022524,3
14228,15b5f29b-77ba-3606-a94f-a96211a741da,2.028753289473684,0.2434210526315789,304.0,37005,default,outlier,outlier,2.0,1.0,74.0,E,74,141,0.026101443909663086,16,10,8,0.4743912215425346,4
23879,e31eabea-6419-3fae-89e8-0ecd036fefca,64.00241666666666,0.6666666666666666,6.0,23041,private_ip,outlier,outlier,2.0,1.0,4.0,F,4,4,0.3333333333333333,2,2,2,0.4743388993097956,3
2245,03067b5d-2bf1-3be6-b5ba-fb7be14f552c,2.0526354166666665,0.2430555555555555,288.0,35470,default,outlier,outlier,2.0,1.0,70.0,E,70,134,0.02774327122153209,13,15,8,0.474216081933754,4
22360,de4465b6-7817-312c-9e37-b9f3932bc7a4,0.0015167464114832,0.0095693779904306,11.452054794520548,77,default,Normal,normal,74.0,73.0,8.0,F,8,13,0.23214285714285715,3,6,4,0.4741073553874894,2
23977,13a3d986-657e-3aa3-9dd8-7dd444c371e6,0.0025035063113604,0.0098176718092566,35.0655737704918,322,default,Normal,normal,63.0,61.0,21.0,F,21,47,0.11190476190476191,5,10,10,0.4740859329769077,2
24125,e2c91221-8674-33c9-a991-6dc1cb91ee4e,0.0006220472440944,0.0157480314960629,2.015873015873016,5,default,Normal,normal,63.0,63.0,2.0,F,2,1,0.5,1,1,0,0.47394289165448694,3
30001,2d2ad16f-8211-3f37-a4d9-302f2bf590f2,0.00083203125,0.015625,2.0,7,default,Normal,normal,64.0,64.0,2.0,F,2,1,0.5,1,1,0,0.47394289165448694,3
7334,207ecabf-2b01-39d5-b690-6600528fbada,2.4768651685393257,0.1882022471910112,356.0,52906,default,outlier,outlier,2.0,1.0,67.0,E,67,141,0.03188602442333786,11,13,6,0.4736895654659784,4
22393,51c4b781-1f99-31ec-9ff2-cdd68d2fe31d,0.317178391959799,0.0628140703517587,49.75,15149,default,Normal,normal,19.0,16.0,50.0,F,50,92,0.037551020408163265,10,15,10,0.47367836713825895,4
18977,76dbd286-ab17-3c44-8b59-2b8f81b0c329,289.6291428571428,0.1428571428571428,70.0,1216443,default,outlier,outlier,1.0,1.0,10.0,F,10,20,0.2222222222222222,6,4,2,0.47343900051182247,2
22953,e4fc5401-0647-3bee-977e-e4604dd8ff8e,0.13635107421875,0.0244140625,128.0,8378,default,Normal,normal,46.0,8.0,25.0,F,25,144,0.24,11,13,5,0.4734168613082493,2
19705,c21f267b-9013-3384-ae64-e90abf91498e,1.314780487804878,0.2439024390243902,82.0,6469,private_ip,outlier,outlier,4.0,1.0,20.0,F,20,57,0.15,4,6,1,0.4733423482992854,3
32370,47d6d679-d08e-3ab1-9c93-beb43dc1a1b3,1.031856259659969,0.061823802163833,129.4,40057,default,Normal,normal,2.0,5.0,40.0,F,40,113,0.07243589743589744,13,20,6,0.47332113617168325,3
18981,8ad20cf3-710b-3b9c-b7ee-7af5bdea2c06,34.014605,0.01,200.0,408176,default,outlier,outlier,1.0,1.0,2.0,F,2,2,1.0,1,2,1,0.47326591719504324,2
26299,972e5eaa-012e-305c-be63-cc8efad0b78f,34.225185,0.01,200.0,410703,default,outlier,outlier,1.0,1.0,2.0,F,2,2,1.0,1,2,1,0.47326591719504324,2
28866,e58dcb39-6efc-3d7a-80f8-5804e933a8f1,30.082025,0.01,200.0,360985,default,outlier,outlier,1.0,1.0,2.0,F,2,3,1.5,2,2,2,0.47326560229982995,2
26381,806b0fe9-83e5-39df-b22a-ef20a527f2ad,31.23268,0.01,200.0,374793,default,outlier,outlier,1.0,1.0,2.0,F,2,3,1.5,2,2,2,0.47326560229982995,2
12269,9ed4457e-5c53-3cdb-bfd8-43447a798f12,0.8544974489795918,0.1530612244897959,392.0,20098,default,outlier,outlier,1.0,1.0,60.0,E,60,147,0.04152542372881356,18,13,8,0.47322617193222216,4
18252,beca79c5-8e01-3f2c-8fa2-3b62028ca943,0.2811380655226209,0.03198127925117,55.73913043478261,21626,default,Normal,normal,29.0,23.0,41.0,F,41,72,0.04390243902439024,11,15,9,0.47319189323762,4
9471,eca0451a-a754-36dc-8cad-0e7f31cd0e57,0.76658,0.1914285714285714,350.0,16099,default,outlier,outlier,2.0,1.0,67.0,E,67,146,0.033016734509271825,14,12,7,0.4731859627663556,4
8513,2b4b290a-cc84-3248-8b36-8f0243086f64,6.728734636871508,0.1620111731843575,358.0,144534,default,outlier,outlier,3.0,1.0,58.0,E,58,125,0.03781004234724743,17,12,8,0.4731536583464574,4
33113,405c54c9-88ff-3858-b489-860c2faebf42,8.679333333333334,1.0,3.0,1563,private_ip,outlier,outlier,1.0,1.0,3.0,F,3,2,0.3333333333333333,1,1,0,0.4731306254309537,3
17798,29c8c09a-2d90-324d-b270-02af8d6e7b8a,0.5687000000000001,0.4,10.0,342,private_ip,outlier,outlier,3.0,1.0,4.0,F,4,6,0.5,3,2,2,0.473122156999176,3
24190,83aadd43-b4ca-3cc3-99d1-64e14b168462,1.0860550458715597,0.1926605504587156,109.0,7103,private_ip,outlier,outlier,5.0,1.0,21.0,F,21,58,0.1380952380952381,6,5,1,0.4731084296423168,3
8680,e3f95829-7b8a-3489-94c0-b2837635c12a,0.9840475,0.1425,400.0,23618,default,outlier,outlier,2.0,1.0,57.0,E,57,141,0.044172932330827065,16,13,11,0.4730577259760074,4
15478,851b3d8c-73a8-3bdd-a43c-b4fbfec11906,0.5818264150943396,0.1226415094339622,530.0,18503,default,outlier,outlier,3.0,1.0,65.0,E,65,143,0.034375,13,12,9,0.47299085104492106,4
31512,effcbc9e-9784-32e0-b233-80941332b6cc,8.247422680412371e-05,0.0206185567010309,2.108695652173913,1,default,Normal,normal,46.0,46.0,2.0,F,2,2,1.0,2,1,1,0.47296778426261327,3
1216,faf6e571-1e03-349d-884f-dc9bd16bb34f,3.17123642172524,0.2076677316293929,313.0,59556,default,outlier,outlier,1.0,1.0,65.0,E,65,144,0.03461538461538462,14,12,10,0.4727749685329538,4
26940,cba68b5f-eb01-3f0f-8293-6217ea26f4d1,0.2335878164556962,0.0363924050632911,60.19047619047619,17716,default,Normal,normal,28.0,21.0,46.0,F,46,85,0.04106280193236715,10,16,8,0.4727705110079868,4
7498,ec688560-68cb-3c27-97fd-8f67e231c2b4,1.067015625,0.40625,64.0,4098,private_ip,outlier,outlier,3.0,1.0,26.0,E,26,40,0.06153846153846154,6,7,2,0.47273160356334004,3
21552,bd1e2acb-4157-3d98-973e-9d25356aee91,0.0330263157894736,0.9473684210526316,19.0,38,private_ip,outlier,outlier,2.0,1.0,18.0,F,18,18,0.058823529411764705,2,2,2,0.47263651872093077,3
18844,f6c0651c-7c05-3651-ba95-24850703a77b,0.0098177240684793,0.0140986908358509,37.471698113207545,1170,default,Normal,normal,56.0,53.0,28.0,F,28,57,0.07539682539682539,9,8,10,0.4724721807781161,2
5609,67be1194-e605-3035-8dd7-a03796716337,0.012625,0.5,2.0,4,private_ip,FacebookExternalHit/1.1;unknown,bot,2.0,2.0,2.0,E,2,1,0.5,1,1,0,0.4724584852056388,3
7535,66c6cc5c-6eb2-3f78-8e6f-d2714146036a,0.014125,0.5,2.0,4,private_ip,Googlebot/2.1;unknown,bot,2.0,2.0,2.0,E,2,1,0.5,1,1,0,0.4724584852056388,3
4513,39d5863a-692f-3320-8869-3d55a785b8dc,0.013625,0.5,2.0,4,private_ip,FacebookExternalHit/1.1;unknown,bot,2.0,2.0,2.0,E,2,1,0.5,1,1,0,0.4724584852056388,3
11109,0096a101-7721-3e04-b1aa-fba0c8bedf2a,0.01275,0.5,2.0,4,private_ip,FacebookExternalHit/1.1;unknown,bot,2.0,2.0,2.0,E,2,1,0.5,1,1,0,0.4724584852056388,3
1847,4ddb7473-7569-380c-b728-a99767137807,0.014625,0.5,2.0,4,private_ip,Python-requests;unknown,bot,2.0,2.0,2.0,E,2,1,0.5,1,1,0,0.4724584852056388,3
11168,bca004b4-61fc-3dcf-b87c-bbcf5bcd64cc,1.6957041742286751,0.1107078039927404,551.0,56060,default,outlier,outlier,1.0,1.0,61.0,E,61,152,0.041530054644808745,14,12,9,0.4724003378187609,4
34049,247ae430-6304-3183-ae98-5596e971e59c,3.3522727272727275,0.8636363636363636,22.0,4425,private_ip,outlier,outlier,1.0,1.0,19.0,F,19,21,0.06140350877192982,2,2,1,0.4723055537115783,3
24744,5b7734cf-7d1e-34f7-835d-f236d436f7a2,0.0149610591900311,0.1401869158878504,11.88888888888889,289,default,Normal,normal,36.0,27.0,45.0,F,45,80,0.04040404040404041,7,11,11,0.4722889543930483,2
24656,5a446187-1beb-30b9-8431-4010158ca5f2,11.844814814814816,0.7407407407407407,27.0,19189,private_ip,outlier,outlier,1.0,1.0,20.0,F,20,22,0.05789473684210526,2,2,0,0.47224832246597026,3
17825,88a42ce5-a568-3adf-a709-9c52ab938271,0.3307604735883424,0.0746812386156648,78.42857142857143,10896,default,Normal,normal,5.0,7.0,41.0,F,41,113,0.06890243902439025,14,18,8,0.47211054283972936,3
31418,8c1607a0-f1e1-3a3f-9f90-01b7c997eeaa,1132.8686,1.0,5.0,339861,default,outlier,outlier,1.0,1.0,5.0,F,5,4,0.2,1,1,0,0.4720328767312386,2
20055,caf2908a-729a-3e85-8de7-9af933556434,0.0755583789704271,0.0032858707557502,60.86666666666667,20696,default,Normal,normal,75.0,75.0,15.0,F,15,20,0.09523809523809523,6,7,2,0.47201251678490497,2
17855,de991b4a-e455-3df0-a506-86fd2727ba11,656.3538000000001,0.4,5.0,196907,default,outlier,outlier,1.0,1.0,2.0,F,2,2,1.0,1,2,1,0.47195739248245777,2
13105,297d1c4e-a755-3080-bf85-9ffa5d6c3f34,2.2093333333333334,0.1297539149888143,447.0,59255,default,outlier,outlier,1.0,1.0,58.0,E,58,133,0.040229885057471264,15,13,11,0.4718514124105595,4
8070,1f3b72ef-cb53-3e5c-bdfb-a2b4b61e2dcb,0.4912403846153846,0.1987179487179487,312.0,9197,default,outlier,outlier,2.0,1.0,62.0,E,62,132,0.034902168164992066,19,14,5,0.4718288889257292,4
23584,b453c690-4e21-340f-8414-48152b9a295e,0.0008157894736842,0.0263157894736842,2.0,4,default,Normal,normal,39.0,38.0,2.0,F,2,3,1.5,2,2,2,0.4717891147247229,2
15801,36d488a0-8074-3fd8-94de-fea2b3ac0b2b,1.3768300395256918,0.1403162055335968,506.0,41801,default,outlier,outlier,1.0,1.0,71.0,E,70,143,0.02960662525879917,11,8,11,0.471773609848063,4
1601,6cecbed7-48a9-38e0-a6ea-300aa6e5e7f7,0.9471355932203388,0.4406779661016949,59.0,3353,private_ip,outlier,outlier,1.0,1.0,26.0,E,26,36,0.055384615384615386,6,6,3,0.4716963263645944,3
29868,7a9785cb-8fa7-35dd-a8a1-2b5f5e05c295,0.3348072190319934,0.0360951599671862,64.15789473684211,24488,default,Normal,normal,21.0,19.0,44.0,F,44,75,0.03964059196617336,10,17,8,0.47168771312152835,4
17133,a1aa1d22-0c21-3d9e-9246-e87e4f6c1d24,2.752480072463768,0.2246376811594203,276.0,45582,default,outlier,outlier,1.0,1.0,62.0,E,62,139,0.03675304071919619,18,10,12,0.47166855947108277,4
2438,11f77dd4-a3ef-383a-9d48-29a128931b4d,1.3106818181818185,0.5,44.0,3461,private_ip,outlier,outlier,1.0,1.0,22.0,E,22,33,0.07142857142857142,8,6,3,0.47162431124548304,3
24706,e278d84d-fe53-3cc1-892a-bd986c1735e7,15.437431818181818,0.4545454545454545,44.0,40755,private_ip,outlier,outlier,2.0,1.0,20.0,F,20,33,0.0868421052631579,2,3,1,0.47158614416542466,3
19790,bbca2319-4101-3383-8345-61a3cbadb47d,117.41554411764706,0.0294117647058823,136.0,958111,default,outlier,outlier,1.0,1.0,4.0,F,4,7,0.5833333333333334,2,3,2,0.47155782479955616,2
6111,07cda99b-297e-3f73-b1a9-98ebf60b8079,1.6771161616161616,0.1666666666666666,396.0,39849,default,outlier,outlier,1.0,1.0,66.0,E,66,161,0.03752913752913753,12,12,10,0.47141792811322086,4
9870,739aa3d9-5c09-33a6-be86-d161fe0e4c3c,3.69034429065744,0.2422145328719723,289.0,63991,default,outlier,outlier,2.0,1.0,70.0,E,69,140,0.029838022165387893,16,10,8,0.47136006593218044,4
19914,098b50e3-3e83-3d3c-8ebe-cb425b7f1e9c,0.0161380753138075,0.1799163179916318,6.289473684210527,232,default,Normal,normal,50.0,38.0,43.0,F,43,60,0.03322259136212625,7,9,10,0.4713238450315392,2
9959,63bbbba7-f78a-34b1-87fc-d09734ac30a9,5.02664705882353,0.3058823529411765,85.0,25636,private_ip,outlier,outlier,1.0,1.0,26.0,E,26,40,0.06153846153846154,7,6,3,0.47122530614414426,3
27893,38820531-1380-35b1-8747-1a6e3980a523,34.5441,0.5,10.0,20727,private_ip,outlier,outlier,1.0,1.0,5.0,F,5,7,0.35,2,2,2,0.4712213828773902,3
4630,a17424cd-5101-3735-bcbc-7cbcd7b81c32,1.1500198511166253,0.1712158808933002,403.0,27808,default,outlier,outlier,1.0,1.0,69.0,E,69,143,0.030477408354646206,12,14,9,0.4710786305705197,4
8755,9ca57017-e8c0-3d06-b5e2-2e7cd342e213,0.01,0.5,2.0,3,private_ip,Googlebot/2.1;unknown,bot,2.0,2.0,2.0,E,2,1,0.5,1,1,0,0.4710745562036995,3
6403,5f880bcd-6c5f-304b-ad75-c9e45585792e,0.011,0.5,2.0,3,private_ip,Googlebot/2.1;unknown,bot,2.0,2.0,2.0,E,2,1,0.5,1,1,0,0.4710745562036995,3
16766,4771b65f-446b-31f1-afba-4973239ec659,0.010875,0.5,2.0,3,private_ip,Python-requests;unknown,bot,2.0,2.0,2.0,E,2,1,0.5,1,1,0,0.4710745562036995,3
12925,0b577f52-208a-3a8a-966a-04625a1330a5,0.0105,0.5,2.0,3,private_ip,Googlebot/2.1;unknown,bot,2.0,2.0,2.0,E,2,1,0.5,1,1,0,0.4710745562036995,3
11004,edf23fac-f58c-3d51-8f0a-af382fe2964e,0.010125,0.5,2.0,3,private_ip,bingbot/2.0;unknown,bot,2.0,2.0,2.0,E,2,1,0.5,1,1,0,0.4710745562036995,3
8437,5b04d26b-4f7a-39d0-ad52-e91f4c5232f1,0.0105,0.5,2.0,3,private_ip,bingbot/2.0;unknown,bot,2.0,2.0,2.0,E,2,1,0.5,1,1,0,0.4710745562036995,3
1160,59292c8a-ee47-3a9d-926f-5070f23155c2,0.012,0.5,2.0,3,private_ip,Python-requests;unknown,bot,2.0,2.0,2.0,E,2,1,0.5,1,1,0,0.4710745562036995,3
9156,67c6d31b-02cd-36ce-9912-09b221020557,0.009875,0.5,2.0,3,private_ip,Googlebot/2.1;unknown,bot,2.0,2.0,2.0,E,2,1,0.5,1,1,0,0.4710745562036995,3
8880,efeacf77-f5a3-306e-ab8a-69f4c1e5da38,0.011,0.5,2.0,3,private_ip,Sogou web spider/4.0;unknown,bot,2.0,2.0,2.0,E,2,1,0.5,1,1,0,0.4710745562036995,3
5671,3b7f1c8d-2fef-30d8-9565-a5b808313a7a,0.011125,0.5,2.0,3,private_ip,Python-urllib;unknown,bot,2.0,2.0,2.0,E,2,1,0.5,1,1,0,0.4710745562036995,3
16910,dc70ecd0-011e-34e8-b17b-d91d03192884,0.012,0.5,2.0,3,private_ip,Sogou web spider/4.0;unknown,bot,2.0,2.0,2.0,E,2,1,0.5,1,1,0,0.4710745562036995,3
8769,c9adfac9-8063-3529-aabf-be137c9d293e,0.010375,0.5,2.0,3,private_ip,FacebookExternalHit/1.1;unknown,bot,2.0,2.0,2.0,E,2,1,0.5,1,1,0,0.4710745562036995,3
5018,00deee4c-9eac-3ae9-a052-b2c73c18e852,0.012,0.5,2.0,3,private_ip,BingPreview/1.0b;unknown,bot,2.0,2.0,2.0,E,2,1,0.5,1,1,0,0.4710745562036995,3
13418,daa85df0-97c0-3a15-88e0-c5c437e1fcf9,0.01,0.5,2.0,3,private_ip,bingbot/2.0;unknown,bot,2.0,2.0,2.0,E,2,1,0.5,1,1,0,0.4710745562036995,3
13130,608d35a5-03b2-3a78-983f-1f96c3630816,0.009125,0.5,2.0,3,private_ip,Sogou web spider/4.0;unknown,bot,2.0,2.0,2.0,E,2,1,0.5,1,1,0,0.4710745562036995,3
123,78e96c7f-c11b-35b6-9bbd-9e5606db92fa,0.01,0.5,2.0,3,private_ip,Googlebot/2.1;unknown,bot,2.0,2.0,2.0,E,2,1,0.5,1,1,0,0.4710745562036995,3
2543,5f080061-14f9-333e-bba8-50490a117153,0.009375,0.5,2.0,3,private_ip,Googlebot/2.1;unknown,bot,2.0,2.0,2.0,E,2,1,0.5,1,1,0,0.4710745562036995,3
10890,98b2ed3f-5af7-31b2-b3b7-e2d5d40e23f3,0.010375,0.5,2.0,3,private_ip,Screaming Frog SEO Spider;unknown,bot,2.0,2.0,2.0,E,2,1,0.5,1,1,0,0.4710745562036995,3
13606,6180ec11-035b-3935-b6c8-e55f4fb650a5,0.0095,0.5,2.0,3,private_ip,Python-urllib;unknown,bot,2.0,2.0,2.0,E,2,1,0.5,1,1,0,0.4710745562036995,3
3714,a254e6d5-b689-3a62-b9d0-d24a556b5718,0.008,0.5,2.0,2,private_ip,FacebookExternalHit/1.1;unknown,bot,2.0,2.0,2.0,E,2,1,0.5,1,1,0,0.4710745562036995,3
11829,e4d0b32d-c745-36c6-bff4-811ef80c055f,0.00975,0.5,2.0,3,private_ip,bingbot/2.0;unknown,bot,2.0,2.0,2.0,E,2,1,0.5,1,1,0,0.4710745562036995,3
5209,e09f737d-5b65-3131-a04a-15f6903bf513,0.010375,0.5,2.0,3,private_ip,Googlebot/2.1;unknown,bot,2.0,2.0,2.0,E,2,1,0.5,1,1,0,0.4710745562036995,3
6741,2a7e1aab-b603-313c-9f31-46b84d3e2ecb,0.3919284768211921,0.0688741721854304,755.0,17755,default,outlier,outlier,1.0,1.0,52.0,E,52,158,0.05957767722473605,13,12,8,0.47097340063702275,3
2835,b3c74be3-2907-351d-b14f-68bd943daf49,4.525182410423453,0.2084690553745928,307.0,83354,default,outlier,outlier,3.0,1.0,64.0,E,63,122,0.03123399897593446,17,12,4,0.47094117911356054,4
19690,7fc78edb-ac07-35f9-93ae-7f5d3f6f8840,0.0026110735989196,0.0081026333558406,22.439393939393938,233,default,Normal,normal,74.0,66.0,12.0,F,12,27,0.20454545454545456,5,7,8,0.4707870543021925,2
33304,9ddba533-e01b-387f-ab36-c40da28c0c5d,0.9172190476190476,0.2,105.0,5779,private_ip,outlier,outlier,5.0,1.0,21.0,F,21,59,0.14047619047619048,5,5,1,0.47066135777314716,3
31751,ebf020fe-3c94-3ca1-88aa-5921589819fc,0.0972269180754226,0.0442132639791937,128.16666666666666,4487,default,Normal,normal,60.0,6.0,34.0,F,34,161,0.14349376114081996,11,13,5,0.4706400523556619,2
21632,ac10ab9c-d1d4-33d7-b888-ca1e2668043f,0.0846111111111111,0.9444444444444444,18.0,92,private_ip,outlier,outlier,1.0,1.0,17.0,F,17,16,0.058823529411764705,1,2,0,0.4706324216430452,3
8444,697fb13e-445c-330e-a2be-836274d68115,20.82027564102564,0.3717948717948718,156.0,194878,default,outlier,outlier,1.0,1.0,58.0,E,58,100,0.030248033877797943,15,8,7,0.4704728769406677,3
22314,4c5ea1af-ae01-38dc-9e3a-e66c29162828,1.9081144578313252,0.2409638554216867,83.0,9503,private_ip,outlier,outlier,4.0,1.0,20.0,F,20,55,0.14473684210526316,4,4,1,0.4703464200775362,3
7969,26a383eb-b15c-3943-9e57-9bbca3e9375f,0.0002056962025316,0.055379746835443,632.0,8,default,outlier,outlier,18.0,1.0,35.0,E,35,110,0.09243697478991597,8,17,11,0.47026107577156795,4
2425,ec6478fb-bc7f-31b2-8715-5b1c20778b74,0.0028319935691318,0.062700964630225,29.61904761904762,106,default,Googlebot/2.1,bot,90.0,21.0,39.0,E,39,81,0.05465587044534413,10,6,14,0.4702216715086052,2
7527,4890deab-3810-3a73-9bfb-8db47b7c8184,2.9659262295081965,0.1885245901639344,122.0,21711,private_ip,outlier,outlier,1.0,1.0,23.0,E,23,43,0.08498023715415019,9,5,4,0.47020375876727444,3
23616,ff6a13da-9df6-302e-a17d-31e9a9e759c6,0.2198436379928315,0.0421146953405017,53.142857142857146,14721,default,Normal,normal,30.0,21.0,47.0,F,47,79,0.03654024051803885,9,15,9,0.47018171448124346,4
15945,a1651410-179b-384a-96ba-1959719ada96,4.009909574468085,0.2092198581560283,282.0,67848,default,outlier,outlier,2.0,1.0,59.0,E,59,142,0.04149620105201637,18,12,10,0.4700588331884742,4
1840,431d7659-2af1-335b-b09f-af058a9f940f,1.4667750325097528,0.0533159947984395,769.0,67677,default,outlier,outlier,1.0,1.0,41.0,E,41,122,0.07439024390243902,13,14,7,0.46999030619008225,3
11532,c8567e7f-3eda-3c30-a4b7-28acffc3021d,0.913541567695962,0.1353919239904988,421.0,23077,default,outlier,outlier,2.0,1.0,57.0,E,57,172,0.05388471177944862,15,12,11,0.4699662539241035,4
31301,87086a0a-390f-3fd4-957b-0b85d808ea65,1.4988311965811965,0.0811965811965812,117.0,42088,default,Normal,normal,3.0,4.0,38.0,F,38,101,0.07183499288762446,15,15,10,0.4699597106149346,3
23679,a1455a70-1278-3104-8095-7142894aca20,692.2602857142857,0.4285714285714285,3.5,290750,default,Normal,normal,2.0,2.0,3.0,F,3,4,0.6666666666666666,2,3,1,0.4699116208525131,2
8912,3cf78c6f-566d-3bbd-8e2b-4a2debdae15e,0.7740649819494585,0.259927797833935,277.0,12865,default,outlier,outlier,1.0,1.0,72.0,E,72,160,0.03129890453834116,13,12,8,0.46982186627100136,4
13172,faa3378e-26ba-37f4-ab73-3c42d20e818d,6.0355,0.08,50.0,18107,private_ip,outlier,outlier,1.0,1.0,4.0,E,4,5,0.4166666666666667,2,2,2,0.46980895878043716,3
28139,034172ad-507d-34c0-9f83-b934469ac8eb,0.2809404761904762,0.2619047619047619,84.0,1416,private_ip,outlier,outlier,4.0,1.0,22.0,F,22,60,0.12987012987012986,4,4,1,0.46977978515768604,3
26327,e7c21c62-4e17-3b0f-a1bd-526bd88796fe,311.18277500000005,0.1,10.0,373420,default,Normal,normal,2.0,2.0,2.0,F,2,2,1.0,2,1,1,0.46975055508605673,2
23083,8c5d5a5f-66a8-36cd-a7c3-cbc1ee6acaf8,59.9089,0.02,200.0,718907,default,outlier,outlier,1.0,1.0,4.0,F,4,7,0.5833333333333334,2,3,2,0.4697304299007187,2
1988,de38e623-ad17-3574-ba53-4b93b7c6f4ba,0.3807118155619596,0.1815561959654178,347.0,7927,default,outlier,outlier,2.0,1.0,63.0,E,63,126,0.03225806451612903,19,12,8,0.46966640186481373,4
16889,a1df46fd-1a90-3626-a4c5-31e21a36c7c9,0.0035,1.0,4.0,1,private_ip,outlier,outlier,1.0,1.0,4.0,E,2,1,0.5,1,1,0,0.46966321923725474,3
15658,94df5839-69b4-3e57-8b63-ee1827a8c0d7,41.2486,0.8,5.0,12375,private_ip,outlier,outlier,1.0,1.0,4.0,E,4,3,0.25,1,2,0,0.46962382245127254,3
86,2520c461-b6f8-3b87-9a18-b00663aecab9,2.242462962962963,0.074074074074074,54.0,7266,private_ip,outlier,outlier,1.0,1.0,4.0,E,4,6,0.5,2,2,1,0.46956938037548596,3
19331,e4073e8e-7060-35dd-a428-32ea1c67a519,56.03382,0.02,200.0,672406,default,outlier,outlier,1.0,1.0,4.0,F,4,7,0.5833333333333334,3,3,2,0.4694490906000524,2
26531,39d0b645-c945-329d-b6d6-c0385e280217,0.0164787234042553,0.121580547112462,12.653846153846152,326,default,Normal,normal,36.0,26.0,40.0,F,40,70,0.04487179487179487,6,14,12,0.46933678371962534,3
26943,d801a91c-d996-30e4-a67a-578f75883f58,11.643977777777778,0.4888888888888889,45.0,31439,private_ip,outlier,outlier,3.0,1.0,22.0,F,22,37,0.08008658008658008,3,2,1,0.469331123391699,3
24960,e9986429-888b-3eac-82a8-ac8eab52e3fc,1.1731116071428571,0.0678571428571428,93.33333333333331,39417,default,Normal,normal,3.0,6.0,38.0,F,38,105,0.07467994310099574,15,18,8,0.46930258712596773,3
2046,8674febd-4857-30b6-a496-22a1e42c75a2,17.176689655172414,0.160919540229885,87.0,89663,private_ip,outlier,outlier,1.0,1.0,14.0,E,14,27,0.14835164835164835,6,4,4,0.4692644276304078,3
18441,2679166a-2beb-3c29-826c-3a616b57399a,7.19725,0.75,4.0,1728,private_ip,outlier,outlier,1.0,1.0,3.0,F,3,3,0.5,2,1,1,0.46921241729690205,3
11136,482efa90-7f56-3164-9ecf-c07e4e122b87,4.864648648648648,0.3648648648648648,74.0,21600,private_ip,outlier,outlier,1.0,1.0,27.0,E,26,42,0.06461538461538462,6,6,3,0.4691067384368804,3
28165,594433a1-63b2-3b33-8ced-518d33ae6480,1.143221052631579,0.1263157894736842,95.0,6517,private_ip,outlier,outlier,11.0,1.0,12.0,F,12,24,0.18181818181818182,5,4,4,0.46909325069490554,3
184,1e5c3c2b-bad8-3861-b95c-01029e45ea05,4.912501432664756,0.1891117478510028,349.0,102868,default,outlier,outlier,1.0,1.0,66.0,E,66,109,0.025407925407925407,6,5,13,0.4690701802988048,3
2373,662e7566-48d1-358f-adca-9083fbea1827,0.0040321011673151,0.0758754863813229,23.363636363636363,125,default,Googlebot/2.1,bot,82.0,22.0,39.0,E,39,71,0.047908232118758436,6,9,13,0.4690389830977387,2
2657,81cb8d5b-51a2-3323-9d30-791e3962e1a9,7.189232558139535,0.5116279069767442,43.0,18549,private_ip,outlier,outlier,1.0,1.0,22.0,E,22,34,0.0735930735930736,7,6,4,0.4689999173415289,3
19066,a10231a4-e8f6-3de4-9fdf-68d1c3292c9c,1.1386595744680852,0.4893617021276595,47.0,3212,private_ip,outlier,outlier,3.0,1.0,23.0,F,23,39,0.07707509881422925,4,4,2,0.46889189914199125,3
25591,c788f061-a7d0-3189-b035-e5cf08c40555,14.834780487804878,0.4878048780487805,41.0,36494,private_ip,outlier,outlier,2.0,1.0,20.0,F,20,29,0.07631578947368421,4,2,2,0.46887955270890286,3
18982,971ca2b8-d7d2-3838-aaf2-064b1c2913c9,0.0719639024390244,0.0273170731707317,146.42857142857142,4426,default,Normal,normal,46.0,7.0,28.0,F,28,154,0.2037037037037037,13,11,4,0.4687957640099589,2
12426,6ee0c8d7-5208-30bf-b0f0-59cb216013e9,0.0015748792270531,0.0193236714975845,6.21,59,default,Normal,normal,114.0,100.0,12.0,E,12,20,0.15151515151515152,5,4,3,0.46867380510552564,2
14932,6a215ee2-6db5-39a3-9453-3ec287aee319,6.335152097902098,0.2342657342657342,286.0,108712,default,outlier,outlier,1.0,1.0,67.0,E,66,136,0.031701631701631705,15,11,6,0.46856066993312184,4
1819,fdcbe02d-751f-363b-90af-bb15beaa6077,2.9201459459459462,0.0864864864864864,185.0,32414,private_ip,outlier,outlier,1.0,1.0,16.0,E,16,25,0.10416666666666667,6,7,3,0.4684474891703434,3
23147,2b7480f6-7ee3-3046-ae91-ec6d01304248,0.1109225181598063,0.0242130750605326,275.3333333333333,5498,default,Normal,normal,38.0,3.0,20.0,F,20,131,0.3447368421052632,10,12,1,0.46844100550868695,2
9875,7d00523e-76a6-3b9d-87ca-80f489dc38b5,153.66611111111112,0.0555555555555555,36.0,331919,default,outlier,outlier,1.0,1.0,2.0,E,2,3,1.5,2,2,2,0.46829909015951826,2
21281,87e9b057-683a-35a4-a6a4-28bdc3b1a949,2.995969696969697,0.3333333333333333,66.0,11865,private_ip,outlier,outlier,4.0,1.0,22.0,F,22,48,0.1038961038961039,3,3,2,0.4682089559245043,3
13655,f96df52c-9aa3-34a2-870c-b56f6bcd8ae0,0.0093333333333333,1.0,3.0,2,private_ip,outlier,outlier,1.0,1.0,3.0,E,2,1,0.5,1,1,0,0.4680161968236117,3
16212,b11627ee-c00a-3004-bd4e-2d5c25cbcbe6,1.1803932980599647,0.1111111111111111,567.0,40157,default,outlier,outlier,1.0,1.0,63.0,E,63,141,0.03609831029185868,14,12,9,0.46788971989843564,4
30519,a223432e-a91d-384a-95d6-b5ad1984986e,9.045190909090907,0.4,55.0,29850,private_ip,outlier,outlier,2.0,1.0,22.0,F,22,38,0.08225108225108226,3,4,2,0.4677525249145799,3
3730,c4c0cb17-9619-384f-af21-924b2fda13e8,23.932,1.0,4.0,5744,private_ip,outlier,outlier,1.0,1.0,4.0,E,4,3,0.25,1,1,0,0.4676779888704365,3
34358,40f34095-e144-3ce5-b084-dea4680ef56a,1.7393636363636362,0.4545454545454545,55.0,5740,private_ip,outlier,outlier,3.0,1.0,25.0,F,25,42,0.07,3,4,1,0.4675237611062249,3
13829,ff5e1244-084c-3d2a-b09f-8b9eec27f8e5,12.815760869565215,0.4565217391304347,46.0,35372,private_ip,outlier,outlier,1.0,1.0,21.0,E,21,33,0.07857142857142857,7,6,3,0.4674372724929977,3
4907,d0236f6f-5e18-3229-b5c7-87916b9971f3,1.113281690140845,0.3661971830985915,71.0,4743,private_ip,outlier,outlier,1.0,1.0,26.0,E,26,42,0.06461538461538462,8,5,2,0.4674171190735276,3
20576,2859e78b-7103-392e-af39-5a67256cad5b,0.0004541666666666,0.0166666666666666,2.0,4,default,Normal,normal,60.0,60.0,2.0,F,2,1,0.5,1,1,0,0.4674073782189362,3
19996,16701544-15e6-35c0-8139-872861032fc2,0.0004193548387096,0.0161290322580645,2.0327868852459017,4,default,Normal,normal,61.0,61.0,2.0,F,2,1,0.5,1,1,0,0.46708247899808725,3
30195,7c9e5a1d-22a3-37ce-a905-7f268382360a,0.0891936842105263,0.0252631578947368,237.5,5085,default,Normal,normal,39.0,4.0,24.0,F,24,140,0.2536231884057971,12,11,1,0.46702796505140554,2
27263,cefbd3c5-bd2d-34e8-bfa9-9782378591fb,0.0002322274881516,0.0236966824644549,2.1979166666666665,3,default,Normal,normal,97.0,96.0,5.0,F,5,7,0.35,2,4,2,0.46680378697185276,2
6520,96cc976c-7831-3cf7-b9fd-dbe32a5129d5,1.209264705882353,0.6764705882352942,34.0,2467,private_ip,outlier,outlier,1.0,1.0,23.0,E,23,29,0.05731225296442688,6,6,2,0.4666228883895163,3
4487,f09056fa-6200-3423-bed4-48479512f57a,0.5238627450980392,0.1848739495798319,357.0,11222,default,outlier,outlier,2.0,1.0,66.0,E,66,138,0.032167832167832165,14,13,8,0.4666112482920599,4
34039,0076ee17-adb9-3e03-93e4-39cd19e1d5f9,0.1484566326530612,0.0357142857142857,196.0,6984,default,Normal,normal,31.0,4.0,28.0,F,28,140,0.18518518518518517,12,12,1,0.4665902708590065,2
12671,302887d7-bd72-32ca-8617-38f661108352,0.631817158931083,0.0829817158931083,711.0,26954,default,outlier,outlier,2.0,1.0,59.0,E,59,163,0.04763296317942724,13,10,10,0.4665713739641305,4
29754,450c7bbc-60be-3cf2-a93b-ecd503220137,1038.747,0.6666666666666666,6.0,373949,default,outlier,outlier,1.0,1.0,4.0,F,4,4,0.3333333333333333,2,1,1,0.46630921924180785,2
522,f6c21e7e-9d97-3ab2-9292-af51400de9e6,4.813052631578947,0.2631578947368421,19.0,5487,private_ip,outlier,outlier,1.0,1.0,5.0,E,5,9,0.45,3,4,2,0.46626949222074454,3
5507,29a09d57-fdf8-3927-8842-1a7eed1aa75d,10.141962025316456,0.189873417721519,79.0,48073,private_ip,outlier,outlier,1.0,1.0,15.0,E,14,30,0.16483516483516483,7,5,4,0.46610258176311814,3
30568,190b98dd-6467-3ffe-b4f3-7152c4cc2e2e,0.0787245273109243,0.0055147058823529,60.44444444444444,17987,default,Normal,normal,63.0,63.0,21.0,F,21,33,0.07857142857142857,10,10,3,0.46607192486085514,2
32132,50325678-773a-33fa-882f-ef1bd884dda9,0.101253164556962,0.2658227848101265,79.0,480,private_ip,outlier,outlier,5.0,1.0,21.0,F,21,57,0.1357142857142857,4,4,1,0.4660379500398636,3
1613,a72ab471-ddba-3fba-a349-9eb74bee80f9,1.2894036144578314,0.2289156626506024,83.0,6422,private_ip,outlier,outlier,2.0,1.0,19.0,E,19,34,0.09941520467836257,8,7,4,0.46595144821163903,3
6744,3136c21e-dca9-3e5a-9b8e-fb091bf7e73b,0.0027829181494661,0.0676156583629893,25.545454545454547,94,default,Googlebot/2.1,bot,96.0,22.0,38.0,E,38,74,0.05263157894736842,7,8,14,0.4657929976977785,2
13342,fdd29482-f091-36b0-bce6-ab09ecba6249,0.8929837019790453,0.059371362048894,859.0,46025,default,outlier,outlier,1.0,1.0,51.0,E,51,135,0.052941176470588235,11,14,6,0.46572873328272496,3
6733,23ee70ca-949f-3dc0-ac79-769d1498d36e,2.117270833333333,0.0850694444444444,576.0,73173,default,outlier,outlier,1.0,1.0,49.0,E,49,144,0.061224489795918366,13,14,8,0.46568328055050395,3
20616,b0881ef7-4b58-39c8-a6be-85ffb13cb1e5,0.0008011137629276,0.0047732696897374,14.284090909090908,61,default,Normal,normal,87.0,88.0,6.0,F,6,8,0.26666666666666666,2,4,3,0.4656754217842382,2
34176,d93efb29-3c03-378a-afe3-c88d5ff53a2a,46.658,0.8,5.0,13998,private_ip,outlier,outlier,1.0,1.0,4.0,F,4,3,0.25,1,2,0,0.46559471646476924,3
27492,8ca89420-5a6e-320a-931b-39b0acae0551,0.3716383855024712,0.0321252059308072,80.93333333333334,27071,default,Normal,normal,16.0,15.0,39.0,F,39,78,0.05263157894736842,9,18,12,0.465565663148469,4
25075,6ea37907-829a-3e1f-b3fd-dcadf69f8041,0.1347311827956989,0.1505376344086021,93.0,752,private_ip,outlier,outlier,15.0,1.0,14.0,F,14,25,0.13736263736263737,6,5,4,0.4655641743320752,3
33016,06f6dc1e-670b-3ed9-833c-4755df6c71c6,601.9262380952381,0.4285714285714285,21.0,758428,default,outlier,outlier,1.0,1.0,9.0,F,9,14,0.19444444444444445,3,3,2,0.4655627504196548,2
2421,e16e44a5-1f02-37c3-b8d4-ee4a6ace5196,2.4064554455445544,0.2277227722772277,101.0,14584,private_ip,outlier,outlier,1.0,1.0,23.0,E,23,52,0.10276679841897234,6,6,2,0.46555453432892646,3
26054,d92d4567-ac57-30b5-90fc-9fce52eaa1ff,0.4484616182572614,0.0850622406639004,120.5,12970,default,Normal,normal,1.0,4.0,41.0,F,41,120,0.07317073170731707,11,23,6,0.46553343405468617,3
144,ab01f396-3eb7-37aa-94dc-de8f8439bdac,13.853911917098443,0.3005181347150259,193.0,160429,default,outlier,outlier,1.0,1.0,58.0,E,57,113,0.03540100250626566,17,11,7,0.46544291287084144,4
24906,28073942-a450-3858-bff2-e4435d7d7883,0.1545507518796992,0.0789473684210526,15.647058823529411,4934,default,Normal,normal,43.0,34.0,42.0,F,42,76,0.04413472706155633,8,14,8,0.46539884448961366,3
19737,11ce003a-d451-368c-ab5c-15146436bcec,0.0021854663774403,0.0195227765726681,5.621951219512195,61,default,Normal,normal,82.0,82.0,9.0,F,9,11,0.1527777777777778,3,4,3,0.4652325652948761,2
1488,e2efc8d3-9922-3b65-91e1-c07f19d6873c,0.6396583143507972,0.1389521640091116,439.0,16849,default,outlier,outlier,2.0,1.0,61.0,E,61,142,0.03879781420765027,16,14,8,0.46509580287648367,4
24825,46956e1f-86a0-3746-8108-c491d552a6b8,3.77360391198044,0.0317848410757946,818.0,185209,default,outlier,outlier,5.0,1.0,26.0,F,26,91,0.14,10,8,4,0.46508193323932456,3
12463,dd2182a6-8bb1-31d3-959e-f0bb04843cd6,14.00237142857143,0.6285714285714286,35.0,29405,private_ip,outlier,outlier,1.0,1.0,22.0,E,21,28,0.06666666666666667,4,5,3,0.4649273076115337,3
23898,2715d7e4-1d2d-3635-a9fe-23ec3767aa8d,0.189838199513382,0.0291970802919708,274.0,9363,default,Normal,normal,33.0,3.0,24.0,F,24,138,0.25,13,11,1,0.46490209295539314,2
24983,4e878628-06d7-38a9-bff9-277c04fb4787,508.34675,0.4,20.0,610017,default,outlier,outlier,1.0,1.0,8.0,F,8,13,0.23214285714285715,3,3,3,0.4648461167621854,2
21891,0ac43067-5edb-311b-a9d9-64632ae3b35b,52.27166666666666,0.8333333333333334,6.0,18818,private_ip,outlier,outlier,1.0,1.0,5.0,F,5,5,0.25,2,2,1,0.46479354352835234,3
22934,adeb7e16-5461-3198-bcc1-71c6c3ede8c0,1527.227,1.0,3.0,274901,default,outlier,outlier,1.0,1.0,3.0,F,3,2,0.3333333333333333,1,1,0,0.464727870750952,2
12739,ecabec1f-6892-33ab-9cdf-2a849fddb762,0.0175542168674698,0.2650602409638554,83.0,88,private_ip,outlier,outlier,6.0,1.0,22.0,E,21,29,0.06904761904761905,6,5,3,0.4646933363173966,3
32587,05d72f6f-1b6c-3eb5-ab97-4991cdc0064d,12.860644736842104,0.1842105263157894,76.0,58645,private_ip,outlier,outlier,1.0,1.0,14.0,F,14,36,0.1978021978021978,5,5,2,0.46439725874557936,3
33010,f728e9dc-d203-3999-b431-18db535d76a2,0.001935112506541,0.0109890109890109,28.102941176470587,222,default,Normal,normal,74.0,68.0,21.0,F,21,38,0.09047619047619047,4,9,7,0.4643860684549935,2
20626,be7be237-5416-3095-a2bc-d74aaf3bdb82,0.1267913043478261,0.0289855072463768,345.0,5250,default,Normal,normal,34.0,2.0,20.0,F,20,137,0.3605263157894737,11,11,2,0.4643712167690389,2
30274,87d2e3d2-92f3-33da-8a17-bd1054738a07,0.9086666666666666,1.0,3.0,164,private_ip,outlier,outlier,1.0,1.0,3.0,F,3,2,0.3333333333333333,1,1,0,0.4643138704968555,3
21276,7f34d5b3-5f8e-3870-b993-dc267b15c447,0.9243333333333332,1.0,3.0,167,private_ip,outlier,outlier,1.0,1.0,3.0,F,3,2,0.3333333333333333,1,1,0,0.4643138704968555,3
26279,5d4e78b7-c46a-326b-834a-9830a603b62a,0.0155456046223689,0.0049525381758151,30.670886075949365,2261,default,Normal,normal,79.0,79.0,12.0,F,12,16,0.12121212121212122,5,6,2,0.464300682995921,2
3024,b4bba2f1-23b8-345a-b99c-63b582260082,0.7486380952380953,0.2222222222222222,315.0,14150,default,outlier,outlier,2.0,1.0,70.0,E,70,156,0.03229813664596273,14,9,10,0.46426890152381317,4
8172,3ecf7baa-1d46-307f-9abc-d28dfbb73686,39.04666666666667,0.6666666666666666,6.0,14057,private_ip,outlier,outlier,2.0,1.0,4.0,E,4,3,0.25,1,1,0,0.4641882771681604,3
25710,ee579e20-5587-3e78-8056-a66a9a39064e,0.2608196955280685,0.0428163653663177,55.31578947368421,16448,default,Normal,normal,22.0,19.0,45.0,F,45,76,0.03838383838383838,9,17,8,0.46414326364102654,4
27391,4e5bb59f-1ee6-3bdf-88ae-d2b7d52ccddb,0.0001323076923076,0.0246153846153846,3.571428571428572,3,default,Normal,normal,93.0,91.0,8.0,F,8,8,0.14285714285714285,2,3,1,0.4641085324024627,2
24358,cda6d5c8-153e-38ba-b080-ebe1dae347f0,0.0022962441314553,0.0093896713615023,14.791666666666666,147,default,Normal,normal,72.0,72.0,10.0,F,10,19,0.2111111111111111,3,8,3,0.46408454937029026,2
33857,be4fc207-e456-30fe-a812-00867b2ec17e,0.0002757009345794,0.0327102803738317,2.2291666666666665,4,default,Normal,normal,99.0,96.0,7.0,F,7,9,0.21428571428571427,3,3,1,0.4640676306055172,2
9205,e919db33-6e93-3cf9-a6b9-903dca7577fb,0.6619642857142857,0.75,28.0,1113,private_ip,outlier,outlier,1.0,1.0,21.0,E,21,26,0.06190476190476191,5,6,3,0.46403609673581103,3
24766,a876f48d-c061-3eef-a52b-024e8aef7b09,0.798,1.0,3.0,144,private_ip,outlier,outlier,1.0,1.0,3.0,F,3,2,0.3333333333333333,1,1,0,0.46385515956427786,3
18961,58d56ae5-0671-3919-81e8-0068603b9b83,14.069363636363637,0.3636363636363636,11.0,9286,private_ip,outlier,outlier,3.0,1.0,4.0,F,4,4,0.3333333333333333,1,4,1,0.46378002631292703,3
23809,1ff6f932-1326-34c8-ab4f-a52c27aeaf1a,0.9976666666666666,1.0,3.0,180,private_ip,outlier,outlier,1.0,1.0,3.0,F,3,2,0.3333333333333333,1,1,0,0.4637600458496568,3
21156,f3128ae6-e1b7-3a41-abe4-f2755a4368f5,1.345,1.0,3.0,243,private_ip,outlier,outlier,1.0,1.0,3.0,F,3,2,0.3333333333333333,1,1,0,0.4637600458496568,3
18356,279d6eff-57c8-35cd-8a7b-a4343f0d3b7b,1.2523333333333333,1.0,3.0,226,private_ip,outlier,outlier,1.0,1.0,3.0,F,3,2,0.3333333333333333,1,1,0,0.4637600458496568,3
27878,156b37bd-f679-3230-b5a8-ec1fd6d87d23,1.1306666666666667,1.0,3.0,204,private_ip,outlier,outlier,1.0,1.0,3.0,F,3,2,0.3333333333333333,1,1,0,0.4637600458496568,3
4550,805110ca-589f-3c95-9930-e08ac8ab8dfe,0.5160792181069959,0.1131687242798353,486.0,15049,default,outlier,outlier,1.0,1.0,55.0,E,55,147,0.049494949494949494,14,14,11,0.4637372193029293,4
24532,c4f3ea3c-a0ae-3876-a2ec-356e3391a3db,0.3703,0.4,60.0,1334,private_ip,outlier,outlier,3.0,1.0,24.0,F,24,42,0.07608695652173914,4,3,0,0.4636801484969843,3
17228,a1dc5884-0bd5-3ed2-9822-8f3eb62cbc0e,0.0073333333333333,0.3333333333333333,3.0,3,private_ip,AdsBot-Google;unknown,bot,3.0,2.0,2.0,E,2,1,0.5,1,1,0,0.4635923174303201,3
6565,2a5dbec0-1f24-34df-a66a-a803ffb3fef8,0.0058333333333333,0.3333333333333333,3.0,3,private_ip,Googlebot/2.1;unknown,bot,3.0,2.0,2.0,E,2,1,0.5,1,1,0,0.4635923174303201,3
10103,06d0b3ee-b649-339c-9fe5-50509b6c4b4c,0.0058333333333333,0.3333333333333333,3.0,3,private_ip,Googlebot/2.1;unknown,bot,3.0,2.0,2.0,E,2,1,0.5,1,1,0,0.4635923174303201,3
3411,43151c6b-0290-3679-bbf0-e819669ee0e2,2.414513761467889,0.2201834862385321,109.0,15791,private_ip,outlier,outlier,1.0,1.0,24.0,E,24,29,0.05253623188405797,5,6,3,0.4635181791420737,3
24697,bc3d09fc-fc9e-3bf4-b604-871233eba88c,16.277846153846156,0.4871794871794871,39.0,38091,private_ip,outlier,outlier,2.0,1.0,19.0,F,19,29,0.0847953216374269,3,2,1,0.46351465690366234,3
20364,a1242cd2-57a3-3a1b-98ed-26d6a318c433,0.0059180887372013,0.1433447098976109,9.451612903225806,105,default,Normal,normal,41.0,31.0,42.0,F,42,73,0.042392566782810684,6,13,9,0.46336273271568595,2
6373,f3a19c0b-0dcf-3c64-88ef-0aa116cca1f4,0.3949536213468869,0.0635324015247776,787.0,18650,default,outlier,outlier,1.0,1.0,50.0,E,50,129,0.052653061224489796,12,15,10,0.4632555783587423,4
10678,809383b1-e03b-3ff0-92fb-862ff6f6da51,15.025286036036036,0.2792792792792792,222.0,200137,default,outlier,outlier,1.0,1.0,62.0,E,62,110,0.02908514013749339,9,6,10,0.46323718742162967,3
31129,6c1be19f-9148-33a8-8ad6-9bf441c784f6,1.339,1.0,3.0,242,private_ip,outlier,outlier,1.0,1.0,3.0,F,3,2,0.3333333333333333,1,1,0,0.4632064473673683,3
16607,4cda3459-8622-3827-9e01-03cc6ca33b8b,7.749922222222223,0.2333333333333333,270.0,125549,default,outlier,outlier,2.0,1.0,63.0,E,63,134,0.03430619559651818,13,10,11,0.463173637697474,4
21921,66cdc406-6bee-3d38-a8d6-c9badfeb0c4c,0.0004649681528662,0.0254777070063694,2.180555555555556,5,default,Normal,normal,73.0,72.0,4.0,F,4,5,0.4166666666666667,2,3,2,0.4631325793325407,2
25881,fb2efd53-1800-344d-8401-c9a3ea8b9202,0.0046037735849056,0.0122641509433962,42.4,586,default,Normal,normal,58.0,50.0,26.0,F,26,53,0.08153846153846153,7,11,10,0.4631277000225373,2
5958,807dad55-1d0c-324a-8bb6-0a53a855a25a,2.060248322147651,0.2449664429530201,298.0,36838,default,outlier,outlier,2.0,1.0,73.0,E,73,163,0.031012176560121764,13,10,10,0.4630771082907993,4
15172,dd2cf834-7bd4-315f-bc73-a38048136ecc,1.0170482954545454,0.1903409090909091,352.0,21481,default,outlier,outlier,2.0,1.0,67.0,E,67,130,0.02939846223428313,18,12,6,0.46302798717941657,4
33023,171cc1df-d537-3ee1-8597-f90ee7b74873,0.1342622549019607,0.0306372549019607,163.2,6574,default,Normal,normal,33.0,5.0,25.0,F,25,138,0.23,12,13,1,0.4630140863515353,2
28577,4f026d12-ce69-3e08-aa5b-94cef9bdab59,0.3105667046750285,0.0547320410490307,67.46153846153847,16343,default,Normal,normal,17.0,13.0,48.0,F,48,102,0.04521276595744681,11,15,9,0.4628910537341402,4
30691,4b41ff46-6471-359f-aa5f-d598eb113ec5,0.0001978609625668,0.0213903743315508,2.1494252873563218,3,default,Normal,normal,90.0,87.0,4.0,F,4,4,0.3333333333333333,2,1,1,0.4628818347895754,2
27355,f012d7c8-70e2-30d6-9d6d-58cfadea0539,3.195176923076924,0.3076923076923077,65.0,12462,private_ip,outlier,outlier,4.0,1.0,20.0,F,20,49,0.12894736842105264,4,3,2,0.46287179648083887,3
31593,da5d7033-c34a-3fb5-8cc7-56d52d66a9fb,13.667,0.75,4.0,3281,private_ip,outlier,outlier,1.0,1.0,3.0,F,3,3,0.5,2,2,1,0.4628364375282816,3
33972,38191561-c39c-3a94-ba2e-24850d798969,0.0022706155632984,0.0104529616724738,10.7625,118,default,Normal,normal,79.0,80.0,9.0,F,9,12,0.16666666666666666,3,4,3,0.4626991879133101,2
32863,6a166536-1e8d-36e1-a5ef-6905de264869,0.8365348837209302,0.5116279069767442,43.0,2159,private_ip,outlier,outlier,2.0,1.0,22.0,F,22,34,0.0735930735930736,2,2,0,0.4626828069667294,3
4911,d687a8c8-44ae-3423-9a19-9ad7628fe1f1,2.676776119402985,0.1641791044776119,134.0,21522,private_ip,outlier,outlier,1.0,1.0,22.0,E,22,43,0.09307359307359307,6,5,2,0.4626753353841452,3
201,4e009550-4927-3d8c-bd7e-b6ecea08f31c,12.937793969849247,0.3115577889447236,199.0,154478,default,outlier,outlier,1.0,1.0,62.0,E,62,119,0.03146483342147012,11,8,10,0.46266864185621026,4
9600,5b48a773-3e4c-3f17-a481-3cd8637c78c8,0.920758208955224,0.1940298507462686,335.0,18508,default,outlier,outlier,1.0,1.0,65.0,E,65,150,0.036057692307692304,18,9,8,0.4626340833196911,4
31515,f83d8b28-8dde-3826-9e77-32a9917fbdeb,0.0083357798165137,0.0330275229357798,10.092592592592592,273,default,Normal,normal,85.0,54.0,18.0,F,18,37,0.12091503267973856,8,5,10,0.4626015924147561,2
6286,eb13219f-ba8f-3003-bb09-2e37e6ae7fea,0.0074375,0.25,4.0,4,private_ip,Googlebot/2.1;unknown,bot,4.0,2.0,2.0,E,2,1,0.5,1,1,0,0.46254037948354954,3
3763,3a3d5059-abd4-3169-af78-13a4fb6374d6,838.3876666666666,0.5,6.0,301820,default,outlier,outlier,1.0,1.0,3.0,E,3,3,0.5,2,2,1,0.46245625338899393,2
20054,c9fd42a2-03bc-3cef-870b-bbeb2e08cfc2,9.929078014184398e-05,0.0212765957446808,2.073529411764706,1,default,Normal,normal,69.0,68.0,3.0,F,3,3,0.5,1,2,2,0.46245355136206356,2
30993,dec89ca3-8e4d-3125-a564-f90f34e10e8c,832.4458000000001,0.2,5.0,249734,default,outlier,outlier,1.0,1.0,1.0,F,1,1,0.0,1,1,1,0.46231332009657367,2
26640,81eface5-eb1c-363e-9d49-f7906f595512,0.0493126232741617,0.0266272189349112,40.56,3001,default,Normal,normal,71.0,25.0,27.0,F,27,57,0.0811965811965812,10,7,12,0.46205253167376703,1
30925,1a53a95c-f687-3e65-9d36-f1e488a7886a,0.3034656526005888,0.0490677134445534,53.63157894736842,18554,default,Normal,normal,26.0,19.0,50.0,F,50,92,0.037551020408163265,7,14,10,0.4619264564692613,4
24232,feac802d-eee2-3df9-9c50-3263d80f3484,1028.76875,0.75,4.0,246905,default,outlier,outlier,1.0,1.0,3.0,F,3,3,0.5,2,2,1,0.46185169358500433,2
25046,0966e23a-cd0d-3d64-8dd3-56bcb88f7bb0,99.03770588235294,0.0294117647058823,136.0,808148,default,outlier,outlier,1.0,1.0,4.0,F,4,7,0.5833333333333334,3,3,2,0.4618439105618112,2
20371,be2e3411-cc5c-3429-99be-24cc2f733609,0.0021257208765859,0.0092272202998846,10.081395348837209,111,default,Normal,normal,84.0,86.0,8.0,F,8,10,0.17857142857142858,4,4,2,0.4616739854107818,2
28055,febfbec3-11f0-34c0-95b9-3b99f67d0031,0.2255589887640449,0.0292134831460674,222.5,12045,default,Normal,normal,34.0,4.0,26.0,F,26,141,0.2169230769230769,11,12,2,0.4616667875283039,2
21888,0446b53f-3b65-38b5-a346-5dce6a66b68c,1.1481845238095238,0.1547619047619047,84.0,5787,private_ip,outlier,outlier,12.0,1.0,13.0,F,13,26,0.16666666666666666,5,5,3,0.4616245847601372,3
12505,4eee0dfe-1abe-35bb-9cd7-79226f5fb307,0.034125,0.5,8.0,17,private_ip,outlier,outlier,1.0,1.0,4.0,E,3,4,0.6666666666666666,2,2,1,0.46156699918096933,3
25091,a6d317ef-5bb7-301c-802e-e307fa5b410a,3.2710280373831774e-05,0.0233644859813084,2.183673469387755,1,default,Normal,normal,103.0,98.0,5.0,F,5,5,0.25,2,2,1,0.4615101003785639,2
29926,4f15e130-facd-3087-bc98-b44872d3f88b,0.0408652037617554,0.0940438871473354,5.8,783,default,Normal,normal,59.0,55.0,30.0,F,30,55,0.06321839080459771,4,17,7,0.4614401615092125,2
13863,60f0bffd-6db8-35e5-902d-3d7ba0ea23f5,1.9525290697674416,0.1240310077519379,516.0,60451,default,outlier,outlier,1.0,1.0,64.0,E,64,130,0.032242063492063495,12,14,8,0.46139653136976555,4
18270,03b5edd9-86c0-3ede-a994-51045c840eff,2.028557471264368,0.2298850574712643,87.0,10590,private_ip,outlier,outlier,4.0,1.0,20.0,F,20,54,0.14210526315789473,4,4,1,0.46139417769690705,3
22737,8c95e68f-9d1e-3304-be5f-480d6d3db3d3,47.45755555555556,0.7777777777777778,9.0,25628,private_ip,outlier,outlier,1.0,1.0,7.0,F,7,8,0.19047619047619047,2,2,2,0.4613020209393569,3
27012,d7dbcacf-bc40-30ff-a191-4e81c9ee43d7,4.16125,0.2291666666666666,48.0,11985,private_ip,outlier,outlier,6.0,1.0,11.0,F,11,25,0.22727272727272727,4,7,2,0.4611172699508439,3
27041,25a5e842-e4b0-3b12-90d6-1594bfd30ae4,0.0290526315789473,0.9473684210526316,19.0,34,private_ip,outlier,outlier,1.0,1.0,18.0,F,18,18,0.058823529411764705,2,2,1,0.4609362956928841,3
24090,8718d7bb-afa4-371c-8df6-3a6b9dc64446,0.0363684210526315,0.9473684210526316,19.0,42,private_ip,outlier,outlier,1.0,1.0,18.0,F,18,18,0.058823529411764705,2,2,1,0.4609362956928841,3
29510,21aed6df-6d15-3698-b600-3e5006417a0e,0.11408,0.01,200.0,1369,datacenter,outlier,outlier,1.0,1.0,2.0,F,2,2,1.0,1,2,1,0.4606591951344941,2
28089,6f2bfebc-91c5-356e-8f6a-6b1c3f788723,0.1460472312703583,0.0618892508143322,18.058823529411764,5381,default,Normal,normal,43.0,34.0,38.0,F,38,69,0.04907539118065434,8,15,9,0.4604837736911559,3
27156,76fd04d1-484b-3820-bb4b-5ffd75516a13,17.21702631578947,0.2631578947368421,38.0,39255,private_ip,outlier,outlier,5.0,1.0,10.0,F,10,19,0.2111111111111111,4,5,2,0.4604571552747875,3
5373,b78b85d4-2d54-369d-91df-d97ff8915f1a,0.6218383233532934,0.1946107784431137,334.0,12462,default,outlier,outlier,2.0,1.0,65.0,E,64,129,0.031994047619047616,14,15,8,0.46044127523344386,4
31597,e69b0226-b8f6-36c2-9c27-93760131de66,0.1809919354838709,0.1612903225806451,62.0,674,private_ip,outlier,outlier,10.0,1.0,10.0,F,10,20,0.2222222222222222,4,5,4,0.4604142494371981,3
26305,9c63e630-9a9f-3615-ad3e-4f29ceb53a31,2.5687857142857142,0.2857142857142857,14.0,2158,private_ip,outlier,outlier,1.0,1.0,4.0,F,4,5,0.4166666666666667,2,2,2,0.4603005594518747,3
9913,e4ecf943-39f9-35d6-b242-d436c2f1a940,2.6220225,0.155,400.0,62929,default,outlier,outlier,1.0,1.0,62.0,E,62,153,0.04045478582760444,17,10,4,0.46021730345767947,4
33503,27d1b78b-b987-3141-91b0-59d24400fde2,0.6545853658536586,0.0674318507890961,77.44444444444444,27375,default,Normal,normal,11.0,9.0,47.0,F,47,84,0.03885291396854764,8,15,13,0.4601314258461868,4
5185,8f8826b4-80f7-3bc0-b6a1-14b6eb27471f,1.3832440366972478,0.0954128440366972,545.0,45233,default,outlier,outlier,2.0,1.0,52.0,E,52,139,0.0524132730015083,14,14,9,0.4601244870312979,4
28902,6b18db77-d9de-3ffc-af32-b88a98f03371,1.7777222222222222,0.2222222222222222,27.0,2880,private_ip,outlier,outlier,4.0,1.0,6.0,F,6,10,0.3333333333333333,3,2,3,0.4601016957116147,3
4687,43fe92a2-6436-3570-baf1-5230bcb03330,90.56331937172774,0.1047120418848167,191.0,1037856,default,outlier,outlier,1.0,1.0,20.0,E,20,42,0.11052631578947368,7,9,7,0.4600645752556343,2
28519,b3d1357b-f20d-38b1-8b46-b60d89054013,0.3098560434585785,0.0185604345857854,441.8,41069,default,Normal,normal,18.0,5.0,41.0,F,41,145,0.08841463414634146,10,8,9,0.46002764315280376,4
27481,6acfa4bd-b5bc-3a68-9e78-da642add2b49,0.0421696931747025,0.0256731371321227,39.925,4041,default,Normal,normal,36.0,40.0,41.0,F,41,72,0.04390243902439024,7,10,10,0.45989867916031224,3
27031,0823d181-6212-38d0-a5e1-7f82ee657455,0.6359873417721519,0.240506329113924,79.0,3015,private_ip,outlier,outlier,4.0,1.0,19.0,F,19,54,0.15789473684210525,4,4,1,0.4597910920788496,3
6768,8e1f0c1a-5918-3f4e-a006-252de58d44ef,0.9364872262773724,0.0948905109489051,548.0,30792,default,outlier,outlier,1.0,1.0,52.0,E,52,146,0.05505279034690799,14,12,11,0.4597405747765232,3
1476,cafcc0b9-5ea8-3a94-a42f-0d6d0bbff333,17.984636363636366,0.4545454545454545,11.0,11870,private_ip,outlier,outlier,1.0,1.0,5.0,E,4,4,0.3333333333333333,2,1,1,0.45969080949277774,3
5401,17f4f1e7-5e68-36ff-8884-3547146a06a6,12.60845,0.1857142857142857,70.0,52956,private_ip,outlier,outlier,2.0,1.0,13.0,E,13,27,0.17307692307692307,5,5,2,0.4596678072125679,3
31592,da00b931-847b-3b6c-b1ad-ce4b55140b82,7.046194915254238,0.1525423728813559,59.0,24944,private_ip,outlier,outlier,4.0,1.0,9.0,F,9,14,0.19444444444444445,3,4,4,0.45964525039333803,3
4937,158c003f-70b2-3d7c-a0eb-936aa8a3634f,8.10154794520548,0.3150684931506849,73.0,35485,private_ip,outlier,outlier,1.0,1.0,23.0,E,22,35,0.07575757575757576,8,5,3,0.4595506491540565,3
3115,8ec3ae04-0373-33e5-9955-1538814f80d0,0.0068333333333333,0.5,3.0,3,private_ip,FacebookExternalHit/1.1;unknown,bot,3.0,2.0,3.0,E,3,2,0.3333333333333333,2,1,0,0.4593956560232217,3
23100,b588a3ba-fe77-33e2-a22e-59ac71bb8c2f,26.15294,0.01,200.0,313836,default,outlier,outlier,1.0,1.0,2.0,F,2,3,1.5,2,2,2,0.459333848777836,2
22490,a9c0b221-e953-38fa-88d4-3637cd9a3d00,25.74602,0.01,200.0,308953,default,outlier,outlier,1.0,1.0,2.0,F,2,3,1.5,2,2,2,0.459333848777836,2
27305,45399a22-38ae-389a-8a3f-6e472ea0880b,0.0004210526315789,0.0175438596491228,2.0,3,default,Normal,normal,57.0,57.0,2.0,F,2,1,0.5,1,1,0,0.45925735878391594,3
42,93cefbab-fcf2-3c19-937a-9dcaf06f77d4,0.1671666666666666,0.2108843537414966,294.0,2949,default,outlier,outlier,3.0,1.0,62.0,E,62,125,0.03305129561078794,17,14,9,0.45922838734693905,4
31502,bda660dd-7a7e-333c-bbe1-8158b9d0d402,25.9446,0.8,5.0,7784,private_ip,outlier,outlier,1.0,1.0,4.0,F,4,3,0.25,1,2,0,0.45912934948319606,3
10417,81166194-244b-3194-8226-ee5423dd9f33,3.0409291187739464,0.264367816091954,261.0,47621,default,outlier,outlier,1.0,1.0,69.0,E,69,143,0.030477408354646206,12,9,11,0.4589838234944423,4
13891,b0fb483a-cf24-36f0-b86e-de76f92f7728,2.001244897959184,0.1807580174927113,343.0,41186,default,outlier,outlier,1.0,1.0,62.0,E,61,140,0.03825136612021858,15,12,11,0.4589182489870585,4
8977,1da3e91a-95bd-3934-a8b7-5d37e040c5a2,0.5624630071599046,0.1742243436754176,419.0,14141,default,outlier,outlier,4.0,1.0,73.0,E,73,143,0.027207001522070014,12,10,9,0.458872049181752,4
13080,cf047f38-264c-3ff8-8013-02524e9a36b2,17.281875,0.875,8.0,8296,private_ip,outlier,outlier,1.0,1.0,7.0,E,7,6,0.14285714285714285,1,2,0,0.4588472457552833,3
19034,408147e8-7b63-3229-89be-303f1e8361bf,0.3582045454545454,0.1363636363636363,88.0,1892,private_ip,outlier,outlier,15.0,1.0,12.0,F,12,22,0.16666666666666666,4,5,2,0.45869214063343555,3
19109,19d74c0c-8df7-3564-92b1-c7d534bc7955,0.180079295154185,0.0513950073421439,20.63636363636364,7359,default,Normal,normal,43.0,33.0,35.0,F,35,62,0.052100840336134456,7,19,9,0.4586617800879854,3
1024,dcbbc562-0d4c-3425-9d50-642828097f5d,21.35342307692308,0.173076923076923,52.0,66623,private_ip,outlier,outlier,1.0,1.0,9.0,E,9,14,0.19444444444444445,4,4,2,0.45865667573358315,3
7762,c1509443-a416-34ef-9f29-07e5e75657fc,62.04126666666667,0.6666666666666666,15.0,55838,private_ip,outlier,outlier,1.0,1.0,10.0,E,10,11,0.12222222222222222,2,4,1,0.45865469929839403,3
22933,ac1d8a09-6be9-3711-b1ad-75b40ad1af3b,1505.8366666666668,1.0,3.0,271051,default,outlier,outlier,1.0,1.0,3.0,F,3,2,0.3333333333333333,1,1,0,0.45863954388121286,2
1395,e7395d95-cf60-3cc9-9cb5-047af3f3cd18,17.647,1.0,4.0,4236,private_ip,outlier,outlier,1.0,1.0,4.0,E,4,3,0.25,1,1,0,0.45857445760822774,3
11636,db8475c8-7375-3d76-b765-683917bdf4c0,5.524412371134021,0.1958762886597938,97.0,32153,private_ip,outlier,outlier,1.0,1.0,19.0,E,19,37,0.10818713450292397,7,7,2,0.45839832496529787,3
25105,e3de805b-6bdb-37b4-9e17-91e15e50e5d6,0.0053005671077504,0.0756143667296786,12.30232558139535,169,default,Normal,normal,50.0,43.0,40.0,F,40,68,0.04358974358974359,7,8,9,0.458334781072509,3
34046,1fb1c53b-4c26-39c6-974c-6c642316e668,0.16075,0.75,4.0,39,private_ip,outlier,outlier,1.0,1.0,3.0,F,3,3,0.5,2,1,1,0.45825745270413765,3
10960,5e67dc28-ce5e-3d3f-9e4f-1ae1032c2e80,10.07672463768116,0.3478260869565217,69.0,41718,private_ip,outlier,outlier,2.0,1.0,24.0,E,24,36,0.06521739130434782,5,5,1,0.45817361775672916,3
8504,173bad4a-d5a3-3953-bc05-7d78d2aa3311,1.5685646153846151,0.063076923076923,650.0,61175,default,outlier,outlier,3.0,1.0,41.0,E,39,99,0.06680161943319839,7,17,10,0.4581235330308604,3
3037,e7ba7309-44c5-3211-bcce-395bcdf86314,0.7609212218649518,0.0932475884244373,622.0,28398,default,outlier,outlier,3.0,1.0,58.0,E,57,148,0.046365914786967416,15,11,10,0.4580599821432378,4
31308,9166ddb5-b7c4-37cb-bd10-688e89abe7ad,0.3475614035087719,0.4035087719298245,57.0,1189,private_ip,outlier,outlier,3.0,1.0,23.0,F,23,42,0.08300395256916997,3,3,2,0.45803754547766456,3
21369,a6785760-2aae-3556-b770-f08effd8d4b4,2.4615384615384616e-05,0.0215384615384615,3.571428571428572,1,default,Normal,normal,95.0,91.0,7.0,F,7,9,0.21428571428571427,2,4,2,0.4579635508437554,2
5213,e6a3f510-4cce-302b-9cb3-421202908dc5,3.943391812865497,0.1842105263157894,342.0,80919,default,outlier,outlier,2.0,1.0,63.0,E,63,142,0.03635432667690732,15,9,9,0.45791248100032106,4
31155,c57c121f-71e5-3b26-8591-bc6c1c012a7c,1.1191313609467457,0.0153846153846153,563.3333333333334,113480,default,Normal,normal,11.0,3.0,26.0,F,26,114,0.1753846153846154,10,10,5,0.45780384785358086,2
24688,ab7d76c3-fcd2-385f-a063-6a2aebfd8f89,0.24575,0.75,4.0,59,private_ip,outlier,outlier,1.0,1.0,3.0,F,3,3,0.5,2,1,1,0.45780079026974235,3
15996,45f27262-0dc6-3353-93bf-b6b504485e35,48.97671428571428,0.8571428571428571,7.0,20571,private_ip,outlier,outlier,1.0,1.0,6.0,E,6,6,0.2,2,2,1,0.45772879915205167,3
11360,bd45f294-c946-3548-94da-865870b9609d,1.6879659367396591,0.1289537712895377,411.0,41626,default,outlier,outlier,2.0,1.0,53.0,E,53,141,0.0511611030478955,16,11,12,0.45769436098090455,4
28604,b2bf7f37-761f-3f55-abed-0e26c0d5ae26,7.93125,1.0,4.0,1904,private_ip,outlier,outlier,1.0,1.0,4.0,F,4,3,0.25,1,1,0,0.4576040569033052,3
21126,816c8e75-3451-34a4-836a-56f69282b6df,0.0005172413793103,0.0172413793103448,2.0350877192982457,4,default,Normal,normal,57.0,57.0,2.0,F,2,1,0.5,1,1,0,0.4575641969501357,2
13617,90b8b722-94b5-32c5-892b-52ea401bcf47,5.101666666666667,0.4102564102564102,39.0,11938,private_ip,outlier,outlier,1.0,1.0,16.0,E,16,27,0.1125,9,7,3,0.45755618101708295,3
20593,550b14fa-a179-3758-8600-458f3dc03d52,8.83203409090909,0.4772727272727273,44.0,23317,private_ip,outlier,outlier,2.0,1.0,21.0,F,21,33,0.07857142857142857,3,3,0,0.4575278520702363,3
26369,6c6f7188-3e31-3763-8560-aa8188ed6918,0.3911894865525672,0.0611246943765281,62.92307692307692,19200,default,Normal,normal,17.0,13.0,50.0,F,50,89,0.036326530612244896,10,17,8,0.45750185786849873,4
22882,1f508a4d-f4af-3f03-ab68-6d034a4b0240,6.74028125,0.3125,64.0,25883,private_ip,outlier,outlier,3.0,1.0,20.0,F,20,48,0.12631578947368421,3,4,1,0.4573949272457349,3
30886,a1f6cab4-34b3-3277-ad85-7b8aad4c82db,1.406346590909091,0.2272727272727272,88.0,7426,private_ip,outlier,outlier,4.0,1.0,20.0,F,20,46,0.12105263157894737,4,4,1,0.457366188780471,3
11137,50dab44f-4e46-3786-a2c3-6030534ec3d1,0.8443860640301318,0.1016949152542373,531.0,26903,default,outlier,outlier,1.0,1.0,54.0,E,54,136,0.047519217330538085,16,14,8,0.4573249939376675,4
21138,a74d5fb3-60fb-3570-98e3-604497341ae0,898.001,0.5714285714285714,7.0,377161,default,outlier,outlier,1.0,1.0,4.0,F,4,5,0.4166666666666667,2,2,0,0.45721513393637353,2
3362,bca7dcbd-b218-3b6f-b93d-6ee85cb6f05b,0.6172618437900128,0.056338028169014,781.0,28925,default,outlier,outlier,1.0,1.0,44.0,E,44,119,0.06289640591966174,16,13,4,0.4570377812473406,3
23389,aaf6c1e9-07c3-3cee-aef6-3af69399097d,0.274265625,0.0336538461538461,73.41176470588235,20538,default,Normal,normal,24.0,17.0,42.0,F,42,66,0.03832752613240418,10,17,10,0.45699004804317184,4
30639,eb1334d6-ad9a-3536-8393-ac5bde8fb829,22.6015,0.01,200.0,542436,default,Normal,normal,2.0,2.0,4.0,F,4,8,0.6666666666666666,3,3,2,0.4569815082382552,2
6134,40fe7dbb-cac5-3a48-aeb2-4ae0fee61927,4.001819209039549,0.3898305084745763,177.0,42500,default,outlier,outlier,1.0,1.0,69.0,E,69,118,0.02514919011082694,11,12,7,0.45688985928317183,3
25415,c9c3a039-3bad-32df-8555-cc2f178a23f5,0.039095238095238,0.5,42.0,99,private_ip,outlier,outlier,3.0,1.0,21.0,F,21,33,0.07857142857142857,3,2,0,0.45683592677388896,3
19857,6e4f3124-a0f8-3a12-94b6-7a3658af39ff,144.29575,0.3333333333333333,6.0,51947,datacenter,outlier,outlier,1.0,1.0,2.0,F,2,2,1.0,1,1,2,0.45663636600181196,2
28216,ccac3c95-b78f-3d38-8d70-4f33fa3f7e49,0.3828654104979811,0.0417227456258411,185.75,17069,default,Normal,normal,29.0,4.0,31.0,F,31,171,0.18387096774193548,10,13,7,0.4565263982371154,2
9618,8b9aaaea-1ba8-39eb-8c3d-454b97efc2e1,0.337,0.3636363636363636,11.0,223,private_ip,outlier,outlier,1.0,1.0,4.0,E,3,4,0.6666666666666666,2,2,1,0.4565116359750909,3
34374,6310dd85-0085-3cf5-ac66-d694adafa7e8,0.0981259640102827,0.0514138817480719,21.61111111111111,4581,default,Normal,normal,52.0,36.0,40.0,F,40,73,0.046794871794871795,8,13,8,0.4565101069992274,3
359,1fa77f9c-dddf-361e-90aa-9be9c83fda0a,0.6678447488584475,0.3150684931506849,219.0,8776,default,outlier,outlier,1.0,1.0,69.0,E,69,131,0.02791986359761296,18,8,9,0.45650068228836627,4
11101,ec369be1-8375-3f81-9e33-3b325a003a15,3.7569591836734695,0.5102040816326531,49.0,11046,private_ip,outlier,outlier,1.0,1.0,25.0,E,25,34,0.056666666666666664,5,5,1,0.45641645046213664,3
8532,586e6f82-6fc8-3c4e-b40c-9c4bb1da5d6a,5.012351916376307,0.2229965156794425,287.0,86313,default,outlier,outlier,1.0,1.0,64.0,E,64,126,0.03125,18,10,8,0.45636982691485006,4
16064,ff04acb8-8694-3af3-b5d9-f90faf74db39,1.4539933333333332,0.1033333333333333,600.0,52344,default,outlier,outlier,1.0,1.0,62.0,E,62,163,0.04309888947646748,12,11,9,0.45617021419472653,4
30250,2a937b19-e4e2-3372-966f-48bcf9f5c764,0.4743323699421965,0.065028901734104,62.90909090909091,19695,default,Normal,normal,14.0,11.0,45.0,F,45,85,0.04292929292929293,11,18,10,0.4561294770360099,4
21216,b62d8c67-f1a0-33b7-9976-efae6c1953f4,0.5847006048387097,0.0463709677419354,90.1818181818182,34802,default,Normal,normal,13.0,11.0,46.0,F,46,83,0.04009661835748792,12,17,7,0.45610945332728886,4
25242,91fb5713-a7c3-398e-8cc1-d3d6924e5ae0,0.2467179261862917,0.0386643233743409,51.72727272727273,16846,default,Normal,normal,33.0,22.0,44.0,F,44,90,0.04756871035940803,8,14,9,0.4560954449114848,3
13499,d42f2feb-fa2f-353e-8673-ca3507d49a92,0.0022328482328482,0.0748440748440748,25.31578947368421,65,default,Googlebot/2.1,bot,72.0,19.0,36.0,E,36,67,0.05317460317460317,9,5,15,0.45592825781214175,2
33268,2a066e80-400b-31a1-9637-2a84dc5f6593,0.2416827651515151,0.0407196969696969,52.8,15314,default,Normal,normal,23.0,20.0,43.0,F,43,71,0.039313399778516056,8,19,6,0.45591140579577427,4
8890,09bbbe9a-8e6b-3676-ad72-6f6b629d004f,1.0873918575063612,0.1653944020356234,393.0,25641,default,outlier,outlier,1.0,1.0,65.0,E,65,146,0.035096153846153846,14,12,9,0.45585565797838284,4
31821,af4f5714-12f8-30fc-9fbe-08733d840289,120.23497435897436,0.0341880341880341,117.0,844050,default,outlier,outlier,1.0,1.0,4.0,F,4,7,0.5833333333333334,3,3,2,0.45581249371711036,2
9869,7324930b-01b7-3f45-aa77-4f96aa7d0325,5.500496875,0.19375,320.0,105610,default,outlier,outlier,1.0,1.0,62.0,E,61,144,0.03934426229508197,10,8,14,0.45572269233048013,4
1598,634ea014-a386-346a-bef9-7c159271bbe6,2.3680576923076924,0.4423076923076923,52.0,7389,private_ip,outlier,outlier,1.0,1.0,23.0,E,23,38,0.07509881422924901,7,6,2,0.45568173507239546,3
2141,a4891746-a999-3a13-b1be-bd61e40749ec,80.278845,0.05,200.0,963347,default,BingPreview/1.0b;bingbot/2.0;unknown,bot,1.0,1.0,10.0,E,10,14,0.15555555555555556,4,9,2,0.45563154537113587,2
18955,4073637c-a34f-351b-863e-520672b2fc91,199.28956666666667,0.0666666666666666,15.0,358722,default,Normal,normal,2.0,2.0,2.0,F,2,3,1.5,2,2,2,0.4553696600187718,2
3245,4f3f83c8-a658-3cf5-9c1a-4459047eb3ec,6.054532128514056,0.2610441767068273,249.0,90455,default,outlier,outlier,2.0,1.0,65.0,E,65,132,0.03173076923076923,14,10,9,0.4553264130459582,4
19308,9ee81c7d-b1b9-3cf7-b642-441dc7848b53,4.711416666666667,0.3333333333333333,12.0,3393,private_ip,outlier,outlier,1.0,1.0,4.0,F,4,5,0.4166666666666667,2,2,2,0.4553039930635533,3
19312,a6adefd0-f463-3c83-8e12-6508920860cb,0.1722016666666666,0.0666666666666666,15.789473684210526,6200,default,Normal,normal,49.0,38.0,40.0,F,40,67,0.04294871794871795,7,12,8,0.4552493081725807,2
6195,e6f4c143-e3ce-3cbf-b02c-39be9a08d8d3,17.3723670411985,0.1910112359550561,267.0,278306,default,outlier,outlier,1.0,1.0,51.0,E,51,102,0.04,6,5,12,0.4551761230604766,3
3831,f038c87f-ed92-31a4-9f14-93ae72af10d3,2.403911838790932,0.1511335012594458,397.0,57262,default,outlier,outlier,1.0,1.0,60.0,E,60,150,0.0423728813559322,18,10,8,0.4551302931183413,4
26464,82fa585f-60a2-336b-9786-166dc9976ac6,0.2086742508324084,0.027746947835738,150.16666666666666,11281,default,Normal,normal,36.0,6.0,25.0,F,25,139,0.23166666666666666,11,12,1,0.45512463468414527,2
19167,c6f0253f-8d0b-3643-8927-fcba9937960a,0.0346238805970149,0.0248756218905472,251.25,2088,default,Normal,normal,46.0,4.0,25.0,F,25,136,0.22666666666666666,11,10,4,0.4551149246990548,2
33470,ae54a7de-d67c-3e57-ade1-7cdffe228352,0.0077077625570776,0.0799086757990867,10.186046511627907,203,default,Normal,normal,74.0,43.0,35.0,F,35,47,0.03949579831932773,5,12,7,0.45510728985916554,3
14307,f1981efb-d388-35b3-93cf-36165d734c30,1.1792727272727273,0.4545454545454545,11.0,779,private_ip,outlier,outlier,1.0,1.0,5.0,E,5,8,0.4,3,3,3,0.4549964294331639,3
12391,182a7f94-6a6e-3858-84b4-981642644c84,0.6932321428571429,0.2901785714285714,224.0,9318,default,outlier,outlier,2.0,1.0,65.0,E,65,126,0.03028846153846154,17,10,10,0.45496628600821576,4
13312,b28987e8-bf98-3b83-b1b9-439ce13d3a56,17.493,0.9333333333333332,15.0,15744,private_ip,outlier,outlier,1.0,1.0,14.0,E,14,14,0.07692307692307693,2,2,1,0.45495559669383506,2
7912,81b18b2e-0bf8-318d-9a40-e7059c352647,11.979818181818182,0.5454545454545454,11.0,7907,private_ip,outlier,outlier,1.0,1.0,6.0,E,6,9,0.3,4,3,2,0.45494983275582423,3
7988,5a2b5341-52aa-317c-9226-48b87dc1a222,3.200808943089431,0.2804878048780488,246.0,47244,default,outlier,outlier,1.0,1.0,69.0,E,69,145,0.030903665814151746,11,11,8,0.4549013162454346,4
24529,bc0968a2-1d9d-3e9f-89e1-7585a89c917d,3.178144927536232,0.3188405797101449,69.0,13158,private_ip,outlier,outlier,3.0,1.0,22.0,F,22,46,0.09956709956709957,4,4,1,0.4548496537114552,3
12317,31cd3090-f019-3581-9a3f-44241548e135,0.019625,0.5,4.0,5,private_ip,Googlebot/2.1;unknown,bot,2.0,1.0,2.0,E,2,1,0.5,1,1,0,0.45478939003707697,3
4953,4f55a4f4-0e70-3cfb-bea7-268b8eef9aac,0.01325,0.5,4.0,4,private_ip,Sogou web spider/4.0;unknown,bot,2.0,1.0,2.0,E,2,1,0.5,1,1,0,0.45478939003707697,3
13336,e86a1d8d-0838-3b90-8361-88966e3acaa2,0.017625,0.5,4.0,5,private_ip,AdsBot-Google;unknown,bot,2.0,1.0,2.0,E,2,1,0.5,1,1,0,0.45478939003707697,3
19323,cba985bb-2c5d-3da0-b262-6172ee1272ea,110.72166666666668,0.037037037037037,27.0,179370,datacenter,outlier,outlier,1.0,1.0,1.0,F,1,1,0.0,1,1,1,0.45466249005022785,2
33399,c3be2c53-b891-3cbc-9edb-b9ddd981258b,0.0857222222222222,0.9444444444444444,18.0,93,private_ip,outlier,outlier,1.0,1.0,17.0,F,17,17,0.0625,2,2,1,0.4546059532506478,3
18793,6a32821c-7f67-3369-a937-45a834fbb0bc,2.521229729729729,0.1486486486486486,74.0,11195,private_ip,outlier,outlier,9.0,1.0,11.0,F,11,21,0.19090909090909092,4,5,3,0.45460415733027465,3
32234,ab5f1ee7-1674-3f78-8154-3b40157a6a0d,0.4463370846730975,0.0535905680600214,84.81818181818181,24986,default,Normal,normal,18.0,11.0,50.0,F,50,99,0.04040816326530612,11,14,10,0.4545108055120811,4
19279,2db1a62a-6b71-3d32-8e0e-9ee5b5c1588c,0.4816062215477997,0.0728376327769347,50.69230769230769,19043,default,Normal,normal,18.0,13.0,48.0,F,48,77,0.034131205673758866,9,18,8,0.4544172596629894,4
17875,33572d6b-94cc-39bb-8e48-0aadef531579,11.967458333333331,0.2083333333333333,24.0,17234,private_ip,outlier,outlier,1.0,1.0,5.0,F,5,6,0.3,2,2,2,0.4542877989914467,3
13250,d71dea78-4e02-33e6-89a6-1b8e2598acb4,3.3064430894308945,0.2723577235772357,246.0,48804,default,outlier,outlier,2.0,1.0,67.0,E,67,134,0.030303030303030304,12,13,6,0.4542877375709538,4
28534,d34e0cfa-b981-39b0-8087-b93c28386471,6.2224545454545455,0.2363636363636363,55.0,20535,private_ip,outlier,outlier,6.0,1.0,13.0,F,13,25,0.16025641025641027,4,5,3,0.4539239877885639,3
7644,64505371-0b52-3b1a-85fe-52716e349188,16.33093103448276,0.1206896551724138,58.0,56832,private_ip,outlier,outlier,1.0,1.0,7.0,E,7,9,0.21428571428571427,2,2,2,0.45380858804095403,3
12114,345abbae-f976-3482-9b01-20f419780af8,0.6617393526405452,0.100511073253833,587.0,23307,default,outlier,outlier,1.0,1.0,59.0,E,59,144,0.04208065458796026,14,12,10,0.453774441015967,4
24949,c85fe993-eb00-3df9-b44b-4f8eb9f7eb2f,0.2773333333333333,0.081081081081081,39.642857142857146,9236,default,Normal,normal,21.0,14.0,45.0,F,45,79,0.0398989898989899,9,17,10,0.4536529454594459,4
14383,d15916bb-6cdc-3e32-959d-c14af2be152b,0.7733383518225039,0.0966719492868462,631.0,29279,default,outlier,outlier,1.0,1.0,61.0,E,61,149,0.0407103825136612,12,12,7,0.45357222953737114,4
23785,e0e45285-462c-36ff-9320-733feb486bf7,0.0067230538922155,0.0319361277445109,14.735294117647058,405,default,Normal,normal,70.0,68.0,32.0,F,32,50,0.05040322580645161,5,8,5,0.4534724711352034,2
17257,f33f401c-26c5-3def-a75b-f566a4f07661,0.01175,0.5,4.0,3,private_ip,bingbot/2.0;unknown,bot,2.0,1.0,2.0,E,2,1,0.5,1,1,0,0.45342338394079096,3
17527,136d95cc-fcb0-3384-9001-1565883ab47f,0.01025,0.5,4.0,3,private_ip,Googlebot/2.1;unknown,bot,2.0,1.0,2.0,E,2,1,0.5,1,1,0,0.45342338394079096,3
4724,9825f60d-9992-309c-b777-329008ede570,0.0095,0.5,4.0,3,private_ip,bingbot/2.0;unknown,bot,2.0,1.0,2.0,E,2,1,0.5,1,1,0,0.45342338394079096,3
1281,9d39f1c0-6149-38e0-9c8d-c6b9e3dda014,0.010625,0.5,4.0,3,private_ip,Sogou web spider/4.0;unknown,bot,2.0,1.0,2.0,E,2,1,0.5,1,1,0,0.45342338394079096,3
13807,d507321d-0ed9-302e-9233-2d48a9de1d44,0.01175,0.5,4.0,3,private_ip,Googlebot/2.1;unknown,bot,2.0,1.0,2.0,E,2,1,0.5,1,1,0,0.45342338394079096,3
6750,4035cbd4-9fa8-3222-8598-51ffebd45edf,0.3061646586345382,0.0589022757697456,747.0,13723,default,outlier,outlier,1.0,1.0,44.0,E,44,136,0.07188160676532769,11,15,8,0.45335603736793834,3
16043,c9780125-0fb5-3f89-88ea-abea3c992a94,2.43965873015873,0.2817460317460317,252.0,36888,default,outlier,outlier,1.0,1.0,71.0,E,71,132,0.026559356136820925,15,11,6,0.4531497805332612,4
30406,1e7183cf-7f07-3157-9bd5-5feab67e9981,27.5632,0.8,5.0,8269,private_ip,outlier,outlier,1.0,1.0,4.0,F,4,4,0.3333333333333333,2,2,1,0.45314061396079525,3
13511,02a28080-a668-3db3-be3b-90f93f9f31bf,0.5957658862876255,0.2207357859531772,299.0,10689,default,outlier,outlier,2.0,1.0,66.0,E,66,127,0.029603729603729603,16,13,5,0.45312510412983625,4
5965,96e0fb4e-1aff-306d-b32f-fe9e4343a2cf,0.2775018726591761,0.0549313358302122,801.0,13337,default,outlier,outlier,2.0,1.0,44.0,E,44,114,0.06025369978858351,11,15,7,0.4531130509800715,3
2614,11098901-bba3-3856-95c5-d59a0e5c8ec5,1.9101063829787237,0.4468085106382978,47.0,5387,private_ip,outlier,outlier,1.0,1.0,21.0,E,21,31,0.07380952380952381,5,7,3,0.45307881809049816,3
4776,48b16aa2-4875-3a6f-8929-fd0609a988c9,5.3482467532467535,0.2337662337662337,77.0,24709,private_ip,outlier,outlier,1.0,1.0,18.0,E,17,33,0.1213235294117647,8,6,3,0.45301628773806757,3
4784,6a044281-8060-3164-882d-6c7fe9833787,9.251035714285711,0.2142857142857142,28.0,15542,private_ip,outlier,outlier,1.0,1.0,6.0,E,6,10,0.3333333333333333,3,4,2,0.4530025952015824,3
28805,2d744bd9-184b-365b-adcb-5d220d030482,0.0020601659751037,0.0228215767634854,6.885714285714286,60,default,Normal,normal,73.0,70.0,11.0,F,11,18,0.16363636363636364,3,6,5,0.4528216143075699,2
29121,5b89ad2a-9f3f-3e3d-b92a-ebd8c07cd96b,0.637806886227545,0.0434131736526946,25.692307692307693,25564,default,Normal,normal,47.0,26.0,29.0,F,29,76,0.09359605911330049,11,9,12,0.45273920505944576,2
6786,c2b38a3c-1401-3df7-8cfb-d79feda7bab8,0.0003436532507739,0.1176470588235294,323.0,7,default,outlier,outlier,30.0,1.0,38.0,E,38,86,0.06116642958748222,8,12,20,0.4527162123451844,3
9940,36936a15-81db-3a21-9bd8-83fbb4494630,0.6204262295081967,0.3278688524590163,61.0,2271,private_ip,outlier,outlier,2.0,1.0,20.0,E,19,29,0.0847953216374269,9,5,2,0.45266537840432153,3
22705,31c034cb-3178-376c-b7c6-a5f1729fdba2,25.849625,0.75,8.0,12408,private_ip,outlier,outlier,1.0,1.0,6.0,F,6,7,0.23333333333333334,2,2,2,0.45260937905518983,3
14312,f91041c2-9edf-3bf7-95a2-628a7d49ef15,0.08875,0.5,4.0,22,private_ip,Baiduspider/2.0;unknown,bot,1.0,1.0,2.0,E,2,1,0.5,1,1,0,0.45260780772489806,3
28846,949e3b51-ac65-3acb-ae90-8eb91055a8ae,0.7546761619190405,0.0134932533733133,500.25,90607,default,Normal,normal,10.0,4.0,27.0,F,27,108,0.15384615384615385,11,10,6,0.45256789430302585,2
11365,d59326e8-31a4-300c-be82-57cb185f6847,90.22336,0.045,200.0,1082681,default,BingPreview/1.0b;bingbot/2.0;unknown,bot,1.0,1.0,9.0,E,9,17,0.2361111111111111,4,6,2,0.45249967702090155,2
19455,7e28ff25-f7e0-3f9e-9d00-afad02b0bbec,0.0004691780821917,0.0205479452054794,2.147058823529412,5,default,Normal,normal,70.0,68.0,3.0,F,3,3,0.5,2,2,1,0.4524041805357024,2
413,c99a516d-1dda-3ba6-8996-3061801bf4d0,2.447475,0.16,400.0,58740,default,outlier,outlier,1.0,1.0,64.0,E,64,152,0.037698412698412696,13,9,10,0.4523808942708004,4
33078,d202b853-c373-3921-9fe2-75ae8a5a8a2f,0.0255,0.5,6.0,10,private_ip,outlier,outlier,2.0,1.0,3.0,F,3,3,0.5,2,2,1,0.4523129568599713,3
31114,408ce4cd-3947-3184-9d68-ea9a6e1235b3,0.0692386117136659,0.0867678958785249,14.870967741935484,1916,default,Normal,normal,39.0,31.0,40.0,F,40,67,0.04294871794871795,9,15,8,0.45222825944093686,3
31627,47037df9-33ad-3172-bc23-132f9cce8642,0.0021290216677609,0.0131319763624425,26.719298245614038,195,default,Normal,normal,60.0,57.0,20.0,F,20,48,0.12631578947368421,6,10,9,0.4521942653771543,2
16988,c9f713bd-d983-32b4-a545-523cd4553d87,1.0193285714285714,0.3285714285714285,70.0,4282,private_ip,outlier,outlier,1.0,1.0,23.0,E,23,46,0.09090909090909091,7,6,3,0.45215288945679516,3
13599,481ad04e-acd3-3d62-8c1a-8e877b8e270d,1.0797837837837838,0.1523341523341523,407.0,26369,default,outlier,outlier,2.0,1.0,62.0,E,62,137,0.03622421998942359,18,11,7,0.45205696996023703,4
14839,7671604c-c71f-3f93-8987-750be72b5198,6.712324817518248,0.2591240875912409,274.0,110351,default,outlier,outlier,1.0,1.0,71.0,E,71,135,0.02716297786720322,13,9,5,0.45200565747764304,4
4804,ac57a5e3-3138-356a-9706-640090fe812f,0.0012920962199312,0.0721649484536082,34.23529411764706,46,default,Googlebot/2.1,bot,87.0,17.0,42.0,E,42,89,0.05168408826945412,9,10,11,0.4520049130197634,3
26321,de05f9c2-2a32-3b90-908c-c71acda137fa,0.1710238095238095,0.3492063492063492,63.0,647,private_ip,outlier,outlier,4.0,1.0,22.0,F,22,45,0.09740259740259741,3,3,2,0.45196207530810595,3
32795,73c588d7-1d14-34b0-a550-6ffa95444002,7.444488095238095,0.5238095238095238,42.0,18761,private_ip,outlier,outlier,2.0,1.0,22.0,F,22,35,0.07575757575757576,3,3,1,0.45193329628142825,3
21597,3f40c898-4c30-3ff6-a5e7-746d9ce9c9bb,33.48328571428572,0.8571428571428571,7.0,14063,private_ip,outlier,outlier,1.0,1.0,6.0,F,6,6,0.2,2,2,1,0.45184551571834924,3
28509,9986bb87-0c48-36dc-bc10-9be0d9267562,301.78008108108105,0.1081081081081081,37.0,669952,default,outlier,outlier,1.0,1.0,4.0,F,4,6,0.5,2,3,2,0.45175091581044985,2
21452,abfa8e9f-986e-383a-8e74-5cfb8c68f2c0,1.70826875,0.1625,80.0,8200,private_ip,outlier,outlier,10.0,1.0,13.0,F,13,24,0.15384615384615385,3,4,2,0.4516606431949631,3
1158,4e8dd029-e7e2-305f-a770-155c7742e49f,11.967,1.0,4.0,2873,private_ip,outlier,outlier,1.0,1.0,4.0,E,4,3,0.25,1,1,0,0.4516171014677303,3
822,92e8bfa1-bbf7-3f0d-828a-4967b84c2b2f,2.7057271468144046,0.1745152354570637,361.0,58607,default,outlier,outlier,1.0,1.0,63.0,E,63,135,0.03456221198156682,15,12,8,0.4515697018690721,4
3659,fb8ddd74-4464-374c-b667-38db4b6677db,0.7048215892053974,0.0779610194902548,667.0,28207,default,outlier,outlier,1.0,1.0,52.0,E,52,131,0.049396681749622924,16,12,8,0.4515274976804557,3
9387,f770815b-3190-3a32-8354-4f9e53436780,3.406681318681319,0.2527472527472527,91.0,18601,private_ip,outlier,outlier,1.0,1.0,23.0,E,22,37,0.08008658008658008,6,5,1,0.45136406670990337,3
23927,7c125527-9538-325f-91eb-5b47526ab662,0.112779277957147,0.0067508071617258,63.0925925925926,23055,default,Normal,normal,54.0,54.0,23.0,F,23,39,0.07707509881422925,8,12,4,0.4512335597017358,2
20770,54abd52b-6abd-3b30-9c2f-1f4e0e30a1a4,600.74175,0.125,8.0,288357,default,AdsBot-Google;Mobile Safari,bot,1.0,1.0,1.0,F,1,1,0.0,1,1,1,0.4512271390012446,2
31784,500b0bf4-cefc-3a05-a9a4-f5b3572db990,0.0024037162162162,0.0168918918918918,16.21917808219178,171,default,Normal,normal,73.0,73.0,20.0,F,20,30,0.07894736842105263,4,8,3,0.4510919307575332,2
17779,f0f2555c-05f2-379e-bd49-677f21de6d18,12.546142857142858,0.1587301587301587,63.0,47425,private_ip,outlier,outlier,1.0,1.0,10.0,E,9,15,0.20833333333333334,5,4,2,0.45096188957840155,3
14322,1e578045-0a36-3c26-8241-2d0caa0c4760,59.584069444444445,0.0069444444444444,144.0,514807,default,outlier,outlier,1.0,1.0,1.0,E,1,1,0.0,1,1,1,0.45094974087800943,2
15680,cb0dd1fc-1686-38eb-a184-f7a6b3522e90,2.638731441048035,0.2925764192139738,229.0,36257,default,outlier,outlier,1.0,1.0,67.0,E,67,133,0.030076888285843508,16,10,7,0.45094395158786965,4
4983,9f84ca9f-b7d9-3590-984c-209d2af43dd1,1.1573522012578616,0.0990566037735849,636.0,44165,default,outlier,outlier,1.0,1.0,63.0,E,63,154,0.03942652329749104,8,9,7,0.4509366586011856,3
13939,3c15640d-4c19-3da8-8916-311757ae403c,0.6842561436672968,0.10586011342155,529.0,21719,default,outlier,outlier,2.0,1.0,56.0,E,56,131,0.04253246753246753,17,12,9,0.4509115237175791,4
30247,27c15ce4-1cff-3304-a0e5-85ba3d93b0e2,7.825524390243903,0.5121951219512195,41.0,19251,private_ip,outlier,outlier,2.0,1.0,21.0,F,21,34,0.08095238095238096,2,3,1,0.4508445866526369,3
14585,f05694fb-6c6c-37b2-b118-6c23a3fa1d5c,0.921997455470738,0.1526717557251908,393.0,21741,default,outlier,outlier,2.0,1.0,60.0,E,60,133,0.037570621468926556,17,14,8,0.45078298228647856,4
29016,c82842b3-ff65-3713-8a2d-294c21af443b,0.0097868852459016,0.3114754098360656,61.0,36,private_ip,outlier,outlier,3.0,1.0,19.0,F,19,46,0.13450292397660818,3,5,2,0.4506291840108263,3
28678,d5c376cf-40dd-34c8-8fce-04ea7da383b7,0.0001187050359712,0.014388489208633,3.971428571428572,2,default,Normal,normal,73.0,70.0,4.0,F,4,5,0.4166666666666667,2,2,2,0.4505482179791905,2
9137,150c9187-2c8e-3552-bb09-b68ffffa6c62,53.56171428571428,0.5,14.0,44992,private_ip,outlier,outlier,1.0,1.0,7.0,E,7,8,0.19047619047619047,2,3,1,0.45051145494999695,3
9268,bec11e91-ce22-326d-ae21-6bd3f1e38204,0.6535171288743883,0.0962479608482871,613.0,24037,default,outlier,outlier,1.0,1.0,59.0,E,59,131,0.03828170660432496,13,13,11,0.4504355097343035,4
4579,df31a341-e5a5-3b94-b0f6-7e0148fb498b,0.0002213740458015,0.0839694656488549,2.381818181818182,2,default,BingPreview/1.0b,bot,128.0,55.0,11.0,E,11,13,0.11818181818181818,2,2,11,0.45033942651215664,2
19083,c5657122-5eb6-3167-9993-cfa4fa713324,41.38663636363636,0.5454545454545454,22.0,54631,private_ip,outlier,outlier,1.0,1.0,12.0,F,12,17,0.12878787878787878,3,3,2,0.450320143886401,3
20171,34e1ffae-9efc-32ce-be96-561050110304,0.0054382657869934,0.0070688030160226,31.205882352941178,693,default,Normal,normal,71.0,68.0,15.0,F,15,33,0.15714285714285714,5,9,5,0.45026654537360966,2
2060,ba0aa979-ae20-31b3-95ae-9cdd1d2e7c0c,16.19472972972973,0.3783783783783784,37.0,35953,private_ip,outlier,outlier,1.0,1.0,14.0,E,14,24,0.13186813186813187,8,5,3,0.4501939174224815,3
21684,4e9c1852-fc7b-360c-8c44-6fedb1122970,3.35209375,0.3125,64.0,12873,private_ip,outlier,outlier,3.0,1.0,20.0,F,20,49,0.12894736842105264,4,5,1,0.4500610464558874,3
31781,4acd399c-47c5-34e6-bb68-c7cee46ebff8,0.69425,0.75,4.0,167,private_ip,outlier,outlier,1.0,1.0,3.0,F,3,3,0.5,1,2,1,0.44992728222340644,3
29028,fa2effe8-e700-3983-809b-53e610dbeea0,9.3065,0.7142857142857143,28.0,15635,private_ip,outlier,outlier,1.0,1.0,20.0,F,20,24,0.06315789473684211,2,3,1,0.4499221024440473,3
4440,74c435cc-2f7a-3959-8809-1bd0b270e352,144.5801095890411,0.0958904109589041,146.0,1266522,default,BingPreview/1.0b;Mobile Safari;unknown,bot,1.0,1.0,14.0,E,14,36,0.1978021978021978,7,8,4,0.44991119345405445,2
27744,6ca5413a-d4a7-37b5-b2fa-915c5fa008fe,263.2928292682927,0.1463414634146341,82.0,1295401,default,outlier,outlier,1.0,1.0,12.0,F,12,24,0.18181818181818182,5,4,3,0.44980871004599665,2
26154,10352a46-ec4e-37b5-bfe4-758f085933d5,0.9526366336633664,0.0178217821782178,505.0,86595,default,Normal,normal,17.0,3.0,27.0,F,27,103,0.1467236467236467,12,9,5,0.4497142176126666,2
5751,148e692f-8027-3b28-8b7a-fd0804f75d73,17.450657608695654,0.3206521739130434,184.0,192656,default,outlier,outlier,1.0,1.0,59.0,E,59,103,0.03009935710111046,8,7,11,0.44969024737600083,3
14521,4b0cbb14-a5f3-3d26-9c86-eea4c3805bd2,1.5092881136950904,0.1524547803617571,387.0,35046,default,outlier,outlier,1.0,1.0,59.0,E,59,133,0.03886616014026885,17,13,10,0.4496527449879642,4
1824,17b11dc3-d9d1-356d-8b13-1a904a386ed5,4.915686170212767,0.2304964539007092,282.0,83174,default,outlier,outlier,2.0,1.0,65.0,E,65,124,0.02980769230769231,17,8,9,0.44963701874648554,4
22102,94b9426b-8c02-3856-902a-dcf0f35c8a4f,0.2372065217391304,0.1413043478260869,92.0,1310,private_ip,outlier,outlier,16.0,1.0,13.0,F,13,21,0.1346153846153846,4,5,3,0.4496130328909082,3
20273,be59c932-8086-34a6-91e0-ec0e093cb3f2,0.2709208443271768,0.0356200527704485,108.28571428571428,12322,default,Normal,normal,33.0,7.0,27.0,F,27,150,0.21367521367521367,10,16,2,0.44961210234970095,2
31925,f61b38db-352b-3882-8a10-fac13c65f04a,4.70395652173913,0.4782608695652174,46.0,12983,private_ip,outlier,outlier,2.0,1.0,22.0,F,22,40,0.08658008658008658,3,3,2,0.4493944734805909,3
1439,5e9dd0af-82a0-3de0-893a-0ab0e3a20ec8,6.521710526315789,0.6052631578947368,38.0,14870,private_ip,outlier,outlier,1.0,1.0,23.0,E,22,30,0.06493506493506493,4,4,4,0.4493366642891154,3
27696,e3adf785-2795-3972-a19c-4c5e34b1d47a,0.0182195121951219,0.4878048780487805,41.0,45,private_ip,outlier,outlier,3.0,1.0,20.0,F,20,35,0.09210526315789473,2,3,1,0.4492309577044762,3
18994,b6957a92-359b-34a0-a335-f27b5b796d9b,27.76625,0.625,8.0,13328,private_ip,outlier,outlier,1.0,1.0,5.0,F,5,6,0.3,2,2,0,0.44917453681642855,3
33110,3a53c764-9209-38f3-9f7d-e220cb4292c2,0.0004285714285714,0.0384615384615384,2.333333333333333,5,default,Normal,normal,81.0,78.0,7.0,F,7,9,0.21428571428571427,2,4,3,0.44913207113927617,2
21365,9955ed4b-4701-3865-9a78-b002c9899c8a,0.1529545454545454,0.5,44.0,404,private_ip,outlier,outlier,3.0,1.0,22.0,F,22,38,0.08225108225108226,3,3,1,0.448901666443101,3
32803,9451ea53-bcc6-34fd-9ca4-ec086522d377,0.0308802892340653,0.0171397964649169,34.57407407407408,3460,default,Normal,normal,51.0,54.0,32.0,F,32,61,0.06149193548387097,7,12,7,0.4487191340440311,3
9903,cd47c64a-a516-3ca5-83c3-e0ce831700e8,9.7856,1.0,5.0,2936,private_ip,outlier,outlier,1.0,1.0,5.0,E,5,4,0.2,1,1,0,0.4485925464622048,3
27951,e20f074d-6441-3f84-94fa-b54189cc7504,0.0080734693877551,0.1877551020408163,8.166666666666666,119,default,Normal,normal,37.0,30.0,46.0,F,46,63,0.030434782608695653,4,10,4,0.44839097218634216,1
27549,1446fe21-ea5a-3be1-83c9-27a30ef5beee,9.467725,0.5,40.0,22723,private_ip,outlier,outlier,2.0,1.0,20.0,F,20,32,0.08421052631578947,3,3,1,0.44824327967115196,3
862,03752b88-c224-3f24-887e-9d6b17125a81,0.3248744769874477,0.2677824267782426,239.0,4659,default,outlier,outlier,2.0,1.0,64.0,E,64,124,0.030753968253968252,16,12,7,0.4482116681945559,3
34230,a31c60f6-bb7b-3fb6-9e4b-d3a9d8487928,0.3101459054209919,0.0530565167243368,57.8,16134,default,Normal,normal,18.0,15.0,46.0,F,46,82,0.03961352657004831,10,17,7,0.4481170950901356,4
5903,e77ac57f-7e57-307e-a02a-05c6e1cb99b1,2.314868421052632,0.2348178137651821,247.0,34307,default,outlier,outlier,1.0,1.0,58.0,E,58,128,0.03871748336358137,21,13,8,0.44805291847604617,4
28384,e9297139-5450-3069-b3b0-4cae1382b86c,1.4487674418604652,0.4651162790697674,43.0,3738,private_ip,outlier,outlier,3.0,1.0,20.0,F,20,33,0.0868421052631579,3,4,2,0.4480456814603625,3
25065,4d27b423-ec7e-333d-8b3a-c65ef0c3daba,1238.1155,0.5,2.0,148574,default,AdsBot-Google;Mobile Safari,bot,1.0,1.0,1.0,F,1,1,0.0,1,1,1,0.4479838956187123,2
29199,485d79e6-36e8-305b-8d85-35c5205c7961,0.5916043046357615,0.162251655629139,16.77777777777778,10720,default,Normal,normal,24.0,18.0,49.0,F,49,83,0.0352891156462585,8,15,8,0.44795885324744533,2
12204,24dd9fc7-233d-3517-842d-dd662345b0a5,3.2621839080459774,0.2758620689655172,87.0,17029,private_ip,outlier,outlier,1.0,1.0,24.0,E,24,36,0.06521739130434782,5,4,1,0.4479152711337402,3
29856,55bd9521-59fc-343a-ba72-d5e30c5865c2,2.098688888888889,0.4666666666666667,45.0,5667,private_ip,outlier,outlier,2.0,1.0,21.0,F,21,33,0.07857142857142857,2,3,0,0.44791303347819067,3
28888,3dfee747-9ae5-3eae-8e02-88810bf76e3b,0.8451539225422046,0.0158887785501489,32.483870967741936,51065,default,Normal,normal,38.0,31.0,16.0,F,16,48,0.2,10,6,11,0.447841193028662,1
27148,5e5f2ab7-915b-3f55-9f4a-7ee03a8b8500,0.1471796407185628,0.0395209580838323,208.75,7374,default,Normal,normal,29.0,4.0,33.0,F,33,169,0.16003787878787878,11,11,4,0.4477340099501549,2
6907,160f042a-0636-35c4-9696-0735b9c09cd1,8.261308270676691,0.2180451127819548,266.0,131851,default,outlier,outlier,1.0,1.0,58.0,E,58,134,0.04053236539624924,9,7,15,0.44768831714875007,3
30467,d617b383-4359-3967-a67f-9ce75a44c7d5,0.0162636363636363,0.05,8.8,430,default,Normal,normal,64.0,50.0,22.0,F,22,46,0.09956709956709957,7,6,10,0.4476749881455747,2
23195,c9864e77-acf7-39d2-9996-283cc6fb477a,0.1675,0.75,4.0,41,private_ip,outlier,outlier,1.0,1.0,3.0,F,3,3,0.5,1,2,1,0.4476595924141167,3
13686,60cd6c52-b8ef-31c9-9e1e-27f1cd66a9cb,2.387525581395349,0.1255813953488372,430.0,61599,default,outlier,outlier,1.0,1.0,54.0,E,52,146,0.05505279034690799,15,13,8,0.44758386248649346,3
31162,df23f1ef-0ebe-349a-870e-e8b9bcc11a7e,0.4805168674698795,0.1301204819277108,25.9375,11965,default,Normal,normal,24.0,16.0,54.0,F,54,80,0.027952480782669462,8,13,7,0.4474817369241785,2
19467,a65bcb14-b84b-3ecd-b18e-ff18698305a0,12.536,0.5454545454545454,11.0,8274,private_ip,outlier,outlier,1.0,1.0,6.0,F,6,7,0.23333333333333334,2,2,2,0.44737680673539454,3
15583,eb0d8ad0-8198-354a-bb82-003896687cd3,0.6526153846153846,0.7307692307692307,26.0,1019,private_ip,outlier,outlier,1.0,1.0,19.0,E,19,24,0.07017543859649122,6,7,2,0.447283877650507,3
24189,7e67fbff-d2ac-31fa-9db9-e530fcd04e94,13.014857142857142,0.8571428571428571,7.0,5467,private_ip,outlier,outlier,1.0,1.0,6.0,F,6,5,0.16666666666666666,1,2,0,0.4472389527142346,3
1542,a340e6fe-89e7-3c9c-81ca-c9b8600347e6,0.9213804537521816,0.0890052356020942,573.0,31678,default,outlier,outlier,1.0,1.0,51.0,E,51,133,0.05215686274509804,12,14,14,0.44720876258383974,4
24009,7b542705-08de-3089-9549-421d1ffc1613,0.2497616785431512,0.0356294536817102,54.91304347826087,18927,default,Normal,normal,27.0,23.0,45.0,F,45,81,0.04090909090909091,9,14,8,0.4471853428243323,3
5557,ce60aca6-20b7-3ae3-85bc-02477932fc37,4.692814814814815,0.4629629629629629,54.0,15205,private_ip,outlier,outlier,1.0,1.0,25.0,E,25,35,0.058333333333333334,4,3,1,0.4471790395156792,3
3333,636dbacf-548e-3603-87a7-2f61127b74cf,0.2581436950146627,0.1759530791788856,341.0,5282,default,outlier,outlier,3.0,1.0,60.0,E,60,141,0.03983050847457627,14,13,8,0.4471093229987376,4
16226,dc79fde4-8c46-3eee-9aea-aa2789986762,1.1962517857142856,0.0875,560.0,40195,default,outlier,outlier,1.0,1.0,49.0,E,49,136,0.05782312925170068,17,12,7,0.44692779776845565,3
7381,9dbe03d8-a783-3b4f-82be-80676b69d06f,7.760609022556391,0.2180451127819548,266.0,123860,default,outlier,outlier,1.0,1.0,58.0,E,58,132,0.039927404718693285,14,8,12,0.4468573073623317,4
24027,cd10a7d4-979b-3564-8a53-cfc6777d45a8,0.6123832933653077,0.0367705835331734,625.5,45966,default,Normal,normal,14.0,2.0,46.0,F,46,98,0.04734299516908213,6,7,12,0.44684349932128115,3
30040,a0062d5d-1c1c-3415-8415-1ba69afde6bc,1.2947846153846154,0.3230769230769231,65.0,5050,private_ip,outlier,outlier,3.0,1.0,21.0,F,21,39,0.09285714285714286,3,3,2,0.4467226235215013,3
23638,35c3180a-5e52-3b57-8309-d3415a0ef3d8,0.0254248927038626,0.0300429184549356,44.38095238095238,1422,default,Normal,normal,85.0,21.0,28.0,F,28,55,0.07275132275132275,9,7,12,0.4466401940860529,1
21475,f5fa3c43-7845-3af7-80ab-7beb11e6cdad,1.0401953125,0.3125,64.0,3995,private_ip,outlier,outlier,4.0,1.0,20.0,F,20,44,0.11578947368421053,4,3,1,0.44658090203553846,3
5540,ab49773f-3821-3e07-b802-fc5012886a9c,0.4518357664233576,0.437956204379562,137.0,3715,default,outlier,outlier,2.0,1.0,60.0,E,60,91,0.025706214689265535,14,12,2,0.4464895678231508,3
1193,ac77f1b4-4c27-3336-b35a-11a373507291,1.331880281690141,0.204225352112676,284.0,22696,default,outlier,outlier,1.0,1.0,58.0,E,58,114,0.034482758620689655,20,14,4,0.4464067686448166,3
24251,427d70a9-46f2-3466-b0b6-9eee167d786d,1157.8723333333332,1.0,3.0,208418,default,outlier,outlier,1.0,1.0,3.0,F,3,2,0.3333333333333333,1,1,0,0.44639015236763,2
14169,65978448-b81c-3a83-b7c3-cdac28c9a391,0.000658064516129,0.1354838709677419,28.181818181818183,13,default,Googlebot/2.1,bot,55.0,11.0,42.0,E,42,80,0.04645760743321719,6,9,16,0.4463113751887281,2
30581,42f15a70-4edb-38dc-8605-5ac2b3499133,9.546054054054052,0.2972972972972973,37.0,21193,private_ip,outlier,outlier,5.0,1.0,11.0,F,11,17,0.15454545454545454,3,5,2,0.4462712189202637,3
8673,d2271e5a-3d66-3c14-911e-df0a77cf7f3f,0.490264375,0.05125,800.0,23533,default,outlier,outlier,1.0,1.0,41.0,E,41,117,0.07134146341463414,14,12,11,0.4462382590154269,3
20525,8d1c6fce-6141-34bc-8e30-09d51dc9ea41,5.040933333333333,0.3166666666666666,60.0,18148,private_ip,outlier,outlier,3.0,1.0,19.0,F,19,45,0.13157894736842105,3,3,1,0.4461753561177728,3
16998,f0db4f16-8dbc-3feb-90e7-b7764c2d690c,1.398645569620253,0.2784810126582278,79.0,6630,private_ip,outlier,outlier,1.0,1.0,22.0,E,22,41,0.08874458874458875,6,5,2,0.4461452433513614,3
33253,fb97b199-15f4-3270-8767-b67cb042815d,0.0043887147335423,0.0266457680250783,12.037735849056604,168,default,Normal,normal,84.0,53.0,17.0,F,17,34,0.125,4,5,10,0.44603087812827297,2
21373,b19b36aa-a4df-3718-9f22-29ca06c0063f,0.000574074074074,0.0185185185185185,2.0,4,default,Normal,normal,54.0,54.0,2.0,F,2,1,0.5,1,1,0,0.4459889375653797,2
31694,462452e7-311d-3a6a-b5d1-902f0119a832,0.2689093539054966,0.0443587270973963,61.0,16732,default,Normal,normal,22.0,17.0,46.0,F,46,80,0.03864734299516908,9,16,8,0.4459713879217456,4
8409,06781599-714e-30fc-971b-a897bb1e2c4a,0.1701160635481023,0.0105913503971756,1133.0,11565,default,outlier,outlier,1.0,1.0,12.0,E,12,66,0.5,8,9,4,0.4458504977841067,2
33777,ca856a2f-6999-3946-8114-91c0fda69633,0.0215255681818181,0.1136363636363636,9.025641025641026,455,default,Normal,normal,48.0,39.0,40.0,F,40,69,0.04423076923076923,7,12,8,0.44574205842297226,3
23658,6cb03339-8bda-3988-b58c-ab1f79f28e4e,0.0039126984126984,0.0317460317460317,3.0,15,default,Normal,normal,60.0,21.0,2.0,F,2,2,1.0,1,1,2,0.44572310346064004,1
4632,a80df414-d787-3d36-a1a1-7368db3ac9e7,1.760921212121212,0.4,165.0,17434,default,outlier,outlier,2.0,1.0,66.0,E,66,111,0.025874125874125874,14,10,7,0.44571950747534395,3
18378,6d368021-a6b8-30d6-b6a2-0de055d279f1,0.2819859813084112,0.050233644859813,57.06666666666667,14483,default,Normal,normal,21.0,15.0,43.0,F,43,73,0.040420819490586936,9,16,11,0.44571779600795186,4
1029,e30bde8e-143a-3071-af29-edfd7a1717d6,0.9182857142857144,0.2857142857142857,14.0,772,private_ip,outlier,outlier,1.0,1.0,4.0,E,4,5,0.4166666666666667,2,2,2,0.4456674771747796,3
15261,b9734a48-0502-3c1a-87f3-5d7c2d24d31a,1.7871682974559688,0.1174168297455968,511.0,54795,default,outlier,outlier,2.0,1.0,60.0,E,60,133,0.037570621468926556,14,12,9,0.44563057468765715,4
28916,90c5962a-c1b7-3a45-a764-c558039a05a5,0.011480970766685,0.0137892995035852,33.57407407407408,1249,default,Normal,normal,49.0,54.0,25.0,F,25,56,0.09333333333333334,5,12,8,0.4455776875454056,3
27097,dcde2494-9abd-3558-9b94-813ecac15663,0.0281428571428571,0.4761904761904761,42.0,71,private_ip,outlier,outlier,3.0,1.0,20.0,F,20,35,0.09210526315789473,3,3,2,0.44545668501051183,3
21189,5a6d9abb-26d7-30f1-a272-b8c822877570,698.0885,0.1666666666666666,6.0,251312,default,outlier,outlier,1.0,1.0,1.0,F,1,1,0.0,1,1,1,0.445399333792803,2
33382,a1b88b35-a12d-3d75-adf3-72cfc95efcdb,8.122285714285715,0.5,14.0,6823,private_ip,outlier,outlier,2.0,1.0,7.0,F,7,9,0.21428571428571427,2,2,4,0.44538912406173964,3
23909,47de8c0c-65cb-3100-aceb-7a640e3f5b75,17.32440625,0.4375,16.0,16632,private_ip,outlier,outlier,2.0,1.0,7.0,F,7,9,0.21428571428571427,2,3,3,0.44526018077951657,3
4476,cd15195a-6b20-38f4-b695-750137229d13,1.376560606060606,0.3484848484848485,66.0,5452,private_ip,outlier,outlier,1.0,1.0,23.0,E,23,40,0.07905138339920949,5,6,2,0.4452497503328034,3
27986,64c09a65-af1d-3bd4-8585-b7cb5e5c5bb9,762.4254,0.2,5.0,228728,default,outlier,outlier,1.0,1.0,1.0,F,1,1,0.0,1,1,1,0.4451720050333163,2
10488,62904ea2-f782-3e08-ade8-36757a51e61b,0.6733018018018019,0.0501930501930501,777.0,31390,default,outlier,outlier,1.0,1.0,39.0,E,39,126,0.08502024291497975,15,12,8,0.4451670679093317,3
33512,46958bca-c687-3a28-9653-d60322b3a0bd,0.28590625,0.0450819672131147,57.41176470588236,16743,default,Normal,normal,20.0,17.0,44.0,F,44,78,0.0412262156448203,9,15,10,0.44504437608637154,3
15133,6f0d76fa-13e6-3391-92d4-d6ab801ca513,1.1848515037593983,0.2406015037593984,266.0,18911,default,outlier,outlier,3.0,1.0,64.0,E,64,141,0.034970238095238096,13,14,8,0.44502701051218296,4
23782,dd519d1f-2771-39e1-b75d-760cc72540ce,0.0001603773584905,0.0235849056603773,2.32967032967033,3,default,Normal,normal,96.0,91.0,5.0,F,5,5,0.25,2,2,2,0.4449439859756781,2
24473,111aed4e-1abf-365f-a446-90c64f7b270e,23.159695,0.01,200.0,277917,default,outlier,outlier,1.0,1.0,2.0,F,2,3,1.5,2,2,2,0.4449301859551281,2
20057,cd945fb0-fde1-371b-a43b-75a2181a8b09,0.0100087912087912,0.0241758241758241,7.711864406779661,274,default,Normal,normal,82.0,59.0,11.0,F,11,21,0.19090909090909092,4,4,8,0.444924653016725,2
1772,84e38bc6-e040-30b3-b0ef-44f61db37b78,2.582228260869565,0.2318840579710145,276.0,42762,default,outlier,outlier,1.0,1.0,64.0,E,64,142,0.03521825396825397,17,10,8,0.44492325847436914,4
17850,d16cf610-a1a2-33c4-9bf7-617c194f0509,0.2133014273719563,0.0344248530646515,59.55,15243,default,Normal,normal,22.0,20.0,41.0,F,41,80,0.04878048780487805,9,18,8,0.44481398933009714,4
6321,6bf83a7e-dda7-3048-9c85-cf217af73a60,0.9436276785714284,0.0964285714285714,560.0,31706,default,outlier,outlier,2.0,1.0,54.0,E,54,163,0.05695317959468903,16,10,9,0.44468563786508,4
28943,f0a5aa3a-5eb6-3e66-bdb4-90676da119f4,19.01985714285714,0.8571428571428571,7.0,7989,private_ip,outlier,outlier,1.0,1.0,6.0,F,6,6,0.2,2,2,1,0.44466416373933587,3
12520,7b328c7a-d683-3511-8202-84a1806b1051,0.9916987704918032,0.1209016393442622,488.0,29037,default,outlier,outlier,1.0,1.0,59.0,E,59,149,0.043541788427819986,16,11,9,0.4446533252068353,4
29132,78565597-1ad4-3cdf-8bf9-a15b39d455ee,0.2020016835016835,0.0555555555555555,16.97142857142857,7200,default,Normal,normal,41.0,35.0,33.0,F,33,63,0.05965909090909091,9,15,9,0.4445678007511026,3
11604,8723cbbe-3a27-33c1-aefe-521b6eabb923,1.6888804597701148,0.135632183908046,435.0,44080,default,outlier,outlier,2.0,1.0,59.0,E,59,145,0.0423728813559322,11,12,11,0.4445497476492073,4
22962,ffc971ad-2f0c-337d-90ae-9f1218dddf91,0.5225394736842105,0.1973684210526315,76.0,2383,private_ip,outlier,outlier,11.0,1.0,15.0,F,15,30,0.14285714285714285,4,5,4,0.4442876636700969,3
4376,c43d1b1e-87bd-3050-b8c1-f5002b879142,0.9693432835820897,0.373134328358209,67.0,3897,private_ip,outlier,outlier,1.0,1.0,25.0,E,23,43,0.08498023715415019,7,5,3,0.4441768305894945,3
2414,d53557a7-894a-308e-a290-8f8ceeecb632,4.515545454545455,0.1818181818181818,55.0,14902,private_ip,outlier,outlier,1.0,1.0,10.0,E,10,21,0.23333333333333334,6,5,3,0.4440203766910462,3
11391,02bc15bd-4be4-303e-bc08-47277c8ce487,7.55564,0.2,75.0,34001,private_ip,outlier,outlier,1.0,1.0,15.0,E,15,29,0.1380952380952381,8,5,4,0.44389133227243804,3
32409,db3786e3-1ca2-3ae6-ae4a-4fa26fe0c6ad,0.0016201834862385,0.018348623853211,7.569444444444445,53,default,Normal,normal,72.0,72.0,10.0,F,10,15,0.16666666666666666,4,4,4,0.4438007989459394,2
2473,963f64e1-1262-3be2-8346-9590ea1790c7,0.6669375,0.5,8.0,321,private_ip,outlier,outlier,2.0,1.0,4.0,E,4,5,0.4166666666666667,3,2,1,0.44376153327209966,3
21762,58c424dc-2e42-3c78-9308-d90a002d3347,0.0161747572815533,0.1359223300970873,11.035714285714286,300,default,Normal,normal,39.0,28.0,42.0,F,42,70,0.04065040650406504,6,13,8,0.44361450113346423,2
14568,bdef4087-d8a7-322c-a24d-e5c0b406f51b,3.4031607142857143,0.3392857142857143,56.0,11435,private_ip,outlier,outlier,1.0,1.0,19.0,E,18,29,0.09477124183006536,8,6,3,0.443539905644026,3
4672,214c3e83-ac17-3b33-a409-a30da24b7593,0.7028935643564356,0.1336633663366336,404.0,17039,default,outlier,outlier,1.0,1.0,54.0,E,54,127,0.04437456324248777,17,15,8,0.44352871293617413,3
30806,a260c3c3-90fd-3730-b5ac-5c1ff923cccf,0.0207201646090534,0.0781893004115226,20.25,605,default,Normal,normal,65.0,24.0,38.0,F,38,65,0.04623044096728307,7,14,9,0.4434353914494686,2
20683,6848028e-1bd4-3a66-88ac-2d208315bcae,0.2858846153846153,0.5128205128205128,39.0,669,private_ip,outlier,outlier,2.0,1.0,20.0,F,20,32,0.08421052631578947,2,4,1,0.44330099259880346,3
26217,b0cd8fd6-ab73-3dbe-b4af-e5b679d09721,0.0126827794561933,0.0996978851963746,7.6976744186046515,252,default,Normal,normal,55.0,43.0,33.0,F,33,60,0.056818181818181816,5,12,9,0.44319490823529134,3
2768,f334ad91-3e10-39a2-b0f5-66419a784843,0.0002304526748971,0.0658436213991769,486.0,7,default,outlier,outlier,32.0,1.0,32.0,E,32,93,0.09375,9,10,21,0.4431698644282358,3
28213,cbd76656-7d0f-3810-ab12-bf5bbfb04590,0.0019668649107901,0.0144435004248088,18.682539682539684,139,default,Normal,normal,72.0,63.0,17.0,F,17,30,0.11029411764705882,4,7,6,0.4431634339346066,2
11746,03aa57ad-141e-30f6-b1d4-6a26fdfc4352,1.59,0.4166666666666667,12.0,1145,private_ip,outlier,outlier,1.0,1.0,5.0,E,4,5,0.4166666666666667,3,2,1,0.443132683903968,3
19785,b51bd3cf-d330-3623-b727-a3dda923d3ab,0.7833333333333333,0.6666666666666666,6.0,282,private_ip,outlier,outlier,1.0,1.0,4.0,F,4,5,0.4166666666666667,2,2,2,0.44312295983647,3
24863,bafd88c1-9112-39fb-9d14-94a3d5fe722d,0.9481666666666666,0.6666666666666666,6.0,342,private_ip,outlier,outlier,1.0,1.0,4.0,F,4,5,0.4166666666666667,2,2,2,0.44312295983647,3
2730,7d711dcc-bb18-3c5e-a160-4d5851053ba2,8.034733333333334,0.2888888888888888,45.0,21694,private_ip,outlier,outlier,1.0,1.0,13.0,E,13,24,0.15384615384615385,8,4,2,0.4430924477727538,3
15888,059c2938-fc5d-3c90-a123-6ae5405bf1b9,0.577546468401487,0.241635687732342,269.0,9322,default,outlier,outlier,1.0,1.0,65.0,E,65,140,0.03365384615384615,14,12,8,0.44290938817879977,3
11213,2cf3de58-3aa8-3f27-b539-9975b8678b5c,0.00085,0.2,60.0,4,private_ip,outlier,outlier,3.0,1.0,12.0,E,7,12,0.2857142857142857,3,3,2,0.44281532577132915,3
33000,d60b6440-9e21-3ae5-812b-cd05919e81fd,18.763195652173916,0.4347826086956521,23.0,25894,private_ip,outlier,outlier,4.0,1.0,10.0,F,10,12,0.13333333333333333,2,5,1,0.4426986155879189,3
18681,0d168af5-5acd-3d28-af84-abf057b87adc,0.0136666666666666,0.4761904761904761,42.0,35,private_ip,outlier,outlier,3.0,1.0,20.0,F,20,34,0.08947368421052632,2,2,1,0.4426796758318802,3
24238,134e875c-b0ea-3625-8a5f-e3c8851382b7,5.310989130434783,0.4782608695652174,46.0,14659,private_ip,outlier,outlier,2.0,1.0,22.0,F,22,40,0.08658008658008658,3,3,1,0.44264735887496653,3
19720,d79159a2-e5c6-31db-949b-706553592b8b,10.261272727272727,0.6363636363636364,11.0,6773,private_ip,outlier,outlier,1.0,1.0,7.0,F,7,9,0.21428571428571427,2,2,3,0.4425110414981057,3
22474,839432bd-7ae2-3e34-a528-a0c523bc15e4,1.1709874999999998,0.5,40.0,2811,private_ip,outlier,outlier,2.0,1.0,20.0,F,20,33,0.0868421052631579,2,3,1,0.44250414034483604,3
6504,74cbe108-a190-3236-935f-37ddb428010e,0.003182751540041,0.0657084188911704,487.0,93,default,outlier,outlier,28.0,1.0,32.0,E,32,94,0.09475806451612903,10,13,13,0.44245060670259506,3
25503,c7161c7d-1037-3e1d-b4f3-cf3c98c4aa8c,0.0246917475728155,0.029126213592233,11.035714285714286,916,default,Normal,normal,81.0,56.0,18.0,F,18,37,0.12091503267973856,8,6,7,0.44240197749550664,2
28622,0485c5ef-27ee-3a82-bfc0-62b49a2fb374,0.6249566265060241,0.0963855421686747,83.0,15562,default,Normal,normal,3.0,5.0,40.0,F,40,101,0.06474358974358975,17,15,8,0.4423580798462609,3
15649,7b78fa9e-5967-3070-8041-513c6adf0460,46.546625,0.75,8.0,22343,private_ip,outlier,outlier,1.0,1.0,6.0,E,6,7,0.23333333333333334,2,2,1,0.4423154599496165,3
34017,c26c4ac0-8635-3e21-8de5-16d5a5dc5982,617.5734285714285,0.1428571428571428,7.0,259381,default,outlier,outlier,1.0,1.0,1.0,F,1,1,0.0,1,1,1,0.44231011055612834,2
33473,bdef5362-600a-3daa-b034-e1b45949a29f,1.2046538461538463,0.7307692307692307,26.0,1880,private_ip,outlier,outlier,1.0,1.0,19.0,F,19,20,0.05847953216374269,2,2,2,0.44222396447838297,3
2640,53d41c15-06f1-35b2-b4a1-b99160df073d,19.7202,0.425,40.0,47329,private_ip,outlier,outlier,1.0,1.0,17.0,E,16,26,0.10833333333333334,7,5,2,0.4421945709634049,3
7820,73bc6056-f8e3-3057-bd8f-9b9802f1a0ea,1.5429634831460672,0.199438202247191,356.0,32958,default,outlier,outlier,2.0,1.0,71.0,E,71,139,0.02796780684104628,11,8,10,0.4421276846425071,4
10185,199a51ac-cb83-362e-8b02-1d119879781c,9.36584090909091,0.25,44.0,24726,private_ip,outlier,outlier,1.0,1.0,11.0,E,11,20,0.18181818181818182,5,5,4,0.44206087348527623,3
26377,792acdf1-e20e-3287-8cef-b8d0efb5a5d1,8.61121052631579,0.5,38.0,19634,private_ip,outlier,outlier,2.0,1.0,19.0,F,19,33,0.09649122807017543,2,2,1,0.44204296483146654,3
30778,586bd364-e512-348e-9e6b-236032970436,0.0038678571428571,0.025,10.76923076923077,130,default,Normal,normal,85.0,52.0,14.0,F,14,27,0.14835164835164835,6,6,8,0.4419475233686919,2
15255,a9963227-1b88-31d1-b82d-b75ead4e1313,0.4049189189189189,0.3108108108108108,74.0,1798,private_ip,outlier,outlier,1.0,1.0,23.0,E,22,43,0.09307359307359307,6,5,1,0.4417241479969735,3
22494,b29d72e2-2be2-3b20-9a01-3fbb03bbdda4,0.2922,0.3230769230769231,65.0,1140,private_ip,outlier,outlier,4.0,1.0,21.0,F,21,46,0.10952380952380952,3,3,1,0.441663375885889,3
15099,1c8f931f-ad35-325d-becb-ccfffb33b03b,1.092783203125,0.087890625,512.0,33571,default,outlier,outlier,1.0,1.0,45.0,E,45,127,0.06414141414141414,18,10,12,0.4416502541847726,3
3175,4ef8f822-18c8-38b7-839f-a9d48b4f5afe,3.718333333333333,1.0,3.0,670,private_ip,outlier,outlier,1.0,1.0,3.0,E,3,2,0.3333333333333333,1,1,0,0.44164105363174316,3
8275,8b4c28e6-7144-3d06-ae78-879bd514b182,14.532905857740586,0.2343096234309623,239.0,208402,default,outlier,outlier,2.0,1.0,56.0,E,56,122,0.03961038961038961,12,10,11,0.44156291441855444,4
22136,f2375294-b228-3eb7-acec-ad2550552b11,0.0726324257425742,0.0346534653465346,32.32,3522,default,Normal,normal,57.0,25.0,28.0,F,28,69,0.09126984126984126,11,9,11,0.4415208190559249,2
28682,e48c9b93-77d8-3359-a875-71bd1cd54172,0.2553178807947019,0.0949227373068432,16.77777777777778,6940,default,Normal,normal,35.0,27.0,43.0,F,43,72,0.03986710963455149,7,11,9,0.4414619411467837,2
3776,5d5d81bc-128c-3787-ab2f-2b43e09b8f81,7.24625,1.0,4.0,1740,private_ip,outlier,outlier,1.0,1.0,4.0,E,4,3,0.25,1,1,0,0.44142021088234074,3
9023,b3b978fa-91af-39fc-a726-2330467f333c,5.457669047619048,0.3285714285714285,210.0,68767,default,outlier,outlier,1.0,1.0,69.0,E,69,118,0.02514919011082694,13,10,8,0.44140398023603544,4
30541,c0e6de36-7771-3035-b927-9a860cb942a5,26.70234375,0.5,16.0,25635,private_ip,outlier,outlier,2.0,1.0,8.0,F,8,11,0.19642857142857142,2,3,1,0.4413761524480243,3
27530,f29d30f7-fa5c-32e7-9b9d-3e557f8305dd,0.2843445878848063,0.0119165839126117,2014.0,34361,default,outlier,outlier,9.0,1.0,24.0,F,24,77,0.13949275362318841,7,10,4,0.44134935671844455,3
28543,f05d6e8a-59e9-38c4-91af-64136aa35fd4,0.0010391822827938,0.004258943781942,15.447368421052632,74,default,Normal,normal,73.0,76.0,5.0,F,5,6,0.3,2,4,2,0.4413386622532036,2
13200,53513add-7fcd-3625-b9ba-bc5646b3e153,0.933,1.0,3.0,168,private_ip,outlier,outlier,1.0,1.0,3.0,E,3,2,0.3333333333333333,1,1,0,0.44127286900688484,3
979,5ed3fe53-c759-3462-8978-416003ac95ec,0.9986666666666666,1.0,3.0,180,private_ip,outlier,outlier,1.0,1.0,3.0,E,3,2,0.3333333333333333,1,1,0,0.44127286900688484,3
13609,6d635521-e4d6-3c79-9e3d-4f8f06af37c1,27.49127777777778,0.2777777777777778,36.0,59382,private_ip,outlier,outlier,1.0,1.0,10.0,E,10,19,0.2111111111111111,4,3,1,0.4412226927327522,3
9856,58efe59d-98a8-3109-975d-6f7f4ce21d9c,0.2438571428571428,0.5714285714285714,7.0,103,private_ip,outlier,outlier,1.0,1.0,4.0,E,4,5,0.4166666666666667,2,3,2,0.4411750613462981,3
5690,7f2dccbe-8667-3581-b1ee-80618841a18e,6.116440476190476,0.4523809523809524,42.0,15414,private_ip,outlier,outlier,2.0,1.0,19.0,E,19,25,0.07309941520467836,4,6,1,0.4411384736253441,3
17479,92096e85-6ec7-3812-9c2b-ac6893dd1bf8,1.335446808510638,0.4893617021276595,47.0,3766,private_ip,outlier,outlier,1.0,1.0,23.0,E,23,33,0.06521739130434782,5,5,1,0.4411327338456126,3
3481,ec271d31-a645-3816-9889-48055d25210e,31.59762962962963,0.2592592592592592,162.0,307129,default,outlier,outlier,1.0,1.0,42.0,E,42,86,0.04994192799070848,16,8,7,0.4410543401072347,3
13519,19994def-a72c-3528-ae55-02d654e22763,2.720427083333333,0.125,480.0,78349,default,outlier,outlier,1.0,1.0,60.0,E,60,131,0.037005649717514126,12,13,8,0.4410192508546253,4
24950,c97d067f-d71b-3dfa-ac61-8006e35a2578,0.0751717451523545,0.0263157894736842,120.33333333333331,3257,default,Normal,normal,38.0,6.0,19.0,F,19,128,0.3742690058479532,12,11,2,0.44094184575373035,2
4820,dc2fbc7f-7d06-37e4-9420-2e64fb3d3b00,0.5020833333333333,0.7916666666666666,24.0,723,private_ip,outlier,outlier,1.0,1.0,19.0,E,19,22,0.06432748538011696,4,5,2,0.44093001212398963,3
3236,275a07a8-35dc-3e7f-84f0-e028a8ba8619,0.3182821052631579,0.051578947368421,950.0,18143,default,outlier,outlier,1.0,1.0,49.0,E,49,128,0.05442176870748299,9,12,8,0.4409265955959015,3
1762,6b8c845a-f6d7-396a-a448-a8453006c27b,1.3696666666666668,1.0,3.0,247,private_ip,outlier,outlier,1.0,1.0,3.0,E,3,2,0.3333333333333333,1,1,0,0.44091545570403423,3
34264,032bc2db-1709-3c9f-8a50-cb0daa0d62d1,0.6195903614457832,0.180722891566265,83.0,3086,private_ip,outlier,outlier,12.0,1.0,15.0,F,15,26,0.12380952380952381,5,5,3,0.4408806760708428,3
6218,211d1ede-68ed-3957-9180-fc9184eae194,3.67525,0.4166666666666667,48.0,10585,private_ip,outlier,outlier,1.0,1.0,20.0,E,19,27,0.07894736842105263,5,6,3,0.4408122081306989,3
28980,722bbc3f-62c0-382b-add1-7d5d55469b2e,437.8640625,0.25,4.0,210175,default,Normal,normal,2.0,2.0,2.0,F,2,2,1.0,2,1,1,0.4407990860229888,2
4295,982f4401-cac8-3c8e-9ea3-cf4e96efc577,30.66885,0.115,200.0,368027,default,outlier,outlier,1.0,1.0,23.0,E,23,54,0.1067193675889328,8,13,9,0.44071140546590465,3
24721,0b9e93b9-898c-3ec0-9975-a843613e1a46,0.2379680511182108,0.0495207667731629,104.33333333333331,8939,default,Normal,normal,29.0,6.0,31.0,F,31,155,0.16666666666666666,13,11,5,0.4406063593086931,2
24320,317fa846-e139-37e4-803e-3bf23b88daca,0.249173001310616,0.055045871559633,109.0,11408,default,Normal,normal,2.0,7.0,42.0,F,42,119,0.06910569105691057,12,19,6,0.4405369244868964,3
12365,bee94dbb-54ec-3f37-a485-ddbb19408aa6,1.507509536784741,0.1553133514986376,367.0,33196,default,outlier,outlier,1.0,1.0,57.0,E,57,153,0.047932330827067667,14,11,12,0.4405184969030091,4
33079,d3d47756-2ed1-3270-b24f-3b235a2c8922,0.2514961915125136,0.0511425462459194,57.4375,13868,default,Normal,normal,21.0,16.0,47.0,F,47,86,0.039777983348751156,8,15,9,0.4405060254759847,3
18267,f1e19850-a05b-31cd-8498-89f9da93628b,1.2544695091720377,0.0123946455131383,504.25,151816,default,Normal,normal,11.0,4.0,25.0,F,25,103,0.17166666666666666,10,8,4,0.44050103700794396,2
11567,1a92dc4e-7672-3ba2-b94e-1f7621f52c93,11.693333333333332,0.8333333333333334,6.0,4210,private_ip,outlier,outlier,1.0,1.0,5.0,E,5,5,0.25,1,2,0,0.4402563344864078,3
11931,f9f0b612-1865-3506-b1d1-8ff3b389ecf0,0.0001554307116104,0.0561797752808988,534.0,5,default,outlier,outlier,34.0,1.0,30.0,E,30,81,0.09310344827586207,8,14,12,0.44024816926991805,3
27099,e7ce85c9-f976-3d8e-a07e-031127026ff0,0.610435736677116,0.0407523510971786,73.61538461538461,35052,default,Normal,normal,18.0,13.0,39.0,F,39,73,0.049257759784075573,9,17,10,0.4402409325023119,3
28025,bf915d78-5d81-3c52-a45c-f882eadd374f,0.2050261437908496,0.0300653594771241,191.25,9411,default,Normal,normal,33.0,4.0,23.0,F,23,141,0.27865612648221344,10,11,1,0.4402309516881219,2
20999,2216cdf4-92c2-364a-ad82-024afb0c6633,53.5382479338843,0.0165289256198347,121.0,777376,default,Normal,normal,2.0,2.0,4.0,F,4,7,0.5833333333333334,2,3,2,0.4401970526147124,2
32932,3281dd9d-81f5-3072-af0c-a80ead73a76b,0.4129306358381503,0.0505780346820809,76.88888888888889,17145,default,Normal,normal,31.0,9.0,35.0,F,35,167,0.1403361344537815,11,11,6,0.44016591628371665,2
18500,c924a646-a18f-329c-b130-a1eaaed9737a,2.870375,0.875,8.0,1378,private_ip,outlier,outlier,1.0,1.0,7.0,F,7,6,0.14285714285714285,1,2,0,0.44011538235301145,3
28137,f579dfb9-a226-3a18-a0b8-76d7b03f9225,0.393466149870801,0.0134366925064599,483.75,45682,default,Normal,normal,20.0,4.0,26.0,F,26,115,0.17692307692307693,10,10,6,0.439994700921824,2
23718,0d170c71-1555-3ac4-aca8-0b76dae3ddeb,1.8387605633802817,0.2253521126760563,71.0,7834,private_ip,outlier,outlier,9.0,1.0,16.0,F,16,31,0.12916666666666668,4,5,2,0.4399586997249481,3
17314,c84836fb-b5e2-3e26-a754-70d198b32012,6.001,1.0,4.0,1441,private_ip,outlier,outlier,1.0,1.0,4.0,E,4,3,0.25,1,1,0,0.439947716942386,3
21401,1afd6801-aa4d-39cb-a691-b296cf87b2b3,738.7986666666666,0.5,6.0,265968,default,outlier,outlier,1.0,1.0,3.0,F,3,4,0.6666666666666666,2,2,2,0.4399472810381402,2
31492,8e14aedf-6ebb-3fff-b99e-841453933538,7.241590909090909,0.5454545454545454,11.0,4780,private_ip,outlier,outlier,2.0,1.0,6.0,F,6,7,0.23333333333333334,2,2,2,0.4398929401876084,3
3722,b97c5b52-b7ac-3d74-814b-4aed04213c85,13.852,0.8,5.0,4156,private_ip,outlier,outlier,1.0,1.0,4.0,E,4,3,0.25,1,2,0,0.43985295584229844,3
23032,d39f4d04-1500-3775-8134-a84f6406b86a,1.7126307692307692,0.2461538461538461,65.0,6680,private_ip,outlier,outlier,5.0,1.0,16.0,F,16,27,0.1125,4,3,3,0.4398391503369438,2
22892,37ee402a-ede7-3873-88b1-f0cc2a1139b5,0.0038531249999999,0.0215277777777777,27.692307692307693,333,default,Normal,normal,57.0,52.0,31.0,F,31,59,0.06344086021505377,8,10,8,0.4398200677418911,2
19424,2181dd8d-d68b-3807-ac60-76152ce54686,17.65521153846154,0.3461538461538461,26.0,27543,private_ip,outlier,outlier,2.0,1.0,9.0,F,9,15,0.20833333333333334,3,2,2,0.43950931495829015,3
20883,c914976a-e8ad-3afd-8369-3b91fcaa06dc,0.0011575682382133,0.0074441687344913,10.891891891891891,56,default,Normal,normal,75.0,74.0,6.0,F,6,7,0.23333333333333334,2,3,2,0.43948153834155135,2
2860,ed4a278a-276c-32d6-a814-73c461b387f3,17.130591463414635,0.3231707317073171,164.0,168566,default,outlier,outlier,1.0,1.0,53.0,E,53,97,0.03519593613933237,14,12,3,0.43944571982919517,3
3483,f51f2aa7-cc83-3a44-91c5-7fd9dbddc97a,9.10943103448276,0.2068965517241379,58.0,31701,private_ip,outlier,outlier,1.0,1.0,12.0,E,12,20,0.15151515151515152,5,5,3,0.4393705085760352,3
13999,ecb88aeb-87f7-34be-99a9-5caeb406d1d6,1.7213728070175438,0.1929824561403508,342.0,35323,default,outlier,outlier,1.0,1.0,66.0,E,66,165,0.038461538461538464,11,10,9,0.4392230744701552,4
22174,77e910db-749c-30d9-b684-6485d74503d5,889.9525,0.6666666666666666,6.0,320383,default,outlier,outlier,1.0,1.0,4.0,F,4,4,0.3333333333333333,1,3,1,0.4390666629250547,2
23534,1b5e5c67-4250-394f-9680-b4169f4763b6,0.2984158273381295,0.0402877697841726,77.22222222222223,12444,default,Normal,normal,35.0,9.0,28.0,F,28,150,0.1984126984126984,13,10,3,0.43896346388586754,2
20976,eb0740b7-350f-32dd-9cc3-42fb2a76601a,1.1073501872659175,0.0262172284644194,356.0,70959,default,Normal,normal,15.0,3.0,28.0,F,28,99,0.13095238095238096,11,11,10,0.4389624621549264,2
3630,b4746723-0cd8-32d0-a10c-146d9839ff43,17.434969696969695,0.3939393939393939,33.0,34522,private_ip,outlier,outlier,1.0,1.0,13.0,E,13,17,0.10897435897435898,4,7,1,0.4388852232622197,3
32273,25f6af1d-967a-32e4-ace2-803b18fb2381,0.0002879999999999,0.024,2.083333333333333,3,default,Normal,normal,61.0,60.0,3.0,F,3,3,0.5,1,2,2,0.4388846955778364,2
10099,f8bb2e06-c0ba-30d8-b32a-1447a25d4511,1.007,1.0,5.0,303,private_ip,outlier,outlier,1.0,1.0,5.0,E,3,2,0.3333333333333333,1,1,0,0.4388114296348289,3
9046,0fac1bbd-5cf7-3294-b2a3-a951e17d0d2c,5.1575,1.0,4.0,1238,private_ip,outlier,outlier,1.0,1.0,4.0,E,4,3,0.25,1,1,0,0.43879342396202053,3
14575,d3bf5743-6a51-38c9-b672-aeab78197936,3.954128205128205,0.2051282051282051,78.0,18506,private_ip,outlier,outlier,1.0,1.0,16.0,E,16,30,0.125,7,4,5,0.43876627992379735,3
28054,faab841f-2013-311f-a451-ffdcb2f637ef,0.4134706867671692,0.021217197096594,597.0,44432,default,Normal,normal,14.0,3.0,38.0,F,38,132,0.09388335704125178,10,9,8,0.43873149943779016,4
21837,61b24266-bb25-3d20-8a34-000b1927ec1b,0.3832160409556314,0.0273037542662116,77.10526315789474,33685,default,Normal,normal,20.0,19.0,40.0,F,40,68,0.04358974358974359,10,18,5,0.438664668958624,3
26419,ed8ddcd5-25fa-346e-85d3-71f7d0a0fbaf,5.490625,0.875,8.0,2636,private_ip,outlier,outlier,1.0,1.0,7.0,F,7,6,0.14285714285714285,1,2,0,0.4386394488553345,3
10724,fe2fb630-9790-3942-8678-7c577909b28d,0.865512908777969,0.0826161790017211,581.0,30172,default,outlier,outlier,1.0,1.0,48.0,E,48,139,0.06161347517730496,14,13,8,0.4384337607495942,3
10724,fe2fb630-9790-3942-8678-7c577909b28d,0.865512908777969,0.0826161790017211,581.0,30172,default,outlier,outlier,1.0,1.0,48.0,E,48,139,0.06161347517730496,14,13,8,0.4384337607495942,3
10725,fe2fb630-9790-3942-8678-7c577909b28d,0.865512908777969,0.0826161790017211,581.0,30172,default,outlier,outlier,1.0,1.0,48.0,E,48,139,0.06161347517730496,14,13,8,0.4384337607495942,3
10725,fe2fb630-9790-3942-8678-7c577909b28d,0.865512908777969,0.0826161790017211,581.0,30172,default,outlier,outlier,1.0,1.0,48.0,E,48,139,0.06161347517730496,14,13,8,0.4384337607495942,3
10723,fe2fb630-9790-3942-8678-7c577909b28d,0.865512908777969,0.0826161790017211,581.0,30172,default,outlier,outlier,1.0,1.0,48.0,E,48,139,0.06161347517730496,14,13,8,0.4384337607495942,3
10725,fe2fb630-9790-3942-8678-7c577909b28d,0.865512908777969,0.0826161790017211,581.0,30172,default,outlier,outlier,1.0,1.0,48.0,E,48,139,0.06161347517730496,14,13,8,0.4384337607495942,3
10724,fe2fb630-9790-3942-8678-7c577909b28d,0.865512908777969,0.0826161790017211,581.0,30172,default,outlier,outlier,1.0,1.0,48.0,E,48,139,0.06161347517730496,14,13,8,0.4384337607495942,3
10724,fe2fb630-9790-3942-8678-7c577909b28d,0.865512908777969,0.0826161790017211,581.0,30172,default,outlier,outlier,1.0,1.0,48.0,E,48,139,0.06161347517730496,14,13,8,0.4384337607495942,3
10726,fe2fb630-9790-3942-8678-7c577909b28d,0.865512908777969,0.0826161790017211,581.0,30172,default,outlier,outlier,1.0,1.0,48.0,E,48,139,0.06161347517730496,14,13,8,0.4384337607495942,3
10726,fe2fb630-9790-3942-8678-7c577909b28d,0.865512908777969,0.0826161790017211,581.0,30172,default,outlier,outlier,1.0,1.0,48.0,E,48,139,0.06161347517730496,14,13,8,0.4384337607495942,3
10726,fe2fb630-9790-3942-8678-7c577909b28d,0.865512908777969,0.0826161790017211,581.0,30172,default,outlier,outlier,1.0,1.0,48.0,E,48,139,0.06161347517730496,14,13,8,0.4384337607495942,3
10723,fe2fb630-9790-3942-8678-7c577909b28d,0.865512908777969,0.0826161790017211,581.0,30172,default,outlier,outlier,1.0,1.0,48.0,E,48,139,0.06161347517730496,14,13,8,0.4384337607495942,3
10723,fe2fb630-9790-3942-8678-7c577909b28d,0.865512908777969,0.0826161790017211,581.0,30172,default,outlier,outlier,1.0,1.0,48.0,E,48,139,0.06161347517730496,14,13,8,0.4384337607495942,3
10725,fe2fb630-9790-3942-8678-7c577909b28d,0.865512908777969,0.0826161790017211,581.0,30172,default,outlier,outlier,1.0,1.0,48.0,E,48,139,0.06161347517730496,14,13,8,0.4384337607495942,3
10726,fe2fb630-9790-3942-8678-7c577909b28d,0.865512908777969,0.0826161790017211,581.0,30172,default,outlier,outlier,1.0,1.0,48.0,E,48,139,0.06161347517730496,14,13,8,0.4384337607495942,3
10723,fe2fb630-9790-3942-8678-7c577909b28d,0.865512908777969,0.0826161790017211,581.0,30172,default,outlier,outlier,1.0,1.0,48.0,E,48,139,0.06161347517730496,14,13,8,0.4384337607495942,3
31787,54d9c51f-eaa2-383f-a77d-3f7cfea4bf02,2.772571428571428,0.8571428571428571,7.0,1165,private_ip,outlier,outlier,1.0,1.0,6.0,F,6,5,0.16666666666666666,1,2,0,0.43834551076852046,3
34241,cb4b9c7e-ccf6-3db1-bc16-eefed6d189c6,0.5065667666916729,0.0352588147036759,95.21428571428572,40516,default,Normal,normal,16.0,14.0,47.0,F,47,85,0.0393154486586494,7,10,14,0.4383099106167412,4
27900,48b4e5c8-cb00-3e3b-a65b-c75277562b7a,417.1351304347826,0.217391304347826,23.0,575647,default,outlier,outlier,1.0,1.0,5.0,F,5,7,0.35,2,2,2,0.4382840595252576,2
19265,0d9bbf66-fc0d-3223-842a-beefc938d051,0.0065827900912646,0.044328552803129,15.653061224489797,303,default,Normal,normal,65.0,49.0,34.0,F,34,57,0.05080213903743316,6,7,8,0.4382518547786962,2
16356,5f4ed472-153f-327b-92dc-6d6b0cfaec81,0.9668312757201646,0.1152263374485596,486.0,28193,default,outlier,outlier,2.0,1.0,56.0,E,56,145,0.04707792207792208,14,12,9,0.4382357931339201,4
23293,c953b06a-3065-36e1-b209-c36cd6b4c8c3,2.035659090909091,0.4545454545454545,44.0,5375,private_ip,outlier,outlier,3.0,1.0,20.0,F,20,38,0.1,3,2,2,0.43818993836260933,3
9891,aa5276cf-9263-353c-b412-a030070aed30,1.160265909090909,0.1181818181818181,440.0,30632,default,outlier,outlier,2.0,1.0,52.0,E,52,144,0.05429864253393665,12,11,16,0.4381799575787729,4
24834,5a7f79a1-fafe-3d05-bb3a-8b853256f7d5,12.336333333333334,0.7777777777777778,9.0,6662,private_ip,outlier,outlier,1.0,1.0,7.0,F,7,8,0.19047619047619047,2,2,2,0.43810841695954317,3
33343,1a5a3f24-9603-3040-a2bd-ddf04d550928,0.4828203530633437,0.0249221183800623,963.0,27898,default,outlier,outlier,8.0,1.0,24.0,F,24,83,0.1503623188405797,8,9,9,0.43804864060437576,3
7766,cb1898c9-6edd-3b2e-8ce0-2e8b42583297,8.50044642857143,0.2857142857142857,56.0,28562,private_ip,outlier,outlier,1.0,1.0,16.0,E,15,25,0.11904761904761904,7,5,4,0.4379335408635562,3
24441,b593b955-db60-3f21-a229-75a7710f7b0b,0.4302825719120135,0.077834179357022,53.72727272727273,15258,default,Normal,normal,15.0,11.0,46.0,F,46,82,0.03961352657004831,10,18,8,0.4378842394432468,4
24846,7dd0c0dd-c0f0-3bb1-8782-7a9d8c176141,0.212625,0.034313725490196,53.21739130434783,15616,default,Normal,normal,29.0,23.0,42.0,F,42,75,0.04355400696864112,8,15,7,0.4378305592938313,2
19272,2135613f-9f82-3317-8115-068441bf0b90,0.3075673635307781,0.0534262485481997,53.8125,15889,default,Normal,normal,20.0,16.0,46.0,F,46,82,0.03961352657004831,9,16,8,0.43782562420632687,4
17358,3bac17f8-061a-38a9-be3e-843e017a5a19,1.3559285714285714,0.2012987012987013,308.0,25058,default,outlier,outlier,2.0,1.0,62.0,E,62,134,0.035430988894764676,14,14,10,0.43780415378177645,4
26080,34a6733b-9f1f-37ca-ab5d-07cec4db4c1f,0.6634516129032259,0.2096774193548387,62.0,2469,private_ip,outlier,outlier,8.0,1.0,13.0,F,13,22,0.14102564102564102,3,4,3,0.4377242341523976,3
4762,1dceca97-390d-3b18-9c03-89f2d3c30d27,0.2545159574468085,0.1148936170212766,470.0,7178,default,outlier,outlier,2.0,1.0,54.0,E,54,139,0.04856743535988819,14,13,9,0.43770238935057604,3
33114,424e4f73-d48c-3450-881b-b8466cf2723a,6.1668,0.8,5.0,1851,private_ip,outlier,outlier,1.0,1.0,4.0,F,4,3,0.25,1,2,0,0.4376127916238168,3
6108,f6f5092d-7267-35bd-b24a-ae88e3227b6a,1.5246823821339952,0.1364764267990074,403.0,36867,default,outlier,outlier,1.0,1.0,55.0,E,55,131,0.04410774410774411,19,11,6,0.43751862580055545,3
19900,ea7314e7-60eb-3b0f-8d14-edc87306c39e,0.0587505995203836,0.0035971223021582,60.43478260869565,14700,default,Normal,normal,69.0,69.0,15.0,F,15,20,0.09523809523809523,6,7,2,0.4375107000226171,2
4584,ea3ee725-fa6f-3223-8289-d2f91717837a,0.1858,0.8,5.0,56,private_ip,outlier,outlier,1.0,1.0,4.0,E,3,3,0.5,2,2,1,0.437476402992383,3
33251,f9e299fc-3579-3a6c-9b8e-f7a0143a90d2,0.21825,0.75,4.0,53,private_ip,outlier,outlier,1.0,1.0,3.0,F,3,2,0.3333333333333333,1,1,0,0.43733734301394334,3
25343,d2bb5a5c-6aeb-3a6c-96bc-b71425386d25,9.558823529411764e-05,0.0220588235294117,2.0923076923076924,1,default,Normal,normal,67.0,65.0,3.0,F,3,2,0.3333333333333333,1,1,0,0.43728491002747466,2
19486,d8f09fe2-b157-383d-b33b-d7a5270a67de,8.971,0.8571428571428571,7.0,3768,private_ip,outlier,outlier,1.0,1.0,6.0,F,6,6,0.2,1,2,1,0.4372810853625123,3
21498,31d37566-3715-33b4-997a-50900745b032,0.0002269503546099,0.0283687943262411,4.0285714285714285,4,default,Normal,normal,71.0,70.0,8.0,F,7,11,0.2619047619047619,4,3,2,0.43725601189396934,2
4534,641bbcf6-e35a-3c20-8d77-003840b02d0b,6.747328125,0.3229166666666667,192.0,77730,default,outlier,outlier,2.0,1.0,62.0,E,62,104,0.02749867794817557,15,9,9,0.4372285023860062,3
34009,ad2beb13-321c-3424-b04b-bb6a84d22e6f,0.5887588888888889,0.08,112.5,15897,default,Normal,normal,2.0,4.0,36.0,F,35,107,0.08991596638655462,14,17,8,0.4371671539893617,3
24461,f2e72f8b-c021-3b24-a38a-20e4b1c8520d,4.775573170731708,0.4878048780487805,41.0,11748,private_ip,outlier,outlier,2.0,1.0,20.0,F,20,36,0.09473684210526316,3,3,1,0.43711394120218744,3
33926,a8fa08e3-de70-3de5-a528-b4cab5fa39aa,0.3937744533947065,0.0529344073647871,57.93333333333333,20532,default,Normal,normal,20.0,15.0,46.0,F,46,83,0.04009661835748792,10,15,8,0.4370464032867221,3
3443,967c3801-f71c-332a-be11-8eeb926391ff,17.027,0.8888888888888888,9.0,9195,private_ip,outlier,outlier,1.0,1.0,8.0,E,8,8,0.14285714285714285,2,2,1,0.4370150912301116,3
3156,06c30d7a-e255-3541-b8a7-ddbeadd27900,11.9811,0.6,10.0,7189,private_ip,outlier,outlier,1.0,1.0,6.0,E,6,6,0.2,2,1,0,0.43695766107736705,3
34236,b9944fc5-de7f-3275-b917-8eb04c3dc804,0.3531476938174681,0.0186457311089303,509.5,43183,default,Normal,normal,18.0,4.0,38.0,F,38,121,0.0860597439544808,9,10,7,0.4368154972153,2
3960,5eca6957-d815-329f-a900-fd9a43f12413,0.0553684210526315,0.4736842105263157,19.0,64,private_ip,outlier,outlier,4.0,1.0,9.0,E,9,9,0.125,3,7,1,0.43681019932911935,3
16307,c9473309-98f2-3fe4-ae1b-3651d94319b8,5.096434782608696,0.3043478260869565,23.0,7034,private_ip,outlier,outlier,1.0,1.0,7.0,E,6,10,0.3333333333333333,4,3,2,0.43676685873873466,3
2219,b60e478d-3534-31dc-a555-aafe450ff8e9,1.1264469565217392,0.0921739130434782,575.0,38863,default,outlier,outlier,2.0,1.0,53.0,E,53,128,0.04644412191582003,15,12,9,0.4367118320199124,4
4842,23d50d27-db07-35bd-bd9f-9b06ffc67a18,9.312818181818182,0.4545454545454545,11.0,6147,private_ip,outlier,outlier,1.0,1.0,5.0,E,5,7,0.35,2,3,2,0.4366832753079253,3
34082,a21d5bc0-cacc-3ece-b03a-04c4c34227a5,1.69225,0.875,8.0,813,private_ip,outlier,outlier,1.0,1.0,7.0,F,7,6,0.14285714285714285,1,2,0,0.43666678146755383,3
21266,5d5330ad-aec3-334c-ba9b-e0b25ac75c89,0.0014206680584551,0.0125260960334029,14.298507462686567,82,default,Normal,normal,67.0,67.0,12.0,F,12,22,0.16666666666666666,4,9,4,0.43664678674397217,2
5792,a3cbfa33-e300-3bc5-b8a0-7d7aac1abe60,18.39409090909091,0.4545454545454545,22.0,24281,private_ip,outlier,outlier,1.0,1.0,10.0,E,10,11,0.12222222222222222,3,6,1,0.4366213099604621,3
21327,250a76f6-fe1a-38e2-a966-59858643d1fb,0.3963409090909091,0.4772727272727273,44.0,1047,private_ip,outlier,outlier,3.0,1.0,21.0,F,21,33,0.07857142857142857,3,2,1,0.4366077754856046,3
12718,b08d9e8c-e2f6-3217-9c20-c2e6f9bd9099,1.507411111111111,0.2407407407407407,270.0,24421,default,outlier,outlier,2.0,1.0,65.0,E,65,144,0.03461538461538462,12,10,12,0.43654053373186996,4
18884,75e7ef9a-951d-3936-9bfb-60bb4dc45320,0.4547395833333333,0.0572916666666666,64.0,20955,default,Normal,normal,15.0,12.0,44.0,F,44,75,0.03964059196617336,9,16,11,0.43645145555622755,4
24049,02b3b3fd-d947-3cf6-b866-80ec3d86eac5,23.7478525,0.0125,200.0,569949,default,Normal,normal,2.0,2.0,5.0,F,5,9,0.45,4,3,2,0.4364054965335191,2
33404,e1bb62f9-674f-3143-b83e-ed327ec0a314,1.3725,0.5,10.0,824,private_ip,outlier,outlier,1.0,1.0,5.0,F,5,6,0.3,2,2,2,0.43634995266160737,3
27928,933d5aba-1e2b-3b80-b056-01405cd205fb,6.286809523809524,0.4285714285714285,21.0,7922,private_ip,outlier,outlier,3.0,1.0,9.0,F,9,14,0.19444444444444445,4,5,2,0.4363416927988781,3
15,3f56fa42-3a39-37aa-bbbd-54f98db0d3ff,4.781528571428571,0.2357142857142857,280.0,80330,default,outlier,outlier,1.0,1.0,66.0,E,66,121,0.028205128205128206,13,11,10,0.43628426869237896,4
7984,5274dd4e-7c31-32f6-9719-ca889466c461,20.17069230769231,0.4125874125874126,143.0,173065,default,outlier,outlier,1.0,1.0,59.0,E,59,99,0.028930450029222676,10,10,6,0.43615333083856206,3
441,26927452-8b05-3bfa-8f3e-36f923e18878,0.2514116331096196,0.0425055928411633,894.0,13486,default,outlier,outlier,1.0,1.0,38.0,E,38,132,0.09388335704125178,11,12,6,0.4361384463588508,3
32312,a0c4d6ea-fb46-30ea-b7a6-d62615e5da58,2.6172857142857144,0.8571428571428571,7.0,1100,private_ip,outlier,outlier,1.0,1.0,6.0,F,6,6,0.2,1,2,1,0.43606733224655203,3
24930,7ac91fe8-1cbb-3c35-a6c6-6c643f281333,0.2895741585852823,0.0233884768967484,584.3333333333334,30458,default,Normal,normal,18.0,3.0,41.0,F,41,114,0.06951219512195123,9,11,9,0.4359811575026691,4
531,0b69f621-be9e-3996-a1b9-0e422bdee858,2.0594137931034484,0.6896551724137931,29.0,3584,private_ip,outlier,outlier,1.0,1.0,20.0,E,20,24,0.06315789473684211,3,3,0,0.4358696087245138,3
28713,2c10c320-fb98-3797-a9c8-4021702ced88,1.1235535714285714,0.1785714285714285,56.0,3776,private_ip,outlier,outlier,8.0,1.0,10.0,F,10,17,0.18888888888888888,3,3,3,0.43582016355541026,3
9074,5c79ec40-ccfb-3f95-9af1-b860318ac413,5.932730158730159,0.2222222222222222,63.0,22426,private_ip,outlier,outlier,1.0,1.0,14.0,E,14,27,0.14835164835164835,5,6,2,0.435740460139696,3
33134,6aa4a5b5-04cd-382f-8ff6-9d9525cb0876,511.9577142857143,0.2857142857142857,7.0,215023,default,outlier,outlier,1.0,1.0,2.0,F,2,2,1.0,1,2,1,0.4356100810539807,2
18566,a4318461-2bb1-3528-8d4d-83f5da4fb2dc,0.5242,0.3111111111111111,45.0,1416,private_ip,outlier,outlier,7.0,1.0,14.0,F,14,22,0.12087912087912088,4,6,2,0.4355877470960055,3
20627,bf102253-1e06-365b-b802-5936b3427313,0.08525,0.75,4.0,21,private_ip,outlier,outlier,1.0,1.0,3.0,F,3,2,0.3333333333333333,1,1,0,0.43553990920063085,3
9637,afc3a32d-6009-3b71-9f84-b2013222b452,7.941670103092783,0.2199312714776632,291.0,138662,default,outlier,outlier,1.0,1.0,64.0,E,64,127,0.03149801587301587,13,11,5,0.4354331782041736,4
14223,0ea379a4-a600-3ddb-9cc4-43f3ce2d06b7,12.8945,0.2058823529411764,34.0,26305,private_ip,outlier,outlier,1.0,1.0,7.0,E,7,11,0.2619047619047619,4,3,1,0.43536192921747097,3
14223,0ea379a4-a600-3ddb-9cc4-43f3ce2d06b7,12.8945,0.2058823529411764,34.0,26305,private_ip,outlier,outlier,1.0,1.0,7.0,E,7,11,0.2619047619047619,4,3,1,0.43536192921747097,3
14223,0ea379a4-a600-3ddb-9cc4-43f3ce2d06b7,12.8945,0.2058823529411764,34.0,26305,private_ip,outlier,outlier,1.0,1.0,7.0,E,7,11,0.2619047619047619,4,3,1,0.43536192921747097,3
14225,0ea379a4-a600-3ddb-9cc4-43f3ce2d06b7,12.8945,0.2058823529411764,34.0,26305,private_ip,outlier,outlier,1.0,1.0,7.0,E,7,11,0.2619047619047619,4,3,1,0.43536192921747097,3
14224,0ea379a4-a600-3ddb-9cc4-43f3ce2d06b7,12.8945,0.2058823529411764,34.0,26305,private_ip,outlier,outlier,1.0,1.0,7.0,E,7,11,0.2619047619047619,4,3,1,0.43536192921747097,3
14224,0ea379a4-a600-3ddb-9cc4-43f3ce2d06b7,12.8945,0.2058823529411764,34.0,26305,private_ip,outlier,outlier,1.0,1.0,7.0,E,7,11,0.2619047619047619,4,3,1,0.43536192921747097,3
14224,0ea379a4-a600-3ddb-9cc4-43f3ce2d06b7,12.8945,0.2058823529411764,34.0,26305,private_ip,outlier,outlier,1.0,1.0,7.0,E,7,11,0.2619047619047619,4,3,1,0.43536192921747097,3
14224,0ea379a4-a600-3ddb-9cc4-43f3ce2d06b7,12.8945,0.2058823529411764,34.0,26305,private_ip,outlier,outlier,1.0,1.0,7.0,E,7,11,0.2619047619047619,4,3,1,0.43536192921747097,3
14225,0ea379a4-a600-3ddb-9cc4-43f3ce2d06b7,12.8945,0.2058823529411764,34.0,26305,private_ip,outlier,outlier,1.0,1.0,7.0,E,7,11,0.2619047619047619,4,3,1,0.43536192921747097,3
14225,0ea379a4-a600-3ddb-9cc4-43f3ce2d06b7,12.8945,0.2058823529411764,34.0,26305,private_ip,outlier,outlier,1.0,1.0,7.0,E,7,11,0.2619047619047619,4,3,1,0.43536192921747097,3
14225,0ea379a4-a600-3ddb-9cc4-43f3ce2d06b7,12.8945,0.2058823529411764,34.0,26305,private_ip,outlier,outlier,1.0,1.0,7.0,E,7,11,0.2619047619047619,4,3,1,0.43536192921747097,3
14222,0ea379a4-a600-3ddb-9cc4-43f3ce2d06b7,12.8945,0.2058823529411764,34.0,26305,private_ip,outlier,outlier,1.0,1.0,7.0,E,7,11,0.2619047619047619,4,3,1,0.43536192921747097,3
14222,0ea379a4-a600-3ddb-9cc4-43f3ce2d06b7,12.8945,0.2058823529411764,34.0,26305,private_ip,outlier,outlier,1.0,1.0,7.0,E,7,11,0.2619047619047619,4,3,1,0.43536192921747097,3
14222,0ea379a4-a600-3ddb-9cc4-43f3ce2d06b7,12.8945,0.2058823529411764,34.0,26305,private_ip,outlier,outlier,1.0,1.0,7.0,E,7,11,0.2619047619047619,4,3,1,0.43536192921747097,3
14223,0ea379a4-a600-3ddb-9cc4-43f3ce2d06b7,12.8945,0.2058823529411764,34.0,26305,private_ip,outlier,outlier,1.0,1.0,7.0,E,7,11,0.2619047619047619,4,3,1,0.43536192921747097,3
14222,0ea379a4-a600-3ddb-9cc4-43f3ce2d06b7,12.8945,0.2058823529411764,34.0,26305,private_ip,outlier,outlier,1.0,1.0,7.0,E,7,11,0.2619047619047619,4,3,1,0.43536192921747097,3
24878,dad218b9-31ea-36a9-9422-97fe0fb55d51,8.3504,0.8,5.0,2506,private_ip,outlier,outlier,1.0,1.0,4.0,F,4,3,0.25,1,2,0,0.4353507639967261,3
25361,14bf52e7-4b85-33dd-ad33-be26237b8e44,0.3249761904761905,0.4761904761904761,42.0,819,private_ip,outlier,outlier,3.0,1.0,20.0,F,20,33,0.0868421052631579,3,3,1,0.4353479851137579,3
6999,5b667164-03f2-36df-a3d1-17ec44544357,1.1743980343980345,0.1474201474201474,407.0,28679,default,outlier,outlier,1.0,1.0,60.0,E,60,150,0.0423728813559322,12,12,11,0.43532837167679506,4
24375,02886c3a-56b9-35f8-9c16-f9b892fec964,0.6194165424739195,0.033532041728763,83.875,49876,default,Normal,normal,19.0,16.0,45.0,F,45,85,0.04292929292929293,10,14,8,0.4353200927104419,3
29001,b009fcfd-cffd-3e37-beee-ce971ab9a481,0.2404633431085044,0.0400782013685239,51.15,14760,default,Normal,normal,24.0,20.0,41.0,F,41,71,0.043292682926829265,8,18,7,0.4351868995239443,3
26443,45103386-52b4-32d4-849e-b469d28eab13,0.0020185783521809,0.0201938610662358,22.107142857142858,150,default,Normal,normal,64.0,56.0,25.0,F,25,46,0.07666666666666666,6,8,7,0.4351606645374887,2
14331,47ef79dc-0371-3a3d-8d59-383503eb38d1,2.8291160714285715,0.2214285714285714,280.0,47530,default,outlier,outlier,1.0,1.0,62.0,E,62,136,0.035959809624537285,12,12,12,0.4351476663587125,4
5414,39865c8f-19b6-38e2-8f10-64def4d1b156,0.2782652329749104,0.060931899641577,558.0,9317,default,outlier,outlier,2.0,1.0,34.0,E,34,138,0.12299465240641712,14,11,11,0.43514326483970506,3
6401,5dbbc7b4-198f-3f5b-9e3e-5f690a9d91f6,0.7188,0.33,200.0,8626,default,outlier,outlier,1.0,1.0,66.0,E,66,122,0.02843822843822844,15,11,4,0.43505071782657223,3
100,4e388cdb-13e1-3319-bf0d-84105e4d1de5,0.5676170212765957,0.4680851063829787,47.0,1601,private_ip,outlier,outlier,1.0,1.0,22.0,E,22,34,0.0735930735930736,6,5,2,0.43504294036053126,3
11196,f31b32c1-706c-3042-a79a-1e230a3dbbdd,36.2735,0.375,24.0,52234,private_ip,outlier,outlier,1.0,1.0,9.0,E,9,12,0.16666666666666666,4,3,2,0.43498987689492763,3
5947,51ca3ea4-9d12-31fa-8c21-cf0817288629,0.2940810696095076,0.030560271646859,1178.0,20786,default,outlier,outlier,1.0,1.0,36.0,E,21,75,0.17857142857142858,6,11,6,0.4349044429185695,3
24840,757ed3db-ea75-38f1-9d9f-ff27832f6b10,0.0018463901689708,0.0092165898617511,9.434782608695652,73,default,Normal,normal,71.0,69.0,6.0,F,6,8,0.26666666666666666,3,6,2,0.4347016000664477,2
3074,39022d6f-0eb7-3822-801c-7ad2d866d200,0.8714399477806788,0.1566579634464752,383.0,20026,default,outlier,outlier,3.0,1.0,60.0,E,60,151,0.042655367231638416,9,14,8,0.4345600297132843,3
25142,5687f5f4-a280-3c2a-adb1-44eeb92a25b5,25.5646,0.01,200.0,306776,default,outlier,outlier,1.0,1.0,2.0,F,2,2,1.0,1,2,1,0.43440630021010695,2
30241,0332d98b-6f82-383b-bd27-f8313f8e25d4,25.5646,0.01,200.0,306776,default,outlier,outlier,1.0,1.0,2.0,F,2,2,1.0,1,2,1,0.43440630021010695,2
11243,8ad8d639-b249-3cd8-8445-303653db146e,11.409555555555556,0.8888888888888888,9.0,6162,private_ip,outlier,outlier,1.0,1.0,8.0,E,8,8,0.14285714285714285,2,2,0,0.43440382602425665,3
22754,a8dd61ea-929d-3e32-a0f9-cbbdc48e9ed2,0.006003164556962,0.0664556962025316,7.022222222222222,114,default,Normal,normal,68.0,45.0,21.0,F,21,33,0.07857142857142857,4,5,10,0.43438030095513486,1
12793,78cbfdb8-c5dd-3d0a-b66d-f642a1123bb4,0.2583333333333333,1.0,3.0,47,private_ip,outlier,outlier,1.0,1.0,3.0,E,3,2,0.3333333333333333,1,1,0,0.4343773645482443,3
10731,0d926d4c-ad8e-31c7-9575-4a791d25fda1,0.364,1.0,3.0,66,private_ip,outlier,outlier,1.0,1.0,3.0,E,3,2,0.3333333333333333,1,1,0,0.4343773645482443,3
13343,02c938f2-5aea-33ce-b76f-f0f341a1923c,0.214,1.0,3.0,39,private_ip,outlier,outlier,1.0,1.0,3.0,E,3,2,0.3333333333333333,1,1,0,0.4343773645482443,3
3304,20276c85-faa4-3aa2-9da7-3130d4d65ebc,0.4406666666666667,1.0,3.0,80,private_ip,outlier,outlier,1.0,1.0,3.0,E,3,2,0.3333333333333333,1,1,0,0.4343773645482443,3
14313,fe1268ad-a1f0-3caf-9da4-c7c900ca0b54,0.2466666666666666,1.0,3.0,45,private_ip,outlier,outlier,1.0,1.0,3.0,E,3,2,0.3333333333333333,1,1,0,0.4343773645482443,3
14387,e0864298-6828-3f10-9d22-254ba0c127fc,0.2513333333333333,1.0,3.0,46,private_ip,outlier,outlier,1.0,1.0,3.0,E,3,2,0.3333333333333333,1,1,0,0.4343773645482443,3
24600,a4ef8cdb-b9e1-36d4-a980-be7332ba207b,0.0532757575757575,0.0909090909090909,7.0212765957446805,1055,default,Normal,normal,55.0,47.0,30.0,F,30,63,0.07241379310344828,6,13,8,0.4342251393790459,3
5229,0ad1e89a-27ee-313f-9ced-c0b5ad81e317,2.7316752717391304,0.1766304347826087,368.0,60316,default,outlier,outlier,1.0,1.0,65.0,E,65,150,0.036057692307692304,9,10,7,0.4341866787543966,3
31287,50bdf9d8-8b58-3c71-95a1-7a0dab5389d7,0.0955757772020725,0.038860103626943,257.3333333333333,4428,default,Normal,normal,30.0,3.0,30.0,F,30,152,0.17471264367816092,9,12,3,0.434157718531002,2
20240,4ce4de55-216c-3999-a029-2a93464f307f,1.1549,0.5,10.0,693,private_ip,outlier,outlier,1.0,1.0,5.0,F,5,6,0.3,2,2,2,0.4340945938827503,3
10015,0b673858-d57c-32af-af63-2074d442a2c6,0.5945454545454545,0.5757575757575758,33.0,1178,private_ip,outlier,outlier,1.0,1.0,19.0,E,19,23,0.06725146198830409,5,6,1,0.43407952605490163,3
5159,490eeec9-1880-3c46-b8fd-3e8c4544cd28,0.1463333333333333,1.0,3.0,27,private_ip,outlier,outlier,1.0,1.0,3.0,E,3,2,0.3333333333333333,1,1,0,0.4340217999149511,3
9611,7bcaf5ab-635d-30d3-886e-5be6412f8e48,0.1476666666666666,1.0,3.0,27,private_ip,outlier,outlier,1.0,1.0,3.0,E,3,2,0.3333333333333333,1,1,0,0.4340217999149511,3
15318,605d0499-eed0-37dc-9153-58f27917d238,0.1146666666666666,1.0,3.0,21,private_ip,outlier,outlier,1.0,1.0,3.0,E,3,2,0.3333333333333333,1,1,0,0.4340217999149511,3
28006,917b8c31-7c7e-3a7c-a249-844690039d1c,0.5652840909090909,0.0821678321678321,71.5,19401,default,Normal,normal,10.0,8.0,47.0,F,47,101,0.04671600370027752,10,16,10,0.43388460012491636,4
30961,7b2c9958-eff1-33a5-a44a-f92b030a2e46,6.8954,0.8,5.0,2069,private_ip,outlier,outlier,1.0,1.0,4.0,F,4,4,0.3333333333333333,2,2,1,0.4338526114758519,3
31533,23c2c9e3-4c6a-36f5-9d05-8de86561fe0f,0.6747104700854701,0.0512820512820512,93.6,37892,default,Normal,normal,13.0,10.0,48.0,F,48,80,0.03546099290780142,9,16,7,0.43383627266813674,3
22794,2356994c-6b8d-34f1-a17e-44155c018340,0.0091608527131782,0.0329457364341085,11.727272727272728,284,default,Normal,normal,83.0,44.0,17.0,F,17,31,0.11397058823529412,5,6,11,0.43379015563900486,1
27067,826c8ccd-1312-332b-84c4-1ea981d0bb07,0.0941244979919678,0.1686746987951807,14.647058823529411,1407,default,Normal,normal,31.0,17.0,42.0,F,42,75,0.04355400696864112,9,17,8,0.43377280953480896,2
4923,fb2b4442-5b04-36f6-9d52-5cfd3f46c9cc,3.699717948717949,0.2307692307692307,39.0,8658,private_ip,outlier,outlier,1.0,1.0,9.0,E,9,14,0.19444444444444445,7,5,1,0.433720459822683,3
26462,7a6435b5-5023-32d5-8028-be2ed76e4520,134.05327659574468,0.0425531914893617,23.5,378031,default,AdsBot-Google;Mobile Safari,bot,5.0,2.0,2.0,F,2,2,1.0,1,2,1,0.4337164575186288,2
5658,13548a62-fba9-31ed-80e7-2ef129aded7d,3.4454,1.0,5.0,1034,private_ip,outlier,outlier,1.0,1.0,5.0,E,5,4,0.2,1,1,0,0.4336467126777064,3
14982,fd4bf2c8-1a7a-379f-9719-9081be936aea,3.5796,1.0,5.0,1074,private_ip,outlier,outlier,1.0,1.0,5.0,E,5,4,0.2,1,1,0,0.4336467126777064,3
14899,28c40403-1519-37fe-91e7-125cb80b2f16,0.0516666666666666,1.0,3.0,10,private_ip,outlier,outlier,1.0,1.0,3.0,E,3,2,0.3333333333333333,1,1,0,0.4335733348494278,3
15956,ce63ebb1-e2d9-3444-93d2-e79bf2c73256,0.0893333333333333,1.0,3.0,17,private_ip,outlier,outlier,1.0,1.0,3.0,E,3,2,0.3333333333333333,1,1,0,0.4335733348494278,3
15957,ce63ebb1-e2d9-3444-93d2-e79bf2c73256,0.0893333333333333,1.0,3.0,17,private_ip,outlier,outlier,1.0,1.0,3.0,E,3,2,0.3333333333333333,1,1,0,0.4335733348494278,3
15954,ce63ebb1-e2d9-3444-93d2-e79bf2c73256,0.0893333333333333,1.0,3.0,17,private_ip,outlier,outlier,1.0,1.0,3.0,E,3,2,0.3333333333333333,1,1,0,0.4335733348494278,3
15957,ce63ebb1-e2d9-3444-93d2-e79bf2c73256,0.0893333333333333,1.0,3.0,17,private_ip,outlier,outlier,1.0,1.0,3.0,E,3,2,0.3333333333333333,1,1,0,0.4335733348494278,3
15954,ce63ebb1-e2d9-3444-93d2-e79bf2c73256,0.0893333333333333,1.0,3.0,17,private_ip,outlier,outlier,1.0,1.0,3.0,E,3,2,0.3333333333333333,1,1,0,0.4335733348494278,3
15957,ce63ebb1-e2d9-3444-93d2-e79bf2c73256,0.0893333333333333,1.0,3.0,17,private_ip,outlier,outlier,1.0,1.0,3.0,E,3,2,0.3333333333333333,1,1,0,0.4335733348494278,3
15957,ce63ebb1-e2d9-3444-93d2-e79bf2c73256,0.0893333333333333,1.0,3.0,17,private_ip,outlier,outlier,1.0,1.0,3.0,E,3,2,0.3333333333333333,1,1,0,0.4335733348494278,3
15954,ce63ebb1-e2d9-3444-93d2-e79bf2c73256,0.0893333333333333,1.0,3.0,17,private_ip,outlier,outlier,1.0,1.0,3.0,E,3,2,0.3333333333333333,1,1,0,0.4335733348494278,3
15955,ce63ebb1-e2d9-3444-93d2-e79bf2c73256,0.0893333333333333,1.0,3.0,17,private_ip,outlier,outlier,1.0,1.0,3.0,E,3,2,0.3333333333333333,1,1,0,0.4335733348494278,3
15955,ce63ebb1-e2d9-3444-93d2-e79bf2c73256,0.0893333333333333,1.0,3.0,17,private_ip,outlier,outlier,1.0,1.0,3.0,E,3,2,0.3333333333333333,1,1,0,0.4335733348494278,3
15955,ce63ebb1-e2d9-3444-93d2-e79bf2c73256,0.0893333333333333,1.0,3.0,17,private_ip,outlier,outlier,1.0,1.0,3.0,E,3,2,0.3333333333333333,1,1,0,0.4335733348494278,3
15956,ce63ebb1-e2d9-3444-93d2-e79bf2c73256,0.0893333333333333,1.0,3.0,17,private_ip,outlier,outlier,1.0,1.0,3.0,E,3,2,0.3333333333333333,1,1,0,0.4335733348494278,3
15956,ce63ebb1-e2d9-3444-93d2-e79bf2c73256,0.0893333333333333,1.0,3.0,17,private_ip,outlier,outlier,1.0,1.0,3.0,E,3,2,0.3333333333333333,1,1,0,0.4335733348494278,3
10814,cdb0e22d-3fa5-332b-a907-4a48b9cb269b,0.0456666666666666,1.0,3.0,9,private_ip,outlier,outlier,1.0,1.0,3.0,E,3,2,0.3333333333333333,1,1,0,0.4335733348494278,3
12012,203fff05-ee36-3933-8008-96752e935287,0.1106666666666666,1.0,3.0,20,private_ip,outlier,outlier,1.0,1.0,3.0,E,3,2,0.3333333333333333,1,1,0,0.4335733348494278,3
15954,ce63ebb1-e2d9-3444-93d2-e79bf2c73256,0.0893333333333333,1.0,3.0,17,private_ip,outlier,outlier,1.0,1.0,3.0,E,3,2,0.3333333333333333,1,1,0,0.4335733348494278,3
3020,ac04aa16-fad7-3bd4-ad4c-2f4f1aca54e8,0.0543333333333333,1.0,3.0,10,private_ip,outlier,outlier,1.0,1.0,3.0,E,3,2,0.3333333333333333,1,1,0,0.4335733348494278,3
15955,ce63ebb1-e2d9-3444-93d2-e79bf2c73256,0.0893333333333333,1.0,3.0,17,private_ip,outlier,outlier,1.0,1.0,3.0,E,3,2,0.3333333333333333,1,1,0,0.4335733348494278,3
15956,ce63ebb1-e2d9-3444-93d2-e79bf2c73256,0.0893333333333333,1.0,3.0,17,private_ip,outlier,outlier,1.0,1.0,3.0,E,3,2,0.3333333333333333,1,1,0,0.4335733348494278,3
9211,eaa873cf-4852-3557-b663-015d6714d4b3,2.1712564102564103,0.5641025641025641,39.0,5081,private_ip,outlier,outlier,1.0,1.0,22.0,E,22,31,0.0670995670995671,3,4,1,0.43354587389175125,3
26316,cab0580c-11d4-3877-8c3e-1cf0f1dadff6,0.2694050925925926,0.1087962962962963,18.782608695652176,6983,default,Normal,normal,29.0,23.0,47.0,F,47,72,0.03330249768732655,9,12,5,0.43351687002275313,2
26753,c9a7b085-9c97-33d1-9a73-aa5e98023ec4,7.807111111111111,0.4444444444444444,18.0,8432,private_ip,outlier,outlier,4.0,1.0,8.0,F,8,11,0.19642857142857142,3,2,3,0.43349089383511746,3
25885,03ee3803-aea2-3b40-b0d3-51f7f86088e1,0.0023612068965517,0.0137931034482758,9.206349206349206,83,default,Normal,normal,65.0,63.0,8.0,F,8,14,0.25,3,5,5,0.43342800492127787,2
11815,c3616113-531f-3f04-ab19-08ae6e24f819,2.6624615384615384,0.5384615384615384,39.0,6231,private_ip,outlier,outlier,1.0,1.0,21.0,E,21,32,0.0761904761904762,5,3,2,0.43340102984895673,3
5942,466b06b4-8bb1-3ca1-a07d-e27a00d8e5ec,1.0523061224489796,0.4693877551020408,49.0,3094,private_ip,outlier,outlier,1.0,1.0,23.0,E,23,36,0.07114624505928854,4,3,1,0.4332884058847805,3
24464,fb52fb7e-280f-3f32-a099-db7b55a5fc64,10.882888888888887,0.2777777777777778,18.0,11754,private_ip,outlier,outlier,1.0,1.0,5.0,F,5,5,0.25,2,2,1,0.43319765178757397,3
10370,095a0098-1f1f-32d6-9309-fef5b42c5735,0.0306666666666666,1.0,3.0,6,private_ip,outlier,outlier,1.0,1.0,3.0,E,3,2,0.3333333333333333,1,1,0,0.43312502147090864,3
12564,f26eb1a6-a8b7-3b1f-aec2-264d0f1460c9,0.0283333333333333,1.0,3.0,6,private_ip,outlier,outlier,1.0,1.0,3.0,E,3,2,0.3333333333333333,1,1,0,0.43312502147090864,3
17538,3cbaf02e-af55-3acd-9203-b5542dd5ccc7,0.0366666666666666,1.0,3.0,7,private_ip,outlier,outlier,1.0,1.0,3.0,E,3,2,0.3333333333333333,1,1,0,0.43312502147090864,3
11389,02854203-6318-3e39-85ff-0093c1f0fafc,0.03,1.0,3.0,6,private_ip,outlier,outlier,1.0,1.0,3.0,E,3,2,0.3333333333333333,1,1,0,0.43312502147090864,3
15726,541f3c07-1398-3691-b2d8-8fed3f85edd1,0.0323333333333333,1.0,3.0,6,private_ip,outlier,outlier,1.0,1.0,3.0,E,3,2,0.3333333333333333,1,1,0,0.43312502147090864,3
10131,6c451db9-84d7-3d1f-bcf7-6bf75bc233f9,0.0316666666666666,1.0,3.0,6,private_ip,outlier,outlier,1.0,1.0,3.0,E,3,2,0.3333333333333333,1,1,0,0.43312502147090864,3
33509,3e579bf9-ad89-3419-8cf1-b633d59930f2,0.0514,0.8,5.0,16,private_ip,outlier,outlier,1.0,1.0,4.0,F,4,4,0.3333333333333333,2,1,1,0.433115464080365,3
8946,bcb9c349-e0d8-3e85-b51e-ee51f761385b,3.1465,1.0,4.0,756,private_ip,outlier,outlier,1.0,1.0,4.0,E,4,3,0.25,1,1,0,0.43304699898695276,3
3365,bee3db71-17bf-3163-bb41-31ce126b97e3,2.84575,1.0,4.0,683,private_ip,outlier,outlier,1.0,1.0,4.0,E,4,3,0.25,1,1,0,0.43304699898695276,3
6746,350be9d0-f640-3707-a43e-436f050a5822,2.8945,1.0,4.0,695,private_ip,outlier,outlier,1.0,1.0,4.0,E,4,3,0.25,1,1,0,0.43304699898695276,3
5131,077d76ce-b641-3d1d-8a59-c58e1c2a461f,13.815581395348838,0.3255813953488372,43.0,35645,private_ip,outlier,outlier,1.0,1.0,14.0,E,13,21,0.1346153846153846,6,5,4,0.4329670204962397,3
10721,f28a1c86-1473-3825-8180-736c7eb02fa0,0.1665,1.0,4.0,40,private_ip,outlier,outlier,1.0,1.0,4.0,E,3,2,0.3333333333333333,1,1,0,0.4328145544522616,3
13340,f01d6954-45a0-3008-b986-6f6e563b1c01,0.17875,1.0,4.0,43,private_ip,outlier,outlier,1.0,1.0,4.0,E,3,2,0.3333333333333333,1,1,0,0.4328145544522616,3
3432,77637610-318b-35e4-acf9-bdf686bd0044,0.1645,1.0,4.0,40,private_ip,outlier,outlier,1.0,1.0,4.0,E,3,2,0.3333333333333333,1,1,0,0.4328145544522616,3
3436,7ddba56d-36ef-3d2c-807c-80ee7b138105,0.23675,1.0,4.0,57,private_ip,outlier,outlier,1.0,1.0,4.0,E,3,2,0.3333333333333333,1,1,0,0.4328145544522616,3
3529,9bfd3c41-dcad-35cd-85ca-d6b3639fa84f,1.64425,1.0,4.0,395,private_ip,outlier,outlier,1.0,1.0,4.0,E,4,3,0.25,1,1,0,0.432691791021736,3
10730,0902c4a1-bb35-3a56-b8ce-23a02ab7b420,1.64,1.0,4.0,394,private_ip,outlier,outlier,1.0,1.0,4.0,E,4,3,0.25,1,1,0,0.432691791021736,3
16741,e4dc7f37-46be-3646-8d97-fede5dd63a61,0.021,1.0,3.0,4,private_ip,outlier,outlier,1.0,1.0,3.0,E,3,2,0.3333333333333333,1,1,0,0.43267685972808795,3
8738,6287acb7-1ae6-39f9-9935-650bd0ec784e,0.0196666666666666,1.0,3.0,4,private_ip,outlier,outlier,1.0,1.0,3.0,E,3,2,0.3333333333333333,1,1,0,0.43267685972808795,3
6730,1c19298a-be77-37c9-964a-2c7edf3c7201,3.857188,0.284,250.0,57858,default,outlier,outlier,1.0,1.0,71.0,E,71,120,0.02414486921529175,14,8,8,0.43266278752378656,4
8188,6b303275-f528-352c-8caa-74f88ca45f19,2.5875,0.5,8.0,1242,private_ip,outlier,outlier,1.0,1.0,4.0,E,4,4,0.3333333333333333,2,3,1,0.4326457855118937,3
34419,e61bda8b-bff3-37dd-ab57-6f44e11ea4e8,2.3005,0.3,30.0,4141,private_ip,outlier,outlier,5.0,1.0,9.0,F,9,13,0.18055555555555555,3,4,2,0.4324944013849108,3
10369,088523f7-00ef-37f4-9fd1-234c05d5fb3c,0.4983333333333333,0.8666666666666667,15.0,449,private_ip,outlier,outlier,1.0,1.0,13.0,E,8,6,0.10714285714285714,2,1,0,0.4324244625982478,3
2944,d9379e34-43d2-31b8-b178-142ba7744ddc,0.4946666666666667,0.8666666666666667,15.0,446,private_ip,outlier,outlier,1.0,1.0,13.0,E,8,6,0.10714285714285714,2,1,0,0.4324244625982478,3
33561,f008080b-b14a-3a09-9a76-0485c1900516,0.0024275862068965,0.0068965517241379,9.508196721311476,85,default,Normal,normal,58.0,61.0,4.0,F,4,7,0.5833333333333334,3,2,2,0.4324051077124873,2
5091,ae6934cf-0888-3104-a5d1-0170edd13f2a,3.621272727272728,0.2337662337662337,77.0,16731,private_ip,outlier,outlier,1.0,1.0,18.0,E,18,33,0.10784313725490197,6,5,3,0.4323818736679009,3
7739,7a646f5a-5d32-30c8-b4f4-a24b7abe00d2,3.462355855855856,0.2042042042042042,333.0,69178,default,outlier,outlier,1.0,1.0,68.0,E,68,132,0.02897278314310799,7,8,8,0.4323534383350237,3
3588,52dc9ec3-6d48-3232-9e77-93d2553d5dd1,1.37375,1.0,4.0,330,private_ip,outlier,outlier,1.0,1.0,4.0,E,4,3,0.25,1,1,0,0.4322437758130244,3
12474,f658869d-0323-3606-8021-a12768de3d08,0.01,1.0,3.0,2,private_ip,outlier,outlier,1.0,1.0,3.0,E,3,2,0.3333333333333333,1,1,0,0.43222884956967667,3
6867,961085f5-69f7-3567-9e75-ce3f64dccc39,0.0046666666666666,1.0,3.0,1,private_ip,outlier,outlier,1.0,1.0,3.0,E,3,2,0.3333333333333333,1,1,0,0.43222884956967667,3
14841,7b456418-6830-337e-88db-2b103b0bc47c,0.0106666666666666,1.0,3.0,2,private_ip,outlier,outlier,1.0,1.0,3.0,E,3,2,0.3333333333333333,1,1,0,0.43222884956967667,3
1791,b619f33f-c266-383f-a886-696b1dd0442a,0.015,1.0,3.0,3,private_ip,BLEXBot/1.0;unknown,bot,1.0,1.0,3.0,E,3,2,0.3333333333333333,1,1,0,0.43222884956967667,3
3457,caf28ca4-2966-31e1-9409-9cd97f208cb2,0.0113333333333333,1.0,3.0,3,private_ip,outlier,outlier,1.0,1.0,3.0,E,3,2,0.3333333333333333,1,1,0,0.43222884956967667,3
5061,546660b3-3b7f-3854-a0b8-fdda5013b06e,0.016,1.0,3.0,3,private_ip,outlier,outlier,1.0,1.0,3.0,E,3,2,0.3333333333333333,1,1,0,0.43222884956967667,3
3150,f0d9cb74-8561-399f-b637-63ad6f49a43f,1.853125,0.5,8.0,890,private_ip,outlier,outlier,1.0,1.0,4.0,E,4,4,0.3333333333333333,2,3,1,0.4321977858638995,3
12302,050b74ba-0171-3245-ad11-665223abc00b,2.0545,1.0,4.0,494,private_ip,outlier,outlier,1.0,1.0,4.0,E,4,3,0.25,1,1,0,0.43215087985681133,3
13586,0779a63b-1ee8-3049-849c-eada8957fbcd,1.96225,1.0,4.0,471,private_ip,outlier,outlier,1.0,1.0,4.0,E,4,3,0.25,1,1,0,0.43215087985681133,3
8214,e93a9b20-6809-3535-8dd4-1d655c648f51,2.6585,1.0,4.0,639,private_ip,outlier,outlier,1.0,1.0,4.0,E,4,3,0.25,1,1,0,0.43215087985681133,3
9479,06e1f3cb-6130-31b1-8d19-44dbcc0914c7,1.974,1.0,4.0,474,private_ip,outlier,outlier,1.0,1.0,4.0,E,4,3,0.25,1,1,0,0.43215087985681133,3
11722,baf70596-a705-3248-a2e8-f85b3fc1dafd,2.68225,1.0,4.0,644,private_ip,outlier,outlier,1.0,1.0,4.0,E,4,3,0.25,1,1,0,0.43215087985681133,3
1496,001f98d3-6de1-3be5-a44f-2d23f14ecb84,2.43075,1.0,4.0,584,private_ip,outlier,outlier,1.0,1.0,4.0,E,4,3,0.25,1,1,0,0.43215087985681133,3
4421,402ebfe9-7a36-3420-ac38-a80c3a010b3d,2.07875,1.0,4.0,499,private_ip,outlier,outlier,1.0,1.0,4.0,E,4,3,0.25,1,1,0,0.43215087985681133,3
25957,eaed1adf-ec66-336d-a01f-fc1a1493aa67,4.128955,0.005,200.0,49548,datacenter,outlier,outlier,1.0,1.0,1.0,F,1,1,0.0,1,1,1,0.43212132748352494,2
33658,393ae6e3-7ecc-3a0a-bb19-7021f611cc74,725.256625,0.5,8.0,348124,default,outlier,outlier,1.0,1.0,4.0,F,4,5,0.4166666666666667,2,3,1,0.4321173371597138,2
3935,190744d1-1161-33d5-a501-8fd512f60ace,1.360125,0.5,8.0,653,private_ip,outlier,outlier,1.0,1.0,4.0,E,4,4,0.3333333333333333,2,3,1,0.43201796224783123,3
1871,94efd83a-4902-3b60-aced-601426283f82,1.3675,0.5,8.0,657,private_ip,outlier,outlier,1.0,1.0,4.0,E,4,4,0.3333333333333333,2,3,1,0.43201796224783123,3
8842,8f7d4343-0b95-3292-9401-7894199fdb1c,1.238915611814346,0.1033755274261603,474.0,35235,default,outlier,outlier,2.0,1.0,49.0,E,49,139,0.059098639455782316,14,13,7,0.4319988692178101,3
1484,e001c8a9-2a81-3c84-8666-14940b8944cc,1.9924126074498567,0.1833810888252149,349.0,41722,default,outlier,outlier,2.0,1.0,64.0,E,64,120,0.02976190476190476,16,10,7,0.4319750765390966,4
11498,4cc550ea-7106-3cae-ac55-367e573561d9,1.7822873345935728,0.0850661625708884,529.0,56570,default,outlier,outlier,1.0,1.0,45.0,E,45,136,0.06868686868686869,11,15,6,0.43174898489594205,3
16209,a54769aa-677b-3a12-9cf5-c17c79d511c4,5.92375,0.5,8.0,2844,private_ip,outlier,outlier,1.0,1.0,4.0,E,4,4,0.3333333333333333,2,3,1,0.43161956748503627,3
6280,e267e11f-c814-3f89-96b3-929f211c6006,0.900625,0.5,8.0,433,private_ip,outlier,outlier,1.0,1.0,4.0,E,4,4,0.3333333333333333,2,3,1,0.4315701749522308,3
13837,11eb9e6c-b899-32b9-b256-69d7861c8bae,1.057375,0.5,8.0,508,private_ip,outlier,outlier,1.0,1.0,4.0,E,4,4,0.3333333333333333,2,3,1,0.4315701749522308,3
17769,cbd56e76-5074-3368-b819-6cc8c930de5a,1.2300483870967742,0.5161290322580645,31.0,2288,private_ip,outlier,outlier,2.0,1.0,16.0,E,16,23,0.09583333333333334,6,5,3,0.4315461487997938,3
2901,4fc5f4ae-221d-3a9c-a3dd-7fb59af5ed16,4.229768844221105,0.1507537688442211,398.0,101007,default,outlier,outlier,1.0,1.0,60.0,E,60,144,0.04067796610169491,11,10,10,0.4315110139760114,4
7906,6e825591-fe9b-3aee-856c-0ed51e460a7d,1.4219545454545457,0.7727272727272727,22.0,1877,private_ip,outlier,outlier,1.0,1.0,17.0,E,17,20,0.07352941176470588,4,5,2,0.43143977667189726,3
4844,26af9162-b00e-3d80-b87c-29d6fd6cdd16,1.1535,1.0,4.0,277,private_ip,outlier,outlier,1.0,1.0,4.0,E,4,3,0.25,1,1,0,0.43143044576944334,3
13251,d7d8f188-f53b-3e6f-b5df-0fd3ca257a2d,1.01625,1.0,4.0,244,private_ip,outlier,outlier,1.0,1.0,4.0,E,4,3,0.25,1,1,0,0.43143044576944334,3
15369,1b4d9be2-0c1c-3b64-bfd6-8bfa67285cdb,5.600454545454545,0.4545454545454545,11.0,3697,private_ip,outlier,outlier,1.0,1.0,5.0,E,5,7,0.35,3,2,2,0.4314294087083149,3
16352,4d60c6e8-279f-3f36-a38b-4a2cc62247d1,0.9797986577181208,0.1006711409395973,596.0,35038,default,outlier,outlier,1.0,1.0,60.0,E,60,140,0.03954802259887006,14,9,9,0.43138916366466196,4
33419,04dbe67d-d0cf-3dce-952d-1ce284dba16d,3.8416,0.8,5.0,1153,private_ip,outlier,outlier,1.0,1.0,4.0,F,4,4,0.3333333333333333,2,2,1,0.4312671641383499,3
13843,31fd72df-d585-31b8-91c7-cb102bf4a49d,5.225086956521739,0.217391304347826,23.0,7211,private_ip,outlier,outlier,1.0,1.0,5.0,E,5,6,0.3,2,3,2,0.4311057803122418,3
8470,bdfc1571-ac65-3609-9e35-0eaa6bd217a7,0.5214603174603175,0.2063492063492063,315.0,9856,default,outlier,outlier,2.0,1.0,65.0,E,65,149,0.03581730769230769,13,11,9,0.4309746687378687,4
2466,84a3663d-a2bf-3592-b00b-08fd138ad7bb,0.8027751196172248,0.1291866028708134,418.0,20134,default,outlier,outlier,1.0,1.0,54.0,E,54,147,0.051362683438155136,16,12,7,0.43095649103545236,3
31578,ad3ba07e-d4b3-3e86-b20a-4342451ec400,2.881,0.8,5.0,865,private_ip,outlier,outlier,1.0,1.0,4.0,F,4,4,0.3333333333333333,2,2,1,0.43083580646498043,3
18448,38b3ca17-bc6b-3c0e-a7c2-528310b45fb4,0.4631518987341772,0.0582278481012658,60.76923076923077,21954,default,Normal,normal,15.0,13.0,46.0,F,46,77,0.03719806763285024,8,16,9,0.43073938514117177,3
19600,61109574-db55-3b55-9c90-0de35dc460a4,0.2919052987598647,0.0293122886133032,177.4,15536,default,Normal,normal,35.0,5.0,26.0,F,26,142,0.21846153846153846,12,10,1,0.4307263315651911,2
18829,dfa4948d-ac89-341f-9f06-58817ad88383,2.835808510638298,0.0222016651248843,540.5,183931,default,Normal,normal,14.0,2.0,24.0,F,24,94,0.17028985507246377,9,10,4,0.43072368087647894,2
16690,415c7ec3-e20d-38a4-8cb6-312e2027b0e4,0.6847292817679559,0.1602209944751381,362.0,14873,default,outlier,outlier,1.0,1.0,58.0,E,58,136,0.0411373260738052,15,12,11,0.43067002452523967,3
5347,7d1bb6f5-717d-3164-8f49-049703531c32,2.75496875,0.625,32.0,5290,private_ip,outlier,outlier,1.0,1.0,20.0,E,20,27,0.07105263157894737,6,5,1,0.43065514369171926,3
32092,eacaa166-c3d7-361d-9d37-5d528853dd54,3.2767142857142857,0.8571428571428571,7.0,1377,private_ip,outlier,outlier,1.0,1.0,6.0,F,6,6,0.2,2,2,1,0.4306391968732266,3
4254,28c1aabf-6cc5-3e83-bd63-6542198e2366,3.642103174603175,0.2698412698412698,63.0,13768,private_ip,outlier,outlier,2.0,1.0,17.0,E,17,24,0.08823529411764706,5,6,4,0.43057062880080976,3
30364,911f3450-0168-3a55-a206-2a7b920691d2,19.816235294117647,0.4705882352941176,17.0,20213,private_ip,outlier,outlier,1.0,1.0,8.0,F,8,11,0.19642857142857142,2,3,2,0.4305497776517767,3
27947,d9b03161-4f07-3a6e-ab23-717b13f2e529,760.7045,0.25,4.0,182570,default,outlier,outlier,1.0,1.0,1.0,F,1,1,0.0,1,1,1,0.43054158298737494,2
26616,3859b675-106b-3303-a5f1-ea0e42524003,0.0019975530179445,0.0108754758020663,40.86666666666667,221,default,Normal,normal,48.0,45.0,20.0,F,20,47,0.12368421052631579,6,9,11,0.4305217288364928,1
33065,9a00fccf-14ec-32d4-92bf-58cb1252f0eb,0.3428818040435458,0.0653188180404354,58.45454545454545,13229,default,Normal,normal,17.0,11.0,42.0,F,42,79,0.04587688734030197,10,17,9,0.43045468848215684,3
7479,c57d567f-ea0c-3291-917b-e70237743cde,0.6251428571428571,0.2857142857142857,21.0,788,private_ip,outlier,outlier,1.0,1.0,6.0,E,6,9,0.3,3,4,2,0.43045352196219344,3
15711,0ea6aed1-4901-3706-8fab-7545301f2209,0.983,1.0,4.0,236,private_ip,outlier,outlier,1.0,1.0,4.0,E,4,3,0.25,1,1,0,0.43044264390399334,3
284,4723656f-98a9-37ad-ba19-92f2a30cd81e,0.90275,1.0,4.0,217,private_ip,outlier,outlier,1.0,1.0,4.0,E,4,3,0.25,1,1,0,0.43044264390399334,3
23344,442092e9-219d-3bee-8ed3-a1cc86ffbec6,1.8248777777777776,0.4666666666666667,45.0,4928,private_ip,outlier,outlier,2.0,1.0,21.0,F,21,38,0.09047619047619047,3,3,1,0.43041077393063115,3
27303,43ca69fa-44ca-3159-a7f1-782401d9f400,5.282333333333333,0.8333333333333334,6.0,1902,private_ip,outlier,outlier,1.0,1.0,5.0,F,5,5,0.25,2,2,1,0.4303854322335995,3
1445,7e099ee5-7117-35c8-a8b3-a766f43538b6,1.4172352941176471,0.6176470588235294,34.0,2892,private_ip,outlier,outlier,1.0,1.0,21.0,E,21,28,0.06666666666666667,6,4,3,0.43034448282344184,3
33582,35df2882-84d2-37b6-b509-6c01b9a6aa2c,0.2282961538461538,0.0294871794871794,260.0,10685,default,Normal,normal,31.0,3.0,23.0,F,23,141,0.27865612648221344,12,10,2,0.4303136037803729,2
23897,26f0d613-52c5-3dfe-9125-ce2f8740738c,32.55132098765432,0.0123456790123456,81.0,316399,default,Normal,normal,2.0,2.0,2.0,F,2,3,1.5,2,2,2,0.43029582271481454,2
15618,38b0df2b-a84c-34c4-9bef-b22064bf9bb5,0.5055693277310924,0.1260504201680672,476.0,14440,default,outlier,outlier,1.0,1.0,60.0,E,60,171,0.048305084745762714,12,10,10,0.4302940521418784,3
29656,e259e5a8-15c4-32d6-b0dc-b94088c57d0a,0.0083125,0.1006944444444444,5.538461538461538,144,default,Normal,normal,65.0,52.0,29.0,F,29,50,0.06157635467980296,8,10,8,0.43029364847230145,2
27175,b6cb58b4-4df3-39e5-aa19-d8c5edbad88b,0.0075975103734439,0.1618257261410788,7.53125,110,default,Normal,normal,51.0,32.0,39.0,F,39,58,0.03913630229419703,4,14,5,0.43020263815452725,2
17972,44ffb04e-b5ef-31b3-bc0c-44fa34dacf3a,0.262125,0.4375,16.0,252,private_ip,outlier,outlier,3.0,1.0,7.0,F,7,11,0.2619047619047619,3,2,3,0.4301615936844936,3
6269,bc6d1a7f-2da5-3972-b94c-c7a8f059c3ad,0.882,1.0,5.0,265,private_ip,outlier,outlier,1.0,1.0,5.0,E,4,3,0.25,1,1,0,0.43000543890068177,3
8427,38990442-9e44-34f7-92fb-9dac62c7a36f,0.81325,1.0,4.0,196,private_ip,outlier,outlier,1.0,1.0,4.0,E,4,3,0.25,1,1,0,0.42999538943767796,3
12445,adea7862-3cb2-325c-bdd1-4c02843ad9ff,0.79925,1.0,4.0,192,private_ip,outlier,outlier,1.0,1.0,4.0,E,4,3,0.25,1,1,0,0.42999538943767796,3
32158,addba5be-6190-3ba4-b2a1-9c62436f19b3,0.3367960954446855,0.0509761388286334,115.25,18632,default,Normal,normal,12.0,8.0,47.0,F,47,82,0.037927844588344126,8,15,11,0.4298393319238667,4
31829,c604b56c-4d2e-3dbb-9861-5abb8411af48,2.185792349726776e-05,0.0273224043715847,2.152941176470588,1,default,Normal,normal,87.0,85.0,5.0,F,5,6,0.3,2,2,2,0.42979485783361004,2
27342,c6e7eddf-6817-37ba-a209-1398424f1b41,340.7025625,0.25,8.0,163538,default,outlier,outlier,1.0,1.0,2.0,F,2,3,1.5,2,2,2,0.42974481450060087,2
9928,1c82c82b-5ee8-3861-a5d7-20e880aa885b,63.493719008264456,0.0082644628099173,121.0,460965,default,outlier,outlier,1.0,1.0,1.0,E,1,1,0.0,1,1,1,0.42963931262220056,2
2137,9e982561-2585-33f5-af63-6bcb17c5c3a0,0.968872029250457,0.1023765996343692,547.0,31799,default,outlier,outlier,1.0,1.0,56.0,E,55,145,0.04882154882154882,10,11,11,0.42960498222608423,3
26346,28db5630-ad8a-38f1-9c48-f11ccb4f1deb,2.302407170294494,0.029449423815621,781.0,107891,default,outlier,outlier,6.0,1.0,23.0,F,23,80,0.15810276679841898,7,10,6,0.42958144325566805,3
2349,2a145953-126a-3e4d-8eaf-75ecd2d2be21,5.286777777777777,0.3492063492063492,63.0,19985,private_ip,outlier,outlier,1.0,1.0,22.0,E,22,36,0.07792207792207792,4,3,3,0.42957778252298784,3
24522,9d176478-a9a4-3e93-9ebd-3b925d466f0a,0.0066135552913198,0.0178359096313912,16.173076923076923,334,default,Normal,normal,59.0,52.0,15.0,F,15,37,0.1761904761904762,4,10,8,0.42956828634490046,2
26469,8eee9fa4-84bb-394d-b6ec-0ade94e9b808,0.1200677710843373,0.0376506024096385,332.0,4784,default,Normal,normal,32.0,2.0,25.0,F,25,128,0.21333333333333335,10,11,1,0.4295379570384561,2
7819,6fa8ae6c-fb5d-389d-bd6e-4f24b5f0715b,2.853087044534413,0.1214574898785425,494.0,84566,default,outlier,outlier,1.0,1.0,60.0,E,60,134,0.03785310734463277,13,9,7,0.4295169766538835,3
21490,1e679536-99bc-398e-abc8-be06dd73c831,0.9065,0.8333333333333334,6.0,327,private_ip,outlier,outlier,1.0,1.0,5.0,F,5,4,0.2,1,2,0,0.4293340994715712,3
25197,16999207-c15d-3165-9788-02e2bf003352,595.96,0.5,4.0,143031,default,outlier,outlier,1.0,1.0,2.0,F,2,2,1.0,1,2,1,0.4292897404504643,2
22569,95200a31-86a0-3945-9d9d-407d738d3ade,1.152090909090909,0.5454545454545454,11.0,761,private_ip,outlier,outlier,1.0,1.0,6.0,F,6,7,0.23333333333333334,2,2,2,0.42928303555374736,3
25050,12465f9b-54d5-3c65-9f2b-ed90297a4123,1.4932,0.8,5.0,448,private_ip,outlier,outlier,1.0,1.0,4.0,F,4,4,0.3333333333333333,2,2,1,0.4292373704540188,3
15737,7c816e3e-5bde-3707-b932-5d96965eb5c3,1.1420720838794234,0.073394495412844,763.0,52285,default,outlier,outlier,2.0,1.0,56.0,E,56,112,0.03636363636363636,8,7,8,0.4292309539592897,3
2769,fbb25d05-500e-3cfd-8fcf-186f896a05e7,0.0001504,0.0496,625.0,6,default,outlier,outlier,14.0,1.0,31.0,E,31,93,0.1,11,12,14,0.4291933556180725,3
19944,500ba816-248e-39dd-925b-734ee2e79393,332.1086666666667,1.0,3.0,59780,datacenter,outlier,outlier,1.0,1.0,3.0,F,3,2,0.3333333333333333,1,1,0,0.42919205729047927,2
31647,8cc486e8-137a-321e-88f9-f8b2d5a5901f,98.39551851851851,0.037037037037037,108.0,637603,default,outlier,outlier,1.0,1.0,4.0,F,4,7,0.5833333333333334,2,3,2,0.4291644049059824,2
19375,6b91d459-0ebb-3624-8164-28f0d468c308,0.4762,0.8,5.0,143,private_ip,outlier,outlier,1.0,1.0,4.0,F,4,3,0.25,1,2,0,0.4291424223037069,3
14977,f332da0c-5c62-3f45-9819-461532966351,10.401,0.625,8.0,4993,private_ip,outlier,outlier,1.0,1.0,5.0,E,5,6,0.3,2,2,2,0.4290814283744322,3
32031,1ea4f8d9-fff2-37d1-b865-3b737d9a38a6,580.31625,0.125,8.0,278552,default,outlier,outlier,1.0,1.0,1.0,F,1,1,0.0,1,1,1,0.42905110711982286,2
11975,91126cf0-ac24-3096-8cd7-d2481152cfd9,4.632,0.5714285714285714,7.0,1946,private_ip,outlier,outlier,1.0,1.0,4.0,E,4,4,0.3333333333333333,1,4,1,0.42904605559713366,3
12090,f6e895af-3053-306a-97b0-408b65e5d83e,2.024633333333333,0.3333333333333333,60.0,7289,private_ip,outlier,outlier,1.0,1.0,20.0,E,20,41,0.10789473684210527,7,5,2,0.42899806538989116,3
31927,f6e5b5d7-5a5f-33a2-820c-c93c57ddddff,502.6772352941176,0.4117647058823529,17.0,512731,default,outlier,outlier,1.0,1.0,7.0,F,7,10,0.23809523809523808,3,3,2,0.4288621336082674,2
23540,2ec9bdf5-9a0b-37b6-9c9c-3de66f907968,0.002847472150814,0.0154241645244215,18.82258064516129,200,default,Normal,normal,66.0,62.0,18.0,F,18,28,0.0915032679738562,4,10,5,0.4287694722242672,2
4985,a2ff0cf3-361f-3b0f-8314-8b31c5e06c4e,22.24879754601227,0.3558282208588957,163.0,217594,default,outlier,outlier,1.0,1.0,58.0,E,58,103,0.031155474894131882,10,8,5,0.42874016834918066,3
28991,9b1b3506-9d19-39d1-9fe9-22fa12be9f53,737.475,0.25,4.0,176994,default,outlier,outlier,1.0,1.0,1.0,F,1,1,0.0,1,1,1,0.42860724783834414,2
34349,2631d065-d6b1-3ae2-8e3d-57b94ae4bda9,0.02956,0.0116666666666666,40.0,3193,default,Normal,normal,47.0,45.0,21.0,F,21,44,0.10476190476190476,7,13,6,0.42858397172896956,2
11758,1e51dfc8-4354-301a-b827-dc732e3bd0e8,0.79,0.4489795918367347,49.0,2323,private_ip,outlier,outlier,1.0,1.0,22.0,E,22,35,0.07575757575757576,4,4,1,0.4285037417478775,3
34304,98b093aa-2c6c-3304-a3ba-a656736ebb3b,488.487375,0.5,2.0,117237,default,Normal,normal,2.0,2.0,2.0,F,2,2,1.0,1,2,1,0.4284966353854518,2
30339,439bc2f6-cf82-3679-a945-6fbc95405a41,0.4204,0.8,5.0,127,private_ip,outlier,outlier,1.0,1.0,4.0,F,4,4,0.3333333333333333,1,2,1,0.42843703597125393,3
5085,9b7c5f1d-b1cb-3997-b264-c64bd464ed74,1.05225,0.4,10.0,632,private_ip,outlier,outlier,2.0,1.0,4.0,E,4,4,0.3333333333333333,2,3,1,0.4284306187430179,3
22991,476bdc96-244e-3cc0-9e28-505d6423a3d3,20.10621,0.01,200.0,241275,default,outlier,outlier,1.0,1.0,2.0,F,2,3,1.5,2,2,2,0.42824125402751995,2
28810,3d1a42c9-3041-3c73-8b9f-9dfa7287cf85,2.1646,0.8,5.0,650,private_ip,outlier,outlier,1.0,1.0,4.0,F,4,4,0.3333333333333333,2,2,1,0.4282115226907808,3
8954,dd0fcf38-bf06-3bcd-a7e2-42dadb50cb1f,1.5570625,0.3392857142857143,56.0,5232,private_ip,outlier,outlier,2.0,1.0,19.0,E,17,23,0.08455882352941177,6,5,3,0.4281908640286805,3
25642,406e3636-e3f5-3453-a50c-05353eb1cc2d,0.986033834586466,0.0902255639097744,99.75,23606,default,Normal,normal,2.0,4.0,36.0,F,36,93,0.07380952380952381,12,20,10,0.428173545190611,3
12712,a186b897-51a9-3fc6-b20f-a2414b1754f1,1.7903059701492536,0.053731343283582,670.0,71971,default,outlier,outlier,2.0,1.0,36.0,E,36,107,0.08492063492063492,12,14,7,0.4281518872932515,3
12429,72af9006-6b63-3326-9f6e-6f0fb56e665f,0.7789845360824743,0.3402061855670103,194.0,9068,default,outlier,outlier,3.0,1.0,66.0,E,66,109,0.025407925407925407,15,10,6,0.42814519747089735,3
31086,f39644f7-f8aa-308b-8ccc-462c1ef9febf,0.0005037593984962,0.0225563909774436,2.078125,5,default,Normal,normal,65.0,64.0,3.0,F,3,2,0.3333333333333333,1,1,1,0.42800968117444826,2
380,6b84efb9-12c6-326a-9af3-d1907c563812,1.3431641025641026,0.1564102564102564,390.0,31431,default,outlier,outlier,1.0,1.0,61.0,E,61,136,0.03715846994535519,15,12,8,0.42788141274682673,4
30268,735384f7-d8e5-387e-a70f-b316cb30c392,1.7605633802816902e-05,0.0176056338028169,4.115942028985507,1,default,Normal,normal,71.0,69.0,5.0,F,5,7,0.35,2,3,1,0.4278535360090914,2
26783,2ebe9f3c-3e88-3518-b3b2-3ef587d40280,427.1280625,0.25,4.0,205022,default,Normal,normal,2.0,2.0,2.0,F,2,2,1.0,1,2,1,0.4278110646591494,2
6611,b9fe41d9-7388-399b-b90a-43076d6913b0,1.9293984962406017,0.1453634085213032,399.0,46190,default,outlier,outlier,1.0,1.0,58.0,E,58,141,0.0426497277676951,16,11,5,0.4277800352739266,3
31766,09e824a0-1729-3976-90f4-c5e966d82a40,5.898888888888889,0.8888888888888888,9.0,3186,private_ip,outlier,outlier,1.0,1.0,8.0,F,8,8,0.14285714285714285,2,2,1,0.42774057431004775,3
28383,e05f33b9-c784-37f6-bd58-3f4044f9eff2,0.0024799090219863,0.0166793025018953,24.425925925925927,197,default,Normal,normal,63.0,54.0,22.0,F,22,50,0.10822510822510822,6,10,7,0.4275907581129005,2
31436,dd8b64aa-141d-3fbd-838b-f81154ca1a0a,617.8107777777777,0.3333333333333333,9.0,333618,default,outlier,outlier,1.0,1.0,3.0,F,3,3,0.5,2,2,1,0.4275875410292137,2
1876,a26b63c5-0553-3e70-9699-040c7fb1ee00,5.023651785714286,0.2142857142857142,56.0,16880,private_ip,outlier,outlier,2.0,1.0,12.0,E,12,21,0.1590909090909091,5,4,2,0.4274639016135644,3
26701,2f834982-c6e7-3ed6-bca1-7ebd605e405a,502.429,0.4,5.0,150729,default,outlier,outlier,1.0,1.0,2.0,F,2,2,1.0,1,2,1,0.42733498687610094,2
15802,3909557c-3e4d-3a24-ba0b-98eeae02fed5,25.247060606060607,0.3636363636363636,33.0,49990,private_ip,outlier,outlier,1.0,1.0,12.0,E,12,19,0.14393939393939395,5,4,2,0.4273022924297783,3
3164,18cd1b67-a31b-3be2-85ed-7f2f954ac8a9,1.299,0.5,12.0,936,private_ip,outlier,outlier,1.0,1.0,6.0,E,6,9,0.3,3,3,1,0.42723328688960016,3
27937,a9628e05-d719-376f-9d1b-ffa5ccab34f8,0.7643333333333334,0.8333333333333334,6.0,276,private_ip,outlier,outlier,1.0,1.0,5.0,F,5,4,0.2,1,2,0,0.4272178043682833,3
20151,dd38551e-d242-3242-aa03-732e2651d1fe,817.7991428571429,0.7142857142857143,7.0,343476,default,outlier,outlier,1.0,1.0,5.0,F,5,6,0.3,2,2,1,0.4272176519092365,2
33383,a1fd1184-4a7f-3acd-be24-daba5f7fc45c,0.9775,0.8333333333333334,6.0,352,private_ip,outlier,outlier,1.0,1.0,5.0,F,5,5,0.25,2,2,1,0.42719231540805236,3
27178,bd884acb-9fd5-3017-9d4a-5c3bc400026d,0.3449541176470588,0.0870588235294117,9.659090909090908,8797,default,Normal,normal,52.0,44.0,37.0,F,37,60,0.04504504504504504,6,11,8,0.4270933457218022,3
28794,0fdd8a19-1802-3c16-8375-60d16599ab4a,21.22522,0.01,200.0,254703,default,outlier,outlier,1.0,1.0,2.0,F,2,3,1.5,2,2,2,0.42690217742210085,2
19948,64d2d0ed-252c-325e-a0cd-37a2388f0c84,1.496714285714286,0.8571428571428571,7.0,629,private_ip,outlier,outlier,1.0,1.0,6.0,F,6,6,0.2,2,2,1,0.42676896762850997,3
33472,b7c5c534-d09b-3939-b7ec-db16b8cdf039,0.7617999999999999,0.8,5.0,229,private_ip,outlier,outlier,1.0,1.0,4.0,F,4,4,0.3333333333333333,2,2,1,0.4267570546057271,3
23604,ddb94817-1a4e-3e66-a313-1c8b77cda9cb,1.1263333333333332,0.8333333333333334,6.0,406,private_ip,outlier,outlier,1.0,1.0,5.0,F,5,5,0.25,2,2,1,0.4266536500594068,3
26892,3db84548-bcfe-37c2-ae41-d629bfef9e4d,1.147,0.8333333333333334,6.0,413,private_ip,outlier,outlier,1.0,1.0,5.0,F,5,5,0.25,2,2,1,0.4266536500594068,3
24694,b457439b-68eb-3ddb-b21d-8f2d8a6174a3,3.090556056056056,0.025025025025025,499.5,185248,default,Normal,normal,9.0,2.0,25.0,F,25,99,0.165,9,8,6,0.42665141256378736,2
29303,9fb5eca8-7abb-3435-b82a-17eea5ddce0f,0.5125,0.8333333333333334,6.0,185,private_ip,outlier,outlier,1.0,1.0,5.0,F,5,4,0.2,1,2,0,0.4266129603573215,3
21234,e1dbf48b-2b51-350a-8e1a-43e9cc98627e,0.3365119196988708,0.0564617314930991,61.30769230769231,16092,default,Normal,normal,20.0,13.0,45.0,F,45,81,0.04090909090909091,9,17,7,0.4265612724262242,2
20421,47873912-eb88-34c7-8b05-6fd6d3035588,0.4772040816326531,0.2653061224489796,49.0,1403,private_ip,outlier,outlier,7.0,1.0,13.0,F,13,21,0.1346153846153846,3,6,2,0.4265459478194614,3
27291,1ea765da-f358-36a3-872c-7fef13efdd3a,0.0002490566037735,0.0188679245283018,4.274193548387097,4,default,Normal,normal,64.0,62.0,5.0,F,5,8,0.4,3,4,2,0.4264710853342088,2
26253,0c580099-80c3-3cbe-b46a-76e41df4fc4b,0.0264,0.8,5.0,8,private_ip,outlier,outlier,1.0,1.0,4.0,F,4,3,0.25,1,2,0,0.4264638001055959,3
32542,8f00c750-4d65-3e3e-b944-b8aa274a30f6,3.17275,0.875,8.0,1523,private_ip,outlier,outlier,1.0,1.0,7.0,F,7,7,0.16666666666666666,2,2,1,0.42641778655296075,3
5232,0fb912ab-6367-30dc-b385-1c81b305fb34,2.642672199170124,0.2780082987551867,241.0,38214,default,outlier,outlier,2.0,1.0,67.0,E,67,127,0.02872003618272275,12,10,9,0.4263521245773938,4
33790,ee38083b-3185-3312-854d-c092498137ca,0.3994,0.8,5.0,120,private_ip,outlier,outlier,1.0,1.0,4.0,F,4,4,0.3333333333333333,2,2,1,0.4263110467381829,3
31570,a0754474-3443-3e8c-a597-548f383d9c22,0.4458,0.8,5.0,134,private_ip,outlier,outlier,1.0,1.0,4.0,F,4,4,0.3333333333333333,2,2,1,0.4263110467381829,3
18257,d29a5572-4fba-35ca-b922-2c7049159557,0.551,0.8,5.0,166,private_ip,outlier,outlier,1.0,1.0,4.0,F,4,4,0.3333333333333333,2,2,1,0.4263110467381829,3
6072,b8f100d5-79a8-39d9-8e6b-43e8ba056238,0.2636071428571428,0.6428571428571429,28.0,443,private_ip,outlier,outlier,1.0,1.0,18.0,E,18,23,0.07516339869281045,4,5,3,0.42627647058710755,3
3696,61531689-e7e3-3775-9249-6a82af72d718,0.7005,1.0,4.0,169,private_ip,outlier,outlier,1.0,1.0,4.0,E,4,3,0.25,1,1,0,0.4262759671327148,3
34351,2bbd3b95-755b-3358-8662-02a99864ddd0,0.6368966597077245,0.0480167014613778,87.0909090909091,36609,default,Normal,normal,15.0,11.0,46.0,F,46,76,0.03671497584541063,9,15,6,0.42623000807691813,2
24057,2a7ca0db-7ae2-3bc0-b307-3d810a4c0d42,471.5161176470588,0.3529411764705882,17.0,480947,default,outlier,outlier,1.0,1.0,6.0,F,6,8,0.26666666666666666,2,3,2,0.4261762168064211,2
17440,19020ea6-e2b3-3d2d-9a27-591474533071,4.807166666666667,0.6666666666666666,6.0,1731,private_ip,outlier,outlier,1.0,1.0,4.0,E,4,5,0.4166666666666667,2,2,1,0.4261282845589464,3
25020,b91b85e2-4af4-3002-a98b-c378e70d815f,1.951142857142857,0.7142857142857143,7.0,820,private_ip,outlier,outlier,1.0,1.0,5.0,F,5,6,0.3,2,2,2,0.42605692096233927,3
12126,431c53cc-2e01-36e6-b52b-75a4436b11b9,6.421586805555556,0.21875,288.0,110966,default,outlier,outlier,1.0,1.0,63.0,E,63,138,0.03533026113671275,9,10,9,0.4260455933754652,3
22370,0a4fddb9-eda9-3fff-bdab-c49dfc0cf8c7,19.06437,0.01,200.0,228773,default,outlier,outlier,1.0,1.0,2.0,F,2,3,1.5,2,2,2,0.42602652344428427,2
32350,14e829b9-0922-3d21-9d62-4050dd45f923,1024.5396666666666,1.0,3.0,184418,default,outlier,outlier,1.0,1.0,3.0,F,3,2,0.3333333333333333,1,1,0,0.4259728463317982,2
4243,072b6a16-f19d-34c0-9fa6-547089a6d6f3,1.2165096660808437,0.1142355008787346,569.0,41532,default,outlier,outlier,1.0,1.0,65.0,E,65,128,0.03076923076923077,7,10,10,0.4259351329824159,3
13212,6ac05948-284c-33e3-8d84-9f68d4175e8c,110.74284615384616,0.0489510489510489,143.0,950174,default,BingPreview/1.0b;bingbot/2.0;unknown,bot,1.0,1.0,7.0,E,7,10,0.23809523809523808,4,6,2,0.4258999094374635,2
5225,089fff18-f932-3fbb-b0eb-14cecfd9e164,1.4025870646766168,0.1517412935323383,402.0,33831,default,outlier,outlier,1.0,1.0,61.0,E,61,118,0.03224043715846994,13,15,5,0.42589807337371416,3
9703,5557d274-78e2-3e7c-8378-b54b9c1294df,0.3401417197452229,0.0684713375796178,628.0,12817,default,outlier,outlier,2.0,1.0,43.0,E,43,97,0.05370985603543743,9,18,7,0.42586051780935685,3
34332,e99eb534-71e5-3bca-87a3-f91e5aa9ab69,0.3400280112044818,0.0658263305322128,47.6,14567,default,Normal,normal,18.0,15.0,47.0,F,47,80,0.03700277520814061,7,15,7,0.42585992994728306,2
11176,d2df9253-278f-31de-af0a-cc920b84802c,2.9973333333333336,0.8333333333333334,18.0,3238,private_ip,outlier,outlier,1.0,1.0,15.0,E,15,17,0.08095238095238096,4,4,1,0.42579691861586033,3
31679,0805c6ff-43c7-3d79-b63f-b4940598ea53,1.068046357615894,0.1258278145695364,100.66666666666669,19353,default,Normal,normal,2.0,3.0,38.0,F,38,93,0.06614509246088193,13,20,7,0.425718512038147,3
834,a927c968-ee8a-311c-ae4e-369062c377ef,7.730321766561514,0.1766561514195583,317.0,147031,default,outlier,outlier,1.0,1.0,56.0,E,56,128,0.04155844155844156,16,9,9,0.425698130692313,4
23910,4927ee4c-f4e0-32e7-a625-15e6888a5e0a,1.3722857142857143,0.5,14.0,1153,private_ip,outlier,outlier,3.0,1.0,7.0,F,7,7,0.16666666666666666,2,2,2,0.42567042830797247,3
17942,f5af71e1-2e49-3529-9e5b-751aeb88a151,0.0019898989898989,0.0151515151515151,8.608695652173912,71,default,Normal,normal,73.0,69.0,9.0,F,9,12,0.16666666666666666,2,5,2,0.4256069589522472,2
27891,3076865d-297c-366f-a900-924b57258764,3.062625,0.875,8.0,1471,private_ip,outlier,outlier,1.0,1.0,7.0,F,7,7,0.16666666666666666,2,2,1,0.4255261511402503,3
23185,acfe7634-8d61-3bd1-8222-1e8da77bcd16,4.721375,0.875,8.0,2267,private_ip,outlier,outlier,1.0,1.0,7.0,F,7,7,0.16666666666666666,2,2,1,0.4255100403978123,3
30698,5eff347d-c8cd-3e06-8869-e3fc4d8a05a9,0.0616454545454545,0.2727272727272727,11.785714285714286,611,default,Normal,normal,20.0,14.0,45.0,F,45,68,0.03434343434343434,7,11,10,0.42548107710246297,2
28553,11055ffa-474c-31e7-ac51-e6e7fd1b98d3,667.49875,0.75,4.0,160200,default,outlier,outlier,1.0,1.0,3.0,F,3,3,0.5,1,1,0,0.4254566134750244,2
20523,7e12fac2-09c6-3325-b4b2-b74be8e3bc3b,665.377,0.75,4.0,159691,default,outlier,outlier,1.0,1.0,3.0,F,3,3,0.5,1,1,0,0.4254566134750244,2
28896,5904b03e-42c7-3934-a8ec-a6c034d62667,0.2147379862700228,0.0331807780320366,109.25,11261,default,Normal,normal,40.0,8.0,29.0,F,29,151,0.18596059113300492,11,10,2,0.42542653628430555,2
9251,8aa5f78a-bb0a-361e-a9cf-75df1c3c77a0,9.229777777777777,0.5555555555555556,9.0,4985,private_ip,outlier,outlier,1.0,1.0,5.0,E,5,6,0.3,3,2,1,0.4253999099703724,3
21170,28006d53-bdb3-3c7d-93d8-b7ee113f35e7,0.0549041204437401,0.0309033280507131,54.869565217391305,4158,default,Normal,normal,27.0,23.0,39.0,F,39,75,0.05060728744939271,10,10,11,0.4253914861493663,2
30602,77906554-699d-358d-8384-1520e735edd6,0.0265569547796222,0.0137378362907842,47.21621621621622,2784,default,Normal,normal,37.0,37.0,24.0,F,24,45,0.08152173913043478,10,12,4,0.42538580265649817,1
13776,6b909f9d-32e5-3f7e-b5d7-46bd8a2b84d0,0.6485,1.0,4.0,156,private_ip,outlier,outlier,1.0,1.0,4.0,E,4,3,0.25,1,1,0,0.42538442764063034,3
10470,3772bb0d-7ec3-3f1d-a691-52f76dc0b377,0.5875,1.0,4.0,141,private_ip,outlier,outlier,1.0,1.0,4.0,E,4,3,0.25,1,1,0,0.42538442764063034,3
32868,7f42f561-1f0d-3a13-b43e-aeb655fdba79,0.0001428571428571,0.0204081632653061,2.0,1,default,Normal,normal,49.0,49.0,2.0,F,2,1,0.5,1,1,0,0.4253125814769892,3
25622,248b2844-5033-34ef-a8ab-4df4b508e014,0.9233131487889272,0.1453287197231834,96.33333333333331,16011,default,Normal,normal,4.0,3.0,42.0,F,42,95,0.05516840882694541,12,22,4,0.42528336413075735,3
29087,c4d4e9c4-163b-3421-899b-b9288d648399,0.2724147157190635,0.0568561872909698,19.29032258064516,9775,default,Normal,normal,40.0,31.0,34.0,F,34,61,0.054367201426024955,7,15,10,0.42522448827187787,2
9225,13c57490-fb5d-3147-a742-7a0a12afb949,3.270245614035088,0.1303258145363408,399.0,78290,default,outlier,outlier,1.0,1.0,52.0,E,52,138,0.05203619909502263,11,8,13,0.4252201975476514,3
9275,dafcbee5-eab3-3e6c-8257-f116c6f1dcbd,1.2751488673139155,0.2071197411003236,309.0,23642,default,outlier,outlier,2.0,1.0,64.0,E,64,146,0.036210317460317464,14,7,9,0.4252141496912564,3
7470,adf6a452-e3d0-34b4-a39f-f39f6c8093e5,2.5328000000000004,0.8,5.0,760,private_ip,outlier,outlier,1.0,1.0,4.0,E,4,4,0.3333333333333333,2,1,1,0.4251823895616848,3
17337,001d44bf-40fe-3e2c-b9fd-ac9848bd4a80,3.3158000000000003,0.2769230769230769,65.0,12932,private_ip,outlier,outlier,1.0,1.0,18.0,E,18,34,0.1111111111111111,6,5,3,0.42517959174645287,3
25169,b02c19ee-4286-34bf-87d1-d777e3ac59b7,2.8283048780487805,0.3414634146341463,41.0,6958,private_ip,outlier,outlier,6.0,1.0,14.0,F,14,22,0.12087912087912088,4,4,1,0.42509048808857847,3
1888,be370345-bf1d-3e99-96da-6360a9da8f11,0.30775,0.625,32.0,591,private_ip,outlier,outlier,1.0,1.0,20.0,E,20,25,0.06578947368421052,5,5,1,0.42500502918139293,3
25452,40189122-d77a-3299-a7bb-8ed7835767fd,17.95191,0.01,200.0,215423,default,outlier,outlier,1.0,1.0,2.0,F,2,3,1.5,2,2,2,0.4249894619649814,2
25762,9b75d209-9943-3233-8d7b-f48d40a70e91,0.0017388535031847,0.0254777070063694,12.661290322580646,82,default,Normal,normal,66.0,62.0,20.0,F,20,30,0.07894736842105263,4,9,6,0.42493628240469183,2
25218,5b4f6fa8-013a-345b-983b-d0dadca527c0,542.36375,0.5,4.0,130168,default,outlier,outlier,1.0,1.0,2.0,F,2,2,1.0,2,1,1,0.42482591186883734,2
19901,eacbc224-8776-390d-b540-82817c3c0099,0.0911576086956521,0.0314009661835748,165.6,4529,default,Normal,normal,42.0,5.0,26.0,F,26,140,0.2153846153846154,12,10,3,0.4247777552934131,2
4448,8c61b3e0-1525-38df-8491-c8507b2e4bc9,0.4233269598470363,0.1166347992351816,523.0,13284,default,outlier,outlier,1.0,1.0,61.0,E,61,136,0.03715846994535519,10,13,6,0.4246907153855496,3
1978,c8144188-74cc-3001-a3ac-9b4073fe9fa7,4.741298969072165,0.1546391752577319,97.0,27595,private_ip,outlier,outlier,1.0,1.0,15.0,E,15,27,0.12857142857142856,5,4,2,0.4246014541424866,3
2311,c99212f8-0db6-3ef2-94e9-926b71a51022,0.1668121212121212,0.0343434343434343,990.0,9909,default,outlier,outlier,1.0,1.0,34.0,E,23,81,0.1600790513833992,9,12,6,0.4245977480759712,3
17360,435a614a-489f-3db0-a5c7-01fd5e469116,1.8455833333333331,0.25,36.0,3987,private_ip,outlier,outlier,1.0,1.0,9.0,E,9,15,0.20833333333333334,5,5,2,0.42454296346922005,3
22237,5f807c2f-7c1f-301a-a2a8-5f84a908f0dc,386.5187272727273,0.1818181818181818,22.0,510205,default,outlier,outlier,1.0,1.0,4.0,F,4,5,0.4166666666666667,2,2,1,0.42452048957647287,2
17694,fa60535f-373e-3c8a-a31a-d49059155e9b,4.694835680751174e-05,0.0868544600938967,426.0,2,default,outlier,outlier,9.0,1.0,37.0,E,37,107,0.08033033033033032,9,13,15,0.42445392558855244,4
30681,35e281ca-d046-371b-8462-a4e880f76c8e,0.3092506787330317,0.0380090497737556,65.0,20504,default,Normal,normal,22.0,17.0,42.0,F,42,74,0.0429732868757259,9,17,7,0.42442353203556965,3
28387,efab75d3-b928-3ac3-8a05-b7d1d2e9b681,0.0003821138211382,0.024390243902439,2.0847457627118646,3,default,Normal,normal,61.0,59.0,3.0,F,3,2,0.3333333333333333,1,1,0,0.42440173798532077,2
26478,ac0d6cf7-63a2-3829-8da3-ae9e42ac6738,0.1802704507512521,0.0550918196994991,18.151515151515152,6479,default,Normal,normal,41.0,33.0,33.0,F,33,60,0.056818181818181816,6,15,9,0.42439907979689284,2
21938,b668f97b-ef69-3bf3-bc3f-81297e94b3a6,165.1405,0.0576923076923076,104.0,1030477,default,outlier,outlier,1.0,1.0,6.0,F,6,10,0.3333333333333333,2,5,2,0.4242539544903824,2
7939,c31b4b11-c819-3b02-87b6-7cc8be954fe8,1.9966129032258064,0.2419354838709677,62.0,7428,private_ip,outlier,outlier,1.0,1.0,15.0,E,15,30,0.14285714285714285,6,5,4,0.42422350878018256,3
32426,0009c1eb-8f0f-3de8-a43c-6a1b5c8b78e1,0.2157803867403314,0.0414364640883977,120.66666666666669,9374,default,Normal,normal,32.0,6.0,30.0,F,30,157,0.18045977011494252,11,11,5,0.4241984316414677,2
11364,d45e33b9-cdc0-3b37-9965-a5a010ca535e,13.143863636363635,0.5454545454545454,11.0,8675,private_ip,outlier,outlier,2.0,1.0,6.0,E,6,6,0.2,2,2,1,0.42417641287618696,3
4318,e5febed6-a64a-3506-8b0d-7b7cdd8bb948,0.0315,1.0,4.0,8,private_ip,outlier,outlier,1.0,1.0,4.0,E,4,3,0.25,1,1,0,0.4241405763593467,3
23760,9fe5c68a-aa5d-36eb-804c-f549202b7559,0.5136666666666666,0.8333333333333334,6.0,185,private_ip,outlier,outlier,1.0,1.0,5.0,F,5,5,0.25,2,2,1,0.42409638993519233,3
12650,df73e4db-531e-3780-b300-4794abc15464,18.047473684210527,0.2894736842105263,38.0,41149,private_ip,outlier,outlier,1.0,1.0,11.0,E,11,16,0.14545454545454545,5,4,1,0.42409288691542113,3
17514,f222395a-fc5f-36ae-99ac-1b9aea9c8d0d,1.3808571428571428,0.7142857142857143,7.0,580,private_ip,outlier,outlier,1.0,1.0,5.0,E,4,4,0.3333333333333333,2,1,1,0.4240279307880832,3
8891,0a59ec42-6063-3af0-9c08-6fb13911434c,0.626,1.0,5.0,188,private_ip,outlier,outlier,1.0,1.0,5.0,E,5,4,0.2,1,1,0,0.423819478505433,3
10751,4d381952-9d2d-366c-8361-dd7715914ca7,0.7657999999999999,1.0,5.0,230,private_ip,outlier,outlier,1.0,1.0,5.0,E,5,4,0.2,1,1,0,0.423819478505433,3
7556,930c8159-d922-30e2-8c23-13a5364c3936,15.428307228915662,0.3253012048192771,166.0,153666,default,outlier,outlier,1.0,1.0,54.0,E,53,89,0.03229317851959362,18,9,2,0.4237681623306344,3
32779,3c69426d-52cc-371e-b8b0-3b0ee91baa92,0.2966067588325652,0.0445468509984639,217.0,11586,default,Normal,normal,28.0,3.0,29.0,F,29,145,0.17857142857142858,11,11,2,0.42369833738237583,2
23632,28e1befc-0efd-38ba-9202-5a63401d8d46,3.500875,0.75,8.0,1681,private_ip,outlier,outlier,1.0,1.0,6.0,F,6,6,0.2,1,2,0,0.4236729031852363,3
11988,b8c5e336-8df4-35c0-8a02-93b418a5ce3f,0.0010097560975609,0.1048780487804878,27.33333333333333,25,default,Googlebot/2.1,bot,73.0,15.0,43.0,E,43,82,0.04540420819490587,7,9,11,0.4236059833745458,2
25504,c8688973-70a4-3a3f-a2bc-fa1d2530b4eb,400.9829375,0.25,4.0,192472,default,Normal,normal,2.0,2.0,2.0,F,2,2,1.0,2,1,1,0.42326745367290014,2
6378,0f7f0944-f5bf-3207-a0ea-2a5f9884e20f,2.638441717791411,0.1871165644171779,326.0,51608,default,outlier,outlier,1.0,1.0,61.0,E,61,141,0.038524590163934426,14,8,11,0.4232259708875148,3
24539,d98ee5eb-4678-3553-a615-4461853f0993,0.125880810488677,0.0286054827175208,279.6666666666667,6337,default,Normal,normal,37.0,3.0,24.0,F,24,137,0.24818840579710144,10,10,1,0.42317051200322464,2
9643,ca97299e-503d-3324-99fe-32f50000850d,0.4760196374622357,0.0679758308157099,662.0,18908,default,outlier,outlier,1.0,1.0,45.0,E,45,143,0.07222222222222222,14,11,6,0.4231232954456667,3
27768,e3adac64-d374-36f8-b743-ef5a3c10e49a,0.3747030716723549,0.0409556313993174,586.0,26350,default,Normal,normal,17.0,2.0,48.0,F,48,116,0.051418439716312055,8,8,8,0.4230670691748356,3
25759,9a73bca0-a616-367d-ada4-4f3f0d064c21,0.081,0.8333333333333334,6.0,30,private_ip,outlier,outlier,1.0,1.0,5.0,F,5,4,0.2,1,2,0,0.42304950796731505,3
25905,42bcee31-3853-34b7-ae3c-09a2a3eb9fa3,0.495875392670157,0.0450261780104712,73.46153846153847,28414,default,Normal,normal,17.0,13.0,43.0,F,43,77,0.04263565891472868,9,15,9,0.42299672897258883,2
27877,150ad494-112e-369a-9f6d-22bc23dffde1,0.019609375,0.125,7.384615384615385,339,default,Normal,normal,48.0,39.0,36.0,F,36,67,0.05317460317460317,8,12,8,0.42296761332762134,2
30605,7e288cc8-851b-3690-8ed1-051020a52a85,12.439,0.4666666666666667,15.0,11196,private_ip,outlier,outlier,2.0,1.0,7.0,F,7,7,0.16666666666666666,2,2,1,0.42287065565810666,3
13009,ffb8d344-d16f-33db-93e7-526d7b6b7fc7,0.3412222222222222,0.5555555555555556,9.0,185,private_ip,outlier,outlier,1.0,1.0,5.0,E,5,6,0.3,2,4,2,0.4228561893264687,3
8370,a23a5697-3ef4-3cd0-8dd2-6302c4b23ebb,0.5395503512880562,0.0433255269320843,854.0,27647,default,outlier,outlier,1.0,1.0,37.0,E,37,126,0.0945945945945946,10,12,10,0.4228542355028679,3
9362,b9f091aa-c554-3b35-886b-31c2aec74c73,2.350714285714286,0.8571428571428571,7.0,988,private_ip,outlier,outlier,1.0,1.0,6.0,E,6,5,0.16666666666666666,1,2,0,0.4227814979287207,3
22602,05724299-f52f-3d6e-bf22-b2fa4082d9aa,0.2998148148148148,0.4444444444444444,27.0,486,private_ip,outlier,outlier,5.0,1.0,12.0,F,12,15,0.11363636363636363,2,3,2,0.42277942398439206,3
31851,0db6ed04-e7fc-33bd-ad6f-d84b735f4b75,0.1735,0.8333333333333334,6.0,63,private_ip,outlier,outlier,1.0,1.0,5.0,F,5,5,0.25,2,2,1,0.4227615177334149,3
197,43e55b17-e693-360b-81e3-f96074cb752d,0.9937722772277228,0.2013201320132013,303.0,18067,default,outlier,outlier,2.0,1.0,61.0,E,61,121,0.03306010928961749,19,10,5,0.4227566490138041,3
4548,76ac6f68-97b3-3400-b43c-e7c69b63f981,0.4280639658848614,0.115138592750533,469.0,12046,default,outlier,outlier,2.0,1.0,54.0,E,54,134,0.04682040531097135,15,13,9,0.4227241401083026,3
15775,df3a7810-42ea-3242-8b7a-499a781fc0ea,39.38887704918033,0.4016393442622951,122.0,288327,default,outlier,outlier,1.0,1.0,49.0,E,49,89,0.03784013605442177,10,8,6,0.4227005015345708,2
4740,d0668745-7a5e-3302-85f9-a8cc40c8242b,0.3279644970414201,0.0907297830374753,507.0,9977,default,outlier,outlier,2.0,1.0,46.0,E,46,122,0.05893719806763285,19,11,7,0.4226372995666243,3
5902,e2e004c6-baa6-344a-be15-23bc46a22003,6.378166666666667,0.8333333333333334,6.0,2297,private_ip,outlier,outlier,1.0,1.0,5.0,E,5,4,0.2,1,2,0,0.4224572604217164,3
7880,1deff61d-f942-318f-9a9e-6ced099313c9,0.0093508771929824,0.2280701754385964,57.0,32,private_ip,outlier,outlier,3.0,1.0,13.0,E,13,20,0.1282051282051282,6,5,3,0.4224152400241799,3
16068,084f426e-03c9-30ae-a2a9-d809b2699d66,7.731666666666667,0.8333333333333334,6.0,2784,private_ip,AdsBot-Google;unknown,bot,1.0,1.0,5.0,E,5,4,0.2,1,2,0,0.4223913040323426,3
14740,7aa6ba22-5dd7-345c-a841-c1991245a508,4.194921052631579,0.5,38.0,9565,private_ip,outlier,outlier,1.0,1.0,19.0,E,19,28,0.08187134502923976,5,5,2,0.42238618585670135,3
27470,3e920e80-63e8-355d-8966-c9e9fd562dbb,0.0337553191489361,0.1453900709219858,10.846153846153848,572,default,Normal,normal,39.0,26.0,41.0,F,41,67,0.04085365853658537,8,11,8,0.4223480435843736,2
32257,e433a7a3-6417-3616-ba07-2fd4d0ce2f3a,0.0093333333333333,0.8333333333333334,6.0,4,private_ip,outlier,outlier,1.0,1.0,5.0,F,5,5,0.25,2,2,1,0.4223168613000522,3
13435,03bcca8c-b51b-36f8-ba54-e928931b24ed,0.2518388746803069,0.1381074168797953,391.0,5909,default,outlier,outlier,1.0,1.0,54.0,E,54,131,0.045772187281621246,18,13,9,0.4222975393204052,3
25505,c94fd567-c84a-3e08-9341-5d200927db01,0.003056976744186,0.0217054263565891,22.63157894736842,237,default,Normal,normal,59.0,57.0,28.0,F,28,47,0.062169312169312166,5,9,7,0.4222923370329768,2
24569,3ebc5ae1-50be-3c64-94d2-c99b1c5d49dd,5.17975,0.875,8.0,2487,private_ip,outlier,outlier,1.0,1.0,7.0,F,7,7,0.16666666666666666,2,2,1,0.42228689544946973,3
21738,03936e18-baff-3763-adc7-657897ffe42c,0.0003525179856115,0.0287769784172661,2.044117647058824,3,default,Normal,normal,69.0,68.0,4.0,F,4,3,0.25,2,1,0,0.42222665483533106,2
10311,5f906c3d-19f7-3375-bcb8-605a7a0c9241,1.6259220963172805,0.1728045325779036,353.0,34438,default,outlier,outlier,1.0,1.0,61.0,E,61,120,0.03278688524590164,16,13,6,0.422043369635534,3
22594,fb322692-cde0-3562-a2f7-8ac47ab5c434,1.67426,0.52,25.0,2512,private_ip,outlier,outlier,4.0,1.0,13.0,F,13,18,0.11538461538461539,3,3,2,0.42196472031422894,3
7955,e123985f-e74e-36d1-b4d5-d0ef048af01a,1.3651428571428572,0.5714285714285714,7.0,574,private_ip,outlier,outlier,1.0,1.0,4.0,E,4,4,0.3333333333333333,2,3,1,0.4219561932482555,3
5885,c09941dd-35dd-3b0b-83f2-dacd4f30b641,1.97572,0.72,25.0,2964,private_ip,outlier,outlier,1.0,1.0,18.0,E,18,22,0.0718954248366013,3,3,1,0.4219103821300537,3
13598,44a8ccce-a3c6-34a2-a970-87d15380bae2,2.0482881355932205,0.2754237288135593,236.0,29004,default,outlier,outlier,1.0,1.0,65.0,E,65,135,0.03245192307692308,16,8,6,0.4218777723306587,3
28085,67094024-f687-3cab-910b-c60767b772b6,456.0516,0.4,5.0,136816,default,outlier,outlier,1.0,1.0,2.0,F,2,2,1.0,2,1,1,0.42178857334116554,2
15250,9503114c-30f1-383d-b21e-d03013fc36a6,5.6748,0.8,5.0,1703,private_ip,outlier,outlier,1.0,1.0,4.0,E,4,3,0.25,1,2,0,0.42174469866352404,3
1233,1ff976e5-a260-3649-9c74-42ce5c5eebfc,0.1415,0.5,6.0,51,private_ip,outlier,outlier,1.0,1.0,3.0,E,3,2,0.3333333333333333,1,1,0,0.4216672619772345,3
13839,1861ddea-bcd8-3e91-bc90-77dfda39f425,21.414875,0.5833333333333334,24.0,30838,private_ip,outlier,outlier,1.0,1.0,14.0,E,13,17,0.10897435897435898,6,3,2,0.42157252066588036,3
18611,39ebb2f9-ed56-3cd7-b43c-dcf06466bcf2,0.1869481132075471,0.0919811320754716,13.25,4756,default,Normal,normal,39.0,32.0,39.0,F,39,67,0.04520917678812416,8,14,7,0.4214791464933768,2
10301,4a9d7397-26bf-3948-be4c-2dba065fc8f9,0.0088,0.8,5.0,3,private_ip,outlier,outlier,1.0,1.0,4.0,E,4,4,0.3333333333333333,2,1,0,0.42144604986420864,3
26375,71b865df-42dd-30a2-9f51-b1baeabe1f59,0.5183666666666666,0.3,30.0,934,private_ip,outlier,outlier,7.0,1.0,9.0,F,9,11,0.1527777777777778,2,3,1,0.421439536719819,3
10977,ae2941d0-3f36-39e4-8cfb-d8201ad6a225,14.624444444444446,0.6666666666666666,9.0,7898,private_ip,outlier,outlier,2.0,1.0,6.0,E,6,6,0.2,2,2,1,0.42139775074021313,3
20722,e71e7c01-b0ad-3170-b6fd-aff85dcead98,4.724409448818898e-05,0.0314960629921259,2.048387096774193,1,default,Normal,normal,62.0,62.0,4.0,F,4,5,0.4166666666666667,2,3,1,0.4213281572136375,2
21358,8016d02d-bacb-3dfa-8869-ad4042c0fea9,44.35412,0.02,200.0,532250,default,outlier,outlier,1.0,1.0,4.0,F,4,6,0.5,3,2,2,0.4212487471570693,2
32406,c6394afd-38fc-3b70-987f-b1b5518d239b,400.1178,0.4,2.5,120036,default,Normal,normal,2.0,2.0,2.0,F,2,2,1.0,2,1,1,0.42115221544040904,2
8212,e520e6e4-7898-337a-a656-87712cd1d945,0.3311009036144578,0.1927710843373494,332.0,6596,default,outlier,outlier,5.0,1.0,64.0,E,64,125,0.031001984126984128,13,11,7,0.4208860617998751,3
1389,d9b10104-fb37-35fc-978b-0a7c9d2f25a6,1.5563478260869563,0.7391304347826086,23.0,2148,private_ip,outlier,outlier,1.0,1.0,17.0,E,17,20,0.07352941176470588,5,4,1,0.42081641047458707,3
13608,69ef4208-a81a-3fba-aa4a-09b0f0046506,7.693265625,0.234375,64.0,29543,private_ip,outlier,outlier,1.0,1.0,15.0,E,15,26,0.12380952380952381,5,4,2,0.42081085285939634,3
3321,3f176a1f-0625-39da-9fd0-a840d43cd452,2.355777777777778,0.6666666666666666,9.0,1273,private_ip,outlier,outlier,1.0,1.0,6.0,E,6,7,0.23333333333333334,3,4,1,0.42079084768095376,3
17991,932ed00a-111b-381b-b817-07ee6bfbc24a,0.5844093023255814,0.0441860465116279,78.18181818181819,30156,default,Normal,normal,11.0,11.0,38.0,F,38,69,0.04907539118065434,9,19,9,0.4207188854618262,3
25471,726b2982-6d26-33a3-87fe-c4490fb6e608,201.39121276595745,0.0638297872340425,47.0,567924,default,outlier,outlier,1.0,1.0,3.0,F,3,4,0.6666666666666666,2,2,1,0.4205591357144221,2
17167,f353db90-7854-3cf1-990f-ec2a0f58dac3,0.1956363636363636,0.3636363636363636,11.0,130,private_ip,outlier,outlier,1.0,1.0,4.0,E,4,4,0.3333333333333333,2,3,1,0.42055198059420307,3
20343,763f8531-86d0-375b-b292-6ba8dbff3173,987.0956666666666,1.0,3.0,177678,default,outlier,outlier,1.0,1.0,3.0,F,3,2,0.3333333333333333,1,1,0,0.4205175156462029,2
5925,191a845d-920c-3d8b-b75b-730a2409873f,0.546617048346056,0.0483460559796437,786.0,25779,default,outlier,outlier,2.0,1.0,38.0,E,38,102,0.07254623044096728,13,12,9,0.4204992568356865,3
11476,0d6ced84-d06b-332c-9e77-c002f4382ca0,0.9015,0.75,4.0,217,private_ip,outlier,outlier,1.0,1.0,3.0,E,3,2,0.3333333333333333,1,1,0,0.4204673871138287,3
15989,3c088fe2-7bec-30f9-a2a0-ee2513beca00,3.225222222222222,0.5555555555555556,9.0,1742,private_ip,outlier,outlier,1.0,1.0,5.0,E,5,6,0.3,3,2,1,0.42043880602144473,3
4927,fe564d29-49ab-37aa-853b-956507aaa5f5,14.5359,0.7,10.0,8722,private_ip,outlier,outlier,1.0,1.0,7.0,E,7,8,0.19047619047619047,3,2,1,0.4204049835308188,3
28129,da800b4b-d5e5-3db2-8e14-2bd5c4cfb0fd,1.3141764705882353,0.7647058823529411,17.0,1341,private_ip,outlier,outlier,1.0,1.0,13.0,F,13,14,0.08974358974358974,2,2,2,0.4203328577996525,3
1435,559ea233-6739-3de3-b5b1-2da01e15099f,16.812545454545457,0.5454545454545454,22.0,22193,private_ip,outlier,outlier,1.0,1.0,12.0,E,12,14,0.10606060606060606,2,2,2,0.4202704839836181,3
14484,de0dc01e-85b5-3fb4-9301-ed365290cb3c,0.73064,0.64,25.0,1096,private_ip,outlier,outlier,1.0,1.0,16.0,E,16,21,0.0875,5,6,2,0.42021771281806897,3
22777,e9df0ce1-b2a8-31d3-ae9c-d76d79974dea,0.3818434099153567,0.0507859733978234,55.13333333333333,18948,default,Normal,normal,18.0,15.0,42.0,F,42,71,0.04123112659698026,9,15,9,0.42018214015685235,2
26096,5e8b528e-4ca2-39a0-aba7-0cc94d883262,0.2092062228654124,0.0680173661360347,86.375,8674,default,Normal,normal,16.0,8.0,47.0,F,47,80,0.03700277520814061,10,15,7,0.42017406717484584,2
11437,a95134fb-ebaf-3618-b8ac-9571cc806b8f,8.108108108108109e-05,0.027027027027027,74.0,1,default,outlier,outlier,74.0,1.0,2.0,E,2,2,1.0,1,1,2,0.4201472503012962,1
18544,6801b90a-8ecb-38b9-b944-202c756f5e53,0.0038434670116429,0.0219922380336351,17.177777777777777,179,default,Normal,normal,53.0,45.0,17.0,F,17,31,0.11397058823529412,4,11,9,0.42014258174001085,1
18907,b33c379d-de37-38ac-9d4b-bd92571d6b1f,79.56330201342281,0.0805369127516778,149.0,711296,default,outlier,outlier,1.0,1.0,12.0,F,12,19,0.14393939393939395,4,10,2,0.4201143710437257,2
24100,a05be873-5235-385e-828e-03b1ace9b522,956.509,1.0,3.0,172172,default,outlier,outlier,1.0,1.0,3.0,F,3,2,0.3333333333333333,1,1,0,0.4200736182150018,2
8668,c5678a64-58be-3d9a-8944-b1a7fb792a33,9.523809523809524e-05,0.0317460317460317,12.6,1,default,YandexBot/3.0,bot,63.0,5.0,2.0,E,2,2,1.0,1,1,2,0.4200725320730527,1
28278,903055b6-bdfd-38e7-a031-28859056962a,2.8215,0.6,10.0,1693,private_ip,outlier,outlier,1.0,1.0,6.0,F,6,7,0.23333333333333334,2,2,1,0.4200646144725943,3
24693,aeac8a64-92f3-3368-af60-4156b589ac65,0.7855092838196287,0.059681697612732,83.77777777777777,35537,default,Normal,normal,11.0,9.0,45.0,F,45,75,0.03787878787878788,10,15,8,0.4199588250173586,2
11807,b5f3df76-9d7e-390e-bcf8-528404103a59,2.997423076923077,0.25,52.0,9352,private_ip,outlier,outlier,1.0,1.0,13.0,E,13,22,0.14102564102564102,7,4,2,0.4199460906424545,3
33289,67a72907-10b2-3774-873d-abd80abf54f5,0.0240172642762284,0.0332005312084993,18.365853658536587,1086,default,Normal,normal,55.0,41.0,25.0,F,25,47,0.07833333333333334,6,11,9,0.4199447790083415,1
10643,15c53a02-e575-37de-9bbb-51706f35d9ec,4.894066666666666,0.3,30.0,8810,private_ip,outlier,outlier,1.0,1.0,9.0,E,9,12,0.16666666666666666,3,4,3,0.4198845137535251,3
1509,242d4254-b559-3888-b649-8178270911eb,4.192399999999999,0.8,5.0,1258,private_ip,outlier,outlier,1.0,1.0,4.0,E,4,3,0.25,1,2,0,0.4198763153708223,3
31455,2d9ed73e-d403-3821-88fc-64ea4b2a7451,0.5844285714285714,0.5714285714285714,7.0,246,private_ip,outlier,outlier,1.0,1.0,4.0,F,4,4,0.3333333333333333,2,2,1,0.41986996613239536,3
32380,6d3ba7b2-f563-353f-8251-f4add1bc2431,17.105610000000002,0.01,200.0,205268,default,outlier,outlier,1.0,1.0,2.0,F,2,3,1.5,2,2,2,0.419860563410576,2
5505,23f5faa4-3e0e-34ee-b2a2-5d3e4138ca07,0.2263255813953488,0.1993355481727574,301.0,4088,default,outlier,outlier,1.0,1.0,60.0,E,60,136,0.0384180790960452,14,13,5,0.4197698532426367,3
30476,f08959bf-9b62-3b83-82f0-4b20454247f7,52.89751704545454,0.1306818181818181,88.0,558598,default,Normal,normal,2.0,2.0,23.0,F,23,54,0.1067193675889328,7,7,7,0.4197583566082228,2
3334,68ee2aab-f82b-31bc-a7b8-1cd03eaaee72,106.43402884615384,0.0769230769230769,104.0,664149,default,BingPreview/1.0b;Mobile Safari;unknown,bot,1.0,1.0,8.0,E,8,23,0.4107142857142857,4,5,3,0.4197163707491936,2
22365,f3259d72-6872-3965-bff8-cc84fcc6b662,0.1897472766884531,0.0806100217864923,13.114285714285714,5226,default,Normal,normal,40.0,35.0,37.0,F,37,64,0.04804804804804805,9,14,7,0.4195715756239707,2
23542,375b5a32-657e-3b05-bdab-de076c187fbe,0.0559415730337078,0.0921348314606741,19.347826086956523,1494,default,Normal,normal,33.0,23.0,41.0,F,41,77,0.04695121951219512,7,12,9,0.4195707811571296,2
11664,168cc8c3-a671-3ff0-96a6-26bae4704c34,1.3805358744394618,0.3094170403587444,223.0,18472,default,outlier,outlier,2.0,1.0,69.0,E,68,124,0.027216856892010536,13,9,6,0.41955448351594843,3
15931,83c34b26-0114-389d-b403-727ec0841a62,0.0001104294478527,0.0061349693251533,163.0,2,default,outlier,outlier,157.0,1.0,1.0,E,1,1,0.0,1,1,1,0.4195473345881657,2
5633,b55205a2-7e96-3811-8014-2d71dd5f6e08,0.0001165644171779,0.0061349693251533,163.0,2,default,outlier,outlier,158.0,1.0,1.0,E,1,1,0.0,1,1,1,0.4195473345881657,2
13066,a24d02b6-2157-3894-9f94-51f150f71e91,7.667666666666667,0.6666666666666666,6.0,2761,private_ip,outlier,outlier,1.0,1.0,4.0,E,4,4,0.3333333333333333,2,1,1,0.4195314289194895,3
8080,383a69d3-2bcf-37aa-be05-27cd5ec99263,1.009801904761905,0.1028571428571428,525.0,31809,default,outlier,outlier,1.0,1.0,54.0,E,54,154,0.05380852550663871,10,11,11,0.4195288725276782,3
12507,56b57ff4-2a44-3b68-9eac-62e16e5b1f9e,1.4416777108433734,0.1686746987951807,332.0,28719,default,outlier,outlier,1.0,1.0,56.0,E,56,156,0.05064935064935065,15,12,7,0.41945446509678885,3
32657,c843325b-7a49-3984-916f-837f470ebb3a,2.1965434782608697,0.031055900621118,483.0,127312,default,Normal,normal,10.0,2.0,30.0,F,30,104,0.11954022988505747,8,10,7,0.41942873359943506,2
10515,bc973288-8641-3f74-8743-0ed902ce21bd,1.7549098712446354,0.3090128755364807,233.0,24534,default,outlier,outlier,2.0,1.0,72.0,E,72,122,0.023865414710485134,10,10,8,0.41941947447410455,3
26371,6d7ca1d1-a621-399f-a4d4-aecd8e64271a,0.1799223602484472,0.0372670807453416,214.66666666666663,6953,default,Normal,normal,27.0,3.0,24.0,F,24,133,0.24094202898550723,11,11,2,0.41936117815359997,2
6207,087853cc-0e1c-36d8-988b-276976eb2cd0,3.401086956521739,0.2826086956521739,46.0,9387,private_ip,outlier,outlier,1.0,1.0,13.0,E,13,23,0.14743589743589744,4,5,3,0.41934633632587803,3
16470,aa08bba9-3a50-3e37-8675-7b6418217989,2.2128628428927684,0.1147132169576059,401.0,53242,default,outlier,outlier,1.0,1.0,46.0,E,46,127,0.06135265700483092,14,15,7,0.41933537445457814,3
21571,ef96cd77-b493-3c1d-ad3a-b54749751cf5,24.347125,0.01,200.0,292166,default,outlier,outlier,1.0,1.0,2.0,F,2,2,1.0,2,1,1,0.4193285923329457,2
21564,d8de7ce3-4220-3c9f-8c24-9815d4326901,0.0057735042735042,0.1581196581196581,6.685714285714286,82,default,Normal,normal,43.0,35.0,37.0,F,37,57,0.04279279279279279,5,7,10,0.4193211449185314,2
27014,dcb43bd0-deca-308f-a40e-a21ce1bb082e,24.219495,0.015,200.0,290634,default,outlier,outlier,1.0,1.0,3.0,F,3,6,1.0,3,3,3,0.4192922887730276,2
19391,9710f383-a10d-3c0a-870e-aebf8035cb76,0.0040623520126282,0.0228887134964483,25.857142857142858,309,default,Normal,normal,56.0,49.0,29.0,F,29,53,0.06527093596059114,7,6,7,0.41920161868261163,1
13697,7e74384e-cd47-379c-87f7-aaffee94b32e,1.4717095808383234,0.1886227544910179,334.0,29494,default,outlier,outlier,1.0,1.0,63.0,E,62,121,0.03199365415124273,9,15,6,0.4189828446758547,3
4377,c91f191b-2eff-32dd-824b-66db7c26927c,6.742284688995215,0.2966507177033493,209.0,84549,default,outlier,outlier,1.0,1.0,62.0,E,62,124,0.03278688524590164,16,8,3,0.41891662058780954,3
5363,a4b3cf08-4126-3bdd-8260-428ea57b76a2,3.8876666666666666,0.8333333333333334,6.0,1400,private_ip,outlier,outlier,1.0,1.0,5.0,E,5,4,0.2,1,2,0,0.4189148461398648,3
30402,0eb4c482-deb3-35a9-b9f1-53263d39ed22,166.26389655172414,0.1034482758620689,116.0,1157197,default,outlier,outlier,1.0,1.0,12.0,F,12,20,0.15151515151515152,5,4,3,0.41890872689460495,2
15160,bacea694-9a6d-3509-b095-7430917bbb0b,9.784666666666666,0.4,15.0,8807,private_ip,outlier,outlier,1.0,1.0,6.0,E,6,8,0.26666666666666666,3,2,1,0.41888311732111577,3
24397,377ca469-54f0-3345-b459-26f4446c49ca,417.7728,0.4,5.0,125332,default,outlier,outlier,1.0,1.0,2.0,F,2,2,1.0,2,1,1,0.4188115039597132,2
29949,a977c5d4-de8d-346e-a736-7d2216efa0a8,418.2264,0.4,5.0,125468,default,outlier,outlier,1.0,1.0,2.0,F,2,2,1.0,2,1,1,0.4188115039597132,2
14664,bc253bc6-7790-3fbd-9b23-3a36ae167b3d,1.2025714285714286,0.5714285714285714,7.0,506,private_ip,outlier,outlier,1.0,1.0,4.0,E,4,4,0.3333333333333333,2,2,0,0.4187144664143667,3
15890,060b086f-40e4-33ae-9fa1-41acf784cb73,0.1163008595988538,0.166189111747851,349.0,2436,default,outlier,outlier,6.0,1.0,58.0,E,58,132,0.039927404718693285,11,14,7,0.41869710243448316,3
15497,d91e6350-c711-3abd-b2db-e3e797f05b7b,3.1645714285714286,0.5714285714285714,7.0,1330,private_ip,outlier,outlier,1.0,1.0,4.0,E,4,3,0.25,1,2,0,0.4186291561895118,3
12916,e82fa543-749c-3fe6-b0b5-94f7af8254d5,5.91401030927835,0.3144329896907216,194.0,68840,default,outlier,outlier,2.0,1.0,61.0,E,61,123,0.03360655737704918,14,8,9,0.41855596790353583,3
27747,73c71793-86fb-30e0-bc40-8be2a1493284,0.0008104838709677,0.0241935483870967,2.066666666666667,7,default,Normal,normal,61.0,60.0,3.0,F,3,2,0.3333333333333333,1,1,1,0.4185509544159395,2
5456,9b7bef01-5e01-3972-9c43-b73023ebd9c8,3.4478,0.8,5.0,1035,private_ip,outlier,outlier,1.0,1.0,4.0,E,4,3,0.25,1,2,0,0.4185457238635316,3
6967,ef2a3de1-3b84-3241-8cfb-02e027d9c6de,3.143,0.8,5.0,943,private_ip,outlier,outlier,1.0,1.0,4.0,E,4,3,0.25,1,2,0,0.4185457238635316,3
7816,5eca9d7d-5685-3217-a7a4-8bea0e3fe790,3.1126,0.8,5.0,934,private_ip,outlier,outlier,1.0,1.0,4.0,E,4,3,0.25,1,2,0,0.4185457238635316,3
6860,7eebc32b-c988-31c2-a0a2-7cc970c5416e,1.014580474934037,0.1609498680738786,379.0,23072,default,outlier,outlier,1.0,1.0,61.0,E,61,135,0.036885245901639344,14,13,8,0.4185073650732537,3
28550,040162c1-53be-3ae6-bcd8-301e5efc4955,0.1567035714285714,0.0571428571428571,16.470588235294116,5266,default,Normal,normal,45.0,34.0,32.0,F,32,62,0.0625,8,13,9,0.41839676501574163,2
13050,5f803d01-8034-3afc-a886-1754769dbde1,46.66211764705883,0.261437908496732,153.0,428359,default,outlier,outlier,1.0,1.0,40.0,E,40,76,0.04871794871794872,11,8,5,0.41838026386917465,3
24280,a3f1dcac-38a9-392f-8280-79be8a15bee5,0.3183812189054726,0.0534825870646766,50.25,15359,default,Normal,normal,20.0,16.0,43.0,F,43,72,0.03986710963455149,8,17,7,0.41837595022526597,2
3425,6a1905ec-8b11-3b6f-9eea-3f5470f1c989,11.707478260869566,0.5217391304347826,23.0,16157,private_ip,outlier,outlier,1.0,1.0,12.0,E,12,18,0.13636363636363635,6,3,3,0.41820101038726354,3
20860,74b2bfec-8365-3400-9915-ec49eb2ca090,2.538206057596822,0.0377358490566037,335.6666666666667,153359,default,Normal,normal,12.0,3.0,38.0,F,38,107,0.07610241820768136,7,10,7,0.41813392767334256,2
5821,fb900a9c-e3ce-3c7c-8c3c-c9ac868c9a67,0.7389166666666667,0.5833333333333334,36.0,1597,private_ip,outlier,outlier,1.0,1.0,21.0,E,21,29,0.06904761904761905,4,3,1,0.4181201407497073,3
18792,689a486a-cdc8-398b-a32f-d0ba5ea31b29,0.8842097944377267,0.0169286577992744,551.3333333333334,87749,default,Normal,normal,12.0,3.0,28.0,F,28,102,0.1349206349206349,8,10,6,0.4179130737442733,2
17245,cb5ecb32-f60b-3f5b-a93d-a520de0c2029,0.6462789203084833,0.1491002570694087,389.0,15085,default,outlier,outlier,1.0,1.0,58.0,E,58,140,0.04234724742891712,14,12,8,0.4178453531940013,3
26499,e5fd3fba-55ea-387f-96ba-4c7af1a03fc0,0.0451449511400651,0.1335504885993485,12.28,832,default,Normal,normal,46.0,25.0,41.0,F,41,63,0.03841463414634146,6,14,6,0.4178072239998237,2
3824,eb302fe8-fada-355c-93f9-5952428d70ad,1.0791111111111111,0.6666666666666666,9.0,583,private_ip,outlier,outlier,1.0,1.0,6.0,E,6,7,0.23333333333333334,3,4,1,0.41776746701048423,3
10829,e4a59774-f41b-33a9-87d7-504ab6ffa319,1.0931111111111111,0.6666666666666666,9.0,591,private_ip,outlier,outlier,1.0,1.0,6.0,E,6,7,0.23333333333333334,3,4,1,0.41776746701048423,3
12203,241ff3c3-c992-3255-a3e8-694177e86427,0.5999230769230769,0.9230769230769232,13.0,468,private_ip,outlier,outlier,1.0,1.0,12.0,E,12,12,0.09090909090909091,2,2,1,0.4177451730581927,2
11671,2e895aa9-3ce1-377e-8763-d80e322fbc4b,2.2007142857142856,0.5714285714285714,7.0,925,private_ip,outlier,outlier,1.0,1.0,4.0,E,4,3,0.25,1,2,0,0.41774278867522324,3
30385,e13f066a-626b-374d-a9ac-1e1c380bcc09,0.0018945945945945,0.0126126126126126,8.538461538461538,64,default,Normal,normal,67.0,65.0,7.0,F,7,11,0.2619047619047619,3,5,3,0.4176178267445587,2
12048,75a7b3b1-95fa-3c35-9e0b-d1dabdeb123a,1.6663333333333332,0.6666666666666666,15.0,1500,private_ip,outlier,outlier,1.0,1.0,10.0,E,10,13,0.14444444444444443,4,5,2,0.41761169452888297,3
31948,26480aee-442a-3447-9e5b-c06ca826420e,22.67802777777778,0.0555555555555555,36.0,48985,datacenter,outlier,outlier,1.0,1.0,2.0,F,2,2,1.0,1,2,1,0.41758574869115683,2
32494,c3d6c709-1a13-3fdb-9380-965b50653e41,1.1195833333333332,0.0564971751412429,708.0,47560,default,outlier,outlier,10.0,1.0,40.0,F,40,111,0.07115384615384615,7,10,7,0.4175758137237553,3
29056,73569f50-4b2f-3184-b2db-2ae63b86eeb1,0.5725333020637898,0.0412757973733583,96.9090909090909,36620,default,Normal,normal,16.0,11.0,44.0,F,44,75,0.03964059196617336,9,15,6,0.41739341353908416,2
28140,0475c7f7-7a69-3a5b-b639-a81a3bc45e2b,186.06772727272727,0.1363636363636363,33.0,736829,default,Normal,normal,2.0,2.0,9.0,F,9,18,0.25,5,5,2,0.4173917474777834,2
17188,21bbc541-2c2b-3ae4-9510-6efbb9b31398,1.1716050420168067,0.1708683473389355,357.0,25096,default,outlier,outlier,2.0,1.0,61.0,E,61,134,0.0366120218579235,12,12,12,0.41737630079752097,4
13477,942f287c-3fb3-3bb6-a16c-4f119d24f18c,0.2264285714285714,0.8571428571428571,7.0,96,private_ip,outlier,outlier,1.0,1.0,6.0,E,6,6,0.2,2,1,0,0.4173208223970048,3
12750,0a6fe0d4-4de4-3a11-a5a0-fc90b79205f3,2.888636363636364,0.4545454545454545,11.0,1907,private_ip,outlier,outlier,1.0,1.0,5.0,E,5,6,0.3,2,3,1,0.4172997625809015,3
17017,2a1b5e95-a1e5-3917-b67c-0d64a4801ac6,0.0001090909090909,0.0363636363636363,11.0,1,default,YandexBot/3.0,bot,55.0,5.0,2.0,E,2,2,1.0,1,1,2,0.417281091092569,1
28060,0a3b3f49-8971-30f6-8bcb-b314dd3786b3,0.0038602236421725,0.0135782747603833,20.193548387096776,290,default,Normal,normal,63.0,62.0,17.0,F,17,26,0.09558823529411764,4,9,3,0.4172652456114222,2
2787,49550960-3dc4-3076-ad3b-f932e98e3263,6.174933333333334,0.5333333333333333,30.0,11115,private_ip,outlier,outlier,1.0,1.0,16.0,E,15,22,0.10476190476190476,5,4,3,0.41723497943181637,3
8650,8913ad7a-de9a-331a-82bb-2dc732132f3a,0.2801054852320675,0.2616033755274262,237.0,3984,default,outlier,outlier,2.0,1.0,62.0,E,62,131,0.034637757800105765,15,10,7,0.4171901705067719,3
29344,3bc9990f-0add-34f0-8942-a0f644feb89b,0.0718623853211009,0.0309633027522935,145.33333333333334,3760,default,Normal,normal,43.0,6.0,27.0,F,27,142,0.2022792022792023,9,11,1,0.41707131011740384,2
18424,efdd21c0-f271-3297-a17d-55603814f9e8,0.7358748159057438,0.0633284241531664,75.44444444444444,29980,default,Normal,normal,12.0,9.0,43.0,F,43,75,0.04152823920265781,10,18,8,0.4170643992190596,3
8679,e33dcec7-6742-30de-ace5-4e9a7cd0b0cc,2.415611111111111,0.5833333333333334,36.0,5218,private_ip,outlier,outlier,1.0,1.0,21.0,E,21,27,0.06428571428571428,4,3,1,0.4170188980065217,3
5169,69341a8f-08e0-3070-a3f0-fac0fa933957,54.64243,0.075,200.0,655710,default,outlier,outlier,1.0,1.0,15.0,E,15,26,0.12380952380952381,8,9,1,0.417003539995055,2
12567,f9a5fad6-0eb2-3350-8cc9-0e8d0698ed5c,3.368,0.5454545454545454,11.0,2223,private_ip,outlier,outlier,1.0,1.0,6.0,E,6,7,0.23333333333333334,3,4,1,0.4169610640644462,3
11693,7fbc9490-36f3-36dc-82c8-92732e1e38a7,2.790818181818182,0.5454545454545454,11.0,1842,private_ip,outlier,outlier,1.0,1.0,6.0,E,6,7,0.23333333333333334,3,4,1,0.4169610640644462,3
20045,a26841cd-0082-3e1a-8a26-4073a0e51ffc,0.2665216701902748,0.0454545454545454,59.125,15128,default,Normal,normal,24.0,16.0,43.0,F,43,73,0.040420819490586936,10,15,6,0.4169608131871547,2
14944,9c595940-8219-30a1-aa66-6ad621e4211c,1.4671315789473682,0.5,38.0,3346,private_ip,outlier,outlier,1.0,1.0,19.0,E,19,26,0.07602339181286549,3,3,1,0.4168348978113905,3
22196,c573f0ab-7d61-3251-be8e-f7ccebc96483,246.3088,0.1333333333333333,15.0,221678,default,outlier,outlier,1.0,1.0,2.0,F,2,3,1.5,2,2,2,0.41674731015424427,2
25214,4c93063a-1f94-32ee-b386-6fba02ab5550,0.0455049701789264,0.0656063618290258,12.897435897435898,1374,default,Normal,normal,57.0,39.0,33.0,F,33,61,0.05776515151515151,5,10,10,0.41659550583012345,1
13968,931f2b00-f63c-3a4b-890c-a4c437bb0ade,9.523809523809524e-05,0.0317460317460317,15.75,1,default,YandexBot/3.0,bot,63.0,4.0,2.0,E,2,2,1.0,1,1,2,0.4164206442081831,1
1793,bc5a1ccc-f17e-3106-9fc2-ca09f8d78f87,1.7663846153846154,0.8461538461538461,13.0,1378,private_ip,outlier,outlier,1.0,1.0,11.0,E,11,12,0.10909090909090909,2,2,1,0.416420047887627,3
29,56988cbf-0f43-372c-99fd-1a7fec747922,0.0013680811808118,0.0756457564575645,41.69230769230769,45,default,Googlebot/2.1,bot,68.0,13.0,41.0,E,41,93,0.056707317073170734,9,11,7,0.4163668759041143,2
25988,32b54c46-d81c-3720-8fa0-0467816416ea,0.0186862068965517,0.1517241379310344,14.5,326,default,Normal,normal,28.0,20.0,44.0,F,44,71,0.037526427061310784,7,13,7,0.416361560679465,2
9138,17580ee6-d314-30b8-9f9d-03d6e881867e,0.624172131147541,0.4918032786885246,122.0,4569,default,outlier,outlier,2.0,1.0,60.0,E,60,85,0.02401129943502825,14,9,3,0.4163482950833537,3
31028,2abe24d8-adfe-363b-acc5-83dc5ab0f30e,0.2523996138996139,0.0791505791505791,13.63157894736842,7845,default,Normal,normal,44.0,38.0,41.0,F,41,71,0.043292682926829265,6,9,5,0.4163410468170119,2
5160,49626ef8-86a9-39ee-9d67-d0d3dc9adfda,1.5266804281345567,0.2018348623853211,327.0,29954,default,outlier,outlier,1.0,1.0,66.0,E,66,136,0.031701631701631705,12,9,7,0.41628451475089034,3
10826,e323e9ce-1b3f-36ad-91f2-6a46f26be14e,6.381363636363636,0.4848484848484848,33.0,12636,private_ip,outlier,outlier,1.0,1.0,16.0,E,16,27,0.1125,5,5,1,0.41627366656429665,3
10828,e323e9ce-1b3f-36ad-91f2-6a46f26be14e,6.381363636363636,0.4848484848484848,33.0,12636,private_ip,outlier,outlier,1.0,1.0,16.0,E,16,27,0.1125,5,5,1,0.41627366656429665,3
10828,e323e9ce-1b3f-36ad-91f2-6a46f26be14e,6.381363636363636,0.4848484848484848,33.0,12636,private_ip,outlier,outlier,1.0,1.0,16.0,E,16,27,0.1125,5,5,1,0.41627366656429665,3
10827,e323e9ce-1b3f-36ad-91f2-6a46f26be14e,6.381363636363636,0.4848484848484848,33.0,12636,private_ip,outlier,outlier,1.0,1.0,16.0,E,16,27,0.1125,5,5,1,0.41627366656429665,3
10828,e323e9ce-1b3f-36ad-91f2-6a46f26be14e,6.381363636363636,0.4848484848484848,33.0,12636,private_ip,outlier,outlier,1.0,1.0,16.0,E,16,27,0.1125,5,5,1,0.41627366656429665,3
10827,e323e9ce-1b3f-36ad-91f2-6a46f26be14e,6.381363636363636,0.4848484848484848,33.0,12636,private_ip,outlier,outlier,1.0,1.0,16.0,E,16,27,0.1125,5,5,1,0.41627366656429665,3
10825,e323e9ce-1b3f-36ad-91f2-6a46f26be14e,6.381363636363636,0.4848484848484848,33.0,12636,private_ip,outlier,outlier,1.0,1.0,16.0,E,16,27,0.1125,5,5,1,0.41627366656429665,3
10825,e323e9ce-1b3f-36ad-91f2-6a46f26be14e,6.381363636363636,0.4848484848484848,33.0,12636,private_ip,outlier,outlier,1.0,1.0,16.0,E,16,27,0.1125,5,5,1,0.41627366656429665,3
10825,e323e9ce-1b3f-36ad-91f2-6a46f26be14e,6.381363636363636,0.4848484848484848,33.0,12636,private_ip,outlier,outlier,1.0,1.0,16.0,E,16,27,0.1125,5,5,1,0.41627366656429665,3
10825,e323e9ce-1b3f-36ad-91f2-6a46f26be14e,6.381363636363636,0.4848484848484848,33.0,12636,private_ip,outlier,outlier,1.0,1.0,16.0,E,16,27,0.1125,5,5,1,0.41627366656429665,3
10827,e323e9ce-1b3f-36ad-91f2-6a46f26be14e,6.381363636363636,0.4848484848484848,33.0,12636,private_ip,outlier,outlier,1.0,1.0,16.0,E,16,27,0.1125,5,5,1,0.41627366656429665,3
10827,e323e9ce-1b3f-36ad-91f2-6a46f26be14e,6.381363636363636,0.4848484848484848,33.0,12636,private_ip,outlier,outlier,1.0,1.0,16.0,E,16,27,0.1125,5,5,1,0.41627366656429665,3
10826,e323e9ce-1b3f-36ad-91f2-6a46f26be14e,6.381363636363636,0.4848484848484848,33.0,12636,private_ip,outlier,outlier,1.0,1.0,16.0,E,16,27,0.1125,5,5,1,0.41627366656429665,3
10826,e323e9ce-1b3f-36ad-91f2-6a46f26be14e,6.381363636363636,0.4848484848484848,33.0,12636,private_ip,outlier,outlier,1.0,1.0,16.0,E,16,27,0.1125,5,5,1,0.41627366656429665,3
10828,e323e9ce-1b3f-36ad-91f2-6a46f26be14e,6.381363636363636,0.4848484848484848,33.0,12636,private_ip,outlier,outlier,1.0,1.0,16.0,E,16,27,0.1125,5,5,1,0.41627366656429665,3
10826,e323e9ce-1b3f-36ad-91f2-6a46f26be14e,6.381363636363636,0.4848484848484848,33.0,12636,private_ip,outlier,outlier,1.0,1.0,16.0,E,16,27,0.1125,5,5,1,0.41627366656429665,3
13816,eeb97d0b-7e45-32c7-91a3-bed3e6e59d83,2.8299243243243244,0.1486486486486486,370.0,62825,default,outlier,outlier,2.0,1.0,55.0,E,55,119,0.040067340067340064,16,12,8,0.41618929637137553,4
28947,029a31c1-f21c-3a33-bec2-f35ef49d1c9f,0.0907376636455186,0.0161127895266868,116.82352941176472,10813,default,Normal,normal,8.0,17.0,32.0,F,32,77,0.07762096774193548,11,17,7,0.41611096947795956,2
14786,e30ca4df-0fd8-3a8a-97ec-daa9dd94c07b,2.623492063492064,0.2857142857142857,63.0,9917,private_ip,outlier,outlier,1.0,1.0,18.0,E,18,32,0.10457516339869281,7,4,1,0.41607521401736647,3
5149,34eff087-1434-392d-a434-633334fb09ec,9.718222222222222,0.5555555555555556,9.0,5248,private_ip,outlier,outlier,1.0,1.0,5.0,E,5,5,0.25,2,3,1,0.4160208895440264,3
26488,c915c328-e18c-3573-a364-0bd5be899561,0.2546389645776566,0.0572207084468664,40.77777777777778,11215,default,Normal,normal,29.0,18.0,42.0,F,42,110,0.06387921022067364,9,7,10,0.4159670443861518,2
30790,870901b7-69cb-3bca-abba-bb4f4963222f,0.0911801470588235,0.1360294117647058,6.634146341463414,1489,default,Normal,normal,45.0,41.0,37.0,F,37,68,0.05105105105105105,8,10,8,0.41584698779951346,2
1783,9f00b648-b976-328c-8aca-8e176e3bbf29,1.646,0.6666666666666666,6.0,593,private_ip,outlier,outlier,1.0,1.0,4.0,E,4,3,0.25,1,1,0,0.4157882163253671,3
14371,a953d824-d9f2-38f2-9ca4-1b8c271a04bf,0.0021493624772313,0.0692167577413479,28.894736842105264,71,default,Googlebot/2.1,bot,80.0,19.0,38.0,E,38,80,0.05689900426742532,8,11,5,0.4157250772916691,2
19305,8a70d713-f55f-3576-9d9d-a6b05f7d763f,0.2462958397534669,0.0431432973805855,108.16666666666669,9591,default,Normal,normal,31.0,6.0,28.0,F,28,151,0.19973544973544974,10,13,4,0.4156650268731853,2
1103,a52a5c32-24fe-31fe-bc26-ef321badcd44,0.6603890909090909,0.2218181818181818,275.0,10897,default,outlier,outlier,2.0,1.0,61.0,E,61,123,0.03360655737704918,17,12,6,0.41563575441375267,3
21674,292b3d5f-1ced-32a0-8aa6-4410f067c61e,886.95975,0.75,4.0,212871,default,outlier,outlier,1.0,1.0,3.0,F,3,2,0.3333333333333333,1,1,0,0.4155537706200484,2
10586,83e81311-2e4e-369f-b8cb-8d3f78004613,2.7735143369175628,0.2365591397849462,279.0,46429,default,outlier,outlier,1.0,1.0,66.0,E,66,129,0.03006993006993007,11,12,7,0.415543154296933,3
13292,547a402a-3049-3e30-bf92-39334926a3ac,2.172599033816425,0.1231884057971014,414.0,53968,default,outlier,outlier,1.0,1.0,51.0,E,51,120,0.047058823529411764,16,12,11,0.41551862811210893,3
16693,52124976-ad3c-3f07-9b6e-04ff607affb6,1.1358866995073893,0.1403940886699507,406.0,27671,default,outlier,outlier,2.0,1.0,57.0,E,57,135,0.042293233082706765,15,8,11,0.41541992620699464,3
16454,85beb100-1d6e-3b87-be1a-0bfad1fcd3c4,11.3275,0.8,10.0,6797,private_ip,outlier,outlier,1.0,1.0,8.0,E,8,8,0.14285714285714285,2,2,1,0.4153423834239582,3
30515,903d0506-f0c4-38c4-a891-f373d05f24eb,0.0173055555555555,0.115079365079365,6.146341463414634,262,default,Normal,normal,58.0,41.0,29.0,F,29,48,0.059113300492610835,6,6,10,0.41527390303355916,1
11399,255e04ff-c459-36c3-b1d2-9347b0e86b2a,4.560142857142857,0.3571428571428571,14.0,3831,private_ip,outlier,outlier,1.0,1.0,5.0,E,5,6,0.3,2,3,1,0.415240975443516,3
2592,df4a5f18-8fa3-342a-9215-64b68752d3d7,0.0050504587155963,0.2660550458715596,218.0,67,default,outlier,outlier,2.0,1.0,58.0,E,58,126,0.038112522686025406,15,13,6,0.41517643505561025,3
4399,06d3a667-7135-37df-b117-3246ee740986,716.784,0.75,4.0,172029,default,outlier,outlier,1.0,1.0,3.0,E,3,3,0.5,2,1,1,0.415136051730112,2
4042,4f460507-419f-3b7f-ae9a-c3b3216dfec4,2.378538461538461,0.2307692307692307,26.0,3711,private_ip,outlier,outlier,1.0,1.0,6.0,E,6,8,0.26666666666666666,2,2,0,0.41513569086681695,3
3534,a3068096-67a7-3925-8f6c-b4abd6c00079,5.963413043478261,0.3260869565217391,46.0,16460,private_ip,outlier,outlier,1.0,1.0,15.0,E,15,26,0.12380952380952381,6,5,3,0.41506352568593624,3
9093,967165ad-c52f-3086-8e30-90940bb1c59d,0.0086,0.6,5.0,3,private_ip,outlier,outlier,1.0,1.0,3.0,E,3,2,0.3333333333333333,1,1,0,0.4149263640445038,3
5222,fd5dcb63-2171-320e-b878-237c9e95dec0,0.169375,0.875,8.0,82,private_ip,outlier,outlier,1.0,1.0,7.0,E,7,6,0.14285714285714285,1,2,0,0.41491636381391533,3
27323,7474d46f-cca8-3cf1-93c1-c5031baeb76f,0.0027406277244986,0.009590235396687,19.77586206896552,189,default,Normal,normal,65.0,58.0,11.0,F,11,20,0.18181818181818182,3,8,5,0.41486821752753317,2
3910,d272db4c-ea7d-3074-a359-66c611cacb64,1.5989183673469387,0.2448979591836734,49.0,4701,private_ip,outlier,outlier,1.0,1.0,12.0,E,12,19,0.14393939393939395,6,5,2,0.41478948794717707,3
16239,fd9c7de2-d0ba-3f92-985e-449f7b248de3,0.5795485762144054,0.0954773869346733,597.0,20760,default,outlier,outlier,2.0,1.0,57.0,E,57,143,0.044799498746867165,11,10,10,0.41477943187589306,3
22135,ed637165-147a-3ac7-8dfd-ebe3bb0f8edf,517.4155714285714,0.4285714285714285,3.5,217315,default,Normal,normal,2.0,2.0,3.0,F,3,4,0.6666666666666666,2,3,1,0.4147711412030699,2
14318,0dad051d-79cd-3dc6-8faf-d5ef3821e84f,5.699428571428571,0.4,35.0,11969,private_ip,outlier,outlier,1.0,1.0,14.0,E,14,24,0.13186813186813187,3,5,0,0.4145345563413538,3
13194,39f05cc4-f521-3de9-999c-61bd52c63d9d,2.457460251046025,0.1192468619246862,478.0,70480,default,outlier,outlier,1.0,1.0,57.0,E,57,133,0.041666666666666664,12,11,10,0.41449432660429747,3
12803,92bf77a4-b6c7-37b5-a95e-17777c7f212a,0.0001786786786786,0.1201201201201201,333.0,4,default,outlier,outlier,26.0,1.0,40.0,E,40,84,0.05384615384615385,10,10,20,0.4144720214403926,3
25783,d3d4332f-0008-3bff-9e9d-9cecbf3fa59a,0.6585172981878089,0.0757825370675453,60.7,23984,default,Normal,normal,13.0,10.0,46.0,F,46,79,0.03816425120772947,7,17,7,0.41445821439640085,2
13784,85ef1409-2371-3483-a4f0-b035238f3421,0.5644961479198768,0.0600924499229583,649.0,21982,default,outlier,outlier,2.0,1.0,39.0,E,39,113,0.07624831309041835,15,12,7,0.4143937136302972,3
21114,61a9a18f-0c95-3c22-bf3f-3afc7070407b,0.0036463046757164,0.0135746606334841,22.86206896551724,291,default,Normal,normal,66.0,58.0,18.0,F,18,33,0.10784313725490197,5,8,6,0.4143160015548001,2
29629,96909582-f91f-3036-84af-aca4ee97e930,1.4243300613496934,0.0515337423312883,90.55555555555556,69650,default,Normal,normal,11.0,9.0,42.0,F,42,68,0.03948896631823461,10,16,7,0.41429701470543306,2
31709,7a8202e7-ad0c-394f-b53d-e25d7c0e4b0e,14.54505,0.01,200.0,174541,default,outlier,outlier,1.0,1.0,2.0,F,2,3,1.5,2,2,2,0.4142194339696559,2
24541,de208642-67cf-3b65-840e-adaf76850435,14.68014,0.01,200.0,176162,default,outlier,outlier,1.0,1.0,2.0,F,2,3,1.5,2,2,2,0.4142194339696559,2
23872,c7722ada-9981-361d-ad5a-65a39bc1418a,14.729205,0.01,200.0,176751,default,outlier,outlier,1.0,1.0,2.0,F,2,3,1.5,2,2,2,0.4142194339696559,2
11944,229bbf00-ff08-34b3-adcd-29925efc4627,0.089,0.75,4.0,22,private_ip,outlier,outlier,1.0,1.0,3.0,E,3,2,0.3333333333333333,1,1,0,0.4142128609956113,3
2259,2a1d9a8b-a697-36f9-8b1b-1c4daa4ae2b5,0.101,0.75,4.0,25,private_ip,outlier,outlier,1.0,1.0,3.0,E,3,2,0.3333333333333333,1,1,0,0.4142128609956113,3
115,65bedabd-6bf9-3816-9a3c-ce50f2ad016a,9.021,0.6363636363636364,11.0,5954,private_ip,outlier,outlier,1.0,1.0,7.0,E,6,7,0.23333333333333334,3,2,1,0.4141933714120939,3
18087,d1a1a373-2007-3b12-b773-11df16a8a576,0.0088365384615384,0.1126373626373626,18.2,193,default,Normal,normal,26.0,20.0,41.0,F,41,67,0.04085365853658537,7,17,7,0.41414106216483815,2
6008,0753f832-911e-313a-9929-9c2b9eb8e76f,0.8781666666666667,0.6666666666666666,6.0,317,private_ip,outlier,outlier,1.0,1.0,4.0,E,4,3,0.25,1,1,0,0.4141010912481165,3
3790,8498c2d1-2d03-3ebb-ba4d-3683174c4db3,0.9023333333333332,0.6666666666666666,6.0,325,private_ip,outlier,outlier,1.0,1.0,4.0,E,4,3,0.25,1,1,0,0.4141010912481165,3
17902,83f42839-cb9d-3fb3-b941-e7541f240d2c,621.4353333333333,0.4444444444444444,9.0,335576,default,outlier,outlier,1.0,1.0,4.0,F,4,4,0.3333333333333333,1,4,1,0.41409901416544825,2
24968,131d1886-5b8f-3742-8984-141aab267a9a,3.4131428571428573,0.7142857142857143,7.0,1434,private_ip,outlier,outlier,1.0,1.0,5.0,F,5,5,0.25,2,2,1,0.4140666876967122,3
22785,08d2c5ea-1909-3008-a11b-4ee1fe71c164,0.1236833503575076,0.0245148110316649,163.16666666666666,7266,default,Normal,normal,42.0,6.0,24.0,F,24,136,0.2463768115942029,10,9,1,0.4140504871639225,2
3665,091377da-c619-3670-97ea-6fde4d1f7384,33.096375,0.205,200.0,397157,default,outlier,outlier,1.0,1.0,41.0,E,41,87,0.05304878048780488,8,7,8,0.41398112400273235,3
7427,373569ed-b817-3966-b59f-ebd543facd51,3.439914285714285,0.3142857142857143,35.0,7224,private_ip,outlier,outlier,1.0,1.0,11.0,E,11,16,0.14545454545454545,3,3,4,0.4138809647503443,2
21870,d010b69b-0148-35e5-8e8b-34db7ba1c73b,68.57755652173913,0.0347826086956521,57.5,473186,default,Normal,normal,2.0,2.0,4.0,F,4,9,0.75,3,3,3,0.4138524920793029,2
29779,9210e316-4891-3e8a-bb7a-c6779ecd49f1,0.1051500829187396,0.0364842454394693,301.5,3805,default,Normal,normal,28.0,2.0,22.0,F,22,128,0.27705627705627706,10,10,1,0.41381423803280165,2
28882,2cf55233-6d7f-3788-aa08-e747cb56ec9a,0.0053324324324324,0.0432432432432432,6.607142857142857,119,default,Normal,normal,59.0,56.0,16.0,F,16,29,0.12083333333333333,9,6,5,0.41380645767601754,2
5711,aa2c646d-768a-3fd3-9819-76d21983d859,0.085,0.75,4.0,21,private_ip,outlier,outlier,1.0,1.0,3.0,E,3,2,0.3333333333333333,1,1,0,0.41377109602522044,3
5710,aa2c646d-768a-3fd3-9819-76d21983d859,0.085,0.75,4.0,21,private_ip,outlier,outlier,1.0,1.0,3.0,E,3,2,0.3333333333333333,1,1,0,0.41377109602522044,3
5712,aa2c646d-768a-3fd3-9819-76d21983d859,0.085,0.75,4.0,21,private_ip,outlier,outlier,1.0,1.0,3.0,E,3,2,0.3333333333333333,1,1,0,0.41377109602522044,3
5710,aa2c646d-768a-3fd3-9819-76d21983d859,0.085,0.75,4.0,21,private_ip,outlier,outlier,1.0,1.0,3.0,E,3,2,0.3333333333333333,1,1,0,0.41377109602522044,3
5713,aa2c646d-768a-3fd3-9819-76d21983d859,0.085,0.75,4.0,21,private_ip,outlier,outlier,1.0,1.0,3.0,E,3,2,0.3333333333333333,1,1,0,0.41377109602522044,3
5713,aa2c646d-768a-3fd3-9819-76d21983d859,0.085,0.75,4.0,21,private_ip,outlier,outlier,1.0,1.0,3.0,E,3,2,0.3333333333333333,1,1,0,0.41377109602522044,3
5711,aa2c646d-768a-3fd3-9819-76d21983d859,0.085,0.75,4.0,21,private_ip,outlier,outlier,1.0,1.0,3.0,E,3,2,0.3333333333333333,1,1,0,0.41377109602522044,3
5713,aa2c646d-768a-3fd3-9819-76d21983d859,0.085,0.75,4.0,21,private_ip,outlier,outlier,1.0,1.0,3.0,E,3,2,0.3333333333333333,1,1,0,0.41377109602522044,3
5713,aa2c646d-768a-3fd3-9819-76d21983d859,0.085,0.75,4.0,21,private_ip,outlier,outlier,1.0,1.0,3.0,E,3,2,0.3333333333333333,1,1,0,0.41377109602522044,3
5712,aa2c646d-768a-3fd3-9819-76d21983d859,0.085,0.75,4.0,21,private_ip,outlier,outlier,1.0,1.0,3.0,E,3,2,0.3333333333333333,1,1,0,0.41377109602522044,3
5712,aa2c646d-768a-3fd3-9819-76d21983d859,0.085,0.75,4.0,21,private_ip,outlier,outlier,1.0,1.0,3.0,E,3,2,0.3333333333333333,1,1,0,0.41377109602522044,3
5711,aa2c646d-768a-3fd3-9819-76d21983d859,0.085,0.75,4.0,21,private_ip,outlier,outlier,1.0,1.0,3.0,E,3,2,0.3333333333333333,1,1,0,0.41377109602522044,3
5711,aa2c646d-768a-3fd3-9819-76d21983d859,0.085,0.75,4.0,21,private_ip,outlier,outlier,1.0,1.0,3.0,E,3,2,0.3333333333333333,1,1,0,0.41377109602522044,3
5712,aa2c646d-768a-3fd3-9819-76d21983d859,0.085,0.75,4.0,21,private_ip,outlier,outlier,1.0,1.0,3.0,E,3,2,0.3333333333333333,1,1,0,0.41377109602522044,3
5710,aa2c646d-768a-3fd3-9819-76d21983d859,0.085,0.75,4.0,21,private_ip,outlier,outlier,1.0,1.0,3.0,E,3,2,0.3333333333333333,1,1,0,0.41377109602522044,3
5710,aa2c646d-768a-3fd3-9819-76d21983d859,0.085,0.75,4.0,21,private_ip,outlier,outlier,1.0,1.0,3.0,E,3,2,0.3333333333333333,1,1,0,0.41377109602522044,3
24487,3419f996-9120-3fae-9763-247365e9b5ed,822.6156666666666,1.0,3.0,148071,default,outlier,outlier,1.0,1.0,3.0,F,3,2,0.3333333333333333,1,1,0,0.41376838566247065,2
34086,b0cf849c-6f5e-3098-844c-563e3978ba4f,899.1963333333334,1.0,3.0,161856,default,outlier,outlier,1.0,1.0,3.0,F,3,2,0.3333333333333333,1,1,0,0.41376838566247065,2
18020,e23f7758-c5a4-3300-8539-b859372d4393,830.7526666666666,1.0,3.0,149536,default,outlier,outlier,1.0,1.0,3.0,F,3,2,0.3333333333333333,1,1,0,0.41376838566247065,2
27256,bf00918a-34ec-3a98-a3de-2120aa511768,846.968,1.0,3.0,152455,default,outlier,outlier,1.0,1.0,3.0,F,3,2,0.3333333333333333,1,1,0,0.41376838566247065,2
27895,3bedb741-1613-3a9a-ac74-004510ca32c3,884.14,1.0,3.0,159146,default,outlier,outlier,1.0,1.0,3.0,F,3,2,0.3333333333333333,1,1,0,0.41376838566247065,2
22299,2191c416-f3d0-3c89-88a0-574fef342371,857.7186666666666,1.0,3.0,154390,default,outlier,outlier,1.0,1.0,3.0,F,3,2,0.3333333333333333,1,1,0,0.41376838566247065,2
29097,ea0ce5fe-6024-3c7d-9ad9-194e2ee075e5,0.0644102564102564,0.1752136752136752,9.75,905,default,Normal,normal,31.0,24.0,41.0,F,41,70,0.042682926829268296,8,12,8,0.41362171086957905,2
18993,b3436cb2-9f1e-305d-94c1-408e18bd7939,0.0023383458646616,0.0105263157894736,21.451612903225808,187,default,Normal,normal,72.0,62.0,14.0,F,13,22,0.14102564102564102,3,5,4,0.413575813268005,2
16767,477eab71-b7d4-3b1e-84b5-7377ec22e822,4.64166129032258,0.2903225806451613,62.0,17267,private_ip,outlier,outlier,1.0,1.0,18.0,E,18,26,0.08496732026143791,5,4,2,0.4135724914550515,3
21340,519c1fb5-0355-3043-9ef6-eeda1a588e4b,1.2321703204047216,0.0775716694772344,84.71428571428571,43841,default,Normal,normal,9.0,7.0,46.0,F,46,82,0.03961352657004831,10,15,8,0.4135404854303678,2
32771,2d3a143a-711a-3cba-8246-9ff4e1180135,0.162078431372549,0.0413943355119825,229.5,4464,default,Normal,normal,23.0,2.0,19.0,F,19,123,0.35964912280701755,12,10,1,0.41352554357824295,2
18620,5b7cfbce-011d-32b2-aad0-7b1dddfb9a8b,0.4354599528857479,0.0494699646643109,49.94117647058823,22183,default,Normal,normal,22.0,17.0,42.0,F,42,73,0.042392566782810684,9,17,6,0.413443431760639,2
16917,ee5ec844-e866-3e37-b881-9e352d1ab4f4,0.3867985781990521,0.2938388625592417,211.0,4897,default,outlier,outlier,1.0,1.0,62.0,E,62,121,0.03199365415124273,17,9,7,0.413428089652021,3
10955,523e09ad-aa5f-3170-98ed-344949dfdf73,0.01525,0.75,4.0,4,private_ip,outlier,outlier,1.0,1.0,3.0,E,3,2,0.3333333333333333,1,1,0,0.4133294804756206,3
9785,7366357c-278e-3895-b0e9-2b42b23a0473,0.9727619047619048,0.3809523809523809,42.0,2452,private_ip,outlier,outlier,1.0,1.0,16.0,E,16,25,0.10416666666666667,4,5,0,0.41331493737294794,3
16204,9fa73f7b-d1ef-3610-8a08-213148fac4d2,0.4055,0.75,4.0,98,private_ip,outlier,outlier,1.0,1.0,3.0,E,3,2,0.3333333333333333,1,2,0,0.41328747580490693,3
23586,b515b588-bfe0-3f85-97fd-71b6b8f6b111,456.9468,0.4,5.0,137085,default,outlier,outlier,1.0,1.0,2.0,F,2,2,1.0,1,2,1,0.41328145435524016,2
25520,de9f55a0-4c18-3937-be8f-3a87672fa08d,0.0297580529706513,0.0264853256979241,45.064516129032256,2495,default,Normal,normal,33.0,31.0,37.0,F,37,64,0.04804804804804805,9,12,7,0.41324379176181786,2
2345,2121a373-cf56-3374-9c7d-c8cd899630ec,0.5451111111111111,0.6666666666666666,9.0,295,private_ip,outlier,outlier,1.0,1.0,6.0,E,6,7,0.23333333333333334,3,4,1,0.4131991588621553,3
17387,91e35931-6566-3f58-bb58-c0ea8bd734ad,0.0002671517671517,0.0665280665280665,481.0,8,default,outlier,outlier,26.0,1.0,32.0,E,32,85,0.08568548387096774,7,11,15,0.41318000817449696,3
24318,22fb7762-e744-3475-b230-9b076f01b25c,0.0014724220623501,0.0335731414868105,19.3953488372093,74,default,Normal,normal,49.0,43.0,28.0,F,28,62,0.082010582010582,9,10,8,0.41316679349474017,1
9392,026537c0-62bb-31e0-a494-5aea4dfa9929,0.5723720930232559,0.1078224101479915,473.0,16244,default,outlier,outlier,1.0,1.0,51.0,E,51,119,0.04666666666666667,19,10,9,0.4131530673781456,3
25102,dc589e0d-8303-3498-a940-4d05bc05eadb,110.98486131386862,0.0802919708029197,137.0,912296,default,outlier,outlier,1.0,1.0,11.0,F,11,16,0.14545454545454545,3,8,3,0.41299935230365836,2
24228,f83604b1-2494-3f40-b82e-a4e237789d37,0.3432294871794872,0.0538461538461538,48.75,16064,default,Normal,normal,19.0,16.0,42.0,F,42,71,0.04123112659698026,7,15,9,0.4128896459302055,2
13051,60d2ae6a-706a-336d-970f-a7b0750d6535,0.008,0.75,4.0,2,private_ip,outlier,outlier,1.0,1.0,3.0,E,3,2,0.3333333333333333,1,1,0,0.41288801429627286,3
16914,e1cb598d-9750-36f0-b692-6e21d82a3e51,1.5107560646900269,0.1401617250673854,371.0,33630,default,outlier,outlier,3.0,1.0,52.0,E,52,122,0.04600301659125189,18,11,11,0.4128450267205753,4
15749,9c8d8ec6-4027-36e9-b015-647e51366319,0.29,0.8571428571428571,7.0,122,private_ip,outlier,outlier,1.0,1.0,6.0,E,6,5,0.16666666666666666,1,2,0,0.4128385690135314,3
10764,65fca387-fb84-300b-a06c-04a9f12ad559,0.2554285714285714,0.8571428571428571,7.0,108,private_ip,outlier,outlier,1.0,1.0,6.0,E,6,5,0.16666666666666666,1,2,0,0.4128385690135314,3
34222,78534c28-51df-39ef-a466-a3c87efa22a0,0.0004255319148936,0.0354609929078014,2.1044776119402986,4,default,Normal,normal,69.0,67.0,5.0,F,5,3,0.15,1,1,0,0.4128010321509539,2
15565,a0c1e0c0-6893-321d-a7a4-21699fd899f9,1.3039166666666668,0.5,12.0,939,private_ip,outlier,outlier,1.0,1.0,6.0,E,6,8,0.26666666666666666,3,2,1,0.41278876615463433,3
11530,bd4e052c-2231-397f-b8ca-3ec4fdc87fba,3.171521739130435,0.3478260869565217,23.0,4377,private_ip,outlier,outlier,1.0,1.0,8.0,E,8,14,0.25,4,3,3,0.41274555563254567,3
23451,57722377-75eb-310a-b724-0c60826592dc,0.7687415094339622,0.1320754716981132,132.5,12223,default,Normal,normal,1.0,2.0,35.0,F,35,87,0.073109243697479,13,17,10,0.41268896413327616,3
33448,637edb6b-1073-301e-a9b7-1b0544917a31,853.466,0.6,5.0,256040,default,outlier,outlier,1.0,1.0,3.0,F,3,2,0.3333333333333333,1,1,0,0.41255138447094997,2
2014,274d7ff8-81a1-3c8a-b4d6-8ff361a4fd49,5.119826086956522,0.5217391304347826,23.0,7066,private_ip,outlier,outlier,1.0,1.0,12.0,E,12,16,0.12121212121212122,4,5,2,0.4125259425571318,3
22562,7fba71a4-150c-3f75-b3a1-18115e560c76,716.4658333333334,0.5,6.0,257928,default,outlier,outlier,1.0,1.0,3.0,F,3,3,0.5,1,2,1,0.41250954839735576,2
6033,3d1ec116-13a6-3f9d-aae8-41f0a61cac74,10.249187772925763,0.2620087336244541,229.0,140824,default,outlier,outlier,1.0,1.0,60.0,E,60,116,0.0327683615819209,15,6,5,0.412417628173915,3
26012,74fed491-77ca-37d7-b210-fb8ff4c4f332,0.6686778042959427,0.0692124105011933,209.5,16811,default,Normal,normal,17.0,2.0,29.0,F,29,127,0.1564039408866995,9,15,1,0.4123151676660365,2
1087,7a484c99-d170-34d6-928a-59bd1751f258,7.922119140625,0.24609375,256.0,121684,default,outlier,outlier,1.0,1.0,63.0,E,63,121,0.030977982590885817,12,11,8,0.41219775330602687,4
2122,68c0e0de-cec8-34b2-a725-ebc31a6e920b,0.3385271028037383,0.114018691588785,535.0,10867,default,outlier,outlier,1.0,1.0,61.0,E,61,131,0.03579234972677595,14,11,6,0.41204052527454094,3
27119,28ab199d-b3b6-3dbf-bc21-6b4cf3a4fe54,14.184125,0.01,200.0,170210,default,outlier,outlier,1.0,1.0,2.0,F,2,3,1.5,2,2,2,0.41192446393474813,2
27874,0ecb4006-53bd-3b3d-9403-70bc20dd5365,14.19163,0.01,200.0,170300,default,outlier,outlier,1.0,1.0,2.0,F,2,3,1.5,2,2,2,0.41192446393474813,2
16838,258ae7ff-38f0-3a06-ad2e-c5e161abbe96,21.822473684210525,0.3947368421052631,38.0,49756,private_ip,outlier,outlier,1.0,1.0,15.0,E,14,19,0.1043956043956044,3,3,2,0.4118423542143572,2
23715,01619d43-ccdb-3290-ac64-e8c9ef956adf,0.0211280276816609,0.1176470588235294,6.282608695652174,367,default,Normal,normal,57.0,46.0,34.0,F,34,47,0.04188948306595366,8,9,5,0.4117857246760105,1
12245,7e524ab1-4503-3b4a-b818-b2c80acb2bfb,1.064985294117647,0.1735294117647058,340.0,21726,default,outlier,outlier,2.0,1.0,59.0,E,59,140,0.040911747516072475,11,13,7,0.4117641421688149,3
2188,4f858c02-d46b-3e15-a56c-442139b827a0,1.908493150684932,0.273972602739726,219.0,25078,default,outlier,outlier,2.0,1.0,60.0,E,60,114,0.03220338983050847,16,12,7,0.41176288411668005,3
2682,d9d8b122-9def-3563-9e0d-70637a010d88,1.091745867768595,0.2603305785123967,242.0,15853,default,outlier,outlier,1.0,1.0,63.0,E,63,133,0.034050179211469536,13,10,11,0.4116397242110208,3
4262,49e81e0b-c0d0-32c8-9ceb-6702db1f6e90,0.0026461038961038,0.060064935064935,29.33333333333333,98,default,Googlebot/2.1,bot,92.0,21.0,37.0,E,37,71,0.0533033033033033,7,8,10,0.4115027333534925,2
14882,fae19b37-15d0-3bc2-aa58-00972c9418eb,5.014490196078431,0.3529411764705882,51.0,15345,private_ip,outlier,outlier,1.0,1.0,18.0,E,18,28,0.0915032679738562,5,4,3,0.41148959057619755,3
11316,52c7e441-bf4f-3577-8105-0c35591f33cf,4.681821428571428,0.6428571428571429,28.0,7866,private_ip,outlier,outlier,1.0,1.0,18.0,E,18,21,0.06862745098039216,4,2,1,0.4114566320104492,3
24571,4368526e-bd7e-3559-b581-d753d0d852ab,0.39711324570273,0.0414560161779575,70.64285714285714,23565,default,Normal,normal,17.0,14.0,41.0,F,41,76,0.046341463414634146,10,16,7,0.4114486109015485,2
19315,a932ef4a-e4a6-30ea-882b-0d0d07efa139,795.8918333333334,1.0,3.0,143261,default,outlier,outlier,2.0,1.0,3.0,F,3,2,0.3333333333333333,1,1,0,0.41140173970584987,2
9504,42dc72b1-c439-3d2b-ab73-6e71e54ba4c2,0.355,0.1469648562300319,313.0,6667,default,outlier,outlier,2.0,1.0,46.0,E,46,121,0.058454106280193235,18,13,11,0.4113577277282787,3
15331,a5b7cf8b-e3ec-34d2-a96e-dba64bf9a8b3,10.92595238095238,0.3809523809523809,21.0,13767,private_ip,outlier,outlier,1.0,1.0,8.0,E,8,12,0.21428571428571427,4,3,2,0.41119948194797706,3
26324,e4b0d199-cb52-3b39-a616-fe3aa67533eb,0.6657351524879614,0.0706260032102728,56.63636363636363,24886,default,Normal,normal,13.0,11.0,44.0,F,44,74,0.039112050739957716,9,14,11,0.41112668437751565,2
9608,732cfaaf-0594-3cbd-a90c-c76664e12775,0.0018187285223367,0.0721649484536082,38.8,64,default,Googlebot/2.1,bot,72.0,15.0,42.0,E,42,88,0.05110336817653891,10,9,7,0.41109452517082307,2
4281,6df59206-999e-3f84-9287-f5764dffb741,3.1792,0.7,10.0,1908,private_ip,outlier,outlier,1.0,1.0,7.0,E,7,8,0.19047619047619047,3,4,1,0.411048926861592,3
1907,f0c49c6b-8fdb-30cf-b8a8-899975e64ce8,0.1937142857142857,0.5714285714285714,7.0,82,private_ip,outlier,outlier,2.0,1.0,4.0,E,4,4,0.3333333333333333,2,2,1,0.4110263081279101,3
9620,8cad1970-bd91-32fd-a539-80b5379c9bad,3.3709824561403505,0.1453634085213032,399.0,80702,default,outlier,outlier,1.0,1.0,58.0,E,58,147,0.04446460980036298,12,10,8,0.41097127676906925,3
943,dbb9a259-49f2-3a40-a4a2-939534803b51,4.88404347826087,0.217391304347826,46.0,13480,private_ip,outlier,outlier,1.0,1.0,10.0,E,10,15,0.16666666666666666,6,4,1,0.4109454307895133,3
34246,d1982faf-2940-3dd8-8bde-1b4db255cb45,0.0893717948717948,0.4615384615384615,39.0,210,private_ip,outlier,outlier,2.0,1.0,18.0,F,18,34,0.1111111111111111,3,3,1,0.41092824377706405,3
11297,1604ceed-fd4d-35a9-a3c9-4095abf42296,1.3327636363636364,0.3272727272727272,55.0,4399,private_ip,outlier,outlier,1.0,1.0,18.0,E,18,29,0.09477124183006536,5,4,1,0.41088876633283156,3
11296,1604ceed-fd4d-35a9-a3c9-4095abf42296,1.3327636363636364,0.3272727272727272,55.0,4399,private_ip,outlier,outlier,1.0,1.0,18.0,E,18,29,0.09477124183006536,5,4,1,0.41088876633283156,3
11296,1604ceed-fd4d-35a9-a3c9-4095abf42296,1.3327636363636364,0.3272727272727272,55.0,4399,private_ip,outlier,outlier,1.0,1.0,18.0,E,18,29,0.09477124183006536,5,4,1,0.41088876633283156,3
11298,1604ceed-fd4d-35a9-a3c9-4095abf42296,1.3327636363636364,0.3272727272727272,55.0,4399,private_ip,outlier,outlier,1.0,1.0,18.0,E,18,29,0.09477124183006536,5,4,1,0.41088876633283156,3
11299,1604ceed-fd4d-35a9-a3c9-4095abf42296,1.3327636363636364,0.3272727272727272,55.0,4399,private_ip,outlier,outlier,1.0,1.0,18.0,E,18,29,0.09477124183006536,5,4,1,0.41088876633283156,3
11298,1604ceed-fd4d-35a9-a3c9-4095abf42296,1.3327636363636364,0.3272727272727272,55.0,4399,private_ip,outlier,outlier,1.0,1.0,18.0,E,18,29,0.09477124183006536,5,4,1,0.41088876633283156,3
11298,1604ceed-fd4d-35a9-a3c9-4095abf42296,1.3327636363636364,0.3272727272727272,55.0,4399,private_ip,outlier,outlier,1.0,1.0,18.0,E,18,29,0.09477124183006536,5,4,1,0.41088876633283156,3
11299,1604ceed-fd4d-35a9-a3c9-4095abf42296,1.3327636363636364,0.3272727272727272,55.0,4399,private_ip,outlier,outlier,1.0,1.0,18.0,E,18,29,0.09477124183006536,5,4,1,0.41088876633283156,3
11299,1604ceed-fd4d-35a9-a3c9-4095abf42296,1.3327636363636364,0.3272727272727272,55.0,4399,private_ip,outlier,outlier,1.0,1.0,18.0,E,18,29,0.09477124183006536,5,4,1,0.41088876633283156,3
11299,1604ceed-fd4d-35a9-a3c9-4095abf42296,1.3327636363636364,0.3272727272727272,55.0,4399,private_ip,outlier,outlier,1.0,1.0,18.0,E,18,29,0.09477124183006536,5,4,1,0.41088876633283156,3
11296,1604ceed-fd4d-35a9-a3c9-4095abf42296,1.3327636363636364,0.3272727272727272,55.0,4399,private_ip,outlier,outlier,1.0,1.0,18.0,E,18,29,0.09477124183006536,5,4,1,0.41088876633283156,3
11297,1604ceed-fd4d-35a9-a3c9-4095abf42296,1.3327636363636364,0.3272727272727272,55.0,4399,private_ip,outlier,outlier,1.0,1.0,18.0,E,18,29,0.09477124183006536,5,4,1,0.41088876633283156,3
11296,1604ceed-fd4d-35a9-a3c9-4095abf42296,1.3327636363636364,0.3272727272727272,55.0,4399,private_ip,outlier,outlier,1.0,1.0,18.0,E,18,29,0.09477124183006536,5,4,1,0.41088876633283156,3
11298,1604ceed-fd4d-35a9-a3c9-4095abf42296,1.3327636363636364,0.3272727272727272,55.0,4399,private_ip,outlier,outlier,1.0,1.0,18.0,E,18,29,0.09477124183006536,5,4,1,0.41088876633283156,3
11297,1604ceed-fd4d-35a9-a3c9-4095abf42296,1.3327636363636364,0.3272727272727272,55.0,4399,private_ip,outlier,outlier,1.0,1.0,18.0,E,18,29,0.09477124183006536,5,4,1,0.41088876633283156,3
11297,1604ceed-fd4d-35a9-a3c9-4095abf42296,1.3327636363636364,0.3272727272727272,55.0,4399,private_ip,outlier,outlier,1.0,1.0,18.0,E,18,29,0.09477124183006536,5,4,1,0.41088876633283156,3
27158,7fd225b3-5612-305f-9391-c8a82cfdcb14,0.0035253456221198,0.0149769585253456,16.37735849056604,184,default,Normal,normal,53.0,53.0,13.0,F,13,29,0.1858974358974359,8,9,3,0.4108792428643895,2
3106,83cbbb0a-c6ee-3b7f-bb81-f40ea807dbc2,0.5242,0.8,5.0,158,private_ip,outlier,outlier,1.0,1.0,4.0,E,4,3,0.25,1,2,0,0.41061773117778827,3
11712,a726328e-9fe0-3245-8109-24965a6a78b7,194.67903773584908,0.0754716981132075,53.0,619080,default,BingPreview/1.0b;bingbot/2.0;unknown,bot,1.0,1.0,4.0,E,4,5,0.4166666666666667,2,3,2,0.41054116438760047,2
34183,0049aaca-0561-305c-be2e-3e58a5f75354,161.345,0.1666666666666666,6.0,58085,datacenter,outlier,outlier,1.0,1.0,1.0,F,1,1,0.0,1,1,1,0.41050182455147705,2
2206,8a84db67-b6d9-3b6c-aa20-79986c91f0d4,4.107781818181818,0.3090909090909091,55.0,13556,private_ip,outlier,outlier,1.0,1.0,17.0,E,17,28,0.10294117647058823,6,3,3,0.4104651973774667,3
1823,1779530b-8d07-3258-9316-11f8dbfc2cf9,0.0020653266331658,0.100502512562814,23.41176470588235,50,default,Googlebot/2.1,bot,63.0,17.0,40.0,E,40,75,0.04807692307692308,6,9,12,0.4104608289478191,2
13390,7773cf94-780c-3781-aff2-3f294a98bc3d,43.90629648241206,0.1306532663316583,199.0,524242,default,outlier,outlier,1.0,1.0,26.0,E,26,46,0.07076923076923076,9,11,4,0.4104404406151817,2
16270,6363e181-b3ce-3947-9657-a5f63da88507,0.0001125827814569,0.0066225165562913,151.0,2,default,outlier,outlier,147.0,1.0,1.0,E,1,1,0.0,1,1,1,0.4102602205200322,2
27934,9bc2d4cd-90e7-3c2a-86fe-bd9915985097,0.7018,0.44,25.0,1053,private_ip,outlier,outlier,4.0,1.0,11.0,F,11,13,0.11818181818181818,3,4,1,0.4101819538970658,3
2956,ff53c26b-ac4d-3417-864d-2b20c6090770,0.3638,0.8,5.0,110,private_ip,outlier,outlier,1.0,1.0,4.0,E,4,3,0.25,1,2,0,0.4101771822095209,3
32521,3e0fc527-b975-3d81-960e-16598f9a938e,3.665058823529412,0.4117647058823529,34.0,7477,private_ip,outlier,outlier,1.0,1.0,14.0,F,14,19,0.1043956043956044,2,3,2,0.41005659667102595,3
2623,31d487db-d7a1-34bf-b621-8dc6b81d97ba,0.411,0.6666666666666666,6.0,148,private_ip,outlier,outlier,1.0,1.0,4.0,E,4,4,0.3333333333333333,2,3,1,0.41005366201970816,3
13210,614b411e-640e-395f-9a91-5dd3c63cba67,1.2298666666666669,0.8,15.0,1107,private_ip,outlier,outlier,1.0,1.0,12.0,E,12,13,0.09848484848484848,3,4,1,0.4100386320580329,3
6954,b0e4870b-498c-36b4-8356-552917211e43,3.5978888888888885,0.8888888888888888,9.0,1943,private_ip,outlier,outlier,1.0,1.0,8.0,E,8,8,0.14285714285714285,2,2,1,0.41000756072370037,3
10428,8aceac77-3562-3aab-8086-603f65be5566,5.524487903225807,0.1505376344086021,372.0,123307,default,outlier,outlier,1.0,1.0,56.0,E,56,122,0.03961038961038961,14,11,9,0.40999933408376626,4
20594,59a011f4-689b-3c8f-99a6-ff0ae6175534,73.58674107142856,0.0357142857142857,112.0,494503,default,outlier,outlier,1.0,1.0,4.0,F,4,8,0.6666666666666666,3,3,2,0.4099666191365478,2
14476,d0226afb-3a1a-3bac-89ec-0f243b01fb0e,0.2102164179104477,0.0597014925373134,804.0,10141,default,outlier,outlier,2.0,1.0,48.0,E,48,131,0.05806737588652482,12,11,9,0.4099477772191015,3
4462,adc577c0-aed8-3b6b-92a6-37bfc0d9e24a,0.8578571428571429,0.8571428571428571,7.0,361,private_ip,outlier,outlier,1.0,1.0,6.0,E,6,6,0.2,2,2,1,0.4099278094578881,3
17086,0957a158-158f-3868-aa2d-3035d60f66cd,0.6644807692307693,0.2884615384615384,52.0,2074,private_ip,outlier,outlier,2.0,1.0,15.0,E,15,25,0.11904761904761904,6,4,1,0.40987756905235817,3
9163,7a03da0e-7eec-3608-818f-a46422719bad,0.1514,0.8,5.0,46,private_ip,outlier,outlier,1.0,1.0,4.0,E,4,3,0.25,1,2,0,0.40982810559180916,3
5157,44ab5e1b-e970-3d8a-8964-6d7c72cdbafe,5.069583333333333,0.4166666666666667,12.0,3651,private_ip,outlier,outlier,1.0,1.0,5.0,E,5,5,0.25,2,2,0,0.4098068474424842,3
21815,10aa0e74-9c1b-33ed-bbc0-31ed5e0e30e9,843.143,0.5,2.0,101178,default,AdsBot-Google;Mobile Safari,bot,1.0,1.0,1.0,F,1,1,0.0,1,1,1,0.40980110932517366,2
3863,40e4991d-2512-331c-86ee-20ff3bdb6593,1.2459148418491484,0.1240875912408759,411.0,30725,default,outlier,outlier,2.0,1.0,51.0,E,51,134,0.05254901960784314,17,11,10,0.40976754652036457,3
15717,15915983-4150-340f-90dd-57c56a51ff05,0.477,0.8461538461538461,13.0,373,private_ip,outlier,outlier,1.0,1.0,11.0,E,11,12,0.10909090909090909,2,2,1,0.4097315654600727,3
22122,c6ec35c0-ff79-3230-af12-aa76cb81d99e,13.80178,0.01,200.0,165622,default,outlier,outlier,1.0,1.0,2.0,F,2,3,1.5,2,2,2,0.4096301786020109,2
23765,ab2d9010-dfdb-35b2-8685-78cb21186e06,13.969885,0.01,200.0,167639,default,outlier,outlier,1.0,1.0,2.0,F,2,3,1.5,2,2,2,0.4096301786020109,2
5012,edeac49f-465e-33e9-a60f-ff634e2b73a2,0.6321393072289156,0.0647590361445783,664.0,25185,default,outlier,outlier,1.0,1.0,43.0,E,43,134,0.07419712070874862,10,13,7,0.4096277466591861,3
3727,c1334386-6807-3182-b966-203770a5b8c8,3.7331538461538463,0.4615384615384615,13.0,2912,private_ip,outlier,outlier,1.0,1.0,6.0,E,6,8,0.26666666666666666,4,3,1,0.409624147139201,3
13588,106db39b-0a3c-3c2e-8d81-adb0de3d4f43,1.3677893401015229,0.2944162436548223,197.0,16168,default,outlier,outlier,1.0,1.0,58.0,E,58,128,0.03871748336358137,18,11,7,0.40956465609427467,3
8608,239031a5-bd46-3683-af52-8d31a02b0cb8,0.290780487804878,0.3414634146341463,41.0,716,private_ip,outlier,outlier,1.0,1.0,14.0,E,14,23,0.12637362637362637,4,5,0,0.409533034969605,3
30941,40fdef23-b402-31ca-8993-d9944049720f,154.67855555555556,0.074074074074074,54.0,501159,default,outlier,outlier,1.0,1.0,4.0,F,4,8,0.6666666666666666,3,3,2,0.40947822954387114,2
13817,eeef337d-d320-323c-bf5b-84c73bdce055,7.031333333333333,0.4242424242424242,33.0,13923,private_ip,outlier,outlier,1.0,1.0,14.0,E,14,21,0.11538461538461539,5,5,3,0.4093704173243966,3
13811,d9e14b06-1328-379b-85b7-3b678cdf952e,6.277333333333333,0.6666666666666666,6.0,2260,private_ip,outlier,outlier,1.0,1.0,4.0,E,4,4,0.3333333333333333,2,2,1,0.40927607228874785,3
27356,f20ca115-a466-3352-88b1-1188b5e21ce7,0.0009234449760765,0.0047846889952153,15.48148148148148,47,default,Normal,normal,53.0,54.0,4.0,F,4,6,0.5,2,3,2,0.4092359506714254,2
10480,4e2073e3-ea77-35be-b0d1-a7974846b423,14.6456,0.4285714285714285,35.0,30756,private_ip,outlier,outlier,1.0,1.0,15.0,E,14,21,0.11538461538461539,5,4,1,0.4091783024364857,3
12819,b6baf9ae-1b12-3ffe-9e95-39ead2634f1e,0.2081666666666666,0.6666666666666666,6.0,75,private_ip,outlier,outlier,1.0,1.0,4.0,E,4,4,0.3333333333333333,2,3,1,0.4091730946050647,3
12817,b6baf9ae-1b12-3ffe-9e95-39ead2634f1e,0.2081666666666666,0.6666666666666666,6.0,75,private_ip,outlier,outlier,1.0,1.0,4.0,E,4,4,0.3333333333333333,2,3,1,0.4091730946050647,3
12818,b6baf9ae-1b12-3ffe-9e95-39ead2634f1e,0.2081666666666666,0.6666666666666666,6.0,75,private_ip,outlier,outlier,1.0,1.0,4.0,E,4,4,0.3333333333333333,2,3,1,0.4091730946050647,3
12816,b6baf9ae-1b12-3ffe-9e95-39ead2634f1e,0.2081666666666666,0.6666666666666666,6.0,75,private_ip,outlier,outlier,1.0,1.0,4.0,E,4,4,0.3333333333333333,2,3,1,0.4091730946050647,3
12819,b6baf9ae-1b12-3ffe-9e95-39ead2634f1e,0.2081666666666666,0.6666666666666666,6.0,75,private_ip,outlier,outlier,1.0,1.0,4.0,E,4,4,0.3333333333333333,2,3,1,0.4091730946050647,3
12817,b6baf9ae-1b12-3ffe-9e95-39ead2634f1e,0.2081666666666666,0.6666666666666666,6.0,75,private_ip,outlier,outlier,1.0,1.0,4.0,E,4,4,0.3333333333333333,2,3,1,0.4091730946050647,3
12816,b6baf9ae-1b12-3ffe-9e95-39ead2634f1e,0.2081666666666666,0.6666666666666666,6.0,75,private_ip,outlier,outlier,1.0,1.0,4.0,E,4,4,0.3333333333333333,2,3,1,0.4091730946050647,3
12818,b6baf9ae-1b12-3ffe-9e95-39ead2634f1e,0.2081666666666666,0.6666666666666666,6.0,75,private_ip,outlier,outlier,1.0,1.0,4.0,E,4,4,0.3333333333333333,2,3,1,0.4091730946050647,3
7320,de2e71b6-453b-3d8d-9bc1-9e376011e1e4,0.159,0.6666666666666666,6.0,58,private_ip,outlier,outlier,1.0,1.0,4.0,E,4,4,0.3333333333333333,2,3,1,0.4091730946050647,3
12819,b6baf9ae-1b12-3ffe-9e95-39ead2634f1e,0.2081666666666666,0.6666666666666666,6.0,75,private_ip,outlier,outlier,1.0,1.0,4.0,E,4,4,0.3333333333333333,2,3,1,0.4091730946050647,3
12818,b6baf9ae-1b12-3ffe-9e95-39ead2634f1e,0.2081666666666666,0.6666666666666666,6.0,75,private_ip,outlier,outlier,1.0,1.0,4.0,E,4,4,0.3333333333333333,2,3,1,0.4091730946050647,3
12818,b6baf9ae-1b12-3ffe-9e95-39ead2634f1e,0.2081666666666666,0.6666666666666666,6.0,75,private_ip,outlier,outlier,1.0,1.0,4.0,E,4,4,0.3333333333333333,2,3,1,0.4091730946050647,3
12829,d7cae080-d275-3963-9b92-8a1b496223a7,0.1726666666666666,0.6666666666666666,6.0,63,private_ip,outlier,outlier,1.0,1.0,4.0,E,4,4,0.3333333333333333,2,3,1,0.4091730946050647,3
12817,b6baf9ae-1b12-3ffe-9e95-39ead2634f1e,0.2081666666666666,0.6666666666666666,6.0,75,private_ip,outlier,outlier,1.0,1.0,4.0,E,4,4,0.3333333333333333,2,3,1,0.4091730946050647,3
12819,b6baf9ae-1b12-3ffe-9e95-39ead2634f1e,0.2081666666666666,0.6666666666666666,6.0,75,private_ip,outlier,outlier,1.0,1.0,4.0,E,4,4,0.3333333333333333,2,3,1,0.4091730946050647,3
12816,b6baf9ae-1b12-3ffe-9e95-39ead2634f1e,0.2081666666666666,0.6666666666666666,6.0,75,private_ip,outlier,outlier,1.0,1.0,4.0,E,4,4,0.3333333333333333,2,3,1,0.4091730946050647,3
12816,b6baf9ae-1b12-3ffe-9e95-39ead2634f1e,0.2081666666666666,0.6666666666666666,6.0,75,private_ip,outlier,outlier,1.0,1.0,4.0,E,4,4,0.3333333333333333,2,3,1,0.4091730946050647,3
12817,b6baf9ae-1b12-3ffe-9e95-39ead2634f1e,0.2081666666666666,0.6666666666666666,6.0,75,private_ip,outlier,outlier,1.0,1.0,4.0,E,4,4,0.3333333333333333,2,3,1,0.4091730946050647,3
21306,f42a182b-fb22-3d12-af19-3b1b0f66791d,0.0122865296803652,0.0125570776255707,32.44444444444444,1292,default,Normal,normal,54.0,54.0,22.0,F,22,46,0.09956709956709957,7,8,6,0.40916486432211874,2
14315,fe5a6b07-b82b-379d-8763-a8ded44bdc70,0.9302666666666668,0.5333333333333333,30.0,1675,private_ip,outlier,outlier,1.0,1.0,16.0,E,16,25,0.10416666666666667,5,4,2,0.4090947075930635,3
27693,dd6889e3-7e1c-36df-9b0e-abd7c6d6ba97,61.412885714285714,0.0285714285714285,35.0,128968,datacenter,outlier,outlier,1.0,1.0,1.0,F,1,1,0.0,1,1,1,0.40904401999499646,2
26309,b7e835cd-0e26-33eb-8cc2-825294e82478,0.00315,0.0175257731958762,21.55555555555556,184,default,Normal,normal,53.0,45.0,17.0,F,17,43,0.15808823529411764,6,10,7,0.40903527113416915,1
11923,d9f24162-afac-3af3-8163-80df1a36bf7e,5.757242424242424,0.3939393939393939,33.0,11400,private_ip,outlier,outlier,1.0,1.0,13.0,E,12,20,0.15151515151515152,5,4,2,0.40903447625514144,3
10490,6b72f31e-784c-3f1a-8783-424fd5671f5d,0.0001176470588235,0.0392156862745098,10.2,1,default,YandexBot/3.0,bot,51.0,5.0,2.0,E,2,2,1.0,1,1,2,0.40901943296098786,1
28426,856cd97a-98f7-351d-924d-29305912c9f6,0.3862635897435897,0.0441025641025641,60.9375,22597,default,Normal,normal,19.0,16.0,43.0,F,43,68,0.03765227021040975,7,14,10,0.40894344550359224,2
28628,1e323010-743f-37e1-9dd7-b053c621c86e,0.3744850863422291,0.0690737833594976,57.90909090909091,14313,default,Normal,normal,14.0,11.0,44.0,F,44,69,0.03646934460887949,10,16,7,0.40888440087892286,2
9540,c2dd0c54-250b-3eae-bd9d-10daece4b621,1.3753478260869565,0.4782608695652174,23.0,1898,private_ip,outlier,outlier,1.0,1.0,11.0,E,10,17,0.18888888888888888,5,4,2,0.4088234853126719,3
2618,24cbc01e-ee22-3809-9e03-27ea54963dab,0.4110201680672269,0.06890756302521,595.0,14674,default,outlier,outlier,1.0,1.0,41.0,E,41,78,0.0475609756097561,11,18,2,0.40861468225449016,3
14473,cbda51b2-3d52-3be6-9806-7fd60086aace,54.79613725490196,0.2222222222222222,153.0,503029,default,outlier,outlier,1.0,1.0,34.0,E,34,74,0.0659536541889483,7,8,6,0.40856524214392975,3
6381,1de14933-01ee-339d-842c-ffc784b52aec,1086.542,0.5,2.0,130386,default,BingPreview/1.0b;unknown,bot,1.0,1.0,1.0,E,1,1,0.0,1,1,1,0.40854777104727724,2
7201,77065dd3-faa5-3867-a448-de02b5373774,19.317655172413797,0.270935960591133,203.0,235290,default,outlier,outlier,1.0,1.0,55.0,E,55,102,0.03434343434343434,11,10,4,0.4084623839049911,3
21612,72f5b81b-f069-363e-8b4a-ccd8ce0411f0,0.2895660377358491,0.0990566037735849,24.94117647058824,7367,default,Normal,normal,20.0,17.0,42.0,F,42,75,0.04355400696864112,8,14,10,0.40842303482819753,2
15498,db2c00dd-f3cf-351a-b677-869d63439d0e,0.14,0.8,5.0,42,private_ip,outlier,outlier,1.0,1.0,4.0,E,4,4,0.3333333333333333,2,2,1,0.40838592755979775,3
12998,e264fdae-bf61-309b-bf77-c6560e650538,0.1482,0.8,5.0,45,private_ip,outlier,outlier,1.0,1.0,4.0,E,4,4,0.3333333333333333,2,2,1,0.40838592755979775,3
16448,793b74e6-05c7-38ed-af11-e0565dacc585,1.908319444444444,0.1388888888888889,396.0,45342,default,outlier,outlier,1.0,1.0,55.0,E,54,130,0.045422781271837874,15,12,7,0.40835060493475117,3
13938,35900811-4f73-3eeb-9db2-a3b591be6a08,1.636875,0.875,8.0,786,private_ip,outlier,outlier,1.0,1.0,7.0,E,7,7,0.16666666666666666,2,2,1,0.4082857555938717,3
12439,9d027071-3b45-30c6-b113-c65a3485532f,1.5472727272727274,0.8181818181818182,11.0,1022,private_ip,outlier,outlier,1.0,1.0,9.0,E,9,10,0.1388888888888889,3,3,1,0.4082830318833927,3
25341,caee14eb-c8d8-35c1-973b-cc28f36b1050,0.0041311475409836,0.0163934426229508,122.0,31,default,Python-requests,bot,62.0,1.0,2.0,F,2,2,1.0,1,2,1,0.4082507230410037,1
31218,9845f98e-af91-3f9b-a837-4c2da53fc584,0.011228,0.12,6.25,169,default,Normal,normal,52.0,40.0,30.0,F,30,57,0.06551724137931035,6,9,11,0.40823107705542466,1
11245,8ca595f1-85d1-3c6c-bbad-08d2a4f2565f,11.841142857142858,0.3142857142857143,35.0,24867,private_ip,outlier,outlier,1.0,1.0,11.0,E,11,16,0.14545454545454545,5,3,1,0.4082234564201583,3
31306,903d45fd-a316-32d2-97b5-c0708f354276,1.0564240121580546,0.0319148936170212,19.352941176470587,41708,default,Normal,normal,39.0,34.0,21.0,F,21,62,0.14761904761904762,10,9,7,0.4081946848166235,2
14163,5df29726-76dd-3229-bb3d-4fc5e69d0f2b,4.607631578947369,0.3947368421052631,38.0,10506,private_ip,outlier,outlier,1.0,1.0,15.0,E,15,24,0.11428571428571428,5,4,4,0.40816181508514415,3
30143,e3907f26-9246-3d95-bbc2-b6a4a2072c09,0.2260959119496855,0.0424528301886792,70.66666666666667,8628,default,Normal,normal,33.0,9.0,27.0,F,27,138,0.19658119658119658,11,10,1,0.40814719247970166,2
1156,4debb12f-938b-39c9-931f-12ec76de09bc,5.114505,0.31,200.0,61375,default,outlier,outlier,1.0,1.0,62.0,E,62,113,0.0298783712321523,13,7,10,0.40813719367778056,3
18508,eefe1a4c-a4b8-3410-8e25-a9fd815cfc21,0.8780263605442177,0.0731292517006802,84.0,30977,default,Normal,normal,10.0,7.0,43.0,F,43,81,0.044850498338870434,10,17,8,0.4081356538611259,2
3568,15f10ab1-ace1-3788-a2f4-e1938f92457e,1.142439024390244,0.1292682926829268,410.0,28104,default,outlier,outlier,1.0,1.0,53.0,E,53,129,0.04680696661828737,16,13,6,0.4081261705383893,3
389,8018e801-ffe7-3c65-a947-a461abb68e93,5.765545454545455,0.5454545454545454,11.0,3806,private_ip,outlier,outlier,1.0,1.0,6.0,E,6,7,0.23333333333333334,2,2,1,0.4081154735457748,3
31482,637cd8c7-5998-31da-b988-ce83d2472a08,0.8733767660910517,0.0439560439560439,63.7,33381,default,Normal,normal,37.0,10.0,28.0,F,28,146,0.1931216931216931,10,10,5,0.40809451368039035,2
7849,b8e52efc-6128-3116-9d0f-02ac7ad35cab,0.28725,0.6666666666666666,12.0,207,private_ip,outlier,outlier,1.0,1.0,8.0,E,8,7,0.125,1,3,0,0.40807930600409276,3
31884,74379212-d5fa-3640-b877-ac7028e473c3,0.5787183406113537,0.0491266375545851,83.27272727272727,31807,default,Normal,normal,13.0,11.0,45.0,F,45,79,0.0398989898989899,11,14,7,0.40790345111504,2
10684,8c819797-d53d-3e64-a151-c8da558159f3,0.0048303964757709,0.0770925110132158,21.61904761904762,132,default,Googlebot/2.1,bot,73.0,21.0,35.0,E,35,57,0.04789915966386555,6,7,14,0.4078882181041559,1
10801,accc732b-d8e3-3684-b629-e26126ffde41,0.0001202531645569,0.0063291139240506,158.0,2,default,outlier,outlier,146.0,1.0,1.0,E,1,1,0.0,1,1,1,0.40787097147382445,2
9941,3a5c48f2-637a-387f-aae7-243f82b7ccaa,0.2718,0.8,5.0,82,private_ip,outlier,outlier,1.0,1.0,4.0,E,4,4,0.3333333333333333,2,2,1,0.4078549421601041,3
15052,ab6de2aa-cc2b-3bad-a9aa-874d7afb13a5,0.1888,0.8,5.0,57,private_ip,outlier,outlier,1.0,1.0,4.0,E,4,4,0.3333333333333333,2,2,1,0.4078549421601041,3
16441,6d47ca1f-91d9-3b03-8d2a-8f267252c1f5,0.2934,0.8,5.0,89,private_ip,outlier,outlier,1.0,1.0,4.0,E,4,4,0.3333333333333333,2,2,1,0.4078549421601041,3
24110,b9c0e0c8-9f96-3d1a-81da-cc3d5f2e4c4e,1.0007486535008978,0.0736086175942549,34.8125,33446,default,Normal,normal,30.0,16.0,41.0,F,41,104,0.06341463414634146,7,7,10,0.40784015371519544,2
8818,4e0d2fc9-5cf6-3282-8135-59cd1eacaf86,8.9876,0.64,25.0,13482,private_ip,outlier,outlier,1.0,1.0,16.0,E,16,21,0.0875,5,4,2,0.4078314685378797,3
1621,b02fc4a1-cd5c-3f15-9fb9-b97ce344f3de,1.4337961373390558,0.2660944206008583,233.0,20045,default,outlier,outlier,1.0,1.0,62.0,E,62,134,0.035430988894764676,15,9,7,0.407764105251738,3
10765,6b33f2cb-cc81-3e34-b1f9-7c5acc2b9753,1.885118845500849,0.0814940577249575,589.0,66621,default,outlier,outlier,1.0,1.0,48.0,E,48,123,0.05452127659574468,16,10,9,0.4077319292762387,3
2017,2d70b2e9-356f-32ec-84ee-83dfeb5ffa17,7.711718274111675,0.299492385786802,197.0,91153,default,outlier,outlier,1.0,1.0,59.0,E,59,97,0.028345996493278784,16,10,5,0.40770043477693124,3
16548,ad5217e6-09ce-3e6e-9e5b-1d373da3bc50,8.197698717948718,0.2393162393162393,234.0,115096,default,outlier,outlier,2.0,1.0,56.0,E,56,121,0.039285714285714285,14,12,7,0.4075682830842037,3
12985,b7d5d624-0b3a-32f0-b14d-a1ac2a41c12b,5.951,0.2708333333333333,48.0,17139,private_ip,outlier,outlier,1.0,1.0,13.0,E,13,21,0.1346153846153846,5,5,2,0.40748536017467607,3
8196,95d1b88b-daa8-357d-adec-aa290914f3e6,4.315955729166667,0.3177083333333333,192.0,49720,default,outlier,outlier,2.0,1.0,61.0,E,61,108,0.029508196721311476,17,9,6,0.4074654744362184,3
16276,742cc86b-5032-3014-9bc5-bb3240d37ece,0.3104285714285714,0.5714285714285714,7.0,131,private_ip,outlier,outlier,1.0,1.0,4.0,E,4,4,0.3333333333333333,2,2,1,0.40745679160333237,3
15388,57afd378-e441-3419-b1c8-06cd9cbff35c,3.8224,0.4,40.0,9174,private_ip,outlier,outlier,1.0,1.0,16.0,E,15,23,0.10952380952380952,7,4,3,0.4074300596721156,3
11281,e864545b-bff8-3da4-a7b1-7b06a901bd83,1.1528333333333332,0.8333333333333334,6.0,416,private_ip,outlier,outlier,1.0,1.0,5.0,E,5,5,0.25,2,2,0,0.4074170070693623,3
6624,e1e077a6-4368-3348-aca9-a62e0361e84e,1.9412622950819676,0.2622950819672131,61.0,7106,private_ip,outlier,outlier,1.0,1.0,16.0,E,16,23,0.09583333333333334,4,4,3,0.40719546787151706,3
19274,25507afe-2a60-3eec-8110-527dc83257eb,4.193548387096775e-05,0.032258064516129,2.3484848484848486,1,default,Normal,normal,68.0,66.0,5.0,F,5,6,0.3,2,3,1,0.4071793130411273,2
2892,3be916cf-570d-34b3-8fc2-c6021f3398df,1.0108479685452163,0.0484927916120576,763.0,46277,default,outlier,outlier,1.0,1.0,37.0,E,37,115,0.08633633633633633,9,13,9,0.4071048405735433,3
2892,3be916cf-570d-34b3-8fc2-c6021f3398df,1.0108479685452163,0.0484927916120576,763.0,46277,default,outlier,outlier,1.0,1.0,37.0,E,37,115,0.08633633633633633,9,13,9,0.4071048405735433,3
2892,3be916cf-570d-34b3-8fc2-c6021f3398df,1.0108479685452163,0.0484927916120576,763.0,46277,default,outlier,outlier,1.0,1.0,37.0,E,37,115,0.08633633633633633,9,13,9,0.4071048405735433,3
2893,3be916cf-570d-34b3-8fc2-c6021f3398df,1.0108479685452163,0.0484927916120576,763.0,46277,default,outlier,outlier,1.0,1.0,37.0,E,37,115,0.08633633633633633,9,13,9,0.4071048405735433,3
2893,3be916cf-570d-34b3-8fc2-c6021f3398df,1.0108479685452163,0.0484927916120576,763.0,46277,default,outlier,outlier,1.0,1.0,37.0,E,37,115,0.08633633633633633,9,13,9,0.4071048405735433,3
2892,3be916cf-570d-34b3-8fc2-c6021f3398df,1.0108479685452163,0.0484927916120576,763.0,46277,default,outlier,outlier,1.0,1.0,37.0,E,37,115,0.08633633633633633,9,13,9,0.4071048405735433,3
2893,3be916cf-570d-34b3-8fc2-c6021f3398df,1.0108479685452163,0.0484927916120576,763.0,46277,default,outlier,outlier,1.0,1.0,37.0,E,37,115,0.08633633633633633,9,13,9,0.4071048405735433,3
2893,3be916cf-570d-34b3-8fc2-c6021f3398df,1.0108479685452163,0.0484927916120576,763.0,46277,default,outlier,outlier,1.0,1.0,37.0,E,37,115,0.08633633633633633,9,13,9,0.4071048405735433,3
2890,3be916cf-570d-34b3-8fc2-c6021f3398df,1.0108479685452163,0.0484927916120576,763.0,46277,default,outlier,outlier,1.0,1.0,37.0,E,37,115,0.08633633633633633,9,13,9,0.4071048405735433,3
2891,3be916cf-570d-34b3-8fc2-c6021f3398df,1.0108479685452163,0.0484927916120576,763.0,46277,default,outlier,outlier,1.0,1.0,37.0,E,37,115,0.08633633633633633,9,13,9,0.4071048405735433,3
2890,3be916cf-570d-34b3-8fc2-c6021f3398df,1.0108479685452163,0.0484927916120576,763.0,46277,default,outlier,outlier,1.0,1.0,37.0,E,37,115,0.08633633633633633,9,13,9,0.4071048405735433,3
2890,3be916cf-570d-34b3-8fc2-c6021f3398df,1.0108479685452163,0.0484927916120576,763.0,46277,default,outlier,outlier,1.0,1.0,37.0,E,37,115,0.08633633633633633,9,13,9,0.4071048405735433,3
2891,3be916cf-570d-34b3-8fc2-c6021f3398df,1.0108479685452163,0.0484927916120576,763.0,46277,default,outlier,outlier,1.0,1.0,37.0,E,37,115,0.08633633633633633,9,13,9,0.4071048405735433,3
2891,3be916cf-570d-34b3-8fc2-c6021f3398df,1.0108479685452163,0.0484927916120576,763.0,46277,default,outlier,outlier,1.0,1.0,37.0,E,37,115,0.08633633633633633,9,13,9,0.4071048405735433,3
2891,3be916cf-570d-34b3-8fc2-c6021f3398df,1.0108479685452163,0.0484927916120576,763.0,46277,default,outlier,outlier,1.0,1.0,37.0,E,37,115,0.08633633633633633,9,13,9,0.4071048405735433,3
2890,3be916cf-570d-34b3-8fc2-c6021f3398df,1.0108479685452163,0.0484927916120576,763.0,46277,default,outlier,outlier,1.0,1.0,37.0,E,37,115,0.08633633633633633,9,13,9,0.4071048405735433,3
15263,c0fcdad2-8664-3c96-a3c0-f562f8576e87,0.8098844621513944,0.0610889774236387,753.0,36591,default,outlier,outlier,1.0,1.0,46.0,E,46,136,0.06570048309178744,11,8,11,0.40708910758936123,3
32045,38dd847a-2e29-3336-b35f-5480592394ae,17.787313750000003,0.01,200.0,426896,default,Normal,normal,2.0,2.0,4.0,F,4,8,0.6666666666666666,3,2,2,0.4070142432143812,2
20828,1447da35-fabb-3202-b0d5-722cfc9163ff,0.5216588921282799,0.0641399416909621,52.76923076923077,21472,default,Normal,normal,17.0,13.0,44.0,F,44,80,0.042283298097251586,8,15,8,0.406987060832798,2
366,3b53da91-92df-3db8-842c-d493039e5346,0.80875,0.875,8.0,389,private_ip,outlier,outlier,1.0,1.0,7.0,E,7,7,0.16666666666666666,2,2,1,0.4069565232507994,3
13439,123bbcd9-62d3-3281-8e81-377ac235d862,2.7873360215053764,0.1532258064516129,372.0,62214,default,outlier,outlier,1.0,1.0,57.0,E,57,128,0.040100250626566414,16,10,9,0.4069423998400963,3
7298,b1881e2a-0f34-3a1e-a203-98d80efda59c,5.167228571428572,0.4571428571428571,35.0,10852,private_ip,outlier,outlier,1.0,1.0,16.0,E,16,28,0.11666666666666667,5,4,2,0.40692722665223574,3
7298,b1881e2a-0f34-3a1e-a203-98d80efda59c,5.167228571428572,0.4571428571428571,35.0,10852,private_ip,outlier,outlier,1.0,1.0,16.0,E,16,28,0.11666666666666667,5,4,2,0.40692722665223574,3
7298,b1881e2a-0f34-3a1e-a203-98d80efda59c,5.167228571428572,0.4571428571428571,35.0,10852,private_ip,outlier,outlier,1.0,1.0,16.0,E,16,28,0.11666666666666667,5,4,2,0.40692722665223574,3
7300,b1881e2a-0f34-3a1e-a203-98d80efda59c,5.167228571428572,0.4571428571428571,35.0,10852,private_ip,outlier,outlier,1.0,1.0,16.0,E,16,28,0.11666666666666667,5,4,2,0.40692722665223574,3
7299,b1881e2a-0f34-3a1e-a203-98d80efda59c,5.167228571428572,0.4571428571428571,35.0,10852,private_ip,outlier,outlier,1.0,1.0,16.0,E,16,28,0.11666666666666667,5,4,2,0.40692722665223574,3
7300,b1881e2a-0f34-3a1e-a203-98d80efda59c,5.167228571428572,0.4571428571428571,35.0,10852,private_ip,outlier,outlier,1.0,1.0,16.0,E,16,28,0.11666666666666667,5,4,2,0.40692722665223574,3
7298,b1881e2a-0f34-3a1e-a203-98d80efda59c,5.167228571428572,0.4571428571428571,35.0,10852,private_ip,outlier,outlier,1.0,1.0,16.0,E,16,28,0.11666666666666667,5,4,2,0.40692722665223574,3
7297,b1881e2a-0f34-3a1e-a203-98d80efda59c,5.167228571428572,0.4571428571428571,35.0,10852,private_ip,outlier,outlier,1.0,1.0,16.0,E,16,28,0.11666666666666667,5,4,2,0.40692722665223574,3
7297,b1881e2a-0f34-3a1e-a203-98d80efda59c,5.167228571428572,0.4571428571428571,35.0,10852,private_ip,outlier,outlier,1.0,1.0,16.0,E,16,28,0.11666666666666667,5,4,2,0.40692722665223574,3
7297,b1881e2a-0f34-3a1e-a203-98d80efda59c,5.167228571428572,0.4571428571428571,35.0,10852,private_ip,outlier,outlier,1.0,1.0,16.0,E,16,28,0.11666666666666667,5,4,2,0.40692722665223574,3
7297,b1881e2a-0f34-3a1e-a203-98d80efda59c,5.167228571428572,0.4571428571428571,35.0,10852,private_ip,outlier,outlier,1.0,1.0,16.0,E,16,28,0.11666666666666667,5,4,2,0.40692722665223574,3
7300,b1881e2a-0f34-3a1e-a203-98d80efda59c,5.167228571428572,0.4571428571428571,35.0,10852,private_ip,outlier,outlier,1.0,1.0,16.0,E,16,28,0.11666666666666667,5,4,2,0.40692722665223574,3
7299,b1881e2a-0f34-3a1e-a203-98d80efda59c,5.167228571428572,0.4571428571428571,35.0,10852,private_ip,outlier,outlier,1.0,1.0,16.0,E,16,28,0.11666666666666667,5,4,2,0.40692722665223574,3
7299,b1881e2a-0f34-3a1e-a203-98d80efda59c,5.167228571428572,0.4571428571428571,35.0,10852,private_ip,outlier,outlier,1.0,1.0,16.0,E,16,28,0.11666666666666667,5,4,2,0.40692722665223574,3
7299,b1881e2a-0f34-3a1e-a203-98d80efda59c,5.167228571428572,0.4571428571428571,35.0,10852,private_ip,outlier,outlier,1.0,1.0,16.0,E,16,28,0.11666666666666667,5,4,2,0.40692722665223574,3
7300,b1881e2a-0f34-3a1e-a203-98d80efda59c,5.167228571428572,0.4571428571428571,35.0,10852,private_ip,outlier,outlier,1.0,1.0,16.0,E,16,28,0.11666666666666667,5,4,2,0.40692722665223574,3
16309,d115ee02-704e-336a-bf58-2cff523f4610,0.5097142857142857,0.8571428571428571,7.0,215,private_ip,outlier,outlier,1.0,1.0,6.0,E,6,6,0.2,2,2,0,0.40692022732396377,3
6288,edf8a769-4f14-39fe-a963-00fff7f3d184,0.836,0.7,10.0,502,private_ip,outlier,outlier,1.0,1.0,7.0,E,7,7,0.16666666666666666,2,4,0,0.40678940834538635,3
15614,2a6e3267-84b2-337d-8c2a-267e06c07d8c,4.92072,0.28,25.0,7382,private_ip,outlier,outlier,1.0,1.0,7.0,E,7,10,0.23809523809523808,4,3,1,0.4067411614688813,3
17805,4f67f1fd-0611-3761-8868-e25967fff50e,382.8085714285714,0.2857142857142857,7.0,160780,default,outlier,outlier,1.0,1.0,2.0,F,2,2,1.0,2,1,1,0.40665340643338904,2
33520,5d0dfb9a-c17a-3dda-89d1-d3e9ce62b4d1,6.461293749999999,0.005,200.0,155072,default,Normal,normal,1.0,2.0,2.0,F,2,3,1.5,2,2,2,0.40663961748002864,2
23904,32cd3ea2-8f17-36a3-81c6-a5f967ac0082,6.3771475,0.005,200.0,153052,default,Normal,normal,1.0,2.0,2.0,F,2,3,1.5,2,2,2,0.40663961748002864,2
6861,85ca7001-5122-3eec-86d0-378b1ffd0427,6.123142857142857,0.7142857142857143,14.0,5144,private_ip,outlier,outlier,1.0,1.0,10.0,E,10,12,0.13333333333333333,3,3,2,0.4064148498466636,3
10087,d7d41f55-46c3-3384-beb1-b2eff8aaa409,1.5390625,0.75,16.0,1478,private_ip,outlier,outlier,1.0,1.0,12.0,E,12,14,0.10606060606060606,4,5,1,0.40637157178233796,3
7137,ea07d6fe-f3bd-3b6f-bd4f-5408158eb667,1.6501764705882354,0.5882352941176471,17.0,1684,private_ip,outlier,outlier,1.0,1.0,10.0,E,9,9,0.125,2,3,0,0.40635795612884457,3
29870,846c12f6-d981-3f91-85ad-d7710d62874e,37.066715,0.02,200.0,444801,default,outlier,outlier,1.0,1.0,4.0,F,4,7,0.5833333333333334,2,3,2,0.4063173014467539,2
2664,9ddf8036-f65a-32d2-bb03-4a9267b4addc,516.29625,0.5,4.0,123912,default,outlier,outlier,1.0,1.0,2.0,E,2,2,1.0,1,2,1,0.4061997564871228,2
15654,8087d8e6-98e1-36f3-a7d4-f1085bac480c,2.554,0.358974358974359,39.0,5977,private_ip,outlier,outlier,1.0,1.0,14.0,E,14,27,0.14835164835164835,6,4,2,0.4061263220603401,3
25529,07af047b-e285-3652-a958-e0b23240554e,173.5623,0.025,40.0,416550,default,outlier,outlier,1.0,1.0,1.0,F,1,1,0.0,1,1,1,0.4061181582294566,2
33252,fb54c44d-696b-3e5e-97ce-6895f8651d0f,0.0279879825200291,0.0254916241806263,32.69047619047619,2306,default,Normal,normal,41.0,42.0,35.0,F,35,63,0.052941176470588235,7,7,6,0.40608815525662845,1
17100,2f341614-ea31-348b-809b-cb84f509cd1b,0.9569756756756757,0.3243243243243243,185.0,10623,default,outlier,outlier,2.0,1.0,60.0,E,60,103,0.029096045197740113,17,11,4,0.40604992681209995,3
12001,f1365551-61bd-3ea7-97bf-db8e923e0a04,0.4102857142857142,0.8571428571428571,7.0,173,private_ip,outlier,outlier,1.0,1.0,6.0,E,6,6,0.2,2,2,1,0.4057347333444401,3
1610,9d4fb821-d834-3646-b4d1-47cf1aa2cb68,1.421048275862069,0.128735632183908,435.0,37090,default,outlier,outlier,2.0,1.0,56.0,E,56,122,0.03961038961038961,16,10,7,0.40573288348860626,3
20587,4a4151d4-f887-3bec-8555-9fc4f2ec7424,0.3436840336134453,0.0739495798319327,49.583333333333336,12270,default,Normal,normal,17.0,12.0,44.0,F,44,74,0.039112050739957716,8,15,7,0.4057118586274493,2
28300,db3fca6d-ee92-3700-84f4-5ee28ad8cfc7,6.649592269326683,0.0049875311720698,200.5,159990,default,Normal,normal,1.0,2.0,2.0,F,2,3,1.5,2,2,2,0.4056703211494369,2
321,a6fdbcc9-17bb-3a35-9ae2-49da09132a8b,1.2673636363636362,0.8181818181818182,11.0,837,private_ip,outlier,outlier,1.0,1.0,9.0,E,9,10,0.1388888888888889,3,3,1,0.4056363189581559,3
8955,dd21636f-aca0-3713-8a59-943486880a46,5.36453125,0.3125,32.0,10300,private_ip,outlier,outlier,1.0,1.0,10.0,E,10,16,0.17777777777777778,6,3,1,0.4056248668352929,3
14782,d8d10041-0e80-3c62-9703-dc0c5d22fc42,0.2382777777777777,0.7777777777777778,18.0,258,private_ip,outlier,outlier,1.0,1.0,14.0,E,14,17,0.09340659340659341,4,4,2,0.4055737266420189,3
20345,7d42d7ff-e1a2-3857-b617-fd5019516cef,0.0042097902097902,0.0221445221445221,15.6,217,default,Normal,normal,65.0,55.0,19.0,F,19,39,0.11403508771929824,6,8,6,0.4055496149455125,2
3654,efd831f5-2f25-32fe-a397-20c0b9374c8b,0.139,0.8888888888888888,9.0,76,private_ip,outlier,outlier,1.0,1.0,8.0,E,8,8,0.14285714285714285,2,2,0,0.4054900127177412,3
3182,611ec987-52f0-34a4-a361-e419519c6133,4.1144,0.3,40.0,9875,private_ip,outlier,outlier,1.0,1.0,12.0,E,12,18,0.13636363636363635,4,4,3,0.40543372587797183,3
31846,f1740a43-3f41-33b9-b6ae-180e613a8421,0.0049584415584415,0.0415584415584415,6.209677419354839,115,default,Normal,normal,68.0,62.0,16.0,F,16,20,0.08333333333333333,4,6,4,0.4054328344687891,2
24093,8d27be00-4a0c-37a9-8ef8-e5041129c75e,1.925125,0.75,8.0,925,private_ip,outlier,outlier,1.0,1.0,6.0,F,6,6,0.2,2,2,1,0.40538691654289416,3
28898,5d1d995a-7132-3158-b494-887e70bd814b,0.0050337273991655,0.0159944367176634,28.19607843137255,435,default,Normal,normal,55.0,51.0,23.0,F,23,45,0.08893280632411067,6,9,4,0.4053595948894957,1
9389,fc474432-8a93-3c12-9a0b-f04854ca5f13,0.285,0.8333333333333334,12.0,206,private_ip,outlier,outlier,1.0,1.0,10.0,E,10,10,0.1111111111111111,2,3,1,0.4053435111420224,3
27885,29f4ab8e-fc10-3d09-9d4c-1ef79ca3a873,0.0154909194097616,0.014188422247446,38.30434782608695,1638,default,Normal,normal,51.0,46.0,25.0,F,25,53,0.08833333333333333,6,9,8,0.40529218178693605,1
21622,965cdc7f-2fbb-3ed1-a8df-9c7d8f3decf4,1.5581153846153846,0.6153846153846154,13.0,1216,private_ip,outlier,outlier,2.0,1.0,8.0,F,8,9,0.16071428571428573,2,3,1,0.40522382533681056,3
1702,c4456a3e-09a5-3f86-961d-7182626968f7,3.94145652173913,0.3478260869565217,46.0,10879,private_ip,outlier,outlier,1.0,1.0,16.0,E,15,22,0.10476190476190476,5,4,3,0.40520212258033605,3
29555,9ba46a6e-ab1c-33ec-b7ac-728f38bbef40,168.28060655737707,0.0655737704918032,61.0,615908,default,outlier,outlier,1.0,1.0,4.0,F,4,6,0.5,3,2,2,0.4051756413193323,2
4095,c5363ac6-a0df-348f-8018-bc1867516d96,0.5070456081081082,0.089527027027027,592.0,18011,default,outlier,outlier,1.0,1.0,53.0,E,53,148,0.05370101596516691,13,9,7,0.40507183688698223,3
2777,2245e3ae-2e4b-343e-b03f-c614e9d74c7a,1068.67075,1.0,4.0,256481,default,outlier,outlier,1.0,1.0,4.0,E,4,3,0.25,1,1,0,0.4049753564849848,2
7158,286dbbf7-f490-339c-92e8-cc0086f0214b,0.00182,0.32,25.0,3,private_ip,outlier,outlier,4.0,1.0,8.0,E,8,11,0.19642857142857142,4,4,1,0.40493041067264,3
16820,d7ec68ec-d942-3de2-a7d0-d92f0bef7e87,1.931357142857143,0.5714285714285714,28.0,3245,private_ip,outlier,outlier,1.0,1.0,16.0,E,15,22,0.10476190476190476,4,5,2,0.40483540083760317,3
29047,5d33b742-49ea-35bb-9cee-405195e6bf0c,12.71414,0.01,200.0,152570,default,outlier,outlier,1.0,1.0,2.0,F,2,3,1.5,2,2,2,0.4048167424131932,2
16195,6f38f1fd-8e99-3a61-ad46-3a5053f2e173,2.0684046822742475,0.2006688963210702,299.0,37108,default,outlier,outlier,2.0,1.0,60.0,E,60,116,0.0327683615819209,15,11,11,0.40480520456688684,4
16274,6db49f9b-6b63-3840-bd50-b768a3077bd9,3.065523809523809,0.5238095238095238,21.0,3863,private_ip,outlier,outlier,1.0,1.0,11.0,E,11,15,0.13636363636363635,4,5,2,0.4047142296868772,3
30054,cfb2817d-f2da-3ddd-97b0-956fca31159f,1.66875,0.75,8.0,801,private_ip,outlier,outlier,1.0,1.0,6.0,F,6,6,0.2,2,2,1,0.40460046210198547,3
29433,1c940902-eb9e-3314-b4eb-865e8feae605,0.0363571428571428,0.0802005012531328,9.5,871,default,Normal,normal,50.0,42.0,32.0,F,32,67,0.06754032258064516,7,10,8,0.40451308708377487,2
2700,171a65d4-f69e-3c2c-b6f9-d2207abd9de7,1.5726,0.35,20.0,1888,private_ip,outlier,outlier,1.0,1.0,7.0,E,7,9,0.21428571428571427,2,2,3,0.4044760102516018,3
9243,6e9e1c31-547a-3670-98f1-7a77385dd67a,0.2079158878504673,0.308411214953271,214.0,2670,default,outlier,outlier,2.0,1.0,66.0,E,66,116,0.02703962703962704,14,6,5,0.40442934724196244,3
20426,59d8c3d4-6649-3c2f-aedd-ef44481542e5,177.3070135135135,0.081081081081081,74.0,787244,default,outlier,outlier,1.0,1.0,6.0,F,6,11,0.36666666666666664,2,4,1,0.40441839390076206,2
16640,9b7f2531-9e8d-3240-9434-989a2b1da107,0.7318888888888889,0.6666666666666666,9.0,396,private_ip,outlier,outlier,1.0,1.0,6.0,E,6,7,0.23333333333333334,3,3,1,0.4043761343058593,3
3120,9c40d454-e769-3b81-89af-1a75cef3ad1b,1.4180946327683617,0.1836158192090395,354.0,30121,default,outlier,outlier,1.0,1.0,65.0,E,65,132,0.03173076923076923,13,11,8,0.4043228631313133,3
13135,701f09f1-3b4c-3642-a1da-6cc8e268f791,1.9888365896980464,0.0870337477797513,563.0,67183,default,outlier,outlier,1.0,1.0,49.0,E,49,119,0.050595238095238096,14,10,11,0.40431676679854567,3
5853,594c3ee7-0227-3da1-931e-899de05f9c00,0.9378765432098766,0.2510288065843621,243.0,13675,default,outlier,outlier,2.0,1.0,61.0,E,61,113,0.03087431693989071,17,11,9,0.4042397156660478,3
23685,b96f007f-ff86-331e-bc60-2b18ebcf10c6,608.9978571428571,1.0,7.0,255780,default,outlier,outlier,1.0,1.0,7.0,F,7,6,0.14285714285714285,1,1,0,0.40423800777200786,2
13282,2b5354f6-7609-323d-94bf-ae0a43be41a9,670.99275,0.25,4.0,161039,default,outlier,outlier,1.0,1.0,1.0,E,1,1,0.0,1,1,1,0.4041849067867478,2
9124,ef056b65-42d0-3f15-959d-0126da850c8c,2.2453000000000003,0.3666666666666666,30.0,4042,private_ip,outlier,outlier,1.0,1.0,11.0,E,11,18,0.16363636363636364,5,5,1,0.40411711678445117,3
10702,d7adcf84-a9c0-343b-9411-86dc4e017ce2,0.6149,0.6,20.0,738,private_ip,outlier,outlier,1.0,1.0,12.0,E,12,16,0.12121212121212122,3,5,3,0.40404793586773885,3
21601,4cb90d96-2255-35a5-9e9d-5c57bbff568a,12.44484,0.01,200.0,149339,default,outlier,outlier,1.0,1.0,2.0,F,2,3,1.5,2,2,2,0.4039397170283091,2
16330,0debf94d-7b38-353f-aae8-7f0ed827abd1,1.5674146706586825,0.1886227544910179,334.0,31411,default,outlier,outlier,1.0,1.0,63.0,E,63,131,0.03353814644137225,14,10,10,0.40392825290092493,3
20789,987c8e91-f995-34e0-a589-a55e7c6ca30e,13.17325,0.01,200.0,158079,default,outlier,outlier,1.0,1.0,2.0,F,2,3,1.5,2,2,2,0.40384880679865715,2
18134,5abcd540-de89-3354-b00d-9a724eae7714,13.29399,0.01,200.0,159528,default,outlier,outlier,1.0,1.0,2.0,F,2,3,1.5,2,2,2,0.40384880679865715,2
8924,66460f40-e541-3203-aeac-bbbef4215c99,51.00304020100502,0.1557788944723618,199.0,608977,default,outlier,outlier,1.0,1.0,31.0,E,31,68,0.07311827956989247,6,5,4,0.40381068632172656,2
2928,87ececb4-74a2-381d-bbfa-eefb2959b199,3.1674814814814813,0.5185185185185185,27.0,5132,private_ip,outlier,outlier,2.0,1.0,14.0,E,14,19,0.1043956043956044,5,4,2,0.40369408791565276,3
24112,baa8a743-7c3f-3e5f-85ac-0886672d5d03,0.0019859620148637,0.0132122213047068,21.24561403508772,145,default,Normal,normal,63.0,57.0,16.0,F,16,30,0.125,5,7,5,0.40362046573336274,2
12853,28a471f1-48d9-3b52-89a4-243c36b2ee42,1.690093023255814,0.3255813953488372,43.0,4361,private_ip,outlier,outlier,1.0,1.0,14.0,E,12,19,0.14393939393939395,6,4,3,0.4035144030482008,3
28683,e838e88c-2310-3b3e-8f0e-c75874c2f138,12.041785,0.01,200.0,144502,default,outlier,outlier,1.0,1.0,2.0,F,2,3,1.5,2,2,2,0.40350142680445394,2
2574,a5bddfad-8334-3691-9caa-fddcb3959cb1,0.5325599999999999,0.48,25.0,799,private_ip,outlier,outlier,2.0,1.0,12.0,E,12,17,0.12878787878787878,4,4,3,0.4034649541917201,3
13075,be9e20ab-0b66-3bcb-b820-81d280181321,0.2393449023861171,0.0166305133767172,1383.0,19861,default,outlier,outlier,1.0,1.0,23.0,E,23,86,0.16996047430830039,9,8,5,0.4033866499395967,3
28747,92eee853-6617-3e07-9766-8195499b53ea,0.5351903945111491,0.0497427101200686,116.6,18721,default,Normal,normal,26.0,5.0,29.0,F,29,143,0.17610837438423646,10,12,4,0.40336164346799114,2
15198,2ff980d3-db9b-3a5f-9e90-2ee54b75578f,3.841,0.5454545454545454,11.0,2536,private_ip,outlier,outlier,1.0,1.0,6.0,E,6,7,0.23333333333333334,2,2,1,0.4033350603512882,3
5298,dc4b6ae5-c71f-373f-a16f-ded317e9fe5b,6.056697640117995,0.1327433628318584,339.0,123194,default,outlier,outlier,2.0,1.0,45.0,E,45,119,0.0601010101010101,9,16,4,0.4032091378618554,3
27723,2a7fdb44-37cc-3913-be33-d7b8ca7bfb12,361.3166875,0.875,16.0,346865,default,outlier,outlier,1.0,1.0,14.0,F,14,14,0.07692307692307693,1,2,0,0.4032011629775965,2
23695,cfe03c74-c800-322e-be23-6373b858ca7e,0.0280957831325301,0.008433734939759,56.59090909090909,4198,default,Normal,normal,44.0,44.0,21.0,F,21,32,0.0761904761904762,8,11,4,0.40313387738620565,1
17041,74499393-aca4-3e49-9bf9-c60826270f8f,0.0009186746987951,0.1174698795180722,30.181818181818183,19,default,Googlebot/2.1,bot,60.0,11.0,39.0,E,39,70,0.04723346828609987,7,8,15,0.4031056385492388,2
16298,ac46d93e-dc5e-32f3-b182-ca035e24d682,0.6891,0.7,10.0,414,private_ip,outlier,outlier,1.0,1.0,7.0,E,7,8,0.19047619047619047,3,4,1,0.402997163052806,3
13520,1a63b684-3325-37f5-b838-f30504ca9d77,1.738654513888889,0.2013888888888889,288.0,30044,default,outlier,outlier,2.0,1.0,58.0,E,58,145,0.043859649122807015,13,13,8,0.40280096951560135,3
2044,7b6298c2-d2fa-322d-8cb8-0d8b322786e8,5.635822784810127,0.3987341772151899,158.0,53428,default,outlier,outlier,1.0,1.0,63.0,E,63,105,0.026881720430107527,12,10,5,0.40279105794283165,3
18702,5f1325ef-4ff2-38b2-939a-4fb9a09f2493,0.6199482323232324,0.0517676767676767,56.57142857142857,29460,default,Normal,normal,17.0,14.0,41.0,F,41,71,0.043292682926829265,9,15,8,0.4027680690877268,2
20657,1bbf1f2d-fb09-3c6f-bdb7-1e7736bb9510,643.5564444444445,0.6666666666666666,9.0,347521,default,outlier,outlier,1.0,1.0,6.0,F,6,8,0.26666666666666666,2,2,0,0.4027490996165016,2
21645,d3c4c66b-13ba-3f7c-bcb6-e1924b7a2cba,0.0050713577799801,0.0168483647175421,17.10169491525424,308,default,Normal,normal,57.0,59.0,17.0,F,17,31,0.11397058823529412,4,8,5,0.4026821861871743,2
27812,5ee29672-0399-3b8c-a355-6ee7ab1826c6,76.3090134228188,0.0536912751677852,149.0,682203,default,outlier,outlier,1.0,1.0,8.0,F,7,12,0.2857142857142857,3,5,2,0.40265523669244996,2
3280,c4535bf0-54bd-32a1-854b-2a5dee978f30,0.4469115281501341,0.1018766756032171,373.0,10002,default,outlier,outlier,3.0,1.0,38.0,E,38,106,0.07539118065433854,14,13,12,0.4026055384518011,3
2716,460f83ce-5ddb-3dd2-ae3c-c3e221137fcb,1.7824166666666668,0.75,12.0,1284,private_ip,outlier,outlier,1.0,1.0,9.0,E,9,10,0.1388888888888889,2,3,0,0.4024321578910628,3
10999,e5133519-764d-38ab-b98d-b3570fddc533,0.5244615384615384,0.6923076923076923,13.0,410,private_ip,outlier,outlier,1.0,1.0,9.0,E,9,10,0.1388888888888889,3,5,1,0.40242759183749605,3
1238,2a266ac6-bb05-3d4f-9893-0ed2cd43f2e4,4.017714285714286,0.3928571428571428,28.0,6750,private_ip,outlier,outlier,1.0,1.0,11.0,E,11,17,0.15454545454545454,4,4,3,0.4023947048259455,3
26111,8c601433-34ca-30b9-955d-4382b90674e3,0.003265664160401,0.0275689223057644,6.333333333333333,79,default,Normal,normal,67.0,63.0,11.0,F,11,16,0.14545454545454545,3,8,3,0.4022243713174405,2
10435,a16c4f3a-6eab-38af-a266-c9e4276afc1e,3.863015320334262,0.1309192200557103,359.0,83210,default,outlier,outlier,1.0,1.0,47.0,E,47,127,0.05874190564292322,15,12,10,0.402213843011732,3
7490,d610f934-cafe-331a-bb29-91da9ad7b35a,1.2314,0.5333333333333333,15.0,1109,private_ip,outlier,outlier,1.0,1.0,8.0,E,8,11,0.19642857142857142,4,4,1,0.4021445880803989,3
6781,a58924e7-770e-3a20-abb2-cc20090a591b,1.1381666666666668,0.4444444444444444,18.0,1230,private_ip,outlier,outlier,2.0,1.0,8.0,E,8,9,0.16071428571428573,3,4,1,0.4020541966341977,3
11114,047164cb-f3d8-322e-9690-dfea4bba110b,4.718649289099526,0.3033175355450237,211.0,59739,default,outlier,outlier,1.0,1.0,64.0,E,63,120,0.030721966205837174,12,7,9,0.4020368394171009,3
14713,1f4f81ac-7466-3cfe-94aa-8649b390cce2,0.218204414587332,0.0393474088291746,1042.0,13643,default,outlier,outlier,1.0,1.0,41.0,E,41,107,0.06524390243902439,10,8,7,0.4020009487092938,3
8910,3422d112-b56a-3d9e-b6d0-5c34476f7300,0.3078333333333333,0.5833333333333334,12.0,222,private_ip,outlier,outlier,1.0,1.0,7.0,E,7,9,0.21428571428571427,3,4,2,0.4019977655068149,3
1736,17646070-7bad-3426-b622-7da3a54f022c,0.0001338028169014,0.0070422535211267,142.0,2,default,outlier,outlier,135.0,1.0,1.0,E,1,1,0.0,1,1,1,0.401857784735506,2
1255,62e37d46-9587-3ffb-95e2-d644fc18dbd1,0.0001319444444444,0.0069444444444444,144.0,2,default,outlier,outlier,140.0,1.0,1.0,E,1,1,0.0,1,1,1,0.401857784735506,2
15003,24a3b887-62c1-3a97-b8cc-fc1c187ac30b,0.0001338028169014,0.0070422535211267,142.0,2,default,outlier,outlier,138.0,1.0,1.0,E,1,1,0.0,1,1,1,0.401857784735506,2
29298,95fe9127-b328-3a84-9297-1bfafea4ddc5,29.62975,0.005,200.0,355557,default,outlier,outlier,1.0,1.0,1.0,F,1,1,0.0,1,1,1,0.4017957476311358,1
32950,5b8f12bb-2e2e-33dd-8ba4-48663abd0150,29.93297,0.005,200.0,359196,default,outlier,outlier,1.0,1.0,1.0,F,1,1,0.0,1,1,1,0.4017957476311358,1
15405,96ade05e-2dcb-3d20-b5d2-047a858d4b0e,0.3562505592841163,0.0231170768083519,1341.0,28664,default,outlier,outlier,2.0,1.0,31.0,E,31,76,0.08172043010752689,7,10,5,0.40171186827545463,3
16514,35f9d000-483a-3200-b611-9a70664d00a8,8.453355263157896,0.331578947368421,190.0,96369,default,outlier,outlier,1.0,1.0,63.0,E,63,111,0.028417818740399385,13,8,5,0.401569252738705,3
14844,7e236135-3720-3d3c-905d-9e34ceb69c5f,430.15325,0.5,4.0,103237,default,outlier,outlier,1.0,1.0,2.0,E,2,2,1.0,2,1,1,0.401543638511366,2
30270,7a139683-d27b-3082-bf69-dc2392d3cc7a,0.4721597337770383,0.0715474209650582,46.23076923076923,17027,default,Normal,normal,18.0,13.0,43.0,F,43,71,0.039313399778516056,7,16,7,0.40147984033825945,2
13579,f80257e1-f32c-3474-9f9b-51cbac9b8ce8,1.6884833333333331,0.1962962962962963,270.0,27354,default,outlier,outlier,1.0,1.0,53.0,E,53,124,0.04499274310595065,20,12,5,0.40146965577682064,3
5179,7c5d2234-d01b-3f49-817a-d91ab185760e,595.90575,0.375,8.0,286035,default,outlier,outlier,1.0,1.0,3.0,E,3,3,0.5,2,2,1,0.4013812722271149,2
13405,ad146618-cfe8-36dd-8e5a-2f434ec787ac,0.4848917647058823,0.12,425.0,12365,default,outlier,outlier,2.0,1.0,51.0,E,51,124,0.04862745098039216,18,12,6,0.4013212571199422,3
29817,e9a825f6-d48d-32f4-a360-9af07941981d,0.281853982300885,0.0730088495575221,12.216216216216216,7644,default,Normal,normal,46.0,37.0,33.0,F,33,57,0.05397727272727273,7,12,7,0.40130952831194877,2
5300,dec16a04-1378-350b-8197-78eb528e6ca9,0.0001240875912408,0.0072992700729927,137.0,2,default,outlier,outlier,134.0,1.0,1.0,E,1,1,0.0,1,1,1,0.40129517404651827,2
11646,edfddcb4-ff89-3022-b77d-eb0d9544c5e6,2.244117647058824,0.5294117647058824,17.0,2289,private_ip,outlier,outlier,1.0,1.0,9.0,E,8,9,0.16071428571428573,3,4,1,0.4012783610601108,3
24199,b06cd7f9-71d4-330b-a8cf-78c0316dbb2e,5.6466925,0.005,200.0,135521,default,Normal,normal,1.0,2.0,2.0,F,2,3,1.5,2,2,2,0.4012194368620263,2
8595,001b2fdf-d13a-3f9c-9d5d-ab76a96b8565,2.2519310344827588,0.4482758620689655,29.0,3919,private_ip,outlier,outlier,1.0,1.0,13.0,E,12,18,0.13636363636363635,6,4,3,0.4010787807276881,3
30365,9158a0fc-744d-381f-81c8-0f851fff706b,0.3591070381231672,0.0381231671554252,28.416666666666668,14695,default,Normal,normal,45.0,24.0,26.0,F,26,59,0.09076923076923077,10,8,11,0.40106632210700666,2
22932,a8881b4a-2a34-3fde-92a6-23059e19a988,0.001826714801444,0.01985559566787,9.551724137931034,61,default,Normal,normal,62.0,58.0,11.0,F,11,16,0.14545454545454545,4,6,5,0.4010126594980152,2
3398,29c4d323-4ea8-38b8-ab3d-f535ed6afcf6,0.0001470588235294,0.0073529411764705,136.0,2,default,outlier,outlier,128.0,1.0,1.0,E,1,1,0.0,1,1,1,0.4008577783021521,2
6322,6ddcd29a-c04d-3e78-9d21-43dadf128067,0.0001259259259259,0.0074074074074074,135.0,2,default,outlier,outlier,122.0,1.0,1.0,E,1,1,0.0,1,1,1,0.4008577783021521,2
6551,faf9563a-760a-3fb4-a2df-c35421d26af4,55.4225175879397,0.0854271356783919,199.0,661745,default,outlier,outlier,1.0,1.0,17.0,E,17,32,0.11764705882352941,6,9,4,0.400802248051251,2
16684,21f4b4e7-ce7a-3b4d-b98e-00347b37b526,30.77556989247312,0.2311827956989247,186.0,343456,default,outlier,outlier,1.0,1.0,43.0,E,42,72,0.041811846689895474,10,10,2,0.4007078082797666,3
1126,f07dd9ac-82b5-3b11-b242-5a91faa943ce,41.52799,0.14,200.0,498336,default,outlier,outlier,1.0,1.0,28.0,E,28,65,0.08597883597883597,7,8,7,0.4006074456130303,3
16827,f68414b2-6328-3e6a-99be-21e713057bc7,0.0029473684210526,0.5263157894736842,19.0,4,private_ip,outlier,outlier,3.0,1.0,10.0,E,8,9,0.16071428571428573,4,2,1,0.4006060505934545,3
1319,00573392-d2de-3ca7-8455-643ba0ac8feb,3.5032232142857143,0.2857142857142857,224.0,47084,default,outlier,outlier,1.0,1.0,64.0,E,64,124,0.030753968253968252,12,6,7,0.4005739108281827,3
3739,d935229e-9f20-3acd-b637-f0e2993f3555,5.99878947368421,0.5789473684210527,19.0,6839,private_ip,outlier,outlier,1.0,1.0,11.0,E,11,15,0.13636363636363635,5,3,2,0.4005566701138373,3
26508,fe05bafa-94bf-3cde-b79b-3dcc3d4450bc,1.9649271255060727,0.0668016194331983,164.66666666666666,58241,default,Normal,normal,1.0,3.0,33.0,F,33,90,0.08522727272727272,11,18,8,0.4004993337472735,2
966,2de0247c-0c98-3c79-a643-2dacaf653a7c,21.56065803108808,0.2694300518134715,193.0,249673,default,outlier,outlier,1.0,1.0,52.0,E,52,94,0.03544494720965309,6,7,8,0.4004868695900452,2
13925,1e23fe54-b32f-3d5e-8d79-670ba4600541,0.2295,0.875,8.0,111,private_ip,outlier,outlier,1.0,1.0,7.0,E,7,7,0.16666666666666666,2,2,1,0.40045549673960584,3
10899,a9d6301f-7fd3-332f-b383-23410bdb68ae,0.7403,0.7,10.0,445,private_ip,outlier,outlier,1.0,1.0,7.0,E,7,9,0.21428571428571427,3,3,0,0.4003781943407829,3
18905,b0da5858-e27c-3a46-b661-ccae7f1b2b18,0.0787896995708154,0.1373390557939914,5.974358974358975,1102,default,Normal,normal,49.0,39.0,32.0,F,32,64,0.06451612903225806,8,10,9,0.40016317281523395,1
30253,38de7b5d-8b97-3f1c-8479-1fa739334eec,0.2332684948979592,0.034438775510204,98.0,10973,default,Normal,normal,35.0,8.0,27.0,F,27,147,0.2094017094017094,11,10,7,0.40007592048388974,2
25243,920c63c3-6487-3cef-8d6e-31ec79642f53,0.0053659574468085,0.0212765957446808,27.32558139534884,379,default,Normal,normal,52.0,43.0,25.0,F,25,46,0.07666666666666666,5,9,8,0.4000711581508012,1
28563,2e669ea0-9199-3ccf-b7ea-556e08c91c54,0.0004325396825396,0.0317460317460317,2.135593220338983,4,default,Normal,normal,60.0,59.0,4.0,F,4,4,0.3333333333333333,2,3,1,0.3998934850264926,2
32348,0b9f2158-fa25-3b93-a98a-3a3d4567aaa4,0.3969426807760141,0.0493827160493827,81.0,13504,default,Normal,normal,30.0,7.0,28.0,F,28,146,0.1931216931216931,10,12,4,0.399841416554299,2
5614,79a9173f-8b61-3436-9dd6-916e9ed488e4,6.129111111111111,0.5555555555555556,9.0,3310,private_ip,outlier,outlier,1.0,1.0,5.0,E,5,5,0.25,2,2,1,0.39979941158749854,3
13022,233062b4-8acf-3e94-9509-4eae249f264d,6.806294117647059,0.2179930795847751,289.0,118022,default,outlier,outlier,1.0,1.0,63.0,E,63,113,0.028929851510496672,7,7,10,0.3997226202824299,3
23296,cf43ddf0-82fb-3f93-bf36-0d2618ec6a2f,0.4406555209953344,0.0684292379471228,49.46153846153846,17001,default,Normal,normal,16.0,13.0,44.0,F,44,71,0.037526427061310784,8,15,6,0.39961984499515874,2
13822,f8366336-fe5d-3db3-96cb-d899c70292f4,0.1098928571428571,0.4285714285714285,28.0,185,private_ip,outlier,outlier,1.0,1.0,12.0,E,12,16,0.12121212121212122,2,4,0,0.3995827942313505,3
22240,6efa3c90-9d69-3e2c-ac51-10fc14efcc1a,0.0030354838709677,0.0296774193548387,14.62264150943396,142,default,Normal,normal,62.0,53.0,23.0,F,23,38,0.07509881422924901,4,10,5,0.3995671863947505,2
6705,ea8d85a6-6a65-35a4-9a88-432636bd6d36,1.5248333333333333,0.4444444444444444,18.0,1647,private_ip,outlier,outlier,1.0,1.0,8.0,E,8,12,0.21428571428571427,4,4,1,0.39947945329356543,3
23643,418988e4-48b4-3b0e-aea0-bf2e0ed8c4c8,0.0185364705882352,0.0635294117647058,11.18421052631579,473,default,Normal,normal,46.0,38.0,27.0,F,27,43,0.06125356125356125,6,12,9,0.3993961750921119,2
6171,9656731d-f8ca-3aca-9823-ad0c57b3fcaf,0.4223181818181818,0.1657754010695187,374.0,9477,default,outlier,outlier,2.0,1.0,62.0,E,62,126,0.033315705975674244,14,11,7,0.39926509662519616,3
13625,9cc5c700-d97a-3cc0-b6d5-b260ff7a434c,3.8803207547169816,0.2075471698113207,53.0,12340,private_ip,outlier,outlier,1.0,1.0,11.0,E,11,15,0.13636363636363635,4,3,1,0.3992472856828724,2
17771,dc49334b-af92-366a-af0f-b5f85856938a,1.2606206896551724,0.5517241379310345,29.0,2194,private_ip,outlier,outlier,1.0,1.0,16.0,E,15,20,0.09523809523809523,6,3,2,0.3990634489265591,3
21529,760c1ed6-eef9-37ff-9122-90c7d0bdfc6c,0.0255743243243243,0.1283783783783783,8.222222222222221,455,default,Normal,normal,48.0,36.0,38.0,F,38,61,0.04338549075391181,9,8,6,0.3990470631273785,2
17235,b5bb60e6-eae6-3176-b2e9-e266972dd4b6,4.874034482758621,0.4827586206896552,29.0,8481,private_ip,outlier,outlier,1.0,1.0,14.0,E,14,20,0.10989010989010989,6,4,1,0.3990224688018201,3
17235,b5bb60e6-eae6-3176-b2e9-e266972dd4b6,4.874034482758621,0.4827586206896552,29.0,8481,private_ip,outlier,outlier,1.0,1.0,14.0,E,14,20,0.10989010989010989,6,4,1,0.3990224688018201,3
17237,b5bb60e6-eae6-3176-b2e9-e266972dd4b6,4.874034482758621,0.4827586206896552,29.0,8481,private_ip,outlier,outlier,1.0,1.0,14.0,E,14,20,0.10989010989010989,6,4,1,0.3990224688018201,3
17238,b5bb60e6-eae6-3176-b2e9-e266972dd4b6,4.874034482758621,0.4827586206896552,29.0,8481,private_ip,outlier,outlier,1.0,1.0,14.0,E,14,20,0.10989010989010989,6,4,1,0.3990224688018201,3
17236,b5bb60e6-eae6-3176-b2e9-e266972dd4b6,4.874034482758621,0.4827586206896552,29.0,8481,private_ip,outlier,outlier,1.0,1.0,14.0,E,14,20,0.10989010989010989,6,4,1,0.3990224688018201,3
17236,b5bb60e6-eae6-3176-b2e9-e266972dd4b6,4.874034482758621,0.4827586206896552,29.0,8481,private_ip,outlier,outlier,1.0,1.0,14.0,E,14,20,0.10989010989010989,6,4,1,0.3990224688018201,3
17235,b5bb60e6-eae6-3176-b2e9-e266972dd4b6,4.874034482758621,0.4827586206896552,29.0,8481,private_ip,outlier,outlier,1.0,1.0,14.0,E,14,20,0.10989010989010989,6,4,1,0.3990224688018201,3
17235,b5bb60e6-eae6-3176-b2e9-e266972dd4b6,4.874034482758621,0.4827586206896552,29.0,8481,private_ip,outlier,outlier,1.0,1.0,14.0,E,14,20,0.10989010989010989,6,4,1,0.3990224688018201,3
17237,b5bb60e6-eae6-3176-b2e9-e266972dd4b6,4.874034482758621,0.4827586206896552,29.0,8481,private_ip,outlier,outlier,1.0,1.0,14.0,E,14,20,0.10989010989010989,6,4,1,0.3990224688018201,3
17238,b5bb60e6-eae6-3176-b2e9-e266972dd4b6,4.874034482758621,0.4827586206896552,29.0,8481,private_ip,outlier,outlier,1.0,1.0,14.0,E,14,20,0.10989010989010989,6,4,1,0.3990224688018201,3
17238,b5bb60e6-eae6-3176-b2e9-e266972dd4b6,4.874034482758621,0.4827586206896552,29.0,8481,private_ip,outlier,outlier,1.0,1.0,14.0,E,14,20,0.10989010989010989,6,4,1,0.3990224688018201,3
17238,b5bb60e6-eae6-3176-b2e9-e266972dd4b6,4.874034482758621,0.4827586206896552,29.0,8481,private_ip,outlier,outlier,1.0,1.0,14.0,E,14,20,0.10989010989010989,6,4,1,0.3990224688018201,3
17236,b5bb60e6-eae6-3176-b2e9-e266972dd4b6,4.874034482758621,0.4827586206896552,29.0,8481,private_ip,outlier,outlier,1.0,1.0,14.0,E,14,20,0.10989010989010989,6,4,1,0.3990224688018201,3
17236,b5bb60e6-eae6-3176-b2e9-e266972dd4b6,4.874034482758621,0.4827586206896552,29.0,8481,private_ip,outlier,outlier,1.0,1.0,14.0,E,14,20,0.10989010989010989,6,4,1,0.3990224688018201,3
17237,b5bb60e6-eae6-3176-b2e9-e266972dd4b6,4.874034482758621,0.4827586206896552,29.0,8481,private_ip,outlier,outlier,1.0,1.0,14.0,E,14,20,0.10989010989010989,6,4,1,0.3990224688018201,3
17237,b5bb60e6-eae6-3176-b2e9-e266972dd4b6,4.874034482758621,0.4827586206896552,29.0,8481,private_ip,outlier,outlier,1.0,1.0,14.0,E,14,20,0.10989010989010989,6,4,1,0.3990224688018201,3
4279,6cd8aaed-c835-37a9-b07d-723bb3aa154d,0.3787133182844243,0.1083521444695259,443.0,10067,default,outlier,outlier,1.0,1.0,48.0,E,48,151,0.06693262411347518,9,14,10,0.3989344520794046,3
17250,d7c264fb-f944-3e34-b454-38b20f3f516a,0.777269113149847,0.1681957186544342,327.0,15251,default,outlier,outlier,2.0,1.0,55.0,E,54,114,0.039832285115303984,18,12,8,0.3989258527841054,3
13309,97dae7f1-4c96-36eb-a66b-2cc24b7ba70c,0.8101111111111111,0.7777777777777778,9.0,438,private_ip,outlier,outlier,1.0,1.0,7.0,E,7,7,0.16666666666666666,2,3,0,0.398825603271157,3
15291,0dc040c0-7464-33ce-b719-6887f4bd079c,4.001131868131868,0.3406593406593406,182.0,43693,default,outlier,outlier,2.0,1.0,62.0,E,62,109,0.028820729772607086,6,5,11,0.39880838836382215,3
19922,211da492-e4ee-3d41-9233-0ef35cf225dc,2.444503267973856,0.1176470588235294,102.0,44882,default,Normal,normal,2.0,3.0,36.0,F,36,90,0.07142857142857142,9,19,10,0.39843052930324446,3
19408,d9e14c87-d330-3616-a3b2-53a45e2db959,0.6076612377850162,0.0374592833876221,25.58333333333333,22387,default,Normal,normal,36.0,24.0,23.0,F,23,54,0.1067193675889328,11,8,9,0.39842999712053717,2
13281,23f014ef-a6c7-3e31-aedf-d3c555665a9f,0.0001294964028776,0.0071942446043165,139.0,2,default,outlier,outlier,132.0,1.0,1.0,E,1,1,0.0,1,1,1,0.398425988261495,2
5303,e830a51d-b998-342b-91bb-e92d66b2aa8c,0.0001258741258741,0.0069930069930069,143.0,2,default,outlier,outlier,133.0,1.0,1.0,E,1,1,0.0,1,1,1,0.398425988261495,2
7315,d322fcad-348a-3698-8d9d-99e883745ffa,0.000127659574468,0.0070921985815602,141.0,2,default,outlier,outlier,132.0,1.0,1.0,E,1,1,0.0,1,1,1,0.398425988261495,2
16568,ed002530-8b26-3fa2-83c2-491084fd0dc9,0.0001292517006802,0.0068027210884353,147.0,2,default,outlier,outlier,126.0,1.0,1.0,E,1,1,0.0,1,1,1,0.398425988261495,2
4668,14c8950d-eb24-37da-a525-7372607ccdc4,0.0001301369863013,0.0068493150684931,146.0,2,default,outlier,outlier,132.0,1.0,1.0,E,1,1,0.0,1,1,1,0.398425988261495,2
19126,39df4012-9483-39c9-95dd-22825000285d,0.0039815498154981,0.1402214022140221,10.84,65,default,Normal,normal,33.0,25.0,38.0,F,38,62,0.044096728307254626,5,14,8,0.3983232211721653,2
3791,84b66762-2411-3e87-a8f0-603ecccd8a58,0.3308333333333333,0.8333333333333334,6.0,120,private_ip,outlier,outlier,1.0,1.0,5.0,E,5,5,0.25,2,2,1,0.3983091277660194,3
661,a4ffcab8-0a5f-3b13-8446-ba387441c293,1.559090909090909,0.5454545454545454,22.0,2058,private_ip,outlier,outlier,1.0,1.0,12.0,E,12,16,0.12121212121212122,5,4,2,0.398245377102735,3
14149,33e6b308-1d90-3070-b970-7f7b235f490f,19.00016,0.255,200.0,228002,default,outlier,outlier,1.0,1.0,51.0,E,51,107,0.04196078431372549,11,11,6,0.39822434963633235,3
15425,f5c7e73a-ab82-33e2-9158-1a8d9e4659ae,2.1725876623376625,0.1688311688311688,308.0,40150,default,outlier,outlier,2.0,1.0,52.0,E,52,120,0.04524886877828054,18,13,6,0.3982209086611902,3
12896,a1395398-cc83-3528-b254-95315206c63b,1.1683157894736842,0.7368421052631579,19.0,1332,private_ip,outlier,outlier,1.0,1.0,14.0,E,14,16,0.08791208791208792,3,3,0,0.39818559168301815,3
11102,efc81868-3693-3b84-ad5c-2ab60f5e2965,2.5932375000000003,0.1575,400.0,62238,default,outlier,outlier,1.0,1.0,63.0,E,63,129,0.03302611367127496,13,8,8,0.3981841965831125,3
11303,1c19620c-4a38-3cf7-9c43-245166500db7,0.6080758807588076,0.1463414634146341,369.0,13463,default,outlier,outlier,2.0,1.0,54.0,E,54,145,0.0506638714185884,16,10,8,0.39816720259274785,3
32775,34b011c7-1c77-36be-8832-39bdaffd560f,801.8088,0.8,5.0,240543,default,outlier,outlier,1.0,1.0,4.0,F,4,4,0.3333333333333333,1,2,1,0.3981132980755995,2
1647,ff1ec9ff-5471-3441-8274-91cd86cfeee6,7.669334355828221,0.3803680981595092,163.0,75007,default,outlier,outlier,1.0,1.0,62.0,E,62,106,0.028027498677948175,13,7,6,0.39808701761155396,3
30660,156308a0-ebfd-399a-b8d1-6060c25c743a,0.4128316519546027,0.0542244640605296,56.642857142857146,19643,default,Normal,normal,18.0,14.0,43.0,F,43,72,0.03986710963455149,8,14,9,0.39802036395486445,2
32744,d1adc57f-e861-3c06-a219-bd3c2efd3f41,650.0336,0.6,5.0,195011,default,outlier,outlier,1.0,1.0,3.0,F,3,3,0.5,1,2,1,0.39798670272853764,2
33231,ab2093d5-2d8e-3925-93da-3d7f61ede464,680.2065,0.6666666666666666,6.0,244875,default,outlier,outlier,1.0,1.0,4.0,F,4,3,0.25,1,3,0,0.3979573364630925,2
30046,ac6f929e-3f00-3d7d-a0ff-1d21d3b3226c,327.7480625,0.25,4.0,157320,default,Normal,normal,2.0,2.0,2.0,F,2,2,1.0,2,1,1,0.3978977804812472,2
31140,91b32ba2-2447-35ce-9af6-60dcb1d084fa,0.4805335664335664,0.0629370629370629,89.375,20615,default,Normal,normal,16.0,8.0,45.0,F,45,77,0.03888888888888889,9,15,7,0.39777444057400385,2
9919,085819ad-cbec-31a4-9805-8243e88c1cef,0.0493761467889908,0.1896024464831804,327.0,969,default,outlier,outlier,4.0,1.0,62.0,E,62,131,0.034637757800105765,13,8,8,0.3977261320246742,3
19017,0feaee8f-10bf-39b1-8740-e6e68f35fd74,760.1331666666666,0.6666666666666666,6.0,273648,default,outlier,outlier,1.0,1.0,4.0,F,4,4,0.3333333333333333,1,2,0,0.3975695992770464,2
23979,212d2bae-ecda-3076-ac25-e6cf23b9f6e8,553.1962307692307,0.4615384615384615,13.0,431494,default,outlier,outlier,1.0,1.0,6.0,F,6,7,0.23333333333333334,2,3,1,0.39752334209073503,2
5344,702ee894-1086-37e2-ba81-2f1ea73e70f9,15.05512,0.56,25.0,22583,private_ip,outlier,outlier,1.0,1.0,14.0,E,13,18,0.11538461538461539,4,3,2,0.3974752016570303,3
30805,a162aa50-593f-3714-938d-ab1f624a6298,0.293551130247578,0.0441334768568353,51.61111111111112,16363,default,Normal,normal,21.0,18.0,41.0,F,41,73,0.04451219512195122,8,14,8,0.39735102891621477,2
2098,2adc00c1-79bc-3c3b-aa98-13b6c2864693,0.0024530120481927,0.0939759036144578,27.666666666666668,62,default,Googlebot/2.1,bot,63.0,15.0,39.0,E,39,79,0.053306342780026994,8,10,11,0.3972284437524652,2
24678,8c712e84-0158-3210-b2b0-e35ed636b2f2,0.0028117283950617,0.0169753086419753,11.571428571428571,110,default,Normal,normal,56.0,56.0,11.0,F,11,17,0.15454545454545454,3,8,4,0.3972165133480108,2
9661,0804b87f-65d6-30ef-81ef-bb5e88968243,9.48775076923077,0.1507692307692307,325.0,185012,default,outlier,outlier,1.0,1.0,49.0,E,49,116,0.04931972789115646,14,9,8,0.39720845453023174,3
16012,6bef89d9-92ca-3571-aca6-160f18efa3ee,1.1591545623836128,0.0595903165735568,537.0,37348,default,outlier,outlier,1.0,1.0,32.0,E,32,117,0.11794354838709678,14,11,9,0.3971945736663146,3
3894,900a0872-01f7-3f1b-bedc-15b33c1ca89c,1.6165208333333332,0.3333333333333333,24.0,2328,private_ip,outlier,outlier,2.0,1.0,8.0,E,8,11,0.19642857142857142,3,2,1,0.3970874106849665,3
11528,bbbffd1d-8874-30b4-9acf-b10b1d9f3cd3,9.991702702702703,0.3783783783783784,37.0,22182,private_ip,outlier,outlier,1.0,1.0,14.0,E,14,20,0.10989010989010989,3,3,2,0.39708417659470574,2
1347,58fe89fa-0fa5-3f9b-9c64-7bd271e0446a,0.5168529411764706,0.3529411764705882,34.0,1055,private_ip,outlier,outlier,1.0,1.0,12.0,E,12,21,0.1590909090909091,5,3,1,0.3970696613352347,3
9094,96733386-f4cd-3cf3-b1a0-222329c0eab1,1.9977316513761467,0.2706422018348624,218.0,26131,default,outlier,outlier,2.0,1.0,59.0,E,59,121,0.035359438924605496,14,13,6,0.3970172913416347,3
26284,6d4930f3-17ce-345d-adad-978a5c112617,589.58575,0.375,8.0,283002,default,outlier,outlier,1.0,1.0,3.0,F,3,3,0.5,2,1,1,0.3970145905007245,2
8612,2c5817cb-1f49-30bd-9e98-68b4cdc8d12e,7.588481481481482,0.3703703703703703,27.0,12294,private_ip,outlier,outlier,1.0,1.0,10.0,E,9,12,0.16666666666666666,3,4,1,0.396947782618602,3
32999,cf6994c5-61f5-37e4-966d-afc37871c3db,0.1789318181818182,0.0578512396694214,11.255813953488373,5197,default,Normal,normal,47.0,43.0,28.0,F,28,43,0.056878306878306875,6,12,6,0.3967815282215956,2
1345,50842501-10f8-343c-9f34-f78518bc0ef2,0.3516158301158301,0.2046332046332046,259.0,5465,default,outlier,outlier,3.0,1.0,53.0,E,53,105,0.038098693759071114,17,14,4,0.39671614286291884,3
6056,82930ad2-16d0-3738-bfd1-f2273fca480b,2.1882985074626866,0.154228855721393,402.0,52782,default,outlier,outlier,2.0,1.0,62.0,E,62,132,0.034902168164992066,11,7,10,0.39666921440719416,3
3530,9c029fdc-02e0-3458-9d4e-7cdd5a15ec3e,1.1983199999999998,0.48,25.0,1798,private_ip,outlier,outlier,1.0,1.0,12.0,E,11,16,0.14545454545454545,5,3,2,0.39632445110062997,3
15966,ea3a5166-7c01-34d9-affb-efbe4b75d311,2.4573,0.2269230769230769,260.0,38334,default,outlier,outlier,1.0,1.0,59.0,E,59,128,0.037405026300409115,9,13,11,0.3963208130488597,3
24919,5dfbca7e-637c-34a3-a3b6-c876b7717c62,0.4634494535519125,0.0546448087431694,45.75,20355,default,Normal,normal,18.0,16.0,40.0,F,40,72,0.046153846153846156,10,15,7,0.39625498757174216,2
1330,28bd0d4f-40f1-3b4b-a0d2-092778d62647,0.000338028169014,0.1901408450704225,284.0,6,default,outlier,outlier,22.0,1.0,54.0,E,54,91,0.03179594689028651,7,10,13,0.3961067441727075,4
33923,a451ae37-2caf-3856-b4ff-fe4f31919ed0,1.5669484126984128,0.0654761904761904,168.0,47385,default,Normal,normal,1.0,3.0,33.0,F,33,93,0.08806818181818182,10,20,6,0.39603840325669404,3
15005,2c4bf1e7-4c08-3882-a265-f1f4a159ffd7,0.9971176470588236,0.4117647058823529,17.0,1018,private_ip,outlier,outlier,1.0,1.0,7.0,E,7,10,0.23809523809523808,3,3,1,0.39603150517667957,3
7773,d9b37f59-3d24-377e-aefb-0af9d19d060c,1.650815789473684,0.3684210526315789,38.0,3764,private_ip,outlier,outlier,1.0,1.0,14.0,E,14,19,0.1043956043956044,4,5,1,0.3960183502675633,3
25841,79d4a614-c6e9-370c-bf16-2f4178317b90,133.6147875,0.05,80.0,641351,default,outlier,outlier,1.0,1.0,4.0,F,4,6,0.5,2,3,2,0.3959414270446182,2
27537,fa1bec95-07b7-32e2-b049-13075e579f75,0.3673142857142857,0.0476190476190476,60.0,18513,default,Normal,normal,15.0,14.0,40.0,F,40,75,0.04807692307692308,8,16,8,0.39590275235146394,2
15019,4ae81d30-c939-3f50-a6e4-806e13104fa5,14.379562130177517,0.3372781065088757,169.0,145809,default,outlier,outlier,1.0,1.0,57.0,E,57,98,0.03070175438596491,11,8,6,0.39582491746987863,2
22514,e465d9b0-6493-3ea3-83e7-a8ff2c268b96,0.1586112828438949,0.0664605873261205,46.21428571428572,6158,default,Normal,normal,27.0,14.0,43.0,F,43,111,0.061461794019933555,8,8,10,0.3957935864692056,2
5700,9b32e8c9-6048-37ac-bf8a-0226863a851d,29.699149253731346,0.0049751243781094,201.0,358172,default,outlier,outlier,1.0,1.0,1.0,E,1,1,0.0,1,1,1,0.395757587814236,1
14803,1417ee6e-f19e-3472-bbdb-fa4c7dc0311c,70.34766499999999,0.045,200.0,844172,default,BingPreview/1.0b;bingbot/2.0;unknown,bot,1.0,1.0,9.0,E,9,13,0.18055555555555555,4,4,2,0.3957253283612158,2
12044,6e5ec6f9-e350-3555-81d3-7cbaad708788,399.8,0.4,5.0,119940,default,outlier,outlier,1.0,1.0,2.0,E,2,2,1.0,1,2,1,0.3957105505309322,2
27078,a0543f73-977f-37b0-a443-7e4774ea2452,0.2377616279069767,0.0620155038759689,103.2,7362,default,Normal,normal,21.0,5.0,32.0,F,32,144,0.14516129032258066,11,12,5,0.3956909092381565,2
12060,a0624b9e-39fc-3c72-8f52-5dd82fa08066,0.4477777777777778,0.7777777777777778,9.0,242,private_ip,outlier,outlier,1.0,1.0,7.0,E,7,8,0.19047619047619047,3,2,1,0.3956823764283457,3
6064,91908aff-c1ab-306f-b300-0faf3e3d1779,0.0001666666666666,0.0079365079365079,126.0,2,default,outlier,outlier,125.0,1.0,1.0,E,1,1,0.0,1,1,1,0.39546729628718436,2
8255,523ac095-08c0-3be1-a283-4245a0f975dc,0.000140625,0.0078125,128.0,2,default,outlier,outlier,124.0,1.0,1.0,E,1,1,0.0,1,1,1,0.39546729628718436,2
1494,f0555df6-5028-37f9-987a-4849d4afd35e,0.0001283783783783,0.0067567567567567,148.0,2,default,outlier,outlier,118.0,1.0,1.0,E,1,1,0.0,1,1,1,0.395245108197815,2
1223,099458c8-9db6-3238-8bec-4e65cac5afd2,1.7000652173913042,0.1,460.0,46922,default,outlier,outlier,1.0,1.0,46.0,E,46,131,0.06328502415458938,18,9,7,0.3951046194987169,3
3847,174394cb-5c76-3374-867e-d0b8c890a500,0.7919253611556983,0.0513643659711075,623.0,29603,default,outlier,outlier,1.0,1.0,32.0,E,32,116,0.11693548387096774,12,12,9,0.39510170615041196,3
8928,7404ff0e-dde8-3599-8a8a-386b81a8e132,0.0004187116564417,0.1380368098159509,326.0,9,default,outlier,outlier,46.0,1.0,45.0,E,45,85,0.04292929292929293,8,10,13,0.3949908855794898,2
22811,69cb3bd8-7f4d-3954-8498-abc9b1528366,1.3676703577512777,0.024701873935264,391.3333333333333,96339,default,Normal,normal,9.0,3.0,29.0,F,29,105,0.12931034482758622,10,10,5,0.3948941228492034,2
26895,4a6697aa-32dd-3b3c-8909-fb9f646d206b,153.7320806451613,0.1612903225806451,62.0,571884,default,outlier,outlier,1.0,1.0,10.0,F,10,17,0.18888888888888888,3,5,5,0.394863914510705,2
18430,007ac2f9-9c12-315e-bb2f-3eccb3dcd589,0.1855203389830508,0.0610169491525423,19.666666666666668,6568,default,Normal,normal,38.0,30.0,36.0,F,36,59,0.046825396825396826,8,14,7,0.39484368392383273,2
10385,26feb5db-94bd-360e-8595-56f6c64fd8f6,46.332868020304566,0.1675126903553299,197.0,547655,default,outlier,outlier,1.0,1.0,33.0,E,25,58,0.09666666666666666,7,6,0,0.39481202843763813,2
24013,8500d692-66c5-3536-900e-94c2192c432f,0.000535294117647,0.0352941176470588,2.023809523809524,3,default,Normal,normal,44.0,42.0,3.0,F,3,4,0.6666666666666666,2,2,3,0.3946842049236168,1
26198,8349a1e2-8054-3e7e-8647-ff3eae08a929,209.2447254901961,0.1176470588235294,51.0,640289,default,outlier,outlier,1.0,1.0,6.0,F,6,12,0.4,3,3,1,0.394550278523556,2
30833,fdcca1d0-e8f0-366b-ace0-1046d6b15b46,0.0019361904761904,0.0152380952380952,9.375,61,default,Normal,normal,56.0,56.0,8.0,F,8,14,0.25,3,7,2,0.39446997477874374,2
1294,b4603496-74bd-315f-9443-34404abca1e0,0.2672857142857143,0.7142857142857143,7.0,113,private_ip,outlier,outlier,1.0,1.0,5.0,E,5,5,0.25,2,2,0,0.39446766466176053,3
6354,bd57bd10-1e83-39d0-90ab-0edadbcc3f1b,2.735918032786885,0.3278688524590163,183.0,30041,default,outlier,outlier,1.0,1.0,60.0,E,60,118,0.03333333333333333,17,8,7,0.39446526647539915,3
14828,5560a422-d770-3ff0-84f1-21f1319ebe6e,0.974389432485323,0.0978473581213307,511.0,29875,default,outlier,outlier,2.0,1.0,50.0,E,50,121,0.04938775510204082,17,8,8,0.3944545680307282,3
5674,4d6f7383-b4ec-33ea-9c50-4f91ab5c9ce0,4.8847,0.7,10.0,2931,private_ip,outlier,outlier,1.0,1.0,7.0,E,7,7,0.16666666666666666,2,2,0,0.39439404121196275,3
1091,845b7e5f-3f3d-3e73-8abc-38ed1fb7dee1,0.8711428571428571,0.4285714285714285,35.0,1830,private_ip,outlier,outlier,1.0,1.0,15.0,E,15,22,0.10476190476190476,6,4,1,0.3943712483607168,3
26278,585bf7ba-5a75-348e-9f9d-9ccc6f36e844,0.749877694470478,0.0234301780693533,1067.0,48008,default,outlier,outlier,6.0,1.0,25.0,F,25,79,0.13166666666666665,7,7,4,0.39432204344536725,2
19592,3c892b79-ea23-3997-87e2-71b57e9b09f5,0.6242452068617559,0.0423814328960645,58.294117647058826,37118,default,Normal,normal,27.0,17.0,42.0,F,42,114,0.06620209059233449,7,10,8,0.394317552580908,2
19018,10276606-029d-33c9-b69f-789b4f20fdae,0.0162242562929061,0.0244088482074752,31.214285714285715,1277,default,Normal,normal,44.0,42.0,32.0,F,32,51,0.05141129032258065,4,9,6,0.3943032211085473,1
22692,0680ae03-8ec2-3335-a6b4-919b0468f622,1.423765748031496,0.1574803149606299,127.0,21699,default,Normal,normal,1.0,2.0,40.0,F,40,96,0.06153846153846154,13,18,7,0.3942914420706706,3
7913,852eb53b-1994-38d0-b234-541ab2a28b9c,1.205,0.5625,16.0,1157,private_ip,outlier,outlier,1.0,1.0,9.0,E,9,12,0.16666666666666666,3,2,2,0.3942727394956195,3
7481,c77dcfdf-97ec-3798-b005-5aa095e665cb,4.83744578313253,0.3734939759036144,166.0,48181,default,outlier,outlier,1.0,1.0,62.0,E,62,111,0.029349550502379692,14,8,6,0.39411856223612574,3
26088,4b32b37e-4898-3c5c-a12d-bbd8b9dcf65b,623.982625,0.75,8.0,299512,default,outlier,outlier,1.0,1.0,6.0,F,6,6,0.2,2,2,0,0.3940423173930725,2
9965,70c411fa-1dce-33f7-9e13-793dd3ba47bc,664.0491999999999,0.6,5.0,199215,default,outlier,outlier,1.0,1.0,3.0,E,3,3,0.5,2,2,1,0.39404118943506317,2
11851,153b6d88-da61-35b6-ab6a-60ceeee7756f,1.564786339754816,0.0858143607705779,571.0,53610,default,outlier,outlier,1.0,1.0,49.0,E,49,136,0.05782312925170068,14,10,8,0.3939909148496666,3
16325,fc7256f9-d33d-314d-b62c-b7b255246f4e,2.3897368421052634,0.4210526315789473,19.0,2725,private_ip,outlier,outlier,1.0,1.0,8.0,E,8,12,0.21428571428571427,4,4,1,0.3939856731032756,3
5509,35076501-debe-3d3f-9e93-589cc86b31c7,1.5809575,0.305,200.0,18972,default,outlier,outlier,2.0,1.0,61.0,E,61,109,0.029781420765027322,16,10,5,0.39391434634276934,3
8386,cb778203-0a88-3e89-a9a2-e12dd11e620a,2.94,0.5384615384615384,13.0,2294,private_ip,outlier,outlier,1.0,1.0,7.0,E,7,8,0.19047619047619047,3,2,1,0.39390796124159927,3
11674,330acaf4-07dc-37b4-a18f-753badd59e06,6.1276875,0.5625,16.0,5883,private_ip,outlier,outlier,1.0,1.0,9.0,E,8,10,0.17857142857142858,4,2,1,0.39389382509393656,3
13031,2db59230-1792-3a3b-96f0-bc4374ea1a7e,0.0017703488372093,0.0755813953488372,28.666666666666668,55,default,Googlebot/2.1,bot,66.0,18.0,39.0,E,39,84,0.05668016194331984,6,9,8,0.39386504857854754,2
5015,fd7241fb-8f03-3775-b60f-837fb1c7e733,0.1421033874382498,0.0134086097388849,1417.0,12082,default,outlier,outlier,1.0,1.0,19.0,E,19,48,0.14035087719298245,7,9,6,0.3937881562684573,3
23031,d1c03619-0efc-358c-9139-4909c2525262,600.521,0.75,4.0,144126,default,outlier,outlier,1.0,1.0,3.0,F,3,3,0.5,2,2,1,0.39371038630884125,2
1293,b1d0734f-cf42-3c1e-955f-b6ec52c6bf27,9.090909090909092e-05,0.0303030303030303,66.0,1,default,outlier,outlier,66.0,1.0,2.0,E,2,2,1.0,1,1,2,0.39369887674087556,1
19170,d1823adc-4bb7-3ee8-a205-bc7f87f28358,255.213,1.0,2.0,30626,default,outlier,outlier,2.0,1.0,2.0,F,2,2,1.0,1,1,2,0.3936869156440664,2
17472,76297e47-8297-3c78-9928-1fd0e43ec5b0,3.775047717842324,0.2448132780082987,241.0,54588,default,outlier,outlier,2.0,1.0,59.0,E,59,114,0.03331385154880187,14,13,8,0.3936412659785261,3
14154,4734f64a-cc42-3c99-979b-c8ebe0e53330,4.781456852791878,0.299492385786802,197.0,56517,default,outlier,outlier,1.0,1.0,59.0,E,59,114,0.03331385154880187,13,12,7,0.39363691181865357,3
17310,add0e8ac-18ff-3276-b791-90a4e7b80cc2,2.6844375,0.34375,32.0,5155,private_ip,outlier,outlier,1.0,1.0,11.0,E,11,16,0.14545454545454545,3,3,2,0.39359612977203723,2
8230,184a76a0-ea4a-3f3f-b8b9-b1e1ce83e7c5,1.496081081081081,0.4054054054054054,37.0,3322,private_ip,outlier,outlier,1.0,1.0,15.0,E,15,22,0.10476190476190476,3,4,1,0.3935737361904576,3
20166,1e3a4666-8fc4-3fdb-aa6f-b92bd8e26845,350.9840416666667,0.4166666666666667,24.0,505418,default,outlier,outlier,1.0,1.0,10.0,F,10,15,0.16666666666666666,3,4,2,0.3935692370903261,2
25585,bcf86f4c-c5e7-36d1-9d55-8892cf44a7a9,0.0222067307692307,0.1442307692307692,5.621621621621622,278,default,Normal,normal,46.0,37.0,30.0,F,30,43,0.04942528735632184,7,11,9,0.39353266920560903,1
32596,1c574354-6109-30ad-9cec-49faebaf2c5d,5.76923076923077e-05,0.0288461538461538,2.1666666666666665,1,default,Normal,normal,49.0,48.0,3.0,F,3,3,0.5,1,2,2,0.3934977852760392,1
20773,589cb901-eda2-391c-a059-ce7a45ee99a4,0.0028113425925925,0.0162037037037037,17.632653061224488,146,default,Normal,normal,61.0,49.0,14.0,F,14,28,0.15384615384615385,6,8,5,0.3934936679983294,1
15411,b08e7c1b-7673-3a0b-aef1-5b60716ca18d,12.082607142857142,0.5,28.0,20299,private_ip,outlier,outlier,1.0,1.0,14.0,E,14,18,0.0989010989010989,4,3,1,0.3932865356786436,2
78,172404e7-d9f2-314f-8cee-b1de1c8b64ab,0.0001439999999999,0.008,125.0,2,default,outlier,outlier,121.0,1.0,1.0,E,1,1,0.0,1,1,1,0.3931628532645199,2
7865,ec9da00d-9dea-3118-a0d3-33ffb2d3a074,1.0764761904761904,0.3809523809523809,21.0,1357,private_ip,outlier,outlier,1.0,1.0,8.0,E,8,10,0.17857142857142858,3,3,2,0.3930329840632608,3
17914,a0a9c740-ebac-38d7-aa2a-34e7317ed50f,0.1670914396887159,0.1828793774319066,32.125,2577,default,Normal,normal,16.0,8.0,47.0,F,47,86,0.039777983348751156,9,8,12,0.3930001585101766,2
11967,798de008-817e-3bb5-96ac-9ddd7bebb61c,0.4717416812609457,0.0665499124343257,571.0,16162,default,outlier,outlier,2.0,1.0,38.0,E,38,109,0.077524893314367,14,12,3,0.3929303823701586,3
11055,720fd297-ce43-3a27-b417-fd8fd239db5f,1.103021116138763,0.0739064856711915,663.0,43879,default,outlier,outlier,1.0,1.0,49.0,E,49,134,0.05697278911564626,12,10,7,0.3928797007936641,3
32352,15b361ce-7e0e-3708-be91-1be0a3881296,0.377593984962406,0.0582706766917293,133.0,12053,default,Normal,normal,23.0,4.0,31.0,F,31,147,0.15806451612903225,9,13,3,0.3928255072200881,2
9369,d7ee0817-dd81-328e-9177-5b5644c7bab3,0.1407647058823529,0.6470588235294118,17.0,144,private_ip,outlier,outlier,1.0,1.0,11.0,E,11,12,0.10909090909090909,2,2,0,0.39278574104845276,3
30839,1a3027c8-98c4-3f64-ade7-a1a3487e94dd,0.3965179437439379,0.034917555771096,343.6666666666667,24529,default,Normal,normal,15.0,3.0,36.0,F,36,123,0.09761904761904762,9,11,9,0.3927482417800625,2
13111,3fff3482-d15c-332f-b420-5e24b520fd63,2.516368421052632,0.2631578947368421,38.0,5738,private_ip,outlier,outlier,1.0,1.0,10.0,E,10,14,0.15555555555555556,4,3,1,0.3927317748063147,3
6681,a287b3d9-f762-311b-a6de-7c603b27d91c,359.5373333333333,0.6666666666666666,3.0,64717,default,BingPreview/1.0b;Mobile Safari,bot,1.0,1.0,2.0,E,2,2,1.0,2,1,1,0.392578473981972,2
5316,0fd8836e-3c29-3020-8d4d-8071d337f8c1,3.254692307692308,0.6923076923076923,13.0,2539,private_ip,outlier,outlier,1.0,1.0,9.0,E,9,11,0.1527777777777778,4,3,1,0.39254832874928713,3
16750,168e7244-5971-3c07-9713-9a77434ba79a,0.3024285714285714,0.7142857142857143,7.0,128,private_ip,outlier,outlier,1.0,1.0,5.0,E,5,5,0.25,2,3,1,0.39253168056199095,3
17104,3b83564b-cac7-3793-a58c-62c8fd900311,1.1826138996138995,0.0849420849420849,518.0,36756,default,outlier,outlier,1.0,1.0,44.0,E,44,116,0.0613107822410148,16,11,10,0.3923983496879556,3
17684,dbd4e50a-7d08-3b61-8e02-a20480e73c75,0.6242105263157894,0.7368421052631579,19.0,712,private_ip,outlier,outlier,1.0,1.0,14.0,E,14,15,0.08241758241758242,3,4,1,0.39239382289487695,3
33119,47abc87c-80c1-33f9-8177-b49a18fdbeb3,9.750305,0.01,200.0,117004,default,outlier,outlier,1.0,1.0,2.0,F,2,3,1.5,2,2,2,0.39235091446040393,2
23944,b001b332-e11a-36f8-85d9-21fcf9e6ea35,0.0033056438791732,0.0047694753577106,52.41666666666666,500,default,Normal,normal,40.0,48.0,12.0,F,12,30,0.22727272727272727,6,7,6,0.3922983498796375,1
26161,197c0796-646a-3306-bc61-5ca78f8d35fe,276.1261612903226,0.1290322580645161,31.0,513595,default,outlier,outlier,1.0,1.0,4.0,F,4,5,0.4166666666666667,2,3,1,0.392294480099296,2
16542,9ba944c5-675e-3542-967d-13235b483060,0.0001451612903225,0.0080645161290322,124.0,2,default,outlier,outlier,115.0,1.0,1.0,E,1,1,0.0,1,1,1,0.3922937100747578,2
4168,797760ba-d00c-3276-af7e-46918b4c75b2,0.000139344262295,0.0081967213114754,122.0,2,default,outlier,outlier,117.0,1.0,1.0,E,1,1,0.0,1,1,1,0.3922937100747578,2
8732,511499a4-8cac-3e46-b988-cdde625fca97,0.1846999999999999,0.7,10.0,111,private_ip,outlier,outlier,1.0,1.0,7.0,E,7,7,0.16666666666666666,2,4,1,0.39218028006199657,3
15294,13f06e53-c270-32c7-9bb0-28784e5a4b3a,2.637689655172414,0.4827586206896552,29.0,4590,private_ip,outlier,outlier,1.0,1.0,14.0,E,14,19,0.1043956043956044,5,4,1,0.39215681054279294,3
10259,e6e9d9d7-fd63-38c8-ba44-dfdbf9cf1b37,648.0605,1.0,2.0,77768,default,bingbot/2.0;unknown,bot,1.0,1.0,2.0,E,2,1,0.5,1,1,0,0.39204521038939394,2
18142,6b30c7a7-efab-3e1b-a492-34a6bf461d5b,0.0046181959564541,0.0248833592534992,13.978260869565217,179,default,Normal,normal,51.0,46.0,16.0,F,16,38,0.15833333333333333,5,7,8,0.39203529235944634,1
25469,7045a81b-405a-3f57-b5d0-ff94f0227025,0.8632049924357035,0.0650529500756429,73.44444444444444,34235,default,Normal,normal,10.0,9.0,43.0,F,43,66,0.036544850498338874,11,15,6,0.39199254723078847,2
13626,a0bccc25-8ca8-38ca-90b4-559d04064bc3,0.0015575427682737,0.0575427682737169,37.8235294117647,61,default,Googlebot/2.1,bot,88.0,17.0,37.0,E,37,73,0.054804804804804805,7,8,11,0.3918022183081222,2
32313,a5bbca6f-ce5f-31ae-bc72-0cf0524c966b,0.0026772277227722,0.0297029702970297,7.537313432835821,82,default,Normal,normal,70.0,67.0,15.0,F,15,18,0.08571428571428572,5,5,3,0.39174947687054923,2
32378,652bf045-88e2-379a-884c-3acd300bb148,0.2157531428571428,0.0274285714285714,41.66666666666666,11328,default,Normal,normal,37.0,21.0,24.0,F,24,64,0.11594202898550725,10,8,12,0.3917393879174587,2
26358,46487e42-6a74-3239-9a0d-b6bb68dbe37d,0.0351541425818882,0.0366088631984585,173.0,1095,default,Normal,normal,26.0,3.0,19.0,F,19,114,0.3333333333333333,10,11,1,0.39167746213360033,2
2883,24cc528b-ed9c-3e0c-a4f8-63d0430a38f0,0.6677105719237435,0.046793760831889,577.0,23117,default,outlier,outlier,1.0,1.0,27.0,E,27,100,0.14245014245014245,12,12,9,0.39160256539324473,3
25562,72473008-28e8-3077-ba94-05e121e876d1,0.0002746478873239,0.0422535211267605,2.1846153846153844,3,default,Normal,normal,68.0,65.0,6.0,F,6,7,0.23333333333333334,3,2,2,0.3915164418317858,2
10716,ecf1fcf5-2b84-3205-b852-8ebcc6ad02da,6.364388513513513,0.3986486486486486,148.0,56516,default,outlier,outlier,2.0,1.0,59.0,E,59,98,0.02863822326125073,13,10,4,0.39150595576038105,3
246,e64ffcd5-927d-3e41-89f6-57581616ff20,1.6707950391644908,0.1122715404699739,383.0,38395,default,outlier,outlier,1.0,1.0,43.0,E,43,117,0.06478405315614617,14,14,11,0.39141461829400315,3
22389,3f6a4fb4-a8fc-358d-9642-abdd73c75073,398.44875,0.5,4.0,95628,default,outlier,outlier,1.0,1.0,2.0,F,2,2,1.0,1,2,1,0.39123780807377234,2
29899,f56109b0-0515-3dbd-bdef-dbedb7c50fa0,0.0555143191116306,0.0128579777907656,34.22,5700,default,Normal,normal,44.0,50.0,22.0,F,22,45,0.09740259740259741,6,9,7,0.39121848655994945,1
28393,0b90f82b-1ef0-3978-8eb7-534d21722483,0.1999459459459459,0.1081081081081081,11.1,3995,default,Normal,normal,39.0,30.0,36.0,F,36,63,0.05,6,10,11,0.39099300302940654,2
12575,0a6d74e0-24e2-3074-8764-4c936245cd5a,0.4408402366863905,0.3550295857988165,169.0,4471,default,outlier,outlier,2.0,1.0,60.0,E,60,99,0.027966101694915254,16,9,5,0.3909183268900941,3
33436,327887bc-b705-31a9-ad10-f65425a7b81d,0.0062875243664717,0.037037037037037,9.679245283018869,194,default,Normal,normal,66.0,53.0,19.0,F,19,38,0.1111111111111111,7,6,5,0.3908906410742789,1
66,f1641cce-3cb2-3eab-ba35-45e767671b07,1.0083170731707318,0.3170731707317073,41.0,2481,private_ip,outlier,outlier,1.0,1.0,13.0,E,13,19,0.12179487179487179,3,4,1,0.3907343693003227,3
20184,64f9b7fb-eb16-3f1a-afdb-d837be3918e6,0.1300628768303187,0.0198105081826012,129.0,9061,default,Normal,normal,6.0,9.0,23.0,F,23,62,0.1225296442687747,10,13,12,0.3906458823359355,2
25945,c7dd4fbf-9635-31e2-b3f6-66f124a31318,0.0123440366972477,0.1788990825688073,7.032258064516129,162,default,Normal,normal,35.0,31.0,39.0,F,39,60,0.04048582995951417,6,7,7,0.3905985945550447,2
3269,aab84b37-0839-3cdb-bd6e-4fd92197559c,0.0001551724137931,0.0086206896551724,116.0,2,default,outlier,outlier,112.0,1.0,1.0,E,1,1,0.0,1,1,1,0.39055718685213425,2
2809,768e8077-7fcf-361a-a83c-d88394afc7f9,0.0001709401709401,0.0085470085470085,117.0,2,default,outlier,outlier,108.0,1.0,1.0,E,1,1,0.0,1,1,1,0.39055718685213425,2
2546,65aee66f-043f-3c44-875d-3b2e48492255,0.0001416666666666,0.0083333333333333,120.0,2,default,outlier,outlier,112.0,1.0,1.0,E,1,1,0.0,1,1,1,0.39055718685213425,2
24032,daf79549-4bda-3bb4-82c4-609d5d56d61c,0.5923586005830904,0.1253644314868804,22.866666666666667,12191,default,Normal,normal,24.0,15.0,43.0,F,43,71,0.039313399778516056,7,15,6,0.390475852786457,2
34202,4249c06f-52eb-31c5-98cf-9f14fb91aa03,758.4506666666666,1.0,3.0,136522,default,outlier,outlier,1.0,1.0,3.0,F,3,2,0.3333333333333333,1,1,0,0.39043578424980036,2
2659,8799f339-c0da-3a0b-a05f-adf79b3930a8,21.85510761589404,0.1357615894039735,302.0,396015,default,outlier,outlier,1.0,1.0,41.0,E,41,83,0.05060975609756098,6,6,7,0.39043194735719194,3
2864,f7482e9a-73bc-3c0d-92a8-5acd9b1a5329,2.3470526315789475,0.4736842105263157,19.0,2676,private_ip,outlier,outlier,1.0,1.0,9.0,E,9,11,0.1527777777777778,3,4,1,0.3904308569303381,3
28147,21180149-e2e3-3ede-be7b-98ea1d9e63e1,0.017340909090909,0.0833333333333333,6.285714285714286,275,default,Normal,normal,51.0,42.0,22.0,F,22,45,0.09740259740259741,6,6,9,0.3904045043559959,1
19711,c8bf2092-dd8d-3510-9102-65b54645a245,0.6066184210526315,0.0808270676691729,66.5,19364,default,Normal,normal,10.0,8.0,43.0,F,43,78,0.04318936877076412,11,14,10,0.3903818206377745,2
33413,fab4453f-4535-3cc7-b9f5-26d8ee72a96b,0.4237781217750258,0.0144478844169246,646.0,49277,default,Normal,normal,13.0,3.0,28.0,F,28,98,0.12962962962962962,8,8,6,0.3903586483358198,2
16790,7578b90b-2dcf-378c-8d82-8facce81ca73,0.78795,0.6,20.0,946,private_ip,outlier,outlier,1.0,1.0,12.0,E,11,16,0.14545454545454545,5,3,2,0.39035713582450204,3
24273,90c78c27-4a84-3efa-8a7d-b81b59a15dc7,1.327314207650273,0.1147540983606557,26.142857142857142,29148,default,Normal,normal,20.0,14.0,42.0,F,42,80,0.04645760743321719,6,15,7,0.39031362648618984,2
30697,5a4a84e6-7d06-326f-a937-e9252fe0f913,65.60315277777778,0.1666666666666666,144.0,566812,default,outlier,outlier,1.0,1.0,24.0,F,24,37,0.06702898550724638,4,6,5,0.3901917561357497,2
2131,903c878d-953d-3de3-9651-3a9103bf07b9,9.917382653061225,0.2857142857142857,196.0,116629,default,outlier,outlier,1.0,1.0,56.0,E,56,108,0.03506493506493506,14,7,9,0.39017260816280774,3
21372,addaabd1-eb02-3b7a-a2b4-6ea7a89ac60f,0.8982822477650063,0.053639846743295,87.0,42202,default,Normal,normal,13.0,9.0,42.0,F,42,70,0.04065040650406504,9,15,7,0.39014970976413044,2
29234,b01e0686-21fa-3160-8815-5f62fa3e4842,331.2283125,0.25,4.0,158990,default,Normal,normal,2.0,2.0,2.0,F,2,2,1.0,1,2,1,0.39010551364731083,2
16777,5ce77392-f419-3e23-80b3-8918026cba73,363.321,0.3333333333333333,6.0,130796,default,outlier,outlier,1.0,1.0,2.0,E,2,2,1.0,2,1,1,0.39004409196450085,2
33123,4e27bcbb-a447-3cdb-b7cc-fd03381549ef,98.69049404761904,0.0476190476190476,42.0,497401,default,Normal,normal,2.0,2.0,4.0,F,4,7,0.5833333333333334,2,3,3,0.389972738022877,2
14767,b042b48e-7fbb-35fc-ac2b-e576e57f64a0,4.03072,0.6,25.0,6047,private_ip,outlier,outlier,1.0,1.0,15.0,E,15,20,0.09523809523809523,5,4,2,0.38988117348218565,3
2335,06a5d6ed-388d-32ca-b545-b350242a62df,0.2335,0.75,8.0,113,private_ip,outlier,outlier,1.0,1.0,6.0,E,6,7,0.23333333333333334,2,2,1,0.38986583404968056,3
13096,07b4be55-87eb-3024-9650-dba178273b3f,6.579461764705882,0.3176470588235294,170.0,67111,default,outlier,outlier,2.0,1.0,54.0,E,54,102,0.03563941299790356,16,12,3,0.3898598918455587,3
23868,b25e3b71-6a2f-34a1-9ccc-98525e5fa962,0.2846101123595506,0.0831460674157303,15.344827586206897,7600,default,Normal,normal,34.0,29.0,37.0,F,37,60,0.04504504504504504,6,9,11,0.3897894176743683,2
1022,d675a828-20b5-30e5-a107-ffd8a1c20079,30.66217894736842,0.2368421052631578,190.0,349549,default,outlier,outlier,1.0,1.0,45.0,E,45,90,0.045454545454545456,9,8,4,0.38965223273613925,3
1646,fce98645-b04b-30fa-9758-97d77d3466a7,0.3859597156398104,0.0414691943127962,844.0,19545,default,outlier,outlier,1.0,1.0,35.0,E,35,136,0.11428571428571428,9,11,5,0.38960942193506126,3
26403,aee8df37-db4d-398b-bc2d-32faab1b7ec5,0.5514241666666667,0.0016666666666666,200.0,39703,default,Normal,normal,1.0,6.0,2.0,F,2,3,1.5,2,2,2,0.3895987814291264,2
15610,1ef84bba-00ec-361c-8cb1-ca2aaf835fd9,0.1285964028776978,0.0676258992805755,695.0,5363,default,outlier,outlier,4.0,1.0,47.0,E,47,79,0.03654024051803885,13,11,7,0.38944839619600946,3
31745,de963477-1210-375a-8ad6-b21085acadd2,16.156084999999997,0.015,200.0,193874,default,outlier,outlier,1.0,1.0,3.0,F,3,6,1.0,3,3,3,0.3894438002078536,1
8175,4468e181-02ba-3def-bdca-bc688cae3966,50.34173770491804,0.0327868852459016,61.0,184251,default,outlier,outlier,1.0,1.0,2.0,E,2,3,1.5,2,2,2,0.3894267258861059,2
18743,d858ef1a-e633-3fc6-a98f-237323b67785,0.0020936170212765,0.0234042553191489,8.545454545454545,60,default,Normal,normal,61.0,55.0,11.0,F,11,17,0.15454545454545454,4,6,5,0.38934767893399774,2
